HD_ID,Period,Science,Sequence,Dup_tar,Primary,GaiaDR3_ID,Ref_ID_1,Ref_ID_2,Ref_ID_3,Bayer_ID,Tycho_ID,2MASS_ID,ALLWISE,GaiaDR2_ID,GAIA EDR3,HD,Unnamed: 17,SpT,SpT_q,SpT_simple,Teff,e_teff,logg,e_logg,FeH_abs,FeH_rel,e_FeH_rel,vtur,e_vtur,vsini,teff_source,teff_bib_ref,logg_source,logg_bib_ref,feh_source,feh_bib_ref,vsini_source,vsini_bib_ref,Hpmag,e_Hpmag,BTmag,e_BTmag,VTmag,e_VTmag,Plx_HIP,PmRA_HIP,PmDEC_HIP,e_plx_HIP,tyc_notes,Jmag,Jcmsig,e_Jmag,Jsnr,Hmag,Hcmsig,e_Hmag,Hsnr,Kmag,Kcmsig,e_Kmag,Ksnr,Qflg,Cflg,Prox,2MASS_notes,ALLWISE_ID,W1mag,e_W1mag,W2mag,e_W2mag,W3mag,e_W3mag,W4mag,e_W4mag,snr1,snr2,snr3,snr4,sat1,sat2,sat3,sat4,ccf,qph,ALLWISE_confidence,J-K,BT-VT,W1-W4,W3-W4,RA_EDR3,DEC_EDR3,plx_EDR3,plx_corregido_EDR3,e_Plx_EDR3,PmRA_EDR3,PmDec_EDR3,Dup_EDR3,Gmag_EDR3,e_Gmag_EDR3,BP_mag_EDR3,e_BPmag_EDR3,RP_mag_EDR3,e_RPmag_EDR3,Dist_EDR3,Gaia_comment,RA,DEC,Plx_NO,Plx,e_Plx,PmRA,PmDEC,Dup,Gmag,e_Gmag,BPmag,e_BPmag,RPmag,e_RPmag,Dist_DR3,Gaia_comment.1,Unnamed: 122,Plx_alt,e_Plx_alt,alt_plx_source,rgeo,b_rgeo,B_rgeo,rpgeo,b_rpgeo,B_rpgeo,JSDC_LDD,e_JSDC_LDD,LDDCHI,CAlFlag,LDD_rel,Quality,Quality_reason,exclusion_reason,in_paper,Comments,l ,b,HD_ID,Dist,e_Dist,Dist_source,Bmag,e_Bmag,Vmag,e_Vmag,eb_v,A_V,extinction_method,A_Bmag,Bmag_dr,A_Vmag,Vmag_dr,A_Hpmag,Hpmag_dr,A_BTmag,BTmag_dr,A_VTmag,VTmag_dr,A_BPmag,BPmag_dr,A_RPmag,RPmag_dr,A_Gmag,Gmag_dr,V-K_calc,LDD_VK,e_LDD_VK,LDD_VW3,e_LDD_VW3,LDD_VW4,e_LDD_VW4,LDD_BV,e_LDD_BV,LDD_BV_feh,e_LDD_BV_feh,LDD_pred,e_LDD_pred,teff_casagrande,e_teff_casagrande
HD222368,104,True,Both,False,iotPsc,2.756363608023589e+18,,,,iotPsc,TYC  591-1744-1,2MASS J23395706+0537343,J233957.33+053729.9,2.756363608023336e+18,2.756363608023589e+18,HD222368,2MASS J23395706+0537343,F7V,C,F7V,6343.0,100.0,4.32,0.2,7.39,-0.06,0.1,,,3.0,,,,,,,,,4.2373,0.0006,4.718,0.013999999999999999,4.176,0.009000000000000001,72.51,376.32,-437.0,0.88,,3.299,0.28600000000000003,0.28600000000000003,1000000,2.988,0.24,0.24,1000000,2.946,0.28800000000000003,0.28800000000000003,665304.0,DDD,000,51.7,,J233957.33+053729.9,2.044,      , 1.669,      ,2.911,0.013000000000000001,2.859, 0.021,1.6,    1.6,81.9,51.4,0.23600000000000002, 0.214,0.096,0.0,0000,UUAA,,0.353,0.542,-0.815,0.052000000000000005,354.9893506001899,5.624351601227748,73.23703628604858,73.2786232860486,0.16977987,376.4966061507007,-436.7597624667563,False,4.0115120704456295,0.001370705,4.261436499999999,0.001830506,3.5563064,0.002602689,13.64654459,,354.9893506,5.624351601,73.237,73.237,0.1698,376.497,-436.76,False,3.999258,0.003077,4.261437,0.0033369999999999997,3.5563059999999997,0.004589,13.8409,,,73.237,0.1698,Gaia DR3,13.6567087,13.6239643,13.688886600000002,13.6486731,13.617403,13.675062200000001,1.0590620000000002,0.10244400000000001,0.0199,0.0,LDD_VW3,GOOD,,,True,,92.46483045334999,-52.96647599675,HD222368,13.6486731,0.028829600000000788,Bailer-Jones rpgeo,4.616285422853424,0.013999999999999999,4.1178470833120295,0.009000000000000001,0.0,0.0,legacy_assumed_zero,0.0,4.616285422853424,0.0,4.1178470833120295,0.0,4.2373,0.0,4.718,0.0,4.176,0.0,4.261437,0.0,3.5563059999999997,0.0,3.999258,1.3883709674733204,1.1889692205883025,0.054692584147061914,1.1065310330166038,0.056433082683846794,1.0935273764394624,0.07873397110364129,0.8827072038397058,0.06885116189949705,1.0786449709924333,0.0485390236946595,1.1065310330166038,0.056433082683846794,6286.5791769123825,79.0
HD1367,104,False,Both,False,HR67,2.5479648154993126e+18,HR67,,,,TYC    2-1641-1,2MASS J00174770+0141193,J001747.76+014119.5,2.5479648154993126e+18,2.5479648154993126e+18,HD1367,2MASS J00174770+0141193,K0III,C,K0III,,,,,,,,,,,,,,,,,,,6.3456,0.0007,7.371,0.015,6.281000000000001,0.01,9.89,90.04,9.15,0.98,,4.952,0.21600000000000003,0.21600000000000003,464120,4.3260000000000005,0.20600000000000002,0.20600000000000002,392202,4.225,0.264,0.264,235191.0,CCD,000,65.8,,J001747.76+014119.5,3.93, 0.376, 3.672, 0.212,4.001,0.015,3.96, 0.026,2.9,    5.1,71.9,41.8,0.20800000000000002, 0.220,0.0,0.0,0000,CBAA,,0.727,1.09,-0.03,0.040999999999999995,4.449150277847339,1.6887750235092276,8.813106762285047,8.849665762285047,0.027938481,91.41753456161759,10.187519437973435,False,5.957026052000282,0.00022799999999999999,6.406061599999999,0.000616,5.3193207000000005,0.001205408,112.9986179,,4.44915027785,1.68877502351,8.8131,8.8131,0.0279,91.418,10.188,False,5.9470089999999995,0.0027649999999999997,6.406062,0.002857,5.3193209999999995,0.003967,113.9359,,,8.8131,0.0279,Gaia DR3,113.02565,112.638626,113.439644,113.128197,112.7827,113.52877,0.663706,0.058933000000000006,0.0969,0.0,LDD_VW3,GOOD,,,True,,105.89569431666,-60.06553054426,HD1367,113.128197,0.37303499999999445,Bailer-Jones rpgeo,7.126122580343318,0.015,6.175786286061529,0.01,-0.04966370571821077,-0.1539574877264534,legacy,-0.20109427240576863,7.327216852749086,-0.15345970839078135,6.32924599445231,-0.16137290979194524,6.506972909791945,-0.21512153898745065,7.5861215389874515,-0.15991057177141535,6.440910571771416,-0.15991057177141535,6.5659725717714155,-0.09265326685364147,5.411974266853641,-0.12193225564763212,6.068941255647632,2.395911886125361,0.7919545802960415,0.0364299106936179,0.7403936103846362,0.03776007412961645,0.738755921202683,0.053190426326593175,0.7443995108991247,0.058063161850131724,,,0.7403936103846362,0.03776007412961645,,
HD222919,104,False,Bright,False,HD222919,2.7569915666028283e+18,HD222919,,,,TYC  592-338-1,2MASS J23444897+0711305,J234448.97+071130.4,2.7569915666028283e+18,2.7569915666028283e+18,HD222919,2MASS J23444897+0711305,K0,E,K0,,,,,,,,,,,,,,,,,,,7.0425,0.0007,8.28,0.016,6.9910000000000005,0.01,6.87,21.51,-11.34,0.89,,4.912,0.218,0.218,296914,4.388,0.047,0.049,236434,4.31,0.009000000000000001,0.017,153964.0,DEE,000,27.6,,J234448.97+071130.4,4.196000000000001, 0.354, 3.830, 0.176,4.34,0.031,4.164, 0.025,3.1,    6.2,34.7,43.3,0.21899999999999997, 0.222,0.0,0.0,HHH0,BBAA,,0.602,1.2890000000000001,0.032,0.17600000000000002,356.2040322384435,7.191761693604166,7.25035586306064,7.28676686306064,0.024114342,20.535780754069506,-10.433275943647232,False,6.575631038572443,0.000103,7.120419999999999,0.0005549999999999999,5.8616614,0.00042199999999999996,137.2350754,,356.20403223844,7.1917616936,7.2504,7.28676686306064,0.0241,20.536,-10.433,False,6.568927,0.002757,7.120419999999999,0.002845,5.861661,0.003803,138.6061,,,7.2504,0.0241,Gaia DR3,137.21785,136.79634099999998,137.688995,137.279617,136.86231999999998,137.719086,0.6971970000000001,0.05176,0.0197,0.0,LDD_VW3,GOOD,,,True,,95.37090458121,-52.07875970745,HD222919,137.279617,0.42838300000001084,Bailer-Jones rpgeo,7.970354382627389,0.016,6.868058021025499,0.01,-0.1477036383981103,-0.45788127903414194,legacy,-0.5980696620562777,8.568424044683667,-0.4564008454270461,7.324458866452545,-0.47993530829940384,7.522435308299404,-0.639787819832308,8.919787819832308,-0.47558620379589206,7.4665862037958926,-0.47558620379589206,7.596006203795891,-0.2755578631486566,6.137218863148656,-0.3626358028825046,6.931562802882505,2.9602366947592893,0.7055663684483711,0.032456052948625067,0.6716100084237255,0.03425211042961,0.7132710283040183,0.05135551403788932,1.2550862287689408,0.09789672584397739,,,0.6716100084237255,0.03425211042961,,
HD223292,104,False,Bright,False,HD223292,2.7569539770491617e+18,HD223292,,,,TYC  592-194-1,2MASS J23481444+0709473,J234814.43+070947.0,2.7569539770491617e+18,2.7569539770491617e+18,HD223292,2MASS J23481444+0709473,G5,E,G5,,,,,,,,,,,,,,,,,,,7.0551,0.0009,8.158,0.016,7.001,0.01,5.03,-21.52,-32.86,0.85,,4.989,0.011000000000000001,0.02,286306,4.497,0.031,0.034,206590,4.398,0.006999999999999999,0.016,141978.0,AAA,000,20.8,,J234814.43+070947.0,4.297, 0.256, 4.072, 0.183,4.346,0.016,4.284, 0.025,4.2,    5.9,68.9,44.1,0.21, 0.205,0.0,0.0,0000,BBAA,,0.591,1.157,0.013000000000000001,0.062,357.0601060881556,7.1630475610599325,6.194359366107488,6.230886366107487,0.026786068,-21.7138077833868,-31.25077310382748,False,6.5972705341638935,0.00011499999999999999,7.120972,0.000472,5.895704299999999,0.000698,160.49081,,357.06010608816,7.163047561060001,6.1944,6.230886366107488,0.0268,-21.714,-31.251,False,6.590687,0.002758,7.120972,0.00283,5.895704,0.003843,159.3221,,,6.1944,0.0268,Gaia DR3,160.809891,160.200073,161.52833600000002,160.428543,159.704193,161.072281,0.627794,0.014955000000000001,0.0878,0.0,LDD_VW3,GOOD,,,True,,96.61992420283,-52.450151449379995,HD223292,160.428543,0.6840440000000001,Bailer-Jones rpgeo,7.891642466819933,0.016,6.8903250387701975,0.01,-0.02868257195026458,-0.0889159730458202,legacy,-0.1161391574320154,8.007781624251948,-0.0886284876195055,6.978953526389703,-0.09319864534864553,7.148298645348646,-0.12424040717116054,8.28224040717116,-0.0923540926741544,7.093354092674154,-0.0923540926741544,7.213326092674155,-0.05351058594047216,5.949214585940473,-0.0704202524780356,6.661107252478035,2.642409498090807,0.6820084703582269,0.03137238963647843,0.6490561469294062,0.03310186349339971,0.6529991812019231,0.047015941046538466,0.607014942586987,0.04734716552178498,,,0.6490561469294062,0.03310186349339971,,
HD218330,104,False,Faint,False,HD218330,2.6587678635655045e+18,HD218330,,,,TYC  579-445-1,2MASS J23070268+0303079,J230702.69+030308.1,2.6587678635655045e+18,2.6587678635655045e+18,HD218330,2MASS J23070268+0303079,K0III,C,K0III,,,,,,,,,,,,,,,,,,,7.1504,0.0011,8.399,0.017,7.122000000000001,0.01,7.36,34.81,14.41,0.86,,5.0569999999999995,0.003,0.017,330849,4.5360000000000005,0.182,0.182,228828,4.327,0.009000000000000001,0.017,168120.0,ECA,000,63.8,,J230702.69+030308.1,4.275, 0.320, 4.006, 0.164,4.289,0.015,4.238, 0.026,3.4,    6.6,73.4,41.5,0.20600000000000002, 0.212,0.0,0.0,0000,BBAA,,0.73,1.2770000000000001,0.037000000000000005,0.051,346.7613014299597,3.0523125453120135,6.086806092318091,6.123125092318092,0.02290502,34.187057121618054,15.244346855936751,False,6.668612396914343,0.000173,7.229626700000001,0.000755,5.945434,0.000708,163.31529809999998,,346.76130142996004,3.0523125453099995,6.0868,6.123125092318091,0.0229,34.187,15.244,False,6.662427,0.002761,7.229627000000001,0.0028899999999999998,5.945434,0.0038450000000000003,160.9171,,,6.0868,0.0229,Gaia DR3,163.454422,162.834198,164.185211,163.336105,162.584137,163.936996,0.665944,0.041962,0.0335,0.0,LDD_VW3,GOOD,,,True,,79.02031754926,-50.699287801219995,HD218330,163.336105,0.6764294999999976,Bailer-Jones rpgeo,8.093181438335945,0.017,7.000296200436887,0.01,0.09288523789905767,0.2879442374870788,legacy,0.3761034152088775,7.717078023127067,0.2870132487228195,6.713282951714068,0.3018131832838997,6.8485868167161,0.40233838850921416,7.996661611490785,0.29907819577216543,6.8229218042278355,0.29907819577216543,6.930548804227835,0.17328792947219918,5.772146070527801,0.2280479559391014,6.434379044060899,2.4448803006723874,0.6836152314872976,0.031446300648415686,0.6540153412492692,0.03335478240371273,0.6556625533750715,0.04720770384300515,0.6346980644347872,0.0495064490259134,,,0.6540153412492692,0.03335478240371273,,
HD43,104,False,Faint,False,HD43,2.740066131281248e+18,HD43,,,,TYC    4-586-1,2MASS J00052224+0336218,J000522.24+033621.8,2.740066131281248e+18,2.740066131281248e+18,HD43,2MASS J00052224+0336218,K0III,C,K0III,,,,,,,,,,,,,,,,,,,7.0756,0.0012,8.347000000000001,0.017,7.017,0.01,6.75,-20.57,-6.31,1.03,,5.073,0.001,0.017,326009,4.6419999999999995,0.057,0.059000000000000004,222387,4.416,0.033,0.036000000000000004,171799.0,AEE,000,15.8,,J000522.24+033621.8,4.207, 0.239, 4.142, 0.147,4.418,0.015,4.3660000000000005, 0.028,4.5,    7.4,72.2,38.1,0.2, 0.209,0.0,0.0,0000,BBAA,,0.657,1.33,-0.159,0.052000000000000005,1.3425496403931751,3.606093821628157,5.488711885581544,5.5248938855815455,0.035960328,-21.566920713344654,2.1879025158396663,False,6.627426561257237,0.000174,7.152301,0.000742,5.9347334,0.000691,180.9989514,,1.3425496403900001,3.6060938216300005,5.4887,5.5248938855815455,0.0360,-21.567,2.188,False,6.6210119999999995,0.002761,7.152301,0.0028870000000000002,5.9347330000000005,0.0038420000000000004,170.6825,,,5.4887,0.0360,Gaia DR3,180.855225,179.564636,181.978455,181.248581,180.20744299999998,182.49482700000002,0.63434,0.017921,0.631,0.0,LDD_VW3,GOOD,,,True,,101.2778907,-57.31607593,HD43,181.248581,1.1436920000000157,Bailer-Jones rpgeo,8.025608569110673,0.017,6.890593766918077,0.01,0.13501480219259676,0.41854588679704996,legacy,0.5466910496969491,7.4789175194137245,0.4171926333986295,6.473401133519447,0.4387053116500343,6.636894688349965,0.584825308819183,7.762174691180818,0.4347298274261867,6.582270172573813,0.4347298274261867,6.7175711725738125,0.2518854023443373,5.682847597655663,0.33148270228908094,6.289529297710919,2.089371427539329,0.6151736761226834,0.028297989101643432,0.5963194982220054,0.03041229440932227,0.5988965150611931,0.04312054908440591,0.7125262530473295,0.0555770477376917,,,0.5963194982220054,0.03041229440932227,,
HD1581,104,True,Both,False,zetTuc,4.900108950849461e+18,,,,zetTuc,TYC 8843-1706-1,2MASS J00200446-6452282,J002004.52-645218.0,4.900108950847894e+18,4.900108950849461e+18,HD1581,2MASS J00200446-6452282,F9.5V,C,F9V,5865.0,100.0,3.951,0.2,6.992000000000001,-0.45799999999999996,0.1,,,0.0,,,,,,,,,4.3443,0.0006,4.9,0.013999999999999999,4.2860000000000005,0.009000000000000001,116.38,1707.56,1165.36,0.64,,3.068,0.272,0.272,1000000,2.738,0.218,0.218,1000000,2.7689999999999997,0.25,0.25,658901.0,DDD,000,42.0,,J002004.52-645218.0,5.5889999999999995, 0.044, 6.097, 0.021,6.825,0.043,5.1770000000000005, 0.038,24.4,   51.0,25.0,28.2,0.0, 0.161,0.0,0.0,dddd,AAAA,,0.299,0.614,0.41200000000000003,1.6480000000000001,5.035609547427471,-64.86961713712722,116.18257854098104,116.19467754098105,0.13336171,1706.7468552126234,1164.959442628905,False,4.0860765290060215,0.001214417,4.369477,0.001158474,3.6002007000000007,0.0023567510000000002,8.606246182000001,,5.03560954743,-64.86961713713,116.1826,116.1826,0.1334,1706.747,1164.959,False,4.07351,0.003011,4.369477,0.0030210000000000002,3.600201,0.004454,8.5803,,,116.1826,0.1334,Gaia DR3,8.60638905,8.59671116,8.61778355,8.60762787,8.60002041,8.61618614,,,,0.0,LDD_VK,GOOD,,,True,,308.31158789999995,-51.93050813,HD1581,8.60762787,0.00808286499999955,Bailer-Jones rpgeo,4.78158161578373,0.013999999999999999,4.220790943424477,0.009000000000000001,0.0,0.0,legacy_assumed_zero,0.0,4.78158161578373,0.0,4.220790943424477,0.0,4.3443,0.0,4.9,0.0,4.2860000000000005,0.0,4.369477,0.0,3.600201,0.0,4.07351,1.5533957835267485,1.253483688613657,0.05766024967622822,0.12981734736705808,0.006620684715719961,0.24166221543584698,0.017399679511380984,0.8953110866007888,0.06983426475486153,1.1984346486059265,0.05392955918726669,1.253483688613657,0.05766024967622822,5931.989822383849,79.0
HD68,104,False,Both,False,HD68,4.706625037851229e+18,,,,,TYC 9134-2021-1,2MASS J00052705-6757348,J000527.09-675734.7,4.706625037851229e+18,4.706625037851229e+18,HD68,2MASS J00052705-6757348,K3III,C,K3III,,,,,,,,,,,,,,,,,,,,,8.738999999999999,0.017,7.211,0.01,,,,,,5.085,0.268,0.268,357627,4.189,0.22,0.22,337528,4.099,0.033,0.036000000000000004,207405.0,DDE,d00,19.3,,J000527.09-675734.7,3.992, 0.308, 3.693, 0.204,3.992,0.015,3.937, 0.027,3.5,    5.3,71.4,39.5,0.21100000000000002, 0.207,0.0,0.0,h000,BBAA,,0.986,1.528,0.055,0.055,1.3630389708124555,-67.95971754559662,4.062202904801603,4.070399904801603,0.016993941999999998,26.051852805622925,3.0749497607199627,False,6.673541204384589,0.00016999999999999999,7.324628,0.000686,5.886825,0.00086,245.67610640000004,,1.36303897081,-67.9597175456,4.0622,4.070399904801603,0.0170,26.052,3.075,False,6.667383999999999,0.002761,7.324628,0.002873,5.886825,0.0038759999999999997,249.5321,,,4.0622,0.0170,Gaia DR3,245.706177,244.602142,246.770248,245.544571,244.78439300000002,246.50860600000001,0.7761640000000001,0.069914,0.218,0.0,LDD_VK,GOOD,,,True,,309.423768,-48.58479567,HD68,245.544571,0.8621064999999959,Bailer-Jones rpgeo,8.353071179815322,0.017,7.0652718062433,0.01,0.01779937357202188,0.05517805807326783,legacy,0.07207178815961218,8.28099939165571,0.054999654947203665,7.010272151296096,0.05783573062567072,,0.07709913266544403,8.661900867334555,0.057311631581115574,7.153688368418885,0.057311631581115574,7.267316368418884,0.03320674697038317,5.853618253029617,0.04370027845013714,6.623683721549862,2.9178002798152627,0.7946568649447736,0.036554215787459585,0.7907310208231916,0.040327282061982765,0.787200925062692,0.056678466604513825,1.6701865989282596,0.13027455471640426,,,0.7946568649447736,0.036554215787459585,,
HD218558,104,False,Faint,False,HR8809,6.391331216746941e+18,,,,,TYC 9131-161-1,2MASS J23101233-6651275,J231012.75-665127.0,6.391331216746941e+18,6.391331216746941e+18,HD218558,2MASS J23101233-6651275,K0III,C,K0III,,,,,,,,,,,,,,,,,,,6.6287,0.0009,7.692,0.006999999999999999,6.582999999999999,0.004,16.06,236.36,35.1,0.66,,5.12,0.278,0.278,281469,4.355,0.23600000000000002,0.23600000000000002,227463,4.148,0.001,0.015,172671.0,DDE,000,27.4,,J231012.75-665127.0,4.1080000000000005,0.292,3.864,0.198,4.103,0.015,4.064,0.024,3.7,5.5,72.1,45.4,0.22399999999999998,0.214,0.0,0.0,h000,BBAA,,0.972,1.109,0.044000000000000004,0.039,347.55406576641263,-66.85748840767518,15.754686580812528,15.765507580812528,0.015970778,235.88473690984932,35.077888924061405,False,6.215614195331359,11100.0,6.6977595999999995,28876.0,5.5489163,44000.0,63.42961017,,347.55406576640996,-66.85748840768001,15.7547,15.765507580812528,0.0160,235.885,35.078,False,6.206931,0.002762,6.697760000000001,0.0029980000000000002,5.548916,0.003909, ,,,15.7547,0.0160,Gaia DR3,63.42499920000001,63.335372899999996,63.5160751,63.4340363,63.3757858,63.4906387,0.671192,0.062592,0.327,0.0,LDD_VK,GOOD,,,True,,317.2884831,-47.35025188,HD218558,63.4340363,0.057426449999997686,Bailer-Jones rpgeo,7.441182293992753,0.006999999999999999,6.476314416568348,0.004,0.0,0.0,legacy_assumed_zero,0.0,7.441182293992753,0.0,6.476314416568348,0.0,6.6287,0.0,7.692,0.0,6.582999999999999,0.0,6.697760000000001,0.0,5.548916,0.0,6.206931,2.407537806406231,0.7453388187842829,0.03428558566407701,0.7092688165184963,0.036172709642443304,0.7067278372436369,0.05088440428154185,0.6329392426103354,0.049369260923606155,,,0.7453388187842829,0.03428558566407701,,
HD323,104,False,Faint,False,HD323,4.707800725017907e+18,,,,,TYC 8846-1469-1,2MASS J00074097-6555566,J000747.13-655555.5,4.707800725017907e+18,4.707800725017907e+18,HD323,2MASS J00074097-6555566,K1/2III,D,K1III,,,,,,,,,,,,,,,,,,,6.9943,0.001,8.329,0.015,6.9479999999999995,0.01,7.84,29.3,-62.83,0.65,,5.222,0.27,0.27,337777,4.442,0.266,0.266,286490,4.442,0.37799999999999995,0.37799999999999995,156538.0,DDD,d00,18.1,,J000747.13-655555.5,11.619000000000002, 0.021,11.715, 0.022,11.708,0.215,9.195,      ,52.3,   50.3,5.1,-0.8,0.0, 0.000,0.0,0.0,dDD0,AABU,,0.78,1.381,2.424,2.513,1.9209901427247629,-65.93268523064256,6.863113762910191,6.8720677629101905,0.023530007999999998,29.36627295277551,-57.368599775692104,False,6.529202723195617,0.000136,7.0806173999999995,0.001103816,5.815854,0.0008730000000000001,145.5166093,,1.9209901427200002,-65.93268523064,6.8631,6.872067762910191,0.0235,29.366,-57.369,False,6.52224,0.002759,7.080617,0.003001,5.815854,0.003879,149.5951,,,6.8631,0.0235,Gaia DR3,145.632996,145.053726,146.246597,145.708023,145.262238,146.197388,0.645752,0.080955,0.0721,0.0,LDD_VK,GOOD,,,True,,309.9341088,-50.59654202,HD323,145.708023,0.4675749999999965,Bailer-Jones rpgeo,7.992321604171588,0.015,6.816986324683727,0.01,0.10533527948786081,0.3265393664123685,legacy,0.42651511966217387,7.565806484509414,0.325483590877941,6.4915027338057865,0.342267261552151,6.652032738447849,0.4562665452649236,7.872733454735077,0.339165685021148,6.608834314978852,0.339165685021148,6.741451314978852,0.19651489187833576,5.619339108121664,0.25861477796488813,6.263625222035112,2.3052421271534462,0.6955501221559965,0.03199530561917584,0.010849308812517257,0.00055331474943838,0.019524960843293245,0.0014057971807171139,0.8859048274490079,0.06910057654102261,,,0.6955501221559965,0.03199530561917584,,
HD220757,104,False,Bright,False,HD220757,6.489536331165022e+18,,,,HD220757,TYC 8838-655-1,2MASS J23265880-5825260,J232658.92-582526.4,6.489536331165022e+18,6.489536331165022e+18,HD220757,2MASS J23265880-5825260,K3IIICNII,C,K3III,,,,,,,,,,,,,,,,,,,7.292999999999999,0.0009,8.77,0.016,7.271,0.01,7.25,85.94,-57.72,0.74,,5.105,0.011000000000000001,0.02,295413,4.593,0.031,0.034,209754,4.4030000000000005,0.021,0.026000000000000002,141325.0,AEA,000,25.5,,J232658.92-582526.4,4.277, 0.290, 4.128, 0.160,4.295,0.016,4.2589999999999995, 0.030,3.7,    6.8,68.1,36.6,0.217, 0.214,0.0,0.0,hh00,BBAA,,0.7020000000000001,1.499,0.018000000000000002,0.036000000000000004,351.7459190878725,-58.4240607350698,6.415963142780303,6.429778142780303,0.015847173,87.36900328972568,-56.57555350390625,False,6.76786469240279,0.000263,7.371906,0.00148014,6.020271,0.000717,155.5263615,,351.74591908787005,-58.42406073507,6.4160,6.429778142780303,0.0158,87.369,-56.576,False,6.762232000000001,0.002768,7.371906,0.0031579999999999998,6.020271,0.0038469999999999997,158.1001,,,6.4160,0.0158,Gaia DR3,155.575806,155.194046,155.955704,155.55226100000002,155.19181799999998,155.926071,0.6772779999999999,0.015898,0.69,0.0,LDD_VK,GOOD,,,True,,322.3362909,-55.40762281,HD220757,155.55226100000002,0.3671265000000119,Bailer-Jones rpgeo,8.393326943041595,0.016,7.128097987508083,0.01,-0.004771044466487684,-0.01479023784611182,legacy,-0.01931852852559297,8.412645471567188,-0.014742417666150517,7.142840405174233,-0.015502615384207262,7.3085026153842065,-0.02066608629714165,8.790666086297142,-0.015362132920804912,7.286362132920805,-0.015362132920804912,7.387268132920805,-0.008900923717457923,6.029171923717458,-0.01171366907042303,6.773945669070424,2.8499898540935518,0.7174245636829614,0.03300152992941622,0.6773571653721139,0.03454521543397781,0.6697797463157722,0.048224141734735604,1.563457124912501,0.1219496557431751,,,0.7174245636829614,0.03300152992941622,,
HD8025,104,False,Bright,False,HD8025,4.704632825860884e+18,,,,,TYC 8855-176-1,2MASS J01175089-6706377,J011751.07-670637.4,4.704632825860884e+18,4.704632825860884e+18,HD8025,2MASS J01175089-6706377,K2III,C,K2III,,,,,,,,,,,,,,,,,,,7.4471,0.0011,8.812999999999999,0.017,7.415,0.01,5.82,87.38,19.95,0.6,,5.321000000000001,0.017,0.024,287760,4.747,0.001,0.015,208982,4.59,0.013000000000000001,0.02,111025.0,AEA,000,41.7,,J011751.07-670637.4,4.537, 0.297, 4.326, 0.150,4.559,0.015,4.5, 0.028,3.7,    7.2,70.3,38.8,0.212, 0.211,0.0,0.002,0000,BBAA,,0.731,1.3980000000000001,0.037000000000000005,0.059000000000000004,19.46314910098437,-67.11039147044555,6.075469068281231,6.082148068281231,0.013897473,87.00155201421303,20.476826568889926,False,6.957097168941263,0.00014099999999999998,7.5325823000000005,0.000884,6.231647,0.0005059999999999999,164.4155961,,19.463149100979997,-67.11039147045,6.0755,6.08214806828123,0.0139,87.002,20.477,False,6.952502000000001,0.002759,7.5325820000000006,0.002927,6.231647,0.0038130000000000004, ,,,6.0755,0.0139,Gaia DR3,164.421494,164.120178,164.79176299999997,164.454697,164.123627,164.874374,0.612581,0.013524000000000001,0.20199999999999999,0.0,LDD_VK,GOOD,,,True,,298.9570167,-49.81349896,HD8025,164.454697,0.3753734999999949,Bailer-Jones rpgeo,8.47067146902292,0.017,7.282207469170356,0.01,0.028463999852563093,0.08823839954294559,legacy,0.11525413291924799,8.355417336103672,0.08795310486482448,7.194254364305532,0.09248843625539849,7.3546115637446015,0.12329364805688811,8.68970635194311,0.09165031939321884,7.323349680606781,0.09165031939321884,7.440931680606782,0.05310281494146532,6.178544185058534,0.06988362339430203,6.8826183766056985,2.6437416190009677,0.6181317351975726,0.028434059819088336,0.5885339449898676,0.030015231194483242,0.5911392006945134,0.04256202245000496,0.9017720574533122,0.07033822048135835,,,0.6181317351975726,0.028434059819088336,,
HD30652,104,True,Both,False,pi3Ori,3.288921720025503e+18,,,,pi3Ori,TYC   96-1462-1,2MASS J04495040+0657409,J044950.73+065740.6,3.2889217200244424e+18,3.288921720025503e+18,HD30652,2MASS J04495040+0657409,F6V,B,F6V,6420.0,100.0,4.24,0.2,7.43,-0.02,0.1,,,17.0,,,,,,,,,3.2862,0.0005,3.7230000000000003,0.013999999999999999,3.222,0.009000000000000001,124.6,463.44,11.62,0.95,,1.984,0.24600000000000002,0.24600000000000002,1000000,1.757,0.132,0.132,1000000,1.6,0.196,0.196,1000000.0,DBC,000,54.4,,J044950.73+065740.6,-0.028999999999999998,      , 0.222,      ,2.136,0.012,2.09, 0.018,0.3,    1.0,87.6,61.0,0.258, 0.262,0.22399999999999998,0.0,hh00,UUAA,,0.384,0.501,-2.119,0.046,72.46212402119102,6.9613310085374644,124.61980141424488,124.65241141424488,0.22457013,463.95440348490985,11.937009936843955,False,3.092509545851089,0.0013784020000000001,3.3467637838496653,0.018047835,2.6282697118953235,0.00646217,8.022307701,,72.46212402119001,6.961331008539999,124.6198,124.6198,0.2246,463.954,11.937,False,3.0879220000000003,0.003081,3.5139660000000004,0.018262,2.708148,0.007486,8.0160,,,124.6198,0.2246,Gaia DR3,8.02445602,8.012238499999999,8.03582001,8.02371979,8.01077938,8.03792381,1.986537,0.165749,0.011,0.0,LDD_VW3,GOOD,,,True,,191.4532108,-23.06305192,HD30652,8.02371979,0.013572214999999943,Bailer-Jones rpgeo,3.633746858585023,0.013999999999999999,3.1679128515374186,0.009000000000000001,0.0,0.0,legacy_assumed_zero,0.0,3.633746858585023,0.0,3.1679128515374186,0.0,3.2862,0.0,3.7230000000000003,0.0,3.222,0.0,3.5139660000000004,0.0,2.708148,0.0,3.0879220000000003,1.132836065150626,1.5766752140612932,0.07252705984681948,1.5566031304410912,0.07938675965249564,1.5214320770714482,0.10954310954914429,1.325823603183748,0.10341424104833234,1.5930260723545862,0.07168617325595637,1.5566031304410912,0.07938675965249564,6431.9259255379275,79.0
HD32263,104,False,Both,False,HR1618,3.2286202417482614e+18,HR1618,,,HR1618,TYC   98-2442-1,2MASS J05015035+0043194,J050150.36+004319.2,3.2286202417482614e+18,3.2286202417482614e+18,HD32263,2MASS J05015035+0043194,K2III,C,K2III,,,,,,,,,,,,,,,,,,,6.0798,0.0007,7.571000000000001,0.016,6.053,0.01,6.55,4.84,-22.75,0.91,,4.0760000000000005,0.29600000000000004,0.29600000000000004,578136,3.363,0.256,0.256,587097,3.193,0.282,0.282,375163.0,DDD,000,30.6,,J050150.36+004319.2,2.178,      , 2.816, 0.427,2.987,0.015,2.958, 0.025,1.8,    2.5,74.1,43.2,0.26899999999999996, 0.262,0.086,0.0,0h00,UCAA,,0.883,1.518,-0.78,0.028999999999999998,75.45982149178988,0.7220055183830942,6.3069916803603405,6.334690680360341,0.03755106,4.193308171274269,-23.357288005739584,False,5.548410399442997,0.00037799999999999997,6.171937000000001,0.00072,4.772403,0.001687219,157.8609044,,75.45982149179,0.72200551838,6.3070,6.3070,0.0376,4.193,-23.357,False,5.536574,0.002781,6.171937000000001,0.002882,4.772403,0.004139,,,,6.3070,0.0376,Gaia DR3,158.1035,157.193741,158.832153,157.852432,157.016418,158.818039,1.136671,0.11253699999999998,0.0713,0.0,LDD_VW3,GOOD,,,True,,198.95021169999998,-23.81527623,HD32263,157.852432,0.9008105000000057,Bailer-Jones rpgeo,7.1882320225226115,0.016,5.908251814087081,0.01,0.11998020843553037,0.37193864615014416,legacy,0.48581418501737766,6.702417837505234,0.37073608448896445,5.537515729598117,0.3898532151938493,5.689946784806151,0.5197019979365379,7.051298002063462,0.3863204216181569,5.666679578381843,0.3863204216181569,5.785616578381844,0.2238366651978707,4.548566334802129,0.2945703957458197,5.24200360425418,2.589445725646254,1.2826389540859895,0.05900139188795551,1.2047155196772048,0.06144049150353745,1.1919831872410902,0.08582278948135849,1.965550478594871,0.15331293733039994,,,1.2047155196772048,0.06144049150353745,,
HD30519,104,False,Faint,False,HD30519,3.281926386530182e+18,HD30519,,,,TYC   92-662-1,2MASS J04483532+0536203,J044835.29+053620.1,3.281926386530182e+18,3.281926386530182e+18,HD30519,2MASS J04483532+0536203,K2,E,K2,,,,,,,,,,,,,,,,,,,,,10.014,0.03,8.076,0.013000000000000001,,,,,,4.96,0.013000000000000001,0.021,294056,4.001,0.214,0.214,337684,3.8310000000000004,0.264,0.264,201382.0,ECD,000,28.4,,J044835.29+053620.1,3.872, 0.331, 3.730, 0.211,3.859,0.013999999999999999,3.741, 0.026,3.3,    5.1,79.7,41.8,0.24, 0.241,0.0,0.0,0000,BBAA,,1.129,1.9380000000000002,0.131,0.11800000000000001,72.14701569021861,5.6054874357039965,2.6640099988917543,2.696291998891754,0.020458207,-16.284596170650243,-21.472937579686366,False,7.2211611434035445,0.000273,8.15899,0.001022948,6.2584599999999995,0.000607,370.879712,,72.14701569021999,5.605487435700001,2.6640,2.696291998891754,0.0205,-16.285,-21.473,False,7.217947000000001,0.002769,8.15899,0.002972,6.2584599999999995,0.0038280000000000002,,,,2.6640,0.0205,Gaia DR3,370.41705299999995,368.003357,372.707153,370.678009,367.667725,373.637726,0.9353379999999999,0.08305599999999999,0.131,0.0,LDD_VW3,GOOD,,,True,,192.50266159999998,-24.06860997,HD30519,370.678009,2.985000499999984,Bailer-Jones rpgeo,9.488639564636166,0.03,7.879020262158419,0.013000000000000001,0.2496193024777471,0.773819837681016,legacy,1.0107383507588663,8.4779012138773,0.7713179033456422,7.107702358812777,0.811091170071491,,1.0812420807796599,8.93275791922034,0.8037411789382779,7.2722588210617225,0.8037411789382779,7.355248821061721,0.46569307525132825,5.792766924748671,0.6128548839467634,6.605092116053237,3.121365996842854,0.8598017119886746,0.03955087875147903,0.8581578202605201,0.043766048833286525,0.8785675571084971,0.06325686411181179,2.8901187574280605,0.2254292630793887,,,0.8581578202605201,0.043766048833286525,,
HD30507,104,False,Faint,False,HD30507,3.2892263191051597e+18,HD30507,,,,TYC  683-1211-1,2MASS J04484104+0750239,J044840.99+075024.1,3.2892263191051597e+18,3.2892263191051597e+18,HD30507,2MASS J04484104+0750239,K5,E,K5,,,,,,,,,,,,,,,,,,,7.2221,0.0019,9.074,0.018000000000000002,7.268,0.011000000000000001,3.89,-7.92,24.38,0.96,,4.75,0.24,0.24,486889,3.8280000000000003,0.248,0.248,487203,3.697,0.256,0.256,344842.0,DDD,000,35.3,,J044840.99+075024.1,3.451, 0.457, 3.179, 0.244,3.3689999999999998,0.012,3.321, 0.022,2.4,    4.4,91.2,48.3,0.265, 0.251,0.052000000000000005,0.0,0000,CBAA,,1.053,1.806,0.13,0.048,72.1709812263084,7.8400857722205055,3.9612979174632734,3.992708917463274,0.019652126000000002,-8.187677486465242,24.90550535452097,False,6.524592714633785,0.000236,7.3538003,0.000723,5.617716000000001,0.0014803420000000002,250.4565248,,72.17098122630999,7.84008577222,3.9613,3.9927089174632733,0.0197,-8.188,24.906,False,6.517604,0.0027649999999999997,7.3538,0.002882,5.617716000000001,0.004059,,,,3.9613,0.0197,Gaia DR3,250.555344,249.17756699999998,251.951111,250.477371,249.16305499999999,251.70620699999998,0.982259,0.084756,0.192,0.0,LDD_VW3,GOOD,,,True,,190.4852115,-22.81628279,HD30507,250.477371,1.271575999999996,Bailer-Jones rpgeo,8.59496937560902,0.018000000000000002,7.089200066518443,0.011000000000000001,-0.09423069090942304,-0.29211514181921144,legacy,-0.38155131504363277,8.976520690652652,-0.2911706675790701,7.3803707340975135,-0.3061849808397027,7.528284980839703,-0.40816630485253613,9.482166304852536,-0.3034103767294194,7.571410376729419,-0.3034103767294194,7.657210376729419,-0.17579802441992087,5.793514024419921,-0.23135125596573614,6.748955255965736,3.090031730636483,0.7440429814686451,0.03422597714755767,1.1512007683083703,0.05871123918372688,1.1141246456119756,0.08021697448406223,15.519495418278156,1.2105206426256963,,,1.1512007683083703,0.05871123918372688,,
HD30545,104,False,Bright,False,HR1534,3.233387552369508e+18,HR1534,,,,TYC   88-1394-1,2MASS J04484463+0335185,J044844.60+033518.8,3.2333875523685545e+18,3.233387552369508e+18,HD30545,2MASS J04484463+0335185,K0III,C,K0III,,,,,,,,,,,,,,,,,,,6.2058,0.0005,7.58,0.015,6.162999999999999,0.01,4.61,-1.25,-15.39,0.87,,3.9560000000000004,0.228,0.228,767414,3.272,0.214,0.214,684085,3.138,0.218,0.218,394657.0,DCD,000,44.8,,J044844.60+033518.8,2.609,      , 3.095, 0.320,3.2889999999999997,0.013000000000000001,3.22, 0.017,2.0,    3.4,85.5,65.1,0.267, 0.252,0.06,0.0,0000,UBAA,,0.818,1.4169999999999998,-0.611,0.069,72.18592946118206,3.5884571713777564,3.6480222523686896,3.6786182523686897,0.037478500000000005,-1.2110433039263089,-16.55230559767157,False,5.707391913737424,0.000333,6.2915944999999995,0.0008039999999999999,4.959854,0.0012017360000000001,271.8412,,72.18592946118,3.58845717138,3.6480,3.6480,0.0375,-1.211,-16.552,False,5.696211,0.002775,6.291595,0.002904,4.959854,0.003966,,,,3.6480,0.0375,Gaia DR3,272.296783,269.957611,274.80670200000003,271.949371,269.77652,274.45370499999996,1.181386,0.091425,0.0427,0.0,LDD_VW3,GOOD,,,True,,194.39297630000002,-25.1249579,HD30545,271.949371,2.338592499999976,Bailer-Jones rpgeo,7.2312671060803435,0.015,6.02827286825924,0.01,0.2029942378211036,0.6292821372454211,legacy,0.8219478987092597,6.409319207371084,0.6272475259455481,5.401025342313692,0.6595917552760858,5.546208244723914,0.8792826111976567,6.700717388802343,0.6536146299766051,5.509385370023394,0.6536146299766051,5.637980370023395,0.37870873738875455,4.581145262611246,0.49838297289851846,5.197828027101481,2.1595694511810417,1.0519438141765858,0.04838941545212294,1.0080346553445554,0.05140976742257232,1.0219832975103038,0.07358279742074188,1.1774385896917803,0.09184020999595885,,,1.0080346553445554,0.05140976742257232,,
HD33419,104,False,Bright,False,HR1681,3.2274515639684854e+18,HR1681,,,,TYC 4751-1642-1,2MASS J05100325-0033551,J051003.24-003355.5,3.2274515639684854e+18,3.2274515639684854e+18,HD33419,2MASS J05100325-0033551,K1III,C,K1III,,,,,,,,,,,,,,,,,,,6.2749,0.001,7.515,0.016,6.225,0.01,10.37,2.14,-50.78,1.14,,4.388999999999999,0.23199999999999998,0.23199999999999998,612111,3.73,0.20199999999999999,0.20199999999999999,480740,3.6919999999999997,0.284,0.284,301731.0,DCD,000,25.8,,J051003.24-003355.5,3.654, 0.381, 3.464, 0.168,3.602,0.013000000000000001,3.5389999999999997, 0.024,2.9,    6.4,81.8,45.5,0.249, 0.242,0.027000000000000003,0.0,HHH0,CBAA,,0.6970000000000001,1.29,0.115,0.063,77.51359871497337,-0.5655449582117333,8.763768255356156,8.791479255356156,0.04044942,1.9438349189454207,-50.180590070119294,False,5.824982649263003,0.000337,6.34866,0.000813,5.1262264,0.001686775,113.7465006,,77.51359871497,-0.5655449582100001,8.7638,8.7638,0.0404,1.944,-50.181,False,5.814331,0.0027760000000000003,6.34866,0.0029059999999999997,5.126226,0.004139,,,,8.7638,0.0404,Gaia DR3,113.82118200000001,113.261597,114.328796,113.641205,113.130501,114.27125500000001,0.915529,0.087128,0.0337,0.0,LDD_VW3,GOOD,,,True,,201.2770514,-22.67291045,HD33419,113.641205,0.5703770000000077,Bailer-Jones rpgeo,7.205042294355018,0.016,6.101957800944089,0.01,0.033084493410928895,0.10256192957387958,legacy,0.1339630628478177,7.0710792315072,0.10223032368758947,5.9997274772565,0.10750186466162841,6.167398135338371,0.14330761340206338,7.371692386597936,0.10652769827784543,6.1184723017221545,0.10652769827784543,6.242132301722155,0.061722868891684754,5.0645031311083155,0.08122766616415746,5.733103333835842,2.4519609328574017,0.9536540068889084,0.04386808431688978,0.8952778686831971,0.04565917130284305,0.9035858740015357,0.06505818292811057,1.099499454567218,0.085760957456243,,,0.8952778686831971,0.04565917130284305,,
HD38393,104,True,Both,False,gamLep,2.9640001598212183e+18,,,,gamLep,TYC 5930-2197-1,2MASS J05442780-2226538,J054428.81-222713.3,2.9640001598201185e+18,2.9640001598212183e+18,HD38393,2MASS J05442780-2226538,F6V,C,F6V,6386.0,100.0,4.345,0.2,7.3,-0.15,0.1,,,15.0,,,,,,,,,3.6977,0.0004,4.162,0.013999999999999999,3.638,0.009000000000000001,111.49,-292.42,-368.45,0.6,,2.804,0.276,0.276,1000000,2.6060000000000003,0.23600000000000002,0.23600000000000002,1000000,2.508,0.228,0.228,755475.0,DDD,000,52.2,,J054428.81-222713.3,9.561, 0.032, 9.258, 0.031,8.855,0.042,5.577000000000001, 0.042,33.9,   35.5,26.1,25.8,0.0, 0.000,0.0,0.0,DDHd,AAAA,,0.29600000000000004,0.524,3.984,3.278,86.11439122579156,-22.450023364202533,112.29602820037745,112.31524720037748,0.14516802,-291.7567767353485,-368.5208157670237,False,3.4856094883530617,0.001116125,3.727349844940004,0.008292536999999999,3.0039847288485517,0.001678504,8.903510654,,86.11439122579,-22.4500233642,112.2960,112.2960,0.1452,-291.757,-368.521,False,3.4768230000000004,0.002973,3.7968589999999995,0.008749,3.044036,0.004135,8.9121,,,112.2960,0.1452,Gaia DR3,8.90144253,8.88945961,8.91464043,8.90258408,8.89240456,8.91442299,1.2730620000000001,0.118316,0.00374,0.0,LDD_VK,GOOD,,,True,,226.7969317,-24.27489249,HD38393,8.90258408,0.011009215000000516,Bailer-Jones rpgeo,4.065942611079737,0.013999999999999999,3.5817209028573243,0.009000000000000001,0.0,0.0,legacy_assumed_zero,0.0,4.065942611079737,0.0,3.5817209028573243,0.0,3.6977,0.0,4.162,0.0,3.638,0.0,3.7968589999999995,0.0,3.044036,0.0,3.4768230000000004,1.3250543393433443,1.4645076858478088,0.0673673535489992,0.04016053631098115,0.0020481873518600384,0.14106029540441603,0.010156341269117955,1.1147998709566926,0.08695438993462203,1.3811326215278945,0.06215096796875525,1.4645076858478088,0.0673673535489992,6308.166806651605,79.0
HD38579,104,False,Faint,False,HD38579,2.915911506950115e+18,,,,,TYC 6490-860-1,2MASS J05455468-2308251,J054554.73-230825.3,2.915911506950115e+18,2.915911506950115e+18,HD38579,2MASS J05455468-2308251,K1/2III,D,K1III,,,,,,,,,,,,,,,,,,,7.2179,0.0006,8.693,0.015,7.184,0.009000000000000001,2.99,23.94,-37.3,0.73,,5.325,0.24600000000000002,0.24600000000000002,276968,4.482,0.22399999999999998,0.22399999999999998,248949,4.152,0.028999999999999998,0.033,172036.0,DDE,000,37.7,,J054554.73-230825.3,4.145, 0.263, 3.994, 0.105,4.1,0.013999999999999999,4.048, 0.025,4.1,   10.3,74.9,42.9,0.23600000000000002, 0.226,0.0,0.0,0000,BAAA,,1.173,1.5090000000000001,0.09699999999999999,0.052000000000000005,86.47797887123095,-23.14046640475023,3.3552028385674317,3.3700698385674324,0.016746825,23.521982653180075,-37.732002900640396,False,6.689822125594463,0.00011100000000000001,7.3112783,0.00037200000000000004,5.9251933,0.000397,296.7297557,,86.47797887123001,-23.14046640475,3.3552,3.3700698385674324,0.0167,23.522,-37.732,False,6.683755000000001,0.002758,7.311278,0.002815,5.925193,0.0038,310.5339,,,3.3552,0.0167,Gaia DR3,296.95703100000003,295.64788799999997,298.16754199999997,296.742462,294.96814,298.07861299999996,0.684535,0.056867999999999995,0.609,0.0,LDD_VK,GOOD,,,True,,227.635169,-24.20518672,HD38579,296.742462,1.5552364999999782,Bailer-Jones rpgeo,8.313093480146922,0.015,7.04012435503477,0.009000000000000001,0.20296912511215148,0.6292042878476696,legacy,0.8218462143532127,7.491247265793709,0.6271699282524851,6.412954426782285,0.6595101562319196,6.55838984376808,0.8791738338819128,7.813826166118087,0.6535337703712014,6.530466229628798,0.6535337703712014,6.657744229628799,0.37866188678648255,5.5465311132135175,0.4983213172245474,6.185433682775453,2.2922476350998204,0.7155004079865671,0.032913018767382084,0.7064305986712901,0.036027960532235795,0.7091615147172055,0.051059629059638796,0.9317310110751559,0.07267501886386216,,,0.7155004079865671,0.032913018767382084,,
HD39913,104,False,Faint,False,HD39913,2.9177366618945654e+18,,,,,TYC 5943-614-1,2MASS J05544439-2116491,J055444.41-211649.4,2.9177366618945654e+18,2.9177366618945654e+18,HD39913,2MASS J05544439-2116491,K4III,C,K4III,,,,,,,,,,,,,,,,,,,,,9.798,0.021,7.9670000000000005,0.011000000000000001,,,,,,5.402,0.256,0.256,209715,4.404,0.248,0.248,217425,4.0569999999999995,0.033,0.036000000000000004,169286.0,DDE,0d0,20.8,,J055444.41-211649.4,4.013999999999999, 0.296, 3.850, 0.159,3.971,0.013000000000000001,3.883, 0.021,3.7,    6.8,80.5,52.8,0.243, 0.239,0.0,0.0,HHH0,BBAA,,1.345,1.831,0.131,0.08800000000000001,88.6849817294431,-21.280351950620123,1.7708267198494794,1.7879757198494797,0.016854461,3.1212168096420685,5.604483765976202,True,7.202781207347312,0.000229,8.048441,0.000944,6.2954063,0.0009140000000000001,559.2917112000001,,88.68498172944,-21.280351950620002,1.7708,1.7879757198494795,0.0169,3.121,5.604,True,7.199474,0.0027649999999999997,8.048441,0.0029460000000000003,6.295406,0.0038880000000000004,,,,1.7708,0.0169,Gaia DR3,557.1604,552.3281860000001,563.1328120000001,558.667175,554.667603,563.571533,0.777583,0.067084,0.5920000000000001,0.0,LDD_VK,GOOD,,,True,,226.5554201,-21.62731285,HD39913,558.667175,4.45196500000003,Bailer-Jones rpgeo,9.310440259173214,0.021,7.784621713221573,0.011000000000000001,0.1298661649992603,0.4025851114977069,legacy,0.5258436031501719,8.784596656023043,0.4012834628912498,7.383338250330323,0.4219757794224969,,0.5625236553138458,9.235476344686154,0.41815189580542744,7.548848104194573,0.41815189580542744,7.630289104194573,0.24228003663696387,6.053125963363036,0.3188419833291059,6.880632016670894,3.1325476637226783,0.7624670397842849,0.03507348383007711,0.8270173119461995,0.04217788290925618,0.8300837589706114,0.05976603064588402,3.136858523199733,0.24467496480957915,,,0.7624670397842849,0.03507348383007711,,
HD40235,104,False,Faint,False,HR2090,2.9164497866115277e+18,,,,,TYC 6491-1059-1,2MASS J05563443-2312551,J055634.46-231254.8,2.9164497866115277e+18,2.9164497866115277e+18,HD40235,2MASS J05563443-2312551,K0III,C,K0III,,,,,,,,,,,,,,,,,,,6.5335,0.0006,7.726,0.015,6.48,0.009000000000000001,6.53,12.62,30.02,0.65,,4.832,0.27399999999999997,0.27399999999999997,379866,4.13,0.22,0.22,289674,4.04,0.23600000000000002,0.23600000000000002,178000.0,DDD,00d,21.2,,J055634.46-231254.8,3.844, 0.327, 3.638, 0.176,3.827,0.016,3.775, 0.027,3.3,    6.2,68.7,40.3,0.247, 0.235,0.003,0.003,h000,BBAA,,0.792,1.246,0.069,0.052000000000000005,89.14356166374692,-23.215180631582257,6.861242601504508,6.875741601504508,0.018749889,13.816785579661234,29.4476808989415,False,6.08397119894101,0.000155,6.6079698,0.000629,5.3831077,0.0009939999999999999,145.4388571,,89.14356166375,-23.21518063158,6.8612,6.875741601504508,0.0187,13.817,29.448,False,6.074596,0.0027600000000000003,6.60797,0.00286,5.383108,0.003908,,,,6.8612,0.0187,Gaia DR3,145.401001,144.979019,145.78376799999998,145.347183,145.002594,145.79054299999999,0.744197,0.06845,0.10400000000000001,0.0,LDD_VK,GOOD,,,True,,228.66140269999997,-21.94269926,HD40235,145.347183,0.3939744999999988,Bailer-Jones rpgeo,7.430288018899596,0.015,6.361351112895486,0.009000000000000001,0.06893690600410984,0.2137044086127405,legacy,0.2791337608485806,7.151154258051015,0.21301345398545765,6.1483376589100285,0.22399756427877382,6.309502435721226,0.2986046469585034,7.427395353041496,0.2219677306767569,6.258032269323244,0.2219677306767569,6.386002269323243,0.1286096044524746,5.254498395547525,0.16925101187863464,5.905344988121365,2.3378259712919554,0.8309171368611084,0.03822218829561098,0.8016682574678198,0.0408850811308588,0.8047283859465448,0.057940443788151226,0.8208754098565012,0.0640282819688071,,,0.8309171368611084,0.03822218829561098,,
HD62644,104,True,Both,False,HR2998,5.531762678610961e+18,,,,,TYC 8134-800-1,2MASS J07425710-4510227,J074257.00-451029.2,5.531762678610961e+18,5.531762678610961e+18,HD62644,2MASS J07425710-4510227,G8IV-V,C,G8IV,5490.0,100.0,3.8160000000000003,0.2,7.46,0.01,0.1,,,4.3,,,,,,,,,5.1867,0.0005,5.984,0.013999999999999999,5.126,0.009000000000000001,41.43,-77.76,-553.41,0.81,,3.681,0.308,0.308,1000000,3.159,0.23199999999999998,0.23199999999999998,759119,3.116,0.282,0.282,462402.0,DDD,000,29.7,,J074257.00-451029.2,2.41,      , 2.999, 0.422,3.2319999999999998,0.013000000000000001,3.198, 0.018,1.7,    2.6,82.0,59.1,0.237, 0.224,0.055999999999999994,0.0,0h00,UCAA,,0.565,0.858,-0.7879999999999999,0.034,115.73740021835042,-45.17557765915932,42.82131840134725,42.82761840134725,0.3774877,-79.01241779142228,-554.0045734304035,False,4.848171472102443,0.000768,5.2295985,0.0008060000000000001,4.280493700000001,0.003288681,23.34941884,,115.73740021834999,-45.17557765915999,42.8213,42.8213,0.3775,-79.012,-554.005,False,4.834569999999999,0.00286,5.229598,0.002904,4.280494,0.0050100000000000006,25.0256,,,42.8213,0.3775,Gaia DR3,23.314037300000003,23.0824299,23.531494100000003,23.357545899999998,23.1494999,23.5708427,1.118454,0.11505599999999999,0.0123,2.0,LDD_VW3,GOOD,,,True,,258.5780732,-10.57879908,HD62644,23.357545899999998,0.21067140000000073,Bailer-Jones rpgeo,5.802782015578389,0.013999999999999999,5.040345833102175,0.009000000000000001,0.0,0.0,legacy_assumed_zero,0.0,5.802782015578389,0.0,5.040345833102175,0.0,5.1867,0.0,5.984,0.0,5.126,0.0,5.229598,0.0,4.280494,0.0,4.834569999999999,1.9558906501475182,1.0974731520171734,0.05048376499278997,1.0071536589947774,0.051364836608733644,0.9996768226884486,0.07197673123356829,0.7953617471338823,0.06203821627644282,0.9618110101764833,0.04328149545794174,1.0071536589947774,0.051364836608733644,5468.874623760723,79.0
HD64181,104,False,Both,False,HR3069,5.53139331142515e+18,,,,,TYC 7658-4075-1,2MASS J07504252-4434478,J075042.51-443447.6,5.53139331142515e+18,5.53139331142515e+18,HD64181,2MASS J07504252-4434478,G6III,C,G6III,,,,,,,,,,,,,,,,,,,6.6142,0.001,7.587999999999999,0.015,6.557,0.01,5.81,-9.9,13.61,0.55,,4.9110000000000005,0.21600000000000003,0.21600000000000003,318442,4.312,0.22,0.22,244968,4.346,0.021,0.026000000000000002,143886.0,CDE,000,43.2,,J075042.51-443447.6,4.309, 0.370, 3.961, 0.186,4.314,0.016,4.274, 0.027,2.9,    5.8,69.4,39.5,0.212, 0.220,0.0,0.0,0000,CBAA,,0.565,1.031,0.035,0.04,117.67705116781065,-44.579887431694104,5.365693411419992,5.372241411419991,0.13545476,-11.534125051304061,13.115820853440322,False,6.236088457682012,0.000206,6.670638,0.000985,5.6139339999999995,0.000801,186.1420445,,117.67705116781,-44.579887431690004,5.3657,5.372241411419991,0.1355,-11.534,13.116,False,6.227515,0.002763,6.670638,0.002959,5.6139339999999995,0.003863,166.2601,,,5.3657,0.1355,Gaia DR3,185.241745,180.82225,189.231949,185.021622,180.321869,190.861221,0.642664,0.048171,0.102,0.0,LDD_VW3,GOOD,,,True,,258.7180916,-9.087219855,HD64181,185.021622,5.269676000000004,Bailer-Jones rpgeo,7.360007915447233,0.015,6.456446867042165,0.01,0.010619871934479996,0.03292160299688799,legacy,0.04300112907047155,7.317006786376761,0.032815160017653576,6.423631707024511,0.03450728476462535,6.579692715235375,0.046000659059907086,7.541999340940092,0.03419458472989448,6.522805415270106,0.03419458472989448,6.636443415270106,0.019812573670596446,5.594121426329403,0.026073465943265494,6.201441534056735,2.160643272472016,0.6572862795439094,0.030235168859019827,0.6286119227265426,0.03205920805905367,0.627220289159107,0.0451598608194557,0.5420673669639067,0.042281254623184716,,,0.6286119227265426,0.03205920805905367,,
HD61574,104,False,Faint,False,HD61574,5.535060526299103e+18,,,,,TYC 7656-183-1,2MASS J07380139-4338291,J073801.36-433829.1,5.535060526299103e+18,5.535060526299103e+18,HD61574,2MASS J07380139-4338291,K2/3III,D,K2III,,,,,,,,,,,,,,,,,,,8.131,0.0017,9.738999999999999,0.021,8.122,0.012,1.52,-5.01,11.94,0.68,,5.595,0.015,0.023,169602,4.992,0.308,0.308,130951,4.769,0.006999999999999999,0.016,97458.6,ADA,000,31.3,,J073801.36-433829.1,4.6930000000000005, 0.248, 4.559, 0.094,4.7010000000000005,0.013999999999999999,4.638, 0.026,4.4,   11.6,75.7,41.9,0.21, 0.192,0.0,0.0,0d00,BAAA,,0.826,1.617,0.055,0.063,114.50573036509444,-43.64137691857094,1.9688035354982352,1.9766345354982349,0.089352,-5.1010405062802615,12.143499066311305,False,7.539592663454982,0.000197,8.237202,0.000771,6.727530499999999,0.00048600000000000005,505.9104159,,114.50573036508999,-43.64137691857,1.9688,1.9766345354982349,0.0894,-5.101,12.143,False,7.537866999999999,0.002762,8.237202,0.002895,6.727531,0.00381,545.1273,,,1.9688,0.0894,Gaia DR3,505.92999299999997,486.468658,532.098328,503.076111,486.521515,525.518311,0.582233,0.059884,0.0065,0.0,LDD_VW3,GOOD,,,True,,256.77992459999996,-10.64236177,HD61574,503.076111,19.49839800000001,Bailer-Jones rpgeo,9.323411829804156,0.021,7.9658424561137675,0.012,0.19756937369038874,0.6124650584402052,legacy,0.7999819763220739,8.523429853482082,0.6104848205549624,7.355357635558805,0.6419646753524385,7.489035324647562,0.8557844629277971,8.883215537072202,0.6361472841074314,7.485852715892569,0.6361472841074314,7.601054715892569,0.3685880390502179,6.358942960949782,0.4850640731008853,7.052802926899114,2.607541277857491,0.5614486123797346,0.02582663616946779,0.5522205099573397,0.028163246007824324,0.5557036517857499,0.040010662928574,0.8628366889712098,0.06730126173975436,,,0.5522205099573397,0.028163246007824324,,
HD65187,104,False,Faint,False,HD65187,5.51893392053792e+18,,,,,TYC 8135-4356-1,2MASS J07552574-4639570,J075525.77-463957.0,5.51893392053792e+18,5.51893392053792e+18,HD65187,2MASS J07552574-4639570,K3III,C,K3III,,,,,,,,,,,,,,,,,,,7.9743,0.001,9.619,0.02,7.956,0.011000000000000001,0.94,-0.21,7.06,0.64,,5.532,0.037000000000000005,0.040999999999999995,199356,4.922,0.011000000000000001,0.018000000000000002,149662,4.681,0.011000000000000001,0.018000000000000002,109401.0,AAA,000,15.4,,J075525.77-463957.0,4.57, 0.263, 4.444, 0.116,4.618,0.015,4.537, 0.027,4.1,    9.4,72.6,39.7,0.20800000000000002, 0.210,0.0,0.0,0000,BBAA,,0.851,1.663,0.033,0.081,118.85729906984163,-46.66582185473182,1.2578831723498702,1.2647331723498705,0.015137916000000001,-1.6457392832238291,6.837457072142189,True,7.3878714343636736,0.000184,8.078861999999999,0.000816,6.583959599999999,0.000503,790.680613,,118.85729906984,-46.66582185473,1.2579,1.2647331723498703,0.0151,-1.646,6.837,False,7.385466,0.002761,8.078861999999999,0.002907,6.58396,0.0038130000000000004,848.7711,,,1.2579,0.0151,Gaia DR3,789.297424,778.523193,798.8731690000001,792.106262,783.370056,801.050415,0.600807,0.014805,0.703,0.0,LDD_VW3,GOOD,,,True,,260.9685338,-9.400874878,HD65187,792.106262,8.840179500000033,Bailer-Jones rpgeo,9.18896837055246,0.02,7.794732192592705,0.011000000000000001,0.12423617795975561,0.3851321516752424,legacy,0.5030471136214423,8.68592125693102,0.3838869324303852,7.41084526016232,0.4036821910259574,7.570617808974043,0.5381370039574299,9.080862996042569,0.40002408126695793,7.555975918733043,0.40002408126695793,7.678837918733041,0.23177665828429908,6.352183341715701,0.30501947433453397,7.080446525665466,2.756803021083303,0.5992260995552077,0.02756440057953955,0.5808773836620542,0.02962474656676476,0.5888722204522071,0.042398799872558915,1.4220503570043554,0.11091992784633971,,,0.5808773836620542,0.02962474656676476,,
HD65491,104,False,Bright,False,HD65491,5.53304377715497e+18,,,,,TYC 7658-3974-1,2MASS J07570752-4329022,J075707.45-432902.3,5.53304377715497e+18,5.53304377715497e+18,HD65491,2MASS J07570752-4329022,G8III,C,G8III,,,,,,,,,,,,,,,,,,,,,8.381,0.016,7.195,0.01,,,,,,5.315,0.001,0.017,252017,4.834,0.031,0.034,168000,4.638999999999999,0.011000000000000001,0.018000000000000002,113716.0,EEA,d00,17.1,,J075707.45-432902.3,4.59, 0.285, 4.430, 0.123,4.588,0.016,4.5489999999999995, 0.025,3.8,    8.8,68.4,42.9,0.20800000000000002, 0.207,0.0,0.0,0h00,BBAA,,0.6759999999999999,1.186,0.040999999999999995,0.039,119.28091542993113,-43.483940094076786,4.755823847657818,4.763399847657818,0.011632935,-64.58153486017603,-5.850550719751076,False,6.8238284545209416,0.00013000000000000002,7.330922999999999,0.000535,6.1451883,0.0006349999999999999,209.93408739999998,,119.28091542993,-43.48394009408,4.7558,4.763399847657818,0.0116,-64.582,-5.851,False,6.818505,0.002758,7.330922999999999,0.002841,6.145188,0.003832,209.6126,,,4.7558,0.0116,Gaia DR3,209.914581,209.4189,210.409622,209.817429,209.232376,210.2854,0.5585760000000001,0.013147,0.8490000000000001,0.0,LDD_VW3,GOOD,,,True,,258.3408773,-7.540855212,HD65491,209.817429,0.526512000000011,Bailer-Jones rpgeo,8.104708632679024,0.016,7.081339917836827,0.01,0.08336871484219754,0.2584430160108124,legacy,0.3375698774416729,7.767138755237351,0.25760741135969256,6.823732506477135,0.2708910240414705,,0.3611169561534196,8.01988304384658,0.26843624867436056,6.92656375132564,0.26843624867436056,7.062486751325639,0.15553377807421404,5.989654221925786,0.2046833860693148,6.613821613930686,2.180498278737468,0.5533151411577603,0.025452496493256968,0.5603689511217214,0.02857881650720779,0.5587474630527159,0.040229817339795554,0.5093513355927484,0.03972940417623437,,,0.5603689511217214,0.02857881650720779,,
HD66162,104,False,Bright,False,HD66162,5.519076444734073e+18,,,,,TYC 8135-4085-1,2MASS J08001499-4547359,J080014.94-454735.2,5.519076444734073e+18,5.519076444734073e+18,HD66162,2MASS J08001499-4547359,K0III,C,K0III,,,,,,,,,,,,,,,,,,,7.2313,0.001,8.408,0.017,7.193,0.01,4.29,-64.44,76.05,0.58,,5.291,0.011000000000000001,0.02,257650,4.765,0.075,0.076,185315,4.59,0.003,0.015,118965.0,EEE,000,15.6,,J080014.94-454735.2,4.519, 0.249, 4.335, 0.159,4.5489999999999995,0.013999999999999999,4.489, 0.025,4.4,    6.8,75.7,43.6,0.204, 0.210,0.0,0.0,HHH0,BBAA,,0.701,1.215,0.03,0.06,120.06206495338692,-45.79298488385531,4.640980631199,4.647587631198999,0.014589346000000001,-62.70855867441067,75.80712280938782,False,6.790384226585988,0.00013700000000000002,7.306578,0.000576,6.1028085,0.000813,215.1653889,,120.06206495338999,-45.792984883859994,4.6410,4.6475876311989985,0.0146,-62.709,75.807,False,6.784876,0.002759,7.306578,0.002849,6.102809,0.0038659999999999996,,,,4.6410,0.0146,Gaia DR3,215.28453100000002,214.668671,215.89149500000002,215.19708300000002,214.45277400000003,215.861069,0.585487,0.018916,0.12300000000000001,0.0,LDD_VW3,GOOD,,,True,,260.63207880000004,-8.240774275,HD66162,215.19708300000002,0.7041474999999764,Bailer-Jones rpgeo,8.12213215542061,0.017,7.076764172937687,0.01,0.045367982482923175,0.14064074569706184,legacy,0.18370037628053532,7.938431779140075,0.1401860223965239,6.9365781505411634,0.14741476172155182,7.083885238278448,0.1965143372074923,8.211485662792507,0.1460789104245113,7.046921089575489,0.1460789104245113,7.160499089575489,0.08463910871758144,6.018169891282418,0.11138557540817311,6.673490424591827,2.3954928904338466,0.5985815193152016,0.027534749888499275,0.5783145998893768,0.029494044594358216,0.5827814785412103,0.04196026645496714,0.5693422039704455,0.04440869190969475,,,0.5783145998893768,0.029494044594358216,,
HD67523,104,True,Both,False,rhoPup,5.698015743046182e+18,,,,rhoPup,TYC 6555-3245-1,2MASS J08073264-2418154,J080732.59-241814.8,5.698015743040715e+18,5.698015743046182e+18,HD67523,2MASS J08073264-2418154,F5IIkF2IImF5II,C,F5II,6346.0,100.0,2.396,0.2,7.535,0.085,0.1,,,15.0,,,,,,,,,2.9157,0.0038,3.322,0.013999999999999999,2.842,0.009000000000000001,51.99,-83.29,46.38,0.66,,2.171,0.316,0.316,1000000,2.084,0.20800000000000002,0.20800000000000002,1000000,2.022,0.254,0.254,1000000.0,DCD,000,50.0,,J080732.59-241814.8,-0.22699999999999998,      ,-0.061,      ,1.9609999999999999,0.019,1.8559999999999999, 0.014,0.3,    0.9,58.7,78.4,0.264, 0.233,0.23199999999999998,0.0,hh00,UUAA,,0.149,0.48,-2.083,0.105,121.88562997976891,-24.304115553778075,51.39988628348321,51.42364628348322,0.2445377,-82.88573139167518,46.92999524626171,False,2.750266518449449,0.002330039,3.029654753309419,0.027607222999999997,2.356940760087051,0.014427273999999999,19.44630675,,121.88562997976999,-24.304115553779997,51.3999,51.3999,0.2445,-82.886,46.930,False,2.7505889999999997,0.0036079999999999997,3.302004,0.027748000000000002,2.5121740000000004,0.014913999999999998,,,,51.3999,0.2445,Gaia DR3,19.447221799999998,19.368118300000003,19.5279713,19.456121399999997,19.366220499999997,19.5408382,1.588167,0.167906,0.00967,4.0,LDD_VW3,GOOD,,,True,,243.14794959999998,4.4016896480000005,HD67523,19.456121399999997,0.08730885000000121,Bailer-Jones rpgeo,3.237169327852664,0.013999999999999999,2.7896137736343243,0.009000000000000001,0.0,0.0,legacy_assumed_zero,0.0,3.237169327852664,0.0,2.7896137736343243,0.0,2.9157,0.0,3.322,0.0,2.842,0.0,3.302004,0.0,2.5121740000000004,0.0,2.7505889999999997,0.7353126634366516,1.4741016494264256,0.06780867587361557,1.656883329145853,0.0845010497864385,1.6604564314206338,0.11955286306228563,1.5516122543369948,0.12102575583828559,1.8163770348086052,0.08173696656638724,1.656883329145853,0.0845010497864385,6543.461012922748,79.0
HD59936,104,False,Faint,False,HD59936,5.716554093201801e+18,,,,,TYC 5987-557-1,2MASS J07313017-1930408,J073130.18-193040.7,5.716554093201801e+18,5.716554093201801e+18,HD59936,2MASS J07313017-1930408,K2III,C,K2III,,,,,,,,,,,,,,,,,,,7.6416,0.0014,9.535,0.02,7.718999999999999,0.011000000000000001,0.39,-4.24,1.51,0.9,,5.025,0.276,0.276,286702,3.955,0.272,0.272,340338,3.823,0.278,0.278,217380.0,DDD,00d,29.7,,J073130.18-193040.7,3.523, 0.384, 3.348, 0.270,3.515,0.016,3.3989999999999996, 0.025,2.8,    4.0,69.9,44.0,0.245, 0.220,0.043,0.0,000d,CBAA,,1.202,1.8159999999999998,0.124,0.11599999999999999,112.87570199794676,-19.51131061485361,0.7172479491828202,0.7362739491828202,0.018735778,-4.671678405880378,1.8954649985477223,False,6.8997336537760106,0.000239,7.7793765,0.000732,5.969451,0.0007599999999999999,1358.190115,,112.87570199795,-19.51131061485,0.7172,0.7362739491828202,0.0187,-4.672,1.895,False,6.894827,0.0027660000000000002,7.779375999999999,0.002885,5.969451,0.003855,,,,0.7172,0.0187,Gaia DR3,1371.11841,1333.47656,1402.63354,1365.17053,1334.41907,1399.00854,0.899452,0.083878,0.36700000000000005,0.0,LDD_VW3,GOOD,,,True,,234.77161519999999,-0.366197111,HD59936,1365.17053,32.29473500000006,Bailer-Jones rpgeo,9.052564298616376,0.02,7.538795392129416,0.011000000000000001,0.35376890648696,1.096683610109576,legacy,1.4324525288835537,7.620111769732823,1.0931377842654137,6.445657607864002,1.149505801231057,6.492094198768943,1.5323727963674014,8.0026272036326,1.1390891455474788,6.579910854452521,1.1390891455474788,6.640286854452521,0.6599959552603061,5.309455044739694,0.8685586410064069,6.026268358993593,2.87166564734046,1.0021467203030487,0.04609874913394024,0.9773051978818694,0.04984256509197534,1.0066816729568946,0.07248108045289642,1.3492661072480083,0.10524275636534465,,,0.9773051978818694,0.04984256509197534,,
HD63734,104,False,Faint,False,HD63734,5.715806665811909e+18,,,,,TYC 5989-2854-1,2MASS J07494076-1930199,J074940.74-193019.8,5.715806665811909e+18,5.715806665811909e+18,HD63734,2MASS J07494076-1930199,K2III,C,K2III,,,,,,,,,,,,,,,,,,,6.6512,0.001,8.09,0.015,6.617000000000001,0.009000000000000001,7.82,-59.12,-14.15,0.77,,4.821000000000001,0.258,0.258,456068,4.093999999999999,0.23800000000000002,0.23800000000000002,485635,3.945,0.23600000000000002,0.23600000000000002,208171.0,DDD,d00,24.2,,J074940.74-193019.8,3.676, 0.409, 3.318, 0.283,3.6860000000000004,0.015,3.602, 0.023,2.7,    3.8,73.5,46.3,0.239, 0.224,0.015,0.0,0h00,CBAA,,0.8759999999999999,1.473,0.07400000000000001,0.084,117.419549394345,-19.505580674104397,8.455784732388349,8.473923732388347,0.019284135,-61.13962304108697,-14.128440717462981,False,6.1162571475490575,0.000286,6.713671000000001,0.001410773,5.3635316,0.001098751,118.00908659999999,,117.41954939435,-19.505580674100003,8.4558,8.473923732388348,0.0193,-61.140,-14.128,False,6.107049,0.00277,6.713671000000001,0.003127,5.363532,0.003936,116.7682,,,8.4558,0.0193,Gaia DR3,118.032455,117.80281799999999,118.300331,118.022545,117.724709,118.30233,0.793818,0.068972,0.129,0.0,LDD_VW3,GOOD,,,True,,236.8805625,3.362068278,HD63734,118.022545,0.28881049999999675,Bailer-Jones rpgeo,7.722073330114866,0.015,6.4766903070494655,0.009000000000000001,0.08538302306540069,0.26468737150274213,legacy,0.34572605186901656,7.3763472782458495,0.26383157743976343,6.212858729609702,0.27743614133578753,6.373763858664213,0.36984206191635194,7.720157938083648,0.27492205506029377,6.342077944939707,0.27492205506029377,6.438748944939707,0.1592916981615484,5.2042403018384515,0.20962883147401953,5.89742016852598,2.6297461994532703,0.9630922684277291,0.04430224434767553,0.8712982667838145,0.04443621160597454,0.8882326828638856,0.06395275316619976,1.4313559044337199,0.11164576054583014,,,0.8712982667838145,0.04443621160597454,,
HD71231,104,False,Faint,False,HR3317,5.70828312005396e+18,,,,,TYC 6002-1632-1,2MASS J08253936-1726219,J082539.34-172621.6,5.70828312005396e+18,5.70828312005396e+18,HD71231,2MASS J08253936-1726219,K1III,C,K1III,,,,,,,,,,,,,,,,,,,6.6006,0.0008,8.055,0.016,6.56,0.01,4.67,-11.58,-0.7,0.81,,4.571000000000001,0.23199999999999998,0.23199999999999998,483092,3.873,0.256,0.256,379936,3.782,0.23,0.23,210678.0,DDD,000,22.2,,J082539.34-172621.6,3.6310000000000002, 0.465, 3.332, 0.220,3.6210000000000004,0.013999999999999999,3.554, 0.025,2.3,    4.9,78.4,43.4,0.23199999999999998, 0.209,0.026000000000000002,0.0,0000,CBAA,,0.789,1.495,0.077,0.067,126.41395648058901,-17.439414109119642,4.4286358446608425,4.449230844660843,0.023768242000000002,-11.187968115783784,-1.5234355659406078,False,6.0959275382135045,0.000271,6.692686,0.001185755,5.3441873,0.001030408,224.7579492,,126.41395648058999,-17.43941410912,4.4286,4.449230844660843,0.0238,-11.188,-1.523,False,6.086614,0.002769,6.692686,0.003032,5.344187000000001,0.003917,227.8898,,,4.4286,0.0238,Gaia DR3,225.007812,223.632339,226.02590899999998,224.85484300000002,223.64415,225.832565,0.8778219999999999,0.07571,0.0519,0.0,LDD_VW3,GOOD,,,True,,239.66963019999997,11.69212525,HD71231,224.85484300000002,1.094207499999996,Bailer-Jones rpgeo,7.679643322565241,0.016,6.417491640365028,0.01,0.19215168220021295,0.5956702148206602,legacy,0.7780450968125705,6.90159822575267,0.5937442784586698,5.823747361906358,0.6243609015807976,5.976239098419202,0.832317383412253,7.222682616587747,0.618703033193278,5.941296966806721,0.618703033193278,6.073982966806722,0.35848072208482484,4.985706277915176,0.47176278327067656,5.614851216729323,2.225266391168053,0.9011151823867523,0.0414512983897906,0.8721567978642457,0.04447999669107653,0.883137901581266,0.06358592891385116,1.2202334202804528,0.09517820678187532,,,0.8721567978642457,0.04447999669107653,,
HD121370,105,True,Both,False,HD121370,1.2449463715404795e+18,HD121370,eta Boo,,etaBoo,TYC 1470-1157-1,2MASS J13544106+1823514,J135441.04+182348.1,1.244946371540224e+18,1.2449463715404795e+18,HD121370,2MASS J13544106+1823514,G0IV,B,G0IV,6155.0,100.0,3.7889,0.2,7.809,0.359,0.1,,,18.0,,,,,,,,,2.7957,0.0004,3.38,0.013999999999999999,2.719,0.009000000000000001,88.17,-60.95,-358.1,0.75,,1.7930000000000001,0.306,0.306,1000000,1.534,0.154,0.154,1000000,1.485,0.17,0.17,1000000.0,DBC,000,59.5,,J135441.04+182348.1,-0.845,      ,-0.226,      ,1.4469999999999998,0.021,1.354, 0.013,0.3,    0.7,52.1,81.0,0.22699999999999998, 0.205,0.253,0.0,hh00,UUAA,,0.308,0.6609999999999999,-2.199,0.09300000000000001,208.67086285879768,18.396122735035263,,,,,,False,2.5546639983355006,0.0023637470000000002,2.9200869189307435,0.030993014,2.096450071456952,0.018708008,,,208.6708628588,18.39612273504,, , , , ,False,2.558358,0.0036299999999999995,3.258159,0.031118,2.3572319999999998,0.019086000000000002,,,, , ,,,,,,,,2.130985,0.218244,0.000299,4.0,LDD_VW3,GOOD,,,True,,5.2834264939999995,73.02967107,HD121370,11.341726210729274,0.09647606507935753,Hipparcos parallax,3.249256053244203,0.013999999999999999,2.650184147399687,0.009000000000000001,0.0,0.0,legacy_assumed_zero,0.0,3.249256053244203,0.0,2.650184147399687,0.0,2.7957,0.0,3.38,0.0,2.719,0.0,3.258159,0.0,2.3572319999999998,0.0,2.558358,0.7986471164417445,1.6335117125259773,0.07514153877619495,2.170808498235271,0.1107112334099988,2.197252391015103,0.15820217215308743,1.9222913082904836,0.14993872204665773,2.2051474643604494,0.09923163589622022,2.170808498235271,0.1107112334099988,6105.255761082652,79.0
HD118839,105,False,Faint,False,HD118839,1.24783832763917e+18,,,,,TYC 1462-933-1,2MASS J13390229+1815553,J133902.25+181555.0,1.24783832763917e+18,1.24783832763917e+18,HD118839,2MASS J13390229+1815553,K2II-III,C,K2II,,,,,,,,,,,,,,,,,,,6.6273,0.0009,8.046,0.016,6.596,0.01,4.42,-47.37,-20.23,0.82,,4.845,0.218,0.218,416323,4.0889999999999995,0.23399999999999999,0.23399999999999999,396561,4.037,0.23199999999999998,0.23199999999999998,243568.0,DDD,000,43.7,,J133902.25+181555.0,3.667, 0.448, 3.448, 0.326,3.654,0.015,3.574, 0.020,2.4,    3.3,71.8,55.6,0.205, 0.201,0.024,0.0,0000,CBAA,,0.8079999999999999,1.45,0.09300000000000001,0.08,204.7592999225544,18.26522507782369,5.6219660940860585,5.656146094086058,0.021913556,-46.666692922927744,-21.378279917987527,False,6.121291876366675,0.000198,6.716868400000001,0.0008609999999999999,5.3693085,0.0012179369999999999,176.79882790000002,,204.75929992255,18.265225077820002,5.6220,5.656146094086059,0.0219,-46.667,-21.378,False,6.1121099999999995,0.002762,6.716867999999999,0.00292,5.369308,0.003971,,,,5.6220,0.0219,Gaia DR3,176.81758100000002,176.099701,177.503784,176.668701,175.939774,177.288162,0.774226,0.061382000000000006,0.154,0.0,LDD_VW3,GOOD,,,True,,356.4557303,75.90587388,HD118839,176.668701,0.674194,Bailer-Jones rpgeo,7.686,0.016,6.458,0.01,-0.06200000000000028,-0.19220000000000087,legacy,-0.2510454004358757,7.937045400435876,-0.1915785739834491,6.649578573983449,-0.20145738749075978,6.82875738749076,-0.26855699195904686,8.314556991959046,-0.1996318097179838,6.7956318097179835,-0.1996318097179838,6.916499809717982,-0.11566802077798624,5.484976020777986,-0.15221981003687338,6.264329810036873,2.9335100674488306,0.9472462861002241,0.043573329160610304,0.9220373054615968,0.047023902578541436,0.9305809194903785,0.06700182620330725,2.1622212603374305,0.16865325830631955,,,0.9220373054615968,0.047023902578541436,,
HD120540,105,False,Faint,False,HD120540,1.248230990729297e+18,,,,,TYC 1463-35-1,2MASS J13495080+1920494,J134950.79+192049.3,1.248230990729297e+18,1.248230990729297e+18,HD120540,2MASS J13495080+1920494,K0,E,K0,,,,,,,,,,,,,,,,,,,7.8031,0.0014,9.337,0.018000000000000002,7.765,0.01,5.18,-37.03,5.12,0.94,,5.501,0.003,0.017,212339,4.913,0.011000000000000001,0.018000000000000002,156210,4.773,0.009000000000000001,0.017,115404.0,EAA,000,19.9,,J134950.79+192049.3,4.671, 0.282, 4.651, 0.086,4.753,0.015,4.665, 0.027,3.8,   12.6,73.0,40.4,0.2, 0.192,0.0,0.0,0000,BAAA,,0.728,1.5719999999999998,0.006,0.08800000000000001,207.46152093593602,19.34705662380795,5.028511286440739,5.0618892864407385,0.024414243,-35.658010353383865,3.5765798061788368,False,7.266094515652242,0.000172,7.8957143,0.000554,6.503027400000001,0.000531,197.5546962,,207.46152093593997,19.34705662381,5.0285,5.0618892864407385,0.0244,-35.658,3.577,False,7.263103,0.002761,7.895714,0.002845,6.5030269999999994,0.0038159999999999995,204.4648,,,5.0285,0.0244,Gaia DR3,197.589493,196.52883899999998,198.648575,197.588791,196.587601,198.654968,0.5621520000000001,0.012061,0.0386,0.0,LDD_VW3,GOOD,,,True,,5.875644163,74.50831459999999,HD120540,197.588791,1.033683499999995,Bailer-Jones rpgeo,8.936564587250523,0.018000000000000002,7.61447594815912,0.01,0.07208863909140284,0.22347478118334882,legacy,0.2918955043157817,8.64466908293474,0.22275223673449063,7.391723711424629,0.23423853063093886,7.568861469369061,0.3122565817549745,9.024743418245025,0.23211589486973025,7.532884105130269,0.23211589486973025,7.663598105130269,0.13448951942388868,6.36853748057611,0.17698901529532282,7.086113984704677,2.6822928279263136,0.5777736767327866,0.02657758912970818,0.5384012912236871,0.02745846585240804,0.5492211961733384,0.039543926124480364,1.2747088862720168,0.09942729312921732,,,0.5384012912236871,0.02745846585240804,,
HD124850,105,True,Both,False,HD124850,3.6408287315499725e+18,HD124850,iot Vir,,iotVir,TYC 4982-1645-1,2MASS J14160086-0600016,J141600.87-060006.3,3.6408287315496684e+18,3.6408287315499725e+18,HD124850,2MASS J14160086-0600016,F7III,C,F7III,5935.0,100.0,2.926,0.2,6.921,-0.529,0.1,,,17.0,,,,,,,,,4.1854,0.0005,4.677,0.013999999999999999,4.126,0.009000000000000001,46.74,-25.84,-419.84,0.87,,3.14,0.266,0.266,1000000,2.909,0.23600000000000002,0.23600000000000002,1000000,2.801,0.266,0.266,597063.0,DDD,000,30.0,,J141600.87-060006.3,1.808,      , 1.564,      ,2.843,0.008,2.773, 0.017,1.2,    1.5,135.1,63.4,0.212, 0.201,0.094,0.0,0h00,UUAA,,0.33899999999999997,0.551,-0.965,0.07,214.00349891646684,-6.002390925763078,45.40143480097189,45.44129780097189,0.28581938,-26.60604012053944,-414.8655857693057,False,3.9540219966829016,0.00254801,4.208345,0.0010629139999999999,3.4934862,0.007091684,22.00641373,,214.00349891647,-6.002390925759999,45.4014,45.4014,0.2858,-26.606,-414.866,False,3.9420370000000005,0.0037530000000000003,4.208345,0.002986,3.493486,0.008036,,,,45.4014,0.2858,Gaia DR3,22.0165672,21.838975899999998,22.1561985,21.9883595,21.841812100000002,22.0980358,1.1304610000000002,0.10144299999999999,0.00504,0.0,LDD_VW3,GOOD,,,True,,337.7388621,51.06305714,HD124850,21.9883595,0.1281118499999998,Bailer-Jones rpgeo,4.5727318595692825,0.013999999999999999,4.066894219573948,0.009000000000000001,0.0,0.0,legacy_assumed_zero,0.0,4.5727318595692825,0.0,4.066894219573948,0.0,4.1854,0.0,4.677,0.0,4.126,0.0,4.208345,0.0,3.493486,0.0,3.9420370000000005,1.4201396416646686,1.2409160345377985,0.05708213758873873,1.1434702153876775,0.058316980984771546,1.1427601079087368,0.08227872776942906,0.9100777597054623,0.07098606525702605,1.2209845370252062,0.05494430416613427,1.1434702153876775,0.058316980984771546,6091.020826754452,79.0
HD125490,105,False,Both,False,HD125490,3.639919985189323e+18,,,,,TYC 4982-1647-1,2MASS J14195320-0644461,J141953.14-064446.4,3.639919985189323e+18,3.639919985189323e+18,HD125490,2MASS J14195320-0644461,K0III,C,K0III,,,,,,,,,,,,,,,,,,,6.5845,0.001,7.601,0.016,6.54,0.01,10.82,-90.74,-23.53,0.81,,5.077,0.284,0.284,292840,4.502,0.075,0.076,228092,4.305,0.013000000000000001,0.02,149424.0,DEE,000,18.9,,J141953.14-064446.4,4.22, 0.288, 4.010, 0.154,4.254,0.013999999999999999,4.204, 0.027,3.8,    7.0,78.6,39.7,0.18, 0.184,0.0,0.0,0000,BBAA,,0.772,1.061,0.016,0.05,214.971261284406,-6.74627655058382,6.18986902875236,6.2271800287523575,0.16800325,-89.95724694206129,-26.33929096872609,False,6.201212089205438,0.000306,6.647247,0.000907,5.5677137000000005,0.0016927029999999998,160.5863321,,214.97126128441002,-6.746276550580001,6.1899,6.22718002875236,0.1680,-89.957,-26.339,False,6.192451999999999,0.0027719999999999997,6.647247,0.002934,5.567714,0.004141,134.5003,,,6.1899,0.1680,Gaia DR3,161.108871,156.90901200000002,165.320526,160.056671,155.377106,164.406693,0.6330680000000001,0.060249000000000004,0.0865,0.0,LDD_VW3,GOOD,,,True,,338.43135128578,49.92976209,HD125490,160.056671,4.514793499999996,Bailer-Jones rpgeo,7.364893998072846,0.016,6.437130967846227,0.01,-0.0722369697733809,-0.2239346062974808,legacy,-0.2924961129521383,7.657390111024984,-0.22321057513015755,6.660341542976385,-0.23472050339990697,6.819220503399907,-0.31289908565444646,7.913899085654446,-0.2325935000710203,6.772593500071021,-0.2325935000710203,6.879840500071021,-0.1347662471078411,5.70248024710784,-0.17735319058940893,6.369805190589409,2.4874306568494617,0.7188290953241437,0.03306613838491061,0.663578014189819,0.03384247872368076,0.6649898129813234,0.04787926653465528,0.6373797213558905,0.04971561826575946,,,0.663578014189819,0.03384247872368076,,
HD121981,105,False,Faint,False,HD121981,3.619637328551342e+18,,,,,TYC 4974-103-1,2MASS J13585990-0655306,J135859.93-065531.5,3.619637328551342e+18,3.619637328551342e+18,HD121981,2MASS J13585990-0655306,G8IV/V,D,G8IV,,,,,,,,,,,,,,,,,,,7.1132,0.0012,8.213,0.017,7.065,0.011000000000000001,6.71,16.98,-72.44,0.89,,5.239,0.009000000000000001,0.019,279789,4.864,0.075,0.076,187633,4.561,0.011000000000000001,0.018000000000000002,126480.0,EEA,0d0,65.0,,J135859.93-065531.5,4.484, 0.308, 4.339, 0.136,4.504,0.015,4.454, 0.024,3.5,    8.0,74.1,44.7,0.179, 0.184,0.0,0.0,0000,BBAA,,0.6779999999999999,1.148,0.03,0.05,209.74972047793025,-6.925566713971334,7.049334162239329,7.085836162239327,0.020664195,17.687361135831413,-73.83597191449948,False,6.686278479199643,0.000171,7.1846255999999995,0.000572,6.0096300000000005,0.000629,141.12660480000002,,209.74972047793,-6.9255667139699995,7.0493,7.085836162239328,0.0207,17.687,-73.836,False,6.680192,0.002761,7.184626,0.002848,6.0096300000000005,0.003831,140.5412,,,7.0493,0.0207,Gaia DR3,141.098129,140.61888100000002,141.573669,141.324295,140.879501,141.706909,0.563209,0.018236000000000002,1.04,0.0,LDD_VW3,GOOD,,,True,,331.0194204,52.22297775,HD121981,141.324295,0.41370399999999563,Bailer-Jones rpgeo,7.949666609690391,0.017,6.955184906146976,0.011000000000000001,0.155981703543415,0.48354328098458654,legacy,0.6315885359149435,7.318078073775448,0.4819798763283294,6.473205029818647,0.5068333305195877,6.606366669480412,0.6756447920043088,7.537355207995691,0.5022404800204169,6.562759519979584,0.5022404800204169,6.682385519979583,0.29100153107169896,5.718628468928301,0.3829597626226842,6.297232237377315,1.952457355845391,0.5661301620390158,0.026041987453794727,0.5687684046183126,0.02900718863553394,0.5704043235903892,0.04106911129850802,0.4774065597429251,0.03723771165994816,,,0.5687684046183126,0.02900718863553394,,
HD123255,105,False,Faint,False,HD123255,3.6151030456777554e+18,,,,,TYC 5554-1682-1,2MASS J14064283-0918486,J140642.74-091848.3,3.6151030456777554e+18,3.6151030456777554e+18,HD123255,2MASS J14064283-0918486,F2III,C,F2III,,,,,,,,,,,,,,,,,,,5.5468,0.0005,5.876,0.013999999999999999,5.496,0.009000000000000001,18.22,-140.62,4.05,1.07,,4.84,0.033,0.037000000000000005,432942,4.792,0.298,0.298,230202,4.599,0.005,0.016,122129.0,EDA,d00,23.6,,J140642.74-091848.3,4.5360000000000005, 0.309, 4.326, 0.122,4.5969999999999995,0.015,4.485, 0.029,3.5,    8.9,73.8,37.1,0.187, 0.192,0.0,0.0,0000,BBAA,,0.24100000000000002,0.38,0.051,0.11199999999999999,211.67779704141816,-9.313497352055263,17.56269136742913,17.60315436742913,0.09936776,-140.6246265348568,4.024287949749986,False,5.386117126429526,0.0008869999999999999,5.554564,0.001102925,5.062555000000001,0.0019494529999999999,56.80800038,,211.67779704141998,-9.31349735206,17.5627,17.5627,0.0994,-140.625,4.024,False,5.373695,0.002895,5.554564,0.003,5.062555000000001,0.004253,,,,17.5627,0.0994,Gaia DR3,56.8341751,56.515628799999995,57.081863399999996,56.783294700000006,56.4710007,57.099498700000005,0.45988199999999996,0.046037,0.0311,0.0,LDD_VW3,GOOD,,,True,,332.1150994,49.24561920000001,HD123255,56.783294700000006,0.3142490000000038,Bailer-Jones rpgeo,5.807824784495238,0.013999999999999999,5.453052714965215,0.009000000000000001,0.0,0.0,legacy_assumed_zero,0.0,5.807824784495238,0.0,5.453052714965215,0.0,5.5468,0.0,5.876,0.0,5.496,0.0,5.554564,0.0,5.062555000000001,0.0,5.373695,0.9500989869078458,0.49261152894740506,0.02266013033158063,0.4933513089636879,0.02516091675714808,0.49725546463511167,0.035802393453728036,0.41736051895914283,0.03255412047881314,,,0.4933513089636879,0.02516091675714808,,
HD122135,105,False,Bright,False,HD122135,3.616233481069986e+18,,,,,TYC 5554-1081-1,2MASS J14000469-0809418,J140004.65-080942.1,3.616233481069986e+18,3.616233481069986e+18,HD122135,2MASS J14000469-0809418,K0III,C,K0III,,,,,,,,,,,,,,,,,,,6.7307,0.0007,7.9110000000000005,0.016,6.678,0.01,9.29,-25.56,-46.69,0.89,,4.993,0.24600000000000002,0.24600000000000002,339024,4.255,0.20600000000000002,0.20600000000000002,317622,4.156000000000001,0.033,0.036000000000000004,183662.0,DCE,dd0,47.1,,J140004.65-080942.1,4.066, 0.391, 3.835, 0.117,4.093999999999999,0.013999999999999999,4.032, 0.026,2.8,    9.3,76.1,42.4,0.191, 0.209,0.0,0.0,0000,CBAA,,0.8370000000000001,1.2329999999999999,0.034,0.062,210.01937556053971,-8.161850043649826,7.88611750753469,7.9225545075346915,0.021935299999999998,-23.888736616775155,-47.08581602154459,False,6.289621654557762,0.000221,6.8033657000000005,0.001095289,5.600926,0.00142864,126.22191480000001,,210.01937556054,-8.16185004365,7.8861,7.922554507534691,0.0219,-23.889,-47.086,False,6.281337000000001,0.002764,6.8033660000000005,0.002997,5.600926,0.00404,126.6130,,,7.8861,0.0219,Gaia DR3,126.25282299999999,125.970299,126.587921,126.294624,125.976295,126.650589,0.704389,0.05851900000000001,0.175,0.0,LDD_VW3,GOOD,,,True,,330.57483439999993,50.98862362,HD122135,126.294624,0.33714700000000164,Bailer-Jones rpgeo,7.619423794276379,0.016,6.560399025811437,0.01,0.05902476846494231,0.18297678224132116,legacy,0.2389983328212294,7.380425461455149,0.18238517697123957,6.378013848840197,0.19178992987410012,6.538910070125899,0.2556695850003878,7.655330414999613,0.19005195720711873,6.4879480427928815,0.19005195720711873,6.613314042792882,0.11011738943901198,5.490808610560988,0.1449151458581276,6.136421854141873,2.3230252908667497,0.7408286381244016,0.03407811735372247,0.7065565018486853,0.03603438159428295,0.713271284943914,0.05135553251596181,0.7375874615093466,0.057531821997729035,,,0.7065565018486853,0.03603438159428295,,
HD125183,105,False,Bright,False,HD125183,3.640796673914111e+18,,,,,TYC 4982-1407-1,2MASS J14175707-0558172,J141757.06-055817.2,3.640796669617969e+18,3.640796673914111e+18,HD125183,2MASS J14175707-0558172,K3III,C,K3III,,,,,,,,,,,,,,,,,,,7.905,0.0013,9.662,0.023,7.912000000000001,0.012,2.47,-17.97,13.95,1.05,,5.301,0.009000000000000001,0.019,264259,4.694,0.075,0.076,178365,4.4030000000000005,0.009000000000000001,0.017,141325.0,EEA,000,26.5,,J141757.06-055817.2,4.337, 0.321, 4.207, 0.137,4.369,0.015,4.27, 0.021,3.4,    7.9,72.6,52.0,0.188, 0.188,0.0,0.0,0000,BBAA,,0.898,1.75,0.067,0.099,214.48768974352961,-5.971397727004982,1.8914441692535104,1.9272701692535104,0.022162585,-18.832365585782288,14.218908636256227,False,7.284236841511017,0.000314,8.0281725,0.001400965,6.444657,0.000796,518.8686132,,214.48768974353,-5.971397727,1.8914,1.9272701692535104,0.0222,-18.832,14.219,False,7.281335,0.002773,8.028172999999999,0.0031219999999999998,6.444657,0.0038619999999999995,521.8048,,,1.8914,0.0222,Gaia DR3,518.0799559999999,512.524048,525.633667,518.713562,513.472229,525.94989,0.687129,0.02222,0.42200000000000004,0.0,LDD_VW3,GOOD,,,True,,338.4193779,50.84154509,HD125183,518.713562,6.238830500000006,Bailer-Jones rpgeo,9.202000000000002,0.023,7.740000000000001,0.012,0.19200000000000061,0.595200000000002,legacy,0.7774309174788399,8.424569082521161,0.5932755839487449,7.146724416051256,0.6238680386810618,7.2811319613189385,0.831660362195757,8.830339637804244,0.6182146365460136,7.2937853634539875,0.6182146365460136,7.409958363453986,0.358197741764086,6.086459258235914,0.4713903794690266,6.809944620530974,2.7632508921769277,0.6793850206829007,0.03125171095141343,0.6505758384377892,0.03317936776032725,0.6660559583148448,0.04795602899866882,1.6304973413117192,0.1271787926223141,,,0.6505758384377892,0.03317936776032725,,
HD141004,105,True,Both,False,HD141004,4.430238051199001e+18,HD141004,lam Ser,,lamSer,TYC  364-1224-1,2MASS J15462661+0721109,J154626.46+072110.3,4.430238051199001e+18,4.430238051199001e+18,HD141004,2MASS J15462661+0721109,G0-V,B,G0V,5965.0,100.0,4.232,0.2,7.45,0.0,0.1,,,3.0,,,,,,,,,4.5434,0.0006,5.138,0.013999999999999999,4.482,0.009000000000000001,85.08,-225.51,-68.52,0.8,,3.43,0.22,0.22,1000000,3.07,0.21600000000000003,0.21600000000000003,1000000,2.989,0.23,0.23,556955.0,DCD,00d,33.3,,J154626.46+072110.3,2.05,      , 1.948,      ,3.0,0.011000000000000001,2.971, 0.020,1.4,    2.0,94.9,53.0,0.26899999999999996, 0.262,0.086,0.0,hh00,UUAA,,0.441,0.6559999999999999,-0.9209999999999999,0.028999999999999998,236.60988904592514,7.352758689332477,83.921443569609,83.95862656960901,0.15005308,-223.9521808368752,-69.76269002453373,False,4.259992860182064,0.001034524,4.5703483,0.0008380000000000001,3.7878482000000004,0.0024966429999999998,11.91062838,,236.60988904592998,7.352758689330001,83.9214,83.9214,0.1501,-223.952,-69.763,False,4.246856,0.002943,4.570348,0.002913,3.7878480000000003,0.004529999999999999,,,,83.9214,0.1501,Gaia DR3,11.904708900000001,11.8820543,11.9312963,11.909113900000001,11.8861446,11.927558900000001,1.061974,0.083142,0.0358,4.0,LDD_VW3,GOOD,,,True,,15.69562012,44.10378983,HD141004,11.909113900000001,0.020707150000000674,Bailer-Jones rpgeo,5.00848476315981,0.013999999999999999,4.413555523134357,0.009000000000000001,0.0,0.0,legacy_assumed_zero,0.0,5.00848476315981,0.0,4.413555523134357,0.0,4.5434,0.0,5.138,0.0,4.482,0.0,4.570348,0.0,3.7878480000000003,0.0,4.246856,1.5744194126855662,1.1617487793235424,0.05344044384888295,1.081886791786962,0.055176226381135056,1.0622607897166874,0.07648277685960149,0.8495061328782664,0.06626147836450477,1.0447921176274506,0.04701564529323528,1.081886791786962,0.055176226381135056,5975.693519450299,79.0
HD142443,105,False,Both,False,HD142443,4.4265641361759437e+18,,,,,TYC  361-1148-1,2MASS J15542559+0517385,J155425.59+051739.3,4.4265641361759437e+18,4.4265641361759437e+18,HD142443,2MASS J15542559+0517385,K0,E,K0,,,,,,,,,,,,,,,,,,,7.0347,0.0019,8.217,0.017,6.999,0.011000000000000001,11.43,46.92,45.09,1.02,,5.265,0.272,0.272,302991,4.595,0.075,0.076,285700,4.388999999999999,0.011000000000000001,0.018000000000000002,148190.0,DEA,dd0,24.3,,J155425.59+051739.3,4.385, 0.266, 4.144, 0.132,4.343,0.015,4.295, 0.025,4.1,    8.2,72.0,43.2,0.242, 0.228,0.0,0.0,0000,BBAA,,0.8759999999999999,1.218,0.09,0.048,238.60676808809188,5.294267723104925,10.650570396334269,10.685336396334268,0.02043418,44.37950088900014,46.96754111175961,False,6.5894787363060585,0.00011599999999999999,7.1098256,0.0006580000000000001,5.896321299999999,0.0005269999999999999,93.58619728,,238.60676808808998,5.2942677231,10.6506,10.685336396334268,0.0204,44.380,46.968,False,6.582852000000001,0.002758,7.109825999999999,0.002867,5.8963209999999995,0.0038159999999999995,93.6175,,,10.6506,0.0204,Gaia DR3,93.56259159999999,93.3834839,93.750061,93.5821304,93.4248657,93.7693558,0.620725,0.056698,0.13699999999999998,0.0,LDD_VW3,GOOD,,,True,,14.71550163,41.33648843,HD142443,93.5821304,0.1722450500000008,Bailer-Jones rpgeo,7.930175197498317,0.017,6.882533922042465,0.011000000000000001,-0.2023587245441485,-0.6273120460868603,legacy,-0.819374629594816,8.749549827093132,-0.6252838045367318,7.507817726579197,-0.6575267739133267,7.692226773913327,-0.8765298445200906,9.093529844520091,-0.6515683611769543,7.650568361176954,-0.6515683611769543,7.761394361176953,-0.377523115406117,6.273844115406116,-0.49682268724861495,7.079674687248616,3.021660053762974,0.6730863915211033,0.030961974009970746,0.6815744152097193,0.034760295175695684,0.6738711259822698,0.048518721070723435,1.1403482041841315,0.08894715992636225,,,0.6815744152097193,0.034760295175695684,,
HD142639,105,False,Bright,False,HD142639,4.454606905363567e+18,,,,,TYC  943-347-1,2MASS J15552158+0913243,J155521.59+091324.3,4.454606905363567e+18,4.454606905363567e+18,HD142639,2MASS J15552158+0913243,K0,E,K0,,,,,,,,,,,,,,,,,,,7.0673,0.001,8.253,0.016,6.997999999999999,0.01,4.61,4.89,-17.46,0.89,,5.101,0.033,0.037000000000000005,249477,4.663,0.011000000000000001,0.018000000000000002,177300,4.526,0.028999999999999998,0.033,106174.0,EEA,000,56.4,,J155521.59+091324.3,4.455, 0.245, 4.302, 0.112,4.437,0.016,4.398, 0.027,4.4,    9.7,69.5,40.7,0.233, 0.222,0.0,0.0,0000,BBAA,,0.575,1.255,0.057,0.039,238.8399546412116,9.223353523337435,5.4096710362062845,5.443519036206284,0.029379152000000002,-2.739121286521368,-17.22273078358281,False,6.6326773465369175,0.00011899999999999999,7.1408496,0.000646,5.9519459999999995,0.000512,183.70469419999998,,238.83995464121003,9.22335352334,5.4097,5.443519036206285,0.0294,-2.739,-17.223,False,6.626291999999999,0.002758,7.14085,0.0028640000000000002,5.9519459999999995,0.003814, ,,,5.4097,0.0294,Gaia DR3,183.526718,182.55508400000002,184.422928,183.734634,182.80993700000002,184.807129,0.614163,0.014691,0.774,0.0,LDD_VW3,GOOD,,,True,,19.45418861,43.12140387,HD142639,183.734634,0.998595999999992,Bailer-Jones rpgeo,7.95437594141757,0.016,6.87853646388087,0.01,-0.17416052246329983,-0.5398976196362295,legacy,-0.7051967435793586,8.65957268499693,-0.5381520086730852,7.416688472553956,-0.5659019977335807,7.633201997733581,-0.7543875166251549,9.007387516625155,-0.5607738754964187,7.558773875496418,-0.5607738754964187,7.701623875496419,-0.32491617630628733,6.276862176306286,-0.42759163944009676,7.053883639440096,2.889887320439234,0.6479363996836711,0.029805074385448868,0.6419956949994137,0.032741780444970094,0.6342396418276329,0.04566525421158957,1.1962495229114112,0.09330746278709007,,,0.6419956949994137,0.032741780444970094,,
HD139610,105,False,Bright,False,HD139610,1.1652972338284063e+18,,,,,TYC  933-406-1,2MASS J15384955+1036565,J153849.55+103656.7,1.1652972338284063e+18,1.1652972338284063e+18,HD139610,2MASS J15384955+1036565,G5,E,G5,,,,,,,,,,,,,,,,,,,7.2613,0.0013,8.327,0.018000000000000002,7.212999999999999,0.011000000000000001,6.36,17.91,-3.96,1.01,,5.371,0.009000000000000001,0.019,215789,4.883,0.011000000000000001,0.018000000000000002,166230,4.743,0.019,0.024,78382.7,AAA,000,45.3,,J153849.55+103656.7,4.69, 0.184, 4.569, 0.072,4.692,0.013999999999999999,4.606, 0.032,5.9,   15.1,74.9,33.9,0.223, 0.200,0.0,0.0,h000,BAAA,,0.628,1.114,0.084,0.086,234.7065132445507,10.615734911447342,5.392251128579769,5.426004128579769,0.018418366000000002,17.664457325114256,-4.3997737347805295,False,6.839425225962674,0.000154,7.3288455,0.000589,6.173188,0.000659,184.2976851,,234.70651324455002,10.61573491145,5.3923,5.426004128579768,0.0184,17.664,-4.400,False,6.834188,0.0027600000000000003,7.328844999999999,0.002852,6.173188,0.003836,183.8814,,,5.3923,0.0184,Gaia DR3,184.217728,183.640533,184.853134,184.401474,183.790192,184.88295,0.52075,0.011706999999999999,0.804,0.0,LDD_VW3,GOOD,,,True,,18.40532609,47.36068863,HD139610,184.401474,0.5463790000000017,Bailer-Jones rpgeo,8.074612086580041,0.018000000000000002,7.1059377450824375,0.011000000000000001,-0.06132565850239646,-0.19010954135742905,legacy,-0.24831491122141638,8.322926997801458,-0.1894948742658878,7.295432619348325,-0.19926624109747154,7.460566241097472,-0.2656360383437301,8.59263603834373,-0.19746051917710342,7.410460519177103,-0.19746051917710342,7.526305519177103,-0.11440996035288468,6.287597960352884,-0.15056419496162768,6.984752194961628,2.5992398896679245,0.5742552096671312,0.026415739644688033,0.5519975514677072,0.028151875124853065,0.5627712006513921,0.04051952644690023,0.522460068870673,0.040751885371912495,,,0.5519975514677072,0.028151875124853065,,
HD142862,105,False,Faint,False,HD142862,4.4267056639343406e+18,,,,,TYC  365-736-1,2MASS J15564136+0554398,J155641.38+055439.3,4.4267056639343406e+18,4.4267056639343406e+18,HD142862,2MASS J15564136+0554398,K0,E,K0,,,,,,,,,,,,,,,,,,,7.5486,0.002,8.8,0.019,7.517,0.012,5.09,13.57,-52.01,1.23,,5.544,0.015,0.023,218690,4.998,0.013000000000000001,0.02,171676,4.838,0.005,0.016,91457.6,AAA,000,31.0,,J155641.38+055439.3,4.822, 0.189, 4.719, 0.080,4.788,0.015,4.747, 0.031,5.7,   13.5,72.7,34.7,0.217, 0.207,0.0,0.003,0000,BAAA,,0.706,1.2830000000000001,0.075,0.040999999999999995,239.17244816223723,5.9108549323724064,5.133602979915608,5.167862979915608,0.022294942,12.02441519174358,-52.236336779021734,False,7.0872139210331735,0.000143,7.625654700000001,0.000344,6.388262,0.000554,193.5035824,,239.17244816224,5.9108549323699995,5.1336,5.167862979915609,0.0223,12.024,-52.236,False,7.083311999999999,0.002759,7.625655,0.002811,6.388262,0.0038200000000000005,192.7441,,,5.1336,0.0223,Gaia DR3,193.476791,192.49938999999998,194.262939,193.501816,192.767441,194.259949,0.52735,0.011581000000000001,0.6509999999999999,0.0,LDD_VW3,GOOD,,,True,,15.80637413,41.17954484,HD142862,193.501816,0.7462540000000075,Bailer-Jones rpgeo,8.492251057053227,0.019,7.394670835981197,0.012,-0.15241977892796932,-0.4725013146767049,legacy,-0.6171658779890247,9.109416935042253,-0.4709736111918193,7.8656444471730165,-0.4952595236249632,8.043859523624963,-0.6602160861928738,9.460216086192874,-0.49077155329363537,8.007771553293635,-0.49077155329363537,8.116426553293635,-0.28435635735510234,6.672618357355103,-0.3742146741012519,7.457526674101251,2.968225804830235,0.5525968976416109,0.0254194572915141,0.5509749169434296,0.028099720764114905,0.5437860844543103,0.039152598080710345,0.9772534229747711,0.07622576699203215,,,0.5509749169434296,0.028099720764114905,,
HD143129,105,False,Faint,False,HD143129,4.4257135952114657e+18,,,,,TYC  361-606-1,2MASS J15582874+0445176,J155828.72+044517.6,4.4257135952114657e+18,4.4257135952114657e+18,HD143129,2MASS J15582874+0445176,K0,E,K0,,,,,,,,,,,,,,,,,,,7.255,0.0011,8.375,0.017,7.1979999999999995,0.011000000000000001,6.29,-19.82,11.68,1.09,,5.388999999999999,0.015,0.023,243686,4.904,0.013000000000000001,0.02,174707,4.73,0.017,0.023,101023.0,AAA,000,52.1,,J155828.72+044517.6,4.724, 0.208, 4.580, 0.104,4.727,0.016,4.638999999999999, 0.029,5.2,   10.4,66.4,38.0,0.22699999999999998, 0.214,0.0,0.0,0000,BAAA,,0.659,1.177,0.085,0.08800000000000001,239.61965430605133,4.7549259208392165,4.206716431328067,4.2415534313280645,0.02719238,-17.968824479932522,8.267030213481808,False,6.831819607855341,0.000125,7.323371000000001,0.000736,6.1661095999999995,0.0005059999999999999,235.762679,,239.61965430605,4.75492592084,4.2067,4.241553431328065,0.0272,-17.969,8.267,False,6.826541000000001,0.002758,7.323371000000001,0.002886,6.16611,0.0038130000000000004,227.8849,,,4.2067,0.0272,Gaia DR3,235.85582000000002,234.439529,237.24687200000002,235.24281299999998,233.79567000000003,236.46125800000002,0.5466270000000001,0.012004,0.968,0.0,LDD_VW3,GOOD,,,True,,14.81515893,40.19488698,HD143129,235.24281299999998,1.3327939999999927,Bailer-Jones rpgeo,8.101790735474083,0.017,7.085264976771828,0.011000000000000001,-0.23347424129774552,-0.7237701480230111,legacy,-0.9453650709363632,9.047155806410446,-0.7214300356401546,7.806695012411983,-0.7586308177134008,8.0136308177134,-1.011308708755531,9.38630870875553,-0.7517562147226122,7.949756214722612,-0.7517562147226122,8.075127214722613,-0.43557263537987223,6.601682635379872,-0.5732162041749322,7.399757204174933,2.9855870095620287,0.5738238069170967,0.026395895118186442,0.5667758925514933,0.02890557052012616,0.5734107591998543,0.04128557466238951,0.987292392330434,0.07700880660177384,,,0.5667758925514933,0.02890557052012616,,
HD142860,105,True,Both,False,HD142860,1.193030490492926e+18,HD142860,gam Ser,,gamSer,TYC 1496-2119-1,2MASS J15562720+1539413,J155627.41+153928.7,1.193030490492926e+18,1.193030490492926e+18,HD142860,2MASS J15562720+1539413,F6V,C,F6V,6236.0,100.0,4.1822,0.2,7.2882,-0.1618,0.1,,,7.0,,,,,,,,,3.9456,0.0008,4.4,0.013999999999999999,3.8819999999999997,0.009000000000000001,89.92,311.2,-1282.17,0.72,,3.1489999999999996,0.242,0.242,1000000,2.875,0.22399999999999998,0.22399999999999998,952599,2.7030000000000003,0.314,0.314,676426.0,DDD,000,33.0,,J155627.41+153928.7,1.276,      , 1.159,      ,2.677,0.006999999999999999,2.628, 0.018,0.8,    1.2,149.8,60.1,0.242, 0.242,0.111,0.0,hh00,UUAA,,0.446,0.518,-1.3519999999999999,0.049,239.11469743534352,15.655912590196278,89.56466413447798,89.60014813447796,0.18347327,311.18254717012934,-1282.7670369101927,False,3.7049396846694544,0.001130761,3.966941107249724,0.006399783,3.2667031321928106,0.001809235,11.16069583,,239.11379171647002,15.66212632135, , , , , ,False,19.394779999999997,0.013866,18.42449,0.714725,16.826643,0.45486800000000005,,,, , ,,11.1594429,11.1390352,11.1794395,11.1588602,11.1384172,11.1825581,,,,,LDD_VW3,GOOD,,,True,,27.72270635,45.69244615,HD142860,11.1588602,0.022070450000000186,Bailer-Jones rpgeo,4.305840993984093,0.013999999999999999,3.8263218987669756,0.009000000000000001,0.0,0.0,legacy_assumed_zero,0.0,4.305840993984093,0.0,3.8263218987669756,0.0,3.9456,0.0,4.4,0.0,3.8819999999999997,0.0,18.42449,0.0,16.826643,0.0,19.394779999999997,2847.2306530849914,inf,inf,1.2261177976412097,0.06253200767970168,1.2068154538226732,0.08689071267523246,0.9916475305242105,0.07734850738088841,1.229779570333447,0.05534008066500512,1.2261177976412097,0.06253200767970168,6322.555404093448,79.0
HD141589,105,False,Both,False,HD141589,1.1900131557123277e+18,,,,,TYC  938-369-1,2MASS J15493398+1233316,J154933.98+123331.4,1.1900131557123277e+18,1.1900131557123277e+18,HD141589,2MASS J15493398+1233316,K0,E,K0,,,,,,,,,,,,,,,,,,,6.8545,0.0013,7.946000000000001,0.017,6.808,0.011000000000000001,6.28,1.78,19.43,1.0,,5.044,0.005,0.018000000000000002,291628,4.477,0.172,0.172,217826,4.455,0.019,0.024,160111.0,ECA,000,26.4,,J154933.98+123331.4,4.417, 0.220, 4.271, 0.112,4.419,0.015,4.388, 0.032,4.9,    9.7,72.8,33.5,0.235, 0.227,0.0,0.0,0000,BBAA,,0.589,1.138,0.028999999999999998,0.031,237.3915700075873,12.558777698988447,5.247872365380472,5.281317365380472,0.03324873,1.5105816165124604,19.188626321121628,False,6.451415891199487,0.000126,6.9212656,0.0006129999999999999,5.8004084,0.0006940000000000001,189.3466972,,237.39157000759,12.55877769899,5.2479,5.281317365380471,0.0332,1.511,19.189,False,6.44402,0.002758,6.921266,0.002857,5.800408,0.003843,,,,5.2479,0.0332,Gaia DR3,189.17120400000002,187.912567,190.18983500000002,189.324997,187.804932,190.683594,0.638021,0.038237,0.0462,0.0,LDD_VW3,GOOD,,,True,,22.68424479,45.92292461,HD141589,189.324997,1.4393309999999957,Bailer-Jones rpgeo,7.685953725558833,0.017,6.699058875184207,0.011000000000000001,-0.2631051496253738,-0.8156259638386588,legacy,-1.0653441555555268,8.75129788111436,-0.8129888608537241,7.512047736037931,-0.8549109044982746,7.709410904498275,-1.1396568960052422,9.085656896005244,-0.8471638252553878,7.6551638252553875,-0.8471638252553878,7.768429825255388,-0.4908524502203674,6.291260450220367,-0.6459647725112478,7.089984772511248,3.005937518491856,0.6653909487723988,0.030607983643530342,0.6539270788361862,0.033350281020645495,0.641781424342873,0.046208262552686855,1.1238286491776623,0.08765863463585767,,,0.6539270788361862,0.033350281020645495,,
HD141827,105,False,Faint,False,HD141827,1.1900741442481446e+18,,,,,TYC  955-618-1,2MASS J15504193+1307363,J155041.93+130736.6,1.1900741442481446e+18,1.1900741442481446e+18,HD141827,2MASS J15504193+1307363,K2,E,K2,,,,,,,,,,,,,,,,,,,8.0025,0.0024,9.797,0.031,8.027000000000001,0.013999999999999999,4.23,4.62,5.98,1.26,,5.242999999999999,0.017,0.024,309193,4.543,0.040999999999999995,0.044000000000000004,270215,4.368,0.019,0.024,199168.0,AAA,000,40.8,,J155041.93+130736.6,4.31, 0.265, 4.198, 0.167,4.288,0.015,4.203, 0.020,4.1,    6.5,71.7,53.6,0.242, 0.231,0.0,0.0,0000,BBAA,,0.875,1.77,0.107,0.085,237.6748122580324,13.126827831629193,1.9206840780372032,1.9533930780372033,0.031011327999999998,3.998274819685056,5.778189553298508,False,7.3204861910682,0.00034700000000000003,8.105967,0.001579146,6.451094599999999,0.001304018,511.9297346,,237.67481225803,13.12682783163,1.9207,1.953393078037203,0.0310,3.998,5.778,False,7.317761,0.002777,8.105967,0.003206,6.451095,0.003998,519.1492,,,1.9207,0.0310,Gaia DR3,515.09082,508.318359,522.2012940000001,511.979645,505.01474,520.326355,0.719075,0.018101,0.0538,0.0,LDD_VW3,GOOD,,,True,,23.59223504,45.92268709,HD141827,511.979645,7.655807500000009,Bailer-Jones rpgeo,9.33008155216361,0.031,7.852558920132109,0.013999999999999999,0.11752263203150126,0.36432015929765393,legacy,0.47586316481655117,8.854218387347059,0.3631422299254279,7.489416690206681,0.3818677809694197,7.62063221903058,0.5090568475078995,9.287943152492101,0.37840735024627714,7.6485926497537235,0.37840735024627714,7.727559649753722,0.2192517781242461,6.231843221875754,0.28853665682045826,7.029224343179542,3.0662060447027693,0.6974340404727472,0.032081965861746366,0.7013470157788477,0.03576869780472123,0.7064695754657917,0.050865809433537,2.3405931974809953,0.1825662694035176,,,0.7013470157788477,0.03576869780472123,,
HD143896,105,False,Faint,False,HD143896,4.4546640112494264e+18,,,,,TYC  944-830-1,2MASS J16023739+0850491,J160237.34+085049.0,4.4546640112494264e+18,4.4546640112494264e+18,HD143896,2MASS J16023739+0850491,K5,E,K5,,,,,,,,,,,,,,,,,,,8.2447,0.0025,9.992,0.027999999999999997,8.301,0.013999999999999999,3.96,-0.53,-14.53,1.21,,5.409,0.015,0.023,231116,4.5889999999999995,0.196,0.196,189806,4.407,0.003,0.015,140806.0,ACA,000,26.0,,J160237.34+085049.0,4.393, 0.231, 4.278, 0.120,4.341,0.013999999999999999,4.269, 0.025,4.7,    9.0,79.5,43.9,0.23600000000000002, 0.219,0.0,0.0,0000,BBAA,,1.002,1.6909999999999998,0.124,0.07200000000000001,240.65577088179148,8.846854986892051,2.085657701419894,2.1198417014198943,0.059285915999999994,-1.5983624108062928,-14.52752736195539,False,7.5402559257048924,0.00028700000000000004,8.381208,0.0009539999999999999,6.632599000000001,0.001086713,471.7333371,,240.65577088179,8.84685498689,2.0857,2.1198417014198943,0.0593,-1.598,-14.528,False,7.538533,0.00277,8.381208,0.002949,6.632599000000001,0.003933,,,,2.0857,0.0593,Gaia DR3,475.23413099999993,458.953308,492.252167,476.26248200000003,460.20346100000006,503.441193,0.7298520000000001,0.049203,0.0689,0.0,LDD_VW3,GOOD,,,True,,20.16899634,41.36707421,HD143896,476.26248200000003,21.61886599999997,Bailer-Jones rpgeo,9.553036560347326,0.027999999999999997,8.137024442020275,0.013999999999999999,-0.18398788167294855,-0.5703624331861405,legacy,-0.7449888940311883,10.298025454378514,-0.5685183225990145,8.70554276461929,-0.5978341608353401,8.84253416083534,-0.7969553557903853,10.788955355790387,-0.5924166739443358,8.893416673944335,-0.5924166739443358,8.973624673944336,-0.34325022774587405,6.975849227745875,-0.45171936124746515,7.990252361247466,2.8742511771569332,0.3545164506923021,0.016307756731845896,0.7593650659240061,0.03872761836212431,0.7379675549061441,0.05313366395324238,8.140669722945505,0.6349722383897494,,,0.7593650659240061,0.03872761836212431,,
HD143257,105,False,Bright,False,HD143257,1.1931698192349074e+18,,,,,TYC 1496-572-1,2MASS J15584908+1612399,J155849.05+161239.7,1.1931698192349074e+18,1.1931698192349074e+18,HD143257,2MASS J15584908+1612399,K2,E,K2,,,,,,,,,,,,,,,,,,,7.8608,0.0014,9.631,0.025,7.882000000000001,0.013000000000000001,3.34,-19.73,-28.59,1.03,,5.153,0.033,0.037000000000000005,292570,4.485,0.033,0.036000000000000004,256986,4.316,0.003,0.015,128831.0,EEA,000,16.7,,J155849.05+161239.7,4.3, 0.250, 4.164, 0.156,4.285,0.015,4.195, 0.023,4.3,    6.9,73.6,47.3,0.23399999999999999, 0.223,0.0,0.0,0000,BBAA,,0.8370000000000001,1.749,0.105,0.09,239.70443020748334,16.210949080266428,3.0461376797013298,3.0776296797013303,0.020008622,-18.823686186838177,-29.795748123141728,False,7.216053305437469,0.000217,7.9743333,0.0007700000000000001,6.363047,0.000822,324.92538219999994,,239.70443020747996,16.21094908027,3.0461,3.07762967970133,0.0200,-18.824,-29.796,False,7.212813000000001,0.002764,7.974333000000001,0.0028940000000000003,6.363047,0.003868,313.0657,,,3.0461,0.0200,Gaia DR3,324.677612,322.767548,326.580841,324.702362,322.635742,326.627899,0.734505,0.017574,0.00484,0.0,LDD_VW3,GOOD,,,True,,28.76628702,45.383663899999995,HD143257,324.702362,1.99607850000001,Bailer-Jones rpgeo,9.171355242968646,0.025,7.710132921226768,0.013000000000000001,0.10122232174187773,0.313789197399821,legacy,0.40986126281836494,8.76149398015028,0.3127746460419794,7.397358275184789,0.328902975707544,7.531897024292456,0.4384510039695063,9.192548996030494,0.3259225044062416,7.556077495593759,0.3259225044062416,7.648410495593759,0.1888417034586366,6.174205296541364,0.24851681591999736,6.964296184080003,3.027778276607721,0.7108481048301006,0.032699012822184625,0.6967522462352433,0.035534364557997404,0.7051376472048917,0.0507699105987522,2.4314572342001624,0.18965366426761268,,,0.6967522462352433,0.035534364557997404,,
HD140346,105,False,Bright,False,HD140346,4.4305707909048596e+18,,,,,TYC  363-264-1,2MASS J15425162+0653021,J154251.60+065302.0,4.4305707909048596e+18,4.4305707909048596e+18,HD140346,2MASS J15425162+0653021,K0,E,K0,,,,,,,,,,,,,,,,,,,7.2588,0.0019,8.597000000000001,0.018000000000000002,7.222,0.011000000000000001,6.29,-48.4,-6.83,0.94,,5.0680000000000005,0.033,0.037000000000000005,266214,4.539,0.033,0.036000000000000004,212966,4.381,0.005,0.016,154533.0,EEA,000,25.1,,J154251.60+065302.0,4.334, 0.234, 4.206, 0.090,4.343,0.016,4.282, 0.025,4.6,   12.0,69.4,43.9,0.22899999999999998, 0.352,0.0,0.0,0000,BAAA,,0.687,1.375,0.052000000000000005,0.061,235.71494085186004,6.883891875491887,6.916244887211323,6.950472887211323,0.03937342,-49.78475013754058,-5.816998903930706,False,6.7657680215017155,0.000181,7.349262700000001,0.001298646,6.0295663,0.001443274,143.8751026,,235.71494085186,6.883891875489999,6.9162,6.950472887211322,0.0394,-49.785,-5.817,False,6.760124,0.002761,7.3492630000000005,0.003078,6.029566,0.004046,,,,6.9162,0.0394,Gaia DR3,143.702011,143.020828,144.577805,144.242325,143.332794,145.031403,0.664605,0.015897,0.105,0.0,LDD_VW3,GOOD,,,True,,14.48899066,44.61787074,HD140346,144.242325,0.8493045000000023,Bailer-Jones rpgeo,8.262274545749294,0.018000000000000002,7.091606768007339,0.011000000000000001,-0.07933222225804482,-0.24592988899993892,legacy,-0.3212256371651397,8.583500182914435,-0.2451347421150677,7.3367415101224065,-0.25777519741841837,7.516575197418418,-0.3436326286297897,8.94063262862979,-0.25543927577939884,7.4774392757794,-0.25543927577939884,7.604702275779399,-0.14800324407269852,6.177569244072698,-0.1947731580955249,6.954897158095525,2.9174993109951246,0.6836067875667923,0.03144591222807244,0.6712390795333436,0.03423319305620052,0.6707082352862914,0.04829099294061298,1.2660729590992057,0.09875369080973805,,,0.6712390795333436,0.03423319305620052,,
HD182572,105,True,Both,False,HD182572,4.3158043513503785e+18,HD182572,b Aql,,bAql,TYC 1063-519-1,2MASS J19245822+1156401,J192458.72+115646.6,4.3158043513503785e+18,4.3158043513503785e+18,HD182572,2MASS J19245822+1156401,G7IVHdel1,B,G7IV,5676.0,100.0,4.21,0.2,7.858,0.408,0.1,,,1.2,,,,,,,,,5.309,0.0004,6.1,0.013999999999999999,5.242999999999999,0.009000000000000001,66.01,721.27,643.6,0.77,,3.553,0.20600000000000002,0.20600000000000002,904128,3.327,0.214,0.214,493299,3.037,0.32,0.32,364435.0,CCD,000,31.7,,J192458.72+115646.6,2.696,      , 3.075, 0.476,3.5060000000000002,0.015,3.4930000000000003, 0.022,1.7,    2.3,70.2,49.0,0.242, 0.221,0.043,0.0,HHHd,UCAA,,0.516,0.857,-0.797,0.013000000000000001,291.24577656808344,11.947271123353104,67.01526888035684,67.04978088035685,0.065657094,721.2921943048541,642.9684532716342,False,4.984799699124895,0.000556,5.349818,0.000523,4.4456034,0.0016148629999999998,14.91429184,,291.25845974366,11.9467180329,,, , , ,False,21.05646,0.016055,21.74444,0.33011799999999997,20.098047,0.169995, ,,, , ,,14.912385,14.8969259,14.9259386,14.9113178,14.8967419,14.924434699999997,1.12727,0.120321,0.0922,0.0,LDD_VW3,GOOD,,,True,,47.37589921,-1.867946035,HD182572,14.9113178,0.013846399999998482,Bailer-Jones rpgeo,5.919061789706846,0.013999999999999999,5.157427530800041,0.009000000000000001,0.0,0.0,legacy_assumed_zero,0.0,5.919061789706846,0.0,5.157427530800041,0.0,5.309,0.0,6.1,0.0,5.242999999999999,0.0,21.74444,0.0,20.098047,0.0,21.05646,4223.895537396872,inf,inf,0.8754046998650222,0.044645639693116135,0.856560111564259,0.06167232803262666,0.7526330453963276,0.05870537754091355,0.8423339472196456,0.03790502762488405,0.8754046998650222,0.044645639693116135,,
HD178665,105,False,Faint,False,HD178665,4.3056811134074163e+18,,,,,TYC  475-1578-1,2MASS J19092123+0605287,J190921.25+060529.1,4.3056811134074163e+18,4.3056811134074163e+18,HD178665,2MASS J19092123+0605287,K2,E,K2,,,,,,,,,,,,,,,,,,,,,9.996,0.028999999999999998,8.134,0.013999999999999999,,,,,,5.252999999999999,0.015,0.023,224507,4.582,0.031,0.034,172230,4.334,0.009000000000000001,0.017,122411.0,AEA,000,15.0,,J190921.25+060529.1,4.141, 0.214, 3.958, 0.141,4.232,0.016,4.154, 0.033,5.1,    7.7,68.3,33.0,0.324, 0.217,0.0,0.0,HHH0,BBAA,,0.919,1.8619999999999999,-0.013000000000000001,0.078,287.3384985230597,6.091250063508638,3.7286650431377937,3.7628750431377935,0.01908486,9.347770164748518,-14.044754863209068,False,7.376076776618057,0.000312,8.223929,0.0014929189999999999,6.4738620000000004,0.0008119999999999999,265.75424069999997,,287.33849852306,6.0912500635099995,3.7287,3.7628750431377935,0.0191,9.348,-14.045,False,7.373616,0.002773,8.223929,0.003164,6.4738620000000004,0.0038659999999999996,267.6482,,,3.7287,0.0191,Gaia DR3,265.964142,264.810791,267.51550299999997,265.626617,264.381042,266.982086,0.723513,0.016985,0.5579999999999999,0.0,LDD_VW3,GOOD,,,True,,40.39429304,-1.187534246,HD178665,265.626617,1.3005220000000008,Bailer-Jones rpgeo,9.497993134185673,0.028999999999999998,7.947536323194495,0.013999999999999999,0.19045681099117862,0.5904161140726537,legacy,0.7711823609841952,8.726810773201478,0.5885071654052441,7.359029157789251,0.6188537350339369,,0.8249759396436037,9.171024060356396,0.6132457717949161,7.520754228205084,0.6132457717949161,7.610683228205084,0.3553187479199443,6.118543252080056,0.4676016062791254,6.9060143937208744,3.050836351919511,0.7337123255598659,0.033750766975753826,0.7149035621500125,0.03646008166965064,0.7187060726920719,0.05174683723382918,2.5339791348740337,0.19765037252017462,,,0.7149035621500125,0.03646008166965064,,
HD178596,105,False,Faint,False,HD178596,4.305679773377635e+18,,,,,TYC  475-1667-1,2MASS J19085991+0604235,J190859.89+060422.7,4.305679773377635e+18,4.305679773377635e+18,HD178596,2MASS J19085991+0604235,F0III-IV,D,F0III,,,,,,,,,,,,,,,,,,,5.3163,0.0006,5.6339999999999995,0.013999999999999999,5.269,0.009000000000000001,22.96,-9.02,-78.34,0.79,,4.5280000000000005,0.27,0.27,422892,4.357,0.198,0.198,243282,4.334,0.006999999999999999,0.016,126713.0,DCA,000,16.5,,J190859.89+060422.7,4.268, 0.229, 4.034, 0.134,4.381,0.013999999999999999,4.459, 0.035,4.7,    8.1,79.2,30.7,0.23399999999999999, 0.216,0.0,0.0,hh00,BBAA,,0.19399999999999998,0.365,-0.191,-0.078,287.24958673771425,6.07286185275508,21.06623929585516,21.10473129585516,0.37026504,-13.024430751270652,-80.08548780500567,False,5.1249604151308095,0.00256857,5.322387,0.000822,4.830798000000001,0.0034299490000000003,47.3827402,,287.24958673771,6.07286185276,21.0662,21.0662,0.3703,-13.024,-80.085,False,5.111804,0.0037670000000000004,5.322387,0.002909,4.830798000000001,0.005104,50.4669, ,,21.0662,0.3703,Gaia DR3,47.571029700000004,46.5376472,48.3309898,47.547863,46.6307831,48.3155594,0.535747,0.048947000000000004,0.00811,0.0,LDD_VW3,GOOD,,,True,,40.33722183,-1.1175422309999998,HD178596,47.547863,0.8423881499999979,Bailer-Jones rpgeo,5.5675337299625,0.013999999999999999,5.227546719904067,0.009000000000000001,0.0,0.0,legacy_assumed_zero,0.0,5.5675337299625,0.0,5.227546719904067,0.0,5.3163,0.0,5.6339999999999995,0.0,5.269,0.0,5.322387,0.0,4.830798000000001,0.0,5.111804,0.9605630191046578,0.5500046885986064,0.025300215675535892,0.544487040279351,0.027768839054246902,0.48853839913600033,0.035174764737792026,0.45646423526739255,0.03560421035085662,,,0.544487040279351,0.027768839054246902,,
HD186202,105,False,Faint,False,HD186202,4.3167669737878385e+18,,,,,TYC 1065-2302-1,2MASS J19423256+1247204,J194232.55+124720.0,4.3167669737878385e+18,4.3167669737878385e+18,HD186202,2MASS J19423256+1247204,K2,E,K2,,,,,,,,,,,,,,,,,,,,,9.618,0.019,7.947,0.011000000000000001,,,,,,5.227,0.011000000000000001,0.02,246394,4.5169999999999995,0.033,0.036000000000000004,224962,4.375,0.019,0.024,106272.0,AEA,000,16.6,,J194232.55+124720.0,4.274, 0.233, 4.033, 0.144,4.292,0.015,4.218999999999999, 0.025,4.7,    7.5,72.4,44.1,0.226, 0.222,0.0,0.0,HHH0,BBAA,,0.852,1.671,0.055,0.073,295.63574180152864,12.78892514894866,2.1121171421707703,2.1443351421707697,0.017904086,11.02049777073124,-2.3034448003033066,False,7.287803389248433,0.000205,8.050531,0.0006349999999999999,6.432450299999999,0.000884,466.3450131,,295.63574180153,12.78892514895,2.1121,2.1443351421707697,0.0179,11.020,-2.303,False,7.284919,0.002763,8.050531,0.002862,6.43245,0.0038810000000000003,,,,2.1121,0.0179,Gaia DR3,466.57659900000004,462.920746,470.62435899999997,466.39001500000006,462.88333099999994,469.527679,0.716314,0.017018000000000002,0.267,0.0,LDD_VW3,GOOD,,,True,,50.18391987,-5.220954283999999,HD186202,466.39001500000006,3.322174000000018,Bailer-Jones rpgeo,9.185469919155201,0.019,7.784987793860256,0.011000000000000001,0.040482125294945215,0.12549458841433017,legacy,0.16391695734136721,9.021552961813834,0.12508883606169166,7.659898957798564,0.1315390839031166,,0.17535093221483355,9.442649067785167,0.1303470957074201,7.81665290429258,0.1303470957074201,7.920183904292579,0.07552398886697975,6.35692601113302,0.09939002294008772,7.185528977059913,3.1060012499349803,0.6605496369454406,0.03038528329949026,0.7105437121438439,0.03623772931933604,0.7083735290549823,0.051002894091958725,2.120345928343742,0.16538698241081184,,,0.7105437121438439,0.03623772931933604,,
HD2151,106,True,Both,False,betHyi,4.683897617110115e+18,,,,betHyi,TYC 9350-1626-1,2MASS J00254416-7715157,J002541.08-771526.6,4.683897617108299e+18,4.683897617110115e+18,HD2151,2MASS J00254416-7715157,G0V,C,G0V,5775.0,100.0,3.6719999999999997,0.2,7.087999999999999,-0.36200000000000004,0.1,,,2.64,,,,,,,,,2.9305,0.0003,3.543,0.013999999999999999,2.855,0.009000000000000001,133.78,2220.12,324.37,0.51,,1.676,0.29600000000000004,0.29600000000000004,1000000,1.4340000000000002,0.22,0.22,1000000,1.3719999999999999,0.248,0.248,1000000.0,DDD,000,69.7,,J002541.08-771526.6,6.78, 0.023, 5.368, 0.052,6.808,0.049,8.702,      ,46.7,   21.1,22.2,-4.4,0.126, 0.000,0.0,0.0,dddD,AAAU,,0.304,0.688,-1.922,-1.8940000000000001,6.482504988433098,-77.2527954675457,133.71940556671353,133.72828256671357,0.27199635,2218.9845482530773,326.44454180123256,False,2.679233824919484,0.0031254259999999997,2.999781008581476,0.023435993,2.1224546188913,0.012735045,7.477849717000001,,6.44197642483,-77.25652549543,,, , , ,False,19.71957,0.007953,21.006757999999998,0.24458400000000002,18.467188,0.220117,,,, , ,,7.476439,7.45898962,7.49196911,7.477886200000001,7.45920944,7.49286461,2.300384,0.22948200000000002,0.00571,0.0,LDD_BV,GOOD,,,True,,304.7595047,-39.78480091,HD2151,7.477886200000001,0.0168275849999997,Bailer-Jones rpgeo,3.4058746258280137,0.013999999999999999,2.7840650477888897,0.009000000000000001,0.0,0.0,legacy_assumed_zero,0.0,3.4058746258280137,0.0,2.7840650477888897,0.0,2.9305,0.0,3.543,0.0,2.855,0.0,21.006757999999998,0.0,18.467188,0.0,19.71957,4872.948789680728,inf,inf,0.11525547454592891,0.005878029201842374,0.002375731430033676,0.0001710526629624247,1.8543730975197992,0.14464110160654434,2.4528484847400542,0.11037818181330243,1.8543730975197992,0.14464110160654434,5762.022980854143,79.0
HD5457,106,False,Both,False,lamTuc,4.691986930313219e+18,,,,lamTuc,TYC 9135-1892-1,2MASS J00550032-6931375,J005500.35-693137.5,4.691986930313219e+18,4.691986930313219e+18,HD5457,2MASS J00550032-6931375,K2III,C,K2III,,,,,,,,,,,,,,,,,,,5.6126,0.0006,6.837999999999999,0.015,5.574,0.009000000000000001,15.52,7.92,-43.35,0.52,,3.699,0.276,0.276,1000000,3.06,0.258,0.258,1000000,2.975,0.254,0.254,526526.0,DDD,00d,49.2,,J005500.35-693137.5,1.786,      , 1.699,      ,2.9,0.013000000000000001,2.845, 0.017,1.1,    1.7,82.8,62.6,0.243, 0.221,0.08900000000000001,0.0,hh00,UUAA,,0.7240000000000001,1.264,-1.0590000000000002,0.055,13.751384271528654,-69.52727838786237,14.472621125380403,14.477971125380405,0.05503774,6.930999149962567,-43.59331526188317,False,5.149511037552934,0.00059,5.689928500000001,0.000797,4.433138400000001,0.004272443,69.07045133,,13.751384271529998,-69.52727838786,14.4726,14.4726,0.0550,6.931,-43.593,False,5.136412,0.0028179999999999998,5.689928,0.002902,4.433138,0.005704, ,,,14.4726,0.0550,Gaia DR3,69.0921249,68.8093719,69.3441772,69.0693512,68.7584991,69.3267593,1.27926,0.11848099999999999,0.0194,0.0,LDD_BV,GOOD,,,True,,302.46932169999997,-47.59776703,HD5457,69.0693512,0.2841301000000058,Bailer-Jones rpgeo,6.536428869889861,0.015,5.4536470034036535,0.009000000000000001,0.0,0.0,legacy_assumed_zero,0.0,6.536428869889861,0.0,5.4536470034036535,0.0,5.6126,0.0,6.837999999999999,0.0,5.574,0.0,5.689928,0.0,4.433138,0.0,5.136412,2.6358366001681564,1.3712511701177517,0.06307755382541658,1.2543131266075698,0.06396996945698605,1.258497978479792,0.09061185445054504,1.472957393606716,0.11489067670132384,,,1.472957393606716,0.11489067670132384,,
HD197635,106,False,Bright,False,sigPav,6.376446990405132e+18,,,,sigPav,TYC 9321-989-1,2MASS J20491818-6846354,J204918.22-684635.9,6.37644699040175e+18,6.376446990405132e+18,HD197635,2MASS J20491818-6846354,K0III,C,K0III,,,,,,,,,,,,,,,,,,,5.5814,0.0005,6.867000000000001,0.013999999999999999,5.534,0.009000000000000001,10.7,-64.57,-49.78,0.57,,3.549,0.23800000000000002,0.23800000000000002,1000000,2.95,0.198,0.198,858836,2.8739999999999997,0.266,0.266,619184.0,DCD,000,55.2,,J204918.22-684635.9,2.094,      , 2.220, 0.522,2.815,0.012,2.793, 0.022,1.5,    2.1,93.9,48.4,0.267, 0.231,0.09300000000000001,0.0,hh00,UCAA,,0.675,1.3330000000000002,-0.6990000000000001,0.022000000000000002,312.3249274287583,-68.77674196691326,10.125139433110457,10.139724433110457,0.061788227,-64.11962179809571,-49.688163727125456,False,5.116262425373058,0.000519,5.6621294,0.000729,4.398099,0.002076632,98.62200956,,312.32492742876,-68.77674196691,10.1251,10.1251,0.0618,-64.120,-49.688,False,5.103087,0.002804,5.662129,0.002884,4.398099,0.004312,,,,10.1251,0.0618,Gaia DR3,98.6530075,98.01589200000001,99.270813,98.6730957,98.1529312,99.18396,1.330091,0.11895,0.00982,0.0,LDD_BV,GOOD,,,True,,325.76885380000004,-35.69967733,HD197635,98.6730957,0.5155144000000007,Bailer-Jones rpgeo,6.5447869695107155,0.013999999999999999,5.407365822263777,0.009000000000000001,0.13742114724693888,0.4260055564655105,legacy,0.5564346280478234,5.9883523414628925,0.42462818426996796,4.982737637993809,0.44652427919921284,5.134875720800787,0.5952485473580483,6.271751452641952,0.4424779406198034,5.091522059380196,0.4424779406198034,5.219651059380197,0.2563747115337671,4.141724288466233,0.3373906601448088,4.765696339855191,2.211434091832593,1.316233725779347,0.060546751385849966,1.2601914913179588,0.06426976605721589,1.2450332318052872,0.0896423926899807,1.4159984799562433,0.11044788143658697,,,1.4159984799562433,0.11044788143658697,,
HD4332,106,False,Bright,False,HD4332,4.710044411638656e+18,,,,,TYC 8844-186-1,2MASS J00445466-6311479,J004454.66-631148.1,4.710044411638656e+18,4.710044411638656e+18,HD4332,2MASS J00445466-6311479,K4II/IIICNIV/V,D,K4II,,,,,,,,,,,,,,,,,,,7.0666,0.0018,8.913,0.016,7.112,0.01,2.51,13.14,-38.68,0.64,,4.198,0.23,0.23,635668,3.3289999999999997,0.19399999999999998,0.19399999999999998,627061,3.1710000000000003,0.244,0.244,424639.0,DCD,000,29.5,,J004454.66-631148.1,2.286,      , 2.978, 0.379,3.1060000000000003,0.011000000000000001,3.008, 0.020,1.5,    2.9,94.9,53.2,0.22899999999999998, 0.225,0.068,0.0,hh00,UCAA,,1.0270000000000001,1.801,-0.722,0.098,11.227820735497446,-63.196788549601266,2.362309359757348,2.369902359757348,0.014780653000000001,12.81634391641414,-38.116468850475,False,6.3550082118263,0.000479,7.207461400000001,0.002267354,5.4323754,0.001306065,421.9583123,,11.2278207355,-63.1967885496,2.3623,2.369902359757348,0.0148,12.816,-38.116,False,6.347081,0.002797,7.207461,0.003595,5.432375,0.003999,,,,2.3623,0.0148,Gaia DR3,421.975861,419.266846,424.945435,422.306946,419.789825,424.796692,1.2839770000000001,0.105887,0.0729,0.0,LDD_BV,GOOD,,,True,,304.1810695,-53.91562883,HD4332,422.306946,2.5034335,Bailer-Jones rpgeo,8.43566241665901,0.016,6.933869560935971,0.01,0.05250714143732482,0.16277213845570696,legacy,0.2126076830302631,8.223054733628747,0.16224585936306313,6.771623701572908,0.17061212158985853,6.895987878410142,0.22743806388348572,8.685561936116514,0.16906605916534265,6.942933940834657,0.16906605916534265,7.0383949408346576,0.097958018173631,5.33441698182637,0.12891334024465792,6.218167659755342,3.1720734561484165,1.0351223334709891,0.04761562733966549,1.2599100592070038,0.06425541301955719,1.262956855412233,0.09093289358968079,5.975224321971802,0.4660674971138005,,,5.975224321971802,0.4660674971138005,,
HD15248,106,False,Faint,False,kapHyi,4.643560452496181e+18,,,,kapHyi,TYC 9150-88-1,2MASS J02225235-7338448,J022252.12-733844.8,4.643560452496181e+18,4.643560452496181e+18,HD15248,2MASS J02225235-7338448,K1III,C,K1III,,,,,,,,,,,,,,,,,,,6.1606,0.0009,7.391,0.015,6.109,0.01,10.26,-81.59,11.84,0.51,,4.213,0.278,0.278,771312,3.5839999999999996,0.222,0.222,569259,3.55,0.21,0.21,289348.0,DDC,000,40.9,,J022252.12-733844.8,3.4989999999999997, 0.503, 3.187, 0.346,3.488,0.012,3.4330000000000003, 0.021,2.2,    3.1,91.6,50.9,0.225, 0.200,0.026000000000000002,0.0,0000,CBAA,,0.6629999999999999,1.2819999999999998,0.066,0.055,35.71669851203936,-73.64574000353053,9.213282573287977,9.21552957328798,0.020611668,-79.62880301160115,11.797658961437552,False,5.711179012787506,0.00046100000000000004,6.238618,0.001325419,5.0081587,0.0013592,108.51248340000001,,35.716698512040004,-73.64574000353001,9.2133,9.2133,0.0206,-79.629,11.798,False,5.7000150000000005,0.002794,6.238618,0.003089,5.008159,0.004016,106.3817,,,9.2133,0.0206,Gaia DR3,108.48436000000001,108.270676,108.678169,108.528572,108.331223,108.724754,0.985991,0.091945,0.023,0.0,LDD_BV,GOOD,,,True,,294.475502,-41.947933899999995,HD15248,108.528572,0.19676550000000503,Bailer-Jones rpgeo,7.083570733850142,0.015,5.986774459456756,0.01,0.0267962743933865,0.08306845061949815,legacy,0.10850131347221427,6.975069420377928,0.0827998715540996,5.903974587902656,0.08706947473834134,6.073530525261658,0.1160697878515658,7.274930212148434,0.08628046372340954,6.022719536276591,0.08628046372340954,6.15233753627659,0.04999148424688445,4.958167515753115,0.06578909351382595,5.634225906486175,2.4752745281737796,1.010862319927908,0.04649966671668377,0.9450736493015783,0.048198756114380494,0.9495752700501895,0.06836941944361365,1.1480249001996323,0.08954594221557131,,,1.1480249001996323,0.08954594221557131,,
HD210056,106,False,Faint,False,HD210056,6.357337753190593e+18,HD210056,HR_8432,,,TYC 9475-1288-1,2MASS J22115498-7606576,J221154.95-760658.1,6.357337753190593e+18,6.357337753190593e+18,HD210056,2MASS J22115498-7606576,K0III,C,K0III,,,,,,,,,,,,,,,,,,,6.2974,0.0007,7.412999999999999,0.015,6.239,0.009000000000000001,10.8,-59.14,-40.71,0.62,,4.669,0.22399999999999998,0.22399999999999998,441398,3.911,0.248,0.248,379761,3.877,0.28600000000000003,0.28600000000000003,221626.0,DDD,d00,49.0,,J221154.95-760658.1,3.8080000000000003, 0.367, 3.328, 0.237,3.74,0.013999999999999999,3.6860000000000004, 0.020,3.0,    4.6,76.1,54.7,0.245, 0.220,0.0,0.0,hh00,CBAA,,0.792,1.1740000000000002,0.122,0.054000000000000006,332.9780013614062,-76.11619969409968,11.165612293009243,11.173997293009243,0.02047939,-59.35097785462632,-40.00504842215339,False,5.87559277050102,0.0003,6.368309,0.000743,5.197263700000001,0.00122923,89.49348866,,332.97800136141,-76.1161996941,11.1656,11.1656,0.0205,-59.351,-40.005,False,5.8651800000000005,0.0027719999999999997,6.368309,0.0028870000000000002,5.197264,0.003974,89.0616,,,11.1656,0.0205,Gaia DR3,89.4753189,89.3209152,89.63507840000001,89.48316190000001,89.3510513,89.6280823,0.804442,0.077072,0.14800000000000002,0.0,LDD_BV,GOOD,,,True,,314.09018330000004,-37.33965271,HD210056,89.48316190000001,0.138515500000004,Bailer-Jones rpgeo,7.14082199134458,0.015,6.1265778725833595,0.009000000000000001,0.014244118761220115,0.04415676815978236,legacy,0.05767613706881705,7.083145854275762,0.04401399935363599,6.082563873229724,0.04628359601199208,6.251116403988007,0.061699317542269067,7.3513006824577305,0.04586418074419749,6.193135819255803,0.04586418074419749,6.322444819255803,0.02657401652962749,5.170689983470372,0.034971565354444845,5.830208434645556,2.3811821266392195,0.8793275780562047,0.04044906859058541,0.8360226671165408,0.04263715602294358,0.840015913978074,0.060481145806421326,0.8404703806324519,0.06555668968933125,,,0.8404703806324519,0.06555668968933125,,
HD38295,106,False,Both,False,HD38295,2.964408456592764e+18,,,,,TYC 5929-1418-1,2MASS J05434650-2125430,J054346.50-212543.1,2.964408456592764e+18,2.964408456592764e+18,HD38295,2MASS J05434650-2125430,K0III,C,K0III,,,,,,,,,,,,,,,,,,,6.8503,0.0008,7.966,0.016,6.796,0.01,4.48,3.65,-10.04,0.78,,5.083,0.033,0.037000000000000005,334372,4.655,0.075,0.076,198112,4.391,0.001,0.015,138045.0,EEE,000,19.1,,J054346.50-212543.1,4.416, 0.247, 4.189, 0.140,4.388999999999999,0.016,4.336, 0.028,4.4,    7.7,68.1,38.3,0.228, 0.229,0.0,0.0,0000,BBAA,,0.6920000000000001,1.17,0.08,0.053,85.94377886114233,-21.428701222693146,5.449325734128202,5.465758734128202,0.017038805,3.774117039075424,-9.886481462299026,True,6.443571475666889,7.829999999999999e-05,6.916458,0.000381,5.7897205000000005,0.00042699999999999997,182.9572158,,85.94377886114,-21.42870122269,5.4493,5.465758734128202,0.0170,3.774,-9.886,False,6.436132,0.0027559999999999998,6.916458,0.002816,5.78972,0.003803,184.1863,,,5.4493,0.0170,Gaia DR3,182.944397,182.330917,183.558807,183.006546,182.40181,183.570007,0.619909,0.020028,0.7090000000000001,0.0,LDD_VK,GOOD,,,True,,225.6896162,-24.05695703,HD38295,183.006546,0.5840984999999961,Bailer-Jones rpgeo,7.695197295837761,0.016,6.683995473645371,0.01,0.011201822192389521,0.034725648796407514,legacy,0.04535751512741763,7.6498397807103435,0.03461337292958271,6.649382100715789,0.03639822312927093,6.813901776870729,0.04852141407174535,7.917478585928255,0.03606838768396424,6.759931612316036,0.03606838768396424,6.880389612316036,0.02089826777581633,5.7688217322241835,0.027502245906328347,6.408629754093671,2.3090064296609962,0.6482546730416701,0.02981971495991682,0.6155030675118718,0.03139065644310546,0.6183788967649243,0.04452328056707455,0.647138716078236,0.05047681985410241,,,0.6482546730416701,0.02981971495991682,,
HD42747,106,False,Faint,True,HD42747,2.94277353808883e+18,,,,,TYC 5937-2785-1,2MASS J06114310-1811099,J061143.09-181109.8,2.94277353808883e+18,2.94277353808883e+18,HD42747,2MASS J06114310-1811099,K0III,C,K0III,,,,,,,,,,,,,,,,,,,6.7691,0.0005,7.8660000000000005,0.013999999999999999,6.705,0.01,5.2,-10.75,21.88,0.71,,5.1610000000000005,0.26,0.26,382851,4.531000000000001,0.24,0.24,347944,4.382,0.033,0.036000000000000004,149149.0,DDE,000,37.6,,J061143.09-181109.8,4.3580000000000005, 0.242, 4.173, 0.153,4.335,0.013000000000000001,4.289, 0.027,4.5,    7.1,81.4,40.0,0.23199999999999998, 0.225,0.0,0.0,0000,BBAA,,0.779,1.161,0.069,0.046,92.92954570699386,-18.18597757308999,5.011005144811917,5.029335144811917,0.017906832,-10.713488534502368,22.21055994817125,False,6.369788362169785,0.000124,6.8345833,0.000525,5.7237043,0.000867,198.8334385,,92.92954570699,-18.18597757309,5.0110,5.029335144811917,0.0179,-10.713,22.211,False,6.361942,0.002758,6.834583,0.002839,5.723704,0.003878,194.6757,,,5.0110,0.0179,Gaia DR3,198.81788600000002,198.212738,199.62936399999998,198.734116,198.126541,199.460052,0.62262,0.05449299999999999,0.0953,0.0,LDD_VK,GOOD,,,True,,225.17478930000001,-16.74545538,HD42747,198.734116,0.6667554999999936,Bailer-Jones rpgeo,7.5982815733418505,0.013999999999999999,6.593923710231047,0.01,0.0043578631108038834,0.01350937564349204,legacy,0.017645507898330432,7.58063606544352,0.01346569678036906,6.580458013450677,0.014160059957175836,6.754939940042824,0.018876364651722263,7.847123635348279,0.014031743537306742,6.6909682564626936,0.014031743537306742,6.820551256462694,0.00813008711045292,5.715573912889547,0.010699243466020358,6.3512427565339795,2.2721918944634245,0.654361987626446,0.030100651430816514,0.6301607021095439,0.032138195807586735,0.6307259707242461,0.04541226989214572,0.667450906414949,0.05206117070036602,,,0.654361987626446,0.030100651430816514,,
HD48737,106,True,Both,False,ksiGem,3.352485999058855e+18,,,,ksiGem,TYC  754-2356-1,2MASS J06451737+1253438,J064517.57+125356.9,3.352485999057277e+18,3.352485999058855e+18,HD48737,2MASS J06451737+1253438,F5IV-V,C,F5IV,6480.0,100.0,3.83,0.2,7.48,0.03,0.1,,,66.0,,,,,,,,,3.4417,0.0005,3.853,0.013999999999999999,3.377,0.009000000000000001,57.02,-115.16,-190.91,0.83,,1.996,0.23,0.23,1000000,1.811,0.168,0.168,1000000,1.6880000000000002,0.22,0.22,1000000.0,DCD,000,48.8,,J064517.57+125356.9,6.737, 0.034, 5.861, 0.031,6.044,0.018000000000000002,4.462, 0.025,32.4,   35.3,59.2,43.4,0.21100000000000002, 0.190,0.0,0.0,ddHd,AAAA,,0.308,0.47600000000000003,2.275,1.5819999999999999,101.32182967483568,12.89474308933157,54.189438370902394,54.233234370902395,0.23692359999999998,-114.56401293447145,-191.67097112394012,False,3.2528268709394217,0.002477836,3.41393872930673,0.016055216,2.7906705375284933,0.007198520999999999,18.43887815,,101.32182967484002,12.894743089330001,54.1894,54.1894,0.2369,-114.564,-191.671,False,3.246348,0.003706,3.537784,0.016296,2.8452330000000003,0.00813,,,,54.1894,0.2369,Gaia DR3,18.4166698,18.317981699999997,18.5006695,18.445568100000003,18.3692818,18.5418739,1.9483669999999997,0.152824,0.02,0.0,LDD_VK,GOOD,,,True,,200.7398851,4.501092872,HD48737,18.445568100000003,0.08629604999999962,Bailer-Jones rpgeo,3.7688542959651636,0.013999999999999999,3.3249203733792876,0.009000000000000001,0.0,0.0,legacy_assumed_zero,0.0,3.7688542959651636,0.0,3.3249203733792876,0.0,3.4417,0.0,3.853,0.0,3.377,0.0,3.537784,0.0,2.8452330000000003,0.0,3.246348,1.1750640423701535,1.5048087955424374,0.06922120459495211,0.18410979790461623,0.009389599693135428,0.318344418629287,0.022920798141308665,1.2085594004627522,0.09426763323609468,1.4284289253192721,0.06427930163936724,1.5048087955424374,0.06922120459495211,6534.104570587668,79.0
HD47156,106,False,Both,False,HR2426,3.327794953625804e+18,,,,,TYC  737-643-1,2MASS J06373689+1051118,J063736.36+105158.1,3.327794953625804e+18,3.327794953625804e+18,HD47156,2MASS J06373689+1051118,K0,E,K0,,,,,,,,,,,,,,,,,,,6.5288,0.0008,8.15,0.018000000000000002,6.539,0.011000000000000001,3.69,-37.96,-32.68,0.94,,4.245,0.292,0.292,568107,3.377,0.244,0.244,713034,3.281,0.262,0.262,358113.0,DDD,000,31.7,,J063736.36+105158.1,10.706, 0.021,10.766, 0.021,10.343,0.16899999999999998,8.317,      ,52.2,   52.3,6.4,-0.6,0.0, 0.000,0.0,0.0,hhH0,AABU,,0.9640000000000001,1.611,2.3890000000000002,2.026,99.40354957770342,10.853152104078989,5.642167054202241,5.673722054202241,0.034781992000000005,-38.989955269710386,-32.15272772627733,False,5.937629361495122,0.000504,6.636025,0.001612255,5.1115065,0.001677307,176.2511435,,99.4035495777,10.85315210408,5.6422,5.6422,0.0348,-38.990,-32.153,False,5.927517,0.002801,6.636025,0.003222,5.111505999999999,0.004135, ,,,5.6422,0.0348,Gaia DR3,176.238678,175.195786,177.28138700000002,176.196869,175.32849099999999,177.203339,1.111046,0.108578,0.151,0.0,LDD_VK,GOOD,,,True,,201.70585487098998,1.900777945,HD47156,176.196869,0.9374240000000071,Bailer-Jones rpgeo,7.736361208888702,0.018000000000000002,6.383600401734722,0.011000000000000001,0.10276080715398006,0.3185585021773382,legacy,0.41609077388846144,7.320270435000241,0.31752853057980046,6.0660718711549215,0.333901995898105,6.194898004101895,0.4451150525896204,7.70488494741038,0.330876224197253,6.208123775802747,0.330876224197253,6.305148775802747,0.19171192221047015,4.919794077789529,0.2522940410357186,5.675222958964281,2.8998904007898814,1.2142125329834867,0.05585377651724038,0.022123200630745486,0.0011282832321680197,0.035946133255777224,0.00258812159441596,2.3625879878343476,0.1842818630510791,,,1.2142125329834867,0.05585377651724038,,
HD46241,106,False,Bright,False,12Mon,3.131331226678059e+18,,,,,TYC  154-2464-1,2MASS J06321922+0451214,J063219.17+045121.6,3.131331226678059e+18,3.131331226678059e+18,HD46241,2MASS J06321922+0451214,K0III,C,K0III,,,,,,,,,,,,,,,,,,,6.024,0.0014,7.1129999999999995,0.016,5.952999999999999,0.01,6.3,-35.56,1.57,0.94,,4.327,0.282,0.282,604825,3.7089999999999996,0.22,0.22,473489,3.6889999999999996,0.20800000000000002,0.20800000000000002,272785.0,DDC,000,23.5,,J063219.17+045121.6,3.5810000000000004, 0.402, 3.251, 0.205,3.542,0.013999999999999999,3.529, 0.031,2.7,    5.3,78.7,34.9,0.255, 0.374,0.028999999999999998,0.0,hh00,CBAA,,0.638,1.16,0.052000000000000005,0.013000000000000001,98.07984813078093,4.8560042108083525,7.055284698566782,7.0857386985667805,0.03873951,-37.68615732916989,1.335824734717763,False,5.613745617228107,0.000589,6.0915870000000005,0.001144397,4.9449315,0.0027927940000000004,141.128546,,98.07984813078001,4.85600421081,7.0553,7.0553,0.0387,-37.686,1.336,False,5.602169,0.0028179999999999998,6.0915870000000005,0.003016,4.944932,0.004699,138.1428,,,7.0553,0.0387,Gaia DR3,141.27830500000002,140.495743,142.158508,140.933548,140.267624,141.771622,0.89671,0.084767,0.033,0.0,LDD_VK,GOOD,,,True,,206.4282123,-2.022443233,HD46241,140.933548,0.7519989999999979,Bailer-Jones rpgeo,6.84562255031282,0.016,5.842024899109456,0.01,0.003597651203364194,0.011152718730429001,legacy,0.014567319144793063,6.831055231168027,0.011116659471457239,5.830908239637998,0.011689893750527989,6.012310106249472,0.015583457827311754,7.097416542172688,0.011583961620349564,5.94141603837965,0.011583961620349564,6.080003038379651,0.006711825711978627,4.938220174288021,0.008832802947661677,5.593336197052338,2.3370453512969096,0.9612528858760985,0.04421763275030052,0.9114581877517103,0.04648436757533722,0.8958379586315643,0.06450033302147264,0.9425165610248541,0.07351629175993862,,,0.9612528858760985,0.04421763275030052,,
HD51814,106,False,Bright,False,HR2610,3.1279730432900014e+18,,,,,TYC  153-2500-1,2MASS J06585702+0336083,J065857.02+033608.6,3.1279730432900014e+18,3.1279730432900014e+18,HD51814,2MASS J06585702+0336083,K0II/III,D,K0II,,,,,,,,,,,,,,,,,,,6.1308,0.0006,7.292999999999999,0.015,6.064,0.009000000000000001,3.52,-3.59,-3.65,0.87,,4.364,0.23399999999999999,0.23399999999999999,605104,3.7710000000000004,0.24,0.24,496032,3.6439999999999997,0.272,0.272,294320.0,DDD,000,27.9,,J065857.02+033608.6,3.592, 0.309,      ,      ,3.58,0.017,3.4939999999999998, 0.026,3.5,       ,64.9,42.2,0.257,      ,0.039,0.0,dddd,BXAA,,0.72,1.229,0.098,0.086,104.73758351128252,3.6023395798621185,4.277604494588282,4.3076464945882815,0.03521116,-4.060222961766922,-3.631402305507645,False,5.70839753589359,0.000533,6.201847,0.0009599999999999999,5.025789700000001,0.001158125,232.1453261,,104.73758351128001,3.60233957986,4.2776,4.2776,0.0352,-4.060,-3.631,False,5.697221,0.002806,6.201847,0.002951,5.02579,0.003953,,,,4.2776,0.0352,Gaia DR3,232.411407,230.77949500000003,234.448746,231.825165,229.85809300000003,233.697159,0.8961610000000001,0.081856,0.0288,0.0,LDD_VK,GOOD,,,True,,210.577941,3.3112577969999997,HD51814,231.825165,1.919532999999987,Bailer-Jones rpgeo,7.002688828267624,0.015,5.946703715071503,0.009000000000000001,-0.024014886803878532,-0.07444614909202345,legacy,-0.09723914313067557,7.0999279713983,-0.07420544787517706,6.02090916294668,-0.07803187671605917,6.208831876716059,-0.1040220284239774,7.397022028423977,-0.07732476311017383,6.141324763110174,-0.07732476311017383,6.279171763110174,-0.044802490738903175,5.070592490738903,-0.05896034689263533,5.756181346892635,2.488779630621024,0.9657573221741045,0.0444248368200088,0.9078892345960594,0.04630235096439903,0.927413236695583,0.06677375304208198,1.119007301808823,0.08728256954108819,,,0.9657573221741045,0.0444248368200088,,
HD45512,106,False,Faint,False,HR2342,3.327563059754786e+18,,,,,TYC  736-866-1,2MASS J06281881+1018141,J062818.83+101813.7,3.327563059754786e+18,3.327563059754786e+18,HD45512,2MASS J06281881+1018141,K2III-IV,C,K2III,,,,,,,,,,,,,,,,,,,6.3282,0.0013,7.664,0.016,6.2860000000000005,0.01,13.09,27.84,-43.74,0.88,,4.319,0.29,0.29,530677,3.6889999999999996,0.22399999999999998,0.22399999999999998,465919,3.562,0.266,0.266,249241.0,DDD,000,34.7,,J062818.83+101813.7,3.565, 0.441, 3.219, 0.145,3.52,0.015,3.48, 0.025,2.5,    7.5,74.3,43.4,0.253, 0.247,0.03,0.0,0000,CBAA,,0.757,1.3780000000000001,0.085,0.04,97.07851022666479,10.303702418015954,11.879633513581087,11.91708251358109,0.11674352,27.491251557002908,-43.44698898839511,False,5.841893155150088,0.001073253,6.4048066,0.001685909,5.1178675,0.002119777,83.91315566,,97.07851022666,10.303702418019999,11.8796,11.8796,0.1167,27.491,-43.447,False,5.831321,0.002957,6.404807,0.0032600000000000003,5.117868,0.004333,,,,11.8796,0.1167,Gaia DR3,84.0096741,83.14108279999999,84.7306366,83.9587631,83.1059647,84.8179932,0.975456,0.094704,0.0132,0.0,LDD_VK,GOOD,,,True,,201.1386189,-0.38040379700000004,HD45512,83.9587631,0.8560142500000012,Bailer-Jones rpgeo,7.328301635847882,0.016,6.155297756195219,0.01,0.013003879652662365,0.04031202692325333,legacy,0.05265426088100878,7.275647374966873,0.040181689034023124,6.115116067161196,0.04225367132370317,6.285946328676297,0.0563271419889749,7.607672858011025,0.04187077465186843,6.244129225348132,0.04187077465186843,6.362936225348132,0.024260210029977032,5.093607789970022,0.031926582104364824,5.799394417895635,2.655125846594907,1.0230858719283211,0.04706195010870276,0.9462688682063091,0.048259712278521764,0.9413206068701905,0.06777508369465371,1.4782257771629377,0.11530161061870914,,,1.0230858719283211,0.04706195010870276,,
HD46374,106,False,Faint,False,HR2391,3.3557298675964846e+18,,,,,TYC 745-874-1,2MASS J06333617+1409187,J063336.17+140917.8,3.3557298675964846e+18,3.3557298675964846e+18,HD46374,2MASS J06333617+1409187,K0,C,K0,,,,,,,,,,,,,,,,,,,5.734,0.0006,6.995,0.006999999999999999,5.68,0.003,12.75,-14.27,-87.02,0.85,,3.892,0.308,0.308,1000000,3.395,0.226,0.226,777875,3.21,0.302,0.302,470349.0,DDD,000,29.9,,J063336.17+140917.8,3.053,0.509,1.706,,3.035,0.016,3.0060000000000002,0.029,2.1,1.7,67.3,37.4,0.271,0.291,0.10400000000000001,0.0,0000,CUAA,,0.682,1.315,0.047,0.028999999999999998,98.40062227408,14.15478000211,11.3645,11.3645,0.0785,-13.714,-86.557,False,5.258575,0.00286,5.80598,0.002914,4.567637,0.004247,87.99331251,,98.40062227408,14.15478000211,11.3645,11.3645,0.0785,-13.714,-86.557,False,5.258575,0.00286,5.80598,0.002914,4.567637,0.004247,,,,11.3645,0.0785,Gaia DR3,87.9811783,87.2059402,88.555191,87.7000656,87.0297928,88.4322739,1.120549,0.115247,0.00907939,0.0,LDD_VK,GOOD,,,True,,198.3205168,2.545769818,HD46374,87.7000656,0.7012405500000014,Bailer-Jones rpgeo,6.677718793596394,0.006999999999999999,5.554740033107039,0.003,-0.12702123951064426,-0.39376584248299723,legacy,-0.5143241602711422,7.192042953867537,-0.39249270856547197,5.947232741672511,-0.41273172689761856,6.1467317268976185,-0.550200677385292,7.545200677385292,-0.4089916115505043,6.088991611550504,-0.4089916115505043,6.214971611550504,-0.23697250598326935,4.80460950598327,-0.3118572411122319,5.570432241112233,2.8937553008026775,1.2777443672963522,0.0587762408956322,1.2170698614932887,0.06207056293615772,1.1975742076874432,0.08622534295349592,2.376857823662792,0.18539491024569776,,,1.2777443672963522,0.0587762408956322,,
HD65181,106,False,Faint,False,HD65181,5.69825667352796e+18,,,,,TYC 6557-896-1,2MASS J07563773-2524515,J075637.75-252451.7,5.69825667353618e+18,5.69825667352796e+18,HD65181,2MASS J07563773-2524515,K3III,C,K3III,,,,,,,,,,,,,,,,,,,,,9.533999999999999,0.018000000000000002,7.739,0.01,,,,,,5.059,0.033,0.037000000000000005,353859,4.406000000000001,0.29,0.29,317329,4.095,0.033,0.036000000000000004,169208.0,EDE,000,24.1,,J075637.75-252451.7,4.062, 0.390, 3.811, 0.217,4.045,0.017,3.98, 0.024,2.8,    5.0,63.6,44.4,0.231, 0.228,0.0,0.0,0h00,CBAA,,0.9640000000000001,1.795,0.08199999999999999,0.065,119.15720989890114,-25.414345833828893,1.8381903859447333,1.8544953859447333,0.018077975,-1.3501211154692123,-4.543546396797238,False,7.049289536364049,0.000166,7.820217599999999,0.000517,6.1874404,0.00039,539.2302443,,119.15720989889999,-25.414345833829998,1.8382,1.8544953859447333,0.0181,-1.350,-4.544,False,7.045186999999999,0.0027600000000000003,7.820218,0.002838,6.1874400000000005,0.0037990000000000003,595.2625,,,1.8382,0.0181,Gaia DR3,540.9219969999999,536.219788,547.183167,538.376465,533.134399,542.162903,0.788209,0.07653099999999999,0.0456,0.0,LDD_VW3,GOOD,,,True,,242.7831653,1.713178739,HD65181,538.376465,4.514251999999999,Bailer-Jones rpgeo,9.058682831869254,0.018000000000000002,7.561634221518073,0.01,0.22704861035118062,0.7038506920886599,legacy,0.919346924258403,8.139335907610851,0.7015749838064962,6.860059237711576,0.7377519334638083,,0.9834756745870081,8.55052432541299,0.7310665319090215,7.007933468090979,0.7310665319090215,7.089151468090979,0.4235848932211797,5.763855106778821,0.5574402634966554,6.487746736503344,2.827972926927837,0.8063507050864244,0.03709213243397552,0.7577852503237399,0.038647047766510734,0.7614028077237364,0.054821002156109015,1.8753009476901326,0.14627347391983034,,,0.7577852503237399,0.038647047766510734,,
HD70942,106,False,Faint,False,HD70942,5.707448315852774e+18,,,,,TYC 6006-4295-1,2MASS J08240840-1908089,J082408.35-190809.8,5.707448315851133e+18,5.707448315852774e+18,HD70942,2MASS J08240840-1908089,K0III,C,K0III,,,,,,,,,,,,,,,,,,,7.0449,0.0015,8.45,0.017,7.019,0.011000000000000001,5.04,-58.06,-69.98,0.96,,4.9319999999999995,0.254,0.254,371219,4.137,0.228,0.228,392744,4.045,0.25,0.25,177182.0,DDD,000,30.2,,J082408.35-190809.8,3.885, 0.320, 3.568, 0.161,3.8789999999999996,0.015,3.8160000000000003, 0.024,3.4,    6.7,71.5,46.0,0.213, 0.212,0.0,0.0,0000,BBAA,,0.887,1.431,0.069,0.063,126.03473865754292,-19.136157657857922,4.343029766163206,4.364021766163206,0.02149692,-59.44126945536403,-69.01687888018489,True,6.509960223098692,0.000128,7.134554,0.000488,5.7356195,0.0005070000000000001,229.1464281,,126.03473865754,-19.13615765786,4.3430,4.364021766163206,0.0215,-59.441,-69.017,False,6.50289,0.002758,7.134554,0.002833,5.73562,0.0038130000000000004, ,,,4.3430,0.0215,Gaia DR3,229.054672,227.85913100000002,230.43522599999997,229.27624500000002,228.217117,230.39427200000003,0.7699550000000001,0.06592,0.146,0.0,LDD_VW3,GOOD,,,True,,240.9057695,10.45238528,HD70942,229.27624500000002,1.0885775000000137,Bailer-Jones rpgeo,8.096510464779259,0.017,6.882881870851578,0.011000000000000001,0.2136285939276812,0.6622486411758117,legacy,0.8650076759214123,7.2315027888578465,0.6601074417218434,6.222774429129735,0.6941461036450782,6.350753896354922,0.9253460093815888,7.52465399061841,0.6878558518272756,6.331144148172725,0.6878558518272756,6.446698148172724,0.3985483329225629,5.337071667077437,0.524491999776062,5.978398000223938,2.315902067769769,0.7922940559025354,0.03644552657151663,0.7842689299781471,0.0399977154288855,0.7918700553708329,0.05701464398669997,0.8075391247881294,0.06298805173347409,,,0.7842689299781471,0.0399977154288855,,
HD  63734,106,False,Bright,False,HD63734,5.715806665811909e+18,,,,,TYC 5989-2854-1,2MASS J07494076-1930199,J074940.74-193019.8,5.715806665811909e+18,5.715806665811909e+18,HD63734,2MASS J07494076-1930199,K2III,C,K2III,,,,,,,,,,,,,,,,,,,6.6512,0.001,8.09,0.015,6.617000000000001,0.009000000000000001,7.82,-59.12,-14.15,0.77,,4.821000000000001,0.258,0.258,456068,4.093999999999999,0.23800000000000002,0.23800000000000002,485635,3.945,0.23600000000000002,0.23600000000000002,208171.0,DDD,d00,24.2,,J074940.74-193019.8,3.676, 0.409, 3.318, 0.283,3.6860000000000004,0.015,3.602, 0.023,2.7,    3.8,73.5,46.3,0.239, 0.224,0.015,0.0,0h00,CBAA,,0.8759999999999999,1.473,0.07400000000000001,0.084,117.419549394345,-19.505580674104397,8.455784732388349,8.473923732388347,0.019284135,-61.13962304108697,-14.128440717462981,False,6.1162571475490575,0.000286,6.713671000000001,0.001410773,5.3635316,0.001098751,118.00908659999999,,117.41954939435,-19.505580674100003,8.4558,8.473923732388348,0.0193,-61.140,-14.128,False,6.107049,0.00277,6.713671000000001,0.003127,5.363532,0.003936,116.7682,,,8.4558,0.0193,Gaia DR3,118.032455,117.80281799999999,118.300331,118.022545,117.724709,118.30233,0.793818,0.068972,0.129,0.0,LDD_VW3,GOOD,,,True,,236.8805625,3.362068278,HD  63734,118.022545,0.28881049999999675,Bailer-Jones rpgeo,7.722073330114866,0.015,6.4766903070494655,0.009000000000000001,0.08538302306540069,0.26468737150274213,legacy,0.34572605186901656,7.3763472782458495,0.26383157743976343,6.212858729609702,0.27743614133578753,6.373763858664213,0.36984206191635194,7.720157938083648,0.27492205506029377,6.342077944939707,0.27492205506029377,6.438748944939707,0.1592916981615484,5.2042403018384515,0.20962883147401953,5.89742016852598,2.6297461994532703,0.9630922684277291,0.04430224434767553,0.8712982667838145,0.04443621160597454,0.8882326828638856,0.06395275316619976,1.4313559044337199,0.11164576054583014,,,0.8712982667838145,0.04443621160597454,,
HD82434,106,True,Both,False,psiVel,5.426587107145955e+18,psivela,HD82434a,,psiVelA,TYC 7696-2620-1,2MASS J09304200-4028004,J093041.81-402759.7,5.426587107145955e+18,5.426587107145955e+18,HD82434,2MASS J09304200-4028004,F3VFe-0.7,C,F3V,6837.0,100.0,3.77,0.2,,0.03,0.1,,,201.0,,,,,,,,,3.6577,0.0004,4.006,0.002,3.6239999999999997,0.002,53.89,-147.14,48.65,0.7,,2.822,0.29600000000000004,0.29600000000000004,1000000,2.7,0.23399999999999999,0.23399999999999999,1000000,2.673,0.268,0.268,671769.0,DDD,000,44.4,,J093041.81-402759.7,1.5530000000000002,      , 1.190,      ,2.682,0.02,2.613, 0.023,1.1,    1.2,53.5,47.6,0.22699999999999998, 0.233,0.051,0.0,HHH0,UUAA,,0.149,0.382,-1.06,0.069,142.6736972497101,-40.466465971955536,,,,,,False,3.7954113307900847,0.003686,3.6906911681986343,0.008135,3.1532131494355053,0.006012,,,142.67369724971002,-40.46646597196, ,, , , ,False,3.7843050000000003,0.003686,3.7071330000000002,0.008135,3.187291,0.006012,,,, , ,,,,,,,,,,,,LDD_BV,GOOD,,,True,,266.7755476,7.909364233,HD82434,18.5563184264242,0.24103586747999511,Hipparcos parallax,3.9375733456048754,0.002,3.580850519427615,0.002,0.0,0.0,legacy_assumed_zero,0.0,3.9375733456048754,0.0,3.580850519427615,0.0,3.6577,0.0,4.006,0.0,3.6239999999999997,0.0,3.7071330000000002,0.0,3.187291,0.0,3.7843050000000003,0.957273728160013,1.1717577943949822,0.053900858542169174,1.1962347427268314,0.061007971879068396,1.1775165351924448,0.08478119053385604,0.9902923546092834,0.07724280365952411,1.135942663285694,0.05111741984785623,0.9902923546092834,0.07724280365952411,6863.136231948544,79.0
HD81134,106,False,Both,False,HR3729,5.429538196359139e+18,,,,,TYC 7695-1553-1,2MASS J09223657-3946311,J092236.51-394630.1,5.429538196359139e+18,5.429538196359139e+18,HD81134,2MASS J09223657-3946311,K2III,C,K2III,,,,,,,,,,,,,,,,,,,6.6964,0.0008,7.984,0.016,6.642,0.009000000000000001,8.12,-75.51,54.31,0.57,,4.92,0.3,0.3,362602,4.368,0.075,0.076,306697,4.205,0.298,0.298,169598.0,DED,000,24.5,,J092236.51-394630.1,3.946, 0.366, 3.739, 0.211,3.9810000000000003,0.015,3.912, 0.024,3.0,    5.1,71.4,45.2,0.207, 0.211,0.0,0.0,0000,CBAA,,0.715,1.3419999999999999,0.034,0.069,140.65194099139669,-39.77502030318689,7.3827252236217245,7.394653223621725,0.01664867,-76.15512154954432,59.66136683675147,False,6.2373460017817095,0.000136,6.773902400000001,0.000656,5.531203700000001,0.0012724989999999999,135.2328459,,140.65194099139998,-39.775020303190004,7.3827,7.3946532236217255,0.0166,-76.155,59.661,False,6.228779,0.002759,6.7739020000000005,0.002866,5.531204,0.003988,137.0226,,,7.3827,0.0166,Gaia DR3,135.256271,134.887177,135.600433,135.145584,134.891647,135.404221,0.705168,0.07071799999999999,0.0127,0.0,LDD_BV,GOOD,,,True,,265.17316150000005,7.3215385820000005,HD81134,135.145584,0.2562870000000004,Bailer-Jones rpgeo,7.659290215342203,0.016,6.514664420102617,0.009000000000000001,-0.015374204760414178,-0.047660034757283955,legacy,-0.062251990168730745,7.721542205510934,-0.04750593909886597,6.562170359201484,-0.04995559880291982,6.74635559880292,-0.06659435780998826,8.050594357809988,-0.04950290837574694,6.691502908375747,-0.04950290837574694,6.823404908375747,-0.02868231993020313,5.559886319930203,-0.03774610529190693,6.266525105291907,2.6171431494418558,0.8137305739179679,0.03743160640022652,0.7643171389063785,0.0389801740842253,0.7723920285009487,0.0556122260520683,1.1971853829140982,0.09338045986729965,,,1.1971853829140982,0.09338045986729965,,
HD76437,106,False,Faint,False,HD76437,5.627625042988938e+18,,,,,TYC 7146-1932-1,2MASS J08550165-3408356,J085501.66-340836.1,5.627625042988938e+18,5.627625042988938e+18,HD76437,2MASS J08550165-3408356,K1III,C,K1III,,,,,,,,,,,,,,,,,,,7.3183,0.001,8.596,0.016,7.27,0.01,8.96,5.69,-63.36,0.81,,5.295,0.013000000000000001,0.021,247988,4.748,0.003,0.015,194854,4.601,0.009000000000000001,0.017,99087.8,AAA,000,15.6,,J085501.66-340836.1,4.468, 0.294, 4.315, 0.163,4.563,0.013999999999999999,4.499, 0.025,3.7,    6.7,75.8,43.6,0.212, 0.215,0.0,0.0,0000,BBAA,,0.6940000000000001,1.3259999999999998,-0.031,0.064,133.75692954244332,-34.143487274685434,8.01289902397687,8.02708502397687,0.016646551000000002,4.837771225021411,-63.96998219515338,False,6.854928280825057,0.000113,7.397968,0.00043499999999999995,6.1508718,0.000346,124.5782245,,133.75692954244,-34.14348727469,8.0129,8.02708502397687,0.0166,4.838,-63.970,False,6.849775999999999,0.002758,7.397968,0.0028239999999999997,6.150872,0.003795,,,,8.0129,0.0166,Gaia DR3,124.54061899999999,124.26808899999999,124.859619,124.606049,124.328773,124.89646100000002,0.59828,0.013002000000000001,0.20199999999999999,0.0,LDD_BV,GOOD,,,True,,257.243176,7.025426931,HD76437,124.606049,0.2838440000000091,Bailer-Jones rpgeo,8.275700796812101,0.016,7.143896239586684,0.01,0.061804557225417556,0.19159412739879442,legacy,0.25025402931317536,8.025446767498925,0.19097466030522448,6.952921579281459,0.20082233280089878,7.117477667199101,0.26771041899707804,8.328289581002922,0.19900250980207648,7.070997490197923,0.19900250980207648,7.198965490197923,0.11530340015038394,6.035568599849616,0.1517399671010659,6.6980360328989335,2.41056684203438,0.599558312266773,0.027579682364271555,0.5747183423966616,0.029310635462229742,0.5804030467091981,0.04178901936306226,0.7118032950787919,0.055520657016145766,,,0.7118032950787919,0.055520657016145766,,
HD84369,106,False,Faint,False,HD84369,5.431414890909314e+18,,,,,TYC 7697-3285-1,2MASS J09434454-4114260,J094344.56-411426.6,5.431414890909314e+18,5.431414890909314e+18,HD84369,2MASS J09434454-4114260,K2III,C,K2III,,,,,,,,,,,,,,,,,,,7.7357,0.0013,9.253,0.017,7.721,0.011000000000000001,3.83,1.99,-40.03,0.82,,5.349,0.015,0.023,220206,4.71,0.040999999999999995,0.044000000000000004,175756,4.474,0.015,0.021,127885.0,AEA,000,20.8,,J094344.56-411426.6,4.375, 0.309, 3.783, 0.085,4.459,0.015,4.404, 0.024,3.5,   12.8,71.5,45.8,0.205, 0.207,0.0,0.0,0000,BAAA,,0.875,1.5319999999999998,-0.028999999999999998,0.055,145.93562086424578,-41.240753766982095,3.56785863874195,3.5812466387419506,0.03289669,0.1058678156545607,-44.245612522148164,False,7.170354973431404,0.000143,7.8338556,0.00061,6.378039,0.00056,279.2323738,,145.93562086424998,-41.24075376698,3.5679,3.58124663874195,0.0329,0.106,-44.246,False,7.166883,0.002759,7.833856,0.002856,6.378039,0.003821, ,,,3.5679,0.0329,Gaia DR3,279.425751,276.926453,282.115723,278.862274,275.168396,280.874329,0.648798,0.016322,0.953,0.0,LDD_BV,GOOD,,,True,,269.14500719999995,9.001681346,HD84369,278.862274,2.852966500000008,Bailer-Jones rpgeo,8.865804008203742,0.017,7.574873275265486,0.011000000000000001,0.1309307329382563,0.40588527210859454,legacy,0.5301541658039856,8.335649842399757,0.4045729533374006,7.170300321928085,0.4254348935482478,7.310265106451752,0.5671348998853428,8.685865100114658,0.4215796639381616,7.299420336061838,0.4215796639381616,7.412276336061838,0.2442661086770827,6.133772891322917,0.3214556660620949,6.845427333937906,2.6848217128070533,0.6407809616721967,0.029475924236921042,0.6204707878863366,0.03164401018220316,0.6211881029380034,0.04472554341153625,0.9284818574180039,0.0724215848786043,,,0.9284818574180039,0.0724215848786043,,
HD61421,106,True,Both,False,alfCMi,,alfcmi,,,alfCmi,TYC  187-2184-1,2MASS J07391805+0513298,J073917.65+051320.4,,,HD61421,2MASS J07391805+0513298,F5IV-V+DQZ,C,F5IV,6456.0,100.0,4.198,0.2,,0.011000000000000001,0.1,,,3.0,,,,,,,,,0.4607,0.0017,,,0.461,0.002,285.93,-716.57,-1034.58,0.88,,-0.498,0.15,0.151,1000000,-0.6659999999999999,0.27,0.27,1000000,-0.6579999999999999,0.322,0.322,1000000.0,BDD,000,154.0,,J073917.65+051320.4,-1.193,      ,-1.487,      ,-0.425,0.42700000000000005,-0.637, 0.005,0.0,    0.2,2.5,200.6,0.31, 0.262,0.32899999999999996,0.064,hh00,UUCA,,0.16,-0.461,-0.556,0.212,,,,,,,,,,,,,,,,,,,,,,,,False,,,,,,,,,,,,,,,,,,,5.665394999999999,0.612658,0.0193,,LDD_VW3,GOOD,,,True,,,,HD61421,3.497359493582345,0.01076374061606849,Hipparcos parallax,,,,0.002,0.0,0.0,legacy_assumed_zero,0.0,,0.0,,0.0,0.4607,0.0,,0.0,0.461,0.0,,0.0,,0.0,,,,,,,,,,,,,,,,
HD55751,106,False,Bright,False,HR2729,3.115290829498908e+18,,,,,TYC  167-4147-1,2MASS J07142006+0306411,J071420.07+030641.1,3.115290829498908e+18,3.115290829498908e+18,HD55751,2MASS J07142006+0306411,K0III,C,K0III,,,,,,,,,,,,,,,,,,,5.5307,0.0006,6.917000000000001,0.015,5.48,0.009000000000000001,4.35,-5.21,-3.01,0.89,,3.468,0.23600000000000002,0.23600000000000002,1000000,2.927,0.192,0.192,1000000,2.675,0.23399999999999999,0.23399999999999999,1000000.0,DCD,000,34.5,,J071420.07+030641.1,1.686,      , 1.184,      ,2.645,0.012,2.58, 0.020,1.4,    1.1,91.9,54.5,0.272, 0.226,0.105,0.0,hh00,UUAA,,0.7929999999999999,1.4369999999999998,-0.894,0.065,108.58357539076808,3.111407904755279,4.215075292686862,4.247568292686862,0.14276962,-4.346214823651922,-2.1057935986831606,False,5.022360609322302,0.0012911980000000001,5.612632,0.001201282,4.2950644,0.002302143,235.4288221,,108.58357539077,3.11140790476,4.2151,4.2151,0.1428,-4.346,-2.106,False,5.008997,0.003043,5.612632,0.003038,4.295064,0.004425,,,,4.2151,0.1428,Gaia DR3,236.315048,228.397583,246.64639300000002,235.146988,228.23439,243.22727999999998,1.4031559999999998,0.11213,0.0582,0.0,LDD_VW3,GOOD,,,True,,212.7650019,6.510464653,HD55751,235.146988,7.496444999999994,Bailer-Jones rpgeo,6.561461564120519,0.015,5.343288819782609,0.009000000000000001,0.21817274433790956,0.6763355074475197,legacy,0.8834074833307127,5.678054080789806,0.6741487619727765,4.669140057809833,0.7089114692903954,4.821788530709605,0.9450292894651436,5.971970710534857,0.7024874158599306,4.777512584140069,0.7024874158599306,4.910144584140069,0.4070259600849595,3.8880380399150405,0.5356486080377385,4.473348391962261,2.064934267820533,1.3912428550969809,0.06399717133446112,1.345446374769659,0.0686177651132526,1.3608878995261684,0.09798392876588412,1.6524806645125762,0.12889349183198096,,,1.345446374769659,0.0686177651132526,,
HD63241,106,False,Bright,False,HD63241,3.1377991038299044e+18,,,,,TYC  188-285-1,2MASS J07480342+0524354,J074803.43+052435.0,3.1377991038299044e+18,3.1377991038299044e+18,HD63241,2MASS J07480342+0524354,K0,E,K0,,,,,,,,,,,,,,,,,,,6.7324,0.0011,8.728,0.021,6.787000000000001,0.011000000000000001,3.55,-1.24,-26.07,1.02,,3.983,0.264,0.264,920937,3.056,0.19399999999999998,0.19399999999999998,991996,2.85,0.258,0.258,633024.0,DCD,000,37.1,,J074803.43+052435.0,1.514,      , 1.571,      ,2.681,0.015,2.596, 0.017,0.9,    1.4,72.3,65.2,0.271, 0.237,0.11800000000000001,0.0,HHH0,UUAA,,1.133,1.9409999999999998,-1.082,0.085,117.01423854193364,5.4096956299049435,2.350954668970409,2.3815166689704097,0.037575718,-1.4788666726572692,-26.121802476233764,False,5.986285133176372,0.00032,6.8814497,0.001441455,5.0312410000000005,0.002063585,419.90048319999994,,117.01423854193001,5.4096956299,2.3510,2.3510,0.0376,-1.479,-26.122,False,5.976413,0.002774,6.88145,0.003141,5.0312410000000005,0.004306,,,,2.3510,0.0376,Gaia DR3,421.11959800000005,415.300751,426.80691500000006,419.713684,412.533478,425.93002300000006,1.38004,0.12253900000000001,0.21,0.0,LDD_VW3,GOOD,,,True,,214.54030690000002,15.04980758,HD63241,419.713684,6.69827250000003,Bailer-Jones rpgeo,8.201477698192345,0.021,6.589513636426533,0.011000000000000001,0.3619640617658124,1.1220885914740186,legacy,1.4656356907966777,6.735842007395668,1.1184606255863085,5.471053010840224,1.176134423369101,5.556265576630899,1.5678706391145936,7.160129360885406,1.1654764629545304,5.62152353704547,1.1654764629545304,5.715973537045469,0.6752849454389048,4.355956054561096,0.8886790439059165,5.087733956094084,2.8637493189800276,1.5622975192872732,0.07186568588721456,1.4170205752737433,0.0722680493389609,1.4396558356505522,0.10365522016683976,3.286503169327854,0.2563472472075726,,,1.4170205752737433,0.0722680493389609,,
HD65695,106,False,Bright,False,27Mon,3.0689992253061007e+18,,,,,TYC 4837-3335-1,2MASS J07594415-0340464,J075942.95-034047.8,3.0689992253061007e+18,3.0689992253061007e+18,HD65695,2MASS J07594415-0340464,K1III,C,K1III,,,,,,,,,,,,,,,,,,,5.0967,0.0006,6.485,0.013999999999999999,5.069,0.009000000000000001,13.06,-55.17,-1.84,0.96,,2.9960000000000004,0.294,0.294,1000000,2.336,0.252,0.252,1000000,2.1919999999999997,0.276,0.276,943235.0,DDD,000,63.8,,J075942.95-034047.8,6.5, 0.072, 5.171, 0.060,5.865,0.015,3.635, 0.025,15.1,   18.1,74.3,42.7,0.24600000000000002, 0.213,0.0,0.0,dddd,AAAA,,0.804,1.416,2.865,2.23,119.93373161579888,-3.679597613872835,10.36449174696182,10.391441746961817,0.114399366,-53.77232723194643,-2.687431411402875,False,4.5737282155103705,0.000766,5.1861773,0.0009130000000000001,3.8117592000000005,0.003044243,96.23303718,,119.9337316158,-3.6795976138699995,10.3645,10.3645,0.1144,-53.772,-2.687,False,4.560082,0.00286,5.186177,0.002936,3.8117589999999995,0.0048530000000000005,103.3144,,,10.3645,0.1144,Gaia DR3,96.3442459,95.3771057,97.4475021,96.3514786,95.53619379999999,97.64727020000001,1.817591,0.178783,0.0247,0.0,LDD_VW3,GOOD,,,True,,224.23790173762995,13.3858557,HD65695,96.3514786,1.055538200000008,Bailer-Jones rpgeo,6.136605612151044,0.013999999999999999,4.934373007183373,0.009000000000000001,0.13223260496767097,0.40992107539978,legacy,0.5354256010449641,5.60118001110608,0.4085957079648877,4.525777299218485,0.42966508286910543,4.667034917130895,0.5727740424036528,5.912225957596347,0.42577151989385953,4.64322848010614,0.42577151989385953,4.76040548010614,0.2466948983698023,3.565064101630197,0.3246519678848339,4.2354300321151666,2.504910372897434,1.941556328064508,0.08931159109096737,0.22615258249765227,0.011533781707380264,0.7272933816633406,0.052365123479760516,2.1990385475479437,0.1715250067087396,,,0.22615258249765227,0.011533781707380264,,
HD82434A,106,True,Both,False,psiVelA,5.426587107145955e+18,psivela,HD82434a,,psiVelA,TYC 7696-2620-1,2MASS J09304200-4028004,J093041.81-402759.7,5.426587107145955e+18,5.426587107145955e+18,HD82434,2MASS J09304200-4028004,F3VFe-0.7,C,F3V,6837.0,100.0,3.77,0.2,,0.03,0.1,,,201.0,,,,,,,,,3.6577,0.0004,4.006,0.002,3.6239999999999997,0.002,53.89,-147.14,48.65,0.7,,2.822,0.29600000000000004,0.29600000000000004,1000000,2.7,0.23399999999999999,0.23399999999999999,1000000,2.673,0.268,0.268,671769.0,DDD,000,44.4,,J093041.81-402759.7,1.5530000000000002,      , 1.190,      ,2.682,0.02,2.613, 0.023,1.1,    1.2,53.5,47.6,0.22699999999999998, 0.233,0.051,0.0,HHH0,UUAA,,0.149,0.382,-1.06,0.069,142.6736972497101,-40.466465971955536,,,,,,False,3.7954113307900847,0.003686,3.6906911681986343,0.008135,3.1532131494355053,0.006012,,,142.67369724971002,-40.46646597196, , , , , ,False,3.7843050000000003,0.003686,3.7071330000000002,0.008135,3.187291,0.006012, , , , , ,,,,,,,,,,,,LDD_BV,GOOD,,,True,,266.7755476,7.909364233,HD82434A,18.5563184264242,0.24103586747999511,Hipparcos parallax,3.9375733456048754,0.002,3.580850519427615,0.002,0.0,0.0,legacy_assumed_zero,0.0,3.9375733456048754,0.0,3.580850519427615,0.0,3.6577,0.0,4.006,0.0,3.6239999999999997,0.0,3.7071330000000002,0.0,3.187291,0.0,3.7843050000000003,0.957273728160013,1.1717577943949822,0.053900858542169174,1.1962347427268314,0.061007971879068396,1.1775165351924448,0.08478119053385604,0.9902923546092834,0.07724280365952411,1.135942663285694,0.05111741984785623,0.9902923546092834,0.07724280365952411,6863.136231948544,79.0
HD79810,106,False,Bright,False,HD79810,5.427012343272769e+18,,,,,TYC 7690-827-1,2MASS J09144372-4327532,J091443.69-432752.9,5.427012343272769e+18,5.427012343272769e+18,HD79810,2MASS J09144372-4327532,K0III,C,K0III,,,,,,,,,,,,,,,,,,,6.972,0.0008,8.271,0.015,6.9270000000000005,0.01,7.24,-36.15,39.83,0.61,,5.109,0.26,0.26,274682,4.417,0.218,0.218,238292,4.239,0.021,0.026000000000000002,153398.0,DDE,000,17.4,,J091443.69-432752.9,4.167, 0.358, 4.003, 0.180,4.2,0.015,4.145, 0.024,3.0,    6.0,74.7,44.5,0.213, 0.209,0.0,0.0,hh00,CBAA,,0.87,1.344,0.022000000000000002,0.055,138.68188765806514,-43.464639147251255,6.83068230317234,6.84077930317234,0.018078463,-37.186232006745186,39.534763830696676,False,6.513572109219923,0.000146,7.054814,0.00044500000000000003,5.7963385999999995,0.000547,146.1821754,,138.68188765807,-43.464639147250004,6.8307,6.84077930317234,0.0181,-37.186,39.535,False,6.506522,0.002759,7.054814,0.002825,5.796339,0.003819,149.5292,,,6.8307,0.0181,Gaia DR3,146.1017,145.704041,146.397293,146.17785600000002,145.827698,146.560715,0.674994,0.059076,0.128,,LDD_BV,GOOD,,,True,,266.7942899,3.6915664510000004,HD79810,146.17785600000002,0.3665084999999948,Bailer-Jones rpgeo,7.945725402328904,0.015,6.79950284218674,0.01,0.14622256014216362,0.4532899364407072,legacy,0.5920725994136808,7.353652802915223,0.45182434768136615,6.347678494505374,0.4751228219104943,6.496877178089506,0.6333724340053243,7.637627565994676,0.47081732746414057,6.45618267253586,0.47081732746414057,6.58399667253586,0.27279474394732334,5.523544256052676,0.35899952141847313,6.147522478581527,2.170199047103462,0.6846462184070412,0.03149372604672389,0.664750157347499,0.033902258024722444,0.6687746128024186,0.048151772121774135,0.7560447488432697,0.05897149040977503,,,0.7560447488432697,0.05897149040977503,,
HD84900,106,False,Bright,False,HD84900,5.438948985099204e+18,,,,,TYC 7172-1623-1,2MASS J09473650-3314370,J094736.58-331437.7,5.438948985099204e+18,5.438948985099204e+18,HD84900,2MASS J09473650-3314370,K0III,C,K0III,,,,,,,,,,,,,,,,,,,6.7972,0.0006,7.897,0.013999999999999999,6.7410000000000005,0.009000000000000001,5.24,49.9,-50.29,0.66,,5.103,0.278,0.278,276204,4.544,0.258,0.258,211987,4.499,0.27,0.27,120731.0,DDD,00d,24.1,,J094736.58-331437.7,4.252, 0.320, 4.027, 0.188,4.298,0.013999999999999999,4.229, 0.026,3.4,    5.8,76.0,41.6,0.212, 0.214,0.0,0.0,0000,BBAA,,0.604,1.156,0.023,0.069,146.90239954191222,-33.24390398300088,4.057056027953334,4.0742780279533335,0.017971074,50.62134096244577,-50.30768692363054,False,6.3827901447480935,9.27e-05,6.864489,0.000389,5.7203417000000005,0.00046699999999999997,245.44225830000002,,146.90239954191003,-33.243903983,4.0571,4.074278027953334,0.0180,50.621,-50.308,False,6.375015,0.002757,6.864489,0.002817,5.720342,0.0038079999999999998, ,,,4.0571,0.0180,Gaia DR3,245.610931,244.460342,246.579193,245.72560099999998,244.75946000000002,246.682617,0.614205,0.057277,0.0123,0.0,LDD_BV,GOOD,,,True,,264.3293023,15.51486453,HD84900,245.72560099999998,0.9615784999999875,Bailer-Jones rpgeo,7.6309813124216,0.013999999999999999,6.630423803415552,0.009000000000000001,0.000557509006047674,0.0017282779187477893,legacy,0.002257420510803947,7.628723891910796,0.0017226900058313387,6.628701113409721,0.001811521094531195,6.795388478905469,0.00241488615571356,7.894585113844287,0.001795105351796307,6.739204894648204,0.001795105351796307,6.862693894648204,0.00104009618218446,5.719301903817815,0.0013687728224906876,6.37364622717751,2.3753899881756877,0.6813890717655767,0.031343897301216526,0.6458890118400151,0.03294033960384077,0.6543351157079652,0.0471121283309735,0.6524831714315611,0.050893687371661764,,,0.6524831714315611,0.050893687371661764,,
