LDD_FIT,bootstrap,finite,star
1.0114730431435373,0,True,"('ksi_Gem', 'faint', 106)"
0.9849610531055176,1,True,"('ksi_Gem', 'faint', 106)"
0.9988263534140115,2,True,"('ksi_Gem', 'faint', 106)"
1.007151712415103,3,True,"('ksi_Gem', 'faint', 106)"
1.0099564407435193,4,True,"('ksi_Gem', 'faint', 106)"
0.9940373551837145,5,True,"('ksi_Gem', 'faint', 106)"
1.0396413152529929,6,True,"('ksi_Gem', 'faint', 106)"
0.9833910678185462,7,True,"('ksi_Gem', 'faint', 106)"
0.9919656578941627,8,True,"('ksi_Gem', 'faint', 106)"
0.9848612184636866,9,True,"('ksi_Gem', 'faint', 106)"
0.9727308344935679,10,True,"('ksi_Gem', 'faint', 106)"
0.9857069403863752,11,True,"('ksi_Gem', 'faint', 106)"
0.9825951509588947,12,True,"('ksi_Gem', 'faint', 106)"
0.9789113679779499,13,True,"('ksi_Gem', 'faint', 106)"
0.9513291657836074,14,True,"('ksi_Gem', 'faint', 106)"
0.9981293149369427,15,True,"('ksi_Gem', 'faint', 106)"
0.9621427506135614,16,True,"('ksi_Gem', 'faint', 106)"
1.0039214314245526,17,True,"('ksi_Gem', 'faint', 106)"
1.0072498432774701,18,True,"('ksi_Gem', 'faint', 106)"
1.021709327545191,19,True,"('ksi_Gem', 'faint', 106)"
0.9897430935655367,20,True,"('ksi_Gem', 'faint', 106)"
1.0032677244611357,21,True,"('ksi_Gem', 'faint', 106)"
0.9676039993932941,22,True,"('ksi_Gem', 'faint', 106)"
0.9835331281676223,23,True,"('ksi_Gem', 'faint', 106)"
0.9938269179484546,24,True,"('ksi_Gem', 'faint', 106)"
1.012604246433246,25,True,"('ksi_Gem', 'faint', 106)"
0.9976572575622564,26,True,"('ksi_Gem', 'faint', 106)"
0.9722749709319166,27,True,"('ksi_Gem', 'faint', 106)"
0.9706895604241814,28,True,"('ksi_Gem', 'faint', 106)"
0.9797227254060638,29,True,"('ksi_Gem', 'faint', 106)"
0.9951986650074675,30,True,"('ksi_Gem', 'faint', 106)"
1.0028294168113217,31,True,"('ksi_Gem', 'faint', 106)"
0.9936228070982867,32,True,"('ksi_Gem', 'faint', 106)"
0.9840880859051546,33,True,"('ksi_Gem', 'faint', 106)"
1.0019137277812546,34,True,"('ksi_Gem', 'faint', 106)"
0.9850263176308999,35,True,"('ksi_Gem', 'faint', 106)"
0.9958387163156968,36,True,"('ksi_Gem', 'faint', 106)"
0.9817003048758179,37,True,"('ksi_Gem', 'faint', 106)"
0.9741897709154268,38,True,"('ksi_Gem', 'faint', 106)"
1.0186916001558763,39,True,"('ksi_Gem', 'faint', 106)"
1.00309032324224,40,True,"('ksi_Gem', 'faint', 106)"
0.9963202064843875,41,True,"('ksi_Gem', 'faint', 106)"
0.9942501075118604,42,True,"('ksi_Gem', 'faint', 106)"
1.0076783245963739,43,True,"('ksi_Gem', 'faint', 106)"
0.9924629747023334,44,True,"('ksi_Gem', 'faint', 106)"
0.9922248439108177,45,True,"('ksi_Gem', 'faint', 106)"
1.004019442013261,46,True,"('ksi_Gem', 'faint', 106)"
1.0133325128918274,47,True,"('ksi_Gem', 'faint', 106)"
0.987417916257858,48,True,"('ksi_Gem', 'faint', 106)"
0.9562314379188553,49,True,"('ksi_Gem', 'faint', 106)"
1.0122394575861353,50,True,"('ksi_Gem', 'faint', 106)"
0.9661004634277437,51,True,"('ksi_Gem', 'faint', 106)"
0.9786929354904843,52,True,"('ksi_Gem', 'faint', 106)"
0.9951205837170682,53,True,"('ksi_Gem', 'faint', 106)"
0.9844593345246998,54,True,"('ksi_Gem', 'faint', 106)"
0.9903951550047029,55,True,"('ksi_Gem', 'faint', 106)"
0.997692653088763,56,True,"('ksi_Gem', 'faint', 106)"
0.9853993045116857,57,True,"('ksi_Gem', 'faint', 106)"
1.0067216297498698,58,True,"('ksi_Gem', 'faint', 106)"
0.9900856568708096,59,True,"('ksi_Gem', 'faint', 106)"
1.0121514743877895,60,True,"('ksi_Gem', 'faint', 106)"
0.9962320165964695,61,True,"('ksi_Gem', 'faint', 106)"
0.9616977990079477,62,True,"('ksi_Gem', 'faint', 106)"
0.9977993723183125,63,True,"('ksi_Gem', 'faint', 106)"
0.9879158162419763,64,True,"('ksi_Gem', 'faint', 106)"
0.9871080254246709,65,True,"('ksi_Gem', 'faint', 106)"
1.0096964901007366,66,True,"('ksi_Gem', 'faint', 106)"
1.003946020198672,67,True,"('ksi_Gem', 'faint', 106)"
0.9914670964398485,68,True,"('ksi_Gem', 'faint', 106)"
0.9812536055174661,69,True,"('ksi_Gem', 'faint', 106)"
1.010340260655842,70,True,"('ksi_Gem', 'faint', 106)"
0.9901591037475316,71,True,"('ksi_Gem', 'faint', 106)"
1.0359035480648218,72,True,"('ksi_Gem', 'faint', 106)"
1.001580213499026,73,True,"('ksi_Gem', 'faint', 106)"
0.9839850900634882,74,True,"('ksi_Gem', 'faint', 106)"
0.96678604469428,75,True,"('ksi_Gem', 'faint', 106)"
0.9723197759906707,76,True,"('ksi_Gem', 'faint', 106)"
0.9946530681546063,77,True,"('ksi_Gem', 'faint', 106)"
1.0152595321595597,78,True,"('ksi_Gem', 'faint', 106)"
0.9573901912544281,79,True,"('ksi_Gem', 'faint', 106)"
0.9944223963910226,80,True,"('ksi_Gem', 'faint', 106)"
0.9926249308555846,81,True,"('ksi_Gem', 'faint', 106)"
0.9673781012845126,82,True,"('ksi_Gem', 'faint', 106)"
0.9841599882783317,83,True,"('ksi_Gem', 'faint', 106)"
0.9589756191413735,84,True,"('ksi_Gem', 'faint', 106)"
0.9862591806085124,85,True,"('ksi_Gem', 'faint', 106)"
0.9978225041694501,86,True,"('ksi_Gem', 'faint', 106)"
0.9986438898121929,87,True,"('ksi_Gem', 'faint', 106)"
1.0088068552002165,88,True,"('ksi_Gem', 'faint', 106)"
1.0012332183480002,89,True,"('ksi_Gem', 'faint', 106)"
0.9643133930108742,90,True,"('ksi_Gem', 'faint', 106)"
1.0037380181273245,91,True,"('ksi_Gem', 'faint', 106)"
0.9961601197333355,92,True,"('ksi_Gem', 'faint', 106)"
0.9986971157471837,93,True,"('ksi_Gem', 'faint', 106)"
1.0149247889600055,94,True,"('ksi_Gem', 'faint', 106)"
0.9962887784233393,95,True,"('ksi_Gem', 'faint', 106)"
1.0173527649249268,96,True,"('ksi_Gem', 'faint', 106)"
0.9901611400721727,97,True,"('ksi_Gem', 'faint', 106)"
0.9754757333278172,98,True,"('ksi_Gem', 'faint', 106)"
0.9775182194737532,99,True,"('ksi_Gem', 'faint', 106)"
0.9984596617010112,100,True,"('ksi_Gem', 'faint', 106)"
0.9815476982956932,101,True,"('ksi_Gem', 'faint', 106)"
1.02519341623174,102,True,"('ksi_Gem', 'faint', 106)"
0.98399236014751,103,True,"('ksi_Gem', 'faint', 106)"
0.9736672464812322,104,True,"('ksi_Gem', 'faint', 106)"
0.980768639714514,105,True,"('ksi_Gem', 'faint', 106)"
1.000776322230433,106,True,"('ksi_Gem', 'faint', 106)"
0.9820314392553485,107,True,"('ksi_Gem', 'faint', 106)"
0.973428686212788,108,True,"('ksi_Gem', 'faint', 106)"
0.9840307473915992,109,True,"('ksi_Gem', 'faint', 106)"
1.0169929715672665,110,True,"('ksi_Gem', 'faint', 106)"
0.9765477270005862,111,True,"('ksi_Gem', 'faint', 106)"
0.9702558246657724,112,True,"('ksi_Gem', 'faint', 106)"
0.9758108705930252,113,True,"('ksi_Gem', 'faint', 106)"
1.0048050080917184,114,True,"('ksi_Gem', 'faint', 106)"
0.9861808515813776,115,True,"('ksi_Gem', 'faint', 106)"
0.9799214067554737,116,True,"('ksi_Gem', 'faint', 106)"
0.9746180523010918,117,True,"('ksi_Gem', 'faint', 106)"
0.9962111036280294,118,True,"('ksi_Gem', 'faint', 106)"
0.9679490186379033,119,True,"('ksi_Gem', 'faint', 106)"
0.9595648632553235,120,True,"('ksi_Gem', 'faint', 106)"
0.9703137563369908,121,True,"('ksi_Gem', 'faint', 106)"
1.0110802423822947,122,True,"('ksi_Gem', 'faint', 106)"
0.9782890157409114,123,True,"('ksi_Gem', 'faint', 106)"
0.9993787469762054,124,True,"('ksi_Gem', 'faint', 106)"
1.00290682136321,125,True,"('ksi_Gem', 'faint', 106)"
0.9972651535333262,126,True,"('ksi_Gem', 'faint', 106)"
1.0150677503529613,127,True,"('ksi_Gem', 'faint', 106)"
0.9960138615003892,128,True,"('ksi_Gem', 'faint', 106)"
0.963021912512037,129,True,"('ksi_Gem', 'faint', 106)"
0.9659548375918763,130,True,"('ksi_Gem', 'faint', 106)"
0.9736276128046668,131,True,"('ksi_Gem', 'faint', 106)"
0.9844383069984401,132,True,"('ksi_Gem', 'faint', 106)"
0.9529829913814395,133,True,"('ksi_Gem', 'faint', 106)"
0.9816629118111098,134,True,"('ksi_Gem', 'faint', 106)"
0.9662693978151392,135,True,"('ksi_Gem', 'faint', 106)"
0.9969568538472929,136,True,"('ksi_Gem', 'faint', 106)"
0.9695181563048032,137,True,"('ksi_Gem', 'faint', 106)"
0.97259600929721,138,True,"('ksi_Gem', 'faint', 106)"
0.9778668107405871,139,True,"('ksi_Gem', 'faint', 106)"
0.9901263782524462,140,True,"('ksi_Gem', 'faint', 106)"
1.017129503388527,141,True,"('ksi_Gem', 'faint', 106)"
0.9733058119979765,142,True,"('ksi_Gem', 'faint', 106)"
0.9993976118004384,143,True,"('ksi_Gem', 'faint', 106)"
0.9892409607220327,144,True,"('ksi_Gem', 'faint', 106)"
0.9996984349208187,145,True,"('ksi_Gem', 'faint', 106)"
0.9883207372930877,146,True,"('ksi_Gem', 'faint', 106)"
0.995800617001177,147,True,"('ksi_Gem', 'faint', 106)"
1.0012719991454733,148,True,"('ksi_Gem', 'faint', 106)"
0.9795880338619135,149,True,"('ksi_Gem', 'faint', 106)"
1.0250868019421415,150,True,"('ksi_Gem', 'faint', 106)"
0.9945511235124477,151,True,"('ksi_Gem', 'faint', 106)"
0.9990743559388757,152,True,"('ksi_Gem', 'faint', 106)"
1.012852535640527,153,True,"('ksi_Gem', 'faint', 106)"
0.9706322260090842,154,True,"('ksi_Gem', 'faint', 106)"
0.9939861476873477,155,True,"('ksi_Gem', 'faint', 106)"
0.992638114216146,156,True,"('ksi_Gem', 'faint', 106)"
1.0169192733199095,157,True,"('ksi_Gem', 'faint', 106)"
0.9592032893076957,158,True,"('ksi_Gem', 'faint', 106)"
0.9992237042132425,159,True,"('ksi_Gem', 'faint', 106)"
0.9796491820592373,160,True,"('ksi_Gem', 'faint', 106)"
0.985874590001452,161,True,"('ksi_Gem', 'faint', 106)"
0.9818799261611705,162,True,"('ksi_Gem', 'faint', 106)"
1.0052687711177186,163,True,"('ksi_Gem', 'faint', 106)"
0.9749577439288817,164,True,"('ksi_Gem', 'faint', 106)"
0.9969913032642386,165,True,"('ksi_Gem', 'faint', 106)"
1.0034348458930507,166,True,"('ksi_Gem', 'faint', 106)"
0.9973623263679565,167,True,"('ksi_Gem', 'faint', 106)"
0.9749574346280995,168,True,"('ksi_Gem', 'faint', 106)"
1.0113313365082692,169,True,"('ksi_Gem', 'faint', 106)"
0.9916467518773322,170,True,"('ksi_Gem', 'faint', 106)"
0.9638842566903113,171,True,"('ksi_Gem', 'faint', 106)"
0.9709131804436134,172,True,"('ksi_Gem', 'faint', 106)"
0.9585689124494615,173,True,"('ksi_Gem', 'faint', 106)"
1.0191916865991195,174,True,"('ksi_Gem', 'faint', 106)"
1.0012267679476186,175,True,"('ksi_Gem', 'faint', 106)"
1.0209141780471058,176,True,"('ksi_Gem', 'faint', 106)"
0.9617874385306567,177,True,"('ksi_Gem', 'faint', 106)"
0.9845908340147254,178,True,"('ksi_Gem', 'faint', 106)"
0.9996192418970539,179,True,"('ksi_Gem', 'faint', 106)"
0.9490399137568496,180,True,"('ksi_Gem', 'faint', 106)"
0.9753741326476391,181,True,"('ksi_Gem', 'faint', 106)"
1.0062709721219631,182,True,"('ksi_Gem', 'faint', 106)"
0.9986308706885817,183,True,"('ksi_Gem', 'faint', 106)"
1.0186122631883552,184,True,"('ksi_Gem', 'faint', 106)"
0.966327949083089,185,True,"('ksi_Gem', 'faint', 106)"
0.9960158424215503,186,True,"('ksi_Gem', 'faint', 106)"
1.0018408863905033,187,True,"('ksi_Gem', 'faint', 106)"
0.994796546426684,188,True,"('ksi_Gem', 'faint', 106)"
0.9866546729968811,189,True,"('ksi_Gem', 'faint', 106)"
0.9810376976786449,190,True,"('ksi_Gem', 'faint', 106)"
0.9957319352414485,191,True,"('ksi_Gem', 'faint', 106)"
0.9612437771243634,192,True,"('ksi_Gem', 'faint', 106)"
1.0075304695773053,193,True,"('ksi_Gem', 'faint', 106)"
1.005994270891911,194,True,"('ksi_Gem', 'faint', 106)"
0.9545561320972314,195,True,"('ksi_Gem', 'faint', 106)"
0.9807209927774653,196,True,"('ksi_Gem', 'faint', 106)"
1.0091712704538245,197,True,"('ksi_Gem', 'faint', 106)"
0.9805322153587206,198,True,"('ksi_Gem', 'faint', 106)"
0.9943551796403887,199,True,"('ksi_Gem', 'faint', 106)"
0.9708925988129933,200,True,"('ksi_Gem', 'faint', 106)"
1.0086129142087068,201,True,"('ksi_Gem', 'faint', 106)"
0.9996860452896147,202,True,"('ksi_Gem', 'faint', 106)"
0.9739972674068749,203,True,"('ksi_Gem', 'faint', 106)"
0.9994487880772802,204,True,"('ksi_Gem', 'faint', 106)"
0.976982321291099,205,True,"('ksi_Gem', 'faint', 106)"
0.9832137323016475,206,True,"('ksi_Gem', 'faint', 106)"
0.9982548873908679,207,True,"('ksi_Gem', 'faint', 106)"
0.9719513546898936,208,True,"('ksi_Gem', 'faint', 106)"
1.0088094265085505,209,True,"('ksi_Gem', 'faint', 106)"
0.9908902147982002,210,True,"('ksi_Gem', 'faint', 106)"
0.9714661045319193,211,True,"('ksi_Gem', 'faint', 106)"
0.9696349385860688,212,True,"('ksi_Gem', 'faint', 106)"
0.9922672810250106,213,True,"('ksi_Gem', 'faint', 106)"
1.0019966393329813,214,True,"('ksi_Gem', 'faint', 106)"
0.9872594061823173,215,True,"('ksi_Gem', 'faint', 106)"
0.9974713923841099,216,True,"('ksi_Gem', 'faint', 106)"
0.9969433706367066,217,True,"('ksi_Gem', 'faint', 106)"
0.9869853972611332,218,True,"('ksi_Gem', 'faint', 106)"
1.0099334840501573,219,True,"('ksi_Gem', 'faint', 106)"
0.9853989885311807,220,True,"('ksi_Gem', 'faint', 106)"
1.0101149569897352,221,True,"('ksi_Gem', 'faint', 106)"
0.9898098117727909,222,True,"('ksi_Gem', 'faint', 106)"
0.995333642242176,223,True,"('ksi_Gem', 'faint', 106)"
1.0345507946487353,224,True,"('ksi_Gem', 'faint', 106)"
0.9871076120928104,225,True,"('ksi_Gem', 'faint', 106)"
0.9819470920625949,226,True,"('ksi_Gem', 'faint', 106)"
0.990757192264443,227,True,"('ksi_Gem', 'faint', 106)"
0.9833412903635688,228,True,"('ksi_Gem', 'faint', 106)"
0.9825164224057422,229,True,"('ksi_Gem', 'faint', 106)"
0.9933692282022247,230,True,"('ksi_Gem', 'faint', 106)"
0.9991658773838533,231,True,"('ksi_Gem', 'faint', 106)"
0.9791721189984786,232,True,"('ksi_Gem', 'faint', 106)"
1.000553134433129,233,True,"('ksi_Gem', 'faint', 106)"
0.9801605157581927,234,True,"('ksi_Gem', 'faint', 106)"
1.0040586488676544,235,True,"('ksi_Gem', 'faint', 106)"
0.9961633739661215,236,True,"('ksi_Gem', 'faint', 106)"
0.9745644706713689,237,True,"('ksi_Gem', 'faint', 106)"
1.021211342380652,238,True,"('ksi_Gem', 'faint', 106)"
1.002389791671973,239,True,"('ksi_Gem', 'faint', 106)"
0.9658715976721763,240,True,"('ksi_Gem', 'faint', 106)"
0.978815029419231,241,True,"('ksi_Gem', 'faint', 106)"
0.97459822852893,242,True,"('ksi_Gem', 'faint', 106)"
0.9808769923376041,243,True,"('ksi_Gem', 'faint', 106)"
1.0067870814988789,244,True,"('ksi_Gem', 'faint', 106)"
1.003827468263923,245,True,"('ksi_Gem', 'faint', 106)"
0.9933009894105846,246,True,"('ksi_Gem', 'faint', 106)"
0.9790562498534803,247,True,"('ksi_Gem', 'faint', 106)"
1.006788181353278,248,True,"('ksi_Gem', 'faint', 106)"
0.9908870386398013,249,True,"('ksi_Gem', 'faint', 106)"
1.0135262684770556,250,True,"('ksi_Gem', 'faint', 106)"
1.0050156837959279,251,True,"('ksi_Gem', 'faint', 106)"
0.9781073123894213,252,True,"('ksi_Gem', 'faint', 106)"
0.9687984360154481,253,True,"('ksi_Gem', 'faint', 106)"
1.0025530370514175,254,True,"('ksi_Gem', 'faint', 106)"
0.9678582429106012,255,True,"('ksi_Gem', 'faint', 106)"
0.9684253307554941,256,True,"('ksi_Gem', 'faint', 106)"
0.9965295368892431,257,True,"('ksi_Gem', 'faint', 106)"
0.990210591595149,258,True,"('ksi_Gem', 'faint', 106)"
0.9720907903464817,259,True,"('ksi_Gem', 'faint', 106)"
0.9911829068587744,260,True,"('ksi_Gem', 'faint', 106)"
0.9977271803774006,261,True,"('ksi_Gem', 'faint', 106)"
0.9593856751394937,262,True,"('ksi_Gem', 'faint', 106)"
1.0094005519785434,263,True,"('ksi_Gem', 'faint', 106)"
1.014276608941964,264,True,"('ksi_Gem', 'faint', 106)"
0.9890276450454639,265,True,"('ksi_Gem', 'faint', 106)"
1.0055865713888812,266,True,"('ksi_Gem', 'faint', 106)"
0.9873960373190843,267,True,"('ksi_Gem', 'faint', 106)"
1.0144781842795882,268,True,"('ksi_Gem', 'faint', 106)"
0.9793550684578151,269,True,"('ksi_Gem', 'faint', 106)"
0.9898367149997004,270,True,"('ksi_Gem', 'faint', 106)"
0.9506105560213679,271,True,"('ksi_Gem', 'faint', 106)"
1.0025594225194352,272,True,"('ksi_Gem', 'faint', 106)"
0.9817050810586803,273,True,"('ksi_Gem', 'faint', 106)"
0.9948600756159613,274,True,"('ksi_Gem', 'faint', 106)"
0.9847445026887325,275,True,"('ksi_Gem', 'faint', 106)"
0.953505615136985,276,True,"('ksi_Gem', 'faint', 106)"
0.9918699870444391,277,True,"('ksi_Gem', 'faint', 106)"
0.981471302731828,278,True,"('ksi_Gem', 'faint', 106)"
0.9912034887420126,279,True,"('ksi_Gem', 'faint', 106)"
0.9880958616036069,280,True,"('ksi_Gem', 'faint', 106)"
1.013262571191554,281,True,"('ksi_Gem', 'faint', 106)"
0.9856095882288223,282,True,"('ksi_Gem', 'faint', 106)"
0.9837205950629885,283,True,"('ksi_Gem', 'faint', 106)"
1.002420629688928,284,True,"('ksi_Gem', 'faint', 106)"
0.9838885217666619,285,True,"('ksi_Gem', 'faint', 106)"
1.0038675149589673,286,True,"('ksi_Gem', 'faint', 106)"
1.0052542989751652,287,True,"('ksi_Gem', 'faint', 106)"
0.9629214785117076,288,True,"('ksi_Gem', 'faint', 106)"
0.9959361134231182,289,True,"('ksi_Gem', 'faint', 106)"
0.9705761956327108,290,True,"('ksi_Gem', 'faint', 106)"
0.9964916254732923,291,True,"('ksi_Gem', 'faint', 106)"
0.9954053670939116,292,True,"('ksi_Gem', 'faint', 106)"
0.9827259005827006,293,True,"('ksi_Gem', 'faint', 106)"
1.0072204324356164,294,True,"('ksi_Gem', 'faint', 106)"
0.9978698765184129,295,True,"('ksi_Gem', 'faint', 106)"
0.9839362937951887,296,True,"('ksi_Gem', 'faint', 106)"
1.02432566390139,297,True,"('ksi_Gem', 'faint', 106)"
1.0078460454233822,298,True,"('ksi_Gem', 'faint', 106)"
0.9850042691144465,299,True,"('ksi_Gem', 'faint', 106)"
1.005147624205921,300,True,"('ksi_Gem', 'faint', 106)"
0.9967354523428382,301,True,"('ksi_Gem', 'faint', 106)"
0.9617694530668356,302,True,"('ksi_Gem', 'faint', 106)"
1.0059713575552662,303,True,"('ksi_Gem', 'faint', 106)"
0.9744710534944723,304,True,"('ksi_Gem', 'faint', 106)"
0.9545204594466506,305,True,"('ksi_Gem', 'faint', 106)"
0.9619141490364442,306,True,"('ksi_Gem', 'faint', 106)"
1.0013948390019043,307,True,"('ksi_Gem', 'faint', 106)"
0.9848978872297348,308,True,"('ksi_Gem', 'faint', 106)"
1.0042907781144057,309,True,"('ksi_Gem', 'faint', 106)"
0.9852211198506067,310,True,"('ksi_Gem', 'faint', 106)"
1.0123043064784762,311,True,"('ksi_Gem', 'faint', 106)"
0.965924903692249,312,True,"('ksi_Gem', 'faint', 106)"
0.976158173275974,313,True,"('ksi_Gem', 'faint', 106)"
0.9549521367279592,314,True,"('ksi_Gem', 'faint', 106)"
0.9802853491337509,315,True,"('ksi_Gem', 'faint', 106)"
0.9810853774070387,316,True,"('ksi_Gem', 'faint', 106)"
1.0163041048316002,317,True,"('ksi_Gem', 'faint', 106)"
0.9953316667566617,318,True,"('ksi_Gem', 'faint', 106)"
1.0129892293953213,319,True,"('ksi_Gem', 'faint', 106)"
0.9722604204460975,320,True,"('ksi_Gem', 'faint', 106)"
0.9833515141732017,321,True,"('ksi_Gem', 'faint', 106)"
0.9833057726378992,322,True,"('ksi_Gem', 'faint', 106)"
0.9831960586692216,323,True,"('ksi_Gem', 'faint', 106)"
0.9984378461822093,324,True,"('ksi_Gem', 'faint', 106)"
0.95916567423228,325,True,"('ksi_Gem', 'faint', 106)"
1.0060780792212165,326,True,"('ksi_Gem', 'faint', 106)"
0.9634269291855189,327,True,"('ksi_Gem', 'faint', 106)"
0.9768299822765482,328,True,"('ksi_Gem', 'faint', 106)"
0.9970415578211157,329,True,"('ksi_Gem', 'faint', 106)"
0.9883362478209882,330,True,"('ksi_Gem', 'faint', 106)"
0.969684990768832,331,True,"('ksi_Gem', 'faint', 106)"
0.9897170012982678,332,True,"('ksi_Gem', 'faint', 106)"
0.9894903344927393,333,True,"('ksi_Gem', 'faint', 106)"
1.0138488441681441,334,True,"('ksi_Gem', 'faint', 106)"
0.9593863713950692,335,True,"('ksi_Gem', 'faint', 106)"
0.9965606606791191,336,True,"('ksi_Gem', 'faint', 106)"
0.9959596835195729,337,True,"('ksi_Gem', 'faint', 106)"
0.996316499868857,338,True,"('ksi_Gem', 'faint', 106)"
0.9847429705552919,339,True,"('ksi_Gem', 'faint', 106)"
0.9850812211465391,340,True,"('ksi_Gem', 'faint', 106)"
0.9857107480972663,341,True,"('ksi_Gem', 'faint', 106)"
1.0228469959599,342,True,"('ksi_Gem', 'faint', 106)"
0.9889452579229328,343,True,"('ksi_Gem', 'faint', 106)"
0.982812294663104,344,True,"('ksi_Gem', 'faint', 106)"
1.0131051167252465,345,True,"('ksi_Gem', 'faint', 106)"
0.9837530927167416,346,True,"('ksi_Gem', 'faint', 106)"
0.9867747848065044,347,True,"('ksi_Gem', 'faint', 106)"
0.9753132135402305,348,True,"('ksi_Gem', 'faint', 106)"
1.0019401763977733,349,True,"('ksi_Gem', 'faint', 106)"
1.007887131410287,350,True,"('ksi_Gem', 'faint', 106)"
0.9904900370151145,351,True,"('ksi_Gem', 'faint', 106)"
0.9768001501878917,352,True,"('ksi_Gem', 'faint', 106)"
0.9832165781235706,353,True,"('ksi_Gem', 'faint', 106)"
0.9926952355271536,354,True,"('ksi_Gem', 'faint', 106)"
1.0052124904135968,355,True,"('ksi_Gem', 'faint', 106)"
0.99941349866605,356,True,"('ksi_Gem', 'faint', 106)"
1.010993004153571,357,True,"('ksi_Gem', 'faint', 106)"
0.9792099780013136,358,True,"('ksi_Gem', 'faint', 106)"
1.021067171664866,359,True,"('ksi_Gem', 'faint', 106)"
1.0173881667256628,360,True,"('ksi_Gem', 'faint', 106)"
0.9945934027164735,361,True,"('ksi_Gem', 'faint', 106)"
1.018917729707923,362,True,"('ksi_Gem', 'faint', 106)"
0.9847518438900159,363,True,"('ksi_Gem', 'faint', 106)"
0.9604518472409325,364,True,"('ksi_Gem', 'faint', 106)"
0.9420325967197055,365,True,"('ksi_Gem', 'faint', 106)"
0.9861414134494151,366,True,"('ksi_Gem', 'faint', 106)"
1.017237203846487,367,True,"('ksi_Gem', 'faint', 106)"
0.9844547130672916,368,True,"('ksi_Gem', 'faint', 106)"
1.0145246622633364,369,True,"('ksi_Gem', 'faint', 106)"
0.9871841549788788,370,True,"('ksi_Gem', 'faint', 106)"
0.9888142548584642,371,True,"('ksi_Gem', 'faint', 106)"
1.0124554880374947,372,True,"('ksi_Gem', 'faint', 106)"
0.9691065952545883,373,True,"('ksi_Gem', 'faint', 106)"
0.9778896482465765,374,True,"('ksi_Gem', 'faint', 106)"
1.0094431719660848,375,True,"('ksi_Gem', 'faint', 106)"
0.9996120769022724,376,True,"('ksi_Gem', 'faint', 106)"
0.998979761439482,377,True,"('ksi_Gem', 'faint', 106)"
0.9850742943080241,378,True,"('ksi_Gem', 'faint', 106)"
1.0343374151175364,379,True,"('ksi_Gem', 'faint', 106)"
0.9807614159390161,380,True,"('ksi_Gem', 'faint', 106)"
1.022443233298745,381,True,"('ksi_Gem', 'faint', 106)"
0.9765500402230965,382,True,"('ksi_Gem', 'faint', 106)"
0.9533683849488859,383,True,"('ksi_Gem', 'faint', 106)"
0.9785309036366382,384,True,"('ksi_Gem', 'faint', 106)"
1.0018271353319903,385,True,"('ksi_Gem', 'faint', 106)"
1.00719256857237,386,True,"('ksi_Gem', 'faint', 106)"
0.9951657674392538,387,True,"('ksi_Gem', 'faint', 106)"
1.0021588576741831,388,True,"('ksi_Gem', 'faint', 106)"
0.9834629088812559,389,True,"('ksi_Gem', 'faint', 106)"
0.9796813611822693,390,True,"('ksi_Gem', 'faint', 106)"
0.9775423743826784,391,True,"('ksi_Gem', 'faint', 106)"
1.010730791589657,392,True,"('ksi_Gem', 'faint', 106)"
0.9948555913219923,393,True,"('ksi_Gem', 'faint', 106)"
1.0220827329430757,394,True,"('ksi_Gem', 'faint', 106)"
1.0040810199585024,395,True,"('ksi_Gem', 'faint', 106)"
0.9956853159697812,396,True,"('ksi_Gem', 'faint', 106)"
1.0034931354592627,397,True,"('ksi_Gem', 'faint', 106)"
0.9781388856078813,398,True,"('ksi_Gem', 'faint', 106)"
1.0178633421330072,399,True,"('ksi_Gem', 'faint', 106)"
0.9915335182701135,400,True,"('ksi_Gem', 'faint', 106)"
0.9751709766174796,401,True,"('ksi_Gem', 'faint', 106)"
0.9882156417946089,402,True,"('ksi_Gem', 'faint', 106)"
0.9961005422458393,403,True,"('ksi_Gem', 'faint', 106)"
1.0146408106385103,404,True,"('ksi_Gem', 'faint', 106)"
0.9927286313629015,405,True,"('ksi_Gem', 'faint', 106)"
0.9945838165634711,406,True,"('ksi_Gem', 'faint', 106)"
1.0382341095018064,407,True,"('ksi_Gem', 'faint', 106)"
0.9754278524993899,408,True,"('ksi_Gem', 'faint', 106)"
0.9969864068238964,409,True,"('ksi_Gem', 'faint', 106)"
0.9955149061976428,410,True,"('ksi_Gem', 'faint', 106)"
0.9805026368561246,411,True,"('ksi_Gem', 'faint', 106)"
0.988064415894753,412,True,"('ksi_Gem', 'faint', 106)"
1.001640784342566,413,True,"('ksi_Gem', 'faint', 106)"
0.9964426576188236,414,True,"('ksi_Gem', 'faint', 106)"
0.974294541224403,415,True,"('ksi_Gem', 'faint', 106)"
0.9897670879973376,416,True,"('ksi_Gem', 'faint', 106)"
0.9858176031098463,417,True,"('ksi_Gem', 'faint', 106)"
0.995788837415362,418,True,"('ksi_Gem', 'faint', 106)"
1.0036158937352249,419,True,"('ksi_Gem', 'faint', 106)"
0.9849893648781566,420,True,"('ksi_Gem', 'faint', 106)"
1.0054971805207917,421,True,"('ksi_Gem', 'faint', 106)"
0.9883581136944087,422,True,"('ksi_Gem', 'faint', 106)"
0.9813951309551006,423,True,"('ksi_Gem', 'faint', 106)"
1.0167876990791724,424,True,"('ksi_Gem', 'faint', 106)"
0.994953320764064,425,True,"('ksi_Gem', 'faint', 106)"
0.9980724159064498,426,True,"('ksi_Gem', 'faint', 106)"
1.0114219760568244,427,True,"('ksi_Gem', 'faint', 106)"
0.9867809602022785,428,True,"('ksi_Gem', 'faint', 106)"
0.9907280358604629,429,True,"('ksi_Gem', 'faint', 106)"
0.981565971504102,430,True,"('ksi_Gem', 'faint', 106)"
0.9792162520046223,431,True,"('ksi_Gem', 'faint', 106)"
0.980304630448913,432,True,"('ksi_Gem', 'faint', 106)"
0.9825457942702246,433,True,"('ksi_Gem', 'faint', 106)"
1.0027210701575637,434,True,"('ksi_Gem', 'faint', 106)"
0.9974862900639123,435,True,"('ksi_Gem', 'faint', 106)"
1.0080256022497058,436,True,"('ksi_Gem', 'faint', 106)"
0.9949288304114364,437,True,"('ksi_Gem', 'faint', 106)"
1.0185312269720723,438,True,"('ksi_Gem', 'faint', 106)"
1.0218169567905018,439,True,"('ksi_Gem', 'faint', 106)"
0.9747438854655649,440,True,"('ksi_Gem', 'faint', 106)"
1.0103872055374759,441,True,"('ksi_Gem', 'faint', 106)"
0.9982925453642543,442,True,"('ksi_Gem', 'faint', 106)"
0.9982274911281015,443,True,"('ksi_Gem', 'faint', 106)"
1.0158300320346618,444,True,"('ksi_Gem', 'faint', 106)"
1.0136653958727124,445,True,"('ksi_Gem', 'faint', 106)"
0.9637985571269428,446,True,"('ksi_Gem', 'faint', 106)"
0.9504593058526035,447,True,"('ksi_Gem', 'faint', 106)"
0.9825075790960901,448,True,"('ksi_Gem', 'faint', 106)"
0.9934346054986418,449,True,"('ksi_Gem', 'faint', 106)"
0.9753759177741222,450,True,"('ksi_Gem', 'faint', 106)"
0.9802376572494461,451,True,"('ksi_Gem', 'faint', 106)"
1.0013424467858136,452,True,"('ksi_Gem', 'faint', 106)"
0.994741891254571,453,True,"('ksi_Gem', 'faint', 106)"
0.9671951531921255,454,True,"('ksi_Gem', 'faint', 106)"
0.977673190234342,455,True,"('ksi_Gem', 'faint', 106)"
0.9962513909764095,456,True,"('ksi_Gem', 'faint', 106)"
1.015864457249608,457,True,"('ksi_Gem', 'faint', 106)"
1.025690421877513,458,True,"('ksi_Gem', 'faint', 106)"
0.9981367382048478,459,True,"('ksi_Gem', 'faint', 106)"
0.9799331040041623,460,True,"('ksi_Gem', 'faint', 106)"
0.9793020031130741,461,True,"('ksi_Gem', 'faint', 106)"
1.0135505790948942,462,True,"('ksi_Gem', 'faint', 106)"
0.9528973329191365,463,True,"('ksi_Gem', 'faint', 106)"
0.982765894478398,464,True,"('ksi_Gem', 'faint', 106)"
0.9962360786575372,465,True,"('ksi_Gem', 'faint', 106)"
0.9717638906223034,466,True,"('ksi_Gem', 'faint', 106)"
1.029501204550742,467,True,"('ksi_Gem', 'faint', 106)"
0.995077363661544,468,True,"('ksi_Gem', 'faint', 106)"
0.9868253755395449,469,True,"('ksi_Gem', 'faint', 106)"
0.9872723439885636,470,True,"('ksi_Gem', 'faint', 106)"
0.9594317599689671,471,True,"('ksi_Gem', 'faint', 106)"
1.0198513659341046,472,True,"('ksi_Gem', 'faint', 106)"
0.9900627116427381,473,True,"('ksi_Gem', 'faint', 106)"
1.002202032696098,474,True,"('ksi_Gem', 'faint', 106)"
1.0035482742432795,475,True,"('ksi_Gem', 'faint', 106)"
0.9722410379755883,476,True,"('ksi_Gem', 'faint', 106)"
0.9901535476797225,477,True,"('ksi_Gem', 'faint', 106)"
0.9975154674437493,478,True,"('ksi_Gem', 'faint', 106)"
0.9994598275233129,479,True,"('ksi_Gem', 'faint', 106)"
0.9702445789944656,480,True,"('ksi_Gem', 'faint', 106)"
0.9876153729468344,481,True,"('ksi_Gem', 'faint', 106)"
0.9837232700948403,482,True,"('ksi_Gem', 'faint', 106)"
0.9861570558574928,483,True,"('ksi_Gem', 'faint', 106)"
1.0137621288178875,484,True,"('ksi_Gem', 'faint', 106)"
1.0184283636010776,485,True,"('ksi_Gem', 'faint', 106)"
1.0137577229715256,486,True,"('ksi_Gem', 'faint', 106)"
0.9931836329962864,487,True,"('ksi_Gem', 'faint', 106)"
1.009438989772025,488,True,"('ksi_Gem', 'faint', 106)"
0.9918913490607375,489,True,"('ksi_Gem', 'faint', 106)"
1.014097603386435,490,True,"('ksi_Gem', 'faint', 106)"
1.0253068321438965,491,True,"('ksi_Gem', 'faint', 106)"
0.9978518989912113,492,True,"('ksi_Gem', 'faint', 106)"
1.0172081143607794,493,True,"('ksi_Gem', 'faint', 106)"
1.0131660238460496,494,True,"('ksi_Gem', 'faint', 106)"
0.9889630957895504,495,True,"('ksi_Gem', 'faint', 106)"
0.9745779787199611,496,True,"('ksi_Gem', 'faint', 106)"
0.9803221429761682,497,True,"('ksi_Gem', 'faint', 106)"
1.0007758142924386,498,True,"('ksi_Gem', 'faint', 106)"
1.0215406651665015,499,True,"('ksi_Gem', 'faint', 106)"
0.9885485357634615,500,True,"('ksi_Gem', 'faint', 106)"
1.0003789708288964,501,True,"('ksi_Gem', 'faint', 106)"
0.947132556761458,502,True,"('ksi_Gem', 'faint', 106)"
1.020958656620565,503,True,"('ksi_Gem', 'faint', 106)"
1.0072783056014722,504,True,"('ksi_Gem', 'faint', 106)"
1.0036450228249678,505,True,"('ksi_Gem', 'faint', 106)"
0.9977610171274739,506,True,"('ksi_Gem', 'faint', 106)"
0.9768783707995752,507,True,"('ksi_Gem', 'faint', 106)"
0.980295285422906,508,True,"('ksi_Gem', 'faint', 106)"
0.9887259525727875,509,True,"('ksi_Gem', 'faint', 106)"
0.9965525778492427,510,True,"('ksi_Gem', 'faint', 106)"
0.978241323172771,511,True,"('ksi_Gem', 'faint', 106)"
0.9874250576882312,512,True,"('ksi_Gem', 'faint', 106)"
0.9626480179146277,513,True,"('ksi_Gem', 'faint', 106)"
1.0194495878421674,514,True,"('ksi_Gem', 'faint', 106)"
0.9905717666375419,515,True,"('ksi_Gem', 'faint', 106)"
0.999947523512529,516,True,"('ksi_Gem', 'faint', 106)"
1.0390728870820805,517,True,"('ksi_Gem', 'faint', 106)"
0.9473425802143746,518,True,"('ksi_Gem', 'faint', 106)"
0.9943791027199351,519,True,"('ksi_Gem', 'faint', 106)"
0.9876337886549427,520,True,"('ksi_Gem', 'faint', 106)"
0.9837356420750494,521,True,"('ksi_Gem', 'faint', 106)"
0.9367212550005174,522,True,"('ksi_Gem', 'faint', 106)"
1.0076315052257232,523,True,"('ksi_Gem', 'faint', 106)"
0.9900593954311168,524,True,"('ksi_Gem', 'faint', 106)"
0.9568670455716828,525,True,"('ksi_Gem', 'faint', 106)"
1.006056192023627,526,True,"('ksi_Gem', 'faint', 106)"
1.008882049851771,527,True,"('ksi_Gem', 'faint', 106)"
0.958744744254477,528,True,"('ksi_Gem', 'faint', 106)"
1.0089506057653723,529,True,"('ksi_Gem', 'faint', 106)"
0.9817126302077385,530,True,"('ksi_Gem', 'faint', 106)"
0.9918149966080219,531,True,"('ksi_Gem', 'faint', 106)"
0.997571750652118,532,True,"('ksi_Gem', 'faint', 106)"
1.0085443512010293,533,True,"('ksi_Gem', 'faint', 106)"
0.9963860796391509,534,True,"('ksi_Gem', 'faint', 106)"
1.0250949378879926,535,True,"('ksi_Gem', 'faint', 106)"
1.0164260761545647,536,True,"('ksi_Gem', 'faint', 106)"
0.9888025748780658,537,True,"('ksi_Gem', 'faint', 106)"
0.9858419718732403,538,True,"('ksi_Gem', 'faint', 106)"
1.0079689273284376,539,True,"('ksi_Gem', 'faint', 106)"
0.9781496814837951,540,True,"('ksi_Gem', 'faint', 106)"
0.997279080203923,541,True,"('ksi_Gem', 'faint', 106)"
0.9880174683936171,542,True,"('ksi_Gem', 'faint', 106)"
0.9840121127068415,543,True,"('ksi_Gem', 'faint', 106)"
0.9874887780339068,544,True,"('ksi_Gem', 'faint', 106)"
0.9781835289154993,545,True,"('ksi_Gem', 'faint', 106)"
0.9919543826391544,546,True,"('ksi_Gem', 'faint', 106)"
0.9803083077533615,547,True,"('ksi_Gem', 'faint', 106)"
0.992298403137502,548,True,"('ksi_Gem', 'faint', 106)"
1.0013570736980002,549,True,"('ksi_Gem', 'faint', 106)"
0.9901303492989942,550,True,"('ksi_Gem', 'faint', 106)"
1.0238698290834194,551,True,"('ksi_Gem', 'faint', 106)"
0.9829774713306677,552,True,"('ksi_Gem', 'faint', 106)"
0.9868100263627902,553,True,"('ksi_Gem', 'faint', 106)"
0.9944941169711999,554,True,"('ksi_Gem', 'faint', 106)"
1.003529303185916,555,True,"('ksi_Gem', 'faint', 106)"
1.0200883010532222,556,True,"('ksi_Gem', 'faint', 106)"
0.998748744390768,557,True,"('ksi_Gem', 'faint', 106)"
0.989202720244451,558,True,"('ksi_Gem', 'faint', 106)"
0.99031768429611,559,True,"('ksi_Gem', 'faint', 106)"
1.0015184246774438,560,True,"('ksi_Gem', 'faint', 106)"
0.9684184151083859,561,True,"('ksi_Gem', 'faint', 106)"
0.9733087391183763,562,True,"('ksi_Gem', 'faint', 106)"
0.9708886353698782,563,True,"('ksi_Gem', 'faint', 106)"
0.9918586430364752,564,True,"('ksi_Gem', 'faint', 106)"
1.0026964043808813,565,True,"('ksi_Gem', 'faint', 106)"
0.9894478377549268,566,True,"('ksi_Gem', 'faint', 106)"
1.0181963966630132,567,True,"('ksi_Gem', 'faint', 106)"
1.0028777039071357,568,True,"('ksi_Gem', 'faint', 106)"
0.9956371230885717,569,True,"('ksi_Gem', 'faint', 106)"
0.9917452073766307,570,True,"('ksi_Gem', 'faint', 106)"
1.0045819301939862,571,True,"('ksi_Gem', 'faint', 106)"
0.9865897907912867,572,True,"('ksi_Gem', 'faint', 106)"
1.021112734687143,573,True,"('ksi_Gem', 'faint', 106)"
0.9926529220719995,574,True,"('ksi_Gem', 'faint', 106)"
1.002423941751473,575,True,"('ksi_Gem', 'faint', 106)"
0.9966116238414107,576,True,"('ksi_Gem', 'faint', 106)"
0.9982202855943854,577,True,"('ksi_Gem', 'faint', 106)"
1.0135091945621508,578,True,"('ksi_Gem', 'faint', 106)"
0.9942441651961224,579,True,"('ksi_Gem', 'faint', 106)"
1.009194764169276,580,True,"('ksi_Gem', 'faint', 106)"
0.9802372995191722,581,True,"('ksi_Gem', 'faint', 106)"
0.9839654682692965,582,True,"('ksi_Gem', 'faint', 106)"
0.9826038288496145,583,True,"('ksi_Gem', 'faint', 106)"
0.9685941829213658,584,True,"('ksi_Gem', 'faint', 106)"
0.9749604088055278,585,True,"('ksi_Gem', 'faint', 106)"
1.006151963050698,586,True,"('ksi_Gem', 'faint', 106)"
0.9913180416937906,587,True,"('ksi_Gem', 'faint', 106)"
0.9783432282931903,588,True,"('ksi_Gem', 'faint', 106)"
0.9686639352387151,589,True,"('ksi_Gem', 'faint', 106)"
1.004030340515928,590,True,"('ksi_Gem', 'faint', 106)"
1.0385095033260487,591,True,"('ksi_Gem', 'faint', 106)"
0.9709351928458371,592,True,"('ksi_Gem', 'faint', 106)"
0.9878149980573672,593,True,"('ksi_Gem', 'faint', 106)"
0.991687670036491,594,True,"('ksi_Gem', 'faint', 106)"
0.9752675504494466,595,True,"('ksi_Gem', 'faint', 106)"
1.0110686307084793,596,True,"('ksi_Gem', 'faint', 106)"
0.9877464667058435,597,True,"('ksi_Gem', 'faint', 106)"
0.9797062069397292,598,True,"('ksi_Gem', 'faint', 106)"
0.9865831191335478,599,True,"('ksi_Gem', 'faint', 106)"
1.0242930593521138,600,True,"('ksi_Gem', 'faint', 106)"
0.9726740846797057,601,True,"('ksi_Gem', 'faint', 106)"
1.0113639226658273,602,True,"('ksi_Gem', 'faint', 106)"
1.0038854094366918,603,True,"('ksi_Gem', 'faint', 106)"
0.9991731346407238,604,True,"('ksi_Gem', 'faint', 106)"
1.0061443198134197,605,True,"('ksi_Gem', 'faint', 106)"
0.9892249754809351,606,True,"('ksi_Gem', 'faint', 106)"
0.9918609354753829,607,True,"('ksi_Gem', 'faint', 106)"
0.9571903259075846,608,True,"('ksi_Gem', 'faint', 106)"
0.980690030398568,609,True,"('ksi_Gem', 'faint', 106)"
0.9958994052302671,610,True,"('ksi_Gem', 'faint', 106)"
0.9784172263313492,611,True,"('ksi_Gem', 'faint', 106)"
1.007408406695984,612,True,"('ksi_Gem', 'faint', 106)"
0.987094976117143,613,True,"('ksi_Gem', 'faint', 106)"
0.9756633109423877,614,True,"('ksi_Gem', 'faint', 106)"
0.9467462359750819,615,True,"('ksi_Gem', 'faint', 106)"
0.9848922969673226,616,True,"('ksi_Gem', 'faint', 106)"
1.0241147981650012,617,True,"('ksi_Gem', 'faint', 106)"
1.0051111721834294,618,True,"('ksi_Gem', 'faint', 106)"
1.0055590267343912,619,True,"('ksi_Gem', 'faint', 106)"
0.9713540647628792,620,True,"('ksi_Gem', 'faint', 106)"
1.0140808246979365,621,True,"('ksi_Gem', 'faint', 106)"
0.9754744093901001,622,True,"('ksi_Gem', 'faint', 106)"
0.9938121840726823,623,True,"('ksi_Gem', 'faint', 106)"
1.0187974614107067,624,True,"('ksi_Gem', 'faint', 106)"
0.9993446439364091,625,True,"('ksi_Gem', 'faint', 106)"
0.9738532431659478,626,True,"('ksi_Gem', 'faint', 106)"
0.9566240463489116,627,True,"('ksi_Gem', 'faint', 106)"
1.011453667850151,628,True,"('ksi_Gem', 'faint', 106)"
0.9743561673307402,629,True,"('ksi_Gem', 'faint', 106)"
0.9890852081754565,630,True,"('ksi_Gem', 'faint', 106)"
0.9906235648948717,631,True,"('ksi_Gem', 'faint', 106)"
0.9690437061538587,632,True,"('ksi_Gem', 'faint', 106)"
1.0109418213761399,633,True,"('ksi_Gem', 'faint', 106)"
1.0203534220419233,634,True,"('ksi_Gem', 'faint', 106)"
1.0281507563313477,635,True,"('ksi_Gem', 'faint', 106)"
0.9580513914561891,636,True,"('ksi_Gem', 'faint', 106)"
1.024999244389908,637,True,"('ksi_Gem', 'faint', 106)"
0.9951098168114859,638,True,"('ksi_Gem', 'faint', 106)"
1.0080976818401286,639,True,"('ksi_Gem', 'faint', 106)"
1.0079165219898707,640,True,"('ksi_Gem', 'faint', 106)"
0.9793756572125957,641,True,"('ksi_Gem', 'faint', 106)"
1.0028746644198374,642,True,"('ksi_Gem', 'faint', 106)"
0.9974536493690219,643,True,"('ksi_Gem', 'faint', 106)"
0.9670863558487198,644,True,"('ksi_Gem', 'faint', 106)"
0.9736180554654396,645,True,"('ksi_Gem', 'faint', 106)"
0.9998142737857294,646,True,"('ksi_Gem', 'faint', 106)"
0.9939538415358788,647,True,"('ksi_Gem', 'faint', 106)"
1.029050827265904,648,True,"('ksi_Gem', 'faint', 106)"
1.013004196728648,649,True,"('ksi_Gem', 'faint', 106)"
0.9493320290902173,650,True,"('ksi_Gem', 'faint', 106)"
0.996932356907352,651,True,"('ksi_Gem', 'faint', 106)"
1.00080630027017,652,True,"('ksi_Gem', 'faint', 106)"
1.0048132991576666,653,True,"('ksi_Gem', 'faint', 106)"
1.0060852997716863,654,True,"('ksi_Gem', 'faint', 106)"
0.9842582123094834,655,True,"('ksi_Gem', 'faint', 106)"
0.9804582364848994,656,True,"('ksi_Gem', 'faint', 106)"
0.9778188831904866,657,True,"('ksi_Gem', 'faint', 106)"
0.9763675460571674,658,True,"('ksi_Gem', 'faint', 106)"
1.0020088570766514,659,True,"('ksi_Gem', 'faint', 106)"
0.9914860818034555,660,True,"('ksi_Gem', 'faint', 106)"
1.0166517552816687,661,True,"('ksi_Gem', 'faint', 106)"
0.9820515690558858,662,True,"('ksi_Gem', 'faint', 106)"
0.9495533699195808,663,True,"('ksi_Gem', 'faint', 106)"
1.0059595634965552,664,True,"('ksi_Gem', 'faint', 106)"
0.9755270679660248,665,True,"('ksi_Gem', 'faint', 106)"
1.0094942628657164,666,True,"('ksi_Gem', 'faint', 106)"
1.004451065640826,667,True,"('ksi_Gem', 'faint', 106)"
0.9569631996724334,668,True,"('ksi_Gem', 'faint', 106)"
1.002672344970197,669,True,"('ksi_Gem', 'faint', 106)"
0.975604713611727,670,True,"('ksi_Gem', 'faint', 106)"
0.9986207225950259,671,True,"('ksi_Gem', 'faint', 106)"
0.9820234673646284,672,True,"('ksi_Gem', 'faint', 106)"
1.0081405876924152,673,True,"('ksi_Gem', 'faint', 106)"
1.0168963486930738,674,True,"('ksi_Gem', 'faint', 106)"
0.9773459700767554,675,True,"('ksi_Gem', 'faint', 106)"
0.9895942587766956,676,True,"('ksi_Gem', 'faint', 106)"
0.9646396482046717,677,True,"('ksi_Gem', 'faint', 106)"
0.9934271335331267,678,True,"('ksi_Gem', 'faint', 106)"
1.0059919031221631,679,True,"('ksi_Gem', 'faint', 106)"
0.983708389237187,680,True,"('ksi_Gem', 'faint', 106)"
1.0063533155688233,681,True,"('ksi_Gem', 'faint', 106)"
0.9798776986660064,682,True,"('ksi_Gem', 'faint', 106)"
0.991060504622631,683,True,"('ksi_Gem', 'faint', 106)"
0.998024122817549,684,True,"('ksi_Gem', 'faint', 106)"
0.9699003889036815,685,True,"('ksi_Gem', 'faint', 106)"
0.9959706463134517,686,True,"('ksi_Gem', 'faint', 106)"
1.0039824519967506,687,True,"('ksi_Gem', 'faint', 106)"
0.9956933483185828,688,True,"('ksi_Gem', 'faint', 106)"
1.0036075908051505,689,True,"('ksi_Gem', 'faint', 106)"
0.9890402791234598,690,True,"('ksi_Gem', 'faint', 106)"
1.0001832557369081,691,True,"('ksi_Gem', 'faint', 106)"
0.9925160964087284,692,True,"('ksi_Gem', 'faint', 106)"
0.996986148067629,693,True,"('ksi_Gem', 'faint', 106)"
0.9908224917870339,694,True,"('ksi_Gem', 'faint', 106)"
0.9779977106896993,695,True,"('ksi_Gem', 'faint', 106)"
0.9857693680336183,696,True,"('ksi_Gem', 'faint', 106)"
0.9758973492017129,697,True,"('ksi_Gem', 'faint', 106)"
1.0098439547959333,698,True,"('ksi_Gem', 'faint', 106)"
0.9970682883929041,699,True,"('ksi_Gem', 'faint', 106)"
0.9871752772035398,700,True,"('ksi_Gem', 'faint', 106)"
0.9955166918493812,701,True,"('ksi_Gem', 'faint', 106)"
0.9984375760412262,702,True,"('ksi_Gem', 'faint', 106)"
0.9931632774952063,703,True,"('ksi_Gem', 'faint', 106)"
1.0026964771074303,704,True,"('ksi_Gem', 'faint', 106)"
0.9805806620908385,705,True,"('ksi_Gem', 'faint', 106)"
0.9889920009017782,706,True,"('ksi_Gem', 'faint', 106)"
0.9733795238851786,707,True,"('ksi_Gem', 'faint', 106)"
1.015108762258481,708,True,"('ksi_Gem', 'faint', 106)"
1.009380842753517,709,True,"('ksi_Gem', 'faint', 106)"
1.0279911890049034,710,True,"('ksi_Gem', 'faint', 106)"
1.0061974105928142,711,True,"('ksi_Gem', 'faint', 106)"
0.9906661883226122,712,True,"('ksi_Gem', 'faint', 106)"
0.9881878892699969,713,True,"('ksi_Gem', 'faint', 106)"
1.0065559490654716,714,True,"('ksi_Gem', 'faint', 106)"
0.9808396314104117,715,True,"('ksi_Gem', 'faint', 106)"
0.9722115488895361,716,True,"('ksi_Gem', 'faint', 106)"
1.0094541909206227,717,True,"('ksi_Gem', 'faint', 106)"
1.0125970948101106,718,True,"('ksi_Gem', 'faint', 106)"
0.9807408795776458,719,True,"('ksi_Gem', 'faint', 106)"
1.0089047354853493,720,True,"('ksi_Gem', 'faint', 106)"
0.9685882211459346,721,True,"('ksi_Gem', 'faint', 106)"
0.9939770127389351,722,True,"('ksi_Gem', 'faint', 106)"
0.9495446996091745,723,True,"('ksi_Gem', 'faint', 106)"
0.9858180573535417,724,True,"('ksi_Gem', 'faint', 106)"
0.9957700294208699,725,True,"('ksi_Gem', 'faint', 106)"
1.0150213775370378,726,True,"('ksi_Gem', 'faint', 106)"
1.0156914368935992,727,True,"('ksi_Gem', 'faint', 106)"
0.9865625086581978,728,True,"('ksi_Gem', 'faint', 106)"
1.010891920394317,729,True,"('ksi_Gem', 'faint', 106)"
0.9946286441292452,730,True,"('ksi_Gem', 'faint', 106)"
0.9882953782637259,731,True,"('ksi_Gem', 'faint', 106)"
0.993748217319657,732,True,"('ksi_Gem', 'faint', 106)"
0.9802308120908004,733,True,"('ksi_Gem', 'faint', 106)"
0.9969755388166658,734,True,"('ksi_Gem', 'faint', 106)"
1.010429772681313,735,True,"('ksi_Gem', 'faint', 106)"
0.9616594122561346,736,True,"('ksi_Gem', 'faint', 106)"
0.982326570019665,737,True,"('ksi_Gem', 'faint', 106)"
1.0031147586675022,738,True,"('ksi_Gem', 'faint', 106)"
1.0149124127235567,739,True,"('ksi_Gem', 'faint', 106)"
0.9886609367285646,740,True,"('ksi_Gem', 'faint', 106)"
0.9695059103495927,741,True,"('ksi_Gem', 'faint', 106)"
0.9853750163162429,742,True,"('ksi_Gem', 'faint', 106)"
0.9896476078370009,743,True,"('ksi_Gem', 'faint', 106)"
0.9667325763701562,744,True,"('ksi_Gem', 'faint', 106)"
0.9928936689894874,745,True,"('ksi_Gem', 'faint', 106)"
0.9971816352921647,746,True,"('ksi_Gem', 'faint', 106)"
0.9938215777108271,747,True,"('ksi_Gem', 'faint', 106)"
0.9964556846536682,748,True,"('ksi_Gem', 'faint', 106)"
1.000604624864188,749,True,"('ksi_Gem', 'faint', 106)"
1.0065527903002929,750,True,"('ksi_Gem', 'faint', 106)"
0.9888203318950044,751,True,"('ksi_Gem', 'faint', 106)"
0.9975668892288954,752,True,"('ksi_Gem', 'faint', 106)"
1.0038541188097108,753,True,"('ksi_Gem', 'faint', 106)"
0.9975115662837326,754,True,"('ksi_Gem', 'faint', 106)"
0.975321353047839,755,True,"('ksi_Gem', 'faint', 106)"
0.9831968561261171,756,True,"('ksi_Gem', 'faint', 106)"
0.9840987275015124,757,True,"('ksi_Gem', 'faint', 106)"
0.9639643312657535,758,True,"('ksi_Gem', 'faint', 106)"
1.001719283958424,759,True,"('ksi_Gem', 'faint', 106)"
0.9557276482303275,760,True,"('ksi_Gem', 'faint', 106)"
1.0202162656713933,761,True,"('ksi_Gem', 'faint', 106)"
0.9818521800262318,762,True,"('ksi_Gem', 'faint', 106)"
1.0205952494018509,763,True,"('ksi_Gem', 'faint', 106)"
0.9737216836842834,764,True,"('ksi_Gem', 'faint', 106)"
0.9993669685550245,765,True,"('ksi_Gem', 'faint', 106)"
0.9906716941857798,766,True,"('ksi_Gem', 'faint', 106)"
0.9805239403190386,767,True,"('ksi_Gem', 'faint', 106)"
0.9946616593310008,768,True,"('ksi_Gem', 'faint', 106)"
0.9910709153199139,769,True,"('ksi_Gem', 'faint', 106)"
1.003399525628451,770,True,"('ksi_Gem', 'faint', 106)"
0.9828276464257911,771,True,"('ksi_Gem', 'faint', 106)"
1.0183881050961643,772,True,"('ksi_Gem', 'faint', 106)"
1.0046340703557979,773,True,"('ksi_Gem', 'faint', 106)"
0.9953553669373183,774,True,"('ksi_Gem', 'faint', 106)"
0.9873066530886244,775,True,"('ksi_Gem', 'faint', 106)"
1.007792316509989,776,True,"('ksi_Gem', 'faint', 106)"
0.9925241012882117,777,True,"('ksi_Gem', 'faint', 106)"
0.9747738202325473,778,True,"('ksi_Gem', 'faint', 106)"
0.9772491262913615,779,True,"('ksi_Gem', 'faint', 106)"
0.9981381521126957,780,True,"('ksi_Gem', 'faint', 106)"
0.9917645323605189,781,True,"('ksi_Gem', 'faint', 106)"
1.018481320495353,782,True,"('ksi_Gem', 'faint', 106)"
0.966483167376968,783,True,"('ksi_Gem', 'faint', 106)"
0.9908939144888288,784,True,"('ksi_Gem', 'faint', 106)"
0.9925098076763991,785,True,"('ksi_Gem', 'faint', 106)"
0.99696719698028,786,True,"('ksi_Gem', 'faint', 106)"
0.979301362878269,787,True,"('ksi_Gem', 'faint', 106)"
0.9519576061803436,788,True,"('ksi_Gem', 'faint', 106)"
1.0058368572591712,789,True,"('ksi_Gem', 'faint', 106)"
1.0057320537706713,790,True,"('ksi_Gem', 'faint', 106)"
0.9766033074725392,791,True,"('ksi_Gem', 'faint', 106)"
1.0331445519683085,792,True,"('ksi_Gem', 'faint', 106)"
1.016643714844733,793,True,"('ksi_Gem', 'faint', 106)"
1.0129144612432168,794,True,"('ksi_Gem', 'faint', 106)"
1.0209628328766378,795,True,"('ksi_Gem', 'faint', 106)"
0.985139266830102,796,True,"('ksi_Gem', 'faint', 106)"
1.0082787710359848,797,True,"('ksi_Gem', 'faint', 106)"
0.9941070408390852,798,True,"('ksi_Gem', 'faint', 106)"
0.9972009793803969,799,True,"('ksi_Gem', 'faint', 106)"
0.9899898158830491,800,True,"('ksi_Gem', 'faint', 106)"
0.9910706594623029,801,True,"('ksi_Gem', 'faint', 106)"
0.9748345106468967,802,True,"('ksi_Gem', 'faint', 106)"
1.0008342399357673,803,True,"('ksi_Gem', 'faint', 106)"
0.9798695515089348,804,True,"('ksi_Gem', 'faint', 106)"
0.9835652209651149,805,True,"('ksi_Gem', 'faint', 106)"
0.9819608265254158,806,True,"('ksi_Gem', 'faint', 106)"
0.9866327786751212,807,True,"('ksi_Gem', 'faint', 106)"
0.9803889275447752,808,True,"('ksi_Gem', 'faint', 106)"
0.98046974217796,809,True,"('ksi_Gem', 'faint', 106)"
1.0149363307008292,810,True,"('ksi_Gem', 'faint', 106)"
0.9859771269056619,811,True,"('ksi_Gem', 'faint', 106)"
1.0088317983403439,812,True,"('ksi_Gem', 'faint', 106)"
0.9684290657602561,813,True,"('ksi_Gem', 'faint', 106)"
0.9798224959288923,814,True,"('ksi_Gem', 'faint', 106)"
0.9889869839541775,815,True,"('ksi_Gem', 'faint', 106)"
0.9894066787299132,816,True,"('ksi_Gem', 'faint', 106)"
1.0152565941108602,817,True,"('ksi_Gem', 'faint', 106)"
0.9897544251483043,818,True,"('ksi_Gem', 'faint', 106)"
0.9890670237934583,819,True,"('ksi_Gem', 'faint', 106)"
1.0027854929978748,820,True,"('ksi_Gem', 'faint', 106)"
1.0092266009670248,821,True,"('ksi_Gem', 'faint', 106)"
1.005284314402376,822,True,"('ksi_Gem', 'faint', 106)"
1.0106885191006278,823,True,"('ksi_Gem', 'faint', 106)"
0.9791252200213734,824,True,"('ksi_Gem', 'faint', 106)"
0.9877299726835972,825,True,"('ksi_Gem', 'faint', 106)"
0.9924391231988138,826,True,"('ksi_Gem', 'faint', 106)"
0.9740038310489932,827,True,"('ksi_Gem', 'faint', 106)"
1.029234950432649,828,True,"('ksi_Gem', 'faint', 106)"
0.9874726359137975,829,True,"('ksi_Gem', 'faint', 106)"
0.985465798600751,830,True,"('ksi_Gem', 'faint', 106)"
0.9964054207714645,831,True,"('ksi_Gem', 'faint', 106)"
1.0181210024930596,832,True,"('ksi_Gem', 'faint', 106)"
0.9832120440923184,833,True,"('ksi_Gem', 'faint', 106)"
0.9916274651018673,834,True,"('ksi_Gem', 'faint', 106)"
0.9876858818117297,835,True,"('ksi_Gem', 'faint', 106)"
1.0283913602569454,836,True,"('ksi_Gem', 'faint', 106)"
0.9948783451563051,837,True,"('ksi_Gem', 'faint', 106)"
0.9826768292413544,838,True,"('ksi_Gem', 'faint', 106)"
1.0134888838295004,839,True,"('ksi_Gem', 'faint', 106)"
1.0130138297043603,840,True,"('ksi_Gem', 'faint', 106)"
0.9896431115031439,841,True,"('ksi_Gem', 'faint', 106)"
0.9991103434491492,842,True,"('ksi_Gem', 'faint', 106)"
0.9669777661633578,843,True,"('ksi_Gem', 'faint', 106)"
1.004922811868212,844,True,"('ksi_Gem', 'faint', 106)"
0.9676936028183342,845,True,"('ksi_Gem', 'faint', 106)"
1.0128796521834116,846,True,"('ksi_Gem', 'faint', 106)"
0.9485413644636819,847,True,"('ksi_Gem', 'faint', 106)"
0.9708062231133724,848,True,"('ksi_Gem', 'faint', 106)"
0.9782483852204896,849,True,"('ksi_Gem', 'faint', 106)"
1.0015755594858884,850,True,"('ksi_Gem', 'faint', 106)"
1.0069826841898393,851,True,"('ksi_Gem', 'faint', 106)"
0.9827628500835617,852,True,"('ksi_Gem', 'faint', 106)"
1.0036578636562923,853,True,"('ksi_Gem', 'faint', 106)"
0.9980418665074672,854,True,"('ksi_Gem', 'faint', 106)"
1.0039708519412103,855,True,"('ksi_Gem', 'faint', 106)"
1.010038294404219,856,True,"('ksi_Gem', 'faint', 106)"
1.008050262142321,857,True,"('ksi_Gem', 'faint', 106)"
0.991709652306311,858,True,"('ksi_Gem', 'faint', 106)"
0.9841066532789701,859,True,"('ksi_Gem', 'faint', 106)"
0.9888662915125738,860,True,"('ksi_Gem', 'faint', 106)"
1.0210226450220041,861,True,"('ksi_Gem', 'faint', 106)"
0.9696290329374451,862,True,"('ksi_Gem', 'faint', 106)"
0.9929050827622685,863,True,"('ksi_Gem', 'faint', 106)"
0.992262332000922,864,True,"('ksi_Gem', 'faint', 106)"
0.9735777771407025,865,True,"('ksi_Gem', 'faint', 106)"
0.9957325586238869,866,True,"('ksi_Gem', 'faint', 106)"
1.020241291127709,867,True,"('ksi_Gem', 'faint', 106)"
0.9672497342969453,868,True,"('ksi_Gem', 'faint', 106)"
0.9892488864232419,869,True,"('ksi_Gem', 'faint', 106)"
0.9366282698366247,870,True,"('ksi_Gem', 'faint', 106)"
1.022221502551306,871,True,"('ksi_Gem', 'faint', 106)"
0.9891728391996171,872,True,"('ksi_Gem', 'faint', 106)"
0.9951097716889091,873,True,"('ksi_Gem', 'faint', 106)"
0.9624967010864346,874,True,"('ksi_Gem', 'faint', 106)"
1.0041957019590373,875,True,"('ksi_Gem', 'faint', 106)"
0.9759418200250616,876,True,"('ksi_Gem', 'faint', 106)"
0.9925752139043139,877,True,"('ksi_Gem', 'faint', 106)"
1.0118840470681256,878,True,"('ksi_Gem', 'faint', 106)"
1.022091519922679,879,True,"('ksi_Gem', 'faint', 106)"
0.9887535651813595,880,True,"('ksi_Gem', 'faint', 106)"
0.9879648508157152,881,True,"('ksi_Gem', 'faint', 106)"
0.9944970939122457,882,True,"('ksi_Gem', 'faint', 106)"
0.9890772571308135,883,True,"('ksi_Gem', 'faint', 106)"
1.0221261540207516,884,True,"('ksi_Gem', 'faint', 106)"
0.9594575458566037,885,True,"('ksi_Gem', 'faint', 106)"
0.9809861825765682,886,True,"('ksi_Gem', 'faint', 106)"
0.9922567562742055,887,True,"('ksi_Gem', 'faint', 106)"
0.9942988254683345,888,True,"('ksi_Gem', 'faint', 106)"
0.9870056675730544,889,True,"('ksi_Gem', 'faint', 106)"
0.987904351662434,890,True,"('ksi_Gem', 'faint', 106)"
1.0111542760070356,891,True,"('ksi_Gem', 'faint', 106)"
0.9797627834057169,892,True,"('ksi_Gem', 'faint', 106)"
1.0008269025457297,893,True,"('ksi_Gem', 'faint', 106)"
1.0143002235200043,894,True,"('ksi_Gem', 'faint', 106)"
1.0336653608632131,895,True,"('ksi_Gem', 'faint', 106)"
0.9910365198733225,896,True,"('ksi_Gem', 'faint', 106)"
0.9979945115270075,897,True,"('ksi_Gem', 'faint', 106)"
0.9951000384962827,898,True,"('ksi_Gem', 'faint', 106)"
0.9945969335452317,899,True,"('ksi_Gem', 'faint', 106)"
0.9948510101912773,900,True,"('ksi_Gem', 'faint', 106)"
0.9818906970338221,901,True,"('ksi_Gem', 'faint', 106)"
0.9975168726133148,902,True,"('ksi_Gem', 'faint', 106)"
1.0041086057187023,903,True,"('ksi_Gem', 'faint', 106)"
0.9904497642660708,904,True,"('ksi_Gem', 'faint', 106)"
0.9737362326138245,905,True,"('ksi_Gem', 'faint', 106)"
0.9751807297838666,906,True,"('ksi_Gem', 'faint', 106)"
0.9831363823962469,907,True,"('ksi_Gem', 'faint', 106)"
0.9940742138731227,908,True,"('ksi_Gem', 'faint', 106)"
0.9647735511552431,909,True,"('ksi_Gem', 'faint', 106)"
0.9694724455207675,910,True,"('ksi_Gem', 'faint', 106)"
0.9941027657367175,911,True,"('ksi_Gem', 'faint', 106)"
0.9999545157867463,912,True,"('ksi_Gem', 'faint', 106)"
0.9819531271491768,913,True,"('ksi_Gem', 'faint', 106)"
0.9784595937551058,914,True,"('ksi_Gem', 'faint', 106)"
0.985465340686136,915,True,"('ksi_Gem', 'faint', 106)"
0.9754391398637007,916,True,"('ksi_Gem', 'faint', 106)"
0.9847106903714357,917,True,"('ksi_Gem', 'faint', 106)"
0.994698929135811,918,True,"('ksi_Gem', 'faint', 106)"
0.9734416234675837,919,True,"('ksi_Gem', 'faint', 106)"
0.9973716434646962,920,True,"('ksi_Gem', 'faint', 106)"
0.9926996848337284,921,True,"('ksi_Gem', 'faint', 106)"
1.0322691045393075,922,True,"('ksi_Gem', 'faint', 106)"
0.9905061622435851,923,True,"('ksi_Gem', 'faint', 106)"
0.9984897416922648,924,True,"('ksi_Gem', 'faint', 106)"
0.9773808047263178,925,True,"('ksi_Gem', 'faint', 106)"
0.9987929733439631,926,True,"('ksi_Gem', 'faint', 106)"
0.9870208046757154,927,True,"('ksi_Gem', 'faint', 106)"
0.975339161435961,928,True,"('ksi_Gem', 'faint', 106)"
0.9811602435696933,929,True,"('ksi_Gem', 'faint', 106)"
1.0001526690451947,930,True,"('ksi_Gem', 'faint', 106)"
1.017489133054361,931,True,"('ksi_Gem', 'faint', 106)"
0.9969492573415559,932,True,"('ksi_Gem', 'faint', 106)"
0.9968803044782727,933,True,"('ksi_Gem', 'faint', 106)"
1.0076374898755842,934,True,"('ksi_Gem', 'faint', 106)"
1.0004908073466878,935,True,"('ksi_Gem', 'faint', 106)"
1.005907153513871,936,True,"('ksi_Gem', 'faint', 106)"
0.992268552079684,937,True,"('ksi_Gem', 'faint', 106)"
0.9953206826770552,938,True,"('ksi_Gem', 'faint', 106)"
0.9811325238462066,939,True,"('ksi_Gem', 'faint', 106)"
0.9836963462155047,940,True,"('ksi_Gem', 'faint', 106)"
1.0083125152805401,941,True,"('ksi_Gem', 'faint', 106)"
0.9803433876033371,942,True,"('ksi_Gem', 'faint', 106)"
0.980350494400564,943,True,"('ksi_Gem', 'faint', 106)"
1.0190310604632498,944,True,"('ksi_Gem', 'faint', 106)"
1.002981922687017,945,True,"('ksi_Gem', 'faint', 106)"
0.9919009280885451,946,True,"('ksi_Gem', 'faint', 106)"
0.9848476898238335,947,True,"('ksi_Gem', 'faint', 106)"
0.9957931286578844,948,True,"('ksi_Gem', 'faint', 106)"
0.9905069509329181,949,True,"('ksi_Gem', 'faint', 106)"
0.9802181641494331,950,True,"('ksi_Gem', 'faint', 106)"
1.0050688782527004,951,True,"('ksi_Gem', 'faint', 106)"
0.984608892092633,952,True,"('ksi_Gem', 'faint', 106)"
0.9837781577447132,953,True,"('ksi_Gem', 'faint', 106)"
0.979353389362956,954,True,"('ksi_Gem', 'faint', 106)"
0.9530447153115932,955,True,"('ksi_Gem', 'faint', 106)"
0.9943866705690522,956,True,"('ksi_Gem', 'faint', 106)"
1.008854248488835,957,True,"('ksi_Gem', 'faint', 106)"
0.9351608563358237,958,True,"('ksi_Gem', 'faint', 106)"
1.0160341542852769,959,True,"('ksi_Gem', 'faint', 106)"
0.9802476416899363,960,True,"('ksi_Gem', 'faint', 106)"
0.9610721435212379,961,True,"('ksi_Gem', 'faint', 106)"
0.9828546300243424,962,True,"('ksi_Gem', 'faint', 106)"
0.9839054957830321,963,True,"('ksi_Gem', 'faint', 106)"
1.0073845704475062,964,True,"('ksi_Gem', 'faint', 106)"
0.9854350987851804,965,True,"('ksi_Gem', 'faint', 106)"
1.0238345071890818,966,True,"('ksi_Gem', 'faint', 106)"
0.9806966672193269,967,True,"('ksi_Gem', 'faint', 106)"
0.9688249083768867,968,True,"('ksi_Gem', 'faint', 106)"
0.9960029640027261,969,True,"('ksi_Gem', 'faint', 106)"
0.9974666301517517,970,True,"('ksi_Gem', 'faint', 106)"
1.0003485725643688,971,True,"('ksi_Gem', 'faint', 106)"
0.9854153255608276,972,True,"('ksi_Gem', 'faint', 106)"
0.9890777244648521,973,True,"('ksi_Gem', 'faint', 106)"
1.0120740929707654,974,True,"('ksi_Gem', 'faint', 106)"
1.024092528179826,975,True,"('ksi_Gem', 'faint', 106)"
0.9621780884802194,976,True,"('ksi_Gem', 'faint', 106)"
1.0014264266780173,977,True,"('ksi_Gem', 'faint', 106)"
0.9931620024134332,978,True,"('ksi_Gem', 'faint', 106)"
0.9857539144006273,979,True,"('ksi_Gem', 'faint', 106)"
1.0049058634474481,980,True,"('ksi_Gem', 'faint', 106)"
0.9812726494082865,981,True,"('ksi_Gem', 'faint', 106)"
0.99040134050672,982,True,"('ksi_Gem', 'faint', 106)"
0.9654131492159813,983,True,"('ksi_Gem', 'faint', 106)"
0.9598786014030324,984,True,"('ksi_Gem', 'faint', 106)"
0.9870722030917194,985,True,"('ksi_Gem', 'faint', 106)"
0.9900254044469428,986,True,"('ksi_Gem', 'faint', 106)"
0.967094654838221,987,True,"('ksi_Gem', 'faint', 106)"
0.9915077574487902,988,True,"('ksi_Gem', 'faint', 106)"
1.0016181450984822,989,True,"('ksi_Gem', 'faint', 106)"
0.9897821104982389,990,True,"('ksi_Gem', 'faint', 106)"
1.0074560674690967,991,True,"('ksi_Gem', 'faint', 106)"
0.993056301724727,992,True,"('ksi_Gem', 'faint', 106)"
0.996618888568682,993,True,"('ksi_Gem', 'faint', 106)"
0.9424300894936813,994,True,"('ksi_Gem', 'faint', 106)"
1.001879702483763,995,True,"('ksi_Gem', 'faint', 106)"
0.9805045051649893,996,True,"('ksi_Gem', 'faint', 106)"
0.97456927209131,997,True,"('ksi_Gem', 'faint', 106)"
1.0167989329644318,998,True,"('ksi_Gem', 'faint', 106)"
0.9830130111106967,999,True,"('ksi_Gem', 'faint', 106)"
1.4471383359076608,0,True,"('ksi_Gem', 'bright', 106)"
1.4266029744706452,1,True,"('ksi_Gem', 'bright', 106)"
1.445061107097222,2,True,"('ksi_Gem', 'bright', 106)"
1.3931613758410384,3,True,"('ksi_Gem', 'bright', 106)"
1.3957422911180173,4,True,"('ksi_Gem', 'bright', 106)"
1.387712414669377,5,True,"('ksi_Gem', 'bright', 106)"
1.393438079614705,6,True,"('ksi_Gem', 'bright', 106)"
1.4403552527659829,7,True,"('ksi_Gem', 'bright', 106)"
1.3762703971306787,8,True,"('ksi_Gem', 'bright', 106)"
1.459095972418974,9,True,"('ksi_Gem', 'bright', 106)"
1.4084436101327384,10,True,"('ksi_Gem', 'bright', 106)"
1.444802362949932,11,True,"('ksi_Gem', 'bright', 106)"
1.4543214249004932,12,True,"('ksi_Gem', 'bright', 106)"
1.401295538306964,13,True,"('ksi_Gem', 'bright', 106)"
1.4351448342267605,14,True,"('ksi_Gem', 'bright', 106)"
1.4314609292053282,15,True,"('ksi_Gem', 'bright', 106)"
1.4633619936686857,16,True,"('ksi_Gem', 'bright', 106)"
1.4224875054473831,17,True,"('ksi_Gem', 'bright', 106)"
1.4100159765946256,18,True,"('ksi_Gem', 'bright', 106)"
1.3678307603818785,19,True,"('ksi_Gem', 'bright', 106)"
1.3935293308835195,20,True,"('ksi_Gem', 'bright', 106)"
1.3582303482712001,21,True,"('ksi_Gem', 'bright', 106)"
1.4475725762059584,22,True,"('ksi_Gem', 'bright', 106)"
1.4253818814473806,23,True,"('ksi_Gem', 'bright', 106)"
1.4197824955293177,24,True,"('ksi_Gem', 'bright', 106)"
1.41662146301759,25,True,"('ksi_Gem', 'bright', 106)"
1.3940210525043835,26,True,"('ksi_Gem', 'bright', 106)"
1.4253984237127573,27,True,"('ksi_Gem', 'bright', 106)"
1.4731662576538687,28,True,"('ksi_Gem', 'bright', 106)"
1.4033177742768221,29,True,"('ksi_Gem', 'bright', 106)"
1.4232582987786182,30,True,"('ksi_Gem', 'bright', 106)"
1.4118546589172687,31,True,"('ksi_Gem', 'bright', 106)"
1.4002210828941393,32,True,"('ksi_Gem', 'bright', 106)"
1.4335708243612018,33,True,"('ksi_Gem', 'bright', 106)"
1.4198947980159395,34,True,"('ksi_Gem', 'bright', 106)"
1.4137194443313987,35,True,"('ksi_Gem', 'bright', 106)"
1.3778384917927007,36,True,"('ksi_Gem', 'bright', 106)"
1.412266401243677,37,True,"('ksi_Gem', 'bright', 106)"
1.4097987204002054,38,True,"('ksi_Gem', 'bright', 106)"
1.4000009768053958,39,True,"('ksi_Gem', 'bright', 106)"
1.4329071143745813,40,True,"('ksi_Gem', 'bright', 106)"
1.4263454474958606,41,True,"('ksi_Gem', 'bright', 106)"
1.4308831626384868,42,True,"('ksi_Gem', 'bright', 106)"
1.3940936437833098,43,True,"('ksi_Gem', 'bright', 106)"
1.4300537822344728,44,True,"('ksi_Gem', 'bright', 106)"
1.4303927436100519,45,True,"('ksi_Gem', 'bright', 106)"
1.397354364190131,46,True,"('ksi_Gem', 'bright', 106)"
1.3689464501499395,47,True,"('ksi_Gem', 'bright', 106)"
1.3875951011159373,48,True,"('ksi_Gem', 'bright', 106)"
1.4408240771619816,49,True,"('ksi_Gem', 'bright', 106)"
1.4098410990758146,50,True,"('ksi_Gem', 'bright', 106)"
1.4523907923918955,51,True,"('ksi_Gem', 'bright', 106)"
1.4476257563197787,52,True,"('ksi_Gem', 'bright', 106)"
1.4193968324038064,53,True,"('ksi_Gem', 'bright', 106)"
1.4362522845528187,54,True,"('ksi_Gem', 'bright', 106)"
1.4262931084111494,55,True,"('ksi_Gem', 'bright', 106)"
1.3939949671101974,56,True,"('ksi_Gem', 'bright', 106)"
1.420420927463051,57,True,"('ksi_Gem', 'bright', 106)"
1.433967322503865,58,True,"('ksi_Gem', 'bright', 106)"
1.4376224032266192,59,True,"('ksi_Gem', 'bright', 106)"
1.3994433795771015,60,True,"('ksi_Gem', 'bright', 106)"
1.4167538954656305,61,True,"('ksi_Gem', 'bright', 106)"
1.4624751653898547,62,True,"('ksi_Gem', 'bright', 106)"
1.423638304418314,63,True,"('ksi_Gem', 'bright', 106)"
1.4446248472743466,64,True,"('ksi_Gem', 'bright', 106)"
1.4087263825783676,65,True,"('ksi_Gem', 'bright', 106)"
1.4118203618095702,66,True,"('ksi_Gem', 'bright', 106)"
1.3638209789621072,67,True,"('ksi_Gem', 'bright', 106)"
1.4079898313904897,68,True,"('ksi_Gem', 'bright', 106)"
1.4068199965187558,69,True,"('ksi_Gem', 'bright', 106)"
1.412977852078622,70,True,"('ksi_Gem', 'bright', 106)"
1.419069964009843,71,True,"('ksi_Gem', 'bright', 106)"
1.3908062942705164,72,True,"('ksi_Gem', 'bright', 106)"
1.4054012566556828,73,True,"('ksi_Gem', 'bright', 106)"
1.4001929449133985,74,True,"('ksi_Gem', 'bright', 106)"
1.4762185784228918,75,True,"('ksi_Gem', 'bright', 106)"
1.4456702676495174,76,True,"('ksi_Gem', 'bright', 106)"
1.4110795364591797,77,True,"('ksi_Gem', 'bright', 106)"
1.402364127480237,78,True,"('ksi_Gem', 'bright', 106)"
1.4161032981232333,79,True,"('ksi_Gem', 'bright', 106)"
1.377716054827804,80,True,"('ksi_Gem', 'bright', 106)"
1.4230985917463437,81,True,"('ksi_Gem', 'bright', 106)"
1.4212262803313795,82,True,"('ksi_Gem', 'bright', 106)"
1.4010556552720606,83,True,"('ksi_Gem', 'bright', 106)"
1.4879244036532582,84,True,"('ksi_Gem', 'bright', 106)"
1.4019988813430062,85,True,"('ksi_Gem', 'bright', 106)"
1.444398474932279,86,True,"('ksi_Gem', 'bright', 106)"
1.353464563385028,87,True,"('ksi_Gem', 'bright', 106)"
1.4126581781342313,88,True,"('ksi_Gem', 'bright', 106)"
1.4096194643077857,89,True,"('ksi_Gem', 'bright', 106)"
1.4193221358863275,90,True,"('ksi_Gem', 'bright', 106)"
1.4012667682458644,91,True,"('ksi_Gem', 'bright', 106)"
1.4177444829297898,92,True,"('ksi_Gem', 'bright', 106)"
1.3892357638769006,93,True,"('ksi_Gem', 'bright', 106)"
1.375358963903433,94,True,"('ksi_Gem', 'bright', 106)"
1.3960953420815325,95,True,"('ksi_Gem', 'bright', 106)"
1.4198115979816313,96,True,"('ksi_Gem', 'bright', 106)"
1.416306746008265,97,True,"('ksi_Gem', 'bright', 106)"
1.452254274716524,98,True,"('ksi_Gem', 'bright', 106)"
1.4455672185233825,99,True,"('ksi_Gem', 'bright', 106)"
1.453878541053388,100,True,"('ksi_Gem', 'bright', 106)"
1.4304229770670591,101,True,"('ksi_Gem', 'bright', 106)"
1.3910517216676301,102,True,"('ksi_Gem', 'bright', 106)"
1.4310705121123946,103,True,"('ksi_Gem', 'bright', 106)"
1.4399982601711472,104,True,"('ksi_Gem', 'bright', 106)"
1.4265800200437009,105,True,"('ksi_Gem', 'bright', 106)"
1.4444935026016479,106,True,"('ksi_Gem', 'bright', 106)"
1.4121251294854502,107,True,"('ksi_Gem', 'bright', 106)"
1.4260048011796167,108,True,"('ksi_Gem', 'bright', 106)"
1.401169309584269,109,True,"('ksi_Gem', 'bright', 106)"
1.392129166917772,110,True,"('ksi_Gem', 'bright', 106)"
1.4318967914176532,111,True,"('ksi_Gem', 'bright', 106)"
1.4275023427392168,112,True,"('ksi_Gem', 'bright', 106)"
1.4841513548271688,113,True,"('ksi_Gem', 'bright', 106)"
1.393340227406078,114,True,"('ksi_Gem', 'bright', 106)"
1.4269806455573595,115,True,"('ksi_Gem', 'bright', 106)"
1.4016923692838585,116,True,"('ksi_Gem', 'bright', 106)"
1.4216205273743086,117,True,"('ksi_Gem', 'bright', 106)"
1.397438198983299,118,True,"('ksi_Gem', 'bright', 106)"
1.4327220973444652,119,True,"('ksi_Gem', 'bright', 106)"
1.4539891688782502,120,True,"('ksi_Gem', 'bright', 106)"
1.4568829359666924,121,True,"('ksi_Gem', 'bright', 106)"
1.3877745517040958,122,True,"('ksi_Gem', 'bright', 106)"
1.4223424309620998,123,True,"('ksi_Gem', 'bright', 106)"
1.3949946578898698,124,True,"('ksi_Gem', 'bright', 106)"
1.408823830191902,125,True,"('ksi_Gem', 'bright', 106)"
1.434751447755115,126,True,"('ksi_Gem', 'bright', 106)"
1.383014109588589,127,True,"('ksi_Gem', 'bright', 106)"
1.396187017818009,128,True,"('ksi_Gem', 'bright', 106)"
1.4880872909790157,129,True,"('ksi_Gem', 'bright', 106)"
1.4696830510919348,130,True,"('ksi_Gem', 'bright', 106)"
1.4443652817372141,131,True,"('ksi_Gem', 'bright', 106)"
1.4104601546374218,132,True,"('ksi_Gem', 'bright', 106)"
1.444652434935936,133,True,"('ksi_Gem', 'bright', 106)"
1.438235914967571,134,True,"('ksi_Gem', 'bright', 106)"
1.4456224343408342,135,True,"('ksi_Gem', 'bright', 106)"
1.419459558759755,136,True,"('ksi_Gem', 'bright', 106)"
1.4415058256284163,137,True,"('ksi_Gem', 'bright', 106)"
1.416997915083827,138,True,"('ksi_Gem', 'bright', 106)"
1.4382218347004863,139,True,"('ksi_Gem', 'bright', 106)"
1.43186741518615,140,True,"('ksi_Gem', 'bright', 106)"
1.4012213190830523,141,True,"('ksi_Gem', 'bright', 106)"
1.437977269932595,142,True,"('ksi_Gem', 'bright', 106)"
1.4275686886480268,143,True,"('ksi_Gem', 'bright', 106)"
1.4371724378307549,144,True,"('ksi_Gem', 'bright', 106)"
1.3689932918509424,145,True,"('ksi_Gem', 'bright', 106)"
1.4115084934543836,146,True,"('ksi_Gem', 'bright', 106)"
1.408510640750627,147,True,"('ksi_Gem', 'bright', 106)"
1.4197837671646307,148,True,"('ksi_Gem', 'bright', 106)"
1.4409233576358083,149,True,"('ksi_Gem', 'bright', 106)"
1.3831032982102254,150,True,"('ksi_Gem', 'bright', 106)"
1.4050884436053002,151,True,"('ksi_Gem', 'bright', 106)"
1.4165088710398452,152,True,"('ksi_Gem', 'bright', 106)"
1.4531979167543023,153,True,"('ksi_Gem', 'bright', 106)"
1.4175920972084675,154,True,"('ksi_Gem', 'bright', 106)"
1.371184831638957,155,True,"('ksi_Gem', 'bright', 106)"
1.4352620459133842,156,True,"('ksi_Gem', 'bright', 106)"
1.4269773269490207,157,True,"('ksi_Gem', 'bright', 106)"
1.4675782493635925,158,True,"('ksi_Gem', 'bright', 106)"
1.4006377427824903,159,True,"('ksi_Gem', 'bright', 106)"
1.4411698630797185,160,True,"('ksi_Gem', 'bright', 106)"
1.424302524977552,161,True,"('ksi_Gem', 'bright', 106)"
1.4088172949307707,162,True,"('ksi_Gem', 'bright', 106)"
1.398841214255425,163,True,"('ksi_Gem', 'bright', 106)"
1.3963511378141682,164,True,"('ksi_Gem', 'bright', 106)"
1.3833361095791707,165,True,"('ksi_Gem', 'bright', 106)"
1.430008970278868,166,True,"('ksi_Gem', 'bright', 106)"
1.4002479579724219,167,True,"('ksi_Gem', 'bright', 106)"
1.4710827149736676,168,True,"('ksi_Gem', 'bright', 106)"
1.4158556210628528,169,True,"('ksi_Gem', 'bright', 106)"
1.4165206029016806,170,True,"('ksi_Gem', 'bright', 106)"
1.455523294536075,171,True,"('ksi_Gem', 'bright', 106)"
1.4046142060677116,172,True,"('ksi_Gem', 'bright', 106)"
1.4504771103050103,173,True,"('ksi_Gem', 'bright', 106)"
1.4114002752661972,174,True,"('ksi_Gem', 'bright', 106)"
1.4249241347149517,175,True,"('ksi_Gem', 'bright', 106)"
1.4113423690177629,176,True,"('ksi_Gem', 'bright', 106)"
1.4488328912277513,177,True,"('ksi_Gem', 'bright', 106)"
1.4340781024232456,178,True,"('ksi_Gem', 'bright', 106)"
1.4379792431511729,179,True,"('ksi_Gem', 'bright', 106)"
1.4806730889465025,180,True,"('ksi_Gem', 'bright', 106)"
1.4437493297923514,181,True,"('ksi_Gem', 'bright', 106)"
1.4129835242715427,182,True,"('ksi_Gem', 'bright', 106)"
1.3970632172158537,183,True,"('ksi_Gem', 'bright', 106)"
1.414238917110133,184,True,"('ksi_Gem', 'bright', 106)"
1.4447761120218985,185,True,"('ksi_Gem', 'bright', 106)"
1.359248352487838,186,True,"('ksi_Gem', 'bright', 106)"
1.4177067774473353,187,True,"('ksi_Gem', 'bright', 106)"
1.4010997564558516,188,True,"('ksi_Gem', 'bright', 106)"
1.3946774203048264,189,True,"('ksi_Gem', 'bright', 106)"
1.3799894935338282,190,True,"('ksi_Gem', 'bright', 106)"
1.422793929887851,191,True,"('ksi_Gem', 'bright', 106)"
1.4039097055851115,192,True,"('ksi_Gem', 'bright', 106)"
1.4024340101537063,193,True,"('ksi_Gem', 'bright', 106)"
1.457816917049418,194,True,"('ksi_Gem', 'bright', 106)"
1.433403997214322,195,True,"('ksi_Gem', 'bright', 106)"
1.4055250509979438,196,True,"('ksi_Gem', 'bright', 106)"
1.4232545142080895,197,True,"('ksi_Gem', 'bright', 106)"
1.4126174680991233,198,True,"('ksi_Gem', 'bright', 106)"
1.4108202576086981,199,True,"('ksi_Gem', 'bright', 106)"
1.4297699127402503,200,True,"('ksi_Gem', 'bright', 106)"
1.3867035961264558,201,True,"('ksi_Gem', 'bright', 106)"
1.4469450277604254,202,True,"('ksi_Gem', 'bright', 106)"
1.4360420778571164,203,True,"('ksi_Gem', 'bright', 106)"
1.3966031645805623,204,True,"('ksi_Gem', 'bright', 106)"
1.4350557639733208,205,True,"('ksi_Gem', 'bright', 106)"
1.4145097429029365,206,True,"('ksi_Gem', 'bright', 106)"
1.421309350912838,207,True,"('ksi_Gem', 'bright', 106)"
1.4310317275690683,208,True,"('ksi_Gem', 'bright', 106)"
1.399632782139054,209,True,"('ksi_Gem', 'bright', 106)"
1.3967280203320385,210,True,"('ksi_Gem', 'bright', 106)"
1.3874352144619866,211,True,"('ksi_Gem', 'bright', 106)"
1.4398793235508522,212,True,"('ksi_Gem', 'bright', 106)"
1.403870526058659,213,True,"('ksi_Gem', 'bright', 106)"
1.4126134437718305,214,True,"('ksi_Gem', 'bright', 106)"
1.4243681991217225,215,True,"('ksi_Gem', 'bright', 106)"
1.4369705388773752,216,True,"('ksi_Gem', 'bright', 106)"
1.418654533802551,217,True,"('ksi_Gem', 'bright', 106)"
1.4010055785666478,218,True,"('ksi_Gem', 'bright', 106)"
1.4065386634560302,219,True,"('ksi_Gem', 'bright', 106)"
1.4279922331390484,220,True,"('ksi_Gem', 'bright', 106)"
1.4254397377222188,221,True,"('ksi_Gem', 'bright', 106)"
1.4635072904938842,222,True,"('ksi_Gem', 'bright', 106)"
1.3794324271316296,223,True,"('ksi_Gem', 'bright', 106)"
1.3951184098759706,224,True,"('ksi_Gem', 'bright', 106)"
1.4171665960984454,225,True,"('ksi_Gem', 'bright', 106)"
1.461506629778226,226,True,"('ksi_Gem', 'bright', 106)"
1.391506148911325,227,True,"('ksi_Gem', 'bright', 106)"
1.4180487723399584,228,True,"('ksi_Gem', 'bright', 106)"
1.4226108750983768,229,True,"('ksi_Gem', 'bright', 106)"
1.391970822219659,230,True,"('ksi_Gem', 'bright', 106)"
1.4128768431464718,231,True,"('ksi_Gem', 'bright', 106)"
1.42417160308404,232,True,"('ksi_Gem', 'bright', 106)"
1.4101198594946383,233,True,"('ksi_Gem', 'bright', 106)"
1.428276569490528,234,True,"('ksi_Gem', 'bright', 106)"
1.41576950350959,235,True,"('ksi_Gem', 'bright', 106)"
1.3906235617699445,236,True,"('ksi_Gem', 'bright', 106)"
1.409097063104343,237,True,"('ksi_Gem', 'bright', 106)"
1.3834245754595829,238,True,"('ksi_Gem', 'bright', 106)"
1.4133023922295507,239,True,"('ksi_Gem', 'bright', 106)"
1.4039676219417745,240,True,"('ksi_Gem', 'bright', 106)"
1.4300497641181045,241,True,"('ksi_Gem', 'bright', 106)"
1.4081291117513322,242,True,"('ksi_Gem', 'bright', 106)"
1.4104830593643771,243,True,"('ksi_Gem', 'bright', 106)"
1.3728247583266053,244,True,"('ksi_Gem', 'bright', 106)"
1.4031482769062817,245,True,"('ksi_Gem', 'bright', 106)"
1.4395436275320073,246,True,"('ksi_Gem', 'bright', 106)"
1.4217725422413892,247,True,"('ksi_Gem', 'bright', 106)"
1.4171298210762253,248,True,"('ksi_Gem', 'bright', 106)"
1.4269913800072094,249,True,"('ksi_Gem', 'bright', 106)"
1.3950150539132427,250,True,"('ksi_Gem', 'bright', 106)"
1.387314236633284,251,True,"('ksi_Gem', 'bright', 106)"
1.4639578368752761,252,True,"('ksi_Gem', 'bright', 106)"
1.4453899834302064,253,True,"('ksi_Gem', 'bright', 106)"
1.3986605695951377,254,True,"('ksi_Gem', 'bright', 106)"
1.438367269228673,255,True,"('ksi_Gem', 'bright', 106)"
1.4036813387789648,256,True,"('ksi_Gem', 'bright', 106)"
1.4225284505554885,257,True,"('ksi_Gem', 'bright', 106)"
1.4078790488087065,258,True,"('ksi_Gem', 'bright', 106)"
1.41244203186395,259,True,"('ksi_Gem', 'bright', 106)"
1.4176682446347288,260,True,"('ksi_Gem', 'bright', 106)"
1.4165771275874535,261,True,"('ksi_Gem', 'bright', 106)"
1.4561696524203882,262,True,"('ksi_Gem', 'bright', 106)"
1.4187496691914243,263,True,"('ksi_Gem', 'bright', 106)"
1.3996274637516408,264,True,"('ksi_Gem', 'bright', 106)"
1.437807289318739,265,True,"('ksi_Gem', 'bright', 106)"
1.3854757604163443,266,True,"('ksi_Gem', 'bright', 106)"
1.421809112103362,267,True,"('ksi_Gem', 'bright', 106)"
1.4170181584765913,268,True,"('ksi_Gem', 'bright', 106)"
1.4388373685760456,269,True,"('ksi_Gem', 'bright', 106)"
1.3860210677147955,270,True,"('ksi_Gem', 'bright', 106)"
1.5136300787437826,271,True,"('ksi_Gem', 'bright', 106)"
1.4364712197168459,272,True,"('ksi_Gem', 'bright', 106)"
1.4118913735519654,273,True,"('ksi_Gem', 'bright', 106)"
1.403214898913647,274,True,"('ksi_Gem', 'bright', 106)"
1.4262087155383165,275,True,"('ksi_Gem', 'bright', 106)"
1.4264483822311158,276,True,"('ksi_Gem', 'bright', 106)"
1.423325664686435,277,True,"('ksi_Gem', 'bright', 106)"
1.4165124302513825,278,True,"('ksi_Gem', 'bright', 106)"
1.4364748444700657,279,True,"('ksi_Gem', 'bright', 106)"
1.4319388285681505,280,True,"('ksi_Gem', 'bright', 106)"
1.4213468791225619,281,True,"('ksi_Gem', 'bright', 106)"
1.3819760312369522,282,True,"('ksi_Gem', 'bright', 106)"
1.4395039277553354,283,True,"('ksi_Gem', 'bright', 106)"
1.436499839297432,284,True,"('ksi_Gem', 'bright', 106)"
1.4131309542460062,285,True,"('ksi_Gem', 'bright', 106)"
1.3809772318927083,286,True,"('ksi_Gem', 'bright', 106)"
1.3795734148181436,287,True,"('ksi_Gem', 'bright', 106)"
1.413799423602272,288,True,"('ksi_Gem', 'bright', 106)"
1.424916113115062,289,True,"('ksi_Gem', 'bright', 106)"
1.4024503277545042,290,True,"('ksi_Gem', 'bright', 106)"
1.4318781221504537,291,True,"('ksi_Gem', 'bright', 106)"
1.4005901699530738,292,True,"('ksi_Gem', 'bright', 106)"
1.41401395986123,293,True,"('ksi_Gem', 'bright', 106)"
1.417870972833531,294,True,"('ksi_Gem', 'bright', 106)"
1.4023940620968542,295,True,"('ksi_Gem', 'bright', 106)"
1.4070547109622424,296,True,"('ksi_Gem', 'bright', 106)"
1.4039281046021244,297,True,"('ksi_Gem', 'bright', 106)"
1.4248560380988624,298,True,"('ksi_Gem', 'bright', 106)"
1.4161190035435385,299,True,"('ksi_Gem', 'bright', 106)"
1.3856860206293378,300,True,"('ksi_Gem', 'bright', 106)"
1.3949745061446939,301,True,"('ksi_Gem', 'bright', 106)"
1.4357807101949673,302,True,"('ksi_Gem', 'bright', 106)"
1.438666306108705,303,True,"('ksi_Gem', 'bright', 106)"
1.4459264100886178,304,True,"('ksi_Gem', 'bright', 106)"
1.383006189617784,305,True,"('ksi_Gem', 'bright', 106)"
1.485309511724708,306,True,"('ksi_Gem', 'bright', 106)"
1.371726932029469,307,True,"('ksi_Gem', 'bright', 106)"
1.4180842567750125,308,True,"('ksi_Gem', 'bright', 106)"
1.3963210365604422,309,True,"('ksi_Gem', 'bright', 106)"
1.4275629671320849,310,True,"('ksi_Gem', 'bright', 106)"
1.4146426624901551,311,True,"('ksi_Gem', 'bright', 106)"
1.4317073320960627,312,True,"('ksi_Gem', 'bright', 106)"
1.421269744730807,313,True,"('ksi_Gem', 'bright', 106)"
1.4616580908032346,314,True,"('ksi_Gem', 'bright', 106)"
1.4063834837303983,315,True,"('ksi_Gem', 'bright', 106)"
1.4577638481410158,316,True,"('ksi_Gem', 'bright', 106)"
1.3838502626525861,317,True,"('ksi_Gem', 'bright', 106)"
1.3930907207476002,318,True,"('ksi_Gem', 'bright', 106)"
1.3980274444875547,319,True,"('ksi_Gem', 'bright', 106)"
1.408972760352777,320,True,"('ksi_Gem', 'bright', 106)"
1.433231549850719,321,True,"('ksi_Gem', 'bright', 106)"
1.4475497081559303,322,True,"('ksi_Gem', 'bright', 106)"
1.424959984038791,323,True,"('ksi_Gem', 'bright', 106)"
1.3973774118956008,324,True,"('ksi_Gem', 'bright', 106)"
1.4544539330987354,325,True,"('ksi_Gem', 'bright', 106)"
1.4358157993045757,326,True,"('ksi_Gem', 'bright', 106)"
1.4410996311445743,327,True,"('ksi_Gem', 'bright', 106)"
1.4461811580996018,328,True,"('ksi_Gem', 'bright', 106)"
1.4323824865423382,329,True,"('ksi_Gem', 'bright', 106)"
1.4527328256326868,330,True,"('ksi_Gem', 'bright', 106)"
1.466448821148388,331,True,"('ksi_Gem', 'bright', 106)"
1.4032312010050676,332,True,"('ksi_Gem', 'bright', 106)"
1.402796952101097,333,True,"('ksi_Gem', 'bright', 106)"
1.4392656735583058,334,True,"('ksi_Gem', 'bright', 106)"
1.4487867362555493,335,True,"('ksi_Gem', 'bright', 106)"
1.3985827074027701,336,True,"('ksi_Gem', 'bright', 106)"
1.3851545609001714,337,True,"('ksi_Gem', 'bright', 106)"
1.4098853212962343,338,True,"('ksi_Gem', 'bright', 106)"
1.4298575122908859,339,True,"('ksi_Gem', 'bright', 106)"
1.4546014472944495,340,True,"('ksi_Gem', 'bright', 106)"
1.4068025089888834,341,True,"('ksi_Gem', 'bright', 106)"
1.400715809930613,342,True,"('ksi_Gem', 'bright', 106)"
1.3844424362284815,343,True,"('ksi_Gem', 'bright', 106)"
1.4062768026696373,344,True,"('ksi_Gem', 'bright', 106)"
1.3800972509873513,345,True,"('ksi_Gem', 'bright', 106)"
1.4152609041196038,346,True,"('ksi_Gem', 'bright', 106)"
1.4665908157315284,347,True,"('ksi_Gem', 'bright', 106)"
1.407094272219681,348,True,"('ksi_Gem', 'bright', 106)"
1.3757574407193842,349,True,"('ksi_Gem', 'bright', 106)"
1.4064556790973817,350,True,"('ksi_Gem', 'bright', 106)"
1.416951788204182,351,True,"('ksi_Gem', 'bright', 106)"
1.430901088381902,352,True,"('ksi_Gem', 'bright', 106)"
1.4701657464589382,353,True,"('ksi_Gem', 'bright', 106)"
1.447082161982902,354,True,"('ksi_Gem', 'bright', 106)"
1.4611059491250113,355,True,"('ksi_Gem', 'bright', 106)"
1.368410243468152,356,True,"('ksi_Gem', 'bright', 106)"
1.4123053941215735,357,True,"('ksi_Gem', 'bright', 106)"
1.4082793502114819,358,True,"('ksi_Gem', 'bright', 106)"
1.4085519513248683,359,True,"('ksi_Gem', 'bright', 106)"
1.4097939219684246,360,True,"('ksi_Gem', 'bright', 106)"
1.4086954951194421,361,True,"('ksi_Gem', 'bright', 106)"
1.4091524627577412,362,True,"('ksi_Gem', 'bright', 106)"
1.3866761717022227,363,True,"('ksi_Gem', 'bright', 106)"
1.4446773211267092,364,True,"('ksi_Gem', 'bright', 106)"
1.4300346772071577,365,True,"('ksi_Gem', 'bright', 106)"
1.4143285965246972,366,True,"('ksi_Gem', 'bright', 106)"
1.4010799858647547,367,True,"('ksi_Gem', 'bright', 106)"
1.405170232647627,368,True,"('ksi_Gem', 'bright', 106)"
1.416712429162098,369,True,"('ksi_Gem', 'bright', 106)"
1.4026766732952494,370,True,"('ksi_Gem', 'bright', 106)"
1.4190430309982756,371,True,"('ksi_Gem', 'bright', 106)"
1.4336038277671046,372,True,"('ksi_Gem', 'bright', 106)"
1.4203137208917815,373,True,"('ksi_Gem', 'bright', 106)"
1.4587171997576531,374,True,"('ksi_Gem', 'bright', 106)"
1.390992568176456,375,True,"('ksi_Gem', 'bright', 106)"
1.4241416190697715,376,True,"('ksi_Gem', 'bright', 106)"
1.443580440244328,377,True,"('ksi_Gem', 'bright', 106)"
1.4536057035393235,378,True,"('ksi_Gem', 'bright', 106)"
1.3955789695706895,379,True,"('ksi_Gem', 'bright', 106)"
1.4242517698422494,380,True,"('ksi_Gem', 'bright', 106)"
1.4147527955097854,381,True,"('ksi_Gem', 'bright', 106)"
1.421272525522613,382,True,"('ksi_Gem', 'bright', 106)"
1.4774069522932016,383,True,"('ksi_Gem', 'bright', 106)"
1.4415188982952758,384,True,"('ksi_Gem', 'bright', 106)"
1.4153219238553791,385,True,"('ksi_Gem', 'bright', 106)"
1.417677331959334,386,True,"('ksi_Gem', 'bright', 106)"
1.3996049586948567,387,True,"('ksi_Gem', 'bright', 106)"
1.4054398338346974,388,True,"('ksi_Gem', 'bright', 106)"
1.4122210497866077,389,True,"('ksi_Gem', 'bright', 106)"
1.4664388364162326,390,True,"('ksi_Gem', 'bright', 106)"
1.4038170386519104,391,True,"('ksi_Gem', 'bright', 106)"
1.4291926931328947,392,True,"('ksi_Gem', 'bright', 106)"
1.4136827439615076,393,True,"('ksi_Gem', 'bright', 106)"
1.3829272069994252,394,True,"('ksi_Gem', 'bright', 106)"
1.415341418655079,395,True,"('ksi_Gem', 'bright', 106)"
1.4459286338078436,396,True,"('ksi_Gem', 'bright', 106)"
1.4128082413451457,397,True,"('ksi_Gem', 'bright', 106)"
1.431021836746657,398,True,"('ksi_Gem', 'bright', 106)"
1.3859653049901053,399,True,"('ksi_Gem', 'bright', 106)"
1.4470777615436585,400,True,"('ksi_Gem', 'bright', 106)"
1.412941944467852,401,True,"('ksi_Gem', 'bright', 106)"
1.4176089973196224,402,True,"('ksi_Gem', 'bright', 106)"
1.433100937696547,403,True,"('ksi_Gem', 'bright', 106)"
1.3984582868477704,404,True,"('ksi_Gem', 'bright', 106)"
1.3871304062834056,405,True,"('ksi_Gem', 'bright', 106)"
1.4459668450510605,406,True,"('ksi_Gem', 'bright', 106)"
1.3564964553716152,407,True,"('ksi_Gem', 'bright', 106)"
1.4294163320040383,408,True,"('ksi_Gem', 'bright', 106)"
1.4382407243910478,409,True,"('ksi_Gem', 'bright', 106)"
1.4233601340408522,410,True,"('ksi_Gem', 'bright', 106)"
1.4347211320312188,411,True,"('ksi_Gem', 'bright', 106)"
1.4164693422783687,412,True,"('ksi_Gem', 'bright', 106)"
1.4234887385797548,413,True,"('ksi_Gem', 'bright', 106)"
1.4429376756534518,414,True,"('ksi_Gem', 'bright', 106)"
1.4410226406104472,415,True,"('ksi_Gem', 'bright', 106)"
1.4545684904055396,416,True,"('ksi_Gem', 'bright', 106)"
1.4004002733671521,417,True,"('ksi_Gem', 'bright', 106)"
1.3959319137289106,418,True,"('ksi_Gem', 'bright', 106)"
1.407916278312468,419,True,"('ksi_Gem', 'bright', 106)"
1.437746196265598,420,True,"('ksi_Gem', 'bright', 106)"
1.4253282542849293,421,True,"('ksi_Gem', 'bright', 106)"
1.395336771994806,422,True,"('ksi_Gem', 'bright', 106)"
1.490018950798225,423,True,"('ksi_Gem', 'bright', 106)"
1.4058253840714336,424,True,"('ksi_Gem', 'bright', 106)"
1.4650790258586974,425,True,"('ksi_Gem', 'bright', 106)"
1.4079577350814045,426,True,"('ksi_Gem', 'bright', 106)"
1.3860129528067733,427,True,"('ksi_Gem', 'bright', 106)"
1.420242772201384,428,True,"('ksi_Gem', 'bright', 106)"
1.4304228511413504,429,True,"('ksi_Gem', 'bright', 106)"
1.413778732673438,430,True,"('ksi_Gem', 'bright', 106)"
1.431350480986493,431,True,"('ksi_Gem', 'bright', 106)"
1.4351585359395982,432,True,"('ksi_Gem', 'bright', 106)"
1.4327780422592709,433,True,"('ksi_Gem', 'bright', 106)"
1.4267474135081741,434,True,"('ksi_Gem', 'bright', 106)"
1.418383760089777,435,True,"('ksi_Gem', 'bright', 106)"
1.3692785969886236,436,True,"('ksi_Gem', 'bright', 106)"
1.4023681860208417,437,True,"('ksi_Gem', 'bright', 106)"
1.3796779104191297,438,True,"('ksi_Gem', 'bright', 106)"
1.4120220461509496,439,True,"('ksi_Gem', 'bright', 106)"
1.3904062353532114,440,True,"('ksi_Gem', 'bright', 106)"
1.3937881213893117,441,True,"('ksi_Gem', 'bright', 106)"
1.406589109546001,442,True,"('ksi_Gem', 'bright', 106)"
1.4204124213432006,443,True,"('ksi_Gem', 'bright', 106)"
1.3846952784846536,444,True,"('ksi_Gem', 'bright', 106)"
1.394071428132508,445,True,"('ksi_Gem', 'bright', 106)"
1.41795021318596,446,True,"('ksi_Gem', 'bright', 106)"
1.4668059197327614,447,True,"('ksi_Gem', 'bright', 106)"
1.4158599708197241,448,True,"('ksi_Gem', 'bright', 106)"
1.4277690744810205,449,True,"('ksi_Gem', 'bright', 106)"
1.4374740600417204,450,True,"('ksi_Gem', 'bright', 106)"
1.4291056641431923,451,True,"('ksi_Gem', 'bright', 106)"
1.4079536831798656,452,True,"('ksi_Gem', 'bright', 106)"
1.4096702548291151,453,True,"('ksi_Gem', 'bright', 106)"
1.4482645899217683,454,True,"('ksi_Gem', 'bright', 106)"
1.3951420453660195,455,True,"('ksi_Gem', 'bright', 106)"
1.4259874692158618,456,True,"('ksi_Gem', 'bright', 106)"
1.3942723168383544,457,True,"('ksi_Gem', 'bright', 106)"
1.3991117269741118,458,True,"('ksi_Gem', 'bright', 106)"
1.3964310653848249,459,True,"('ksi_Gem', 'bright', 106)"
1.4081121651318589,460,True,"('ksi_Gem', 'bright', 106)"
1.411836405330956,461,True,"('ksi_Gem', 'bright', 106)"
1.4087131244862658,462,True,"('ksi_Gem', 'bright', 106)"
1.4119318139792971,463,True,"('ksi_Gem', 'bright', 106)"
1.4096389238694678,464,True,"('ksi_Gem', 'bright', 106)"
1.4303344186437148,465,True,"('ksi_Gem', 'bright', 106)"
1.4396540812948828,466,True,"('ksi_Gem', 'bright', 106)"
1.3512850605298912,467,True,"('ksi_Gem', 'bright', 106)"
1.3751586764203536,468,True,"('ksi_Gem', 'bright', 106)"
1.4000698583353637,469,True,"('ksi_Gem', 'bright', 106)"
1.4482752865625994,470,True,"('ksi_Gem', 'bright', 106)"
1.4289191134512484,471,True,"('ksi_Gem', 'bright', 106)"
1.3770100418076194,472,True,"('ksi_Gem', 'bright', 106)"
1.3987595329090545,473,True,"('ksi_Gem', 'bright', 106)"
1.3870414946058025,474,True,"('ksi_Gem', 'bright', 106)"
1.455589558392595,475,True,"('ksi_Gem', 'bright', 106)"
1.3978154918701229,476,True,"('ksi_Gem', 'bright', 106)"
1.392559005179083,477,True,"('ksi_Gem', 'bright', 106)"
1.4504357586474121,478,True,"('ksi_Gem', 'bright', 106)"
1.4241538039589783,479,True,"('ksi_Gem', 'bright', 106)"
1.3855373514092195,480,True,"('ksi_Gem', 'bright', 106)"
1.427929240696552,481,True,"('ksi_Gem', 'bright', 106)"
1.4431367835920774,482,True,"('ksi_Gem', 'bright', 106)"
1.4288013437001417,483,True,"('ksi_Gem', 'bright', 106)"
1.4143756504623237,484,True,"('ksi_Gem', 'bright', 106)"
1.400878960351762,485,True,"('ksi_Gem', 'bright', 106)"
1.4083745172827224,486,True,"('ksi_Gem', 'bright', 106)"
1.4188713694739166,487,True,"('ksi_Gem', 'bright', 106)"
1.3940785106504339,488,True,"('ksi_Gem', 'bright', 106)"
1.426389643366918,489,True,"('ksi_Gem', 'bright', 106)"
1.4239390346338723,490,True,"('ksi_Gem', 'bright', 106)"
1.3940119632062757,491,True,"('ksi_Gem', 'bright', 106)"
1.4349674894477253,492,True,"('ksi_Gem', 'bright', 106)"
1.414457688891283,493,True,"('ksi_Gem', 'bright', 106)"
1.3719237903348078,494,True,"('ksi_Gem', 'bright', 106)"
1.4096725882250465,495,True,"('ksi_Gem', 'bright', 106)"
1.4371428509883841,496,True,"('ksi_Gem', 'bright', 106)"
1.4309830652394953,497,True,"('ksi_Gem', 'bright', 106)"
1.4162553627680199,498,True,"('ksi_Gem', 'bright', 106)"
1.3943264499524082,499,True,"('ksi_Gem', 'bright', 106)"
1.4350777656530922,500,True,"('ksi_Gem', 'bright', 106)"
1.3751963120163753,501,True,"('ksi_Gem', 'bright', 106)"
1.4158686407654069,502,True,"('ksi_Gem', 'bright', 106)"
1.4078073634755601,503,True,"('ksi_Gem', 'bright', 106)"
1.3861721040903383,504,True,"('ksi_Gem', 'bright', 106)"
1.4125123012331218,505,True,"('ksi_Gem', 'bright', 106)"
1.4134780649562408,506,True,"('ksi_Gem', 'bright', 106)"
1.4081641319032245,507,True,"('ksi_Gem', 'bright', 106)"
1.453013146588718,508,True,"('ksi_Gem', 'bright', 106)"
1.4143853606554522,509,True,"('ksi_Gem', 'bright', 106)"
1.4256196874034879,510,True,"('ksi_Gem', 'bright', 106)"
1.4397601008302474,511,True,"('ksi_Gem', 'bright', 106)"
1.4174554531228332,512,True,"('ksi_Gem', 'bright', 106)"
1.4294612473313026,513,True,"('ksi_Gem', 'bright', 106)"
1.4084453287825522,514,True,"('ksi_Gem', 'bright', 106)"
1.436255369073792,515,True,"('ksi_Gem', 'bright', 106)"
1.3907777958140453,516,True,"('ksi_Gem', 'bright', 106)"
1.408041547226304,517,True,"('ksi_Gem', 'bright', 106)"
1.4366782854240008,518,True,"('ksi_Gem', 'bright', 106)"
1.3723103055698398,519,True,"('ksi_Gem', 'bright', 106)"
1.441899210014678,520,True,"('ksi_Gem', 'bright', 106)"
1.4100816294563066,521,True,"('ksi_Gem', 'bright', 106)"
1.476063279520089,522,True,"('ksi_Gem', 'bright', 106)"
1.4001029329115702,523,True,"('ksi_Gem', 'bright', 106)"
1.4519183788139618,524,True,"('ksi_Gem', 'bright', 106)"
1.4327255007328639,525,True,"('ksi_Gem', 'bright', 106)"
1.376691714673412,526,True,"('ksi_Gem', 'bright', 106)"
1.4201469673599356,527,True,"('ksi_Gem', 'bright', 106)"
1.4580290970365817,528,True,"('ksi_Gem', 'bright', 106)"
1.4185384746272545,529,True,"('ksi_Gem', 'bright', 106)"
1.4061443255123354,530,True,"('ksi_Gem', 'bright', 106)"
1.4108737438258572,531,True,"('ksi_Gem', 'bright', 106)"
1.4245365267637236,532,True,"('ksi_Gem', 'bright', 106)"
1.4316098162473139,533,True,"('ksi_Gem', 'bright', 106)"
1.3856894951461485,534,True,"('ksi_Gem', 'bright', 106)"
1.4162207110719374,535,True,"('ksi_Gem', 'bright', 106)"
1.4032991906495544,536,True,"('ksi_Gem', 'bright', 106)"
1.423640407271938,537,True,"('ksi_Gem', 'bright', 106)"
1.429724263637799,538,True,"('ksi_Gem', 'bright', 106)"
1.38204026953497,539,True,"('ksi_Gem', 'bright', 106)"
1.4290297812604285,540,True,"('ksi_Gem', 'bright', 106)"
1.434805314594143,541,True,"('ksi_Gem', 'bright', 106)"
1.42465245798082,542,True,"('ksi_Gem', 'bright', 106)"
1.4111807243963852,543,True,"('ksi_Gem', 'bright', 106)"
1.419366807969547,544,True,"('ksi_Gem', 'bright', 106)"
1.4370439588598727,545,True,"('ksi_Gem', 'bright', 106)"
1.4470817718490845,546,True,"('ksi_Gem', 'bright', 106)"
1.4034835106625247,547,True,"('ksi_Gem', 'bright', 106)"
1.3926505709974426,548,True,"('ksi_Gem', 'bright', 106)"
1.4133533285919295,549,True,"('ksi_Gem', 'bright', 106)"
1.4209890337851028,550,True,"('ksi_Gem', 'bright', 106)"
1.4177227911609995,551,True,"('ksi_Gem', 'bright', 106)"
1.396932248645312,552,True,"('ksi_Gem', 'bright', 106)"
1.4535121817058247,553,True,"('ksi_Gem', 'bright', 106)"
1.3963559660232343,554,True,"('ksi_Gem', 'bright', 106)"
1.428114222820847,555,True,"('ksi_Gem', 'bright', 106)"
1.4241970832029884,556,True,"('ksi_Gem', 'bright', 106)"
1.4260912946341164,557,True,"('ksi_Gem', 'bright', 106)"
1.4481604514531938,558,True,"('ksi_Gem', 'bright', 106)"
1.41940683145638,559,True,"('ksi_Gem', 'bright', 106)"
1.4161582524219338,560,True,"('ksi_Gem', 'bright', 106)"
1.4610301879276995,561,True,"('ksi_Gem', 'bright', 106)"
1.4471215534896031,562,True,"('ksi_Gem', 'bright', 106)"
1.409386287717168,563,True,"('ksi_Gem', 'bright', 106)"
1.4182117504159706,564,True,"('ksi_Gem', 'bright', 106)"
1.4174714549453997,565,True,"('ksi_Gem', 'bright', 106)"
1.4276781304815351,566,True,"('ksi_Gem', 'bright', 106)"
1.4235592413518057,567,True,"('ksi_Gem', 'bright', 106)"
1.416059446617032,568,True,"('ksi_Gem', 'bright', 106)"
1.4071856576695037,569,True,"('ksi_Gem', 'bright', 106)"
1.356096039132682,570,True,"('ksi_Gem', 'bright', 106)"
1.4116479303296088,571,True,"('ksi_Gem', 'bright', 106)"
1.4246599405075289,572,True,"('ksi_Gem', 'bright', 106)"
1.3409071271700836,573,True,"('ksi_Gem', 'bright', 106)"
1.4279145497987271,574,True,"('ksi_Gem', 'bright', 106)"
1.401667610943886,575,True,"('ksi_Gem', 'bright', 106)"
1.4254880356960349,576,True,"('ksi_Gem', 'bright', 106)"
1.4044912493927084,577,True,"('ksi_Gem', 'bright', 106)"
1.4049259134911927,578,True,"('ksi_Gem', 'bright', 106)"
1.3679266335965263,579,True,"('ksi_Gem', 'bright', 106)"
1.3943313678010985,580,True,"('ksi_Gem', 'bright', 106)"
1.4219728660489646,581,True,"('ksi_Gem', 'bright', 106)"
1.4115324088576167,582,True,"('ksi_Gem', 'bright', 106)"
1.394341632707805,583,True,"('ksi_Gem', 'bright', 106)"
1.4335145057822272,584,True,"('ksi_Gem', 'bright', 106)"
1.4378717713202382,585,True,"('ksi_Gem', 'bright', 106)"
1.3964168539064223,586,True,"('ksi_Gem', 'bright', 106)"
1.4236053954072112,587,True,"('ksi_Gem', 'bright', 106)"
1.4182092700226276,588,True,"('ksi_Gem', 'bright', 106)"
1.4743239460118873,589,True,"('ksi_Gem', 'bright', 106)"
1.4191568443100713,590,True,"('ksi_Gem', 'bright', 106)"
1.3978579822350363,591,True,"('ksi_Gem', 'bright', 106)"
1.4484580947123358,592,True,"('ksi_Gem', 'bright', 106)"
1.4021182916182637,593,True,"('ksi_Gem', 'bright', 106)"
1.3834031631290786,594,True,"('ksi_Gem', 'bright', 106)"
1.4230373029144652,595,True,"('ksi_Gem', 'bright', 106)"
1.3924155425641582,596,True,"('ksi_Gem', 'bright', 106)"
1.4126150620360483,597,True,"('ksi_Gem', 'bright', 106)"
1.4417780442778103,598,True,"('ksi_Gem', 'bright', 106)"
1.4219636725968572,599,True,"('ksi_Gem', 'bright', 106)"
1.4113293456739542,600,True,"('ksi_Gem', 'bright', 106)"
1.4138288316305545,601,True,"('ksi_Gem', 'bright', 106)"
1.4253246741494168,602,True,"('ksi_Gem', 'bright', 106)"
1.3939526296237288,603,True,"('ksi_Gem', 'bright', 106)"
1.42073626627856,604,True,"('ksi_Gem', 'bright', 106)"
1.4004943028158083,605,True,"('ksi_Gem', 'bright', 106)"
1.4323601670070543,606,True,"('ksi_Gem', 'bright', 106)"
1.404352947909762,607,True,"('ksi_Gem', 'bright', 106)"
1.427444229981638,608,True,"('ksi_Gem', 'bright', 106)"
1.4209416157838017,609,True,"('ksi_Gem', 'bright', 106)"
1.4185792965415678,610,True,"('ksi_Gem', 'bright', 106)"
1.4138049970155544,611,True,"('ksi_Gem', 'bright', 106)"
1.4276183254154482,612,True,"('ksi_Gem', 'bright', 106)"
1.4417605308821106,613,True,"('ksi_Gem', 'bright', 106)"
1.441158743403199,614,True,"('ksi_Gem', 'bright', 106)"
1.4397150119380704,615,True,"('ksi_Gem', 'bright', 106)"
1.4469346744749199,616,True,"('ksi_Gem', 'bright', 106)"
1.3972514148036326,617,True,"('ksi_Gem', 'bright', 106)"
1.4124580213949638,618,True,"('ksi_Gem', 'bright', 106)"
1.4172531701359012,619,True,"('ksi_Gem', 'bright', 106)"
1.4276918960339826,620,True,"('ksi_Gem', 'bright', 106)"
1.4150617264710128,621,True,"('ksi_Gem', 'bright', 106)"
1.4320332619952771,622,True,"('ksi_Gem', 'bright', 106)"
1.407569754683924,623,True,"('ksi_Gem', 'bright', 106)"
1.371083172408972,624,True,"('ksi_Gem', 'bright', 106)"
1.4330874683660553,625,True,"('ksi_Gem', 'bright', 106)"
1.3992533014367623,626,True,"('ksi_Gem', 'bright', 106)"
1.4178468858633562,627,True,"('ksi_Gem', 'bright', 106)"
1.4152725976290865,628,True,"('ksi_Gem', 'bright', 106)"
1.4198557791992412,629,True,"('ksi_Gem', 'bright', 106)"
1.4176796320466298,630,True,"('ksi_Gem', 'bright', 106)"
1.3665844733735093,631,True,"('ksi_Gem', 'bright', 106)"
1.429995004324379,632,True,"('ksi_Gem', 'bright', 106)"
1.3849488162392232,633,True,"('ksi_Gem', 'bright', 106)"
1.3987223015513681,634,True,"('ksi_Gem', 'bright', 106)"
1.3925708229853893,635,True,"('ksi_Gem', 'bright', 106)"
1.4447148008727069,636,True,"('ksi_Gem', 'bright', 106)"
1.402357423390665,637,True,"('ksi_Gem', 'bright', 106)"
1.4421603177338718,638,True,"('ksi_Gem', 'bright', 106)"
1.3901895503570474,639,True,"('ksi_Gem', 'bright', 106)"
1.4063806748105074,640,True,"('ksi_Gem', 'bright', 106)"
1.3874660819020177,641,True,"('ksi_Gem', 'bright', 106)"
1.4304084184622963,642,True,"('ksi_Gem', 'bright', 106)"
1.4070088886579035,643,True,"('ksi_Gem', 'bright', 106)"
1.4054276223224769,644,True,"('ksi_Gem', 'bright', 106)"
1.4171636415191515,645,True,"('ksi_Gem', 'bright', 106)"
1.42009566038506,646,True,"('ksi_Gem', 'bright', 106)"
1.4066770584814,647,True,"('ksi_Gem', 'bright', 106)"
1.3748369992392855,648,True,"('ksi_Gem', 'bright', 106)"
1.4065465618902673,649,True,"('ksi_Gem', 'bright', 106)"
1.4461940031174731,650,True,"('ksi_Gem', 'bright', 106)"
1.3875683677787058,651,True,"('ksi_Gem', 'bright', 106)"
1.4100158440896364,652,True,"('ksi_Gem', 'bright', 106)"
1.4037783824587684,653,True,"('ksi_Gem', 'bright', 106)"
1.4215510270241927,654,True,"('ksi_Gem', 'bright', 106)"
1.429768202273308,655,True,"('ksi_Gem', 'bright', 106)"
1.4213009460275088,656,True,"('ksi_Gem', 'bright', 106)"
1.4245729637824858,657,True,"('ksi_Gem', 'bright', 106)"
1.3989897270043137,658,True,"('ksi_Gem', 'bright', 106)"
1.393966541518688,659,True,"('ksi_Gem', 'bright', 106)"
1.4300889228863574,660,True,"('ksi_Gem', 'bright', 106)"
1.433431536706622,661,True,"('ksi_Gem', 'bright', 106)"
1.4569671306017162,662,True,"('ksi_Gem', 'bright', 106)"
1.4288412771724142,663,True,"('ksi_Gem', 'bright', 106)"
1.3824736014701993,664,True,"('ksi_Gem', 'bright', 106)"
1.4460242871531328,665,True,"('ksi_Gem', 'bright', 106)"
1.3804444980534532,666,True,"('ksi_Gem', 'bright', 106)"
1.3973817285208305,667,True,"('ksi_Gem', 'bright', 106)"
1.4993494116332584,668,True,"('ksi_Gem', 'bright', 106)"
1.3799854802121507,669,True,"('ksi_Gem', 'bright', 106)"
1.392001313185319,670,True,"('ksi_Gem', 'bright', 106)"
1.3928093612722496,671,True,"('ksi_Gem', 'bright', 106)"
1.4446520992603509,672,True,"('ksi_Gem', 'bright', 106)"
1.429884060967173,673,True,"('ksi_Gem', 'bright', 106)"
1.4200494977113816,674,True,"('ksi_Gem', 'bright', 106)"
1.399859253288817,675,True,"('ksi_Gem', 'bright', 106)"
1.4500971387605506,676,True,"('ksi_Gem', 'bright', 106)"
1.4357497435244917,677,True,"('ksi_Gem', 'bright', 106)"
1.4199495415832348,678,True,"('ksi_Gem', 'bright', 106)"
1.4370758559539218,679,True,"('ksi_Gem', 'bright', 106)"
1.4405970567752941,680,True,"('ksi_Gem', 'bright', 106)"
1.3743357412770276,681,True,"('ksi_Gem', 'bright', 106)"
1.4262294924666765,682,True,"('ksi_Gem', 'bright', 106)"
1.4367289039961963,683,True,"('ksi_Gem', 'bright', 106)"
1.393380056253202,684,True,"('ksi_Gem', 'bright', 106)"
1.4048076239625404,685,True,"('ksi_Gem', 'bright', 106)"
1.4315300782179365,686,True,"('ksi_Gem', 'bright', 106)"
1.448217598322781,687,True,"('ksi_Gem', 'bright', 106)"
1.427659643908386,688,True,"('ksi_Gem', 'bright', 106)"
1.4065433312026607,689,True,"('ksi_Gem', 'bright', 106)"
1.4149495544422659,690,True,"('ksi_Gem', 'bright', 106)"
1.383887952044631,691,True,"('ksi_Gem', 'bright', 106)"
1.4352798125371806,692,True,"('ksi_Gem', 'bright', 106)"
1.3931878671189442,693,True,"('ksi_Gem', 'bright', 106)"
1.398072642285121,694,True,"('ksi_Gem', 'bright', 106)"
1.4627506114892286,695,True,"('ksi_Gem', 'bright', 106)"
1.4142583983470909,696,True,"('ksi_Gem', 'bright', 106)"
1.4508952657169598,697,True,"('ksi_Gem', 'bright', 106)"
1.3999128433129786,698,True,"('ksi_Gem', 'bright', 106)"
1.4298606516136871,699,True,"('ksi_Gem', 'bright', 106)"
1.4292771734132879,700,True,"('ksi_Gem', 'bright', 106)"
1.4181464100156174,701,True,"('ksi_Gem', 'bright', 106)"
1.4462225148276824,702,True,"('ksi_Gem', 'bright', 106)"
1.3915489931378537,703,True,"('ksi_Gem', 'bright', 106)"
1.4029621159183119,704,True,"('ksi_Gem', 'bright', 106)"
1.4216828125804863,705,True,"('ksi_Gem', 'bright', 106)"
1.4197312146845942,706,True,"('ksi_Gem', 'bright', 106)"
1.4396523635705396,707,True,"('ksi_Gem', 'bright', 106)"
1.3952288593514857,708,True,"('ksi_Gem', 'bright', 106)"
1.3941481691455642,709,True,"('ksi_Gem', 'bright', 106)"
1.3772884932678564,710,True,"('ksi_Gem', 'bright', 106)"
1.38554020469743,711,True,"('ksi_Gem', 'bright', 106)"
1.4120218630817227,712,True,"('ksi_Gem', 'bright', 106)"
1.4105050903781886,713,True,"('ksi_Gem', 'bright', 106)"
1.3805542074711041,714,True,"('ksi_Gem', 'bright', 106)"
1.4489240479680836,715,True,"('ksi_Gem', 'bright', 106)"
1.391885171036789,716,True,"('ksi_Gem', 'bright', 106)"
1.3946439120386704,717,True,"('ksi_Gem', 'bright', 106)"
1.3941102420372475,718,True,"('ksi_Gem', 'bright', 106)"
1.4426421346776714,719,True,"('ksi_Gem', 'bright', 106)"
1.4369618706333682,720,True,"('ksi_Gem', 'bright', 106)"
1.3971482997110207,721,True,"('ksi_Gem', 'bright', 106)"
1.4231573025358597,722,True,"('ksi_Gem', 'bright', 106)"
1.488702272825874,723,True,"('ksi_Gem', 'bright', 106)"
1.3900355671114313,724,True,"('ksi_Gem', 'bright', 106)"
1.43636010324562,725,True,"('ksi_Gem', 'bright', 106)"
1.4379920179474661,726,True,"('ksi_Gem', 'bright', 106)"
1.4010341601638883,727,True,"('ksi_Gem', 'bright', 106)"
1.473279758836928,728,True,"('ksi_Gem', 'bright', 106)"
1.392001010906791,729,True,"('ksi_Gem', 'bright', 106)"
1.3953339198987784,730,True,"('ksi_Gem', 'bright', 106)"
1.4238305807679223,731,True,"('ksi_Gem', 'bright', 106)"
1.4023178360755673,732,True,"('ksi_Gem', 'bright', 106)"
1.4625312209150665,733,True,"('ksi_Gem', 'bright', 106)"
1.390705333336854,734,True,"('ksi_Gem', 'bright', 106)"
1.4201322132465988,735,True,"('ksi_Gem', 'bright', 106)"
1.4498652987011154,736,True,"('ksi_Gem', 'bright', 106)"
1.4349104655594718,737,True,"('ksi_Gem', 'bright', 106)"
1.4316617085377907,738,True,"('ksi_Gem', 'bright', 106)"
1.4139889511763626,739,True,"('ksi_Gem', 'bright', 106)"
1.42024877559312,740,True,"('ksi_Gem', 'bright', 106)"
1.4111002715794618,741,True,"('ksi_Gem', 'bright', 106)"
1.4280848568957472,742,True,"('ksi_Gem', 'bright', 106)"
1.4148564350964978,743,True,"('ksi_Gem', 'bright', 106)"
1.4690130014599379,744,True,"('ksi_Gem', 'bright', 106)"
1.4192127504085104,745,True,"('ksi_Gem', 'bright', 106)"
1.4025403857696415,746,True,"('ksi_Gem', 'bright', 106)"
1.4184605379371846,747,True,"('ksi_Gem', 'bright', 106)"
1.3972993054630258,748,True,"('ksi_Gem', 'bright', 106)"
1.387521901439418,749,True,"('ksi_Gem', 'bright', 106)"
1.418631763063226,750,True,"('ksi_Gem', 'bright', 106)"
1.4160222918580336,751,True,"('ksi_Gem', 'bright', 106)"
1.4125132979896284,752,True,"('ksi_Gem', 'bright', 106)"
1.396518591056665,753,True,"('ksi_Gem', 'bright', 106)"
1.4056189621717705,754,True,"('ksi_Gem', 'bright', 106)"
1.4201425261423735,755,True,"('ksi_Gem', 'bright', 106)"
1.4412061164557943,756,True,"('ksi_Gem', 'bright', 106)"
1.424938126309347,757,True,"('ksi_Gem', 'bright', 106)"
1.442561713703526,758,True,"('ksi_Gem', 'bright', 106)"
1.386117098459328,759,True,"('ksi_Gem', 'bright', 106)"
1.4486724380009754,760,True,"('ksi_Gem', 'bright', 106)"
1.4245137711334563,761,True,"('ksi_Gem', 'bright', 106)"
1.4249247455584075,762,True,"('ksi_Gem', 'bright', 106)"
1.4271932531082796,763,True,"('ksi_Gem', 'bright', 106)"
1.4245080876888507,764,True,"('ksi_Gem', 'bright', 106)"
1.4108362205745024,765,True,"('ksi_Gem', 'bright', 106)"
1.4113487719561675,766,True,"('ksi_Gem', 'bright', 106)"
1.415476979547356,767,True,"('ksi_Gem', 'bright', 106)"
1.4339490967679913,768,True,"('ksi_Gem', 'bright', 106)"
1.4027467680790155,769,True,"('ksi_Gem', 'bright', 106)"
1.4376101298883226,770,True,"('ksi_Gem', 'bright', 106)"
1.435798730128061,771,True,"('ksi_Gem', 'bright', 106)"
1.4193658924513117,772,True,"('ksi_Gem', 'bright', 106)"
1.3670632847775968,773,True,"('ksi_Gem', 'bright', 106)"
1.4380858621914314,774,True,"('ksi_Gem', 'bright', 106)"
1.4105747451823722,775,True,"('ksi_Gem', 'bright', 106)"
1.4119918652121144,776,True,"('ksi_Gem', 'bright', 106)"
1.4313442605651177,777,True,"('ksi_Gem', 'bright', 106)"
1.431514265943037,778,True,"('ksi_Gem', 'bright', 106)"
1.4191412555853649,779,True,"('ksi_Gem', 'bright', 106)"
1.4161581418401612,780,True,"('ksi_Gem', 'bright', 106)"
1.4193413222537679,781,True,"('ksi_Gem', 'bright', 106)"
1.3954704804379556,782,True,"('ksi_Gem', 'bright', 106)"
1.4190819403541,783,True,"('ksi_Gem', 'bright', 106)"
1.4242294941426086,784,True,"('ksi_Gem', 'bright', 106)"
1.4259820132303132,785,True,"('ksi_Gem', 'bright', 106)"
1.3771219346081265,786,True,"('ksi_Gem', 'bright', 106)"
1.4181249191418803,787,True,"('ksi_Gem', 'bright', 106)"
1.4292073173663769,788,True,"('ksi_Gem', 'bright', 106)"
1.4076775689259347,789,True,"('ksi_Gem', 'bright', 106)"
1.4184746813815874,790,True,"('ksi_Gem', 'bright', 106)"
1.4568519371304398,791,True,"('ksi_Gem', 'bright', 106)"
1.3887727359789732,792,True,"('ksi_Gem', 'bright', 106)"
1.4046674375204242,793,True,"('ksi_Gem', 'bright', 106)"
1.4030304730076915,794,True,"('ksi_Gem', 'bright', 106)"
1.4085133783598416,795,True,"('ksi_Gem', 'bright', 106)"
1.429909556726223,796,True,"('ksi_Gem', 'bright', 106)"
1.4010679081214383,797,True,"('ksi_Gem', 'bright', 106)"
1.3915605557421686,798,True,"('ksi_Gem', 'bright', 106)"
1.4423516656760071,799,True,"('ksi_Gem', 'bright', 106)"
1.4412752169264254,800,True,"('ksi_Gem', 'bright', 106)"
1.4485869550444872,801,True,"('ksi_Gem', 'bright', 106)"
1.44193733216952,802,True,"('ksi_Gem', 'bright', 106)"
1.4048457929861216,803,True,"('ksi_Gem', 'bright', 106)"
1.4322567724827096,804,True,"('ksi_Gem', 'bright', 106)"
1.4052295358089937,805,True,"('ksi_Gem', 'bright', 106)"
1.4584939508893044,806,True,"('ksi_Gem', 'bright', 106)"
1.4427230916417222,807,True,"('ksi_Gem', 'bright', 106)"
1.4117086885241663,808,True,"('ksi_Gem', 'bright', 106)"
1.4227855414865807,809,True,"('ksi_Gem', 'bright', 106)"
1.412365345769543,810,True,"('ksi_Gem', 'bright', 106)"
1.4064747742334538,811,True,"('ksi_Gem', 'bright', 106)"
1.4374483420469157,812,True,"('ksi_Gem', 'bright', 106)"
1.4005670973858708,813,True,"('ksi_Gem', 'bright', 106)"
1.419755702866558,814,True,"('ksi_Gem', 'bright', 106)"
1.4336403811918965,815,True,"('ksi_Gem', 'bright', 106)"
1.433195456713188,816,True,"('ksi_Gem', 'bright', 106)"
1.4125256021012442,817,True,"('ksi_Gem', 'bright', 106)"
1.4392699115818635,818,True,"('ksi_Gem', 'bright', 106)"
1.387399562202944,819,True,"('ksi_Gem', 'bright', 106)"
1.4072010901674106,820,True,"('ksi_Gem', 'bright', 106)"
1.416651290181356,821,True,"('ksi_Gem', 'bright', 106)"
1.4002366040730072,822,True,"('ksi_Gem', 'bright', 106)"
1.3965862706772914,823,True,"('ksi_Gem', 'bright', 106)"
1.422583825190932,824,True,"('ksi_Gem', 'bright', 106)"
1.4284910361544558,825,True,"('ksi_Gem', 'bright', 106)"
1.4066841354647308,826,True,"('ksi_Gem', 'bright', 106)"
1.405716483024068,827,True,"('ksi_Gem', 'bright', 106)"
1.3985327272367167,828,True,"('ksi_Gem', 'bright', 106)"
1.3731098890552849,829,True,"('ksi_Gem', 'bright', 106)"
1.4194088886723817,830,True,"('ksi_Gem', 'bright', 106)"
1.4592516598901895,831,True,"('ksi_Gem', 'bright', 106)"
1.3774231593038537,832,True,"('ksi_Gem', 'bright', 106)"
1.4422335230828929,833,True,"('ksi_Gem', 'bright', 106)"
1.4255715401725955,834,True,"('ksi_Gem', 'bright', 106)"
1.4084381066302347,835,True,"('ksi_Gem', 'bright', 106)"
1.3976236098403012,836,True,"('ksi_Gem', 'bright', 106)"
1.4031197404166578,837,True,"('ksi_Gem', 'bright', 106)"
1.4015302114305537,838,True,"('ksi_Gem', 'bright', 106)"
1.3739210715092565,839,True,"('ksi_Gem', 'bright', 106)"
1.3885520535265832,840,True,"('ksi_Gem', 'bright', 106)"
1.4131338741268176,841,True,"('ksi_Gem', 'bright', 106)"
1.4165070095464474,842,True,"('ksi_Gem', 'bright', 106)"
1.4558340919955515,843,True,"('ksi_Gem', 'bright', 106)"
1.4108919769011974,844,True,"('ksi_Gem', 'bright', 106)"
1.439596754102658,845,True,"('ksi_Gem', 'bright', 106)"
1.394617404279018,846,True,"('ksi_Gem', 'bright', 106)"
1.4903431609535793,847,True,"('ksi_Gem', 'bright', 106)"
1.439820568475081,848,True,"('ksi_Gem', 'bright', 106)"
1.4413633112024289,849,True,"('ksi_Gem', 'bright', 106)"
1.4245909272151924,850,True,"('ksi_Gem', 'bright', 106)"
1.3893406746736554,851,True,"('ksi_Gem', 'bright', 106)"
1.4503244327049793,852,True,"('ksi_Gem', 'bright', 106)"
1.4115386018537603,853,True,"('ksi_Gem', 'bright', 106)"
1.426084431626035,854,True,"('ksi_Gem', 'bright', 106)"
1.4166037803771312,855,True,"('ksi_Gem', 'bright', 106)"
1.451546666271659,856,True,"('ksi_Gem', 'bright', 106)"
1.4260474642132859,857,True,"('ksi_Gem', 'bright', 106)"
1.4580307517244722,858,True,"('ksi_Gem', 'bright', 106)"
1.4608214150756855,859,True,"('ksi_Gem', 'bright', 106)"
1.424350843268936,860,True,"('ksi_Gem', 'bright', 106)"
1.385516892642192,861,True,"('ksi_Gem', 'bright', 106)"
1.4394360438262188,862,True,"('ksi_Gem', 'bright', 106)"
1.3987667010264317,863,True,"('ksi_Gem', 'bright', 106)"
1.4235764057177935,864,True,"('ksi_Gem', 'bright', 106)"
1.447702263802095,865,True,"('ksi_Gem', 'bright', 106)"
1.4000329085743817,866,True,"('ksi_Gem', 'bright', 106)"
1.3904096610132186,867,True,"('ksi_Gem', 'bright', 106)"
1.4161273932542822,868,True,"('ksi_Gem', 'bright', 106)"
1.4388897428324323,869,True,"('ksi_Gem', 'bright', 106)"
1.4711140921784267,870,True,"('ksi_Gem', 'bright', 106)"
1.3730017374948436,871,True,"('ksi_Gem', 'bright', 106)"
1.4122193461527215,872,True,"('ksi_Gem', 'bright', 106)"
1.4167904991257967,873,True,"('ksi_Gem', 'bright', 106)"
1.3989418474439965,874,True,"('ksi_Gem', 'bright', 106)"
1.4009084084149241,875,True,"('ksi_Gem', 'bright', 106)"
1.436045327124707,876,True,"('ksi_Gem', 'bright', 106)"
1.4289162628034153,877,True,"('ksi_Gem', 'bright', 106)"
1.4328098937182911,878,True,"('ksi_Gem', 'bright', 106)"
1.3874211421552403,879,True,"('ksi_Gem', 'bright', 106)"
1.4250079743633606,880,True,"('ksi_Gem', 'bright', 106)"
1.4539400019086328,881,True,"('ksi_Gem', 'bright', 106)"
1.4552605803352914,882,True,"('ksi_Gem', 'bright', 106)"
1.4374313945387207,883,True,"('ksi_Gem', 'bright', 106)"
1.384580654595563,884,True,"('ksi_Gem', 'bright', 106)"
1.4083266799900114,885,True,"('ksi_Gem', 'bright', 106)"
1.4125939697532746,886,True,"('ksi_Gem', 'bright', 106)"
1.4134500971780533,887,True,"('ksi_Gem', 'bright', 106)"
1.395839090961605,888,True,"('ksi_Gem', 'bright', 106)"
1.4168678710587448,889,True,"('ksi_Gem', 'bright', 106)"
1.426955736205956,890,True,"('ksi_Gem', 'bright', 106)"
1.3900248931015065,891,True,"('ksi_Gem', 'bright', 106)"
1.4252296091514212,892,True,"('ksi_Gem', 'bright', 106)"
1.411084754767859,893,True,"('ksi_Gem', 'bright', 106)"
1.4085556211873707,894,True,"('ksi_Gem', 'bright', 106)"
1.3542997037953026,895,True,"('ksi_Gem', 'bright', 106)"
1.456129635754664,896,True,"('ksi_Gem', 'bright', 106)"
1.391978138984007,897,True,"('ksi_Gem', 'bright', 106)"
1.4068260201944152,898,True,"('ksi_Gem', 'bright', 106)"
1.4016049848018592,899,True,"('ksi_Gem', 'bright', 106)"
1.4185708981684633,900,True,"('ksi_Gem', 'bright', 106)"
1.4262511650502891,901,True,"('ksi_Gem', 'bright', 106)"
1.4194551014697918,902,True,"('ksi_Gem', 'bright', 106)"
1.400203217194921,903,True,"('ksi_Gem', 'bright', 106)"
1.3902660237617865,904,True,"('ksi_Gem', 'bright', 106)"
1.4148507076232857,905,True,"('ksi_Gem', 'bright', 106)"
1.4349100180695094,906,True,"('ksi_Gem', 'bright', 106)"
1.4289829915706795,907,True,"('ksi_Gem', 'bright', 106)"
1.4247537753479895,908,True,"('ksi_Gem', 'bright', 106)"
1.4380382494105022,909,True,"('ksi_Gem', 'bright', 106)"
1.4197755490337798,910,True,"('ksi_Gem', 'bright', 106)"
1.4105343611612817,911,True,"('ksi_Gem', 'bright', 106)"
1.4234286836777337,912,True,"('ksi_Gem', 'bright', 106)"
1.412572084642904,913,True,"('ksi_Gem', 'bright', 106)"
1.4174887156849667,914,True,"('ksi_Gem', 'bright', 106)"
1.42713790549131,915,True,"('ksi_Gem', 'bright', 106)"
1.417700180650108,916,True,"('ksi_Gem', 'bright', 106)"
1.4177691509579802,917,True,"('ksi_Gem', 'bright', 106)"
1.4242810210115047,918,True,"('ksi_Gem', 'bright', 106)"
1.3991055222437514,919,True,"('ksi_Gem', 'bright', 106)"
1.410755346120266,920,True,"('ksi_Gem', 'bright', 106)"
1.382523633339141,921,True,"('ksi_Gem', 'bright', 106)"
1.413379181895659,922,True,"('ksi_Gem', 'bright', 106)"
1.4037887771717477,923,True,"('ksi_Gem', 'bright', 106)"
1.4107563789668878,924,True,"('ksi_Gem', 'bright', 106)"
1.4194147718219046,925,True,"('ksi_Gem', 'bright', 106)"
1.38809866715305,926,True,"('ksi_Gem', 'bright', 106)"
1.4170449220489254,927,True,"('ksi_Gem', 'bright', 106)"
1.3802858271507688,928,True,"('ksi_Gem', 'bright', 106)"
1.4334896472900953,929,True,"('ksi_Gem', 'bright', 106)"
1.4353054122834867,930,True,"('ksi_Gem', 'bright', 106)"
1.3723317230997925,931,True,"('ksi_Gem', 'bright', 106)"
1.3900149994685917,932,True,"('ksi_Gem', 'bright', 106)"
1.4016479059736964,933,True,"('ksi_Gem', 'bright', 106)"
1.420873349638421,934,True,"('ksi_Gem', 'bright', 106)"
1.3842436314922775,935,True,"('ksi_Gem', 'bright', 106)"
1.3720049369851226,936,True,"('ksi_Gem', 'bright', 106)"
1.4135420300695436,937,True,"('ksi_Gem', 'bright', 106)"
1.3953086122854423,938,True,"('ksi_Gem', 'bright', 106)"
1.4223332969882723,939,True,"('ksi_Gem', 'bright', 106)"
1.4059460218359572,940,True,"('ksi_Gem', 'bright', 106)"
1.395988519494991,941,True,"('ksi_Gem', 'bright', 106)"
1.4642310992162015,942,True,"('ksi_Gem', 'bright', 106)"
1.4317916573064,943,True,"('ksi_Gem', 'bright', 106)"
1.411185232548054,944,True,"('ksi_Gem', 'bright', 106)"
1.4197380470414096,945,True,"('ksi_Gem', 'bright', 106)"
1.3990813026357085,946,True,"('ksi_Gem', 'bright', 106)"
1.4434762427174381,947,True,"('ksi_Gem', 'bright', 106)"
1.393082667065332,948,True,"('ksi_Gem', 'bright', 106)"
1.4501553918565362,949,True,"('ksi_Gem', 'bright', 106)"
1.4403757641894759,950,True,"('ksi_Gem', 'bright', 106)"
1.397159325316039,951,True,"('ksi_Gem', 'bright', 106)"
1.4124710087903716,952,True,"('ksi_Gem', 'bright', 106)"
1.3669786648408568,953,True,"('ksi_Gem', 'bright', 106)"
1.4455536233666122,954,True,"('ksi_Gem', 'bright', 106)"
1.4597216514503146,955,True,"('ksi_Gem', 'bright', 106)"
1.4131133575043893,956,True,"('ksi_Gem', 'bright', 106)"
1.3895868528591502,957,True,"('ksi_Gem', 'bright', 106)"
1.4425907108827078,958,True,"('ksi_Gem', 'bright', 106)"
1.4085313248593554,959,True,"('ksi_Gem', 'bright', 106)"
1.4712708164138586,960,True,"('ksi_Gem', 'bright', 106)"
1.4112152901467667,961,True,"('ksi_Gem', 'bright', 106)"
1.404824205799609,962,True,"('ksi_Gem', 'bright', 106)"
1.4028253492615232,963,True,"('ksi_Gem', 'bright', 106)"
1.397465755108133,964,True,"('ksi_Gem', 'bright', 106)"
1.4473157462330444,965,True,"('ksi_Gem', 'bright', 106)"
1.392319937688692,966,True,"('ksi_Gem', 'bright', 106)"
1.4509038844812552,967,True,"('ksi_Gem', 'bright', 106)"
1.4334909924387647,968,True,"('ksi_Gem', 'bright', 106)"
1.4173998903392062,969,True,"('ksi_Gem', 'bright', 106)"
1.3955819406427912,970,True,"('ksi_Gem', 'bright', 106)"
1.449190367737783,971,True,"('ksi_Gem', 'bright', 106)"
1.4010447810049123,972,True,"('ksi_Gem', 'bright', 106)"
1.4114460651882494,973,True,"('ksi_Gem', 'bright', 106)"
1.413867796489922,974,True,"('ksi_Gem', 'bright', 106)"
1.361512623380052,975,True,"('ksi_Gem', 'bright', 106)"
1.4490281989065408,976,True,"('ksi_Gem', 'bright', 106)"
1.3924205245772765,977,True,"('ksi_Gem', 'bright', 106)"
1.4848659727113465,978,True,"('ksi_Gem', 'bright', 106)"
1.4319408800639244,979,True,"('ksi_Gem', 'bright', 106)"
1.4329144207949414,980,True,"('ksi_Gem', 'bright', 106)"
1.426529000358305,981,True,"('ksi_Gem', 'bright', 106)"
1.4005857019249366,982,True,"('ksi_Gem', 'bright', 106)"
1.446828561958682,983,True,"('ksi_Gem', 'bright', 106)"
1.4529690380894178,984,True,"('ksi_Gem', 'bright', 106)"
1.441990175063063,985,True,"('ksi_Gem', 'bright', 106)"
1.424577106450513,986,True,"('ksi_Gem', 'bright', 106)"
1.429739999503991,987,True,"('ksi_Gem', 'bright', 106)"
1.4041901044693816,988,True,"('ksi_Gem', 'bright', 106)"
1.4073704349431997,989,True,"('ksi_Gem', 'bright', 106)"
1.4550988327148178,990,True,"('ksi_Gem', 'bright', 106)"
1.4207265301387115,991,True,"('ksi_Gem', 'bright', 106)"
1.372975129499949,992,True,"('ksi_Gem', 'bright', 106)"
1.3911748263064854,993,True,"('ksi_Gem', 'bright', 106)"
1.4228519400527617,994,True,"('ksi_Gem', 'bright', 106)"
1.4120573854185956,995,True,"('ksi_Gem', 'bright', 106)"
1.424566710225099,996,True,"('ksi_Gem', 'bright', 106)"
1.4297009242046026,997,True,"('ksi_Gem', 'bright', 106)"
1.3903046095582192,998,True,"('ksi_Gem', 'bright', 106)"
1.4237515143082928,999,True,"('ksi_Gem', 'bright', 106)"
