dict_key,dict_star,dict_sequence,dict_period,index,MJD,TEL_PAIR,VIS2,FLAG,BASELINE,WAVELENGTH,LDD_FIT,LDD_PRED,e_LDD_PRED,u_LLD,C_SCALE,SEQ_ORDER,UDD_FIT,C_SCALE_UDD
"('zet_Tuc', 'bright', 104)",zet_Tuc,bright,104,0,"[58816.03302677 58816.03302677 58816.03302677 58816.03302677
 58816.03302677 58816.03302677 58816.0450588  58816.0450588
 58816.0450588  58816.0450588  58816.0450588  58816.0450588 ]",['1-2' '1-3' '1-4' '2-3' '2-4' '3-4' '1-2' '1-3' '1-4' '2-3' '2-4' '3-4'],"[[0.83049609 0.83926192 0.86389227 0.87156175 0.88267829 0.88756919]
 [0.59952869 0.61519223 0.64737367 0.65676854 0.67397137 0.69242729]
 [0.67292198 0.67558726 0.70665849 0.71872436 0.74638546 0.76415172]
 [0.99139967 0.98210127 0.99506821 0.98760806 0.99637926 1.00769393]
 [0.76244809 0.75880043 0.78292115 0.78509998 0.7918618  0.81459095]
 [0.83177077 0.84363126 0.85629253 0.86457491 0.87484496 0.88295122]
 [0.79822482 0.80649039 0.82872278 0.8369101  0.85357383 0.86168639]
 [0.59620412 0.61022339 0.64014325 0.64723719 0.66725436 0.68588857]
 [0.66619338 0.67859591 0.69782499 0.70322453 0.73912143 0.75555078]
 [0.98867478 0.9647249  0.98464416 0.97685826 1.00847471 1.00115637]
 [0.75997575 0.75749366 0.78135468 0.7905631  0.79352249 0.82549872]
 [0.83543675 0.83856665 0.85097903 0.86903406 0.88360916 0.90439683]]","[[False False False False False False]
 [False False False False False False]
 [False False False False False False]
 [False False False False False False]
 [False False False False False False]
 [False False False False False False]
 [False False False False False False]
 [False False False False False False]
 [False False False False False False]
 [False False False False False False]
 [False False False False False False]
 [False False False False False False]]","[ 87.46379434 129.23484067 116.87399038  53.51304161 101.07541087
  83.05076351  88.1015201  129.17919373 115.12356541  52.80944056
 100.5342036   83.75054687]",[1.533e-06 1.581e-06 1.629e-06 1.677e-06 1.725e-06 1.773e-06],1.192709800095659,,,,[1.06675571],[['zet_Tuc' 'bright' '104']],1.168311699590807,[1.06652174]
"('zet_Tuc', 'bright', 104)",zet_Tuc,bright,104,1,"[58816.03355547 58816.03355547 58816.03355547 58816.03355547
 58816.03355547 58816.03355547 58816.04532377 58816.04532377
 58816.04532377 58816.04532377 58816.04532377 58816.04532377]",['1-2' '1-3' '1-4' '2-3' '2-4' '3-4' '1-2' '1-3' '1-4' '2-3' '2-4' '3-4'],"[[0.84513348 0.85188895 0.8803244  0.88347825 0.89203994 0.89874321]
 [0.62231459 0.63157453 0.66394506 0.67124178 0.68768999 0.70463958]
 [0.68815179 0.69080978 0.71561537 0.73050799 0.75930231 0.77697539]
 [1.0072428  0.99636246 1.01409849 0.9970115  1.01107257 1.01889715]
 [0.7689791  0.77557084 0.79107974 0.79293825 0.79481425 0.82346837]
 [0.8346544  0.84674858 0.8634063  0.87257471 0.87767522 0.88549003]
 [0.80478756 0.80773451 0.83495875 0.83970845 0.85534957 0.86676005]
 [0.61415337 0.62111522 0.65057884 0.65867891 0.67689442 0.69498458]
 [0.6783931  0.6906392  0.70745682 0.71480184 0.74928918 0.76691537]
 [0.99079551 0.97060847 0.99116771 0.97548182 1.00778879 1.00126518]
 [0.75871424 0.76795096 0.78430554 0.79328936 0.79648356 0.82896815]
 [0.84523216 0.84764985 0.85929451 0.87550409 0.88740383 0.91027526]]","[[False False False False False False]
 [False False False False False False]
 [False False False False False False]
 [False False False False False False]
 [False False False False False False]
 [False False False False False False]
 [False False False False False False]
 [False False False False False False]
 [False False False False False False]
 [False False False False False False]
 [False False False False False False]
 [False False False False False False]]","[ 87.49318768 129.23425293 116.7996601   53.48320208 101.05375772
  83.0831771   88.11459518 129.17671654 115.08361696  52.79334487
 100.52109456  83.7648917 ]",[1.533e-06 1.581e-06 1.629e-06 1.677e-06 1.725e-06 1.773e-06],1.1720405923786754,,,,[1.06806035],[['zet_Tuc' 'bright' '104']],1.147728002977582,[1.06783498]
"('zet_Tuc', 'bright', 104)",zet_Tuc,bright,104,2,"[58816.03311506 58816.03311506 58816.03311506 58816.03311506
 58816.03311506 58816.03311506 58816.04470527 58816.04470527
 58816.04470527 58816.04470527 58816.04470527 58816.04470527]",['1-2' '1-3' '1-4' '2-3' '2-4' '3-4' '1-2' '1-3' '1-4' '2-3' '2-4' '3-4'],"[[0.83785841 0.84350313 0.87253245 0.87788338 0.88889125 0.89276984]
 [0.60714035 0.62189563 0.6535937  0.66145284 0.67746701 0.69640978]
 [0.67722095 0.67875049 0.70904586 0.72297878 0.75027432 0.7699    ]
 [0.99407625 0.99270108 1.00322813 0.99354531 1.00151959 1.01308474]
 [0.78445428 0.77265752 0.78899326 0.79357925 0.79564499 0.81673172]
 [0.83768403 0.84873828 0.86094655 0.87011985 0.87792441 0.88446482]
 [0.80808449 0.81499544 0.83984645 0.84361873 0.86143765 0.87122001]
 [0.6026323  0.61146365 0.64336991 0.64974069 0.66966822 0.68976302]
 [0.66642022 0.67605247 0.70134962 0.70983037 0.7424764  0.76265892]
 [0.98419927 0.96867594 0.98533298 0.97936392 1.00917026 1.00691889]
 [0.78215725 0.76921598 0.78745552 0.80103883 0.7952068  0.82957056]
 [0.82835361 0.83440075 0.85291661 0.86914909 0.88734506 0.90281808]]","[[False False False False False False]
 [False False False False False False]
 [False False False False False False]
 [False False False False False False]
 [False False False False False False]
 [False False False False False False]
 [False False False False False False]
 [False False False False False False]
 [False False False False False False]
 [False False False False False False]
 [False False False False False False]
 [False False False False False False]]","[ 87.4684771  129.23439728 116.86134807  53.50794168 101.07167398
  83.05604418  88.08378557 129.18203121 115.17643717  52.83071443
 100.55144834  83.73121115]",[1.533e-06 1.581e-06 1.629e-06 1.677e-06 1.725e-06 1.773e-06],1.1946507525817385,,,,[1.07146569],[['zet_Tuc' 'bright' '104']],1.1654058199162662,[1.07119466]
"('bet_Hyi', 'faint', 106)",bet_Hyi,faint,106,0,"[59468.1734627  59468.1734627  59468.1734627  59468.1734627
 59468.1734627  59468.1734627  59468.18351894 59468.18351894
 59468.18351894 59468.18351894 59468.18351894 59468.18351894]",['1-2' '1-3' '1-4' '2-3' '2-4' '3-4' '1-2' '1-3' '1-4' '2-3' '2-4' '3-4'],"[[0.39879119 0.42183593 0.45496355 0.47871265 0.50580903 0.52508359]
 [0.06750197 0.08139078 0.10058161 0.1183431  0.13771785 0.15587406]
 [0.11896446 0.13575508 0.15653719 0.17589689 0.20244833 0.22261235]
 [0.75647378 0.74615022 0.77543047 0.78415782 0.81816094 0.82394334]
 [0.37568673 0.40050739 0.43468691 0.45995187 0.47769218 0.50390348]
 [0.58673554 0.60629027 0.62624903 0.64831791 0.67402422 0.69373029]
 [0.39026672 0.41586601 0.44580642 0.46956248 0.49801834 0.52031819]
 [0.06596743 0.07929929 0.09800382 0.11519423 0.13391153 0.15229768]
 [0.12380441 0.14347249 0.16323101 0.18283396 0.20898743 0.22979571]
 [0.73561152 0.72311523 0.75755132 0.7583162  0.79479504 0.79984257]
 [0.37770643 0.4044037  0.44170645 0.4644217  0.47958731 0.50428722]
 [0.57661328 0.59806159 0.6158571  0.63675855 0.66233028 0.68986056]]","[[False False False False False False]
 [False False False False False False]
 [False False False False False False]
 [False False False False False False]
 [False False False False False False]
 [False False False False False False]
 [False False False False False False]
 [False False False False False False]
 [False False False False False False]
 [False False False False False False]
 [False False False False False False]
 [False False False False False False]]","[ 81.57133376 128.14309362 115.24447352  53.72749893  81.39224183
  63.96153885  82.10943967 128.35248064 114.65691144  53.49739306
  81.53438645  64.79155425]",[1.533e-06 1.581e-06 1.629e-06 1.677e-06 1.725e-06 1.773e-06],2.378641385463162,,,,[1.03278846],[['bet_Hyi' 'faint' '106']],2.3123463787068004,[1.02686684]
"('bet_Hyi', 'faint', 106)",bet_Hyi,faint,106,1,"[59468.17328467 59468.17328467 59468.17328467 59468.17328467
 59468.17328467 59468.17328467 59468.183432   59468.183432
 59468.183432   59468.183432   59468.183432   59468.183432  ]",['1-2' '1-3' '1-4' '2-3' '2-4' '3-4' '1-2' '1-3' '1-4' '2-3' '2-4' '3-4'],"[[0.40286196 0.4232809  0.45470209 0.47447969 0.50168464 0.52016042]
 [0.06912739 0.08309842 0.10300778 0.12069733 0.14031277 0.15843443]
 [0.1254388  0.14054167 0.16143233 0.18111115 0.20803249 0.22608208]
 [0.74542398 0.7354435  0.77284472 0.77605232 0.80811913 0.81805534]
 [0.38472294 0.41302335 0.44523224 0.46482313 0.47971409 0.50275809]
 [0.59451234 0.61485322 0.63815102 0.6591708  0.68076454 0.69434303]
 [0.39516494 0.41921565 0.44855929 0.46934644 0.49877139 0.52048245]
 [0.06777028 0.08177246 0.10070739 0.11834442 0.13750763 0.1555954 ]
 [0.12793625 0.14638491 0.16742743 0.18777514 0.21506947 0.23486748]
 [0.72752387 0.72154839 0.75664487 0.76096402 0.79268942 0.8017316 ]
 [0.39273926 0.42424124 0.45425948 0.47069177 0.48512761 0.50813004]
 [0.56412988 0.58874175 0.61457335 0.64144181 0.6685759  0.6928124 ]]","[[False False False False False False]
 [False False False False False False]
 [False False False False False False]
 [False False False False False False]
 [False False False False False False]
 [False False False False False False]
 [False False False False False False]
 [False False False False False False]
 [False False False False False False]
 [False False False False False False]
 [False False False False False False]
 [False False False False False False]]","[ 81.56071334 128.13786842 115.25355994  53.73096844  81.38854209
  63.94569701  82.10418204 128.34977998 114.66152389  53.49912566
  81.53301475  64.78411463]",[1.533e-06 1.581e-06 1.629e-06 1.677e-06 1.725e-06 1.773e-06],2.366421354252444,,,,[1.03335103],[['bet_Hyi' 'faint' '106']],2.2996635267795265,[1.02749761]
"('bet_Hyi', 'faint', 106)",bet_Hyi,faint,106,2,"[59468.17328554 59468.17328554 59468.17328554 59468.17328554
 59468.17328554 59468.17328554 59468.18378307 59468.18378307
 59468.18378307 59468.18378307 59468.18378307 59468.18378307]",['1-2' '1-3' '1-4' '2-3' '2-4' '3-4' '1-2' '1-3' '1-4' '2-3' '2-4' '3-4'],"[[0.39463252 0.41326909 0.44492911 0.46977237 0.49733928 0.51807649]
 [0.06609928 0.07984444 0.09900493 0.11608329 0.13537212 0.15298681]
 [0.11680222 0.13305149 0.15345452 0.17390771 0.20013842 0.22144122]
 [0.74395297 0.73918195 0.77971492 0.78419879 0.81568586 0.82113123]
 [0.37011812 0.39639499 0.42478299 0.45754988 0.47676096 0.50218434]
 [0.57845365 0.59613163 0.61924693 0.64376859 0.66993477 0.68828348]
 [0.39089508 0.41084502 0.43988585 0.46463363 0.49323797 0.51694405]
 [0.06496397 0.07857541 0.09715093 0.11385193 0.13272185 0.15070064]
 [0.12172478 0.14088882 0.16122432 0.18155191 0.20773189 0.22949663]
 [0.72809569 0.72302631 0.76309337 0.76308389 0.79602556 0.7995081 ]
 [0.37925321 0.40771649 0.43541671 0.46445196 0.47929047 0.50371312]
 [0.56467033 0.58489072 0.60611844 0.63065877 0.65867167 0.68719847]]","[[False False False False False False]
 [False False False False False False]
 [False False False False False False]
 [False False False False False False]
 [False False False False False False]
 [False False False False False False]
 [False False False False False False]
 [False False False False False False]
 [False False False False False False]
 [False False False False False False]
 [False False False False False False]
 [False False False False False False]]","[ 81.56135089 128.13871691 115.25405573  53.73122166  81.38892485
  63.94620871  82.12332962 128.35764783 114.64076023  53.49107232
  81.53721763  64.81269525]",[1.533e-06 1.581e-06 1.629e-06 1.677e-06 1.725e-06 1.773e-06],2.370047883252945,,,,[1.02850248],[['bet_Hyi' 'faint' '106']],2.3109986512449368,[1.02338968]
"('HD141004', 'faint', 105)",HD141004,faint,105,0,"[59671.31738574 59671.31738574 59671.31738574 59671.31738574
 59671.31738574 59671.31738574 59671.336886   59671.336886
 59671.336886   59671.336886   59671.336886   59671.336886  ]",['1-2' '1-3' '1-4' '2-3' '2-4' '3-4' '1-2' '1-3' '1-4' '2-3' '2-4' '3-4'],"[[0.85214063 0.8634964  0.88124322 0.89849795 0.90804777 0.91430988]
 [0.66837441 0.67707509 0.70433617 0.71281798 0.73001806 0.74586223]
 [0.70272034 0.72734237 0.73702934 0.7592938  0.77933855 0.79558773]
 [1.00172793 0.99595392 0.99567728 0.98873508 1.01632715 1.0018496 ]
 [0.7415552  0.75949567 0.78315646 0.78752206 0.79907191 0.81684798]
 [0.81791932 0.83365711 0.8443873  0.86558032 0.87070765 0.87729602]
 [0.84546688 0.85621846 0.87729832 0.89073767 0.90303418 0.91467659]
 [0.66008089 0.67288134 0.69856065 0.70832126 0.72293662 0.73810595]
 [0.67829797 0.69644764 0.71183454 0.73511704 0.75915634 0.78299005]
 [0.98993303 0.97319442 0.97835637 0.97169323 1.00483847 0.99354748]
 [0.74629325 0.76689272 0.78240035 0.79497707 0.80073945 0.82434633]
 [0.8225582  0.83821769 0.84741795 0.86563698 0.86799161 0.87758188]]","[[False False False False False False]
 [False False False False False False]
 [False False False False False False]
 [False False False False False False]
 [False False False False False False]
 [False False False False False False]
 [False False False False False False]
 [False False False False False False]
 [False False False False False False]
 [False False False False False False]
 [False False False False False False]
 [False False False False False False]]","[ 88.72095944 129.22559757 121.64036083  54.87653728 112.24760205
  90.75656828  86.14885261 128.46081149 126.03355576  56.61316284
 113.3840132   88.400499  ]",[1.533e-06 1.581e-06 1.629e-06 1.677e-06 1.725e-06 1.773e-06],1.068645016810823,,,,[1.05574454],[['HD141004' 'faint' '105']],1.0455488342751142,[1.05558043]
"('HD141004', 'faint', 105)",HD141004,faint,105,1,"[59671.31712118 59671.31712118 59671.31712118 59671.31712118
 59671.31712118 59671.31712118 59671.33697422 59671.33697422
 59671.33697422 59671.33697422 59671.33697422 59671.33697422]",['1-2' '1-3' '1-4' '2-3' '2-4' '3-4' '1-2' '1-3' '1-4' '2-3' '2-4' '3-4'],"[[0.8587949  0.86646837 0.87968096 0.89955737 0.90770517 0.91415723]
 [0.67561461 0.68351916 0.70589187 0.71595269 0.73481422 0.74714527]
 [0.70446552 0.7317365  0.74419193 0.77169945 0.78706403 0.80386854]
 [1.00049686 0.99333404 0.99048347 0.98483803 1.01644879 0.99725564]
 [0.74789531 0.77201788 0.78111904 0.78816129 0.79680061 0.81907003]
 [0.82545516 0.84051894 0.85026294 0.8686965  0.87173086 0.8777859 ]
 [0.85139029 0.86598896 0.88675687 0.90321795 0.91323971 0.92020262]
 [0.67519792 0.68706803 0.70745603 0.71783402 0.73441017 0.74853526]
 [0.68480826 0.70427158 0.7227114  0.73982705 0.76588147 0.78892265]
 [0.99800352 0.98613402 0.99071842 0.98356538 1.01769179 1.00104183]
 [0.75096387 0.77156115 0.79326301 0.80105279 0.80777922 0.83068245]
 [0.83068012 0.84627767 0.85156496 0.86967211 0.87047158 0.88434259]]","[[False False False False False False]
 [False False False False False False]
 [False False False False False False]
 [False False False False False False]
 [False False False False False False]
 [False False False False False False]
 [False False False False False False]
 [False False False False False False]
 [False False False False False False]
 [False False False False False False]
 [False False False False False False]
 [False False False False False False]]","[ 88.74828544 129.22271194 121.57314521  54.84861199 112.23535358
  90.78945919  86.13435562 128.45235188 126.05054637  56.61938421
 113.39017359  88.3901812 ]",[1.533e-06 1.581e-06 1.629e-06 1.677e-06 1.725e-06 1.773e-06],1.0596423223268843,,,,[1.05860764],[['HD141004' 'faint' '105']],1.0361002122599832,[1.05844289]
"('HD141004', 'faint', 105)",HD141004,faint,105,2,"[59671.31703296 59671.31703296 59671.31703296 59671.31703296
 59671.31703296 59671.31703296 59671.3373274  59671.3373274
 59671.3373274  59671.3373274  59671.3373274  59671.3373274 ]",['1-2' '1-3' '1-4' '2-3' '2-4' '3-4' '1-2' '1-3' '1-4' '2-3' '2-4' '3-4'],"[[0.86004177 0.8692348  0.88515898 0.90195785 0.90972939 0.91932165]
 [0.67227261 0.68511596 0.70895271 0.71616385 0.73414121 0.75040005]
 [0.69709863 0.71922912 0.74070671 0.76611205 0.7897656  0.80289593]
 [1.00052372 0.99589611 0.99205866 0.98515113 1.0182477  0.99960702]
 [0.73692238 0.76568849 0.78102821 0.78999258 0.79986745 0.81274885]
 [0.81925158 0.83485536 0.84521595 0.86633068 0.87338265 0.87842719]
 [0.85273052 0.86485443 0.88712972 0.89889741 0.91167616 0.92246946]
 [0.66641523 0.68295738 0.70569087 0.71404423 0.73249887 0.74558825]
 [0.67838197 0.69687426 0.71855705 0.73977931 0.76615729 0.7882342 ]
 [0.99291632 0.9835596  0.98550394 0.97809708 1.01024141 0.99956276]
 [0.74681258 0.77516076 0.78387238 0.79736903 0.80159344 0.82112831]
 [0.82763073 0.84086814 0.84959577 0.86875945 0.87327136 0.88436637]]","[[False False False False False False]
 [False False False False False False]
 [False False False False False False]
 [False False False False False False]
 [False False False False False False]
 [False False False False False False]
 [False False False False False False]
 [False False False False False False]
 [False False False False False False]
 [False False False False False False]
 [False False False False False False]
 [False False False False False False]]","[ 88.75735492 129.22226188 121.5517749   54.83977347 112.23140725
  90.80008339  86.07720157 128.42090005 126.12103649  56.64550773
 113.4151334   88.3485349 ]",[1.533e-06 1.581e-06 1.629e-06 1.677e-06 1.725e-06 1.773e-06],1.0616758661295893,,,,[1.05950546],[['HD141004' 'faint' '105']],1.0433591386838714,[1.05937321]
"('HR_2998', 'faint', 104)",HR_2998,faint,104,0,"[58812.19123381 58812.19123381 58812.19123381 58812.19123381
 58812.19123381 58812.19123381 58812.22224476 58812.22224476
 58812.22224476 58812.22224476 58812.22224476 58812.22224476]",['1-2' '1-3' '1-4' '2-3' '2-4' '3-4' '1-2' '1-3' '1-4' '2-3' '2-4' '3-4'],"[[0.97341879 0.97525795 0.97748778 0.97275399 0.98440119 0.98241671]
 [0.82932831 0.85104608 0.85380319 0.84861241 0.85349065 0.8588883 ]
 [0.78010502 0.78714338 0.80433559 0.80797645 0.82540388 0.84554986]
 [1.03035771 1.01892272 1.00526084 1.02332494 1.03662198 1.03190977]
 [0.92303188 0.92014503 0.92712341 0.9290678  0.93225508 0.94552588]
 [1.00286466 1.00393135 1.00802016 1.00720076 1.00573655 1.03533733]
 [0.96453525 0.95489148 0.97449987 0.96841473 0.97706333 0.97807684]
 [0.78877008 0.79091523 0.80195283 0.80023618 0.80770747 0.8121575 ]
 [0.75113344 0.76776945 0.78466673 0.78542622 0.8128422  0.81741183]
 [1.03368245 1.02407039 1.02287158 1.03656052 1.05212697 1.03386628]
 [0.90679081 0.89846077 0.92217409 0.91639727 0.91642235 0.92391876]
 [0.9904893  0.9921876  1.00143017 1.00174555 1.00519709 1.01266444]]","[[False False False False False False]
 [False False False False False False]
 [False False False False False False]
 [False False False False False False]
 [False False False False False False]
 [False False False False False False]
 [False False False False False False]
 [False False False False False False]
 [False False False False False False]
 [False False False False False False]
 [False False False False False False]
 [False False False False False False]]","[ 63.19005826 104.37373383 118.19080778  57.09709709  89.10521072
  40.38699743  71.40450876 112.24761487 121.6626894   57.6125976
  89.07094322  42.12318658]",[1.533e-06 1.581e-06 1.629e-06 1.677e-06 1.725e-06 1.773e-06],0.9896337948447858,,,,[1.06511294],[['HR_2998' 'faint' '104']],0.9644716943767966,[1.06504556]
"('HR_2998', 'faint', 104)",HR_2998,faint,104,1,"[58812.1916743  58812.1916743  58812.1916743  58812.1916743
 58812.1916743  58812.1916743  58812.22215669 58812.22215669
 58812.22215669 58812.22215669 58812.22215669 58812.22215669]",['1-2' '1-3' '1-4' '2-3' '2-4' '3-4' '1-2' '1-3' '1-4' '2-3' '2-4' '3-4'],"[[0.96878436 0.9804227  0.98273726 0.97684187 0.98809689 0.9862552 ]
 [0.83668502 0.856622   0.85758349 0.85723737 0.86446577 0.86679053]
 [0.7862843  0.80020959 0.81667833 0.82075003 0.83649892 0.85806688]
 [1.02449164 1.02497577 1.01475743 1.02220655 1.02740268 1.04328456]
 [0.93564946 0.93125034 0.93259663 0.93789078 0.94174284 0.94938107]
 [1.01061369 1.00566557 1.01354921 1.01344995 1.01172945 1.04517854]
 [0.96985697 0.96270589 0.98076882 0.97801179 0.98813677 0.98976535]
 [0.81418888 0.81357831 0.81671106 0.81523577 0.82108853 0.82483916]
 [0.77278007 0.78706483 0.80409892 0.80157537 0.82805542 0.83374141]
 [1.04997154 1.03247778 1.0324169  1.04394227 1.05350117 1.04285425]
 [0.92639966 0.91096445 0.9367545  0.92983814 0.92986278 0.9326375 ]
 [0.9957736  0.99870729 1.00431297 1.00602377 1.00700659 1.01662619]]","[[False False False False False False]
 [False False False False False False]
 [False False False False False False]
 [False False False False False False]
 [False False False False False False]
 [False False False False False False]
 [False False False False False False]
 [False False False False False False]
 [False False False False False False]
 [False False False False False False]
 [False False False False False False]
 [False False False False False False]]","[ 63.31385117 104.48642304 118.23782538  57.10374163  89.10634453
  40.4144294   71.38277816 112.22588075 121.65271219  57.61109164
  89.07137282  42.11879252]",[1.533e-06 1.581e-06 1.629e-06 1.677e-06 1.725e-06 1.773e-06],0.958282293938866,,,,[1.06712134],[['HR_2998' 'faint' '104']],0.9369496482477068,[1.06706832]
"('HR_2998', 'faint', 104)",HR_2998,faint,104,2,"[58812.19176264 58812.19176264 58812.19176264 58812.19176264
 58812.19176264 58812.19176264 58812.2224215  58812.2224215
 58812.2224215  58812.2224215  58812.2224215  58812.2224215 ]",['1-2' '1-3' '1-4' '2-3' '2-4' '3-4' '1-2' '1-3' '1-4' '2-3' '2-4' '3-4'],"[[0.96887701 0.9775291  0.98203999 0.97965718 0.99403018 0.99203419]
 [0.85652047 0.86548139 0.86342754 0.86191302 0.86688911 0.86821755]
 [0.79641917 0.80297102 0.82010686 0.82494237 0.83947007 0.86496056]
 [0.99467714 1.03224236 1.02712127 1.03056372 1.03814    1.03998733]
 [0.94032288 0.92979511 0.94286571 0.94481902 0.94579108 0.95871957]
 [1.01097139 1.00898351 1.01546506 1.01406308 1.01050813 1.04071405]
 [0.95621605 0.95204976 0.97086056 0.97325769 0.98638816 0.98482202]
 [0.80316986 0.80167512 0.80892018 0.81167142 0.81982101 0.82052586]
 [0.7674455  0.77957296 0.79433133 0.799723   0.82099179 0.83130945]
 [1.01989832 1.02908298 1.03219743 1.04080546 1.05425462 1.04349452]
 [0.92191199 0.89944124 0.92730197 0.92754878 0.92409111 0.93311071]
 [0.99505105 0.99947969 1.00144198 1.00012162 1.00540143 1.01196695]]","[[False False False False False False]
 [False False False False False False]
 [False False False False False False]
 [False False False False False False]
 [False False False False False False]
 [False False False False False False]
 [False False False False False False]
 [False False False False False False]
 [False False False False False False]
 [False False False False False False]
 [False False False False False False]
 [False False False False False False]]","[ 63.33910805 104.50943976 118.24744023  57.1051022   89.10656998
  40.42002085  71.44778204 112.29081781 121.68242114  57.61552523
  89.06999802  42.13193382]",[1.533e-06 1.581e-06 1.629e-06 1.677e-06 1.725e-06 1.773e-06],0.9543094891614541,,,,[1.06477778],[['HR_2998' 'faint' '104']],0.9343330382192891,[1.06472901]
"('HR_2998', 'bright', 104)",HR_2998,bright,104,0,"[58813.20716853 58813.20716853 58813.20716853 58813.20716853
 58813.20716853 58813.20716853 58813.22618067 58813.22618067
 58813.22618067 58813.22618067 58813.22618067 58813.22618067]",['1-2' '1-3' '1-4' '2-3' '2-4' '3-4' '1-2' '1-3' '1-4' '2-3' '2-4' '3-4'],"[[0.96825224 0.96853508 0.98547713 0.98395009 1.00339902 1.00663427]
 [0.81829651 0.81064811 0.83060509 0.83561527 0.84094067 0.85499201]
 [0.69675598 0.69956347 0.72208869 0.73314408 0.76054596 0.79117594]
 [1.0226549  1.01534467 1.02736035 1.03213306 1.041505   1.05329395]
 [0.73381541 0.73531954 0.75801241 0.77001478 0.77528855 0.80152267]
 [0.86746249 0.87368062 0.91189784 0.91123755 0.92511688 0.94396113]
 [0.95554773 0.94859876 0.9555931  0.95874501 0.98007909 0.98598321]
 [0.78655216 0.78319842 0.79495582 0.79743215 0.81013574 0.82636766]
 [0.69482875 0.70647964 0.72373813 0.73168748 0.76414309 0.78451171]
 [1.0106877  0.9891846  1.00863253 1.00049802 1.02669656 1.02819424]
 [0.74496207 0.74906586 0.77991397 0.77710549 0.78919167 0.80311175]
 [0.88056445 0.88201743 0.9051113  0.91097069 0.92935801 0.95264268]]","[[False False False False False False]
 [False False False False False False]
 [False False False False False False]
 [False False False False False False]
 [False False False False False False]
 [False False False False False False]
 [False False False False False False]
 [False False False False False False]
 [False False False False False False]
 [False False False False False False]
 [False False False False False False]
 [False False False False False False]]","[ 68.2646636  109.15953883 132.16760435  57.40610622 122.0862468
  84.21187235  73.01808734 113.87482506 132.34197916  57.72674491
 123.03646243  87.26190221]",[1.533e-06 1.581e-06 1.629e-06 1.677e-06 1.725e-06 1.773e-06],1.0421339191338768,,,,[1.08563191],[['HR_2998' 'bright' '104']],1.0153518161234665,[1.08545475]
"('HR_2998', 'bright', 104)",HR_2998,bright,104,1,"[58813.20699231 58813.20699231 58813.20699231 58813.20699231
 58813.20699231 58813.20699231 58813.22582776 58813.22582776
 58813.22582776 58813.22582776 58813.22582776 58813.22582776]",['1-2' '1-3' '1-4' '2-3' '2-4' '3-4' '1-2' '1-3' '1-4' '2-3' '2-4' '3-4'],"[[0.966729   0.97037269 0.98468836 0.98385511 0.99989794 1.00348059]
 [0.8209537  0.81372952 0.8305352  0.83531382 0.84127067 0.85439894]
 [0.70659651 0.71139289 0.73270743 0.74379564 0.77056773 0.80384884]
 [1.02203291 1.01306753 1.02452779 1.03252566 1.03823719 1.0489684 ]
 [0.74238455 0.75116432 0.77555514 0.78762437 0.79434294 0.81765454]
 [0.88156889 0.88673777 0.91695178 0.91966668 0.9346483  0.95721   ]
 [0.95988116 0.94843913 0.96429885 0.96722607 0.97800516 0.99202931]
 [0.80185121 0.78991817 0.80191369 0.80315012 0.81604806 0.83606786]
 [0.700615   0.70988758 0.73437497 0.74006243 0.76591862 0.79346655]
 [1.01509466 1.00366191 1.01943174 1.01338782 1.03794558 1.03728656]
 [0.74521155 0.75715126 0.78178926 0.78930848 0.79897768 0.81540842]
 [0.88544428 0.8875894  0.90752098 0.91787809 0.93569002 0.96313095]]","[[False False False False False False]
 [False False False False False False]
 [False False False False False False]
 [False False False False False False]
 [False False False False False False]
 [False False False False False False]
 [False False False False False False]
 [False False False False False False]
 [False False False False False False]
 [False False False False False False]
 [False False False False False False]
 [False False False False False False]]","[ 68.21855628 109.11479391 132.16577902  57.40310145 122.07623169
  84.18183925  72.93264298 113.78839202 132.33911524  57.72081058
 123.02076914  87.20780602]",[1.533e-06 1.581e-06 1.629e-06 1.677e-06 1.725e-06 1.773e-06],1.0243002142932724,,,,[1.08487069],[['HR_2998' 'bright' '104']],1.001228715458046,[1.0847152]
"('HR_2998', 'bright', 104)",HR_2998,bright,104,2,"[58813.20725692 58813.20725692 58813.20725692 58813.20725692
 58813.20725692 58813.20725692 58813.22556293 58813.22556293
 58813.22556293 58813.22556293 58813.22556293 58813.22556293]",['1-2' '1-3' '1-4' '2-3' '2-4' '3-4' '1-2' '1-3' '1-4' '2-3' '2-4' '3-4'],"[[0.96533924 0.9669542  0.98719585 0.98609236 1.00708545 1.00945001]
 [0.81332756 0.81583132 0.83331865 0.83786294 0.84417158 0.85872758]
 [0.7024126  0.70686779 0.72953388 0.74547158 0.77119192 0.79870599]
 [1.03010765 1.02292324 1.03055621 1.03968664 1.04696398 1.05418791]
 [0.74360341 0.75265507 0.7770417  0.78778398 0.79195663 0.81719067]
 [0.88026054 0.88697582 0.92662869 0.91964163 0.93332327 0.95630568]
 [0.95651442 0.94901388 0.96146373 0.96440196 0.98282171 0.99155444]
 [0.78470661 0.78208936 0.79821649 0.80080232 0.81594819 0.83342107]
 [0.69475553 0.70191259 0.72603773 0.73456686 0.76184084 0.7867557 ]
 [1.02199736 0.99717614 1.01418779 1.0058572  1.03228305 1.03320774]
 [0.7462945  0.75559587 0.78525263 0.78588356 0.79304228 0.81044344]
 [0.8797714  0.88321871 0.90892725 0.91156137 0.92965878 0.95295013]]","[[False False False False False False]
 [False False False False False False]
 [False False False False False False]
 [False False False False False False]
 [False False False False False False]
 [False False False False False False]
 [False False False False False False]
 [False False False False False False]
 [False False False False False False]
 [False False False False False False]
 [False False False False False False]
 [False False False False False False]]","[ 68.2874075  109.18144418 132.16820293  57.40745237 122.0910784
  84.22673032  72.87029966 113.7253918  132.33707053  57.71650756
 123.00930647  87.16831354]",[1.533e-06 1.581e-06 1.629e-06 1.677e-06 1.725e-06 1.773e-06],1.0336759115144614,,,,[1.08828792],[['HR_2998' 'bright' '104']],1.0117673882583305,[1.08813912]
"('bet_Hyi', 'bright', 106)",bet_Hyi,bright,106,0,"[59462.25986948 59462.25986948 59462.25986948 59462.25986948
 59462.25986948 59462.25986948 59462.27001001 59462.27001001
 59462.27001001 59462.27001001 59462.27001001 59462.27001001]",['1-2' '1-3' '1-4' '2-3' '2-4' '3-4' '1-2' '1-3' '1-4' '2-3' '2-4' '3-4'],"[[0.38517199 0.41378828 0.44004096 0.46154961 0.48458086 0.50097178]
 [0.06998038 0.08510617 0.10335487 0.12194772 0.14089213 0.15929415]
 [0.18133297 0.199261   0.21740007 0.24111502 0.26479434 0.28771083]
 [0.75708523 0.77172717 0.78909865 0.80075992 0.84005086 0.83888939]
 [0.39986506 0.42918477 0.46167377 0.47824909 0.48739171 0.50588601]
 [0.5293458  0.5672093  0.59655267 0.61930105 0.63782347 0.64980367]
 [0.38714461 0.41324297 0.44277203 0.46557082 0.4894495  0.50520783]
 [0.07242815 0.08816391 0.10650271 0.12530729 0.14478908 0.16281823]
 [0.18937947 0.20812823 0.2279295  0.25244459 0.27550862 0.29946239]
 [0.7660446  0.77437446 0.79050483 0.805828   0.84727289 0.83976846]
 [0.41506612 0.44937907 0.47836965 0.49528522 0.50479182 0.52663172]
 [0.54356883 0.5756862  0.60515827 0.6256204  0.64017394 0.65259201]]","[[False False False False False False]
 [False False False False False False]
 [False False False False False False]
 [False False False False False False]
 [False False False False False False]
 [False False False False False False]
 [False False False False False False]
 [False False False False False False]
 [False False False False False False]
 [False False False False False False]
 [False False False False False False]
 [False False False False False False]]","[ 84.95974601 129.15659838 110.14922367  51.74671126  81.05157729
  68.76632031  85.36732685 129.20693217 109.22242485  51.38866541
  80.74482469  69.26884625]",[1.533e-06 1.581e-06 1.629e-06 1.677e-06 1.725e-06 1.773e-06],2.326015376319089,,,,[1.0533476],[['bet_Hyi' 'bright' '106']],2.262096405812641,[1.0484881]
"('bet_Hyi', 'bright', 106)",bet_Hyi,bright,106,1,"[59462.25986898 59462.25986898 59462.25986898 59462.25986898
 59462.25986898 59462.25986898 59462.26957116 59462.26957116
 59462.26957116 59462.26957116 59462.26957116 59462.26957116]",['1-2' '1-3' '1-4' '2-3' '2-4' '3-4' '1-2' '1-3' '1-4' '2-3' '2-4' '3-4'],"[[0.39762024 0.42726219 0.45173133 0.4722186  0.49609088 0.51368449]
 [0.07686738 0.09275366 0.11302279 0.1322698  0.15178705 0.1710114 ]
 [0.18988298 0.20777758 0.22849512 0.25200498 0.27853954 0.30012766]
 [0.76217947 0.77464587 0.79770702 0.80635961 0.83565506 0.84605852]
 [0.43511051 0.45800919 0.49491505 0.50822165 0.51685098 0.5368256 ]
 [0.54563316 0.57915823 0.60967239 0.62763049 0.64447848 0.65746764]
 [0.40061422 0.42602668 0.45136802 0.47165662 0.49526531 0.5121323 ]
 [0.07915348 0.09530618 0.11542563 0.13494001 0.15465695 0.17353553]
 [0.19808728 0.21623125 0.23779474 0.26171779 0.28772773 0.31120893]
 [0.76236798 0.77192525 0.79388533 0.80639654 0.83488644 0.84248835]
 [0.43941027 0.46856123 0.50517411 0.5249695  0.53338674 0.55491081]
 [0.5351713  0.56895627 0.60772798 0.63192733 0.64934757 0.66230471]]","[[False False False False False False]
 [False False False False False False]
 [False False False False False False]
 [False False False False False False]
 [False False False False False False]
 [False False False False False False]
 [False False False False False False]
 [False False False False False False]
 [False False False False False False]
 [False False False False False False]
 [False False False False False False]
 [False False False False False False]]","[ 84.95984863 129.15679274 110.14943043  51.74680678  81.05167747
  68.76636906  85.35040317 129.20567258 109.26383397  51.40468108
  80.75963401  69.24825507]",[1.533e-06 1.581e-06 1.629e-06 1.677e-06 1.725e-06 1.773e-06],2.2960407751011584,,,,[1.05557495],[['bet_Hyi' 'bright' '106']],2.2328223667661016,[1.05155036]
"('bet_Hyi', 'bright', 106)",bet_Hyi,bright,106,2,"[59462.25960423 59462.25960423 59462.25960423 59462.25960423
 59462.25960423 59462.25960423 59462.26983468 59462.26983468
 59462.26983468 59462.26983468 59462.26983468 59462.26983468]",['1-2' '1-3' '1-4' '2-3' '2-4' '3-4' '1-2' '1-3' '1-4' '2-3' '2-4' '3-4'],"[[0.39285508 0.42082847 0.44599307 0.46544864 0.48784024 0.50450766]
 [0.07455259 0.08991054 0.10966807 0.12854678 0.1477036  0.16663195]
 [0.18331273 0.20201445 0.22275327 0.24624219 0.27189873 0.29333407]
 [0.75220074 0.76592149 0.7885632  0.7972693  0.82586803 0.83536127]
 [0.42133149 0.4503231  0.49112458 0.5031999  0.51122624 0.53079592]
 [0.53629217 0.57184025 0.60037803 0.61813274 0.63583006 0.64608865]
 [0.3953836  0.41973926 0.4464844  0.4678835  0.49006212 0.50613075]
 [0.07743315 0.09341454 0.11291757 0.13234977 0.15201656 0.17016465]
 [0.19240535 0.21163922 0.23332226 0.25757245 0.28305542 0.30639057]
 [0.75978159 0.77050493 0.79105769 0.8044467  0.83298373 0.83900858]
 [0.43547386 0.46947627 0.50681112 0.52081287 0.52735718 0.54782345]
 [0.53729716 0.57074982 0.60423325 0.626425   0.64236019 0.65359969]]","[[False False False False False False]
 [False False False False False False]
 [False False False False False False]
 [False False False False False False]
 [False False False False False False]
 [False False False False False False]
 [False False False False False False]
 [False False False False False False]
 [False False False False False False]
 [False False False False False False]
 [False False False False False False]
 [False False False False False False]]","[ 84.94906789 129.15548533 110.17341431  51.75610835  81.05900335
  68.75265769  85.36046143 129.20627555 109.23887429  51.39501488
  80.75069545  69.26055776]",[1.533e-06 1.581e-06 1.629e-06 1.677e-06 1.725e-06 1.773e-06],2.2987460004033458,,,,[1.05056944],[['bet_Hyi' 'bright' '106']],2.2430200951777177,[1.04712223]
"('psi_Vel', 'faint', 106)",psi_Vel,faint,106,0,"[59278.15889467 59278.15889467 59278.15889467 59278.15889467
 59278.15889467 59278.15889467 59278.16855525 59278.16855525
 59278.16855525 59278.16855525 59278.16855525 59278.16855525]",['1-2' '1-3' '1-4' '2-3' '2-4' '3-4' '1-2' '1-3' '1-4' '2-3' '2-4' '3-4'],"[[0.83170539 0.84359898 0.8607715  0.87295634 0.87944962 0.885747  ]
 [0.67777236 0.6901911  0.71572185 0.73024142 0.74777105 0.76979475]
 [0.71654245 0.72606763 0.73933061 0.76597634 0.77960742 0.77111763]
 [0.96043845 0.95598894 0.9634378  0.97248701 0.9654159  0.98601131]
 [0.68912363 0.73176395 0.7371869  0.73922507 0.76210046 0.76377873]
 [0.78213997 0.80656693 0.80485469 0.82808222 0.82818583 0.85206398]
 [0.82720321 0.83167001 0.85234996 0.86644595 0.87403202 0.88463482]
 [0.68972632 0.69305496 0.71695131 0.72999718 0.74701395 0.7713592 ]
 [0.72927148 0.73447633 0.74851167 0.76217098 0.78194701 0.78559407]
 [0.9538046  0.94513561 0.96313111 0.9626639  0.97145307 0.98372787]
 [0.70077918 0.73166801 0.74906737 0.74951713 0.76717141 0.77744006]
 [0.78582634 0.79672504 0.80217344 0.82052783 0.83129064 0.86128002]]","[[False False False False False False]
 [False False False False False False]
 [False False False False False False]
 [False False False False False False]
 [False False False False False False]
 [False False False False False False]
 [False False False False False False]
 [False False False False False False]
 [False False False False False False]
 [False False False False False False]
 [False False False False False False]
 [False False False False False False]]","[ 90.44985327 128.81131626 127.88955404  56.59398068 126.9611002
 101.20605826  90.50719899 128.19726427 126.55414275  55.99169265
 126.6512953  101.49361781]",[1.533e-06 1.581e-06 1.629e-06 1.677e-06 1.725e-06 1.773e-06],0.9745107539450898,,,,[1.01706563],[['psi_Vel' 'faint' '106']],0.9583485708825412,[1.0169718]
"('psi_Vel', 'faint', 106)",psi_Vel,faint,106,1,"[59278.15898391 59278.15898391 59278.15898391 59278.15898391
 59278.15898391 59278.15898391 59278.16846695 59278.16846695
 59278.16846695 59278.16846695 59278.16846695 59278.16846695]",['1-2' '1-3' '1-4' '2-3' '2-4' '3-4' '1-2' '1-3' '1-4' '2-3' '2-4' '3-4'],"[[0.8438976  0.85470345 0.86973576 0.87825611 0.8854844  0.8922122 ]
 [0.70080144 0.70440827 0.73069269 0.74421861 0.75864683 0.77562424]
 [0.74358913 0.76008638 0.75899316 0.77646663 0.80294621 0.76277417]
 [0.97983045 0.96414063 0.97312645 0.97681408 0.97164592 0.99562215]
 [0.70774066 0.75080163 0.74830886 0.75568029 0.77560643 0.77957059]
 [0.79349142 0.80992163 0.81219158 0.83350605 0.83400623 0.85936454]
 [0.83796613 0.83838109 0.85750287 0.86680954 0.87869021 0.88460185]
 [0.70338007 0.69813405 0.72554756 0.73936038 0.75458868 0.77515469]
 [0.75003739 0.7611351  0.76342964 0.7762227  0.80609008 0.77597076]
 [0.9735125  0.94029474 0.96493104 0.96263299 0.9652144  0.99168689]
 [0.71935016 0.75079272 0.75977979 0.76438497 0.78269162 0.78298655]
 [0.79091342 0.79305307 0.80936577 0.8272895  0.83461677 0.86258412]]","[[False False False False False False]
 [False False False False False False]
 [False False False False False False]
 [False False False False False False]
 [False False False False False False]
 [False False False False False False]
 [False False False False False False]
 [False False False False False False]
 [False False False False False False]
 [False False False False False False]
 [False False False False False False]
 [False False False False False False]]","[ 90.4508278  128.80641822 127.87773313  56.58869228 126.95833522
 101.20884843  90.50733254 128.20440975 126.56790451  55.99796042
 126.65452009 101.49107896]",[1.533e-06 1.581e-06 1.629e-06 1.677e-06 1.725e-06 1.773e-06],0.9615242493633019,,,,[1.02105841],[['psi_Vel' 'faint' '106']],0.9483590672288787,[1.02098644]
"('psi_Vel', 'faint', 106)",psi_Vel,faint,106,2,"[59278.15863195 59278.15863195 59278.15863195 59278.15863195
 59278.15863195 59278.15863195 59278.16881852 59278.16881852
 59278.16881852 59278.16881852 59278.16881852 59278.16881852]",['1-2' '1-3' '1-4' '2-3' '2-4' '3-4' '1-2' '1-3' '1-4' '2-3' '2-4' '3-4'],"[[0.84552737 0.85413629 0.87145883 0.87892925 0.88211099 0.89087252]
 [0.69440166 0.70977522 0.72784387 0.74426846 0.76006761 0.78038138]
 [0.72937319 0.75000733 0.75516652 0.77081992 0.79190099 0.77838719]
 [0.96780851 0.96705195 0.9658306  0.97947765 0.96987927 0.99681033]
 [0.71358141 0.73899267 0.74721951 0.75420078 0.77392469 0.77875349]
 [0.78779865 0.82227907 0.81738771 0.83077225 0.84818459 0.86891454]
 [0.83996468 0.84164555 0.86028397 0.87199499 0.87606475 0.88724596]
 [0.70476518 0.71181382 0.72700086 0.74511554 0.76114676 0.7832988 ]
 [0.74707395 0.76166467 0.76708535 0.77572226 0.79427131 0.80396985]
 [0.9620968  0.95041674 0.95726559 0.96684017 0.96819206 0.9877155 ]
 [0.72418705 0.73780815 0.76425106 0.76275173 0.78611279 0.79000481]
 [0.7886171  0.80836513 0.81491588 0.8214344  0.84799945 0.87396484]]","[[False False False False False False]
 [False False False False False False]
 [False False False False False False]
 [False False False False False False]
 [False False False False False False]
 [False False False False False False]
 [False False False False False False]
 [False False False False False False]
 [False False False False False False]
 [False False False False False False]
 [False False False False False False]
 [False False False False False False]]","[ 90.44593401 128.82367045 127.92253948  56.60865303 126.96859259
 101.19747271  90.50678542 128.1770039  126.51520248  55.97395376
 126.6421744  101.50078373]",[1.533e-06 1.581e-06 1.629e-06 1.677e-06 1.725e-06 1.773e-06],0.9385618733502215,,,,[1.01604926],[['psi_Vel' 'faint' '106']],0.9245970825252616,[1.01597611]
"('ksi_Gem', 'faint', 106)",ksi_Gem,faint,106,0,"[59639.07632584 59639.07632584 59639.07632584 59639.07632584
 59639.07632584 59639.07632584 59639.08800065 59639.08800065
 59639.08800065 59639.08800065 59639.08800065 59639.08800065]",['1-2' '1-3' '1-4' '2-3' '2-4' '3-4' '1-2' '1-3' '1-4' '2-3' '2-4' '3-4'],"[[0.84770195 0.84340336 0.84313834 0.84977044 0.87520256 0.87920012]
 [0.76647517 0.74528173 0.74130589 0.75203577 0.75707816 0.77294039]
 [0.75144481 0.75579439 0.7446758  0.75274439 0.75780864 0.76319449]
 [0.97109076 0.94656615 0.95217989 0.96388123 0.97543883 0.95735186]
 [0.82447431 0.79966984 0.80826874 0.79961699 0.78806124 0.81110284]
 [0.79540274 0.81404329 0.82058074 0.87293035 0.85270136 0.87439738]
 [0.8531478  0.86038817 0.86597219 0.87991916 0.89782235 0.88706048]
 [0.7618665  0.75105233 0.74867175 0.7560931  0.75877604 0.76289175]
 [0.72234651 0.73978645 0.73012074 0.73705754 0.74643714 0.75621682]
 [0.95034298 0.92642565 0.94226385 0.95736022 0.96847816 0.95503571]
 [0.78452059 0.77783468 0.78711453 0.7853188  0.7749991  0.78708445]
 [0.83147973 0.8537513  0.8688022  0.94643124 0.91397846 0.9793337 ]]","[[False False False False False False]
 [False False False False False False]
 [False False False False False False]
 [False False False False False False]
 [False False False False False False]
 [False False False False False False]
 [False False False False False False]
 [False False False False False False]
 [False False False False False False]
 [False False False False False False]
 [False False False False False False]
 [False False False False False False]]","[ 79.34897358 124.31094882 128.60791577  57.64786846 109.06217388
  79.62695223  76.23447364 121.46069022 130.18787911  58.0436759
 110.46776541  78.35866769]",[1.533e-06 1.581e-06 1.629e-06 1.677e-06 1.725e-06 1.773e-06],0.9759455495653367,,,,[1.00554379],[['ksi_Gem' 'faint' '106']],0.9601352025518919,[1.00547709]
"('ksi_Gem', 'faint', 106)",ksi_Gem,faint,106,1,"[59639.07685357 59639.07685357 59639.07685357 59639.07685357
 59639.07685357 59639.07685357 59639.08711839 59639.08711839
 59639.08711839 59639.08711839 59639.08711839 59639.08711839]",['1-2' '1-3' '1-4' '2-3' '2-4' '3-4' '1-2' '1-3' '1-4' '2-3' '2-4' '3-4'],"[[0.87052919 0.86152473 0.85985902 0.86803825 0.88866539 0.89121216]
 [0.75297425 0.73416788 0.7313655  0.74167608 0.74982534 0.76830915]
 [0.73892693 0.73730722 0.73056796 0.74249959 0.74688843 0.75424151]
 [0.968971   0.96091587 0.9639708  0.96823519 0.9846422  0.97181967]
 [0.80585067 0.78861666 0.80534862 0.79063566 0.79124713 0.81335149]
 [0.85124345 0.83677273 0.83546428 0.87328447 0.85750369 0.89748852]
 [0.87627167 0.87597443 0.88834275 0.90154933 0.91835934 0.91385685]
 [0.77248446 0.76031987 0.75775619 0.75706783 0.76227924 0.77369785]
 [0.7300108  0.73964261 0.73330274 0.74035298 0.75635964 0.76046565]
 [0.97991408 0.95231955 0.96832688 0.97140611 0.9811843  0.9731722 ]
 [0.79428741 0.78376124 0.80013711 0.79143383 0.78995022 0.80306731]
 [0.89112911 0.88396237 0.88714446 0.94064369 0.91365641 0.98298303]]","[[False False False False False False]
 [False False False False False False]
 [False False False False False False]
 [False False False False False False]
 [False False False False False False]
 [False False False False False False]
 [False False False False False False]
 [False False False False False False]
 [False False False False False False]
 [False False False False False False]
 [False False False False False False]
 [False False False False False False]]","[ 79.21613559 124.19612976 128.68867125  57.67068198 109.12311033
  79.56598988  76.4836485  121.69971139 130.0831999   58.02163042
 110.35713296  78.4487098 ]",[1.533e-06 1.581e-06 1.629e-06 1.677e-06 1.725e-06 1.773e-06],0.9975262498551801,,,,[1.02496831],[['ksi_Gem' 'faint' '106']],0.9797146718735027,[1.02488898]
"('ksi_Gem', 'faint', 106)",ksi_Gem,faint,106,2,"[59639.07650127 59639.07650127 59639.07650127 59639.07650127
 59639.07650127 59639.07650127 59639.0875598  59639.0875598
 59639.0875598  59639.0875598  59639.0875598  59639.0875598 ]",['1-2' '1-3' '1-4' '2-3' '2-4' '3-4' '1-2' '1-3' '1-4' '2-3' '2-4' '3-4'],"[[0.83664681 0.83408484 0.83767794 0.84612914 0.86896848 0.8696892 ]
 [0.75992034 0.74169906 0.73611649 0.74375239 0.75152873 0.76376697]
 [0.73306756 0.74056193 0.73636827 0.74979483 0.75481748 0.76259371]
 [0.94757162 0.94515746 0.94742577 0.96108482 0.96905704 0.95014983]
 [0.8097575  0.79610656 0.7936624  0.78924788 0.78649587 0.80294535]
 [0.82150109 0.79991639 0.81155432 0.84962364 0.83120657 0.8567217 ]
 [0.85379687 0.85438679 0.8655859  0.88202304 0.9006953  0.89376313]
 [0.7749365  0.75919826 0.75575216 0.7573488  0.76038836 0.76618122]
 [0.73070214 0.74828416 0.73843102 0.74967955 0.76155293 0.76815248]
 [0.9478152  0.9282194  0.93829733 0.96061295 0.96624073 0.95235415]
 [0.79423324 0.78568602 0.78477363 0.78670805 0.78111211 0.79074421]
 [0.87652771 0.85196901 0.86675871 0.93092725 0.89768681 0.96431526]]","[[False False False False False False]
 [False False False False False False]
 [False False False False False False]
 [False False False False False False]
 [False False False False False False]
 [False False False False False False]
 [False False False False False False]
 [False False False False False False]
 [False False False False False False]
 [False False False False False False]
 [False False False False False False]
 [False False False False False False]]","[ 79.30479845 124.27285972 128.63495383  57.65553669 109.08245528
  79.60659474  76.36043932 121.58187137 130.13562265  58.03282645
 110.41193784  78.40389258]",[1.533e-06 1.581e-06 1.629e-06 1.677e-06 1.725e-06 1.773e-06],0.9697785629914043,,,,[1.00033587],[['ksi_Gem' 'faint' '106']],0.9541786192470327,[1.00027138]
"('psi Vel A', 'bright', 106)",psi Vel A,bright,106,0,"[59585.31386361 59585.31386361 59585.31386361 59585.31386361
 59585.31386361 59585.31386361 59585.32327252 59585.32327252
 59585.32327252            nan            nan 59585.32327252
 59585.32327252 59585.32327252]","['1-2' '1-3' '1-4' '2-4' '3-2' '3-4' '1-2' '1-3' '1-4' '2-3' '2-3' '2-4'
 '3-2' '3-4']","[[1.06614266 1.0639009  1.06117234 1.05402189 1.0566833  1.05922131]
 [0.89872715 0.91174868 0.91847154 0.9175936  0.94148408 0.93465865]
 [0.76509317 0.76693408 0.78234698 0.79727115 0.82612149 0.84666892]
 [0.85934042 0.87715947 0.8790214  0.88343613 0.898127   0.90484174]
 [0.97650715 0.96846368 0.97447319 0.97104006 0.99252141 1.00222713]
 [0.76712011 0.77592964 0.78815271 0.79360125 0.80294473 0.83736924]
 [1.07578382 1.06595718 1.06767467 1.05409575 1.0589419  1.0563682 ]
 [0.90578953 0.91892777 0.92466989 0.93111586 0.94540425 0.94753029]
 [0.76472828 0.77323009 0.78647042 0.79667586 0.82373874 0.84700368]
 [       nan        nan        nan        nan        nan        nan]
 [       nan        nan        nan        nan        nan        nan]
 [0.86851995 0.88113458 0.89380945 0.90530811 0.91361433 0.94102246]
 [0.9985053  0.97902973 0.98682946 0.98560811 1.01560519 1.01727404]
 [0.78203535 0.78617546 0.79999379 0.80178643 0.814621   0.84324045]]","[[False False False False False False]
 [False False False False False False]
 [False False False False False False]
 [False False False False False False]
 [False False False False False False]
 [False False False False False False]
 [False False False False False False]
 [False False False False False False]
 [False False False False False False]
 [ True  True  True  True  True  True]
 [ True  True  True  True  True  True]
 [False False False False False False]
 [False False False False False False]
 [False False False False False False]]","[ 31.58944516  90.38195559 128.39073029 100.66997825  70.85457404
 127.07521467  31.33449204  90.49981947 127.17552518          nan
          nan  99.77731314  71.1235418  126.79600222]",[1.533e-06 1.581e-06 1.629e-06 1.677e-06 1.725e-06 1.773e-06],0.9421620973777229,,,,[1.08037091],[['psi Vel A' 'bright' '106']],0.9266569838725168,[1.08033391]
"('psi Vel A', 'bright', 106)",psi Vel A,bright,106,1,"[59585.31412821 59585.31412821 59585.31412821 59585.31412821
 59585.31412821 59585.31412821 59585.32344891 59585.32344891
 59585.32344891            nan            nan 59585.32344891
 59585.32344891 59585.32344891]","['1-2' '1-3' '1-4' '2-4' '3-2' '3-4' '1-2' '1-3' '1-4' '2-3' '2-3' '2-4'
 '3-2' '3-4']","[[1.06790957 1.06766788 1.0633498  1.05651076 1.06026333 1.05981819]
 [0.90560007 0.91952392 0.92376983 0.92450571 0.9479881  0.9389961 ]
 [0.76378597 0.77026552 0.7827615  0.80034167 0.82612727 0.85479712]
 [0.85430695 0.87382912 0.87807592 0.8835624  0.89855845 0.91092737]
 [0.97614634 0.97165694 0.97757101 0.97308894 0.9961672  1.00480146]
 [0.76303517 0.77440512 0.7857582  0.79568383 0.80335061 0.84381745]
 [1.07424034 1.06994823 1.06696414 1.05364385 1.06026095 1.05811872]
 [0.90758192 0.92259328 0.92658228 0.93364277 0.94677111 0.94760337]
 [0.7621069  0.77264911 0.78384933 0.79721199 0.81991962 0.848693  ]
 [       nan        nan        nan        nan        nan        nan]
 [       nan        nan        nan        nan        nan        nan]
 [0.86798822 0.88093369 0.89275681 0.90334434 0.9116304  0.94369318]
 [1.00256211 0.98172223 0.99182555 0.98608183 1.01823575 1.01924083]
 [0.77948255 0.78736496 0.79892836 0.80418684 0.81234372 0.8448087 ]]","[[False False False False False False]
 [False False False False False False]
 [False False False False False False]
 [False False False False False False]
 [False False False False False False]
 [False False False False False False]
 [False False False False False False]
 [False False False False False False]
 [False False False False False False]
 [ True  True  True  True  True  True]
 [ True  True  True  True  True  True]
 [False False False False False False]
 [False False False False False False]
 [False False False False False False]]","[ 31.58310443  90.3871023  128.35905441 100.64652348  70.86310933
 127.06799835  31.32897848  90.50051064 127.150448            nan
          nan  99.75904119  71.12780215 126.79013572]",[1.533e-06 1.581e-06 1.629e-06 1.677e-06 1.725e-06 1.773e-06],0.9428486919041509,,,,[1.08332071],[['psi Vel A' 'bright' '106']],0.9300318917576853,[1.08329395]
"('psi Vel A', 'bright', 106)",psi Vel A,bright,106,2,"[59585.3136863  59585.3136863  59585.3136863  59585.3136863
 59585.3136863  59585.3136863  59585.32353654 59585.32353654
 59585.32353654            nan            nan 59585.32353654
 59585.32353654 59585.32353654]","['1-2' '1-3' '1-4' '2-4' '3-2' '3-4' '1-2' '1-3' '1-4' '2-3' '2-3' '2-4'
 '3-2' '3-4']","[[1.06136645 1.06248611 1.05884807 1.05584573 1.05820273 1.05829166]
 [0.89844849 0.91329658 0.91736967 0.91927591 0.94212075 0.93327257]
 [0.75858196 0.76530307 0.77924738 0.79681568 0.82254286 0.84739653]
 [0.84489299 0.86863108 0.8712917  0.87748246 0.89289482 0.89729938]
 [0.97899891 0.96496364 0.96792736 0.96838088 0.9906361  1.00173873]
 [0.75589053 0.76478167 0.78226412 0.78892312 0.79570838 0.84018636]
 [1.0796705  1.0693811  1.06725215 1.05906884 1.06109395 1.06580181]
 [0.90294088 0.91840145 0.92061373 0.92762558 0.94079115 0.94804375]
 [0.75753786 0.76747664 0.78299935 0.79790135 0.82061988 0.84501895]
 [       nan        nan        nan        nan        nan        nan]
 [       nan        nan        nan        nan        nan        nan]
 [0.85571837 0.87393529 0.88964169 0.90222619 0.91267259 0.94274862]
 [1.00565366 0.98110889 0.98348687 0.9883394  1.01611649 1.02080798]
 [0.7801164  0.78441849 0.79538176 0.79805653 0.81259069 0.84455344]]","[[False False False False False False]
 [False False False False False False]
 [False False False False False False]
 [False False False False False False]
 [False False False False False False]
 [False False False False False False]
 [False False False False False False]
 [False False False False False False]
 [False False False False False False]
 [ True  True  True  True  True  True]
 [ True  True  True  True  True  True]
 [False False False False False False]
 [False False False False False False]
 [False False False False False False]]","[ 31.59364518  90.3780824  128.41199576 100.68575296  70.84852895
 127.07999311  31.32640022  90.50141445 127.13837944          nan
          nan  99.75021381  71.13028842 126.78743597]",[1.533e-06 1.581e-06 1.629e-06 1.677e-06 1.725e-06 1.773e-06],0.9509485955386641,,,,[1.08234815],[['psi Vel A' 'bright' '106']],0.9368734364639556,[1.08231698]
"('HD141004', 'bright', 105)",HD141004,bright,105,0,"[59669.34073932 59669.34073932 59669.34073932 59669.34073932
 59669.34073932 59669.34073932 59669.35034318 59669.35034318
 59669.35034318 59669.35034318 59669.35034318 59669.35034318]",['1-2' '1-3' '1-4' '2-3' '2-4' '3-4' '1-2' '1-3' '1-4' '2-3' '2-4' '3-4'],"[[0.86352184 0.87368914 0.88797908 0.89543513 0.90583477 0.90613629]
 [0.65574686 0.6733878  0.69914657 0.71024806 0.72418402 0.73886799]
 [0.67520999 0.68623906 0.70871633 0.71356541 0.74891081 0.76200534]
 [0.98871987 0.97735518 0.98223241 0.96970465 1.0015752  1.00320165]
 [0.73284476 0.74260011 0.76347683 0.7671251  0.77688101 0.79869522]
 [0.82004801 0.83916197 0.85494826 0.86183806 0.86886194 0.87571098]
 [0.86878356 0.87583393 0.8886064  0.90204832 0.91564779 0.9191889 ]
 [0.6679333  0.6867476  0.7074199  0.71927943 0.73531634 0.74650623]
 [0.67305711 0.68773447 0.70832016 0.72059707 0.75377177 0.76896347]
 [0.99312829 0.97869091 0.98739168 0.97495016 1.01402648 1.00832066]
 [0.74524305 0.75301124 0.77223177 0.77555068 0.78721181 0.81104656]
 [0.84176374 0.85778377 0.87212237 0.88979191 0.89623106 0.91345361]]","[[False False False False False False]
 [False False False False False False]
 [False False False False False False]
 [False False False False False False]
 [False False False False False False]
 [False False False False False False]
 [False False False False False False]
 [False False False False False False]
 [False False False False False False]
 [False False False False False False]
 [False False False False False False]
 [False False False False False False]]","[ 86.40164806 128.595376   125.71315795  56.49367055 113.27378042
  88.58843466  84.77464011 127.5943971  127.52081408  57.14648726
 113.97653849  87.48220887]",[1.533e-06 1.581e-06 1.629e-06 1.677e-06 1.725e-06 1.773e-06],1.0871476990941642,,,,[1.06429311],[['HD141004' 'bright' '105']],1.0636189797741011,[1.06411875]
"('HD141004', 'bright', 105)",HD141004,bright,105,1,"[59669.34056196 59669.34056196 59669.34056196 59669.34056196
 59669.34056196 59669.34056196 59669.35087169 59669.35087169
 59669.35087169 59669.35087169 59669.35087169 59669.35087169]",['1-2' '1-3' '1-4' '2-3' '2-4' '3-4' '1-2' '1-3' '1-4' '2-3' '2-4' '3-4'],"[[0.86571627 0.87956771 0.89143495 0.89839244 0.90941724 0.90697386]
 [0.65589122 0.67429799 0.69958703 0.71106273 0.72914714 0.74213675]
 [0.66503644 0.67190026 0.69561196 0.70309044 0.73494637 0.74873373]
 [0.99584152 0.98911851 0.99479372 0.9833902  1.01355434 1.0099588 ]
 [0.73580074 0.73485587 0.75425527 0.76483238 0.77037298 0.79010909]
 [0.81081549 0.82444385 0.83938168 0.84730318 0.85282111 0.86689409]
 [0.87331546 0.88302243 0.89839182 0.91029146 0.92233253 0.92537376]
 [0.66810691 0.68746863 0.71015865 0.72196025 0.73973495 0.74838641]
 [0.67271762 0.68613874 0.70176617 0.7217707  0.74941938 0.76902418]
 [0.99295803 0.98736977 0.99425573 0.98167599 1.0161247  1.01182603]
 [0.75030068 0.75061757 0.76738695 0.77539213 0.78441798 0.80791506]
 [0.85199548 0.86016435 0.87129132 0.88884353 0.89165362 0.91788576]]","[[False False False False False False]
 [False False False False False False]
 [False False False False False False]
 [False False False False False False]
 [False False False False False False]
 [False False False False False False]
 [False False False False False False]
 [False False False False False False]
 [False False False False False False]
 [False False False False False False]
 [False False False False False False]
 [False False False False False False]]","[ 86.42919827 128.60976547 125.67771207  56.48040519 113.26182889
  88.60918189  84.6779409  127.52665476 127.61265479  57.17817282
 114.01797211  87.4229941 ]",[1.533e-06 1.581e-06 1.629e-06 1.677e-06 1.725e-06 1.773e-06],1.1014032625229835,,,,[1.07186439],[['HD141004' 'bright' '105']],1.0768555673086342,[1.07166867]
"('HD141004', 'bright', 105)",HD141004,bright,105,2,"[59669.34047464 59669.34047464 59669.34047464 59669.34047464
 59669.34047464 59669.34047464 59669.35104696 59669.35104696
 59669.35104696 59669.35104696 59669.35104696 59669.35104696]",['1-2' '1-3' '1-4' '2-3' '2-4' '3-4' '1-2' '1-3' '1-4' '2-3' '2-4' '3-4'],"[[0.86181811 0.87125572 0.88789035 0.89304081 0.90530972 0.90167963]
 [0.65177035 0.67113252 0.69842294 0.70831483 0.72301824 0.73573753]
 [0.67402829 0.6831236  0.701583   0.71680509 0.74497404 0.7632475 ]
 [0.98144981 0.98098242 0.99141757 0.97206294 1.0033969  1.00078672]
 [0.73251966 0.74503312 0.76099471 0.76653879 0.77695292 0.80266817]
 [0.8220761  0.84137988 0.85668515 0.86089062 0.86718941 0.88112415]
 [0.87797705 0.88630219 0.90258029 0.91558315 0.93031537 0.92683923]
 [0.67290666 0.69375597 0.71589405 0.72865181 0.74448234 0.75088543]
 [0.67341596 0.68676094 0.70322054 0.72796181 0.75122751 0.77232017]
 [1.00164418 0.99321345 1.00738821 0.99003385 1.02747216 1.01913967]
 [0.74873423 0.75465555 0.7740405  0.77614795 0.79308357 0.8225689 ]
 [0.84961304 0.86561423 0.87441911 0.89120672 0.8991226  0.92624602]]","[[False False False False False False]
 [False False False False False False]
 [False False False False False False]
 [False False False False False False]
 [False False False False False False]
 [False False False False False False]
 [False False False False False False]
 [False False False False False False]
 [False False False False False False]
 [False False False False False False]
 [False False False False False False]
 [False False False False False False]]","[ 86.44263798 128.61636944 125.65965037  56.47358275 113.25588265
  88.61953838  84.64530816 127.5033617  127.64284181  57.18849895
 114.03185393  87.40328581]",[1.533e-06 1.581e-06 1.629e-06 1.677e-06 1.725e-06 1.773e-06],1.0897015443055433,,,,[1.07327138],[['HD141004' 'bright' '105']],1.0708611192301352,[1.07312376]
"('zet_Tuc', 'faint', 104)",zet_Tuc,faint,104,0,"[58814.05035797 58814.05035797 58814.05035797 58814.05035797
 58814.05035797 58814.05035797 58814.0623627  58814.0623627
 58814.0623627  58814.0623627  58814.0623627  58814.0623627 ]",['1-2' '1-3' '1-4' '2-3' '2-4' '3-4' '1-2' '1-3' '1-4' '2-3' '2-4' '3-4'],"[[0.8053113  0.80977725 0.83476393 0.83826128 0.85658811 0.8566765 ]
 [0.6087317  0.61956002 0.64589474 0.66382959 0.67476496 0.69235017]
 [0.68855956 0.69569929 0.71089741 0.72425485 0.75938766 0.77629199]
 [0.97011671 0.95236897 0.96376336 0.96143565 0.98927226 0.99505923]
 [0.70395936 0.70525271 0.73179489 0.74048946 0.74160647 0.7753804 ]
 [0.83442104 0.84225008 0.86404407 0.8698287  0.88229262 0.87954845]
 [0.80797168 0.80885365 0.83343575 0.84308415 0.85791382 0.86015311]
 [0.60467215 0.61314935 0.63744346 0.65338824 0.66992454 0.68419094]
 [0.7071622  0.71349217 0.72642095 0.74185809 0.77766541 0.7972789 ]
 [0.94026431 0.91650441 0.92697203 0.93511107 0.96584995 0.96459579]
 [0.730692   0.72452628 0.7489334  0.75621443 0.7559725  0.7824994 ]
 [0.81292357 0.81860821 0.84131957 0.85986771 0.87296678 0.88977201]]","[[False False False False False False]
 [False False False False False False]
 [False False False False False False]
 [False False False False False False]
 [False False False False False False]
 [False False False False False False]
 [False False False False False False]
 [False False False False False False]
 [False False False False False False]
 [False False False False False False]
 [False False False False False False]
 [False False False False False False]]","[ 88.09376507 129.18098433 115.14800909  52.81931016 100.54225557
  83.74193872  88.64006857 128.99918311 113.2515389   52.05264185
  99.88630964  84.34594347]",[1.533e-06 1.581e-06 1.629e-06 1.677e-06 1.725e-06 1.773e-06],1.141723740747274,,,,[1.02585685],[['zet_Tuc' 'faint' '104']],1.1184586395361065,[1.02567142]
"('zet_Tuc', 'faint', 104)",zet_Tuc,faint,104,1,"[58814.05097536 58814.05097536 58814.05097536 58814.05097536
 58814.05097536 58814.05097536 58814.0624512  58814.0624512
 58814.0624512  58814.0624512  58814.0624512  58814.0624512 ]",['1-2' '1-3' '1-4' '2-3' '2-4' '3-4' '1-2' '1-3' '1-4' '2-3' '2-4' '3-4'],"[[0.80171476 0.80673424 0.83263657 0.83828902 0.8544117  0.85767163]
 [0.60913301 0.6220582  0.64881833 0.6639951  0.67625477 0.69250978]
 [0.70562576 0.70153181 0.71891599 0.72950326 0.76266569 0.77798683]
 [0.96818359 0.95117038 0.95959013 0.95998116 0.98361543 0.98509983]
 [0.71013625 0.71138691 0.73200812 0.7388317  0.73747473 0.76909673]
 [0.83978682 0.84070497 0.86007552 0.86491218 0.87557002 0.87705276]
 [0.8028884  0.80457552 0.8311156  0.84034625 0.8542513  0.85914259]
 [0.59843457 0.61103381 0.63441784 0.64913671 0.66705978 0.68273909]
 [0.71032578 0.70921086 0.72612988 0.73961131 0.77195795 0.79352361]
 [0.94053529 0.91494786 0.92505478 0.9388616  0.96229444 0.95897418]
 [0.7226328  0.72301836 0.7438424  0.75059449 0.7464965  0.77969273]
 [0.80523928 0.81414413 0.84061217 0.86011022 0.87417207 0.8934879 ]]","[[False False False False False False]
 [False False False False False False]
 [False False False False False False]
 [False False False False False False]
 [False False False False False False]
 [False False False False False False]
 [False False False False False False]
 [False False False False False False]
 [False False False False False False]
 [False False False False False False]
 [False False False False False False]
 [False False False False False False]]","[ 88.12382798 129.17449692 115.05425692  52.78148772 100.51138362
  83.77514373  88.64417155 128.9978702  113.23709797  52.04682623
  99.88113628  84.35032408]",[1.533e-06 1.581e-06 1.629e-06 1.677e-06 1.725e-06 1.773e-06],1.136307991358173,,,,[1.020295],[['zet_Tuc' 'faint' '104']],1.1128000335831534,[1.02010757]
"('zet_Tuc', 'faint', 104)",zet_Tuc,faint,104,2,"[58814.05088766 58814.05088766 58814.05088766 58814.05088766
 58814.05088766 58814.05088766 58814.0621867  58814.0621867
 58814.0621867  58814.0621867  58814.0621867  58814.0621867 ]",['1-2' '1-3' '1-4' '2-3' '2-4' '3-4' '1-2' '1-3' '1-4' '2-3' '2-4' '3-4'],"[[0.79532564 0.80206313 0.82630715 0.83229436 0.84876932 0.85113678]
 [0.59102842 0.60616004 0.63135225 0.64938566 0.6622629  0.67985831]
 [0.68329412 0.68495525 0.70302715 0.71809013 0.75277721 0.76915074]
 [0.9689072  0.95014417 0.96085627 0.95949265 0.98650887 0.98915043]
 [0.69818746 0.70114122 0.72504936 0.73596479 0.73442864 0.76770572]
 [0.82901693 0.83067175 0.85235058 0.85949862 0.87200553 0.87439689]
 [0.79343278 0.79833884 0.82211188 0.83240444 0.84659763 0.85177028]
 [0.58559459 0.59845298 0.62008844 0.63666734 0.65439149 0.67137221]
 [0.69430881 0.69650318 0.7136188  0.73012387 0.76286816 0.78438647]
 [0.93748427 0.91208952 0.92160242 0.9332593  0.96067238 0.95790738]
 [0.716222   0.71417288 0.73599823 0.74365442 0.74179445 0.77251612]
 [0.8011532  0.8085977  0.8337656  0.85313191 0.86801281 0.8861774 ]]","[[False False False False False False]
 [False False False False False False]
 [False False False False False False]
 [False False False False False False]
 [False False False False False False]
 [False False False False False False]
 [False False False False False False]
 [False False False False False False]
 [False False False False False False]
 [False False False False False False]
 [False False False False False False]
 [False False False False False False]]","[ 88.11952671 129.1754104  115.06764871  52.78688872 100.51579935
  83.77040299  88.63249929 129.00242269 113.28018695  52.06422716
  99.89664873  84.33765346]",[1.533e-06 1.581e-06 1.629e-06 1.677e-06 1.725e-06 1.773e-06],1.1716541782497027,,,,[1.02421096],[['zet_Tuc' 'faint' '104']],1.1430213531892492,[1.02396695]
"('iot_Psc', 'faint', 104)",iot_Psc,faint,104,0,"[58816.00240277 58816.00240277 58816.00240277 58816.00240277
 58816.00240277 58816.00240277 58816.01419449 58816.01419449
 58816.01419449 58816.01419449 58816.01419449 58816.01419449]",['1-2' '1-3' '1-4' '2-3' '2-4' '3-4' '1-2' '1-3' '1-4' '2-3' '2-4' '3-4'],"[[0.85417151 0.85512109 0.87599205 0.88077626 0.88646418 0.8974355 ]
 [0.64356251 0.65168544 0.67650943 0.69014294 0.7027168  0.72426064]
 [0.67584747 0.67966376 0.7074283  0.72405296 0.75579559 0.77562802]
 [0.95855861 0.95923526 0.9704123  0.96879521 0.97837343 0.99746312]
 [0.7209388  0.73575484 0.76668283 0.76910089 0.77386228 0.79974549]
 [0.81983179 0.83000724 0.8469689  0.85677396 0.87362165 0.86828328]
 [0.83507745 0.83419581 0.85247953 0.86523991 0.86866964 0.88400924]
 [0.63451726 0.63533725 0.66223288 0.67236743 0.68530171 0.70881551]
 [0.6428374  0.64300624 0.67278442 0.68659904 0.71913757 0.74301605]
 [0.96773734 0.94770699 0.95861399 0.96054353 0.98700444 0.98857766]
 [0.70643561 0.71358441 0.75099949 0.75273036 0.75657533 0.78129443]
 [0.82281727 0.83284095 0.85213995 0.87725626 0.89497376 0.90449795]]","[[False False False False False False]
 [False False False False False False]
 [False False False False False False]
 [False False False False False False]
 [False False False False False False]
 [False False False False False False]
 [False False False False False False]
 [False False False False False False]
 [False False False False False False]
 [False False False False False False]
 [False False False False False False]
 [False False False False False False]]","[ 87.21968959 128.85762013 125.79268527  56.44265566 115.04751198
  90.48931939  85.37249867 127.77817722 127.95401087  57.23658913
 115.82692449  89.19642814]",[1.533e-06 1.581e-06 1.629e-06 1.677e-06 1.725e-06 1.773e-06],1.1109685317454552,,,,[1.05436784],[['iot_Psc' 'faint' '104']],1.0889150282006763,[1.05419137]
"('iot_Psc', 'faint', 104)",iot_Psc,faint,104,1,"[58816.00266739 58816.00266739 58816.00266739 58816.00266739
 58816.00266739 58816.00266739 58816.01410663 58816.01410663
 58816.01410663 58816.01410663 58816.01410663 58816.01410663]",['1-2' '1-3' '1-4' '2-3' '2-4' '3-4' '1-2' '1-3' '1-4' '2-3' '2-4' '3-4'],"[[0.8578702  0.86068221 0.88126107 0.88558994 0.89209747 0.90196853]
 [0.6516845  0.65703941 0.68265758 0.69462458 0.70768214 0.72961358]
 [0.68211518 0.68565761 0.70939193 0.73177549 0.75879747 0.78530947]
 [0.96487464 0.96397981 0.97567036 0.97350693 0.98211126 0.9953317 ]
 [0.72251601 0.73683334 0.77501952 0.77300897 0.77836989 0.80650225]
 [0.82925119 0.83581321 0.85434524 0.86449942 0.87481494 0.87776235]
 [0.84645723 0.8468219  0.864691   0.87628977 0.87973621 0.89375301]
 [0.64510402 0.64454173 0.67344572 0.68116027 0.69478248 0.71833128]
 [0.64905624 0.64919525 0.67608769 0.69464561 0.72281312 0.75099981]
 [0.9810995  0.95803713 0.97188675 0.96949348 0.99774677 0.99243443]
 [0.70961718 0.71768055 0.76288732 0.76190359 0.76674815 0.79497945]
 [0.82581899 0.83518822 0.85937902 0.88655862 0.89541685 0.91296089]]","[[False False False False False False]
 [False False False False False False]
 [False False False False False False]
 [False False False False False False]
 [False False False False False False]
 [False False False False False False]
 [False False False False False False]
 [False False False False False False]
 [False False False False False False]
 [False False False False False False]
 [False False False False False False]
 [False False False False False False]]","[ 87.1830261  128.84164695 125.84573298  56.46306565 115.06334992
  90.45973301  85.38759561 127.78855099 127.93923456  57.23142779
 115.82059519  89.20579745]",[1.533e-06 1.581e-06 1.629e-06 1.677e-06 1.725e-06 1.773e-06],1.101909434659601,,,,[1.05913821],[['iot_Psc' 'faint' '104']],1.0794072689248009,[1.05896246]
"('iot_Psc', 'faint', 104)",iot_Psc,faint,104,2,"[58816.00187374 58816.00187374 58816.00187374 58816.00187374
 58816.00187374 58816.00187374 58816.01445972 58816.01445972
 58816.01445972 58816.01445972 58816.01445972 58816.01445972]",['1-2' '1-3' '1-4' '2-3' '2-4' '3-4' '1-2' '1-3' '1-4' '2-3' '2-4' '3-4'],"[[0.86256428 0.86282401 0.88409706 0.88670343 0.89086283 0.90452333]
 [0.66111006 0.66617991 0.69190721 0.70365851 0.7129337  0.73583295]
 [0.6920365  0.69502258 0.71932093 0.73884877 0.77006053 0.78972556]
 [0.96519425 0.96841372 0.9792137  0.97476909 0.9826751  1.00193336]
 [0.73223281 0.74268903 0.76696806 0.77747306 0.78366553 0.81272   ]
 [0.8210627  0.83960911 0.85635338 0.86950208 0.88624598 0.88462152]
 [0.85920166 0.858708   0.87573554 0.88895799 0.89273774 0.90908437]
 [0.64753933 0.64948273 0.67342208 0.68186129 0.69593017 0.71610082]
 [0.65732741 0.6530917  0.68027102 0.6943867  0.72645358 0.7474919 ]
 [0.9766778  0.96314723 0.98054677 0.97970105 1.00286832 1.0068224 ]
 [0.71493947 0.71921439 0.7540763  0.77041683 0.7750574  0.80546338]
 [0.81678278 0.83624943 0.85596745 0.88409559 0.90395269 0.92101953]]","[[False False False False False False]
 [False False False False False False]
 [False False False False False False]
 [False False False False False False]
 [False False False False False False]
 [False False False False False False]
 [False False False False False False]
 [False False False False False False]
 [False False False False False False]
 [False False False False False False]
 [False False False False False False]
 [False False False False False False]]","[ 87.29279175 128.88918112 125.68637855  56.40171042 115.01604937
  90.54860848  85.32665996 127.74607802 127.99776127  57.25175261
 115.84596515  89.16831868]",[1.533e-06 1.581e-06 1.629e-06 1.677e-06 1.725e-06 1.773e-06],1.1017554333995847,,,,[1.06459952],[['iot_Psc' 'faint' '104']],1.0822717001444389,[1.06445608]
"('HD124850', 'bright', 105)",HD124850,bright,105,0,"[59672.29695393 59672.29695393 59672.29695393 59672.29695393
 59672.29695393 59672.29695393 59672.30691662 59672.30691662
 59672.30691662 59672.30691662 59672.30691662 59672.30691662]",['1-2' '1-3' '1-4' '2-3' '2-4' '3-4' '1-2' '1-3' '1-4' '2-3' '2-4' '3-4'],"[[0.85622808 0.87104839 0.88809156 0.89030837 0.90854295 0.9039357 ]
 [0.64486371 0.64728188 0.67601417 0.68577293 0.70637943 0.72246525]
 [0.60758577 0.61704991 0.63607664 0.66285439 0.69085678 0.70923014]
 [0.96752494 0.96771449 0.97059134 0.95816184 0.98962172 0.98003971]
 [0.6362458  0.64898288 0.66992823 0.69164224 0.70074247 0.73438691]
 [0.78280703 0.79728447 0.81132824 0.82651941 0.83818888 0.84578096]
 [0.85665963 0.87505311 0.88408498 0.89749763 0.91233447 0.91375501]
 [0.65903658 0.668393   0.69390076 0.69935405 0.71796108 0.72927221]
 [0.60493752 0.61998737 0.63943214 0.66792597 0.69340219 0.71896989]
 [0.96972103 0.97531431 0.97295614 0.96140571 0.99419318 0.99629695]
 [0.64976297 0.66194725 0.68296995 0.69947039 0.71049654 0.74232446]
 [0.76810008 0.7812102  0.79848189 0.8195639  0.8370973  0.8638693 ]]","[[False False False False False False]
 [False False False False False False]
 [False False False False False False]
 [False False False False False False]
 [False False False False False False]
 [False False False False False False]
 [False False False False False False]
 [False False False False False False]
 [False False False False False False]
 [False False False False False False]
 [False False False False False False]
 [False False False False False False]]","[ 84.75282132 124.94678994 132.31340211  58.21504949 127.11125352
  96.66430933  82.88167634 122.65099366 132.41580091  58.06510881
 127.61433921  96.12480492]",[1.533e-06 1.581e-06 1.629e-06 1.677e-06 1.725e-06 1.773e-06],1.1500418290020695,,,,[1.06722511],[['HD124850' 'bright' '105']],1.1267570404856577,[1.06701424]
"('HD124850', 'bright', 105)",HD124850,bright,105,1,"[59672.29757179 59672.29757179 59672.29757179 59672.29757179
 59672.29757179 59672.29757179 59672.30735632 59672.30735632
 59672.30735632 59672.30735632 59672.30735632 59672.30735632]",['1-2' '1-3' '1-4' '2-3' '2-4' '3-4' '1-2' '1-3' '1-4' '2-3' '2-4' '3-4'],"[[0.85801726 0.87183629 0.88855281 0.89124475 0.90812342 0.90068379]
 [0.63829886 0.6474961  0.67348455 0.68415292 0.70386641 0.719568  ]
 [0.59978298 0.61180533 0.63305122 0.65545461 0.68564443 0.70766011]
 [0.97287457 0.97223582 0.96991886 0.96272017 0.9925447  0.98431469]
 [0.6349906  0.6447265  0.66710739 0.6873856  0.70154618 0.7325321 ]
 [0.78004097 0.79084248 0.80328807 0.81802295 0.8377178  0.847055  ]
 [0.84817154 0.86267687 0.87491408 0.89011991 0.90564714 0.90802425]
 [0.65745029 0.66563882 0.69074224 0.69575654 0.71124311 0.72480779]
 [0.60215763 0.61650874 0.63828013 0.66253437 0.68997051 0.72072236]
 [0.97253455 0.97452048 0.97087326 0.96103311 0.99516838 0.99362269]
 [0.65063546 0.66329322 0.68249256 0.69442787 0.71245697 0.73512023]
 [0.77403135 0.78454025 0.80006178 0.82152167 0.84003018 0.86299217]]","[[False False False False False False]
 [False False False False False False]
 [False False False False False False]
 [False False False False False False]
 [False False False False False False]
 [False False False False False False]
 [False False False False False False]
 [False False False False False False]
 [False False False False False False]
 [False False False False False False]
 [False False False False False False]
 [False False False False False False]]","[ 84.6439735  124.81869226 132.32848675  58.21054471 127.14147059
  96.62939449  82.79397107 122.53906225 132.41348231  58.05478963
 127.63718105  96.10234996]",[1.533e-06 1.581e-06 1.629e-06 1.677e-06 1.725e-06 1.773e-06],1.153235003463746,,,,[1.06782906],[['HD124850' 'bright' '105']],1.1318303757257462,[1.06762899]
"('HD124850', 'bright', 105)",HD124850,bright,105,2,"[59672.29748314 59672.29748314 59672.29748314 59672.29748314
 59672.29748314 59672.29748314 59672.30744403 59672.30744403
 59672.30744403 59672.30744403 59672.30744403 59672.30744403]",['1-2' '1-3' '1-4' '2-3' '2-4' '3-4' '1-2' '1-3' '1-4' '2-3' '2-4' '3-4'],"[[0.85610062 0.86426358 0.88275124 0.88344771 0.90257007 0.89448007]
 [0.6358621  0.64756399 0.67810153 0.68999935 0.71271146 0.72769554]
 [0.60852971 0.62320645 0.64352874 0.66143063 0.69570707 0.71046255]
 [0.9662696  0.95874638 0.96332836 0.95224032 0.98455748 0.97437235]
 [0.63293283 0.64414383 0.66671947 0.68888392 0.70177898 0.73136197]
 [0.78554719 0.79808865 0.80758069 0.8230324  0.84119717 0.84942337]
 [0.84069677 0.85624186 0.87211609 0.88399093 0.90184816 0.90251923]
 [0.65349545 0.66530725 0.69077377 0.69454691 0.71554655 0.72584615]
 [0.60264737 0.62122954 0.64364662 0.66625571 0.69482543 0.71931753]
 [0.96791195 0.96273036 0.9623295  0.9497365  0.98542825 0.98224715]
 [0.64115138 0.6535869  0.68103744 0.69449031 0.71037668 0.73502831]
 [0.77068154 0.7840308  0.79807744 0.81692918 0.83892533 0.86187214]]","[[False False False False False False]
 [False False False False False False]
 [False False False False False False]
 [False False False False False False]
 [False False False False False False]
 [False False False False False False]
 [False False False False False False]
 [False False False False False False]
 [False False False False False False]
 [False False False False False False]
 [False False False False False False]
 [False False False False False False]]","[ 84.65965127 124.83723609 132.32648609  58.21127175 127.13715755
  96.63438135  82.7761367  122.51611593 132.41265247  58.05253031
 127.64171058  96.09783992]",[1.533e-06 1.581e-06 1.629e-06 1.677e-06 1.725e-06 1.773e-06],1.141190870578586,,,,[1.05716132],[['HD124850' 'bright' '105']],1.1161125327766865,[1.05693744]
"('iot_Psc', 'bright', 104)",iot_Psc,bright,104,0,"[58814.02237013 58814.02237013 58814.02237013 58814.02237013
 58814.02237013 58814.02237013 58814.03491186 58814.03491186
 58814.03491186 58814.03491186 58814.03491186 58814.03491186]",['1-2' '1-3' '1-4' '2-3' '2-4' '3-4' '1-2' '1-3' '1-4' '2-3' '2-4' '3-4'],"[[0.8583695  0.86180874 0.88319903 0.88553384 0.90116766 0.91276404]
 [0.63979328 0.64062653 0.6720148  0.68183399 0.69456554 0.71178902]
 [0.64770329 0.64097875 0.66630072 0.68480766 0.71285277 0.73812744]
 [0.99822454 0.98200864 0.99363277 0.98762855 1.01814594 1.01933403]
 [0.7226939  0.72220547 0.74650255 0.75210118 0.7599373  0.79385661]
 [0.83606316 0.83750536 0.86602907 0.87469464 0.89082149 0.89605279]
 [0.87196506 0.8765798  0.89319669 0.90505957 0.92315899 0.92901328]
 [0.66054681 0.665852   0.69105408 0.70133531 0.71337832 0.72392587]
 [0.66177501 0.66061802 0.68034442 0.70459743 0.73270096 0.75949582]
 [1.00866284 0.97575084 0.98369046 0.98871626 1.02690461 1.02190075]
 [0.73144158 0.73339802 0.75303578 0.76797509 0.76696592 0.80122562]
 [0.8303638  0.83270295 0.87106169 0.88498082 0.91976528 0.93505107]]","[[False False False False False False]
 [False False False False False False]
 [False False False False False False]
 [False False False False False False]
 [False False False False False False]
 [False False False False False False]
 [False False False False False False]
 [False False False False False False]
 [False False False False False False]
 [False False False False False False]
 [False False False False False False]
 [False False False False False False]]","[ 84.89072799 127.43025206 128.39414429  57.38696639 116.02615492
  88.90895866  82.40078994 125.3458156  130.13530878  57.92107405
 117.03081125  87.64727107]",[1.533e-06 1.581e-06 1.629e-06 1.677e-06 1.725e-06 1.773e-06],1.1591717715608518,,,,[1.09099853],[['iot_Psc' 'bright' '104']],1.136099092897988,[1.09078905]
"('iot_Psc', 'bright', 104)",iot_Psc,bright,104,1,"[58814.02351708 58814.02351708 58814.02351708 58814.02351708
 58814.02351708 58814.02351708 58814.03438299 58814.03438299
 58814.03438299 58814.03438299 58814.03438299 58814.03438299]",['1-2' '1-3' '1-4' '2-3' '2-4' '3-4' '1-2' '1-3' '1-4' '2-3' '2-4' '3-4'],"[[0.86584177 0.86831025 0.89261245 0.89674398 0.90954006 0.9188013 ]
 [0.6396221  0.64595068 0.67553171 0.68425758 0.69673225 0.72089307]
 [0.64047863 0.63880379 0.66677661 0.68246941 0.72029569 0.74422891]
 [1.00948439 0.99000726 1.009097   0.99678426 1.02739369 1.03601268]
 [0.72501666 0.71966696 0.74486858 0.75259127 0.76315441 0.79610686]
 [0.83386413 0.83834329 0.86152675 0.8731299  0.89503338 0.91179348]
 [0.86842565 0.87244712 0.89112404 0.90465166 0.92013007 0.92432504]
 [0.64962163 0.65883402 0.6824743  0.69251101 0.70464658 0.72059031]
 [0.63798628 0.64289342 0.66750433 0.68873783 0.72266723 0.75207118]
 [1.00343478 0.97279628 0.9853477  0.98665327 1.02274836 1.01696491]
 [0.71990599 0.71942454 0.74436941 0.75903409 0.75978996 0.79303019]
 [0.82344323 0.82756576 0.86121485 0.87826664 0.91291738 0.92729029]]","[[False False False False False False]
 [False False False False False False]
 [False False False False False False]
 [False False False False False False]
 [False False False False False False]
 [False False False False False False]
 [False False False False False False]
 [False False False False False False]
 [False False False False False False]
 [False False False False False False]
 [False False False False False False]
 [False False False False False False]]","[ 84.68207298 127.27330555 128.57308358  57.44676054 116.11206263
  88.78935944  82.51504514 125.45029743 130.07184211  57.90402963
 116.98571819  87.6981791 ]",[1.533e-06 1.581e-06 1.629e-06 1.677e-06 1.725e-06 1.773e-06],1.1723518109920632,,,,[1.09665918],[['iot_Psc' 'bright' '104']],1.1483091971489776,[1.0964318]
"('iot_Psc', 'bright', 104)",iot_Psc,bright,104,2,"[58814.02272335 58814.02272335 58814.02272335 58814.02272335
 58814.02272335 58814.02272335 58814.03473465 58814.03473465
 58814.03473465 58814.03473465 58814.03473465 58814.03473465]",['1-2' '1-3' '1-4' '2-3' '2-4' '3-4' '1-2' '1-3' '1-4' '2-3' '2-4' '3-4'],"[[0.85313238 0.85720047 0.88243089 0.88508734 0.89770624 0.90906522]
 [0.62367003 0.63051929 0.65978391 0.66911309 0.68268745 0.70579565]
 [0.62605532 0.62371069 0.65170074 0.66678446 0.70181699 0.72294642]
 [0.9907023  0.97547953 0.99334255 0.9828704  1.01535156 1.02030819]
 [0.71559351 0.70889431 0.72978244 0.74192822 0.75170262 0.7827269 ]
 [0.82251392 0.82662526 0.8491979  0.86276058 0.87955617 0.89072973]
 [0.8602714  0.86522759 0.88483437 0.89746588 0.91301162 0.92011582]
 [0.64137936 0.65009677 0.67435575 0.68474204 0.69870997 0.7124736 ]
 [0.63527934 0.6385157  0.66180705 0.68234827 0.71155183 0.74075782]
 [0.99271754 0.96363185 0.97723802 0.97757343 1.01594769 1.01468835]
 [0.71305679 0.70837923 0.73229297 0.75275169 0.75166991 0.78519586]
 [0.81720687 0.82131398 0.85113505 0.87115169 0.90276158 0.92261858]]","[[False False False False False False]
 [False False False False False False]
 [False False False False False False]
 [False False False False False False]
 [False False False False False False]
 [False False False False False False]
 [False False False False False False]
 [False False False False False False]
 [False False False False False False]
 [False False False False False False]
 [False False False False False False]
 [False False False False False False]]","[ 84.8263164  127.38157904 128.44897534  57.40524075 116.05246737
  88.87203438  82.4400535  125.38204015 130.11408856  57.91548432
 117.01543077  87.66459267]",[1.533e-06 1.581e-06 1.629e-06 1.677e-06 1.725e-06 1.773e-06],1.1775562435175178,,,,[1.08720748],[['iot_Psc' 'bright' '104']],1.1566220795784021,[1.08700785]
"('pi3_Ori', 'faint', 104)",pi3_Ori,faint,104,0,"[58815.20398904 58815.20398904 58815.20398904 58815.20398904
 58815.20398904 58815.20398904 58815.21739624 58815.21739624
 58815.21739624 58815.21739624 58815.21739624 58815.21739624]",['1-2' '1-3' '1-4' '2-3' '2-4' '3-4' '1-2' '1-3' '1-4' '2-3' '2-4' '3-4'],"[[0.74405816 0.74415632 0.7617548  0.77421822 0.7956104  0.80233671]
 [0.47456541 0.46767707 0.49723487 0.52633643 0.54220748 0.56606315]
 [0.54500705 0.54146857 0.56402816 0.59108521 0.62005582 0.63739688]
 [0.93030857 0.91224141 0.93501166 0.92353179 0.94903847 0.96032889]
 [0.58808507 0.60366449 0.62819857 0.63573284 0.6329783  0.66896343]
 [0.71040065 0.72577523 0.76020586 0.75926888 0.777204   0.78710027]
 [0.73197685 0.73014313 0.74120159 0.75445965 0.77406897 0.78278081]
 [0.46038178 0.45539362 0.48118596 0.50762467 0.52869681 0.54611583]
 [0.50166733 0.49672634 0.52212524 0.54719763 0.57715166 0.60216155]
 [0.93541678 0.90760928 0.92626686 0.91485345 0.94862064 0.95647942]
 [0.59432683 0.60175371 0.62034534 0.62983933 0.62872828 0.65878834]
 [0.70041367 0.70505242 0.75505708 0.75390196 0.78670765 0.80435003]]","[[False False False False False False]
 [False False False False False False]
 [False False False False False False]
 [False False False False False False]
 [False False False False False False]
 [False False False False False False]
 [False False False False False False]
 [False False False False False False]
 [False False False False False False]
 [False False False False False False]
 [False False False False False False]
 [False False False False False False]]","[ 88.9058706  129.20567933 121.51905911  54.79905718 112.66021443
  91.24328861  87.32889371 128.98201359 124.66865693  56.07435749
 113.3596196   89.62594711]",[1.533e-06 1.581e-06 1.629e-06 1.677e-06 1.725e-06 1.773e-06],1.3894279174040607,,,,[1.05231762],[['pi3_Ori' 'faint' '104']],1.3652741451660402,[1.05202766]
"('pi3_Ori', 'faint', 104)",pi3_Ori,faint,104,1,"[58815.20416571 58815.20416571 58815.20416571 58815.20416571
 58815.20416571 58815.20416571 58815.21669158 58815.21669158
 58815.21669158 58815.21669158 58815.21669158 58815.21669158]",['1-2' '1-3' '1-4' '2-3' '2-4' '3-4' '1-2' '1-3' '1-4' '2-3' '2-4' '3-4'],"[[0.73493901 0.73653965 0.75518159 0.76549873 0.78643554 0.79428459]
 [0.47783265 0.48158178 0.50342037 0.53506135 0.54649085 0.56904775]
 [0.55449766 0.55054018 0.56964917 0.59050674 0.61851954 0.63475383]
 [0.9288695  0.90812016 0.93089574 0.91845925 0.94101638 0.9582448 ]
 [0.59354072 0.60390933 0.62677704 0.63434583 0.6291952  0.66743574]
 [0.70984639 0.72337997 0.74963005 0.7540684  0.76828215 0.78210252]
 [0.71903884 0.72061579 0.73700468 0.74816387 0.77202332 0.77823209]
 [0.46925531 0.47493311 0.48970972 0.51978052 0.53747667 0.55612098]
 [0.50570081 0.50793594 0.52945639 0.54941777 0.57789859 0.60238086]
 [0.93212673 0.9071939  0.91937261 0.91669622 0.94189022 0.95521011]
 [0.5924756  0.60210865 0.62266114 0.63101725 0.62521167 0.65979252]
 [0.71091251 0.71111879 0.75028701 0.74945734 0.77275296 0.79210631]]","[[False False False False False False]
 [False False False False False False]
 [False False False False False False]
 [False False False False False False]
 [False False False False False False]
 [False False False False False False]
 [False False False False False False]
 [False False False False False False]
 [False False False False False False]
 [False False False False False False]
 [False False False False False False]
 [False False False False False False]]","[ 88.88884777 129.20900417 121.56370037  54.81774615 112.66791666
  91.22184842  87.42442739 129.01606913 124.5160935   56.01471449
 113.31762397  89.70926478]",[1.533e-06 1.581e-06 1.629e-06 1.677e-06 1.725e-06 1.773e-06],1.3763756351610454,,,,[1.04451279],[['pi3_Ori' 'faint' '104']],1.3543861429025388,[1.04428978]
"('pi3_Ori', 'faint', 104)",pi3_Ori,faint,104,2,"[58815.20345909 58815.20345909 58815.20345909 58815.20345909
 58815.20345909 58815.20345909 58815.21660339 58815.21660339
 58815.21660339 58815.21660339 58815.21660339 58815.21660339]",['1-2' '1-3' '1-4' '2-3' '2-4' '3-4' '1-2' '1-3' '1-4' '2-3' '2-4' '3-4'],"[[0.7422856  0.74143711 0.761363   0.7707885  0.79067093 0.79872061]
 [0.47758603 0.46884959 0.49933147 0.52844796 0.54354731 0.56688395]
 [0.54539612 0.54461507 0.56695711 0.59104313 0.61944281 0.63352719]
 [0.92727949 0.90809013 0.93192936 0.91679821 0.9392539  0.95153911]
 [0.58810149 0.59932295 0.6231212  0.62788415 0.62712937 0.65703789]
 [0.72619481 0.73266744 0.75626428 0.75464159 0.76761696 0.77659243]
 [0.72269471 0.723045   0.73884529 0.75077173 0.77534103 0.77941913]
 [0.46765792 0.46240976 0.48529199 0.51246237 0.53204265 0.55261132]
 [0.49591862 0.50062404 0.52455896 0.54804717 0.57811893 0.60128578]
 [0.93122319 0.90724009 0.92136181 0.91677702 0.94449812 0.95731971]
 [0.58615517 0.59825483 0.62035368 0.62902087 0.6264323  0.65869913]
 [0.70939994 0.70733246 0.75308105 0.75060694 0.77752213 0.79583222]]","[[False False False False False False]
 [False False False False False False]
 [False False False False False False]
 [False False False False False False]
 [False False False False False False]
 [False False False False False False]
 [False False False False False False]
 [False False False False False False]
 [False False False False False False]
 [False False False False False False]
 [False False False False False False]
 [False False False False False False]]","[ 88.95774778 129.19710504 121.38589172  54.74341494 112.63724636
  91.3078084   87.43672225 129.02045213 124.49645667  56.00703667
 113.31225454  89.72001146]",[1.533e-06 1.581e-06 1.629e-06 1.677e-06 1.725e-06 1.773e-06],1.3854439256987308,,,,[1.04671778],[['pi3_Ori' 'faint' '104']],1.361360387701685,[1.04643676]
"('pi3_Ori', 'bright', 104)",pi3_Ori,bright,104,0,"[58816.2201415  58816.2201415  58816.2201415  58816.2201415
 58816.2201415  58816.2201415  58816.23179578 58816.23179578
 58816.23179578 58816.23179578 58816.23179578 58816.23179578]",['1-2' '1-3' '1-4' '2-3' '2-4' '3-4' '1-2' '1-3' '1-4' '2-3' '2-4' '3-4'],"[[0.67492158 0.68800881 0.70220196 0.720034   0.73772067 0.74984305]
 [0.37390962 0.38498795 0.41092823 0.43883348 0.45773941 0.48369397]
 [0.39369698 0.40518997 0.42636321 0.45687109 0.49116484 0.51512517]
 [0.85762306 0.83867231 0.85110444 0.85031758 0.89022683 0.90544153]
 [0.46591853 0.48721301 0.50809171 0.53412861 0.52753384 0.570408  ]
 [0.64425588 0.66395087 0.68963089 0.70411328 0.72976085 0.73756421]
 [0.69567518 0.70791122 0.72330952 0.74300776 0.76230396 0.77746112]
 [0.38672084 0.39766272 0.42420243 0.45091683 0.46821021 0.49368654]
 [0.38606016 0.39395442 0.41400997 0.44818988 0.48058565 0.50438424]
 [0.87559976 0.85531917 0.86781503 0.87080391 0.90968962 0.92765565]
 [0.46946971 0.48939156 0.50830268 0.53642999 0.52451218 0.5712185 ]
 [0.6502607  0.66271126 0.68970814 0.70377059 0.73182454 0.74938706]]","[[False False False False False False]
 [False False False False False False]
 [False False False False False False]
 [False False False False False False]
 [False False False False False False]
 [False False False False False False]
 [False False False False False False]
 [False False False False False False]
 [False False False False False False]
 [False False False False False False]
 [False False False False False False]
 [False False False False False False]]","[ 86.53387195 128.63043421 125.8100409   56.51217268 113.70672619
  88.98260959  84.55262694 127.37900464 127.95097741  57.28019244
 114.55513029  87.6619184 ]",[1.533e-06 1.581e-06 1.629e-06 1.677e-06 1.725e-06 1.773e-06],1.5526893876697494,,,,[1.03741569],[['pi3_Ori' 'bright' '104']],1.5251219677111092,[1.0368258]
"('pi3_Ori', 'bright', 104)",pi3_Ori,bright,104,1,"[58816.22075908 58816.22075908 58816.22075908 58816.22075908
 58816.22075908 58816.22075908 58816.23109022 58816.23109022
 58816.23109022 58816.23109022 58816.23109022 58816.23109022]",['1-2' '1-3' '1-4' '2-3' '2-4' '3-4' '1-2' '1-3' '1-4' '2-3' '2-4' '3-4'],"[[0.67708908 0.68665705 0.70281129 0.71966622 0.73888713 0.7515414 ]
 [0.38180125 0.39391011 0.41957421 0.44849769 0.46651526 0.4911068 ]
 [0.39373508 0.40629516 0.43056604 0.46105562 0.49518581 0.51849594]
 [0.85433943 0.83940101 0.84346317 0.85109005 0.88829123 0.90502594]
 [0.46571998 0.48726136 0.50986159 0.53483236 0.52913244 0.57212227]
 [0.65450048 0.67110758 0.69321158 0.70566115 0.73100192 0.73988318]
 [0.69025751 0.7014884  0.71704868 0.73716761 0.75628269 0.76938845]
 [0.39278555 0.40634063 0.42957163 0.45753306 0.47435767 0.49944943]
 [0.38984012 0.39924451 0.42330667 0.4551943  0.48804874 0.51187007]
 [0.8613571  0.84325085 0.85102061 0.8608123  0.89759988 0.91414406]
 [0.46852359 0.48897551 0.51152634 0.53702865 0.52602763 0.57246805]
 [0.65631875 0.67129375 0.69816926 0.71089166 0.73704364 0.74659539]]","[[False False False False False False]
 [False False False False False False]
 [False False False False False False]
 [False False False False False False]
 [False False False False False False]
 [False False False False False False]
 [False False False False False False]
 [False False False False False False]
 [False False False False False False]
 [False False False False False False]
 [False False False False False False]
 [False False False False False False]]","[ 86.43844743 128.58050003 125.93262084  56.55806491 113.74794001
  88.91098246  84.68401843 127.4743958  127.83234297  57.23991254
 114.49958299  87.73987548]",[1.533e-06 1.581e-06 1.629e-06 1.677e-06 1.725e-06 1.773e-06],1.532419654898171,,,,[1.02805808],[['pi3_Ori' 'bright' '104']],1.5073726590167105,[1.02752885]
"('pi3_Ori', 'bright', 104)",pi3_Ori,bright,104,2,"[58816.2204062  58816.2204062  58816.2204062  58816.2204062
 58816.2204062  58816.2204062  58816.23179578 58816.23179578
 58816.23179578 58816.23179578 58816.23179578 58816.23179578]",['1-2' '1-3' '1-4' '2-3' '2-4' '3-4' '1-2' '1-3' '1-4' '2-3' '2-4' '3-4'],"[[0.67197122 0.68282108 0.6987929  0.71616649 0.73466291 0.74797249]
 [0.3705785  0.38311049 0.40877102 0.43706059 0.4561299  0.48112113]
 [0.38499254 0.39870994 0.42176651 0.45272632 0.48721415 0.51034074]
 [0.8542675  0.83805156 0.84797253 0.85004489 0.89101318 0.90456045]
 [0.45704587 0.4792535  0.50355398 0.52900395 0.5236167  0.56629448]
 [0.64036315 0.65989766 0.68460221 0.6989845  0.72575507 0.73541677]
 [0.69172905 0.70188353 0.71846098 0.73791419 0.75737451 0.77240215]
 [0.38523038 0.39672297 0.42345247 0.45044707 0.46800782 0.49315095]
 [0.38114946 0.39137993 0.41274074 0.44685133 0.47870917 0.50248716]
 [0.86913691 0.85165261 0.86271614 0.86738709 0.90616581 0.92352129]
 [0.4631991  0.48409778 0.50451457 0.53159916 0.52059991 0.56726824]
 [0.64883248 0.66205025 0.68779029 0.70177006 0.72988793 0.74640577]]","[[False False False False False False]
 [False False False False False False]
 [False False False False False False]
 [False False False False False False]
 [False False False False False False]
 [False False False False False False]
 [False False False False False False]
 [False False False False False False]
 [False False False False False False]
 [False False False False False False]
 [False False False False False False]
 [False False False False False False]]","[ 86.49303979 128.60914335 125.86263798  56.53187683 113.72434109
  88.95188512  84.55262694 127.37900464 127.95097741  57.28019244
 114.55513029  87.6619184 ]",[1.533e-06 1.581e-06 1.629e-06 1.677e-06 1.725e-06 1.773e-06],1.5570480455833209,,,,[1.03472126],[['pi3_Ori' 'bright' '104']],1.529372991324852,[1.0341229]
"('HD124850', 'faint', 105)",HD124850,faint,105,0,"[59669.31103806 59669.31103806 59669.31103806 59669.31103806
 59669.31103806 59669.31103806 59669.32216999 59669.32216999
 59669.32216999 59669.32216999 59669.32216999 59669.32216999]",['1-2' '1-3' '1-4' '2-3' '2-4' '3-4' '1-2' '1-3' '1-4' '2-3' '2-4' '3-4'],"[[0.91725977 0.92563987 0.92455927 0.93623226 0.95941678 0.95833092]
 [0.70365805 0.70453984 0.73149661 0.73901368 0.75065923 0.76060744]
 [0.64932331 0.66324178 0.68942731 0.70018705 0.7447637  0.75661722]
 [1.04107963 1.02309664 1.03599566 1.02664134 1.06664115 1.04902862]
 [0.66701174 0.69813823 0.71685321 0.7284341  0.74979205 0.76900411]
 [0.81365532 0.82317671 0.83764273 0.86418307 0.85948541 0.8698707 ]
 [0.90127959 0.9139781  0.9100696  0.93462292 0.95625431 0.96235887]
 [0.70690592 0.71440265 0.73499326 0.74238173 0.75115534 0.7603459 ]
 [0.6384833  0.65580827 0.6753428  0.69182353 0.7324846  0.75530198]
 [1.02705507 1.01242424 1.02329314 1.0200143  1.05028351 1.05499175]
 [0.65862627 0.68721792 0.70885005 0.7211159  0.7438184  0.76217826]
 [0.81082289 0.82043393 0.83113577 0.85787522 0.8607253  0.88214879]]","[[False False False False False False]
 [False False False False False False]
 [False False False False False False]
 [False False False False False False]
 [False False False False False False]
 [False False False False False False]
 [False False False False False False]
 [False False False False False False]
 [False False False False False False]
 [False False False False False False]
 [False False False False False False]
 [False False False False False False]]","[ 83.67582177 123.64860722 132.4110987   58.14664319 127.40511996
  96.33885156  81.41882394 120.73809679 132.30211209  57.85839698
 127.98523268  95.77890768]",[1.533e-06 1.581e-06 1.629e-06 1.677e-06 1.725e-06 1.773e-06],1.1345111037529032,,,,[1.1079731],[['HD124850' 'faint' '105']],1.1114987761126554,[1.10772213]
"('HD124850', 'faint', 105)",HD124850,faint,105,1,"[59669.31112625 59669.31112625 59669.31112625 59669.31112625
 59669.31112625 59669.31112625 59669.32225824 59669.32225824
 59669.32225824 59669.32225824 59669.32225824 59669.32225824]",['1-2' '1-3' '1-4' '2-3' '2-4' '3-4' '1-2' '1-3' '1-4' '2-3' '2-4' '3-4'],"[[0.91516969 0.92077133 0.92744363 0.93290925 0.95616301 0.95487371]
 [0.70057288 0.70241531 0.73260263 0.73649559 0.75210685 0.7631833 ]
 [0.65791716 0.66155174 0.6903326  0.70304667 0.74241141 0.7621241 ]
 [1.03901682 1.01685886 1.01766993 1.01950064 1.03928852 1.04142097]
 [0.67243487 0.70256016 0.71304285 0.73105294 0.74516457 0.77139353]
 [0.81103728 0.81486777 0.82951429 0.86107224 0.86655945 0.87987233]
 [0.90365686 0.91479003 0.91703798 0.93584586 0.95503345 0.96023109]
 [0.69925891 0.70983097 0.73102908 0.73804042 0.75151487 0.7611367 ]
 [0.64521946 0.65130292 0.67649738 0.69365558 0.72764808 0.75382363]
 [1.03795164 1.01479254 1.01607303 1.01790981 1.03949052 1.05185492]
 [0.66107129 0.68973928 0.70553734 0.72460146 0.73935805 0.7631321 ]
 [0.80650994 0.81138889 0.82515885 0.86077961 0.87302764 0.89237791]]","[[False False False False False False]
 [False False False False False False]
 [False False False False False False]
 [False False False False False False]
 [False False False False False False]
 [False False False False False False]
 [False False False False False False]
 [False False False False False False]
 [False False False False False False]
 [False False False False False False]
 [False False False False False False]
 [False False False False False False]]","[ 83.65853608 123.62715757 132.41161212  58.14506057 127.40968341
  96.33399012  81.39987297 120.71243525 132.29910029  57.85501848
 127.98967878  95.77484388]",[1.533e-06 1.581e-06 1.629e-06 1.677e-06 1.725e-06 1.773e-06],1.1360218382636906,,,,[1.10881242],[['HD124850' 'faint' '105']],1.1149291717749004,[1.10859634]
"('HD124850', 'faint', 105)",HD124850,faint,105,2,"[59669.31103764 59669.31103764 59669.31103764 59669.31103764
 59669.31103764 59669.31103764 59669.32225841 59669.32225841
 59669.32225841 59669.32225841 59669.32225841 59669.32225841]",['1-2' '1-3' '1-4' '2-3' '2-4' '3-4' '1-2' '1-3' '1-4' '2-3' '2-4' '3-4'],"[[0.90189997 0.90940442 0.91868513 0.92613344 0.94926656 0.95287655]
 [0.69788006 0.70043772 0.72924266 0.73234936 0.74672664 0.76419638]
 [0.6465054  0.65592823 0.67785347 0.69638904 0.73334101 0.75831705]
 [1.02545177 1.0199032  1.02835208 1.02014364 1.05531648 1.04246658]
 [0.6739523  0.69197475 0.70578345 0.72574881 0.74052601 0.76577173]
 [0.80665491 0.81022271 0.84384185 0.85682281 0.88161742 0.89898674]
 [0.90674613 0.91878354 0.91719389 0.93517469 0.9524276  0.95970473]
 [0.69738336 0.70746543 0.73117317 0.73741317 0.74886377 0.76116756]
 [0.64576224 0.65751505 0.67150129 0.69583719 0.72706177 0.75548574]
 [1.03102242 1.01686729 1.0262398  1.01935194 1.05529326 1.05022644]
 [0.66780929 0.68885257 0.70350413 0.72559042 0.74043225 0.76269643]
 [0.80064878 0.80647533 0.84064634 0.86268268 0.8926117  0.91443919]]","[[False False False False False False]
 [False False False False False False]
 [False False False False False False]
 [False False False False False False]
 [False False False False False False]
 [False False False False False False]
 [False False False False False False]
 [False False False False False False]
 [False False False False False False]
 [False False False False False False]
 [False False False False False False]
 [False False False False False False]]","[ 83.67602633 123.64898581 132.41134298  58.14677382 127.40515497
  96.33888106  81.3994783  120.71196384 132.29916643  57.85500542
 127.98982253  95.77474965]",[1.533e-06 1.581e-06 1.629e-06 1.677e-06 1.725e-06 1.773e-06],1.1428872132421661,,,,[1.1103842],[['HD124850' 'faint' '105']],1.1176999209838203,[1.11010234]
"('ksi_Gem', 'bright', 106)",ksi_Gem,bright,106,0,"[59636.11828042 59636.11828042 59636.11828042 59636.11828042
 59636.11828042 59636.11828042 59636.12971514 59636.12971514
 59636.12971514 59636.12971514 59636.12971514 59636.12971514]",['1-2' '1-3' '1-4' '2-3' '2-4' '3-4' '1-2' '1-3' '1-4' '2-3' '2-4' '3-4'],"[[0.79558831 0.80451857 0.81902469 0.83100747 0.83030607 0.84721423]
 [0.50981923 0.5335718  0.55141055 0.56935743 0.58243883 0.60154342]
 [0.44682885 0.48449393 0.50818043 0.52456818 0.54637698 0.55953431]
 [0.77160574 0.94085983 0.96497205 0.94543148 0.94399992 0.95976508]
 [0.66991995 0.68828566 0.7022436  0.71372578 0.73399945 0.74516922]
 [0.93794433 0.97769799 0.96492969 0.952079   0.95814467 0.96067027]
 [0.75763749 0.78971074 0.80177062 0.8202102  0.82207467 0.83127872]
 [0.49233483 0.52306118 0.54073761 0.56616501 0.58282415 0.59273531]
 [0.46831243 0.51264528 0.5374195  0.56022074 0.57240699 0.58567   ]
 [0.95423137 1.02251891 1.07506029 0.99784585 1.0181175  0.99611341]
 [0.63147457 0.63771622 0.65127336 0.66624352 0.68377472 0.69920675]
 [0.90535374 0.92805551 0.91564626 0.91815657 0.92358448 0.90001435]]","[[False False False False False False]
 [False False False False False False]
 [False False False False False False]
 [False False False False False False]
 [False False False False False False]
 [False False False False False False]
 [False False False False False False]
 [False False False False False False]
 [False False False False False False]
 [False False False False False False]
 [False False False False False False]
 [False False False False False False]]","[ 69.40825745 114.38862536 124.53999456  58.19016489  85.83491504
  37.76248925  65.42924306 109.89983448 122.35951743  57.96956293
  86.94927194  37.90834468]",[1.533e-06 1.581e-06 1.629e-06 1.677e-06 1.725e-06 1.773e-06],1.4278600569209883,,,,[0.98916168],[['ksi_Gem' 'bright' '106']],1.4041792198170724,[0.98895996]
"('ksi_Gem', 'bright', 106)",ksi_Gem,bright,106,1,"[59636.11757459 59636.11757459 59636.11757459 59636.11757459
 59636.11757459 59636.11757459 59636.12962757 59636.12962757
 59636.12962757 59636.12962757 59636.12962757 59636.12962757]",['1-2' '1-3' '1-4' '2-3' '2-4' '3-4' '1-2' '1-3' '1-4' '2-3' '2-4' '3-4'],"[[0.77187107 0.79473819 0.81073965 0.83429107 0.8356587  0.85305886]
 [0.51025267 0.53935173 0.55344563 0.57279059 0.58726508 0.60942498]
 [0.44846872 0.4895289  0.50295623 0.51476196 0.54289276 0.55728261]
 [0.76890555 0.94490978 0.92310916 0.91519158 0.92989607 0.94743706]
 [0.67150503 0.69153814 0.70507716 0.71591777 0.72995586 0.7434601 ]
 [0.94505906 0.97601034 0.96569027 0.96075874 0.96701596 0.96858219]
 [0.75409533 0.78844878 0.80272117 0.82033012 0.82308404 0.83369286]
 [0.49139028 0.52500523 0.5437783  0.56914067 0.58523022 0.5976974 ]
 [0.46605173 0.51540698 0.53370646 0.55273473 0.57445616 0.58815299]
 [0.93903687 1.04463998 1.05515789 0.99065811 1.03777917 0.99268447]
 [0.63511359 0.63903064 0.65277331 0.66744862 0.68433121 0.69344491]
 [0.90136172 0.92259419 0.91277903 0.91689833 0.9230081  0.90003187]]","[[False False False False False False]
 [False False False False False False]
 [False False False False False False]
 [False False False False False False]
 [False False False False False False]
 [False False False False False False]
 [False False False False False False]
 [False False False False False False]
 [False False False False False False]
 [False False False False False False]
 [False False False False False False]
 [False False False False False False]]","[ 69.64594531 114.64946258 124.65875794  58.19732007  85.76088281
  37.75628712  65.46088427 109.93634411 122.37811882  57.97198085
  86.94124779  37.90689921]",[1.533e-06 1.581e-06 1.629e-06 1.677e-06 1.725e-06 1.773e-06],1.4270357928082233,,,,[0.98734838],[['ksi_Gem' 'bright' '106']],1.4009621975009339,[0.98711802]
"('ksi_Gem', 'bright', 106)",ksi_Gem,bright,106,2,"[59636.11775108 59636.11775108 59636.11775108 59636.11775108
 59636.11775108 59636.11775108 59636.12910021 59636.12910021
 59636.12910021 59636.12910021 59636.12910021 59636.12910021]",['1-2' '1-3' '1-4' '2-3' '2-4' '3-4' '1-2' '1-3' '1-4' '2-3' '2-4' '3-4'],"[[0.79926803 0.81280499 0.82835371 0.84502841 0.84214005 0.86465207]
 [0.51436221 0.53996909 0.56171532 0.57876176 0.59059693 0.60774568]
 [0.45187373 0.48743561 0.51022577 0.52777924 0.5623515  0.57949144]
 [0.79766295 0.92798156 0.922347   0.96757911 0.91335423 0.96168717]
 [0.66520316 0.68914059 0.70465516 0.71259368 0.72722244 0.74171678]
 [0.94686014 0.97617286 0.96880145 0.95168099 0.95786777 0.95399842]
 [0.77173048 0.80315221 0.8121473  0.83336543 0.83337455 0.84797831]
 [0.49876266 0.53171772 0.55348592 0.58222448 0.59739187 0.60439104]
 [0.46699502 0.5083026  0.53232953 0.55752711 0.58385657 0.60201619]
 [0.94293104 1.03584388 1.04208528 1.03869105 1.00694171 0.9978746 ]
 [0.62750599 0.63573946 0.65357264 0.66829187 0.67716289 0.69596086]
 [0.92491393 0.93404684 0.92682537 0.92180162 0.93385954 0.90162585]]","[[False False False False False False]
 [False False False False False False]
 [False False False False False False]
 [False False False False False False]
 [False False False False False False]
 [False False False False False False]
 [False False False False False False]
 [False False False False False False]
 [False False False False False False]
 [False False False False False False]
 [False False False False False False]
 [False False False False False False]]","[ 69.58617361 114.58371566 124.62864781  58.19540506  85.77937633
  37.75783251  65.65048931 110.15494577 122.48931853  57.98632496
  86.89297016  37.89832309]",[1.533e-06 1.581e-06 1.629e-06 1.677e-06 1.725e-06 1.773e-06],1.4410462951837815,,,,[0.99545427],[['ksi_Gem' 'bright' '106']],1.417319479840168,[0.99523047]
"('alf_CMi', 'bright', 106)",alf_CMi,bright,106,0,"[59271.09309887 59271.09309887 59271.09309887 59271.09309887
 59271.09309887 59271.09309887            nan            nan
 59271.10590647            nan            nan 59271.10590647
 59271.10590647            nan            nan            nan
            nan 59271.10590647 59271.10590647 59271.10590647]","['1-3' '2-1' '2-3' '4-1' '4-2' '4-3' '1-2' '1-2' '1-3' '1-4' '1-4' '2-1'
 '2-3' '2-4' '2-4' '3-4' '3-4' '4-1' '4-2' '4-3']","[[0.01552811 0.01454866 0.01422896 0.01247957 0.01038048 0.00848153]
 [0.36039972 0.37828042 0.40398292 0.42773644 0.45149274 0.47482129]
 [0.02344023 0.03333076 0.04592841 0.05935646 0.07147333 0.08501739]
 [0.01648743 0.01425065 0.01311802 0.01083824 0.00872815 0.00649596]
 [0.0031769  0.00669102 0.01213087 0.01909335 0.02811883 0.03691402]
 [0.12565424 0.1415937  0.16294962 0.19014864 0.21153187 0.23203104]
 [       nan        nan        nan        nan        nan        nan]
 [       nan        nan        nan        nan        nan        nan]
 [0.01492755 0.01420936 0.01443282 0.01326044 0.01145174 0.00970851]
 [       nan        nan        nan        nan        nan        nan]
 [       nan        nan        nan        nan        nan        nan]
 [0.34793208 0.35942622 0.38818364 0.41252948 0.43909494 0.45567377]
 [0.01869901 0.02729755 0.03889338 0.05122178 0.0625552  0.0754699 ]
 [       nan        nan        nan        nan        nan        nan]
 [       nan        nan        nan        nan        nan        nan]
 [       nan        nan        nan        nan        nan        nan]
 [       nan        nan        nan        nan        nan        nan]
 [0.01636143 0.01413579 0.01315237 0.01105623 0.00894375 0.00676368]
 [0.00418973 0.00806182 0.01403972 0.02150622 0.0309342  0.04015973]
 [0.13869244 0.15416616 0.17608878 0.20465674 0.2266372  0.24749477]]","[[False False False False False False]
 [False False False False False False]
 [False False False False False False]
 [False False False False False False]
 [False False False False False False]
 [False False False False False False]
 [ True  True  True  True  True  True]
 [ True  True  True  True  True  True]
 [False False False False False False]
 [ True  True  True  True  True  True]
 [ True  True  True  True  True  True]
 [False False False False False False]
 [False False False False False False]
 [ True  True  True  True  True  True]
 [ True  True  True  True  True  True]
 [ True  True  True  True  True  True]
 [ True  True  True  True  True  True]
 [False False False False False False]
 [False False False False False False]
 [False False False False False False]]","[98.04378681 37.17248862 61.04505752 95.58835709 68.07470486 49.72937464
         nan         nan 99.86929742         nan         nan 37.8768579
 62.15361823         nan         nan         nan         nan 95.96866909
 67.36526846 48.67608814]",[1.533e-06 1.581e-06 1.629e-06 1.677e-06 1.725e-06 1.773e-06],,,,,[nan],[['alf_CMi' 'bright' '106']],,[nan]
"('alf_CMi', 'bright', 106)",alf_CMi,bright,106,1,"[59271.09309887 59271.09309887 59271.09309887 59271.09309887
 59271.09309887 59271.09309887            nan            nan
 59271.10590647            nan            nan 59271.10590647
 59271.10590647            nan            nan            nan
            nan 59271.10590647 59271.10590647 59271.10590647]","['1-3' '2-1' '2-3' '4-1' '4-2' '4-3' '1-2' '1-2' '1-3' '1-4' '1-4' '2-1'
 '2-3' '2-4' '2-4' '3-4' '3-4' '4-1' '4-2' '4-3']","[[0.01624381 0.01541804 0.0147609  0.01293387 0.01091662 0.00894   ]
 [0.37391    0.38711274 0.4129481  0.43493916 0.4587408  0.48498944]
 [0.02387163 0.03397121 0.04638389 0.06018062 0.0728017  0.08778836]
 [0.01715364 0.01511342 0.01371872 0.01123737 0.00906903 0.00691279]
 [0.00325038 0.00687779 0.01240191 0.01948609 0.02862648 0.03766809]
 [0.12880073 0.14523342 0.16625162 0.19338406 0.21681525 0.2362207 ]
 [       nan        nan        nan        nan        nan        nan]
 [       nan        nan        nan        nan        nan        nan]
 [0.0157554  0.01519125 0.01509812 0.01385096 0.01214476 0.01029356]
 [       nan        nan        nan        nan        nan        nan]
 [       nan        nan        nan        nan        nan        nan]
 [0.36193118 0.3680012  0.39740079 0.41968454 0.44673681 0.46515981]
 [0.01910287 0.02798508 0.03940787 0.05213558 0.06390823 0.07817802]
 [       nan        nan        nan        nan        nan        nan]
 [       nan        nan        nan        nan        nan        nan]
 [       nan        nan        nan        nan        nan        nan]
 [       nan        nan        nan        nan        nan        nan]
 [0.01718006 0.01514378 0.01387903 0.01154592 0.00936045 0.0072341 ]
 [0.00431097 0.00833959 0.0144201  0.022052   0.03163637 0.0411317 ]
 [0.14302064 0.15869404 0.18020668 0.20899224 0.23280223 0.25279865]]","[[False False False False False False]
 [False False False False False False]
 [False False False False False False]
 [False False False False False False]
 [False False False False False False]
 [False False False False False False]
 [ True  True  True  True  True  True]
 [ True  True  True  True  True  True]
 [False False False False False False]
 [ True  True  True  True  True  True]
 [ True  True  True  True  True  True]
 [False False False False False False]
 [False False False False False False]
 [ True  True  True  True  True  True]
 [ True  True  True  True  True  True]
 [ True  True  True  True  True  True]
 [ True  True  True  True  True  True]
 [False False False False False False]
 [False False False False False False]
 [False False False False False False]]","[98.04378681 37.17248862 61.04505752 95.58835709 68.07470486 49.72937464
         nan         nan 99.86929742         nan         nan 37.8768579
 62.15361823         nan         nan         nan         nan 95.96866909
 67.36526846 48.67608814]",[1.533e-06 1.581e-06 1.629e-06 1.677e-06 1.725e-06 1.773e-06],,,,,[nan],[['alf_CMi' 'bright' '106']],,[nan]
"('alf_CMi', 'bright', 106)",alf_CMi,bright,106,2,"[59271.09371606 59271.09371606 59271.09371606 59271.09371606
 59271.09371606 59271.09371606            nan            nan
 59271.1052884             nan            nan 59271.1052884
 59271.1052884             nan            nan            nan
            nan 59271.1052884  59271.1052884  59271.1052884 ]","['1-3' '2-1' '2-3' '4-1' '4-2' '4-3' '1-2' '1-2' '1-3' '1-4' '1-4' '2-1'
 '2-3' '2-4' '2-4' '3-4' '3-4' '4-1' '4-2' '4-3']","[[0.01490001 0.01458074 0.01389611 0.01219606 0.0103897  0.00861358]
 [0.36045117 0.38382486 0.41179827 0.43013916 0.45444102 0.47818376]
 [0.02307523 0.03314745 0.0447571  0.0584043  0.07066103 0.08551438]
 [0.01589982 0.01431752 0.01297932 0.0106272  0.00858909 0.00667771]
 [0.00314492 0.00662452 0.01207544 0.01891969 0.02781892 0.0366507 ]
 [0.12651424 0.143536   0.16448815 0.19022883 0.21356214 0.23329044]
 [       nan        nan        nan        nan        nan        nan]
 [       nan        nan        nan        nan        nan        nan]
 [0.01461286 0.01444572 0.0142501  0.01307517 0.01152745 0.00993641]
 [       nan        nan        nan        nan        nan        nan]
 [       nan        nan        nan        nan        nan        nan]
 [0.35139886 0.36701042 0.39606119 0.41714244 0.44477942 0.46224381]
 [0.01902298 0.02767068 0.0389714  0.05161858 0.06339583 0.07755603]
 [       nan        nan        nan        nan        nan        nan]
 [       nan        nan        nan        nan        nan        nan]
 [       nan        nan        nan        nan        nan        nan]
 [       nan        nan        nan        nan        nan        nan]
 [0.01592493 0.01434035 0.01316487 0.01091692 0.00888184 0.00694856]
 [0.00409688 0.00796684 0.01396812 0.02136861 0.03071723 0.04013638]
 [0.13991832 0.15597978 0.17798669 0.20529339 0.2296986  0.25044119]]","[[False False False False False False]
 [False False False False False False]
 [False False False False False False]
 [False False False False False False]
 [False False False False False False]
 [False False False False False False]
 [ True  True  True  True  True  True]
 [ True  True  True  True  True  True]
 [False False False False False False]
 [ True  True  True  True  True  True]
 [ True  True  True  True  True  True]
 [False False False False False False]
 [False False False False False False]
 [ True  True  True  True  True  True]
 [ True  True  True  True  True  True]
 [ True  True  True  True  True  True]
 [ True  True  True  True  True  True]
 [False False False False False False]
 [False False False False False False]
 [False False False False False False]]","[98.13788154 37.20823993 61.10279129 95.61941683 68.05045991 49.67890248
         nan         nan 99.78778663         nan         nan 37.84482744
 62.10474301         nan         nan         nan         nan 95.96391618
 67.4101885  48.7272152 ]",[1.533e-06 1.581e-06 1.629e-06 1.677e-06 1.725e-06 1.773e-06],,,,,[nan],[['alf_CMi' 'bright' '106']],,[nan]
"('HD142860', 'faint', 105)",HD142860,faint,105,0,"[59672.37168217 59672.37168217 59672.37168217 59672.37168217
 59672.37168217 59672.37168217 59672.38140356 59672.38140356
 59672.38140356 59672.38140356 59672.38140356 59672.38140356]",['1-2' '1-3' '1-4' '2-3' '2-4' '3-4' '1-2' '1-3' '1-4' '2-3' '2-4' '3-4'],"[[0.89423418 0.9046517  0.92149584 0.92469833 0.93654892 0.92929708]
 [0.63345862 0.66136437 0.69096332 0.69165808 0.70967116 0.72249265]
 [0.60672956 0.61782729 0.64594493 0.66270328 0.69188875 0.71122158]
 [1.00400682 0.98525129 1.01166993 0.98235426 1.02284275 1.0201362 ]
 [0.75462489 0.77285142 0.78853877 0.80143634 0.79648076 0.81661944]
 [0.8706951  0.87963824 0.900718   0.90803641 0.90735826 0.91350123]
 [0.86342565 0.88256304 0.90648679 0.91699699 0.92997927 0.92684571]
 [0.65571567 0.69142803 0.71175337 0.71555381 0.73469476 0.74272272]
 [0.59624812 0.61692543 0.64354385 0.66337529 0.69283616 0.71184296]
 [0.96784296 0.96317853 0.98463757 0.96440635 0.99484395 0.98967163]
 [0.73987226 0.76395804 0.78232159 0.79579706 0.79591076 0.81912155]
 [0.85878455 0.86827878 0.88739275 0.90255535 0.89545508 0.91323127]]","[[False False False False False False]
 [False False False False False False]
 [False False False False False False]
 [False False False False False False]
 [False False False False False False]
 [False False False False False False]
 [False False False False False False]
 [False False False False False False]
 [False False False False False False]
 [False False False False False False]
 [False False False False False False]
 [False False False False False False]]","[ 77.66467852 123.52114392 128.25001294  57.60958338 105.92384364
  75.99563352  74.9393299  121.06745622 129.65257552  57.96466716
 107.22424323  74.88754074]",[1.533e-06 1.581e-06 1.629e-06 1.677e-06 1.725e-06 1.773e-06],1.1662542196838381,,,,[1.07259345],[['HD142860' 'faint' '105']],1.1478354740179042,[1.07244944]
"('HD142860', 'faint', 105)",HD142860,faint,105,1,"[59672.3715067  59672.3715067  59672.3715067  59672.3715067
 59672.3715067  59672.3715067  59672.38149097 59672.38149097
 59672.38149097 59672.38149097 59672.38149097 59672.38149097]",['1-2' '1-3' '1-4' '2-3' '2-4' '3-4' '1-2' '1-3' '1-4' '2-3' '2-4' '3-4'],"[[0.86918576 0.88425385 0.90159071 0.91080126 0.92382705 0.91533009]
 [0.61849887 0.65136541 0.67509737 0.67848507 0.6937741  0.70968126]
 [0.58811661 0.59685821 0.62755155 0.64485257 0.67693882 0.69564383]
 [1.00822246 0.97931255 1.00466875 0.98122535 1.0136133  1.00669054]
 [0.74741441 0.75893983 0.77439765 0.7818035  0.77691903 0.80751281]
 [0.85471922 0.8709461  0.88880755 0.89721266 0.90111261 0.90650749]
 [0.85267885 0.87190977 0.89887452 0.90823651 0.92269303 0.92018342]
 [0.65295378 0.68325693 0.69969118 0.70246619 0.72182854 0.7318271 ]
 [0.5854828  0.60514417 0.63471356 0.65271485 0.68507815 0.70261475]
 [0.95883285 0.95465409 0.97524505 0.96059511 0.99175417 0.98031948]
 [0.72230383 0.74752771 0.77166347 0.7814827  0.78336858 0.81225029]
 [0.84275584 0.85983011 0.87826979 0.89582023 0.89106167 0.90843602]]","[[False False False False False False]
 [False False False False False False]
 [False False False False False False]
 [False False False False False False]
 [False False False False False False]
 [False False False False False False]
 [False False False False False False]
 [False False False False False False]
 [False False False False False False]
 [False False False False False False]
 [False False False False False False]
 [False False False False False False]]","[ 77.71122262 123.56069584 128.22135594  57.6014401  105.90114733
  76.01694027  74.91324025 121.04271341 129.66351627  57.96696813
 107.23638739  74.87819054]",[1.533e-06 1.581e-06 1.629e-06 1.677e-06 1.725e-06 1.773e-06],1.184240062642015,,,,[1.06549569],[['HD142860' 'faint' '105']],1.1656051017682596,[1.06534392]
"('HD142860', 'faint', 105)",HD142860,faint,105,2,"[59672.37238739 59672.37238739 59672.37238739 59672.37238739
 59672.37238739 59672.37238739 59672.38149214 59672.38149214
 59672.38149214 59672.38149214 59672.38149214 59672.38149214]",['1-2' '1-3' '1-4' '2-3' '2-4' '3-4' '1-2' '1-3' '1-4' '2-3' '2-4' '3-4'],"[[0.87210037 0.88241769 0.90382506 0.91620881 0.93166914 0.92690582]
 [0.64990348 0.67258414 0.6884626  0.69392417 0.70870872 0.72097706]
 [0.60783769 0.61252081 0.64212189 0.66718931 0.69670836 0.71608542]
 [0.99418957 0.98297719 0.99697877 0.97703214 1.00466373 1.00977978]
 [0.74250783 0.76454114 0.7800144  0.78962785 0.79068525 0.82255054]
 [0.86630409 0.89068954 0.90916784 0.92265447 0.91684094 0.92048058]
 [0.87889257 0.89178809 0.91365537 0.91966918 0.93090659 0.9287312 ]
 [0.67144238 0.69968878 0.7133614  0.72029541 0.74143242 0.74919762]
 [0.60290913 0.61528832 0.64346487 0.6655859  0.69401888 0.71009206]
 [0.97365801 0.97294876 0.98177488 0.96354865 0.98093696 0.99539708]
 [0.73732228 0.76535257 0.7875487  0.79225889 0.79596007 0.82639822]
 [0.8385384  0.86991583 0.8838039  0.90489813 0.90622741 0.91994523]]","[[False False False False False False]
 [False False False False False False]
 [False False False False False False]
 [False False False False False False]
 [False False False False False False]
 [False False False False False False]
 [False False False False False False]
 [False False False False False False]
 [False False False False False False]
 [False False False False False False]
 [False False False False False False]
 [False False False False False False]]","[ 77.47512929 123.35678637 128.36063153  57.64001159 106.01512243
  75.91107264  74.91373261 121.04364521 129.66413398  57.9672976
 107.23636459  74.87812449]",[1.533e-06 1.581e-06 1.629e-06 1.677e-06 1.725e-06 1.773e-06],1.1603354572810105,,,,[1.07139425],[['HD142860' 'faint' '105']],1.1428198469832436,[1.07126257]
"('gam_Lep', 'faint', 106)",gam_Lep,faint,106,0,"[59263.14512114 59263.14512114 59263.14512114 59263.14512114
 59263.14512114 59263.14512114 59263.15492981 59263.15492981
 59263.15492981 59263.15492981 59263.15492981 59263.15492981]",['1-2' '1-3' '1-4' '2-3' '2-4' '3-4' '1-2' '1-3' '1-4' '2-3' '2-4' '3-4'],"[[0.85495804 0.84586922 0.87116341 0.88474381 0.9075783  0.913992  ]
 [0.71454628 0.71510895 0.73834372 0.75248935 0.76728701 0.78099108]
 [0.7045187  0.72115791 0.72502102 0.71550389 0.79243423 0.81546211]
 [1.04268379 1.01861297 1.03963607 1.00123928 1.04571858 1.04760775]
 [0.5343568  0.54002708 0.59026991 0.60323781 0.62137953 0.64787112]
 [0.90870842 0.93267612 0.92642358 0.93452862 0.9574839  0.92312681]
 [0.84014901 0.82642779 0.85052487 0.85842328 0.88010036 0.89261752]
 [0.60741753 0.61879064 0.64925863 0.65871497 0.67321683 0.6935638 ]
 [0.60063962 0.62711086 0.63070606 0.62777577 0.70114938 0.72494173]
 [0.82825461 0.82116354 0.82631803 0.80939486 0.8542799  0.86860813]
 [0.42905568 0.43307706 0.48038818 0.49763788 0.51261993 0.53873893]
 [0.59352667 0.61237116 0.62865477 0.64149069 0.66528206 0.66289047]]","[[False False False False False False]
 [False False False False False False]
 [False False False False False False]
 [False False False False False False]
 [False False False False False False]
 [False False False False False False]
 [False False False False False False]
 [False False False False False False]
 [False False False False False False]
 [False False False False False False]
 [False False False False False False]
 [False False False False False False]]","[ 75.84441742  99.60509549 113.90340295  48.0058361  131.15778114
 102.92623634  74.10894493  95.21377116 110.54418043  46.21113296
 130.73952797 102.97274891]",[1.533e-06 1.581e-06 1.629e-06 1.677e-06 1.725e-06 1.773e-06],1.2986201380157067,,,,[1.0181792],[['gam_Lep' 'faint' '106']],1.279365936110444,[1.01799724]
"('gam_Lep', 'faint', 106)",gam_Lep,faint,106,1,"[59263.14476808 59263.14476808 59263.14476808 59263.14476808
 59263.14476808 59263.14476808 59263.15448779 59263.15448779
 59263.15448779 59263.15448779 59263.15448779 59263.15448779]",['1-2' '1-3' '1-4' '2-3' '2-4' '3-4' '1-2' '1-3' '1-4' '2-3' '2-4' '3-4'],"[[0.86672707 0.84039975 0.8826284  0.88724545 0.90479091 0.91741005]
 [0.70754268 0.70571043 0.73047163 0.74928744 0.76220323 0.78177122]
 [0.68148391 0.69725605 0.70430575 0.69601964 0.76376958 0.7941793 ]
 [1.02388143 0.99859617 1.01333061 0.99026946 1.03938759 1.03954688]
 [0.49931456 0.50090603 0.54553049 0.55783625 0.56822783 0.60295815]
 [0.73740981 0.81679148 0.80658229 0.85081825 0.85446027 0.81530732]
 [0.84876645 0.82217048 0.86479249 0.87126906 0.88493057 0.9028637 ]
 [0.62336547 0.62996675 0.6559081  0.66448767 0.67781799 0.69863967]
 [0.6508691  0.66675686 0.67543443 0.66943008 0.74235695 0.77159395]
 [0.83035581 0.81260756 0.81349325 0.80935075 0.85995829 0.87002127]
 [0.44530088 0.44402265 0.4912624  0.50564643 0.51827742 0.55130374]
 [0.53504548 0.59570432 0.60217766 0.64582003 0.65575694 0.63623251]]","[[False False False False False False]
 [False False False False False False]
 [False False False False False False]
 [False False False False False False]
 [False False False False False False]
 [False False False False False False]
 [False False False False False False]
 [False False False False False False]
 [False False False False False False]
 [False False False False False False]
 [False False False False False False]
 [False False False False False False]]","[ 75.90695913  99.75871132 114.01847446  48.06744573 131.1712181
 102.924929    74.18658553  95.4161267  110.70201575  46.29531742
 130.7601264  102.97009059]",[1.533e-06 1.581e-06 1.629e-06 1.677e-06 1.725e-06 1.773e-06],1.288381318402199,,,,[1.01384329],[['gam_Lep' 'faint' '106']],1.2649944446643049,[1.01367593]
"('gam_Lep', 'faint', 106)",gam_Lep,faint,106,2,"[59263.14459168 59263.14459168 59263.14459168 59263.14459168
 59263.14459168 59263.14459168 59263.15448761 59263.15448761
 59263.15448761 59263.15448761 59263.15448761 59263.15448761]",['1-2' '1-3' '1-4' '2-3' '2-4' '3-4' '1-2' '1-3' '1-4' '2-3' '2-4' '3-4'],"[[0.80893976 0.80562723 0.83130668 0.84410308 0.86025305 0.87812509]
 [0.70274533 0.70740497 0.73807404 0.75368756 0.77177156 0.78106168]
 [0.71329146 0.69364342 0.70248093 0.68539671 0.7539183  0.78053119]
 [0.96483856 0.94763394 0.9737327  0.97107581 1.0091496  1.00205601]
 [0.49176517 0.4977943  0.52589278 0.55583991 0.56414347 0.59988976]
 [0.8215619  0.84220951 0.89335503 0.88646662 0.91979224 0.84977431]
 [0.74561677 0.74897133 0.78041952 0.79846248 0.81650808 0.82936004]
 [0.60138913 0.6234927  0.64848412 0.6604306  0.68070371 0.68033397]
 [0.67155813 0.64714334 0.66435718 0.64519442 0.72010068 0.74795464]
 [0.75318613 0.72106883 0.74370811 0.75185148 0.79554335 0.79935609]
 [0.42390377 0.43026437 0.46604279 0.49296049 0.50982724 0.53357597]
 [0.56404669 0.58651493 0.61865928 0.63683203 0.67336102 0.6272695 ]]","[[False False False False False False]
 [False False False False False False]
 [False False False False False False]
 [False False False False False False]
 [False False False False False False]
 [False False False False False False]
 [False False False False False False]
 [False False False False False False]
 [False False False False False False]
 [False False False False False False]
 [False False False False False False]
 [False False False False False False]]","[ 75.93890274  99.83692845 114.07699593  48.09877445 131.17813169
 102.92438251  74.18639933  95.41550598 110.70151358  46.29504368
 130.76015202 102.9702    ]",[1.533e-06 1.581e-06 1.629e-06 1.677e-06 1.725e-06 1.773e-06],1.2269336221183231,,,,[0.95677371],[['gam_Lep' 'faint' '106']],1.2048130345281811,[0.95665325]
"('rho_Pup', 'bright', 106)",rho_Pup,bright,106,0,"[59263.16993144 59263.16993144 59263.16993144 59263.16993144
 59263.16993144 59263.16993144 59263.18008829 59263.18008829
 59263.18008829 59263.18008829 59263.18008829 59263.18008829]",['1-2' '1-3' '1-4' '2-3' '2-4' '3-4' '1-2' '1-3' '1-4' '2-3' '2-4' '3-4'],"[[0.59432156 0.60521296 0.61957326 0.63851798 0.66442349 0.66549162]
 [0.29417909 0.31454791 0.33771167 0.3618501  0.38719162 0.4049379 ]
 [0.24699636 0.2734685  0.28883885 0.30963688 0.33189308 0.3383314 ]
 [0.71547148 0.71847622 0.73841442 0.73731806 0.72407966 0.75242171]
 [0.24963766 0.27231515 0.29662885 0.31603419 0.32768371 0.35656015]
 [0.35941935 0.37413749 0.40202335 0.41177358 0.43547708 0.4622373 ]
 [0.60765435 0.62602976 0.63712743 0.66147431 0.68305634 0.69094364]
 [0.37130379 0.39226693 0.41957557 0.44186494 0.46461461 0.48741875]
 [0.32833935 0.36681741 0.3887636  0.40842083 0.44809141 0.44381028]
 [0.82502787 0.81857576 0.84063928 0.84199902 0.84429893 0.86816229]
 [0.28539326 0.31208726 0.34267462 0.36242866 0.37954728 0.41234443]
 [0.48094408 0.50504852 0.52460985 0.547651   0.56548499 0.60044655]]","[[False False False False False False]
 [False False False False False False]
 [False False False False False False]
 [False False False False False False]
 [False False False False False False]
 [False False False False False False]
 [False False False False False False]
 [False False False False False False]
 [False False False False False False]
 [False False False False False False]
 [False False False False False False]
 [False False False False False False]]","[ 87.94476651 124.52250434 129.71903398  56.71400315 132.30401512
 103.67985601  86.82339127 122.33833816 128.34602725  55.96067264
 132.22013237 103.59046732]",[1.533e-06 1.581e-06 1.629e-06 1.677e-06 1.725e-06 1.773e-06],1.60186979089393,,,,[0.95647862],[['rho_Pup' 'bright' '106']],1.5760733986841537,[0.95579527]
"('rho_Pup', 'bright', 106)",rho_Pup,bright,106,1,"[59263.17020682 59263.17020682 59263.17020682 59263.17020682
 59263.17020682 59263.17020682 59263.17978944 59263.17978944
 59263.17978944 59263.17978944 59263.17978944 59263.17978944]",['1-2' '1-3' '1-4' '2-3' '2-4' '3-4' '1-2' '1-3' '1-4' '2-3' '2-4' '3-4'],"[[0.55722847 0.5683796  0.59435187 0.61194376 0.64208392 0.64716492]
 [0.31223258 0.33092722 0.35281148 0.37981073 0.40436086 0.42080064]
 [0.26293958 0.29504962 0.31067441 0.33948385 0.36178309 0.35349725]
 [0.73422371 0.74038686 0.76085138 0.76479009 0.74417297 0.78082943]
 [0.25313361 0.27798358 0.29647849 0.31895607 0.32915049 0.36405597]
 [0.39244429 0.40985734 0.43644742 0.44435627 0.4692022  0.50400604]
 [0.5855046  0.60576643 0.62234974 0.64499218 0.66977652 0.67663112]
 [0.37214205 0.39014281 0.41735596 0.44194282 0.46492269 0.48532284]
 [0.33518976 0.38023177 0.39831622 0.43025992 0.46563579 0.44439615]
 [0.80246544 0.80336818 0.82149605 0.82920681 0.82746634 0.85424543]
 [0.28798759 0.31709835 0.34285003 0.36419302 0.38056762 0.41880651]
 [0.47316921 0.5009801  0.51632318 0.5365637  0.5572346  0.59610443]]","[[False False False False False False]
 [False False False False False False]
 [False False False False False False]
 [False False False False False False]
 [False False False False False False]
 [False False False False False False]
 [False False False False False False]
 [False False False False False False]
 [False False False False False False]
 [False False False False False False]
 [False False False False False False]
 [False False False False False False]]","[ 87.91684287 124.46881881 129.6859158   56.69575443 132.30220564
 103.67743742  86.85876143 122.40810141 128.39063896  55.98505828
 132.22311251 103.5930513 ]",[1.533e-06 1.581e-06 1.629e-06 1.677e-06 1.725e-06 1.773e-06],1.6030807609183628,,,,[0.93811919],[['rho_Pup' 'bright' '106']],1.5768166240103296,[0.93752402]
"('rho_Pup', 'bright', 106)",rho_Pup,bright,106,2,"[59263.17001987 59263.17001987 59263.17001987 59263.17001987
 59263.17001987 59263.17001987 59263.18040756 59263.18040756
 59263.18040756 59263.18040756 59263.18040756 59263.18040756]",['1-2' '1-3' '1-4' '2-3' '2-4' '3-4' '1-2' '1-3' '1-4' '2-3' '2-4' '3-4'],"[[0.60844685 0.62307744 0.64523537 0.67107619 0.69660643 0.70530448]
 [0.31095811 0.33043482 0.35380957 0.37829175 0.40440002 0.42298805]
 [0.24621132 0.27337048 0.29070871 0.30890919 0.33645539 0.34393608]
 [0.77116601 0.77669197 0.8108502  0.80242036 0.7844433  0.80957228]
 [0.25032472 0.27225234 0.30025072 0.31590544 0.32696314 0.35233444]
 [0.38605188 0.39907025 0.42669386 0.44583397 0.46633899 0.49666015]
 [0.61965744 0.64280505 0.66123204 0.69202905 0.71262015 0.72525709]
 [0.38334694 0.40234891 0.43006813 0.45120307 0.47392934 0.49625353]
 [0.32437224 0.36766176 0.38241853 0.40329508 0.44733558 0.44277718]
 [0.85524112 0.8575415  0.89611733 0.88706752 0.87952528 0.89816553]
 [0.28479417 0.30692908 0.3436684  0.35673555 0.37413881 0.40285466]
 [0.49855888 0.51619266 0.53602596 0.57010136 0.58168063 0.61710029]]","[[False False False False False False]
 [False False False False False False]
 [False False False False False False]
 [False False False False False False]
 [False False False False False False]
 [False False False False False False]
 [False False False False False False]
 [False False False False False False]
 [False False False False False False]
 [False False False False False False]
 [False False False False False False]
 [False False False False False False]]","[ 87.93560906 124.50493661 129.70817757  56.70802828 132.30335019
 103.67900124  86.7857061  122.26389308 128.2983929   55.93463155
 132.21702868 103.58781401]",[1.533e-06 1.581e-06 1.629e-06 1.677e-06 1.725e-06 1.773e-06],1.639637189478714,,,,[1.01866946],[['rho_Pup' 'bright' '106']],1.6134031876528403,[1.01790545]
