baseline_m,bootstrap_metadata_index,c_scale,candidate_remove,e_vis2_corrected,highlighted,mjd,model_vis2,night,oifits_flag,point_id,residual,sigma_outlier,spatial_frequency_rad_inv,standardized_residual,star,telescope_pair,vis2_corrected,wavelength_index,wavelength_um
84.71024775838261,0,1.049765453279017,True,0.003277205758983497,False,59672.29739515319,0.8450861275564917,2022-04-02,False,4,0.019960229699825693,True,49107391.50433197,6.090624503850753,HD124850,1-2,0.8650463572563174,4,1.7249999473278876
124.89677344435042,0,1.049765453279017,True,0.0024457533934057335,False,59672.29739515319,0.6403257167735035,2022-04-02,False,7,-0.019168187221038524,True,78998592.06581958,-7.837334406943887,HD124850,1-3,0.621157529552465,1,1.580999992256693
124.89677344435042,0,1.049765453279017,True,0.001873674057375405,False,59672.29739515319,0.6577392166311257,2022-04-02,False,8,-0.013849783682104877,True,76670822.20706163,-7.391778536713745,HD124850,1-3,0.6438894329490208,2,1.6290000530716497
124.89677344435042,0,1.049765453279017,True,0.0013369591232691165,False,59672.29739515319,0.6740198789084484,2022-04-02,False,9,-0.01662998841168639,True,74476310.92991793,-12.438666315409062,HD124850,1-3,0.657389890496762,3,1.6770000001997687
124.89677344435042,0,1.049765453279017,True,0.0018284280960984074,False,59672.29739515319,0.6892520929636313,2022-04-02,False,10,-0.014254569296534014,True,72403928.845228,-7.796078679249754,HD124850,1-3,0.6749975236670973,4,1.7249999473278876
124.89677344435042,0,1.049765453279017,True,0.0016021842516445626,False,59672.29739515319,0.7035143356387443,2022-04-02,False,11,-0.011735450263097413,True,70443752.32416126,-7.324657105480569,HD124850,1-3,0.6917788853756469,5,1.7730000081428443
132.3194682870052,0,1.049765453279017,True,0.0010908670774021996,False,59672.29739515319,0.6048624957106554,2022-04-02,False,13,-0.01259935858187311,True,83693528.73818462,-11.54985684587469,HD124850,1-4,0.5922631371287823,1,1.580999992256693
132.3194682870052,0,1.049765453279017,True,0.001536287899288302,False,59672.29739515319,0.6235381589743779,2022-04-02,False,14,-0.013733458399832532,True,81227418.03323027,-8.93937809846362,HD124850,1-4,0.6098047005745454,2,1.6290000530716497
132.3194682870052,0,1.049765453279017,True,0.0017149464361213645,False,59672.29739515319,0.6728824939675893,2022-04-02,False,17,0.008121918173809362,True,74630269.41867036,4.73596026251317,HD124850,1-4,0.6810044121413986,5,1.7730000081428443
58.21336242996766,0,1.049765453279017,True,0.005186156311817963,False,59672.29739515319,0.9198731082136374,2022-04-02,False,21,-0.02019595167964694,True,34712798.10556537,-3.894204197745714,HD124850,2-3,0.8996771565339905,3,1.6770000001997687
58.21336242996766,0,1.049765453279017,True,0.0033793924107324643,False,59672.29739515319,0.9280535163209245,2022-04-02,False,23,-0.011857214107364844,True,32833255.59086947,-3.508682232258094,HD124850,2-3,0.9161963022135596,5,1.7730000081428443
127.12312075487678,0,1.049765453279017,True,0.0023922508082661626,False,59672.29739515319,0.6943950511507785,2022-04-02,False,29,0.01788346210342351,True,71699447.3609923,7.475579918973859,HD124850,2-4,0.712278513254202,5,1.7730000081428443
122.58330503548045,0,1.049765453279017,True,0.003621881668258965,False,59672.30682962815,0.6841761845489851,2022-04-02,False,45,-0.01129027402266547,True,73096782.95818605,-3.117239892625397,HD124850,1-3,0.6728859105263196,3,1.6770000001997687
122.58330503548045,0,1.049765453279017,True,0.003910877592407172,False,59672.30682962815,0.6990265243453859,2022-04-02,False,46,-0.011811049792875505,True,71062787.69768555,-3.0200510023137093,HD124850,1-3,0.6872154745525104,4,1.7249999473278876
122.58330503548045,0,1.049765453279017,True,0.004139795984878979,False,59672.30682962815,0.7129217190307824,2022-04-02,False,47,-0.012992879748131347,True,69138919.61223519,-3.138531414492199,HD124850,1-3,0.699928839282651,5,1.7730000081428443
132.41429013503716,0,1.049765453279017,True,0.0026606139820248473,False,59672.30682962815,0.6724872194884113,2022-04-02,False,53,0.020842764786159873,True,74683750.43818331,7.833817655238205,HD124850,1-4,0.6933299842745712,5,1.7730000081428443
127.6281099809098,0,1.049765453279017,True,0.00393992212055625,False,59672.30682962815,0.6452096721559984,2022-04-02,False,62,0.020112707104034344,True,78347517.38666531,5.104848900209929,HD124850,2-4,0.6653223792600328,2,1.6290000530716497
127.6281099809098,0,1.049765453279017,True,0.004245072326871322,False,59672.30682962815,0.6619504293926914,2022-04-02,False,63,0.018660088853553525,True,76105014.88712367,4.395705754042187,HD124850,2-4,0.680610518246245,3,1.6770000001997687
127.6281099809098,0,1.049765453279017,True,0.00417999801235265,False,59672.30682962815,0.6776272930339022,2022-04-02,False,64,0.016066761058648016,True,73987312.39303063,3.843724569047122,HD124850,2-4,0.6936940540925502,4,1.7249999473278876
127.6281099809098,0,1.049765453279017,True,0.003913666184471099,False,59672.30682962815,0.6923180032411815,2022-04-02,False,65,0.02779909889686405,True,71984269.25817998,7.103083805963609,HD124850,2-4,0.7201171021380456,5,1.7730000081428443
96.11126055692438,0,1.049765453279017,True,0.0035055835525505193,False,59672.30682962815,0.7581901152456738,2022-04-02,False,66,-0.019968131297141922,True,62694884.36242247,-5.696093388678164,HD124850,3-4,0.7382219839485319,0,1.5330000451285741
96.11126055692438,0,1.049765453279017,True,0.0028373100198218985,False,59672.30682962815,0.7711273756171204,2022-04-02,False,67,-0.019059581165180695,True,60791436.450127214,-6.717482767842581,HD124850,3-4,0.7520677944519397,1,1.580999992256693
96.11126055692438,0,1.049765453279017,True,0.0022443944767858294,False,59672.30682962815,0.7830974903825061,2022-04-02,False,68,-0.010600034931969371,True,59000158.02681931,-4.722892985884351,HD124850,3-4,0.7724974554505367,2,1.6290000530716497
96.11126055692438,0,1.049765453279017,True,0.0026330609943753026,False,59672.30682962815,0.8140495868447736,2022-04-02,False,71,0.010178480954193825,True,54208268.536669426,3.8656457165014073,HD124850,3-4,0.8242280677989674,5,1.7730000081428443
83.69065742831927,0,1.0995536309403429,True,0.008568032576995042,False,59669.311479204065,0.8116273082660319,2022-03-30,False,72,0.02594248870441407,True,54592729.91821736,3.0278233038082765,HD124850,1-2,0.837569796970446,0,1.5330000451285741
83.69065742831927,0,1.0995536309403429,True,0.005672770041428091,False,59669.311479204065,0.8485433893335229,2022-03-30,False,76,0.023592748340919067,True,48516324.62827627,4.1589467171455645,HD124850,1-2,0.872136137674442,4,1.7249999473278876
132.41027915553025,0,1.0995536309403429,True,0.005372239390796401,False,59669.311479204065,0.6570777646018512,2022-03-30,False,88,0.02302497121188718,True,76759584.46296795,4.285916828526487,HD124850,1-4,0.6801027358137384,4,1.7249999473278876
132.41027915553025,0,1.0995536309403429,True,0.005212272448671764,False,59669.311479204065,0.6725039415098707,2022-03-30,False,89,0.024533152884893883,True,74681488.18240865,4.7068055491123895,HD124850,1-4,0.6970370943947646,5,1.7730000081428443
96.34310273902243,0,1.0995536309403429,True,0.003467353145528151,False,59669.311479204065,0.7571530225002214,2022-03-30,False,102,-0.016031527465426243,True,62846118.65809961,-4.623563505811954,HD124850,3-4,0.7411214950347952,0,1.5330000451285741
96.34310273902243,0,1.0995536309403429,True,0.003896140200662943,False,59669.311479204065,0.7701384757160715,2022-03-30,False,103,-0.02319172701411787,True,60938079.19727051,-5.9524878006627455,HD124850,3-4,0.7469467487019537,1,1.580999992256693
81.41909516965073,0,1.0995536309403429,True,0.0033158039193690618,False,59669.32261177137,0.8561363378833274,2022-03-30,False,112,0.014085008958636402,True,47199476.90188225,4.247841338373388,HD124850,1-2,0.8702213468419638,4,1.7249999473278876
120.73821973278854,0,1.0995536309403429,True,0.0029690894468354613,False,59669.32261177137,0.6922283540139634,2022-03-30,False,117,-0.012603961562786425,True,71996553.2011961,-4.2450595674105,HD124850,1-3,0.679624392451177,3,1.6770000001997687
120.73821973278854,0,1.0995536309403429,True,0.0029761077520160705,False,59669.32261177137,0.7067710138868655,2022-03-30,False,118,-0.015868260578735915,True,69993172.99679814,-5.33188375588433,HD124850,1-3,0.6909027533081296,4,1.7249999473278876
120.73821973278854,0,1.0995536309403429,True,0.0031734324796313025,False,59669.32261177137,0.7203710601599468,2022-03-30,False,119,-0.019977516108830362,True,68098262.3678934,-6.295239062767581,HD124850,1-3,0.7003935440511164,5,1.7730000081428443
132.3016903478532,0,1.0995536309403429,True,0.003818988627505993,False,59669.32261177137,0.6729565929425689,2022-03-30,False,125,0.01986886618537076,True,74620242.3802776,5.20265130989568,HD124850,1-4,0.6928254591279397,5,1.7730000081428443
57.858236572341575,0,1.0995536309403429,True,0.006133760725171262,False,59669.32261177137,0.9058736934288941,2022-03-30,False,126,0.01999370596658978,True,37741836.183370076,3.2596162228078325,HD124850,2-3,0.9258673993954839,0,1.5330000451285741
57.858236572341575,0,1.0995536309403429,True,0.002545655616716153,False,59669.32261177137,0.9289018837720023,2022-03-30,False,131,0.01139905892856996,True,32632958.999783684,4.477848006508645,HD124850,2-3,0.9403009427005723,5,1.7730000081428443
95.77903885229259,0,1.0995536309403429,True,0.0030856754791188747,False,59669.32261177137,0.7596739219991332,2022-03-30,False,138,-0.020456341593945493,True,62478170.928076856,-6.629453334407956,HD124850,3-4,0.7392175804051877,0,1.5330000451285741
95.77903885229259,0,1.0995536309403429,True,0.003375952279816616,False,59669.32261177137,0.7725421102131296,2022-03-30,False,139,-0.028363922520662332,True,60581302.543575086,-8.401754577586352,HD124850,3-4,0.7441781876924672,1,1.580999992256693
95.77903885229259,0,1.0995536309403429,True,0.004051276836813032,False,59669.32261177137,0.7844471748078792,2022-03-30,False,140,-0.017727907195783765,True,58796215.91889528,-4.375881459073421,HD124850,3-4,0.7667192676120954,2,1.6290000530716497
95.77903885229259,0,1.0995536309403429,True,0.003452326049053039,False,59669.32261177137,0.7954778731960791,2022-03-30,False,141,-0.011450102851423116,True,57113320.71609012,-3.3166342601284255,HD124850,3-4,0.784027770344656,3,1.6770000001997687
113.27910674444782,0,1.0503557988178858,True,0.005131452140524024,False,59669.340562850804,0.7672627533749958,2022-03-30,False,28,-0.01647951890007604,True,65669049.39326108,-3.211472785633961,HD141004,2-4,0.7507832344749198,4,1.7249999473278876
127.55270005564633,0,1.0503557988178858,True,0.0033991471219753733,False,59669.35007921152,0.7132457519291601,2022-03-30,False,52,0.013471932991728108,True,73943596.49299231,3.9633274195849038,HD141004,1-4,0.7267176849208882,4,1.7249999473278876
127.55270005564633,0,1.0503557988178858,True,0.0031363513360624425,False,59669.35007921152,0.7265932698492821,2022-03-30,False,53,0.017008424301672265,True,71941736.86961983,5.422997132402146,HD141004,1-4,0.7436016941509543,5,1.7730000081428443
57.15747259777123,0,1.0503557988178858,True,0.00582947949426665,False,59669.35007921152,0.9192957423770204,2022-03-30,False,54,0.018174177239990374,True,37284716.83963805,3.1176329306698576,HD141004,2-3,0.9374699196170108,0,1.5330000451285741
57.15747259777123,0,1.0503557988178858,True,0.004030327908679217,False,59669.35007921152,0.9357919647474751,2022-03-30,False,58,0.019937545938320422,True,33134767.735101126,4.946879358224273,HD141004,2-3,0.9557295106857955,4,1.7249999473278876
87.46160558154325,0,1.0503557988178858,True,0.003085148358296308,False,59669.35007921152,0.8623737596205535,2022-03-30,False,71,0.017609964199118422,True,49329726.55378397,5.707979699505622,HD141004,3-4,0.8799837238196719,5,1.7730000081428443
88.74750019854596,0,1.0496550692036724,True,0.0029917213208427336,False,59671.317650570694,0.8430558715528225,2022-04-01,False,75,0.01755236100454649,True,52920393.67201796,5.866977275678268,HD141004,1-2,0.860608232557369,3,1.6770000001997687
88.74750019854596,0,1.0496550692036724,True,0.0029127929801063507,False,59671.317650570694,0.8510980116735078,2022-04-01,False,76,0.018460548315263225,True,51447827.772992305,6.3377481480297995,HD141004,1-2,0.8695585599887711,4,1.7249999473278876
88.74750019854596,0,1.0496550692036724,True,0.002949870613804371,False,59671.317650570694,0.858552305439386,2022-04-01,False,77,0.012557207894735689,True,50054991.421858974,4.256867347324426,HD141004,1-2,0.8711095133341217,5,1.7730000081428443
121.5747024354647,0,1.0496550692036724,True,0.0026458795400564087,False,59671.317650570694,0.7229182325612707,2022-04-01,False,87,0.0154270381456737,True,72495350.28084818,5.830589757440281,HD141004,1-4,0.7383452707069444,3,1.6770000001997687
121.5747024354647,0,1.0496550692036724,True,0.0046460790524625725,False,59671.317650570694,0.7362466225120513,2022-04-01,False,88,0.019198359266698772,True,70478090.52040267,4.132163712652074,HD141004,1-4,0.7554449817787501,4,1.7249999473278876
121.5747024354647,0,1.0496550692036724,True,0.0031431921669798266,False,59671.317650570694,0.7486867950280165,2022-04-01,False,89,0.01716170651852722,True,68570051.82014069,5.459960959058144,HD141004,1-4,0.7658485015465437,5,1.7730000081428443
90.78865482026549,0,1.0496550692036724,True,0.0033487012501051375,False,59671.317650570694,0.8068827318420364,2022-04-01,False,102,-0.015072355712487218,True,59222865.06694197,-4.500955620336092,HD141004,3-4,0.7918103761295492,0,1.5330000451285741
90.78865482026549,0,1.0496550692036724,True,0.0029412988172085835,False,59671.317650570694,0.8174794318381997,2022-04-01,False,103,-0.011383481381169402,True,57424829.38957848,-3.8702226766516725,HD141004,3-4,0.8060959504570303,1,1.580999992256693
90.78865482026549,0,1.0496550692036724,True,0.0022488390720015795,False,59671.317650570694,0.8272543012251226,2022-04-01,False,104,-0.014670091804281693,True,55732751.29676884,-6.523406670991614,HD141004,3-4,0.8125842094208409,2,1.6290000530716497
90.78865482026549,0,1.0496550692036724,True,0.002610406564369084,False,59671.317650570694,0.8446486075335151,2022-04-01,False,106,-0.010159285793874484,True,52631105.850699715,-3.8918404253744696,HD141004,3-4,0.8344893217396406,4,1.7249999473278876
90.78865482026549,0,1.0496550692036724,True,0.002464108427308754,False,59671.317650570694,0.852401732539999,2022-04-01,False,107,-0.010100188202730953,True,51206234.858037844,-4.098921983624788,HD141004,3-4,0.842301544337268,5,1.7730000081428443
86.14730604322398,0,1.0496550692036724,True,0.0031198475787213888,False,59671.33715072247,0.8343118256603602,2022-04-01,False,109,-0.009426755777167672,True,54489124.8988931,-3.02154369382079,HD141004,1-2,0.8248850698831925,1,1.580999992256693
86.14730604322398,0,1.0496550692036724,True,0.002938028627245707,False,59671.33715072247,0.8591584925036744,2022-04-01,False,112,0.010805209498996882,True,49940468.796344325,3.677707357510116,HD141004,1-2,0.8699637020026713,4,1.7249999473278876
128.45955792118627,0,1.0496550692036724,True,0.003062939535394974,False,59671.33715072247,0.6952933605908859,2022-04-01,False,117,-0.010206797880370932,True,76600809.72324617,-3.3323536956646906,HD141004,1-3,0.6850865627105149,3,1.6770000001997687
128.45955792118627,0,1.0496550692036724,True,0.0031485911347930062,False,59671.33715072247,0.7231983566388929,2022-04-01,False,119,-0.009679954394389956,True,72453219.02493569,-3.074376436947674,HD141004,1-3,0.7135184022445029,5,1.7730000081428443
126.03471437286159,0,1.0496550692036724,True,0.0035021295546843302,False,59671.33715072247,0.7322513180613012,2022-04-01,False,125,0.019112248819959432,True,71085568.97576022,5.457322044067597,HD141004,1-4,0.7513635668812606,5,1.7730000081428443
56.6135281486042,0,1.0496550692036724,True,0.0030581388309656858,False,59671.33715072247,0.9207721477936996,2022-04-01,False,126,0.012324460496058287,True,36929893.334644996,4.030052648776093,HD141004,2-3,0.9330966082897579,0,1.5330000451285741
56.6135281486042,0,1.0496550692036724,True,0.0032729587993979422,False,59671.33715072247,0.9334205149254093,2022-04-01,False,129,-0.01581681448145611,True,33758812.24917129,-4.832573659150735,HD141004,2-3,0.9176037004439532,3,1.6770000001997687
113.38459553523803,0,1.0496550692036724,True,0.0034170421879849543,False,59671.33715072247,0.7280814022301609,2022-04-01,False,133,0.012808925521515802,True,71717012.0749936,3.748541813898202,HD141004,2-4,0.7408903277516767,1,1.580999992256693
113.38459553523803,0,1.0496550692036724,True,0.0033280915699386944,False,59671.33715072247,0.7419677504309606,2022-04-01,False,134,0.013632537707958803,True,69603801.00751963,4.096202710014353,HD141004,2-4,0.7556002881389194,2,1.6290000530716497
113.38459553523803,0,1.0496550692036724,True,0.0021016434333120016,False,59671.33715072247,0.7548709553032521,2022-04-01,False,135,0.010659907206420072,True,67611565.60627988,5.072176867614986,HD141004,2-4,0.7655308625096722,3,1.6770000001997687
113.38459553523803,0,1.0496550692036724,True,0.0025434394803522734,False,59671.33715072247,0.7780583271707608,2022-04-01,False,137,0.011270292200218912,True,63950702.207838364,4.431122614585642,HD141004,2-4,0.7893286193709798,5,1.7730000081428443
88.39961692871763,0,1.0496550692036724,True,0.003269303299613457,False,59671.33715072247,0.8160794665139474,2022-04-01,False,138,-0.01700748750300185,True,57664458.13855372,-5.202174880811063,HD141004,3-4,0.7990719790109455,0,1.5330000451285741
88.39961692871763,0,1.0496550692036724,True,0.0025081253478772257,False,59671.33715072247,0.8262181649946739,2022-04-01,False,139,-0.01670313470853879,True,55913736.4716476,-6.659609226738065,HD141004,3-4,0.8095150302861351,1,1.580999992256693
88.39961692871763,0,1.0496550692036724,True,0.001760371949390936,False,59671.33715072247,0.8355653796067695,2022-04-01,False,140,-0.020974312546960028,True,54266184.191971585,-11.914705045270033,HD141004,3-4,0.8145910670598094,2,1.6290000530716497
88.39961692871763,0,1.0496550692036724,True,0.0016302031262638397,False,59671.33715072247,0.8441986293474255,2022-04-01,False,141,-0.012433637558223132,True,52712949.86176937,-7.627048039540328,HD141004,3-4,0.8317649917892024,3,1.6770000001997687
88.39961692871763,0,1.0496550692036724,True,0.0030808441800772705,False,59671.33715072247,0.8521866108427978,2022-04-01,False,142,-0.01927273264094831,True,51246156.306064315,-6.255666146823735,HD141004,3-4,0.8329138782018495,4,1.7249999473278876
88.39961692871763,0,1.0496550692036724,True,0.0028171222716490856,False,59671.33715072247,0.8595902551494247,2022-04-01,False,143,-0.013317167294460086,True,49858779.76465051,-4.727223744770045,HD141004,3-4,0.8462730878549646,5,1.7730000081428443
77.6189003027001,0,1.0299205769365454,True,0.003683125402757768,False,59672.37194611353,0.8494167388585804,2022-04-02,False,3,0.011078484335907968,True,46284377.038434066,3.0079031052303757,HD142860,1-2,0.8604952231944883,3,1.6770000001997687
77.6189003027001,0,1.0299205769365454,True,0.0026569410128197196,False,59672.37194611353,0.8571571717960254,2022-04-02,False,4,0.028699363855916316,True,44996465.317541435,10.801656385084241,HD142860,1-2,0.8858565356519417,4,1.7249999473278876
77.6189003027001,0,1.0299205769365454,True,0.002548055908972996,False,59672.37194611353,0.8643293335545543,2022-04-02,False,5,0.02249472016753229,True,43778285.361658394,8.82818940052178,HD142860,1-2,0.8868240537220866,5,1.7730000081428443
123.48125884564057,0,1.0299205769365454,True,0.002161865801756591,False,59672.37194611353,0.6387382766620867,2022-04-02,False,8,0.01061408909521011,True,75801875.27483732,4.909689161365056,HD142860,1-3,0.6493523657572968,2,1.6290000530716497
128.2763878680196,0,1.0299205769365454,True,0.002017813702747443,False,59672.37194611353,0.5763716243276901,2022-04-02,False,12,-0.01620866370929519,True,83676701.95160428,-8.032785032248304,HD142860,1-4,0.5601629606183949,0,1.5330000451285741
128.2763878680196,0,1.0299205769365454,True,0.001613085742439018,False,59672.37194611353,0.5965805126985452,2022-04-02,False,13,-0.020896418584643528,True,81136235.60802175,-12.95431360830685,HD142860,1-4,0.5756840941139016,1,1.580999992256693
128.2763878680196,0,1.0299205769365454,True,0.0023198882703198828,False,59672.37194611353,0.6500076730730443,2022-04-02,False,16,0.014481092374971083,True,74363125.67239566,6.2421507795176385,HD142860,1-4,0.6644887654480154,4,1.7249999473278876
128.2763878680196,0,1.0299205769365454,True,0.0035569698932980303,False,59672.37194611353,0.665679413220201,2022-04-02,False,17,0.012497291163095725,True,72349908.2227217,3.513465544547584,HD142860,1-4,0.6781767043832967,5,1.7730000081428443
57.61677779333815,0,1.0299205769365454,True,0.007956269379609292,False,59672.37194611353,0.8984157278388843,2022-04-02,False,18,0.0316522086941492,True,37584328.83053554,3.9782726280320513,HD142860,2-3,0.9300679365330335,0,1.5330000451285741
57.61677779333815,0,1.0299205769365454,True,0.005696523316276568,False,59672.37194611353,0.9190209890294976,2022-04-02,False,22,0.025748205226678533,True,33401031.624719445,4.519985927751525,HD142860,2-3,0.9447691942561761,4,1.7249999473278876
57.61677779333815,0,1.0299205769365454,True,0.0035071333476277802,False,59672.37194611353,0.9232029692275997,2022-04-02,False,23,0.02783479515754228,True,32496772.435827408,7.936622990502968,HD142860,2-3,0.951037764385142,5,1.7730000081428443
105.94580731817045,0,1.0299205769365454,True,0.004384429239035467,False,59672.37194611353,0.7599186680878696,2022-04-02,False,29,0.018255087148657756,True,59755108.19604845,4.163617691928745,HD142860,2-4,0.7781737552365273,5,1.7730000081428443
75.97531040928638,0,1.0299205769365454,True,0.005234870397892378,False,59672.37194611353,0.8290313904726282,2022-04-02,False,30,-0.01899883862896412,True,49559887.91436354,-3.629285385291159,HD142860,3-4,0.8100325518436641,0,1.5330000451285741
75.97531040928638,0,1.0299205769365454,True,0.0027277831547008213,False,59672.37194611353,0.8385174409413375,2022-04-02,False,31,-0.010039913807141088,True,48055225.03566903,-3.6806128778378824,HD142860,3-4,0.8284775271341964,1,1.580999992256693
75.97531040928638,0,1.0299205769365454,True,0.003729571668962654,False,59672.37194611353,0.869687630213919,2022-04-02,False,35,0.015935304859250987,True,42851274.70973216,4.272690344541159,HD142860,3-4,0.88562293507317,5,1.7730000081428443
74.93969098698274,0,1.0299205769365454,True,0.005143727053119264,False,59672.381492385626,0.8333153992082076,2022-04-02,False,36,-0.04875594074256173,True,48884337.10430679,-9.478718493236359,HD142860,1-2,0.7845594584656459,0,1.5330000451285741
74.93969098698274,0,1.0299205769365454,True,0.005630114083215715,False,59672.381492385626,0.8425830757637648,2022-04-02,False,37,-0.02813135768225805,True,47400184.28464068,-4.9965875054152455,HD142860,1-2,0.8144517180815067,1,1.580999992256693
74.93969098698274,0,1.0299205769365454,True,0.004007614827743155,False,59672.381492385626,0.8662756472860149,2022-04-02,False,40,0.01372195452608238,True,43443300.44941052,3.423970395331068,HD142860,1-2,0.8799976018120973,4,1.7249999473278876
129.65242104015098,0,1.0299205769365454,True,0.0030536879497960008,False,59672.381492385626,0.5692219989503602,2022-04-02,False,48,-0.021057714037914232,True,84574309.99571621,-6.89583034812741,HD142860,1-4,0.548164284912446,0,1.5330000451285741
129.65242104015098,0,1.0299205769365454,True,0.003867439361548971,False,59672.381492385626,0.589662901111962,2022-04-02,False,49,-0.016186066601090787,True,82006591.82489133,-4.18521535515634,HD142860,1-4,0.5734768345108712,1,1.580999992256693
129.65242104015098,0,1.0299205769365454,True,0.0025306771504612726,False,59672.381492385626,0.6437660342312053,2022-04-02,False,52,0.01925946334706352,True,75160826.08639447,7.610399194363079,HD142860,1-4,0.6630254975782688,4,1.7249999473278876
129.65242104015098,0,1.0299205769365454,True,0.002901571550030956,False,59672.381492385626,0.659652399659724,2022-04-02,False,53,0.015694244539209423,True,73126012.6591637,5.408877316515592,HD142860,1-4,0.6753466441989334,5,1.7730000081428443
57.9646364764538,0,1.0299205769365454,True,0.003880371815136725,False,59672.381492385626,0.9134959236300357,2022-04-02,False,57,-0.02514757116413535,True,34564482.09275426,-6.480711736447162,HD142860,2-3,0.8883483524659004,3,1.6770000001997687
107.2241011270644,0,1.0299205769365454,True,0.004049373526803758,False,59672.381492385626,0.7547503104580454,2022-04-02,False,65,0.022333656834308213,True,60476086.088334486,5.51533630732667,HD142860,2-4,0.7770839672923536,5,1.7730000081428443
74.88772087391492,0,1.0299205769365454,True,0.010279658894156685,False,59672.381492385626,0.8335293138646553,2022-04-02,False,66,-0.045948387005737557,True,48850436.183538415,-4.469835767785662,HD142860,3-4,0.7875809268589178,0,1.5330000451285741
74.88772087391492,0,1.0299205769365454,True,0.006034513639468301,False,59672.381492385626,0.8427860583283636,2022-04-02,False,67,-0.03175966854211021,True,47367312.61271003,-5.263003854094949,HD142860,3-4,0.8110263897862534,1,1.580999992256693
74.88772087391492,0,1.0299205769365454,True,0.0036233511413179646,False,59672.381492385626,0.8513112817090386,2022-04-02,False,68,-0.02018336942336807,True,45971588.97122581,-5.570359768119667,HD142860,3-4,0.8311279122856705,2,1.6290000530716497
74.88772087391492,0,1.0299205769365454,True,0.0025363439453751084,False,59672.381492385626,0.8664501386718417,2022-04-02,False,70,-0.0207165075344381,True,43413172.846712135,-8.167862080461752,HD142860,3-4,0.8457336311374036,4,1.7249999473278876
74.88772087391492,0,1.0299205769365454,True,0.002581124445915486,False,59672.381492385626,0.8731850815738783,2022-04-02,False,71,0.010431669688578449,True,42237857.03890503,4.041521401684486,HD142860,3-4,0.8836167512624568,5,1.7730000081428443
109.18292684744443,0,1.1129847617318456,True,0.009250007279375732,False,58813.207609858786,0.7451536418934063,2019-11-25,False,6,0.03722680128018008,True,71221737.52988191,4.024515890185597,HR_2998,1-3,0.7823804431735863,0,1.5330000451285741
109.18292684744443,0,1.1129847617318456,True,0.005311006603372819,False,58813.207609858786,0.7936346866701663,2019-11-25,False,10,-0.020371398029885635,True,63294452.27901272,-3.835694351603429,HR_2998,1-3,0.7732632886402807,4,1.7249999473278876
109.18292684744443,0,1.1129847617318456,True,0.00532740535137694,False,58813.207609858786,0.8036730444130152,2019-11-25,False,11,-0.019616210552207858,True,61580894.724196725,-3.682132155973035,HR_2998,1-3,0.7840568338608074,5,1.7730000081428443
57.40759722329603,0,1.1129847617318456,True,0.008354760882094144,False,58813.207609858786,0.9231886538412676,2019-11-25,False,18,0.05035419456941981,True,37447877.06022618,6.027006072350738,HR_2998,2-3,0.9735428484106874,0,1.5330000451285741
57.40759722329603,0,1.1129847617318456,True,0.006082075685980985,False,58813.207609858786,0.9276383326876788,2019-11-25,False,19,0.023304589576847,True,36310940.86303782,3.831683586339353,HR_2998,2-3,0.9509429222645258,1,1.580999992256693
57.40759722329603,0,1.1129847617318456,True,0.004403387254529744,False,58813.207609858786,0.9317161853431049,2019-11-25,False,20,0.023338501688143998,True,35241003.89993727,5.300124731054664,HR_2998,2-3,0.9550546870312489,2,1.6290000530716497
57.40759722329603,0,1.1129847617318456,True,0.006610430964369728,False,58813.207609858786,0.9354620714445048,2019-11-25,False,21,0.03765146738250946,True,34232317.958531596,5.6957659168443255,HR_2998,2-3,0.9731135388270142,3,1.6770000001997687
57.40759722329603,0,1.1129847617318456,True,0.006306443219025948,False,58813.207609858786,0.9389107305828013,2019-11-25,False,22,0.03635195739017105,True,33279767.522441555,5.76425667014659,HR_2998,2-3,0.9752626879729723,4,1.7249999473278876
57.40759722329603,0,1.1129847617318456,True,0.005315531995730852,False,58813.207609858786,0.942092518919793,2019-11-25,False,23,0.04002724435800198,True,32378791.291393444,7.530242389689254,HR_2998,2-3,0.9821197632777949,5,1.7730000081428443
72.93056158234661,0,1.1129847617318456,True,0.0034789976139644047,False,58813.226092414756,0.8854295331592713,2019-11-25,False,37,-0.017881517547852166,True,46129387.69104403,-5.139847603251366,HR_2998,1-2,0.8675480156114191,1,1.580999992256693
72.93056158234661,0,1.1129847617318456,True,0.004138227545186905,False,58813.226092414756,0.8917663689329323,2019-11-25,False,38,-0.013782987415196235,True,44770140.70369637,-3.330649961775778,HR_2998,1-2,0.877983381517736,2,1.6290000530716497
72.93056158234661,0,1.1129847617318456,True,0.004174785583912077,False,58813.226092414756,0.8976001221881559,2019-11-25,False,39,-0.01455079369538903,True,43488706.96103693,-3.485399046950306,HR_2998,1-2,0.8830493284927668,3,1.6770000001997687
113.7863071428247,0,1.1129847617318456,True,0.003669569180893717,False,58813.226092414756,0.7404148610028857,2019-11-25,False,43,-0.011541295518157746,True,71971099.11455977,-3.1451363768394427,HR_2998,1-3,0.7288735654847279,1,1.580999992256693
113.7863071428247,0,1.1129847617318456,True,0.0033453989609548915,False,58813.226092414756,0.7537609795834006,2019-11-25,False,44,-0.015895475723995856,True,69850401.12691754,-4.751443971112714,HR_2998,1-3,0.7378655038594047,2,1.6290000530716497
113.7863071428247,0,1.1129847617318456,True,0.002740068895350571,False,58813.226092414756,0.7661525076122546,2019-11-25,False,45,-0.02760195366308693,True,67851107.41161013,-10.07345242666078,HR_2998,1-3,0.7385505539491677,3,1.6770000001997687
113.7863071428247,0,1.1129847617318456,True,0.0032436084001531626,False,58813.226092414756,0.7776729117872313,2019-11-25,False,46,-0.030138147895859113,True,65963078.6186895,-9.291549465230142,HR_2998,1-3,0.7475347638913722,4,1.7249999473278876
113.7863071428247,0,1.1129847617318456,True,0.0031614294096411594,False,58813.226092414756,0.7883975110877366,2019-11-25,False,47,-0.02718879765315585,True,64177273.89748401,-8.600159652542088,HR_2998,1-3,0.7612087134345807,5,1.7730000081428443
132.33904935066573,0,1.1129847617318456,True,0.002139221318398432,False,58813.226092414756,0.69545155973086,2019-11-25,False,51,-0.009970727347199726,True,78914161.79779437,-4.660914353015375,HR_2998,1-4,0.6854808323836603,3,1.6770000001997687
57.72067082766543,0,1.1129847617318456,True,0.006160962868520839,False,58813.226092414756,0.9223767824361626,2019-11-25,False,54,0.021867094045787794,True,37652099.888114706,3.549298139340641,HR_2998,2-3,0.9442438764819504,0,1.5330000451285741
123.02037514543771,0,1.1129847617318456,True,0.004170382926478186,False,58813.226092414756,0.6866213110192888,2019-11-25,False,60,0.01810054613474632,True,80248122.32482347,4.340259984238884,HR_2998,2-4,0.7047218571540351,0,1.5330000451285741
123.02037514543771,0,1.1129847617318456,True,0.0030390883336167303,False,58813.226092414756,0.7176633649513726,2019-11-25,False,62,0.011275909913765148,True,75518950.974538,3.710293573581659,HR_2998,2-4,0.7289392748651378,2,1.6290000530716497
87.20648035423388,0,1.1129847617318456,True,0.004345057126908478,False,58813.226092414756,0.8302610989270454,2019-11-25,False,66,-0.021024852970475405,True,56886156.41685763,-4.838797823915989,HR_2998,3-4,0.80923624595657,0,1.5330000451285741
87.20648035423388,0,1.1129847617318456,True,0.0037939801594505224,False,58813.226092414756,0.8396825212353154,2019-11-25,False,67,-0.03281221640190313,True,55159064.377828866,-8.648494463043075,HR_2998,3-4,0.8068703048334123,1,1.580999992256693
87.20648035423388,0,1.1129847617318456,True,0.004488935619311631,False,58813.226092414756,0.848361285770913,2019-11-25,False,68,-0.015128559390377827,True,53533749.24070564,-3.3701885420886835,HR_2998,3-4,0.8332327263805351,2,1.6290000530716497
87.20648035423388,0,1.1129847617318456,True,0.0020961335434716713,False,58813.226092414756,0.856371114434466,2019-11-25,False,69,-0.01961857680006973,True,52001479.03628241,-9.359411694532081,HR_2998,3-4,0.8367525376343963,3,1.6770000001997687
63.31923178786784,0,1.1035566990657668,True,0.004944545802722821,False,58812.1919387202,0.9125610232499494,2019-11-24,False,73,-0.018490125781239097,True,40050115.17899315,-3.7394993431059147,HR_2998,1-2,0.8940708974687103,1,1.580999992256693
63.31923178786784,0,1.1035566990657668,True,0.003771398685123107,False,58812.1919387202,0.9174562870366109,2019-11-24,False,74,-0.018862652092538124,True,38869999.83116809,-5.001500415998157,HR_2998,1-2,0.8985936349440727,2,1.6290000530716497
63.31923178786784,0,1.1035566990657668,True,0.0029944585608939357,False,58812.1919387202,0.9219565086913344,2019-11-24,False,75,-0.029715058722790344,True,37757442.92207817,-9.923349453171097,HR_2998,1-2,0.892241449968544,3,1.6770000001997687
63.31923178786784,0,1.1035566990657668,True,0.0036524826186703973,False,58812.1919387202,0.9261025732292735,2019-11-24,False,76,-0.021665717237559057,True,36706802.1572711,-5.931778327105624,HR_2998,1-2,0.9044368559917144,4,1.7249999473278876
63.31923178786784,0,1.1035566990657668,True,0.0033833690255565623,False,58812.1919387202,0.9299302770042591,2019-11-24,False,77,-0.024854034166670202,True,35713046.52964584,-7.3459424552666786,HR_2998,1-2,0.9050762428375889,5,1.7730000081428443
104.49164724463115,0,1.1035566990657668,True,0.0027351283731487184,False,58812.1919387202,0.7994303913806899,2019-11-24,False,81,-0.016543973799653777,True,62308674.557056546,-6.048701027004491,HR_2998,1-3,0.7828864175810362,3,1.6770000001997687
104.49164724463115,0,1.1035566990657668,True,0.002464605519696156,False,58812.1919387202,0.8094859089886746,2019-11-24,False,82,-0.02325138574712371,True,60574869.817528985,-9.434120617400147,HR_2998,1-3,0.7862345232415509,4,1.7249999473278876
104.49164724463115,0,1.1035566990657668,True,0.0018410502632359366,False,58812.1919387202,0.8188288412120914,2019-11-24,False,83,-0.028845936334204514,True,58934938.95360018,-15.668195980430879,HR_2998,1-3,0.7899829048778869,5,1.7730000081428443
118.24034336131892,0,1.1035566990657668,True,0.0048864399844041045,False,58812.1919387202,0.7071730361332427,2019-11-24,False,84,0.02054294787034705,True,77130032.53786728,4.204072481379762,HR_2998,1-4,0.7277159840035897,0,1.5330000451285741
89.10661264629664,0,1.1035566990657668,True,0.004074948595664676,False,58812.1919387202,0.8233771976972915,2019-11-24,False,96,0.026583309856087145,True,58125642.54609868,6.523593913397838,HR_2998,2-4,0.8499605075533786,0,1.5330000451285741
89.10661264629664,0,1.1035566990657668,True,0.0030992938090735746,False,58812.1919387202,0.8331475962653581,2019-11-24,False,97,0.012688535055522698,True,56360919.0909023,4.094008453917924,HR_2998,2-4,0.8458361313208808,1,1.580999992256693
89.10661264629664,0,1.1035566990657668,True,0.003600221132565638,False,58812.1919387202,0.8421514876508212,2019-11-24,False,98,0.012757305795603413,True,54700190.14319663,3.5434783936485954,HR_2998,2-4,0.8549087934464246,2,1.6290000530716497
40.415604477543056,0,1.1035566990657668,True,0.003664034798972387,False,58812.1919387202,0.9612860580326995,2019-11-24,False,102,-0.033311252670877534,True,26363733.390597105,-9.091412745375669,HR_2998,3-4,0.927974805361822,0,1.5330000451285741
40.415604477543056,0,1.1035566990657668,True,0.003202297707951448,False,58812.1919387202,0.9635651947873631,2019-11-24,False,103,-0.04010144662999082,True,25563317.315298967,-12.5227103433941,HR_2998,3-4,0.9234637481573723,1,1.580999992256693
40.415604477543056,0,1.1035566990657668,True,0.004267100835360423,False,58812.1919387202,0.9656498067848404,2019-11-24,False,104,-0.03631923687246774,True,24810069.4664406,-8.511455030895705,HR_2998,3-4,0.9293305699123726,2,1.6290000530716497
40.415604477543056,0,1.1035566990657668,True,0.0035725933582754,False,58812.1919387202,0.9675613044634253,2019-11-24,False,105,-0.03796354856612816,True,24099943.036808968,-10.626327924556833,HR_2998,3-4,0.9295977558972971,3,1.6770000001997687
40.415604477543056,0,1.1035566990657668,True,0.0025890636256941093,False,58812.1919387202,0.9693182577836578,2019-11-24,False,106,-0.043024058152836275,True,23429336.6444149,-16.61761330461774,HR_2998,3-4,0.9262941996308215,4,1.7249999473278876
40.415604477543056,0,1.1035566990657668,True,0.003401028743987223,False,58812.1919387202,0.9709368225406442,2019-11-24,False,107,-0.013106711073015531,True,22795039.081740893,-3.8537489858582537,HR_2998,3-4,0.9578301114676286,5,1.7730000081428443
71.40606224510512,0,1.1035566990657668,True,0.004075980678088892,False,58812.22180453702,0.9116177059489192,2019-11-24,False,113,0.01497848694930859,True,40274146.59738241,3.674817947451989,HR_2998,1-2,0.9265961928982278,5,1.7730000081428443
112.24898752383493,0,1.1035566990657668,True,0.00814464735139757,False,58812.22180453702,0.7324525241800174,2019-11-24,False,114,0.03467763794165746,True,73221777.051168,4.257721230337491,HR_2998,1-3,0.7671301621216748,0,1.5330000451285741
112.24898752383493,0,1.1035566990657668,True,0.0023685610656117525,False,58812.22180453702,0.7717687989896983,2019-11-24,False,117,-0.02420546718017824,True,66934399.23104563,-10.219482001797767,HR_2998,1-3,0.7475633318095201,3,1.6770000001997687
112.24898752383493,0,1.1035566990657668,True,0.0025412045858424714,False,58812.22180453702,0.7830464746008459,2019-11-24,False,118,-0.032951191242219235,True,65071878.812352605,-12.966760498464593,HR_2998,1-3,0.7500952833586266,4,1.7249999473278876
112.24898752383493,0,1.1035566990657668,True,0.0019769310221493417,False,58812.22180453702,0.793541641917974,2019-11-24,False,119,-0.036096010991191196,True,63310201.358324766,-18.258609221452353,HR_2998,1-3,0.7574456309267829,5,1.7730000081428443
121.66309035125359,0,1.1035566990657668,True,0.0036404700307775214,False,58812.22180453702,0.6924882272419154,2019-11-24,False,120,0.03572774843380688,True,79362744.14202616,9.814048222277565,HR_2998,1-4,0.7282159756757223,0,1.5330000451285741
121.66309035125359,0,1.1035566990657668,True,0.0033534013634374054,False,58812.22180453702,0.7083286233943007,2019-11-24,False,121,0.020361600777351607,True,76953251.7059622,6.071924762528259,HR_2998,1-4,0.7286902241716523,1,1.580999992256693
121.66309035125359,0,1.1035566990657668,True,0.0027568948468649347,False,58812.22180453702,0.7230512068415622,2019-11-24,False,122,0.014575373401408576,True,74685749.77750622,5.286880425629324,HR_2998,1-4,0.7376265802429708,2,1.6290000530716497
57.61254466320072,0,1.1035566990657668,True,0.006990124158927188,False,58812.22180453702,0.9226576097253386,2019-11-24,False,126,0.06104967161391728,True,37581567.49327996,8.733703468764553,HR_2998,2-3,0.9837072813392559,0,1.5330000451285741
57.61254466320072,0,1.1035566990657668,True,0.00426587548606292,False,58812.22180453702,0.9271370213390694,2019-11-24,False,127,0.04856682604077389,True,36440572.38796411,11.384961000255869,HR_2998,2-3,0.9757038473798433,1,1.580999992256693
57.61254466320072,0,1.1035566990657668,True,0.00508442783497969,False,58812.22180453702,0.9312422364691498,2019-11-24,False,128,0.04365426585258303,True,35366815.70670685,8.58587578965164,HR_2998,2-3,0.9748965023217329,2,1.6290000530716497
57.61254466320072,0,1.1035566990657668,True,0.003313125029981648,False,58812.22180453702,0.9350133533684981,2019-11-24,False,129,0.047667184747861024,True,34354528.71576492,14.38737877879757,HR_2998,2-3,0.9826805381163591,3,1.6770000001997687
57.61254466320072,0,1.1035566990657668,True,0.0038350957747634385,False,58812.22180453702,0.938485322072765,2019-11-24,False,130,0.05495476285671075,True,33398577.636159047,14.329436886123279,HR_2998,2-3,0.9934400849294758,4,1.7249999473278876
57.61254466320072,0,1.1035566990657668,True,0.002743091929895035,False,58812.22180453702,0.9416886845903701,2019-11-24,False,131,0.03939376113471027,True,32494384.883589398,14.361079446658458,HR_2998,2-3,0.9810824457250804,5,1.7730000081428443
89.0707153253208,0,1.1035566990657668,True,0.0066049041407476835,False,58812.22180453702,0.8235081758339654,2019-11-24,False,132,0.0434417790884164,True,58102226.15998055,6.577200541096533,HR_2998,2-4,0.8669499549223818,0,1.5330000451285741
89.0707153253208,0,1.1035566990657668,True,0.005746956939370804,False,58812.22180453702,0.8422696870052987,2019-11-24,False,134,0.02555068969462926,True,54678153.728337005,4.445951129299158,HR_2998,2-4,0.867820376699928,2,1.6290000530716497
42.12349601223305,0,1.1035566990657668,True,0.0031963184647247006,False,58812.22180453702,0.9580047856667976,2019-11-24,False,138,-0.03474013568633483,True,27477817.855315268,-10.868796732783322,HR_2998,3-4,0.9232646499804628,0,1.5330000451285741
42.12349601223305,0,1.1035566990657668,True,0.0032579283225246188,False,58812.22180453702,0.9604737374322648,2019-11-24,False,139,-0.0378228676306297,True,26643577.620836463,-11.609484275369255,HR_2998,3-4,0.9226508698016351,1,1.580999992256693
42.12349601223305,0,1.1035566990657668,True,0.0020042669059721573,False,58812.22180453702,0.9627323359932347,2019-11-24,False,140,-0.03657584796792912,True,25858498.85812146,-18.248990620432476,HR_2998,3-4,0.9261564880253056,2,1.6290000530716497
42.12349601223305,0,1.1035566990657668,True,0.00212006554321364,False,58812.22180453702,0.9648036836313432,2019-11-24,False,141,-0.03031304077110375,True,25118363.749084786,-14.298162086609175,HR_2998,3-4,0.9344906428602394,3,1.6770000001997687
42.12349601223305,0,1.1035566990657668,True,0.0016582370586508991,False,58812.22180453702,0.9667078257130488,2019-11-24,False,142,-0.034657667722070795,True,24419418.72374227,-20.900309483052695,HR_2998,3-4,0.932050157990978,4,1.7249999473278876
42.12349601223305,0,1.1035566990657668,True,0.0017658265454907438,False,58812.22180453702,0.9684622079527181,2019-11-24,False,143,-0.012919388599774817,True,23758316.874660335,-7.316340686329624,HR_2998,3-4,0.9555428193529433,5,1.7730000081428443
,0,1.0,True,,False,,,unknown,True,36,,False,,,alf_CMi,1-2,,0,1.5330000451285741
,0,1.0,True,,False,,,unknown,True,37,,False,,,alf_CMi,1-2,,1,1.580999992256693
,0,1.0,True,,False,,,unknown,True,38,,False,,,alf_CMi,1-2,,2,1.6290000530716497
,0,1.0,True,,False,,,unknown,True,39,,False,,,alf_CMi,1-2,,3,1.6770000001997687
,0,1.0,True,,False,,,unknown,True,40,,False,,,alf_CMi,1-2,,4,1.7249999473278876
,0,1.0,True,,False,,,unknown,True,41,,False,,,alf_CMi,1-2,,5,1.7730000081428443
,0,1.0,True,,False,,,unknown,True,42,,False,,,alf_CMi,1-2,,0,1.5330000451285741
,0,1.0,True,,False,,,unknown,True,43,,False,,,alf_CMi,1-2,,1,1.580999992256693
,0,1.0,True,,False,,,unknown,True,44,,False,,,alf_CMi,1-2,,2,1.6290000530716497
,0,1.0,True,,False,,,unknown,True,45,,False,,,alf_CMi,1-2,,3,1.6770000001997687
,0,1.0,True,,False,,,unknown,True,46,,False,,,alf_CMi,1-2,,4,1.7249999473278876
,0,1.0,True,,False,,,unknown,True,47,,False,,,alf_CMi,1-2,,5,1.7730000081428443
,0,1.0,True,,False,,,unknown,True,54,,False,,,alf_CMi,1-4,,0,1.5330000451285741
,0,1.0,True,,False,,,unknown,True,55,,False,,,alf_CMi,1-4,,1,1.580999992256693
,0,1.0,True,,False,,,unknown,True,56,,False,,,alf_CMi,1-4,,2,1.6290000530716497
,0,1.0,True,,False,,,unknown,True,57,,False,,,alf_CMi,1-4,,3,1.6770000001997687
,0,1.0,True,,False,,,unknown,True,58,,False,,,alf_CMi,1-4,,4,1.7249999473278876
,0,1.0,True,,False,,,unknown,True,59,,False,,,alf_CMi,1-4,,5,1.7730000081428443
,0,1.0,True,,False,,,unknown,True,60,,False,,,alf_CMi,1-4,,0,1.5330000451285741
,0,1.0,True,,False,,,unknown,True,61,,False,,,alf_CMi,1-4,,1,1.580999992256693
,0,1.0,True,,False,,,unknown,True,62,,False,,,alf_CMi,1-4,,2,1.6290000530716497
,0,1.0,True,,False,,,unknown,True,63,,False,,,alf_CMi,1-4,,3,1.6770000001997687
,0,1.0,True,,False,,,unknown,True,64,,False,,,alf_CMi,1-4,,4,1.7249999473278876
,0,1.0,True,,False,,,unknown,True,65,,False,,,alf_CMi,1-4,,5,1.7730000081428443
,0,1.0,True,,False,,,unknown,True,78,,False,,,alf_CMi,2-4,,0,1.5330000451285741
,0,1.0,True,,False,,,unknown,True,79,,False,,,alf_CMi,2-4,,1,1.580999992256693
,0,1.0,True,,False,,,unknown,True,80,,False,,,alf_CMi,2-4,,2,1.6290000530716497
,0,1.0,True,,False,,,unknown,True,81,,False,,,alf_CMi,2-4,,3,1.6770000001997687
,0,1.0,True,,False,,,unknown,True,82,,False,,,alf_CMi,2-4,,4,1.7249999473278876
,0,1.0,True,,False,,,unknown,True,83,,False,,,alf_CMi,2-4,,5,1.7730000081428443
,0,1.0,True,,False,,,unknown,True,84,,False,,,alf_CMi,2-4,,0,1.5330000451285741
,0,1.0,True,,False,,,unknown,True,85,,False,,,alf_CMi,2-4,,1,1.580999992256693
,0,1.0,True,,False,,,unknown,True,86,,False,,,alf_CMi,2-4,,2,1.6290000530716497
,0,1.0,True,,False,,,unknown,True,87,,False,,,alf_CMi,2-4,,3,1.6770000001997687
,0,1.0,True,,False,,,unknown,True,88,,False,,,alf_CMi,2-4,,4,1.7249999473278876
,0,1.0,True,,False,,,unknown,True,89,,False,,,alf_CMi,2-4,,5,1.7730000081428443
,0,1.0,True,,False,,,unknown,True,90,,False,,,alf_CMi,3-4,,0,1.5330000451285741
,0,1.0,True,,False,,,unknown,True,91,,False,,,alf_CMi,3-4,,1,1.580999992256693
,0,1.0,True,,False,,,unknown,True,92,,False,,,alf_CMi,3-4,,2,1.6290000530716497
,0,1.0,True,,False,,,unknown,True,93,,False,,,alf_CMi,3-4,,3,1.6770000001997687
,0,1.0,True,,False,,,unknown,True,94,,False,,,alf_CMi,3-4,,4,1.7249999473278876
,0,1.0,True,,False,,,unknown,True,95,,False,,,alf_CMi,3-4,,5,1.7730000081428443
,0,1.0,True,,False,,,unknown,True,96,,False,,,alf_CMi,3-4,,0,1.5330000451285741
,0,1.0,True,,False,,,unknown,True,97,,False,,,alf_CMi,3-4,,1,1.580999992256693
,0,1.0,True,,False,,,unknown,True,98,,False,,,alf_CMi,3-4,,2,1.6290000530716497
,0,1.0,True,,False,,,unknown,True,99,,False,,,alf_CMi,3-4,,3,1.6770000001997687
,0,1.0,True,,False,,,unknown,True,100,,False,,,alf_CMi,3-4,,4,1.7249999473278876
,0,1.0,True,,False,,,unknown,True,101,,False,,,alf_CMi,3-4,,5,1.7730000081428443
128.14285387187917,0,1.0589102542884234,True,0.0006139175118964027,False,59468.17363829629,0.06253809138087657,2021-09-10,False,6,0.0021154789059165124,True,83589595.62922369,3.4458683209438976,bet_Hyi,1-3,0.06465357028679308,0,1.5330000451285741
115.24436442071989,0,1.0589102542884234,True,0.0010202938337230635,False,59468.17363829629,0.2058996046487686,2021-09-10,False,16,0.0032767788109137053,True,66808329.24038012,3.2116030721823567,bet_Hyi,1-4,0.2091763834596823,4,1.7249999473278876
53.72744133085745,0,1.0589102542884234,True,0.004984361469326899,False,59468.17363829629,0.6756393431066696,2021-09-10,False,18,0.03756880171289079,True,35047253.58723084,7.537334911218663,bet_Hyi,2-3,0.7132081448195604,0,1.5330000451285741
53.72744133085745,0,1.0589102542884234,True,0.005295846400518024,False,59468.17363829629,0.6921798557088975,2021-09-10,False,19,0.016618916674479567,True,33983201.514231384,3.1381039814247544,bet_Hyi,2-3,0.7087987723833771,1,1.580999992256693
53.72744133085745,0,1.0589102542884234,True,0.004484906007762034,False,59468.17363829629,0.7075716413258784,2021-09-10,False,20,0.029172676652178042,True,32981853.640550073,6.504635013908618,bet_Hyi,2-3,0.7367443179780564,2,1.6290000530716497
53.72744133085745,0,1.0589102542884234,True,0.0046215036492174965,False,59468.17363829629,0.7219086056526609,2021-09-10,False,21,0.022227398093548012,True,32037830.2471421,4.809559784143308,bet_Hyi,2-3,0.7441360037462089,3,1.6770000001997687
53.72744133085745,0,1.0589102542884234,True,0.004258049574533392,False,59468.17363829629,0.735276871052006,2021-09-10,False,22,0.03777078355930119,True,31146343.75153691,8.870442416922826,bet_Hyi,2-3,0.7730476546113072,4,1.7249999473278876
53.72744133085745,0,1.0589102542884234,True,0.0036262634821102612,False,59468.17363829629,0.7477551411770208,2021-09-10,False,23,0.03192586873365855,True,30303125.258941807,8.80406757290556,bet_Hyi,2-3,0.7796810099106793,5,1.7730000081428443
81.39210710455028,0,1.0589102542884234,True,0.0031396076910037043,False,59468.17363829629,0.4812935179754448,2021-09-10,False,28,-0.013305347270056334,True,47183831.64627383,-4.237901221920734,bet_Hyi,2-4,0.46798817070538845,4,1.7249999473278876
81.39210710455028,0,1.0589102542884234,True,0.0032613460670981244,False,59468.17363829629,0.5016902653653164,2021-09-10,False,29,-0.010800728672736015,True,45906433.57627825,-3.311739524271422,bet_Hyi,2-4,0.49088953669258034,5,1.7730000081428443
114.66707793936314,0,1.0589102542884234,True,0.0011181096638096908,False,59468.183255693104,0.2097280997383949,2021-09-10,False,52,0.006164748671976611,True,66473670.40038943,5.513545648976601,bet_Hyi,1-4,0.2158928484103715,4,1.7249999473278876
114.66707793936314,0,1.0589102542884234,True,0.0008357009873845987,False,59468.183255693104,0.23093365398096935,2021-09-10,False,53,0.004608199058105805,True,64674042.53397207,5.5141720874682445,bet_Hyi,1-4,0.23554185303907516,5,1.7730000081428443
53.501319964810705,0,1.0589102542884234,True,0.0038561279492896616,False,59468.183255693104,0.6779427187966096,2021-09-10,False,54,0.015034721232580317,True,34899751.06968995,3.8989165894637567,bet_Hyi,2-3,0.6929774400291899,0,1.5330000451285741
53.501319964810705,0,1.0589102542884234,True,0.0037380959858469855,False,59468.183255693104,0.7372276490725908,2021-09-10,False,58,0.019106632560219827,True,31015258.89765212,5.111327433153273,bet_Hyi,2-3,0.7563342816328106,4,1.7249999473278876
53.501319964810705,0,1.0589102542884234,True,0.002851621461422764,False,59468.183255693104,0.7496276106078382,2021-09-10,False,59,0.013494504272358432,True,30175589.238068573,4.732221458883816,bet_Hyi,2-3,0.7631221148801967,5,1.7730000081428443
81.53214753361364,0,1.0589102542884234,True,0.001861224651017109,False,59468.183255693104,0.4800019786968004,2021-09-10,False,64,-0.006215808046744431,True,47265014.50618075,-3.3396334200429054,bet_Hyi,2-4,0.47378617065005596,4,1.7249999473278876
64.77715904173,0,1.0589102542884234,True,0.004657647555611072,False,59468.183255693104,0.581197490831838,2021-09-10,False,67,-0.01438740413670525,True,40972270.30929214,-3.0889851507490587,bet_Hyi,3-4,0.5668100866951328,1,1.580999992256693
99.7589285282087,0,0.9905923622600664,True,0.013966572813761227,False,59263.145032780805,0.6990406346391073,2021-02-17,False,6,0.04252089144452087,True,65074315.45433635,3.044475692893331,gam_Lep,1-3,0.7415615260836281,0,1.5330000451285741
99.7589285282087,0,0.9905923622600664,True,0.011837327613767813,False,59263.145032780805,0.7290757841583138,2021-02-17,False,8,0.03958339788600951,True,61239364.81162344,3.34394714563536,gam_Lep,1-3,0.7686591820443233,2,1.6290000530716497
99.7589285282087,0,0.9905923622600664,True,0.010978987247522267,False,59263.145032780805,0.7425279569537864,2021-02-17,False,9,0.04263203327029774,True,59486540.55833343,3.8830569987153343,gam_Lep,1-3,0.7851599902240841,3,1.6770000001997687
99.7589285282087,0,0.9905923622600664,True,0.009661728016033924,False,59263.145032780805,0.7550533721463021,2021-02-17,False,10,0.042761365056611655,True,57831264.68075569,4.4258506331008185,gam_Lep,1-3,0.7978147372029137,4,1.7249999473278876
99.7589285282087,0,0.9905923622600664,True,0.011712554251780489,False,59263.145032780805,0.7667296961546896,2021-02-17,False,11,0.04593741694873699,True,56265610.8686106,3.9220665246228243,gam_Lep,1-3,0.8126671131034265,5,1.7730000081428443
114.0185869221408,0,0.9905923622600664,True,0.012246430393451984,False,59263.145032780805,0.6236101364537728,2021-02-17,False,12,0.06452146370183443,True,74376114.52423535,5.268593510835064,gam_Lep,1-4,0.6881316001556073,0,1.5330000451285741
114.0185869221408,0,0.9905923622600664,True,0.01380157492843212,False,59263.145032780805,0.642175203706385,2021-02-17,False,13,0.042050683536989264,True,72118018.64678858,3.046803263761021,gam_Lep,1-4,0.6842258872433743,1,1.580999992256693
114.0185869221408,0,0.9905923622600664,True,0.011789926987936208,False,59263.145032780805,0.6595194087823202,2021-02-17,False,14,0.05414641214147231,True,69992991.5331475,4.592599445007291,gam_Lep,1-4,0.7136658209237925,2,1.6290000530716497
114.0185869221408,0,0.9905923622600664,True,0.015864242242721174,False,59263.145032780805,0.6757330946368603,2021-02-17,False,15,0.048210621281889465,True,67989616.52269445,3.0389488854413735,gam_Lep,1-4,0.7239437159187497,3,1.6770000001997687
114.0185869221408,0,0.9905923622600664,True,0.01290927426008381,False,59263.145032780805,0.6909007825613834,2021-02-17,False,16,0.08131166433485315,True,66097733.5673322,6.29870143717322,gam_Lep,1-4,0.7722124468962366,4,1.7249999473278876
114.0185869221408,0,0.9905923622600664,True,0.01322906534081556,False,59263.145032780805,0.7051010168978941,2021-02-17,False,17,0.09170613140535888,True,64308283.36068159,6.932170115028344,gam_Lep,1-4,0.7968071483032529,5,1.7730000081428443
48.0675065297391,0,0.9905923622600664,True,0.027321586502593725,False,59263.145032780805,0.9306267074956556,2021-02-17,False,20,0.08812607926477711,True,29507369.529609773,3.2255110535550715,gam_Lep,2-3,1.0187527867604327,2,1.6290000530716497
48.0675065297391,0,0.9905923622600664,True,0.024861544508711253,False,59263.145032780805,0.9379333868365305,2021-02-17,False,22,0.09212324990957454,True,27865222.027512584,3.705451601258941,gam_Lep,2-3,1.030056636746105,4,1.7249999473278876
48.0675065297391,0,0.9905923622600664,True,0.02471518839989404,False,59263.145032780805,0.9411649710716417,2021-02-17,False,23,0.08614595321728968,True,27110832.661579136,3.48554709854686,gam_Lep,2-3,1.0273109242889313,5,1.7730000081428443
102.92496705144626,0,0.9905923622600664,True,0.038498842712450694,False,59263.145032780805,0.6825665749800729,2021-02-17,False,30,0.14266548021121894,True,67139572.09493352,3.7057082800330594,gam_Lep,3-4,0.8252320551912918,0,1.5330000451285741
102.92496705144626,0,0.9905923622600664,True,0.034639639886666414,False,59263.145032780805,0.698827576303738,2021-02-17,False,31,0.1469310154495408,True,65101181.24955388,4.241701586109672,gam_Lep,3-4,0.8457585917532788,1,1.580999992256693
102.92496705144626,0,0.9905923622600664,True,0.03310845985255464,False,59263.145032780805,0.713951133672314,2021-02-17,False,32,0.1484752099200587,True,63182912.030831724,4.484509716890452,gam_Lep,3-4,0.8624263435923727,2,1.6290000530716497
102.92496705144626,0,0.9905923622600664,True,0.029907443722501093,False,59263.145032780805,0.7280313688452181,2021-02-17,False,33,0.15589797724555288,True,61374458.58031339,5.212681454559148,gam_Lep,3-4,0.883929346090771,3,1.6770000001997687
102.92496705144626,0,0.9905923622600664,True,0.033439394890800285,False,59263.145032780805,0.741154399037922,2021-02-17,False,34,0.1622755461007369,True,59666649.38795056,4.852825436305413,gam_Lep,3-4,0.9034299451386589,4,1.7249999473278876
102.92496705144626,0,0.9905923622600664,True,0.03206220189093709,False,59263.145032780805,0.7533987646547057,2021-02-17,False,35,0.13081153926832945,True,58051306.58699577,4.079929997113064,gam_Lep,3-4,0.8842103039230351,5,1.7730000081428443
95.45358706394931,0,0.9905923622600664,True,0.02329255210012866,False,59263.15422252888,0.7211136313432357,2021-02-17,False,42,-0.0774368474556838,True,62265873.6164248,-3.3245325425398993,gam_Lep,1-3,0.6436767838875519,0,1.5330000451285741
95.45358706394931,0,0.9905923622600664,True,0.024142728942539885,False,59263.15422252888,0.7357292845059101,2021-02-17,False,43,-0.0802906842233928,True,60375450.68403223,-3.3256673019229113,gam_Lep,1-3,0.6554386002825173,1,1.580999992256693
95.45358706394931,0,0.9905923622600664,True,0.01910918926436749,False,59263.15422252888,0.7492857412416918,2021-02-17,False,44,-0.06681265979970596,True,58596429.68332727,-3.4963628689517536,gam_Lep,1-3,0.6824730814419858,2,1.6290000530716497
95.45358706394931,0,0.9905923622600664,True,0.017884655656917586,False,59263.15422252888,0.7618758846185996,2021-02-17,False,45,-0.0714601009182032,True,56919252.86379167,-3.9956095487118444,gam_Lep,1-3,0.6904157837003964,3,1.6770000001997687
95.45358706394931,0,0.9905923622600664,True,0.01653307156960816,False,59263.15422252888,0.7735837539594336,2021-02-17,False,46,-0.0687189098537212,True,55335414.48033767,-4.156451483585386,gam_Lep,1-3,0.7048648441057124,4,1.7249999473278876
95.45358706394931,0,0.9905923622600664,True,0.016219366991523775,False,59263.15422252888,0.7844852603222111,2021-02-17,False,47,-0.06514933275885926,True,53837330.30206448,-4.016761738784641,gam_Lep,1-3,0.7193359275633519,5,1.7730000081428443
46.31083754769396,0,0.9905923622600664,True,0.0315190444163711,False,59263.15422252888,0.9273912741534359,2021-02-17,False,54,-0.11220264719233175,True,30209286.486883193,-3.559836577217211,gam_Lep,2-3,0.8151886269611042,0,1.5330000451285741
46.31083754769396,0,0.9905923622600664,True,0.031384977551855896,False,59263.15422252888,0.9316055088717965,2021-02-17,False,55,-0.13478969449877598,True,29292117.50443505,-4.2947201181224175,gam_Lep,2-3,0.7968158143730205,1,1.580999992256693
46.31083754769396,0,0.9905923622600664,True,0.026483275938556584,False,59263.15422252888,0.9354667029940151,2021-02-17,False,56,-0.1286285703579283,True,28428996.954524364,-4.856973535160731,gam_Lep,2-3,0.8068381326360868,2,1.6290000530716497
46.31083754769396,0,0.9905923622600664,True,0.027835478940275236,False,59263.15422252888,0.9390128227989574,2021-02-17,False,57,-0.13577375560905713,True,27615287.74131025,-4.877722991595653,gam_Lep,2-3,0.8032390671899002,3,1.6770000001997687
46.31083754769396,0,0.9905923622600664,True,0.026425534350429235,False,59263.15422252888,0.942276938421385,2021-02-17,False,58,-0.10041041474217838,True,26846863.166246347,-3.799749644061498,gam_Lep,2-3,0.8418665236792067,4,1.7249999473278876
46.31083754769396,0,0.9905923622600664,True,0.026907180002312694,False,59263.15422252888,0.9452879319938412,2021-02-17,False,59,-0.09650612703356276,True,26120043.618162725,-3.5866310414271574,gam_Lep,2-3,0.8487818049602784,5,1.7730000081428443
130.76397233920966,0,0.9905923622600664,True,0.021051388703791418,False,59263.15422252888,0.5544181375461479,2021-02-17,False,61,-0.0676123882512707,True,82709660.32868813,-3.2117780542949883,gam_Lep,2-4,0.4868057492948772,1,1.580999992256693
127.38375590744052,0,1.0676534447507724,True,0.002113588722970735,False,58814.02298722391,0.6238994587398513,2019-11-26,False,6,-0.007340040696269812,True,83094424.10796323,-3.4727857016350305,iot_Psc,1-3,0.6165594180435815,0,1.5330000451285741
127.38375590744052,0,1.0676534447507724,True,0.002235380890348045,False,58814.02298722391,0.6424502319768306,2019-11-26,False,7,-0.021705168404285047,True,80571636.00969729,-9.709829988260116,iot_Psc,1-3,0.6207450635725456,1,1.580999992256693
127.38375590744052,0,1.0676534447507724,True,0.002209633995185776,False,58814.02298722391,0.6597810414888177,2019-11-26,False,8,-0.011414034943921347,True,78197514.89095727,-5.1655771810125986,iot_Psc,1-3,0.6483670065448963,2,1.6290000530716497
127.38375590744052,0,1.0676534447507724,True,0.0016874620816740597,False,58814.02298722391,0.6759821767867531,2019-11-26,False,9,-0.018252621983299022,True,75959305.83915696,-10.816611633247112,iot_Psc,1-3,0.6577295548034541,3,1.6770000001997687
127.38375590744052,0,1.0676534447507724,True,0.002016505607006071,False,58814.02298722391,0.6911381053614135,2019-11-26,False,10,-0.021569505222346685,True,73845657.85336076,-10.696476690868804,iot_Psc,1-3,0.6695686001390668,4,1.7249999473278876
127.38375590744052,0,1.0676534447507724,True,0.0027088239144794374,False,58814.02298722391,0.7053273188868131,2019-11-26,False,11,-0.01652347437828483,True,71846449.70242868,-6.099870238874568,iot_Psc,1-3,0.6888038445085283,5,1.7730000081428443
128.44746500772925,0,1.0676534447507724,True,0.003471272582047786,False,58814.02298722391,0.6375151772204745,2019-11-26,False,13,-0.02190446098606691,True,81244443.7930613,-6.310210583677341,iot_Psc,1-4,0.6156107162344076,1,1.580999992256693
128.44746500772925,0,1.0676534447507724,True,0.0031491500232493272,False,58814.02298722391,0.655028211589709,2019-11-26,False,14,-0.012392659110112336,True,78850497.74278899,-3.9352393562137937,iot_Psc,1-4,0.6426355524795967,2,1.6290000530716497
128.44746500772925,0,1.0676534447507724,True,0.0030955365533549763,False,58814.02298722391,0.6714058167481392,2019-11-26,False,15,-0.016089113064466476,True,76593598.68361852,-5.197519973404584,iot_Psc,1-4,0.6553167036836727,3,1.6770000001997687
57.40480807269731,0,1.0676534447507724,True,0.0044113707768237516,False,58814.02298722391,0.9113290228312193,2019-11-26,False,18,0.01746704019739509,True,37446057.65349649,3.9595493285585035,iot_Psc,2-3,0.9287960630286144,0,1.5330000451285741
57.40480807269731,0,1.0676534447507724,True,0.0030969253611841698,False,58814.02298722391,0.9294009246210962,2019-11-26,False,22,0.010726041831954802,True,33278150.623494375,3.463448608220087,iot_Psc,2-3,0.940126966453051,4,1.7249999473278876
116.05161314499979,0,1.0676534447507724,True,0.005018939483228468,False,58814.02298722391,0.6778329685094892,2019-11-26,False,24,0.024016021931372422,True,75702289.45118292,4.78507900157504,iot_Psc,2-4,0.7018489904408616,0,1.5330000451285741
116.05161314499979,0,1.0676534447507724,True,0.0026511912144797254,False,58814.02298722391,0.7371414368007096,2019-11-26,False,28,-0.008895981495009142,True,67276299.52961425,-3.355465817185467,iot_Psc,2-4,0.7282454553057005,4,1.7249999473278876
116.05161314499979,0,1.0676534447507724,True,0.002330305008320287,False,58814.02298722391,0.7495461397773479,2019-11-26,False,29,0.0074243141506706856,True,65454942.2515569,3.18598386226798,iot_Psc,2-4,0.7569704539280185,5,1.7730000081428443
88.87331795470061,0,1.0676534447507724,True,0.002209105765577581,False,58814.02298722391,0.8095459451212099,2019-11-26,False,31,-0.012270678062354157,True,56213357.61541928,-5.554590573958295,iot_Psc,3-4,0.7972752670588558,1,1.580999992256693
82.43998062936308,0,1.0676534447507724,True,0.0023420456271308916,False,58814.03473527591,0.8590108703697555,2019-11-26,False,40,0.009217727643580642,True,47791294.5777574,3.9357592084458073,iot_Psc,1-2,0.8682285980133362,4,1.7249999473278876
82.43998062936308,0,1.0676534447507724,True,0.00198193936027681,False,58814.03473527591,0.8660957636477108,2019-11-26,False,41,0.0064265544770581995,True,46497450.79004037,3.242558579673511,iot_Psc,1-2,0.872522318124769,5,1.7730000081428443
125.38177595916459,0,1.0676534447507724,True,0.0018127604928155961,False,58814.03473527591,0.6517109848151422,2019-11-26,False,43,-0.010489695538152377,True,79305361.52640755,-5.786586578715474,iot_Psc,1-3,0.6412212892769898,1,1.580999992256693
125.38177595916459,0,1.0676534447507724,True,0.0020601161934822956,False,58814.03473527591,0.6845606554454157,2019-11-26,False,45,-0.011155123636399367,True,74765519.34658842,-5.4148031415370905,iot_Psc,1-3,0.6734055318090163,3,1.6770000001997687
125.38177595916459,0,1.0676534447507724,True,0.00214442714980957,False,58814.03473527591,0.6993935223816745,2019-11-26,False,46,-0.014751542568709253,True,72685089.73196626,-6.879013152775659,iot_Psc,1-3,0.6846419798129653,4,1.7249999473278876
125.38177595916459,0,1.0676534447507724,True,0.0016384648360764835,False,58814.03473527591,0.7132722806002353,2019-11-26,False,47,-0.017057355397249063,True,70717301.4006343,-10.410571543357081,iot_Psc,1-3,0.6962149252029862,5,1.7730000081428443
130.11376374781187,0,1.0676534447507724,True,0.0028849527149999053,False,58814.03473527591,0.6107382159902314,2019-11-26,False,48,0.017050050512879333,True,84875251.08774482,5.909993056118389,iot_Psc,1-4,0.6277882665031107,0,1.5330000451285741
130.11376374781187,0,1.0676534447507724,True,0.00233732864770092,False,58814.03473527591,0.6642128839564924,2019-11-26,False,51,0.007568557283796684,True,77587217.49094358,3.238122842177709,iot_Psc,1-4,0.671781441240289,3,1.6770000001997687
130.11376374781187,0,1.0676534447507724,True,0.0028786546755483603,False,58814.03473527591,0.6798038756266679,2019-11-26,False,52,0.020462358292870686,True,75428271.14248015,7.108305996783992,iot_Psc,1-4,0.7002662339195386,4,1.7249999473278876
130.11376374781187,0,1.0676534447507724,True,0.0019879517499615178,False,58814.03473527591,0.6944121384793257,2019-11-26,False,53,0.03083443209494008,True,73386217.23081745,15.510654167304093,iot_Psc,1-4,0.7252465705742658,5,1.7730000081428443
57.915329560542176,0,1.0676534447507724,True,0.0032928097392318943,False,58814.03473527591,0.9098068037066234,2019-11-26,False,54,0.023043871728455123,True,37779078.83602493,6.9982396656268735,iot_Psc,2-3,0.9328506754350785,0,1.5330000451285741
57.915329560542176,0,1.0676534447507724,True,0.002266609059378474,False,58814.03473527591,0.9150016332494026,2019-11-26,False,55,-0.00805912879528159,True,36632087.18797955,-3.5555883631257874,iot_Psc,2-3,0.9069425044541211,1,1.580999992256693
57.915329560542176,0,1.0676534447507724,True,0.002458714086719544,False,58814.03473527591,0.9241447139147281,2019-11-26,False,57,-0.008567647833368941,True,34535080.23473056,-3.4846051761959984,iot_Psc,2-3,0.9155770660813591,3,1.6770000001997687
57.915329560542176,0,1.0676534447507724,True,0.00257524635350873,False,58814.03473527591,0.9281786214984704,2019-11-26,False,58,0.014577176613100429,True,33574105.11823838,5.6604979143992455,iot_Psc,2-3,0.9427557981115708,4,1.7249999473278876
117.01540442790743,0,1.0676534447507724,True,0.00396335090579298,False,58814.03473527591,0.6733020381516993,2019-11-26,False,60,0.03192593801776955,True,76330985.63809451,8.055289268256672,iot_Psc,2-4,0.7052279761694689,0,1.5330000451285741
117.01540442790743,0,1.0676534447507724,True,0.002630315640279366,False,58814.03473527591,0.7054246688045236,2019-11-26,False,62,0.01142521899713278,True,71832658.45035589,4.34366842601419,iot_Psc,2-4,0.7168498878016564,2,1.6290000530716497
117.01540442790743,0,1.0676534447507724,True,0.002487862362859633,False,58814.03473527591,0.719850325649202,2019-11-26,False,63,0.011973691422644595,True,69776627.5575243,4.81284318674351,iot_Psc,2-4,0.7318240170718466,3,1.6770000001997687
117.01540442790743,0,1.0676534447507724,True,0.0024493635803672573,False,58814.03473527591,0.7458616251019744,2019-11-26,False,65,0.015544382601929474,True,65998535.753238365,6.3462944932000465,iot_Psc,2-4,0.7614060077039039,5,1.7730000081428443
87.66468572878259,0,1.0676534447507724,True,0.0028878776205859416,False,58814.03473527591,0.8034951267116668,2019-11-26,False,66,-0.01524723820633278,True,57185050.97723599,-5.279738344050452,iot_Psc,3-4,0.788247888505334,0,1.5330000451285741
87.66468572878259,0,1.0676534447507724,True,0.0017115281302231664,False,58814.03473527591,0.8142595417290743,2019-11-26,False,67,-0.02343631003183133,True,55448884.35049988,-13.693207618372867,iot_Psc,3-4,0.790823231697243,1,1.580999992256693
87.66468572878259,0,1.0676534447507724,True,0.0020396072591467767,False,58814.03473527591,0.8418690068515071,2019-11-26,False,70,0.02213505576061392,True,50820109.22062904,10.852606873871206,iot_Psc,3-4,0.864004062612121,4,1.7249999473278876
87.66468572878259,0,1.0676534447507724,True,0.002389654702394971,False,58814.03473527591,0.8497504335185502,2019-11-26,False,71,0.026658589655215836,True,49444266.96343239,11.155833363078749,iot_Psc,3-4,0.876409023173766,5,1.7730000081428443
127.77915172344595,0,1.056309607039062,True,0.002940227045621469,False,58816.01428284602,0.6406169268674853,2019-11-28,False,79,-0.011881869109181653,True,80821728.24115965,-4.041139995251696,iot_Psc,1-3,0.6287350577583036,1,1.580999992256693
127.77915172344595,0,1.056309607039062,True,0.0026120975974940545,False,58816.01428284602,0.674282521413123,2019-11-28,False,81,-0.01162368202921582,True,76195081.51951376,-4.4499417021657734,iot_Psc,1-3,0.6626588393839071,3,1.6770000001997687
127.77915172344595,0,1.056309607039062,True,0.0027826897624095874,False,58816.01428284602,0.6895018661719686,2019-11-28,False,82,-0.013813382875183855,True,74074872.82615998,-4.964039851579634,iot_Psc,1-3,0.6756884832967848,4,1.7249999473278876
127.95232877986597,0,1.056309607039062,True,0.006023360590187962,False,58816.01428284602,0.7030615508189952,2019-11-28,False,89,0.023631869545113315,True,72167133.78015806,3.9233695528057155,iot_Psc,1-4,0.7266934203641086,5,1.7730000081428443
57.235983521271045,0,1.056309607039062,True,0.0035370311099060304,False,58816.01428284602,0.9169127228221928,2019-11-28,False,91,-0.01754131873856246,True,36202393.29639297,-4.9593340271831785,iot_Psc,2-3,0.8993714040836304,1,1.580999992256693
57.235983521271045,0,1.056309607039062,True,0.004178682092682116,False,58816.01428284602,0.9258572781386666,2019-11-28,False,93,-0.01330095044996249,True,34129984.2065909,-3.1830491420382696,iot_Psc,2-3,0.9125563276887041,3,1.6770000001997687
,0,1.056309607039062,True,,False,,,unknown,True,108,,False,,,iot_Psc,1-2,,0,1.5330000451285741
,0,1.056309607039062,True,,False,,,unknown,True,109,,False,,,iot_Psc,1-2,,1,1.580999992256693
,0,1.056309607039062,True,,False,,,unknown,True,110,,False,,,iot_Psc,1-2,,2,1.6290000530716497
,0,1.056309607039062,True,,False,,,unknown,True,111,,False,,,iot_Psc,1-2,,3,1.6770000001997687
,0,1.056309607039062,True,,False,,,unknown,True,112,,False,,,iot_Psc,1-2,,4,1.7249999473278876
,0,1.056309607039062,True,,False,,,unknown,True,113,,False,,,iot_Psc,1-2,,5,1.7730000081428443
,0,1.056309607039062,True,,False,,,unknown,True,114,,False,,,iot_Psc,1-3,,0,1.5330000451285741
,0,1.056309607039062,True,,False,,,unknown,True,115,,False,,,iot_Psc,1-3,,1,1.580999992256693
,0,1.056309607039062,True,,False,,,unknown,True,116,,False,,,iot_Psc,1-3,,2,1.6290000530716497
,0,1.056309607039062,True,,False,,,unknown,True,117,,False,,,iot_Psc,1-3,,3,1.6770000001997687
,0,1.056309607039062,True,,False,,,unknown,True,118,,False,,,iot_Psc,1-3,,4,1.7249999473278876
,0,1.056309607039062,True,,False,,,unknown,True,119,,False,,,iot_Psc,1-3,,5,1.7730000081428443
,0,1.056309607039062,True,,False,,,unknown,True,120,,False,,,iot_Psc,1-4,,0,1.5330000451285741
,0,1.056309607039062,True,,False,,,unknown,True,121,,False,,,iot_Psc,1-4,,1,1.580999992256693
,0,1.056309607039062,True,,False,,,unknown,True,122,,False,,,iot_Psc,1-4,,2,1.6290000530716497
,0,1.056309607039062,True,,False,,,unknown,True,123,,False,,,iot_Psc,1-4,,3,1.6770000001997687
,0,1.056309607039062,True,,False,,,unknown,True,124,,False,,,iot_Psc,1-4,,4,1.7249999473278876
,0,1.056309607039062,True,,False,,,unknown,True,125,,False,,,iot_Psc,1-4,,5,1.7730000081428443
,0,1.056309607039062,True,,False,,,unknown,True,126,,False,,,iot_Psc,2-3,,0,1.5330000451285741
,0,1.056309607039062,True,,False,,,unknown,True,127,,False,,,iot_Psc,2-3,,1,1.580999992256693
,0,1.056309607039062,True,,False,,,unknown,True,128,,False,,,iot_Psc,2-3,,2,1.6290000530716497
,0,1.056309607039062,True,,False,,,unknown,True,129,,False,,,iot_Psc,2-3,,3,1.6770000001997687
,0,1.056309607039062,True,,False,,,unknown,True,130,,False,,,iot_Psc,2-3,,4,1.7249999473278876
,0,1.056309607039062,True,,False,,,unknown,True,131,,False,,,iot_Psc,2-3,,5,1.7730000081428443
,0,1.056309607039062,True,,False,,,unknown,True,132,,False,,,iot_Psc,2-4,,0,1.5330000451285741
,0,1.056309607039062,True,,False,,,unknown,True,133,,False,,,iot_Psc,2-4,,1,1.580999992256693
,0,1.056309607039062,True,,False,,,unknown,True,134,,False,,,iot_Psc,2-4,,2,1.6290000530716497
,0,1.056309607039062,True,,False,,,unknown,True,135,,False,,,iot_Psc,2-4,,3,1.6770000001997687
,0,1.056309607039062,True,,False,,,unknown,True,136,,False,,,iot_Psc,2-4,,4,1.7249999473278876
,0,1.056309607039062,True,,False,,,unknown,True,137,,False,,,iot_Psc,2-4,,5,1.7730000081428443
,0,1.056309607039062,True,,False,,,unknown,True,138,,False,,,iot_Psc,3-4,,0,1.5330000451285741
,0,1.056309607039062,True,,False,,,unknown,True,139,,False,,,iot_Psc,3-4,,1,1.580999992256693
,0,1.056309607039062,True,,False,,,unknown,True,140,,False,,,iot_Psc,3-4,,2,1.6290000530716497
,0,1.056309607039062,True,,False,,,unknown,True,141,,False,,,iot_Psc,3-4,,3,1.6770000001997687
,0,1.056309607039062,True,,False,,,unknown,True,142,,False,,,iot_Psc,3-4,,4,1.7249999473278876
,0,1.056309607039062,True,,False,,,unknown,True,143,,False,,,iot_Psc,3-4,,5,1.7730000081428443
69.61886143009069,0,1.0595822058099493,True,0.004409399250369734,False,59636.11704592849,0.8203876848026923,2022-02-25,False,4,-0.01941358355338052,True,40358761.48166487,-4.402772906479871,ksi_Gem,1-2,0.8009741012493118,4,1.7249999473278876
114.61951142328944,0,1.0595822058099493,True,0.002612639948125943,False,59636.11704592849,0.4919735979710704,2022-02-25,False,6,0.01361197011994536,True,74768107.01181434,5.2100443957879765,ksi_Gem,1-3,0.5055855680910157,0,1.5330000451285741
114.61951142328944,0,1.0595822058099493,True,0.002775356261516033,False,59636.11704592849,0.5146096758490911,2022-02-25,False,7,0.020767309613536455,True,72498110.04722616,7.482754521105105,ksi_Gem,1-3,0.5353769854626276,1,1.580999992256693
114.61951142328944,0,1.0595822058099493,True,0.0034787993402685107,False,59636.11704592849,0.5360123115275344,2022-02-25,False,8,0.015910919329814588,True,70361883.17315422,4.573681254230233,ksi_Gem,1-3,0.551923230857349,2,1.6290000530716497
114.61951142328944,0,1.0595822058099493,True,0.003015784278756066,False,59636.11704592849,0.5562382392712498,2022-02-25,False,9,0.015439382397673618,True,68347949.55851857,5.119524797059413,ksi_Gem,1-3,0.5716776216689234,3,1.6770000001997687
124.6448598404419,0,1.0595822058099493,True,0.0026838798046208132,False,59636.11704592849,0.42783318047385555,2022-02-25,False,12,0.033725923565549765,True,81307799.19839326,12.566108030428236,ksi_Gem,1-4,0.4615591040394053,0,1.5330000451285741
124.6448598404419,0,1.0595822058099493,True,0.004258151987802576,False,59636.11704592849,0.45181256894856653,2022-02-25,False,13,0.047463541052089886,True,78839253.92214955,11.146511723406919,ksi_Gem,1-4,0.4992761100006564,1,1.580999992256693
124.6448598404419,0,1.0595822058099493,True,0.0036021292657279933,False,59636.11704592849,0.4746489889310677,2022-02-25,False,14,0.04287537844518424,True,76516179.1157778,11.902787291149334,ksi_Gem,1-4,0.517524367376252,2,1.6290000530716497
124.6448598404419,0,1.0595822058099493,True,0.0039861652899114385,False,59636.11704592849,0.49637027604664014,2022-02-25,False,15,0.04111645938314373,True,74326094.11186278,10.314790379416813,ksi_Gem,1-4,0.5374867354297839,3,1.6770000001997687
124.6448598404419,0,1.0595822058099493,True,0.0048889782029928365,False,59636.11704592849,0.5170123899201986,2022-02-25,False,16,0.047513688675447696,True,72257891.9689378,9.718531501400788,ksi_Gem,1-4,0.5645260785956463,4,1.7249999473278876
124.6448598404419,0,1.0595822058099493,True,0.0041148151066562446,False,59636.11704592849,0.5366165569871402,2022-02-25,False,17,0.041113220397109074,True,70301669.07387836,9.99151099902475,ksi_Gem,1-4,0.5777297773842492,5,1.7730000081428443
58.19632400949045,0,1.0595822058099493,True,0.019345614949810748,False,59636.11704592849,0.8485430006015181,2022-02-25,False,19,0.14067092711718876,True,36809819.28812156,7.271463196292186,ksi_Gem,2-3,0.9892139277187069,1,1.580999992256693
58.19632400949045,0,1.0595822058099493,True,0.015128288172348575,False,59636.11704592849,0.8567784718435202,2022-02-25,False,20,0.09056626277804891,True,35725182.39011423,5.986550609446056,ksi_Gem,2-3,0.9473447346215691,2,1.6290000530716497
58.19632400949045,0,1.0595822058099493,True,0.01642014981889178,False,59636.11704592849,0.8643752545529718,2022-02-25,False,21,0.0965317077168627,True,34702638.045651734,5.878856696289131,ksi_Gem,2-3,0.9609069622698345,3,1.6770000001997687
58.19632400949045,0,1.0595822058099493,True,0.015987376350925907,False,59636.11704592849,0.8713960916179812,2022-02-25,False,22,0.08349411325636402,True,33737000.45593596,5.2225025184653555,ksi_Gem,2-3,0.9548902048743452,4,1.7249999473278876
58.19632400949045,0,1.0595822058099493,True,0.011607162076279955,False,59636.11704592849,0.877896427855347,2022-02-25,False,23,0.07781641965481745,True,32823645.65268619,6.704172746397737,ksi_Gem,2-3,0.9557128475101645,5,1.7730000081428443
85.76911307350316,0,1.0595822058099493,True,0.0026666470223317027,False,59636.11704592849,0.6794538024862465,2022-02-25,False,24,-0.03778420182376774,True,55948539.170662336,-14.169180062957647,ksi_Gem,2-4,0.6416696006624788,0,1.5330000451285741
85.76911307350316,0,1.0595822058099493,True,0.0033171852484955057,False,59636.11704592849,0.6958417876041961,2022-02-25,False,25,-0.03464949780824922,True,54249913.65817641,-10.44545155383298,ksi_Gem,2-4,0.6611922897959469,1,1.580999992256693
85.76911307350316,0,1.0595822058099493,True,0.004366774223843279,False,59636.11704592849,0.7110870232002392,2022-02-25,False,26,-0.046285680363798876,True,52651387.52560293,-10.59951304811495,ksi_Gem,2-4,0.6648013428364403,2,1.6290000530716497
85.76911307350316,0,1.0595822058099493,True,0.003246766003700271,False,59636.11704592849,0.7252835705936077,2022-02-25,False,27,-0.04449985000633494,True,51144372.72706387,-13.705899949555773,ksi_Gem,2-4,0.6807837205872728,3,1.6770000001997687
85.76911307350316,0,1.0595822058099493,True,0.002660978060538004,False,59636.11704592849,0.7385175802040574,2022-02-25,False,28,-0.05008364581350422,True,49721226.48836243,-18.821517755534657,ksi_Gem,2-4,0.6884339343905532,4,1.7249999473278876
85.76911307350316,0,1.0595822058099493,True,0.002256092640055889,False,59636.11704592849,0.7508676918259514,2022-02-25,False,29,-0.046201704299186686,True,48375134.055043414,-20.478637924213146,ksi_Gem,2-4,0.7046659875267647,5,1.7730000081428443
37.75701541101873,0,1.0595822058099493,True,0.005090167176308267,False,59636.11704592849,0.9296189704806522,2022-02-25,False,30,-0.02655975317174275,True,24629493.998385377,-5.217854787827553,ksi_Gem,3-4,0.9030592173089095,0,1.5330000451285741
37.75701541101873,0,1.0595822058099493,True,0.0036395237512196576,False,59636.11704592849,0.9408933995361063,2022-02-25,False,33,-0.02559701816822013,True,22514618.60853966,-7.033068037993211,ksi_Gem,3-4,0.9152963813678862,3,1.6770000001997687
37.75701541101873,0,1.0595822058099493,True,0.004273157640811806,False,59636.11704592849,0.9440593585798991,2022-02-25,False,34,-0.023973362485699812,True,21888125.54429712,-5.6102218782514655,ksi_Gem,3-4,0.9200859960941993,4,1.7249999473278876
37.75701541101873,0,1.0595822058099493,True,0.009811060529282836,False,59636.11704592849,0.9469795517487387,2022-02-25,False,35,-0.03311470321024457,True,21295552.869493715,-3.3752419640474045,ksi_Gem,3-4,0.9138648485384941,5,1.7730000081428443
65.58002114013736,0,1.0595822058099493,True,0.01164362587619011,False,59636.1291001908,0.8002021779182461,2022-02-25,False,36,-0.06772640609429481,True,42778877.50136179,-5.816607886104243,ksi_Gem,1-2,0.7324757718239513,0,1.5330000451285741
65.58002114013736,0,1.0595822058099493,True,0.008537427946004632,False,59636.1291001908,0.8111291877969536,2022-02-25,False,37,-0.04569986688683092,True,41480089.475857325,-5.352884636434052,ksi_Gem,1-2,0.7654293209101227,1,1.580999992256693
65.58002114013736,0,1.0595822058099493,True,0.007025189839260886,False,59636.1291001908,0.8212127606426949,2022-02-25,False,38,-0.0513578606059335,True,40257838.55346069,-7.310529933143674,ksi_Gem,1-2,0.7698549000367614,2,1.6290000530716497
65.58002114013736,0,1.0595822058099493,True,0.006212616003072329,False,59636.1291001908,0.8305341983425306,2022-02-25,False,39,-0.03719171825934786,True,39105558.218440846,-5.986482705667857,ksi_Gem,1-2,0.7933424800831828,3,1.6770000001997687
65.58002114013736,0,1.0595822058099493,True,0.007325595614893273,False,59636.1291001908,0.8391657635180366,2022-02-25,False,40,-0.04779856699563423,True,38017404.720344566,-6.524871083309259,ksi_Gem,1-2,0.7913671965224024,4,1.7249999473278876
65.58002114013736,0,1.0595822058099493,True,0.009799250726037215,False,59636.1291001908,0.8471717186267831,2022-02-25,False,41,-0.04361976960110947,True,36988167.42185475,-4.451337231856824,ksi_Gem,1-2,0.8035519490256736,5,1.7730000081428443
110.07370401362182,0,1.0595822058099493,True,0.005120902613271677,False,59636.1291001908,0.5215673933170651,2022-02-25,False,42,-0.033910415560793994,True,71802805.46201147,-6.621960642818997,ksi_Gem,1-3,0.48765697775627115,0,1.5330000451285741
110.07370401362182,0,1.0595822058099493,True,0.005763972377755454,False,59636.1291001908,0.5434311693246658,2022-02-25,False,43,-0.020742426628725386,True,69622836.52924277,-3.5986339401582432,ksi_Gem,1-3,0.5226887426959405,1,1.580999992256693
110.07370401362182,0,1.0595822058099493,True,0.00433181048931707,False,59636.1291001908,0.5640421185277866,2022-02-25,False,44,-0.023032864684966903,True,67571332.36801703,-5.317145046342538,ksi_Gem,1-3,0.5410092538428197,2,1.6290000530716497
110.07370401362182,0,1.0595822058099493,True,0.006199484964506315,False,59636.1291001908,0.6017751147801058,2022-02-25,False,46,-0.01978172364216224,True,63810844.854883365,-3.1908656534240865,ksi_Gem,1-3,0.5819933911379436,4,1.7249999473278876
110.07370401362182,0,1.0595822058099493,True,0.005176841824526011,False,59636.1291001908,0.6190312819102706,2022-02-25,False,47,-0.02874315316406706,True,62083307.11116025,-5.5522564023286085,ksi_Gem,1-3,0.5902881287462035,5,1.7730000081428443
122.44799574658815,0,1.0595822058099493,True,0.005647729236971877,False,59636.1291001908,0.44171441481531304,2022-02-25,False,48,0.0347662831770047,True,79874750.25567812,6.155798502062257,ksi_Gem,1-4,0.47648069799231774,0,1.5330000451285741
122.44799574658815,0,1.0595822058099493,True,0.006262973160262753,False,59636.1291001908,0.465444041637142,2022-02-25,False,49,0.05687173380275806,True,77449713.05901648,9.080628696223265,ksi_Gem,1-4,0.5223157754399,1,1.580999992256693
122.44799574658815,0,1.0595822058099493,True,0.005744815358388897,False,59636.1291001908,0.4880052752452028,2022-02-25,False,50,0.0524157201709447,True,75167582.41701691,9.124004324073596,ksi_Gem,1-4,0.5404209954161475,2,1.6290000530716497
122.44799574658815,0,1.0595822058099493,True,0.00566997327411663,False,59636.1291001908,0.5094328899703852,2022-02-25,False,51,0.060522744881140955,True,73016097.6338711,10.674255760150876,ksi_Gem,1-4,0.5699556348515261,3,1.6770000001997687
122.44799574658815,0,1.0595822058099493,True,0.005962184068711942,False,59636.1291001908,0.529768528090574,2022-02-25,False,52,0.057583233629131536,True,70984347.52781662,9.658077135074379,ksi_Gem,1-4,0.5873517617197055,4,1.7249999473278876
122.44799574658815,0,1.0595822058099493,True,0.004358874085279274,False,59636.1291001908,0.5490580457302348,2022-02-25,False,53,0.05250984685076354,True,69062603.0367863,12.046653751274677,ksi_Gem,1-4,0.6015678925809983,5,1.7730000081428443
57.98099600720829,0,1.0595822058099493,True,0.01767378936017824,False,59636.1291001908,0.8495869683720675,2022-02-25,False,55,0.2417196316991087,True,36673621.9425575,13.67672923859442,ksi_Gem,2-3,1.0913066000711762,1,1.580999992256693
57.98099600720829,0,1.0595822058099493,True,0.015560065856094294,False,59636.1291001908,0.8577697430534007,2022-02-25,False,56,0.20830201088272748,True,35592998.23095712,13.386962035327338,ksi_Gem,2-3,1.0660717539361282,2,1.6290000530716497
57.98099600720829,0,1.0595822058099493,True,0.017635792126131023,False,59636.1291001908,0.8653174774864132,2022-02-25,False,57,0.16837433420192993,True,34574237.32874266,9.547307713638165,ksi_Gem,2-3,1.0336918116883431,3,1.6770000001997687
57.98099600720829,0,1.0595822058099493,True,0.015171447651994144,False,59636.1291001908,0.8722926143218731,2022-02-25,False,58,0.18144149145118693,True,33612172.62471445,11.959405299555455,ksi_Gem,2-3,1.05373410577306,4,1.7249999473278876
57.98099600720829,0,1.0595822058099493,True,0.011690684875070998,False,59636.1291001908,0.8787503239098641,2022-02-25,False,59,0.12466992602107274,True,32702197.2594018,10.664039562550917,ksi_Gem,2-3,1.0034202499309368,5,1.7730000081428443
86.91091431839672,0,1.0595822058099493,True,0.00251347151447141,False,59636.1291001908,0.6722130084890819,2022-02-25,False,60,-0.06809503950284368,True,56693354.05081963,-27.09202754468624,ksi_Gem,2-4,0.6041179689862383,0,1.5330000451285741
86.91091431839672,0,1.0595822058099493,True,0.0029263407988819263,False,59636.1291001908,0.6888964498965605,2022-02-25,False,61,-0.07984921202466022,True,54972115.58764243,-27.28636803176458,ksi_Gem,2-4,0.6090472378719003,1,1.580999992256693
86.91091431839672,0,1.0595822058099493,True,0.0032054184777235064,False,59636.1291001908,0.7044247879593909,2022-02-25,False,62,-0.09042251431758908,True,53352309.0772877,-28.20926969317507,ksi_Gem,2-4,0.6140022736418018,2,1.6290000530716497
86.91091431839672,0,1.0595822058099493,True,0.0034027672555143676,False,59636.1291001908,0.7188919452422423,2022-02-25,False,63,-0.08463953071423413,True,51825232.14552395,-24.87373492179673,ksi_Gem,2-4,0.6342524145280082,3,1.6770000001997687
86.91091431839672,0,1.0595822058099493,True,0.003909474507311077,False,59636.1291001908,0.7323841509838848,2022-02-25,False,64,-0.09289315677903365,True,50383140.27372936,-23.76103402268384,ksi_Gem,2-4,0.6394909942048511,4,1.7249999473278876
86.91091431839672,0,1.0595822058099493,True,0.003386280190743825,False,59636.1291001908,0.7449802775264502,2022-02-25,False,65,-0.08712810487485678,True,49019127.98603587,-25.729738818723785,ksi_Gem,2-4,0.6578521726515935,5,1.7730000081428443
37.90151299407609,0,1.0595822058099493,True,0.010786603756983319,False,59636.1291001908,0.9290957041243406,2022-02-25,False,66,-0.05536456565209269,True,24723752.040657807,-5.132715254905818,ksi_Gem,3-4,0.8737311384722479,0,1.5330000451285741
37.90151299407609,0,1.0595822058099493,True,0.007130702063385132,False,59636.1291001908,0.933213967896277,2022-02-25,False,67,-0.03781497254555577,True,23973126.61588069,-5.303120535596183,ksi_Gem,3-4,0.8953989953507212,1,1.580999992256693
37.90151299407609,0,1.0595822058099493,True,0.006111175186851836,False,59636.1291001908,0.9369869029994634,2022-02-25,False,68,-0.051072477108506376,True,23266735.272726867,-8.357226809401334,ksi_Gem,3-4,0.885914425890957,2,1.6290000530716497
37.90151299407609,0,1.0595822058099493,True,0.006184108895060553,False,59636.1291001908,0.9404516908222009,2022-02-25,False,69,-0.05854099596063567,True,22600782.939511728,-9.466359172199287,ksi_Gem,3-4,0.8819106948615653,3,1.6770000001997687
37.90151299407609,0,1.0595822058099493,True,0.007779426635268418,False,59636.1291001908,0.943640710703626,2022-02-25,False,70,-0.05281439277635058,True,21971892.261670765,-6.788982691463906,ksi_Gem,3-4,0.8908263179272754,4,1.7249999473278876
37.90151299407609,0,1.0595822058099493,True,0.008472985428561945,False,59636.1291001908,0.9465822358448214,2022-02-25,False,71,-0.08670241309752791,True,21377051.787933495,-10.232805641947532,ksi_Gem,3-4,0.8598798227472935,5,1.7730000081428443
79.25943483155487,0,1.0898815645590911,True,0.007082915421914669,False,59639.07676564086,0.720049938734646,2022-02-28,False,72,0.021858954363813465,True,51702173.84103685,3.0861521085203787,ksi_Gem,1-2,0.7419088930984594,0,1.5330000451285741
124.23355141995322,0,1.0898815645590911,True,0.005272204809596679,False,59639.07676564086,0.4304233542115868,2022-02-28,False,78,0.018800356317023204,True,81039496.25750574,3.565938159838184,ksi_Gem,1-3,0.44922371052861,0,1.5330000451285741
124.23355141995322,0,1.0898815645590911,True,0.0019930557502939486,False,59639.07676564086,0.47714457798557225,2022-02-28,False,80,-0.006530720615064933,True,76263687.76704328,-3.276737549414632,ksi_Gem,1-3,0.4706138573705073,2,1.6290000530716497
124.23355141995322,0,1.0898815645590911,True,0.0017176263335944874,False,59639.07676564086,0.4988124006324243,2022-02-28,False,81,-0.005958358763358873,True,74080829.69895896,-3.4689493557599214,ksi_Gem,1-3,0.49285404186906545,3,1.6770000001997687
124.23355141995322,0,1.0898815645590911,True,0.002047162385171367,False,59639.07676564086,0.519398462831708,2022-02-28,False,82,-0.010687709820791813,True,72019452.29760574,-5.220743551272876,ksi_Gem,1-3,0.5087107530109162,4,1.7249999473278876
124.23355141995322,0,1.0898815645590911,True,0.003802722345604884,False,59639.07676564086,0.5389448787279821,2022-02-28,False,83,-0.02312161250023881,True,70069684.63022374,-6.0802789156989965,ksi_Gem,1-3,0.5158232662277433,5,1.7730000081428443
128.66233747233616,0,1.0898815645590911,True,0.002350026106765507,False,59639.07676564086,0.4504133960832456,2022-02-28,False,86,-0.01328065454643873,True,78982402.25942896,-5.651279578641684,ksi_Gem,1-4,0.43713274153680687,2,1.6290000530716497
128.66233747233616,0,1.0898815645590911,True,0.0015985293913373347,False,59639.07676564086,0.47261919506190503,2022-02-28,False,87,-0.007225012795954167,True,76721727.76208083,-4.519787271418074,ksi_Gem,1-4,0.46539418226595086,3,1.6770000001997687
109.10325166104253,0,1.0898815645590911,True,0.0029136482270193855,False,59639.07676564086,0.5892734377240011,2022-02-28,False,99,-0.01478629022058997,True,65058587.7448097,-5.074837134926238,ksi_Gem,2-4,0.5744871475034111,3,1.6770000001997687
109.10325166104253,0,1.0898815645590911,True,0.00305210872149282,False,59639.07676564086,0.6074023677047229,2022-02-28,False,100,-0.01936079295466442,True,63248263.763746195,-6.3434152323364295,ksi_Gem,2-4,0.5880415747500585,4,1.7249999473278876
109.10325166104253,0,1.0898815645590911,True,0.0036928306271281582,False,59639.07676564086,0.6244823267128319,2022-02-28,False,101,-0.020258993083110743,True,61535956.66100667,-5.48603364971162,ksi_Gem,2-4,0.6042233336297211,5,1.7730000081428443
79.58587252851895,0,1.0898815645590911,True,0.007389926388908949,False,59639.07676564086,0.7591891296424301,2022-02-28,False,105,0.03446614417637217,True,47457288.32381543,4.663936061406528,ksi_Gem,3-4,0.7936552738188023,3,1.6770000001997687
79.58587252851895,0,1.0898815645590911,True,0.011349826126485857,False,59639.07676564086,0.7710112407184142,2022-02-28,False,106,0.04279067992965946,True,46136739.10645708,3.7701617146190016,ksi_Gem,3-4,0.8138019206480737,4,1.7249999473278876
79.58587252851895,0,1.0898815645590911,True,0.011100740698850172,False,59639.07676564086,0.7820209382719456,2022-02-28,False,107,0.08214405140446968,True,44887688.75522024,7.3998712007549425,ksi_Gem,3-4,0.8641649896764153,5,1.7730000081428443
76.35953828717821,0,1.0898815645590911,True,0.005088160258635043,False,59639.08685318144,0.7874318812238504,2022-02-28,False,112,0.01565277118412256,True,44266400.3587148,3.0763125350775793,ksi_Gem,1-2,0.803084652407973,4,1.7249999473278876
121.58063973661478,0,1.0898815645590911,True,0.00354843273585173,False,59639.08685318144,0.4708492514497935,2022-02-28,False,115,-0.018034386700043648,True,76901100.77930652,-5.082352701189038,ksi_Gem,1-3,0.45281486474974986,1,1.580999992256693
121.58063973661478,0,1.0898815645590911,True,0.0030423481433907253,False,59639.08685318144,0.49329563367965457,2022-02-28,False,116,-0.016493824190659756,True,74635135.52830265,-5.421412479203394,ksi_Gem,1-3,0.4768018094889948,2,1.6290000530716497
121.58063973661478,0,1.0898815645590911,True,0.002714476084720268,False,59639.08685318144,0.5146018694378169,2022-02-28,False,117,-0.020415921751058608,True,72498890.71087167,-7.521127876564994,ksi_Gem,1-3,0.49418594768675833,3,1.6770000001997687
121.58063973661478,0,1.0898815645590911,True,0.0028263256165973853,False,59639.08685318144,0.5348117613383696,2022-02-28,False,118,-0.02557928950960886,True,70481532.43421796,-9.050368916941629,ksi_Gem,1-3,0.5092324718287607,4,1.7249999473278876
121.58063973661478,0,1.0898815645590911,True,0.004460830764578517,False,59639.08685318144,0.5539729166432871,2022-02-28,False,119,-0.040050936216280864,True,68573400.55173844,-8.97835814223387,ksi_Gem,1-3,0.5139219804270062,5,1.7730000081428443
130.13533051815293,0,1.0898815645590911,True,0.0029305156687312135,False,59639.08685318144,0.4415988461287551,2022-02-28,False,122,-0.011655826411119175,True,79886633.6884208,-3.9773977445292568,ksi_Gem,1-4,0.42994301971763593,2,1.6290000530716497
58.0326041690462,0,1.0898815645590911,True,0.005655332799265886,False,59639.08685318144,0.8493370133927877,2022-02-28,False,127,-0.027241900439355593,True,36706264.67632769,-4.81702870658502,ksi_Gem,2-3,0.8220951129534321,1,1.580999992256693
58.0326041690462,0,1.0898815645590911,True,0.0047281509356774075,False,59639.08685318144,0.8650918930252863,2022-02-28,False,129,-0.0191696837953792,True,34605011.42643602,-4.054372217843071,ksi_Gem,2-3,0.8459222092299071,3,1.6770000001997687
110.41219407798165,0,1.0898815645590911,True,0.003921831303150324,False,59639.08685318144,0.5814415797145309,2022-02-28,False,135,-0.017128050367044012,True,65839113.93251584,-4.3673603077433265,ksi_Gem,2-4,0.5643135293474869,3,1.6770000001997687
110.41219407798165,0,1.0898815645590911,True,0.004539507658396238,False,59639.08685318144,0.5998108356038399,2022-02-28,False,136,-0.023235587504067512,True,64007070.98514161,-5.11852589588458,ksi_Gem,2-4,0.5765752480997723,4,1.7249999473278876
110.41219407798165,0,1.0898815645590911,True,0.004794265399180765,False,59639.08685318144,0.6171279472426856,2022-02-28,False,137,-0.028266944005841288,True,62274220.85216716,-5.8959906580623365,ksi_Gem,2-4,0.5888610032368443,5,1.7730000081428443
78.40379370413652,0,1.0898815645590911,True,0.012274848731833253,False,59639.08685318144,0.7252868186914069,2022-02-28,False,138,0.03807068999929253,True,51144025.69868204,3.1015200945459354,ksi_Gem,3-4,0.7633575086906994,0,1.5330000451285741
78.40379370413652,0,1.0898815645590911,True,0.0036896224394167114,False,59639.08685318144,0.7397172238661733,2022-02-28,False,139,0.026298331276616627,True,49591267.607929744,7.1276483457136885,ksi_Gem,3-4,0.76601555514279,1,1.580999992256693
78.40379370413652,0,1.0898815645590911,True,0.01190842576471551,False,59639.08685318144,0.7530981449611737,2022-02-28,False,140,0.06967899655263643,True,48130012.983301,5.851234909579255,ksi_Gem,3-4,0.8227771415138101,2,1.6290000530716497
78.40379370413652,0,1.0898815645590911,True,0.006155638013296105,False,59639.08685318144,0.7655221310994594,2022-02-28,False,141,0.09294725923396063,True,46752411.26702257,15.099532986376985,ksi_Gem,3-4,0.8584693903334201,3,1.6770000001997687
78.40379370413652,0,1.0898815645590911,True,0.01086124015676327,False,59639.08685318144,0.777072829786513,2022-02-28,False,142,0.09732122663911902,True,45451475.99893436,8.960415683149893,ksi_Gem,3-4,0.8743940564256321,4,1.7249999473278876
78.40379370413652,0,1.0898815645590911,True,0.007111248107365613,False,59639.08685318144,0.7878257279676942,2022-02-28,False,143,0.18206333363215443,True,44220977.63341905,25.602163063833874,ksi_Gem,3-4,0.9698890615998487,5,1.7730000081428443
128.59526230289137,0,1.0203173160249304,True,0.002842460371960342,False,58816.2206708784,0.4045397580697325,2019-11-28,False,7,-0.016460994568022747,True,81337927.21866913,-5.791107848117578,pi3_Ori,1-3,0.3880787635017098,1,1.580999992256693
128.59526230289137,0,1.0203173160249304,True,0.0031538951160703806,False,58816.2206708784,0.4281635772472702,2019-11-28,False,8,-0.015614070068361796,True,78941226.58891973,-4.950725846526014,pi3_Ori,1-3,0.4125495071789084,2,1.6290000530716497
128.59526230289137,0,1.0203173160249304,True,0.0029650283260040096,False,58816.2206708784,0.45075918972165524,2019-11-28,False,9,-0.01032678133618542,True,76681730.64255978,-3.482860937825474,pi3_Ori,1-3,0.4404324083854698,3,1.6770000001997687
128.59526230289137,0,1.0203173160249304,True,0.002618647173637313,False,58816.2206708784,0.47234032284199884,2019-11-28,False,10,-0.013698785665347102,True,74547980.42289332,-5.231245279339952,pi3_Ori,1-3,0.45864153717665174,4,1.7249999473278876
128.59526230289137,0,1.0203173160249304,True,0.0025612857402253116,False,58816.2206708784,0.4929298187035316,2019-11-28,False,11,-0.012147852572654494,True,72529758.43896945,-4.742872839945562,pi3_Ori,1-3,0.4807819661308771,5,1.7730000081428443
125.89719112640998,0,1.0203173160249304,True,0.0025918321616771045,False,58816.2206708784,0.42132226322351257,2019-11-28,False,13,-0.014940371063683733,True,79631367.32638842,-5.764405305479435,pi3_Ori,1-4,0.40638189215982884,1,1.580999992256693
125.89719112640998,0,1.0203173160249304,True,0.002868268607554159,False,58816.2206708784,0.44469888904974975,2019-11-28,False,14,-0.017130518125483107,True,77284952.13306941,-5.972424646829261,pi3_Ori,1-4,0.42756837092426664,2,1.6290000530716497
125.89719112640998,0,1.0203173160249304,True,0.0023889436840492683,False,58816.2206708784,0.46701210273239047,2019-11-28,False,15,-0.008359631998795858,True,75072862.91676372,-3.4993005714669048,pi3_Ori,1-4,0.4586524707335946,3,1.6770000001997687
125.89719112640998,0,1.0203173160249304,True,0.0021626175808101937,False,58816.2206708784,0.5085443474762286,2019-11-28,False,17,0.008110243101437264,True,71008003.69328983,3.7501975260919123,pi3_Ori,1-4,0.5166545905776658,5,1.7730000081428443
56.54482882357884,0,1.0203173160249304,True,0.005817321328138792,False,58816.2206708784,0.8484633046266848,2019-11-28,False,19,-0.01789271240587398,True,35765230.297609106,-3.0757648403098643,pi3_Ori,2-3,0.8305705922208109,1,1.580999992256693
56.54482882357884,0,1.0203173160249304,True,0.006136326081108887,False,58816.2206708784,0.8643036333365282,2019-11-28,False,21,-0.022507489798765157,True,33717846.64093206,-3.66790967449661,pi3_Ori,2-3,0.841796143537763,3,1.6770000001997687
113.73597022757305,0,1.0203173160249304,True,0.005400725874600583,False,58816.2206708784,0.5609339116495595,2019-11-28,False,28,-0.030140495422666835,True,65933897.79736274,-5.580823045364418,pi3_Ori,2-4,0.5307934162268927,4,1.7249999473278876
88.93178738276536,0,1.0203173160249304,True,0.003318829583802549,False,58816.2206708784,0.6603152272837113,2019-11-28,False,31,-0.015400459108226072,True,56250340.17604618,-4.640328380639839,pi3_Ori,3-4,0.6449147681754852,1,1.580999992256693
88.93178738276536,0,1.0203173160249304,True,0.0023797307112590213,False,58816.2206708784,0.7070552103206091,2019-11-28,False,34,0.011929677999530264,True,51554660.926526524,5.013036955437173,pi3_Ori,3-4,0.7189848883201394,4,1.7249999473278876
88.93178738276536,0,1.0203173160249304,True,0.002259305117975374,False,58816.2206708784,0.720643580502259,2019-11-28,False,35,0.013336746572493952,True,50158932.30362605,5.90303030183253,pi3_Ori,3-4,0.7339803270747529,5,1.7730000081428443
84.62086872084912,0,1.0203173160249304,True,0.0065048366762786615,False,58816.23117788318,0.6708944665343203,2019-11-28,False,36,0.02043184250851504,True,55199521.35014574,3.141023137909721,pi3_Ori,1-2,0.6913263090428353,0,1.5330000451285741
84.62086872084912,0,1.0203173160249304,True,0.004943227274507488,False,58816.23117788318,0.731268697970526,2019-11-28,False,40,0.02129095583512719,True,49055577.567947835,4.307096286048973,pi3_Ori,1-2,0.7525596538056532,4,1.7249999473278876
84.62086872084912,0,1.0203173160249304,True,0.005366639265176625,False,58816.23117788318,0.7439098403401431,2019-11-28,False,41,0.02504575237423412,True,47727506.10953833,4.666934209040753,pi3_Ori,1-2,0.7689555927143772,5,1.7730000081428443
127.42889120597656,0,1.0203173160249304,True,0.0025156674112059452,False,58816.23117788318,0.4117704870912534,2019-11-28,False,43,-0.00817639179206836,True,80600184.58576123,-3.2501879046677367,pi3_Ori,1-3,0.40359409529918505,1,1.580999992256693
127.88999665926971,0,1.0203173160249304,True,0.002753144193224506,False,58816.23117788318,0.3843028910500491,2019-11-28,False,48,0.0125697591221538,True,83424652.89917421,4.56560145054807,pi3_Ori,1-4,0.3968726501722029,0,1.5330000451285741
127.88999665926971,0,1.0203173160249304,True,0.002282312722340874,False,58816.23117788318,0.4089074008518892,2019-11-28,False,49,-0.00793419243950888,True,80891838.89034791,-3.476382689297331,pi3_Ori,1-4,0.4009732084123803,1,1.580999992256693
127.88999665926971,0,1.0203173160249304,True,0.0024743262364250143,False,58816.23117788318,0.43247035191777894,2019-11-28,False,50,-0.01155372833457824,True,78508282.6842883,-4.6694442165684,pi3_Ori,1-4,0.4209166235832007,2,1.6290000530716497
127.88999665926971,0,1.0203173160249304,True,0.002470247742149819,False,58816.23117788318,0.47649872476624255,2019-11-28,False,52,0.010384648401085883,True,74139130.76193295,4.203889441489088,pi3_Ori,1-4,0.48688337316732844,4,1.7249999473278876
127.88999665926971,0,1.0203173160249304,True,0.0016714851717521924,False,58816.23117788318,0.49700479336689996,2019-11-28,False,53,0.015305214461398542,True,72131977.47992682,9.156655841196795,pi3_Ori,1-4,0.5123100078282985,5,1.7730000081428443
57.25956088786594,0,1.0203173160249304,True,0.005678703691842463,False,58816.23117788318,0.8357299913930565,2019-11-28,False,54,0.024676826797048745,True,37351310.63421693,4.345503505051224,pi3_Ori,2-3,0.8604068181901052,0,1.5330000451285741
57.25956088786594,0,1.0203173160249304,True,0.004667578428122237,False,58816.23117788318,0.8682445856231272,2019-11-28,False,58,0.024140142784228047,True,33193949.354354415,5.171877271259823,pi3_Ori,2-3,0.8923847284073553,4,1.7249999473278876
57.25956088786594,0,1.0203173160249304,True,0.0048919273597972275,False,58816.23117788318,0.8748945681055779,2019-11-28,False,59,0.03542512675390497,True,32295296.46073907,7.241547992931227,pi3_Ori,2-3,0.9103196948594828,5,1.7730000081428443
114.52638290847781,0,1.0203173160249304,True,0.004743706184593726,False,58816.23117788318,0.5561932226810176,2019-11-28,False,64,-0.026595499048011617,True,66392108.06115385,-5.606481095812089,pi3_Ori,2-4,0.529597723633006,4,1.7249999473278876
87.70221136816534,0,1.0203173160249304,True,0.0030523621879834967,False,58816.23117788318,0.6681508893050075,2019-11-28,False,67,-0.02281227010397391,True,55472619.73289491,-7.473644573956847,pi3_Ori,3-4,0.6453386192010336,1,1.580999992256693
87.70221136816534,0,1.0203173160249304,True,0.0014429631463147078,False,58816.23117788318,0.6997646418814198,2019-11-28,False,69,-0.005391811024373805,True,52297084.8883232,-3.7366242084174894,pi3_Ori,3-4,0.694372830857046,3,1.6770000001997687
87.70221136816534,0,1.0203173160249304,True,0.0014655872557173758,False,58816.23117788318,0.7140146122042247,2019-11-28,False,70,0.012703535059879978,True,50841863.21513836,8.66788040788595,pi3_Ori,3-4,0.7267181472641047,4,1.7249999473278876
87.70221136816534,0,1.0203173160249304,True,0.002807819758181348,False,58816.23117788318,0.7273344471754938,2019-11-28,False,71,0.018514032481551812,True,49465432.01656854,6.59373965426596,pi3_Ori,3-4,0.7458484796570456,5,1.7730000081428443
88.89814202897762,0,1.074349960755691,True,0.0018471564583924934,False,58815.20469599114,0.6426814313397394,2019-11-27,False,72,0.025112212953005253,True,57989653.889097996,13.595065452581862,pi3_Ori,1-2,0.6677936442927447,0,1.5330000451285741
88.89814202897762,0,1.074349960755691,True,0.002179691271768755,False,58815.20469599114,0.6605300674370961,2019-11-27,False,73,0.009571426599744082,True,56229059.11725268,4.391184533200957,pi3_Ori,1-2,0.6701014940368402,1,1.580999992256693
88.89814202897762,0,1.074349960755691,True,0.002407670591793106,False,58815.20469599114,0.6771799719433481,2019-11-27,False,74,0.021094325999813868,True,54572215.5510989,8.761300682791465,pi3_Ori,1-2,0.698274297943162,2,1.6290000530716497
88.89814202897762,0,1.074349960755691,True,0.0016644429959488303,False,58815.20469599114,0.6927234529996921,2019-11-27,False,75,0.012244454837293417,True,53010221.83565166,7.356487946475667,pi3_Ori,1-2,0.7049679078369855,3,1.6770000001997687
88.89814202897762,0,1.074349960755691,True,0.002233488625805585,False,58815.20469599114,0.7072461770028745,2019-11-27,False,76,0.011669200115592915,True,51535156.37301053,5.224651686499641,pi3_Ori,1-2,0.7189153771184674,4,1.7249999473278876
88.89814202897762,0,1.074349960755691,True,0.0015682890909037917,False,58815.20469599114,0.7208272190620267,2019-11-27,False,77,0.006363817450716125,True,50139955.79283461,4.057808912672288,pi3_Ori,1-2,0.7271910365127429,5,1.7730000081428443
129.20732082744348,0,1.074349960755691,True,0.001974298320530714,False,58815.20469599114,0.37606796419693767,2019-11-27,False,78,0.04816593733935248,True,84283964.13817897,24.396483975332018,pi3_Ori,1-3,0.42423390153629015,0,1.5330000451285741
129.20732082744348,0,1.074349960755691,True,0.002043763084738357,False,58815.20469599114,0.40076083113043937,2019-11-27,False,79,0.03107443110734126,True,81725061.01218578,15.204517264935047,pi3_Ori,1-3,0.4318352622377806,1,1.580999992256693
129.20732082744348,0,1.074349960755691,True,0.0028733093428115098,False,58815.20469599114,0.42443530841145494,2019-11-27,False,80,0.039218037439355924,True,79316953.11108774,13.64908290764871,pi3_Ori,1-3,0.46365334585081086,2,1.6290000530716497
129.20732082744348,0,1.074349960755691,True,0.0014103873907927596,False,58815.20469599114,0.44709016432834786,2019-11-27,False,81,0.03323706286915218,True,77046702.92907093,23.565910391803826,pi3_Ori,1-3,0.48032722719750004,3,1.6770000001997687
129.20732082744348,0,1.074349960755691,True,0.0022298328057543913,False,58815.20469599114,0.46873717729968845,2019-11-27,False,82,0.02410976332005893,True,74902796.96969973,10.812363715270651,pi3_Ori,1-3,0.4928469406197474,4,1.7249999473278876
129.20732082744348,0,1.074349960755691,True,0.0017072980627466975,False,58815.20469599114,0.48939755895901405,2019-11-27,False,83,0.028634327756958955,True,72874969.11113027,16.77172157677735,pi3_Ori,1-3,0.518031886715973,5,1.7730000081428443
121.53957029237279,0,1.074349960755691,True,0.004585898945065875,False,58815.20469599114,0.4247800839804774,2019-11-27,False,84,0.05590874490280129,True,79282170.06815492,12.19144721079286,pi3_Ori,1-4,0.4806888288832787,0,1.5330000451285741
121.53957029237279,0,1.074349960755691,True,0.0020629967406152975,False,58815.20469599114,0.44881415766221894,2019-11-27,False,85,0.03411108713416838,True,76875123.90110086,16.53472662491682,pi3_Ori,1-4,0.4829252447963873,1,1.580999992256693
121.53957029237279,0,1.074349960755691,True,0.0021312860351272132,False,58815.20469599114,0.47171090055288095,2019-11-27,False,86,0.03512032307404073,True,74609924.08391714,16.478465346836682,pi3_Ori,1-4,0.5068312236269217,2,1.6290000530716497
121.53957029237279,0,1.074349960755691,True,0.0026961025879988325,False,58815.20469599114,0.4934966141295895,2019-11-27,False,87,0.028874969274632345,True,72474400.88127291,10.709892643983045,pi3_Ori,1-4,0.5223715834042219,3,1.6770000001997687
121.53957029237279,0,1.074349960755691,True,0.003341108191632694,False,58815.20469599114,0.5142060016390471,2019-11-27,False,88,0.038340694561286415,True,70457724.06001736,11.475442386841873,pi3_Ori,1-4,0.5525466962003335,4,1.7249999473278876
121.53957029237279,0,1.074349960755691,True,0.0026378123246906283,False,58815.20469599114,0.5338792659313155,2019-11-27,False,89,0.03358809837659482,True,68550236.73670551,12.733316188646647,pi3_Ori,1-4,0.5674673643079103,5,1.7730000081428443
54.80765241497911,0,1.074349960755691,True,0.0030282822783506175,False,58815.20469599114,0.8570502034868864,2019-11-27,False,91,-0.03504579529505236,True,34666446.98508036,-11.572829767421942,pi3_Ori,2-3,0.8220044081918341,1,1.580999992256693
54.80765241497911,0,1.074349960755691,True,0.003071527287664602,False,58815.20469599114,0.864854659651741,2019-11-27,False,92,-0.024142443726056784,True,33644966.62331813,-7.86007789122173,pi3_Ori,2-3,0.8407122159256842,2,1.6290000530716497
54.80765241497911,0,1.074349960755691,True,0.002900521612655386,False,58815.20469599114,0.8720504467859945,2019-11-27,False,93,-0.035933869340158964,True,32681963.272778936,-12.38876110537305,pi3_Ori,2-3,0.8361165774458356,3,1.6770000001997687
54.80765241497911,0,1.074349960755691,True,0.0027428616708549476,False,58815.20469599114,0.8786978115086277,2019-11-27,False,94,-0.028052450864816447,True,31772553.09478643,-10.227439160675035,pi3_Ori,2-3,0.8506453606438112,4,1.7249999473278876
54.80765241497911,0,1.074349960755691,True,0.0035283436356956816,False,58815.20469599114,0.8848499213275594,2019-11-27,False,95,-0.014174623608310122,True,30912381.36675939,-4.017359155414384,pi3_Ori,2-3,0.8706752977192492,5,1.7730000081428443
112.66377468145765,0,1.074349960755691,True,0.0047453017828122356,False,58815.20469599114,0.48309071363035255,2019-11-27,False,96,0.03218724551204283,True,73492349.2269098,6.782971238758079,pi3_Ori,2-4,0.5152779591423954,0,1.5330000451285741
112.66377468145765,0,1.074349960755691,True,0.0032249249607201615,False,58815.20469599114,0.5059429954673367,2019-11-27,False,97,0.024515055981208178,True,71261084.90401904,7.601744623457439,pi3_Ori,2-4,0.5304580514485449,1,1.580999992256693
112.66377468145765,0,1.074349960755691,True,0.003458311654489714,False,58815.20469599114,0.5275699956155471,2019-11-27,False,98,0.02819507049880765,True,69161308.17124182,8.152842576291157,pi3_Ori,2-4,0.5557650661143547,2,1.6290000530716497
112.66377468145765,0,1.074349960755691,True,0.0035789675158057746,False,58815.20469599114,0.5480249722033903,2019-11-27,False,99,0.016012521194121332,True,67181738.02506669,4.474061617884298,pi3_Ori,2-4,0.5640374933975116,3,1.6770000001997687
91.23349596027928,0,1.074349960755691,True,0.006306854767310624,False,58815.20469599114,0.627130196812777,2019-11-27,False,102,0.02011024456364774,True,59513041.927293256,3.1886328931945855,pi3_Ori,3-4,0.6472404413764248,0,1.5330000451285741
91.23349596027928,0,1.074349960755691,True,0.005401935806257903,False,58815.20469599114,0.6455647512656755,2019-11-27,False,103,0.02287514830428483,True,57706196.3359368,4.234620536916597,pi3_Ori,3-4,0.6684398995699603,1,1.580999992256693
91.23349596027928,0,1.074349960755691,True,0.0017902033497701707,False,58815.20469599114,0.678873417281116,2019-11-27,False,105,0.008004712718997609,True,54402800.20835499,4.4713985816333475,pi3_Ori,3-4,0.6868781300001137,3,1.6770000001997687
87.41300354928198,0,1.074349960755691,True,0.0021264027785945438,False,58815.2170437766,0.6699890665802049,2019-11-27,False,109,-0.013876746444869803,True,55289692.585330196,-6.5259256546126725,pi3_Ori,1-2,0.656112320135335,1,1.580999992256693
87.41300354928198,0,1.074349960755691,True,0.001938133306107356,False,58815.2170437766,0.6862716796777806,2019-11-27,False,110,-0.008796070795650923,True,53660528.361835,-4.538424043347871,pi3_Ori,1-2,0.6774756088821297,2,1.6290000530716497
87.41300354928198,0,1.074349960755691,True,0.0015547920515832279,False,58815.2170437766,0.7014618447526146,2019-11-27,False,111,-0.014536001231891915,True,52124629.42091181,-9.349161012940646,pi3_Ori,1-2,0.6869258435207227,3,1.6770000001997687
87.41300354928198,0,1.074349960755691,True,0.0022291440571768515,False,58815.2170437766,0.715645584723054,2019-11-27,False,112,-0.01192529029171463,True,50674206.50341999,-5.349717194508136,pi3_Ori,1-2,0.7037202944313393,4,1.7249999473278876
87.41300354928198,0,1.074349960755691,True,0.001484888659124015,False,58815.2170437766,0.7289020499147058,2019-11-27,False,113,-0.01665852619493291,True,49302314.24016972,-11.21870390252716,pi3_Ori,1-2,0.7122435237197728,5,1.7730000081428443
129.01167980381976,0,1.074349960755691,True,0.002196523689183087,False,58815.2170437766,0.37728716235508386,2019-11-27,False,114,0.031406410077007674,True,84156344.42659095,14.298234174150013,pi3_Ori,1-3,0.40869357243209153,0,1.5330000451285741
129.01167980381976,0,1.074349960755691,True,0.002076992979699576,False,58815.2170437766,0.4019675669379659,2019-11-27,False,115,0.014191476558780225,True,81601315.89859822,6.832703190375219,pi3_Ori,1-3,0.41615904349674615,1,1.580999992256693
129.01167980381976,0,1.074349960755691,True,0.0025457196588223475,False,58815.2170437766,0.4256260709936281,2019-11-27,False,116,0.017398091173933483,True,79196854.26685822,6.834252590869278,pi3_Ori,1-3,0.4430241621675616,2,1.6290000530716497
129.01167980381976,0,1.074349960755691,True,0.0016881540076423398,False,58815.2170437766,0.44826218554128244,2019-11-27,False,117,0.009887958542480979,True,76930041.61505757,5.857260947589972,pi3_Ori,1-3,0.4581501440837634,3,1.6770000001997687
129.01167980381976,0,1.074349960755691,True,0.0018752221143205495,False,58815.2170437766,0.46988831402146874,2019-11-27,False,118,0.005658463463775798,True,74789381.88007796,3.0174897259176325,pi3_Ori,1-3,0.47554677748524454,4,1.7249999473278876
129.01167980381976,0,1.074349960755691,True,0.0018730175709429722,False,58815.2170437766,0.4905261912569047,2019-11-27,False,119,0.005913647479217743,True,72764624.48466371,3.157283503881126,pi3_Ori,1-3,0.49643983873612246,5,1.7730000081428443
124.53374915469323,0,1.074349960755691,True,0.003942995404478702,False,58815.2170437766,0.40554313974562806,2019-11-27,False,120,0.028015427395528536,True,81235319.95346318,7.1051128702069635,pi3_Ori,1-4,0.4335585671411566,0,1.5330000451285741
124.53374915469323,0,1.074349960755691,True,0.0019148115419007814,False,58815.2170437766,0.4298757129040939,2019-11-27,False,121,0.008666561847961718,True,78768975.18319139,4.52606518099356,pi3_Ori,1-4,0.4385422747520556,1,1.580999992256693
124.53374915469323,0,1.074349960755691,True,0.0020861587773938826,False,58815.2170437766,0.45311277830248015,2019-11-27,False,122,0.011267001100736085,True,76447971.2077798,5.400835843766071,pi3_Ori,1-4,0.46437977940321623,2,1.6290000530716497
124.53374915469323,0,1.074349960755691,True,0.003278853690899419,False,58815.2170437766,0.49637442021666717,2019-11-27,False,124,0.014924706612197192,True,72193479.97523265,4.551806216185026,pi3_Ori,1-4,0.5112991268288644,4,1.7249999473278876
124.53374915469323,0,1.074349960755691,True,0.0016893988940209438,False,58815.2170437766,0.5164583211895214,2019-11-27,False,125,0.016303308366855895,True,70239000.89269486,9.650360506660649,pi3_Ori,1-4,0.5327616295563773,5,1.7730000081428443
56.02157769558507,0,1.074349960755691,True,0.003106534454191391,False,58815.2170437766,0.8510703150750428,2019-11-27,False,127,-0.026373009877405318,True,35434268.1656948,-8.48952756401024,pi3_Ori,2-3,0.8246973051976375,1,1.580999992256693
56.02157769558507,0,1.074349960755691,True,0.0031073071612558803,False,58815.2170437766,0.8591782767403561,2019-11-27,False,128,-0.020234566900496964,True,34390163.21083019,-6.511930057252132,pi3_Ori,2-3,0.8389437098398591,2,1.6290000530716497
56.02157769558507,0,1.074349960755691,True,0.002890657432095882,False,58815.2170437766,0.8666563706195479,2019-11-27,False,129,-0.030737112073006778,True,33405830.464467283,-10.633260009201685,pi3_Ori,2-3,0.8359192585465411,3,1.6770000001997687
56.02157769558507,0,1.074349960755691,True,0.002800521566565052,False,58815.2170437766,0.8735666146956623,2019-11-27,False,130,-0.013773000670676439,True,32476277.91662564,-4.918012714170795,pi3_Ori,2-3,0.8597936140249859,4,1.7249999473278876
113.32257372072183,0,1.074349960755691,True,0.0031863071391776223,False,58815.2170437766,0.47870894788523727,2019-11-27,False,132,0.02911786316747883,True,73922094.18442474,9.138435780234945,pi3_Ori,2-4,0.5078268110527161,0,1.5330000451285741
113.32257372072183,0,1.074349960755691,True,0.002555408767920222,False,58815.2170437766,0.5016636112432437,2019-11-27,False,133,0.02052879270272212,True,71677782.59060399,8.033467271629481,pi3_Ori,2-4,0.5221924039459658,1,1.580999992256693
113.32257372072183,0,1.074349960755691,True,0.002719486514426955,False,58815.2170437766,0.5233976467900933,2019-11-27,False,134,0.022212956324767164,True,69565727.4577986,8.168070040769381,pi3_Ori,2-4,0.5456106031148604,2,1.6290000530716497
113.32257372072183,0,1.074349960755691,True,0.00241409949961819,False,58815.2170437766,0.5439625200354752,2019-11-27,False,135,0.01327070426211796,True,67574581.81706771,5.497165408557863,pi3_Ori,2-4,0.5572332242975931,3,1.6770000001997687
90.38554803343514,0,1.078986261215289,True,0.002600898601021637,False,59585.31377574549,0.8519476062707511,2022-01-05,False,6,-0.017916766342210066,True,58959912.180468604,-6.888683140193291,psi Vel A,1-3,0.834030839928541,0,1.5330000451285741
90.38554803343514,0,1.078986261215289,True,0.003689315361635654,False,59585.31377574549,0.8602532277750908,2022-01-05,False,7,-0.01318630299710799,True,57169859.88369318,-3.574186998007635,psi Vel A,1-3,0.8470669247779828,1,1.580999992256693
90.38554803343514,0,1.078986261215289,True,0.002871657046846915,False,59585.31377574549,0.8678943676997825,2022-01-05,False,8,-0.01251507942581076,True,55485294.71377472,-4.3581386013877745,psi Vel A,1-3,0.8553792882739717,2,1.6290000530716497
90.38554803343514,0,1.078986261215289,True,0.002739702401105929,False,59585.31377574549,0.8749383297011498,2022-01-05,False,9,-0.02305692509227153,True,53897166.382032305,-8.415850233574346,psi Vel A,1-3,0.8518814046088783,3,1.6770000001997687
90.38554803343514,0,1.078986261215289,True,0.0017558598658265461,False,59585.31377574549,0.8874648267315665,2022-01-05,False,11,-0.022591473423895225,True,50978876.265269086,-12.866330544699027,psi Vel A,1-3,0.8648733533076712,5,1.7730000081428443
128.36914322492854,0,1.078986261215289,True,0.0031321493778002866,False,59585.31377574549,0.7731289081219145,2022-01-05,False,16,0.010404287519910072,True,74416896.89543402,3.3217724523780596,psi Vel A,1-4,0.7835331956418246,4,1.7249999473278876
128.36914322492854,0,1.078986261215289,True,0.004405653031167463,False,59585.31377574549,0.7840496318896168,2022-01-05,False,17,0.021315019690245518,True,72402223.70861168,4.838106754992734,psi Vel A,1-4,0.8053646515798624,5,1.7730000081428443
100.65398983669118,0,1.078986261215289,True,0.0032641751673157713,False,59585.31377574549,0.838444896687828,2022-01-05,False,20,-0.013108407695156865,True,61788819.249512956,-4.015840763207662,psi Vel A,2-4,0.8253364889926711,2,1.6290000530716497
100.65398983669118,0,1.078986261215289,True,0.002198961922285941,False,59585.31377574549,0.8469395901163521,2022-01-05,False,21,-0.018532789120803694,True,60020268.23178355,-8.427971822967198,psi Vel A,2-4,0.8284068009955484,3,1.6770000001997687
100.65398983669118,0,1.078986261215289,True,0.0024714602157235154,False,59585.31377574549,0.8547980493337793,2022-01-05,False,22,-0.013155595221951644,True,58350140.817458756,-5.323005055171551,psi Vel A,2-4,0.8416424541118277,4,1.7249999473278876
100.65398983669118,0,1.078986261215289,True,0.0036732858945137227,False,59585.31377574549,0.8620805230119664,2022-01-05,False,23,-0.01785855200628428,True,56770439.579480164,-4.861737561172986,psi Vel A,2-4,0.8442219710056821,5,1.7730000081428443
70.86045658521601,0,1.078986261215289,True,0.0026621695443621346,False,59585.31377574549,0.9214864986540873,2022-01-05,False,27,-0.014284347097017647,True,42254297.30278768,-5.365678954320781,psi Vel A,3-2,0.9072021515570696,3,1.6770000001997687
70.86045658521601,0,1.078986261215289,True,0.0026770910104270376,False,59585.31377574549,0.9295074550729402,2022-01-05,False,29,0.008068240515092029,True,39966416.39017242,3.0138088259483635,psi Vel A,3-2,0.9375756955880322,5,1.7730000081428443
127.0703211369123,0,1.078986261215289,True,0.0020740346534145666,False,59585.31377574549,0.7879771080154135,2022-01-05,False,35,0.01465544408708852,True,71669667.54276219,7.066151986882511,psi Vel A,3-4,0.8026325521025021,5,1.7730000081428443
31.320514161117814,0,1.078986261215289,True,0.0036792077610293935,False,59585.324154617054,0.9811606459634029,2022-01-05,False,36,0.0180379559989865,True,20430863.169668682,4.902673937048806,psi Vel A,1-2,0.9991986019623894,0,1.5330000451285741
31.320514161117814,0,1.078986261215289,True,0.0032068326834897632,False,59585.324154617054,0.9822788066927419,2022-01-05,False,37,0.010287011220774023,True,19810571.988941904,3.207841579554882,psi Vel A,1-2,0.992565817913516,1,1.580999992256693
31.320514161117814,0,1.078986261215289,True,0.0022236330910598754,False,59585.324154617054,0.9833005219425766,2022-01-05,False,38,0.00721895905616432,True,19226834.3405267,3.2464704204970554,psi Vel A,1-2,0.9905194809987409,2,1.6290000530716497
90.50178162668331,0,1.078986261215289,True,0.003169314278131606,False,59585.324154617054,0.8515916592518251,2022-01-05,False,42,-0.013723782683742858,True,59035733.17839847,-4.330205678382072,psi Vel A,1-3,0.8378678765680823,0,1.5330000451285741
90.50178162668331,0,1.078986261215289,True,0.003371560194887907,False,59585.324154617054,0.8746342011986588,2022-01-05,False,45,-0.013114953192584378,True,53966476.813299045,-3.8898766252104258,psi Vel A,1-3,0.8615192480060744,3,1.6770000001997687
90.50178162668331,0,1.078986261215289,True,0.002545279802327425,False,59585.324154617054,0.8871894908734166,2022-01-05,False,47,-0.010802337781165794,True,51044433.84717227,-4.244066908199266,psi Vel A,1-3,0.8763871530922508,5,1.7730000081428443
127.11183667727722,0,1.078986261215289,True,0.003678295185051873,False,59585.324154617054,0.78785193686348,2022-01-05,False,53,0.017293560394521346,True,71693082.96305223,4.701515110804644,psi Vel A,1-4,0.8051454972580013,5,1.7730000081428443
,0,1.078986261215289,True,,False,,,unknown,True,54,,False,,,psi Vel A,2-3,,0,1.5330000451285741
,0,1.078986261215289,True,,False,,,unknown,True,55,,False,,,psi Vel A,2-3,,1,1.580999992256693
,0,1.078986261215289,True,,False,,,unknown,True,56,,False,,,psi Vel A,2-3,,2,1.6290000530716497
,0,1.078986261215289,True,,False,,,unknown,True,57,,False,,,psi Vel A,2-3,,3,1.6770000001997687
,0,1.078986261215289,True,,False,,,unknown,True,58,,False,,,psi Vel A,2-3,,4,1.7249999473278876
,0,1.078986261215289,True,,False,,,unknown,True,59,,False,,,psi Vel A,2-3,,5,1.7730000081428443
,0,1.078986261215289,True,,False,,,unknown,True,60,,False,,,psi Vel A,2-3,,0,1.5330000451285741
,0,1.078986261215289,True,,False,,,unknown,True,61,,False,,,psi Vel A,2-3,,1,1.580999992256693
,0,1.078986261215289,True,,False,,,unknown,True,62,,False,,,psi Vel A,2-3,,2,1.6290000530716497
,0,1.078986261215289,True,,False,,,unknown,True,63,,False,,,psi Vel A,2-3,,3,1.6770000001997687
,0,1.078986261215289,True,,False,,,unknown,True,64,,False,,,psi Vel A,2-3,,4,1.7249999473278876
,0,1.078986261215289,True,,False,,,unknown,True,65,,False,,,psi Vel A,2-3,,5,1.7730000081428443
99.73090023656988,0,1.078986261215289,True,0.0022946913327058817,False,59585.324154617054,0.8644479312879784,2022-01-05,False,71,0.01401734785376807,True,56249802.46956373,6.108598421923233,psi Vel A,2-4,0.8784652791417464,5,1.7730000081428443
71.13452304264847,0,1.078986261215289,True,0.004120094636619503,False,59585.324154617054,0.9059733947562485,2022-01-05,False,72,0.03248992494510938,True,46402166.3069699,7.885722977413704,psi Vel A,3-2,0.9384633197013579,0,1.5330000451285741
71.13452304264847,0,1.078986261215289,True,0.002821898097903881,False,59585.324154617054,0.9250994810260623,2022-01-05,False,76,0.02683890826806934,True,41237405.92157087,9.510941691340806,psi Vel A,3-2,0.9519383892941317,4,1.7249999473278876
71.13452304264847,0,1.078986261215289,True,0.0027155991773708085,False,59585.324154617054,0.928977802933101,2022-01-05,False,77,0.02635930355852678,True,40120994.199633084,9.706625255369003,psi Vel A,3-2,0.9553371064916277,5,1.7730000081428443
126.78117399236642,0,1.078986261215289,True,0.0043032057845274994,False,59585.324154617054,0.7265603689568093,2022-01-05,False,78,0.0239388830135141,True,82701350.46325661,5.563034679770174,psi Vel A,3-4,0.7504992519703234,0,1.5330000451285741
126.78117399236642,0,1.078986261215289,True,0.003537161563729669,False,59585.324154617054,0.7409351159057189,2022-01-05,False,79,0.017076905008823084,True,80190496.27660091,4.827855527983512,psi Vel A,3-4,0.758012020914542,1,1.580999992256693
126.78117399236642,0,1.078986261215289,True,0.0022606423472838998,False,59585.324154617054,0.7542631894212917,2022-01-05,False,80,0.014152579448795222,True,77827605.80842663,6.260423930304217,psi Vel A,3-4,0.7684157688700869,2,1.6290000530716497
126.78117399236642,0,1.078986261215289,True,0.002862984615265184,False,59585.324154617054,0.7888482224694847,2022-01-05,False,83,0.01932634532353905,True,71506583.98764774,6.750418853280826,psi Vel A,3-4,0.8081745677930238,5,1.7730000081428443
90.44708416388671,0,1.021749129134976,True,0.0014370180034861753,False,59278.158456201505,0.8369007546142173,2021-03-04,False,0,-0.009656959822900824,True,59000053.16457824,-6.720138369507719,psi_Vel,1-2,0.8272437947913165,0,1.5330000451285741
127.91416875956672,0,1.021749129134976,True,0.004338546754072771,False,59278.158456201505,0.7403605333716073,2021-03-04,False,15,0.021836438496002142,True,76275592.57264714,5.033122779074211,psi_Vel,1-4,0.7621969718676095,3,1.6770000001997687
127.91416875956672,0,1.021749129134976,True,0.006267458993740601,False,59278.158456201505,0.7529760722540842,2021-03-04,False,16,0.022066055537979024,True,74153143.57412721,3.5207339306115446,psi_Vel,1-4,0.7750421277920633,4,1.7249999473278876
56.60493971272261,0,1.021749129134976,True,0.0031792956194147933,False,59278.158456201505,0.9439306486035858,2021-03-04,False,21,0.014007916555490163,True,33753690.93976129,4.405981145618844,psi_Vel,2-3,0.9579385651590759,3,1.6770000001997687
56.60493971272261,0,1.021749129134976,True,0.004094200007023352,False,59278.158456201505,0.9497111565565949,2021-03-04,False,23,0.02586021410616246,True,31926079.781586867,6.316304543451915,psi_Vel,2-3,0.9755713706627573,5,1.7730000081428443
126.9667301014244,0,1.021749129134976,True,0.005422436794555193,False,59278.158456201505,0.715928259871806,2021-03-04,False,25,0.020158828702267706,True,80307862.57006504,3.7176696503884936,psi_Vel,2-4,0.7360870885740737,1,1.580999992256693
101.19976149137818,0,1.021749129134976,True,0.0033153484607765524,False,59278.158456201505,0.7995207552820216,2021-03-04,False,30,-0.02584821001430393,True,66014193.419603236,-7.796528877766748,psi_Vel,3-4,0.7736725452677177,0,1.5330000451285741
101.19976149137818,0,1.021749129134976,True,0.0036944586125941996,False,59278.158456201505,0.8205968917146166,2021-03-04,False,32,-0.02134094084567184,True,62123854.01741115,-5.776473113793124,psi_Vel,3-4,0.7992559508689447,2,1.6290000530716497
101.19976149137818,0,1.021749129134976,True,0.0046878330878463844,False,59278.158456201505,0.8386071307050446,2021-03-04,False,34,-0.014263683866062582,True,58666530.19215551,-3.04270301411593,psi_Vel,3-4,0.824343446838982,4,1.7249999473278876
90.5068286748968,0,1.021749129134976,True,0.0017923195064386028,False,59278.168731811245,0.8367009222117822,2021-03-04,False,36,-0.013955535617625525,True,59039025.44719488,-7.786299020622517,psi_Vel,1-2,0.8227453865941566,0,1.5330000451285741
90.5068286748968,0,1.021749129134976,True,0.002970155827047091,False,59278.168731811245,0.8457952861192091,2021-03-04,False,37,-0.01925304957871188,True,57246571.23224198,-6.482168175618291,psi_Vel,1-2,0.8265422365404972,1,1.580999992256693
90.5068286748968,0,1.021749129134976,True,0.0026553191297356933,False,59278.168731811245,0.8541694122769798,2021-03-04,False,38,-0.010716178940284649,True,55559745.68830536,-4.03574049547533,psi_Vel,1-2,0.8434532333366952,2,1.6290000530716497
128.1844834379101,0,1.021749129134976,True,0.004113707703108994,False,59278.168731811245,0.7111977078074306,2021-03-04,False,43,-0.017626885497403322,True,81078105.03840782,-4.284914429890473,psi_Vel,1-3,0.6935708223100273,1,1.580999992256693
128.1844834379101,0,1.021749129134976,True,0.0022221684569728754,False,59278.168731811245,0.7258060819749593,2021-03-04,False,44,-0.010895690162192051,True,78689060.32028966,-4.903179202280004,psi_Vel,1-3,0.7149103918127673,2,1.6290000530716497
128.1844834379101,0,1.021749129134976,True,0.002400122046036042,False,59278.168731811245,0.7520508333935,2021-03-04,False,46,-0.009383093712192703,True,74309847.74027058,-3.9094235760591816,psi_Vel,1-3,0.7426677396813073,4,1.7249999473278876
126.52981596750962,0,1.021749129134976,True,0.006289987513899725,False,59278.168731811245,0.7021841083423158,2021-03-04,False,48,0.023914125373555528,True,82537385.67691787,3.8019352694595456,psi_Vel,1-4,0.7260982337158713,0,1.5330000451285741
126.52981596750962,0,1.021749129134976,True,0.006164934234298223,False,59278.168731811245,0.717620801885388,2021-03-04,False,49,0.020692266765737433,True,80031509.5428325,3.356445661758614,psi_Vel,1-4,0.7383130686511254,1,1.580999992256693
126.52981596750962,0,1.021749129134976,True,0.0042452029146820905,False,59278.168731811245,0.7319576102639337,2021-03-04,False,50,0.01916667276073747,True,77673303.77241206,4.514901441919132,psi_Vel,1-4,0.7511242830246712,2,1.6290000530716497
126.52981596750962,0,1.021749129134976,True,0.0040972942819462255,False,59278.168731811245,0.7452883867611803,2021-03-04,False,51,0.019597532214609026,True,75450098.95792311,4.783042385059085,psi_Vel,1-4,0.7648859189757893,3,1.6770000001997687
126.52981596750962,0,1.021749129134976,True,0.00566986228886788,False,59278.168731811245,0.7576984938586987,2021-03-04,False,52,0.022756946052138183,True,73350620.19190826,4.013668214979193,psi_Vel,1-4,0.7804554399108369,4,1.7249999473278876
55.98060232865234,0,1.021749129134976,True,0.003692355545604531,False,59278.168731811245,0.9507912204153653,2021-03-04,False,59,0.020754848649422453,True,31573943.63877644,5.621031992471452,psi_Vel,2-3,0.9715460690647878,5,1.7730000081428443
126.64558143190932,0,1.021749129134976,True,0.004996143700248262,False,59278.168731811245,0.7171725892247102,2021-03-04,False,61,0.018949301996424306,True,80104732.48082533,3.792785622936086,psi_Vel,2-4,0.7361218912211345,1,1.580999992256693
126.64558143190932,0,1.021749129134976,True,0.0035513150203229315,False,59278.168731811245,0.7573046186621988,2021-03-04,False,64,0.014909436238476403,True,73417730.60810219,4.198286030147966,psi_Vel,2-4,0.7722140549006752,4,1.7249999473278876
101.49802208047416,0,1.021749129134976,True,0.0044151989035508795,False,59278.168731811245,0.7984454504075114,2021-03-04,False,66,-0.02371951089655877,True,66208753.485040784,-5.372240620345007,psi_Vel,3-4,0.7747259395109526,0,1.5330000451285741
101.49802208047416,0,1.021749129134976,True,0.007345326031151888,False,59278.168731811245,0.8094591106945936,2021-03-04,False,67,-0.024574795952521766,True,64198622.75621998,-3.3456371913648018,psi_Vel,3-4,0.7848843147420719,1,1.580999992256693
101.49802208047416,0,1.021749129134976,True,0.0035004650361018528,False,59278.168731811245,0.8196236906251498,2021-03-04,False,68,-0.021939121364982994,True,62306948.29572844,-6.267487644845779,psi_Vel,3-4,0.7976845692601668,2,1.6290000530716497
101.49802208047416,0,1.021749129134976,True,0.003547131895217009,False,59278.168731811245,0.8290208925538011,2021-03-04,False,69,-0.017187866158521192,True,60523567.12485596,-4.845567254405594,psi_Vel,3-4,0.8118330263952799,3,1.6770000001997687
124.48136725042899,0,1.0479097319046875,True,0.008261107363858669,False,59263.16979944762,0.324227616662384,2021-02-17,False,6,-0.03647928006751683,True,81201150.41483161,-4.415785736801969,rho_Pup,1-3,0.28774833659486715,0,1.5330000451285741
124.48136725042899,0,1.0479097319046875,True,0.008231580589884121,False,59263.16979944762,0.34924064910648506,2021-02-17,False,7,-0.0419470270355255,True,78735843.04876964,-5.095865438901813,rho_Pup,1-3,0.30729362207095956,1,1.580999992256693
124.48136725042899,0,1.0479097319046875,True,0.00850789758227109,False,59263.16979944762,0.37341110281964757,2021-02-17,False,8,-0.041840002330906456,True,76415815.34371737,-4.917783967932737,rho_Pup,1-3,0.3315711004887411,2,1.6290000530716497
124.48136725042899,0,1.0479097319046875,True,0.008585009716521678,False,59263.16979944762,0.3967037931296142,2021-02-17,False,9,-0.04178753025836679,True,74228603.00274326,-4.867499471543699,rho_Pup,1-3,0.3549162628712474,3,1.6770000001997687
124.48136725042899,0,1.0479097319046875,True,0.008582735183666238,False,59263.16979944762,0.41910156964968953,2021-02-17,False,10,-0.040659024686152956,True,72163113.65299283,-4.737303879948545,rho_Pup,1-3,0.3784425449635366,4,1.7249999473278876
124.48136725042899,0,1.0479097319046875,True,0.009016096981597919,False,59263.16979944762,0.440601140178637,2021-02-17,False,11,-0.04571416977174331,True,70209456.67158732,-5.0702837231062485,rho_Pup,1-3,0.3948869704068937,5,1.7730000081428443
56.700015253880025,0,1.0479097319046875,True,0.025747907406148775,False,59263.16979944762,0.8056424108870543,2021-02-17,False,18,-0.08958550741483151,True,36986310.23140286,-3.479331582241044,rho_Pup,2-3,0.7160569034722228,0,1.5330000451285741
56.700015253880025,0,1.0479097319046875,True,0.025349430005917956,False,59263.16979944762,0.816301743345652,2021-02-17,False,19,-0.08706708399383123,True,35863387.433005214,-3.434676202719547,rho_Pup,2-3,0.7292346593518207,1,1.580999992256693
56.700015253880025,0,1.0479097319046875,True,0.024691101681180817,False,59263.16979944762,0.8261349946594185,2021-02-17,False,20,-0.08677032615450198,True,34806638.06423224,-3.5142346937332896,rho_Pup,2-3,0.7393646685049166,2,1.6290000530716497
56.700015253880025,0,1.0479097319046875,True,0.024164098082984288,False,59263.16979944762,0.8352222470197118,2021-02-17,False,21,-0.08625846293930528,True,33810384.76274643,-3.5696951172386684,rho_Pup,2-3,0.7489637840804065,3,1.6770000001997687
56.700015253880025,0,1.0479097319046875,True,0.024310180594441635,False,59263.16979944762,0.8436346039394993,2021-02-17,False,22,-0.09425596205548514,True,32869575.063878246,-3.877221795589464,rho_Pup,2-3,0.7493786418840142,4,1.7249999473278876
56.700015253880025,0,1.0479097319046875,True,0.02374072296367643,False,59263.16979944762,0.8514352380246697,2021-02-17,False,23,-0.09643198952422216,True,31979703.888028357,-4.061880915411219,rho_Pup,2-3,0.7550032485004475,5,1.7730000081428443
103.67803143662402,0,1.0479097319046875,True,0.020743981194853007,False,59263.16979944762,0.4693726038472697,2021-02-17,False,30,-0.08727259750290495,True,67630807.81770521,-4.207128645322866,rho_Pup,3-4,0.38210000634436475,0,1.5330000451285741
103.67803143662402,0,1.0479097319046875,True,0.02294950230032116,False,59263.16979944762,0.4925399737151809,2021-02-17,False,31,-0.09285462107269632,True,65577502.811138995,-4.04604073141041,rho_Pup,3-4,0.39968535264248456,1,1.580999992256693
103.67803143662402,0,1.0479097319046875,True,0.021338108851549076,False,59263.16979944762,0.5144974332978632,2021-02-17,False,32,-0.08100232808171104,True,63645198.3172918,-3.796134354982004,rho_Pup,3-4,0.4334951052161522,2,1.6290000530716497
103.67803143662402,0,1.0479097319046875,True,0.020916186680682444,False,59263.16979944762,0.5352925288268706,2021-02-17,False,33,-0.09401068017670189,True,61823513.07350842,-4.49463765130416,rho_Pup,3-4,0.44128184865016873,3,1.6770000001997687
103.67803143662402,0,1.0479097319046875,True,0.020004835943419057,False,59263.16979944762,0.5549772594749164,2021-02-17,False,34,-0.09105070768268958,True,60103208.46515187,-4.55143486006154,rho_Pup,3-4,0.4639265517922268,4,1.7249999473278876
103.67803143662402,0,1.0479097319046875,True,0.021252689028527904,False,59263.16979944762,0.5736058324807558,2021-02-17,False,35,-0.08653292436706245,True,58476046.7910111,-4.071622383920811,rho_Pup,3-4,0.48707290811369336,5,1.7730000081428443
122.32397180721242,0,1.0479097319046875,True,0.0053497405307829935,False,59263.17977957303,0.33841762570038497,2021-02-17,False,42,0.019813389345369692,True,79793847.4926483,3.70361688223219,rho_Pup,1-3,0.35823101504575466,0,1.5330000451285741
122.32397180721242,0,1.0479097319046875,True,0.006013661422800177,False,59263.17977957303,0.38745978435995115,2021-02-17,False,44,0.019603407472317647,True,75091447.40453371,3.259812299707022,rho_Pup,1-3,0.4070631918322688,2,1.6290000530716497
122.32397180721242,0,1.0479097319046875,True,0.005250395261557553,False,59263.17977957303,0.4106112489219485,2021-02-17,False,45,0.017404950669757502,True,72942141.79644655,3.314979121132729,rho_Pup,1-3,0.428016199591706,3,1.6770000001997687
122.32397180721242,0,1.0479097319046875,True,0.0049390149366962816,False,59263.17977957303,0.43283238971917476,2021-02-17,False,46,0.01653276838001616,True,70912449.58975126,3.3473817333856792,rho_Pup,1-3,0.4493651580991909,4,1.7249999473278876
128.33682758405004,0,1.0479097319046875,True,0.013786543359750523,False,59263.17977957303,0.299489900134053,2021-02-17,False,48,0.047390207054816835,True,83716127.72737154,3.437424872805419,rho_Pup,1-4,0.34688010718886986,0,1.5330000451285741
128.33682758405004,0,1.0479097319046875,True,0.007904740660569494,False,59263.17977957303,0.32449443993491894,2021-02-17,False,49,0.047408777346519104,True,81174464.39760205,5.997512047802408,rho_Pup,1-4,0.37190321728143805,1,1.580999992256693
128.33682758405004,0,1.0479097319046875,True,0.011522234606340392,False,59263.17977957303,0.3487598180257181,2021-02-17,False,50,0.05243822327915376,True,78782580.3578444,4.551046309220118,rho_Pup,1-4,0.40119804130487186,2,1.6290000530716497
128.33682758405004,0,1.0479097319046875,True,0.01207517049034166,False,59263.17977957303,0.3722331066064971,2021-02-17,False,51,0.053875346937350965,True,76527625.26461671,4.461663458950185,rho_Pup,1-4,0.4261084535438481,3,1.6770000001997687
128.33682758405004,0,1.0479097319046875,True,0.008314082609757896,False,59263.17977957303,0.39488175578680973,2021-02-17,False,52,0.0516554424244563,True,74398163.1900049,6.21300567350996,rho_Pup,1-4,0.44653719821126603,4,1.7249999473278876
128.33682758405004,0,1.0479097319046875,True,0.013972647430723087,False,59263.17977957303,0.41668920467754056,2021-02-17,False,53,0.047764994914434644,True,72383997.17689702,3.418464192362635,rho_Pup,1-4,0.4644541995919752,5,1.7730000081428443
111.6261012770226,0,1.0505069335247075,True,0.004989123932436234,False,59262.250517350025,0.48139647037051536,2021-02-16,False,87,0.017402876121006716,True,66562970.342114136,3.4881627228908574,rho_Pup,1-4,0.4987993464915221,3,1.6770000001997687
111.6261012770226,0,1.0505069335247075,True,0.003959827497028515,False,59262.250517350025,0.5023730689515226,2021-02-16,False,88,0.017987572823316977,True,64710785.32491383,4.542514247606744,rho_Pup,1-4,0.5203606417748395,4,1.7249999473278876
47.01861935869241,0,1.0505069335247075,True,0.0180186753380649,False,59262.250517350025,0.86262185636769,2021-02-16,False,90,-0.05420349471578034,True,30670983.675508577,-3.0081842143675295,rho_Pup,2-3,0.8084183616519096,0,1.5330000451285741
106.91588311612956,0,1.0505069335247075,True,0.007535299591841383,False,59262.26329974467,0.44577580941242195,2021-02-16,False,120,-0.06769961824991416,True,69742909.30771787,-8.98433000901701,rho_Pup,1-4,0.3780761911625078,0,1.5330000451285741
106.91588311612956,0,1.0505069335247075,True,0.007220754056745893,False,59262.26329974467,0.46943245285506247,2021-02-16,False,121,-0.06136412168239386,True,67625479.84805466,-8.498298266379154,rho_Pup,1-4,0.4080683311726686,1,1.580999992256693
106.91588311612956,0,1.0505069335247075,True,0.007509408099399207,False,59262.26329974467,0.4919132565695369,2021-02-16,False,122,-0.05659006134903355,True,65632829.7316679,-7.535888394927032,rho_Pup,1-4,0.43532319522050333,2,1.6290000530716497
106.91588311612956,0,1.0505069335247075,True,0.009673485910734463,False,59262.26329974467,0.5132550241436449,2021-02-16,False,123,-0.04555801062493681,True,63754253.49039562,-4.709575332547086,rho_Pup,1-4,0.46769701351870807,3,1.6770000001997687
106.91588311612956,0,1.0505069335247075,True,0.007859331146581147,False,59262.26329974467,0.5335010603116774,2021-02-16,False,124,-0.04608985196558002,True,61980223.98884573,-5.86434788227868,rho_Pup,1-4,0.4874112083460974,4,1.7249999473278876
106.91588311612956,0,1.0505069335247075,True,0.008447636462672834,False,59262.26329974467,0.5526985760023005,2021-02-16,False,125,-0.050863193322927214,True,60302246.26345051,-6.020996943662759,rho_Pup,1-4,0.5018353826793733,5,1.7730000081428443
44.536548632060224,0,1.0505069335247075,True,0.023456983915608662,False,59262.26329974467,0.8759718974601318,2021-02-16,False,126,0.19275032269354475,True,29051889.968029913,8.21718271142632,rho_Pup,2-3,1.0687222201536766,0,1.5330000451285741
44.536548632060224,0,1.0505069335247075,True,0.025173273369173063,False,59262.26329974467,0.8830081441426404,2021-02-16,False,127,0.2765506354682995,True,28169860.120296076,10.985882980437523,rho_Pup,2-3,1.15955877961094,1,1.580999992256693
44.536548632060224,0,1.0505069335247075,True,0.032691405997665145,False,59262.26329974467,0.8894727348984738,2021-02-16,False,128,0.23957020251304983,True,27339807.968748625,7.3282318457077125,rho_Pup,2-3,1.1290429374115236,2,1.6290000530716497
44.536548632060224,0,1.0505069335247075,True,0.024788477493160162,False,59262.26329974467,0.8954247682885202,2021-02-16,False,129,0.2278202152273171,True,26557274.07677693,9.190569097685774,rho_Pup,2-3,1.1232449835158373,3,1.6770000001997687
44.536548632060224,0,1.0505069335247075,True,0.03213465882235982,False,59262.26329974467,0.9009160964624314,2021-02-16,False,130,0.22425016453923852,True,25818289.850413963,6.978451701600192,rho_Pup,2-3,1.12516626100167,4,1.7249999473278876
44.536548632060224,0,1.0505069335247075,True,0.015389836552370726,False,59262.26329974467,0.9059923018344581,2021-02-16,False,131,0.18476418557309826,True,25119316.653986204,12.005597651694115,rho_Pup,2-3,1.0907564874075564,5,1.7730000081428443
87.49299618190601,0,1.0556772361775302,True,0.005942492360740352,False,58816.03364319347,0.8103446509764118,2019-11-28,False,2,0.019777736403216672,True,53709633.720962025,3.328188780498935,zet_Tuc,1-2,0.8301223873796285,2,1.6290000530716497
129.23500846316145,0,1.0556772361775302,True,0.0031194937063889995,False,58816.03364319347,0.6071734128449972,2019-11-28,False,7,-0.01257930992807299,True,81742573.74833605,-4.032484470896495,zet_Tuc,1-3,0.5945941029169242,1,1.580999992256693
129.23500846316145,0,1.0556772361775302,True,0.0030936927413914503,False,58816.03364319347,0.6431924376701174,2019-11-28,False,9,-0.011197654569447657,True,77063213.14714767,-3.619510890538951,zet_Tuc,1-3,0.6319947831006697,3,1.6770000001997687
129.23500846316145,0,1.0556772361775302,True,0.003314406030368637,False,58816.03364319347,0.6595363551231094,2019-11-28,False,10,-0.011760057098168852,True,74918847.77350459,-3.5481642835596903,zet_Tuc,1-3,0.6477762980249405,4,1.7249999473278876
116.80186939094006,0,1.0556772361775302,True,0.004144776948349222,False,58816.03364319347,0.6674191040295626,2019-11-28,False,13,-0.01304839841668104,True,73878475.62492332,-3.1481545519302174,zet_Tuc,1-4,0.6543707056128816,1,1.580999992256693
116.80186939094006,0,1.0556772361775302,True,0.0033363402766291477,False,58816.03364319347,0.7267028500123407,2019-11-28,False,17,0.012103022489707849,True,65878098.62070218,3.6276343197031653,zet_Tuc,1-4,0.7388058725020485,5,1.7730000081428443
53.48414191981665,0,1.0556772361775302,True,0.006879841463489775,False,58816.03364319347,0.9158979875141595,2019-11-28,False,18,0.025482257673084763,True,34888545.56121744,3.703901871622341,zet_Tuc,2-3,0.9413802451872443,0,1.5330000451285741
53.48414191981665,0,1.0556772361775302,True,0.007498545800204504,False,58816.03364319347,0.9252076629845029,2019-11-28,False,20,0.024502703026743622,True,32832498.574181575,3.267660647758579,zet_Tuc,2-3,0.9497103660112465,2,1.6290000530716497
53.48414191981665,0,1.0556772361775302,True,0.0072974500333387125,False,58816.03364319347,0.9330675058073858,2019-11-28,False,22,0.024469819540098525,True,31005300.610394973,3.3532013824427858,zet_Tuc,2-3,0.9575373253474844,4,1.7249999473278876
53.48414191981665,0,1.0556772361775302,True,0.0039562402536721065,False,58816.03364319347,0.9365450914194051,2019-11-28,False,23,0.02716056899386743,True,30165900.54945314,6.865247622071867,zet_Tuc,2-3,0.9637056604132725,5,1.7730000081428443
83.08271723169614,0,1.0556772361775302,True,0.0036283201542712095,False,58816.03364319347,0.8177754434403653,2019-11-28,False,31,-0.016388551850428312,True,52550738.54434702,-4.516842823568347,zet_Tuc,3-4,0.801386891589937,1,1.580999992256693
83.08271723169614,0,1.0556772361775302,True,0.0022978039328747164,False,58816.03364319347,0.8275361276851834,2019-11-28,False,32,-0.014160239315701206,True,51002280.24857028,-6.162509826495831,zet_Tuc,3-4,0.8133758883694822,2,1.6290000530716497
83.08271723169614,0,1.0556772361775302,True,0.002885362300498717,False,58816.03364319347,0.8365556335152855,2019-11-28,False,33,-0.016658444232129477,True,49542467.03744729,-5.773432414102786,zet_Tuc,3-4,0.819897189283156,3,1.6770000001997687
83.08271723169614,0,1.0556772361775302,True,0.0031564327482674543,False,58816.03364319347,0.8449046967472505,2019-11-28,False,34,-0.015590131179404776,True,48163895.518023334,-4.9391615227544765,zet_Tuc,3-4,0.8293145655678458,4,1.7249999473278876
83.08271723169614,0,1.0556772361775302,True,0.0025639680311176495,False,58816.03364319347,0.8526461486107655,2019-11-28,False,35,-0.017808438751955147,True,46859964.382471934,-6.9456555369734225,zet_Tuc,3-4,0.8348377098588103,5,1.7730000081428443
129.179984262914,0,1.0556772361775302,True,0.003982463789919907,False,58816.04523544633,0.6074426807076602,2019-11-28,False,43,-0.020998972388635462,True,81707770.33244929,-5.272859590534477,zet_Tuc,1-3,0.5864437083190247,1,1.580999992256693
129.179984262914,0,1.0556772361775302,True,0.004617916107082341,False,58816.04523544633,0.6434434105011473,2019-11-28,False,45,-0.020808680740782015,True,77030402.05576967,-4.506075956830062,zet_Tuc,1-3,0.6226347297603653,3,1.6770000001997687
129.179984262914,0,1.0556772361775302,True,0.004414225178510568,False,58816.04523544633,0.6597785233225142,2019-11-28,False,46,-0.01957086670992525,True,74886949.68543062,-4.433590475900639,zet_Tuc,1-3,0.6402076566125889,4,1.7249999473278876
129.179984262914,0,1.0556772361775302,True,0.004133019903312404,False,58816.04523544633,0.6751063271611696,2019-11-28,False,47,-0.014792801607244166,True,72859550.85709533,-3.579175022938673,zet_Tuc,1-3,0.6603135255539254,5,1.7730000081428443
115.13518733305185,0,1.0556772361775302,True,0.004898559897512165,False,58816.04523544633,0.675371805119941,2019-11-28,False,49,-0.0186440089497395,True,72824280.76973599,-3.806018368624674,zet_Tuc,1-4,0.6567277961702015,1,1.580999992256693
115.13518733305185,0,1.0556772361775302,True,0.005017978908581072,False,58816.04523544633,0.706425084625582,2019-11-28,False,51,-0.025801359744630825,True,68655448.61021863,-5.141783218839126,zet_Tuc,1-4,0.6806237248809511,3,1.6770000001997687
52.81412964610127,0,1.0556772361775302,True,0.007038996203564098,False,58816.04523544633,0.9346871949026025,2019-11-28,False,58,0.028922970868902498,True,30616887.686236184,4.108962419138364,zet_Tuc,2-3,0.963610165771505,4,1.7249999473278876
52.81412964610127,0,1.0556772361775302,True,0.0039515037380723405,False,58816.04523544633,0.9380829878967489,2019-11-28,False,59,0.018011135634392716,True,29788003.047683135,4.558045956241225,zet_Tuc,2-3,0.9560941235311416,5,1.7730000081428443
100.53801202128008,0,1.0556772361775302,True,0.00424561872651994,False,58816.04523544633,0.790665144794773,2019-11-28,False,65,0.01812007660586601,True,56705026.26031578,4.267947211717412,zet_Tuc,2-4,0.808785221400639,5,1.7730000081428443
83.74639800743311,0,1.0556772361775302,True,0.002242873874078678,False,58816.04523544633,0.8249869915997993,2019-11-28,False,68,-0.01360134663203938,True,51409696.30388933,-6.064249438736944,zet_Tuc,3-4,0.8113856449677599,2,1.6290000530716497
83.74639800743311,0,1.0556772361775302,True,0.0024063811033227076,False,58816.04523544633,0.834128323981987,2019-11-28,False,69,-0.009913974820438098,True,49938221.82317056,-4.119868962879146,zet_Tuc,3-4,0.8242143491615489,3,1.6770000001997687
83.74639800743311,0,1.0556772361775302,True,0.001955350992419637,False,58816.04523544633,0.8504395167058757,2019-11-28,False,71,0.006388584615145909,True,47234290.81940871,3.2672316325369257,zet_Tuc,3-4,0.8568281013210216,5,1.7730000081428443
88.11033117757765,0,1.013593608107546,True,0.0021388525788680634,False,58814.05035752029,0.8078920272251594,2019-11-26,False,74,0.010525690893382733,True,54088599.32904018,4.921185778476235,zet_Tuc,1-2,0.8184177181185421,2,1.6290000530716497
88.11033117757765,0,1.013593608107546,True,0.0025858809982441068,False,58814.05035752029,0.8178409510080477,2019-11-26,False,75,0.011444134562988872,True,52540447.92312565,4.425623054873675,zet_Tuc,1-2,0.8292850855710365,3,1.6770000001997687
88.11033117757765,0,1.013593608107546,True,0.0017814703803010804,False,58814.05035752029,0.8270605628874171,2019-11-26,False,76,0.01864263813321343,True,51078454.41622478,10.46474773836133,zet_Tuc,1-2,0.8457032010206306,4,1.7249999473278876
88.11033117757765,0,1.013593608107546,True,0.0016641070851715436,False,58814.05035752029,0.8356178961321022,2019-11-26,False,77,0.015719524034743526,True,49695618.03322841,9.446221445011808,zet_Tuc,1-2,0.8513374201668458,5,1.7730000081428443
129.17740342484757,0,1.013593608107546,True,0.0038050639564148913,False,58814.05035752029,0.587625051294527,2019-11-26,False,78,0.014938527991792294,True,84264448.54671438,3.9259597638582893,zet_Tuc,1-3,0.6025635792863193,0,1.5330000451285741
129.17740342484757,0,1.013593608107546,True,0.004271313500124952,False,58814.05035752029,0.6260371776951809,2019-11-26,False,80,0.016483391296800654,True,79298587.60978557,3.8590918920651576,zet_Tuc,1-3,0.6425205689919815,2,1.6290000530716497
129.17740342484757,0,1.013593608107546,True,0.0027380389978632607,False,58814.05035752029,0.643455181414544,2019-11-26,False,81,0.010089805931897566,True,77028863.09448993,3.6850482917780036,zet_Tuc,1-3,0.6535449873464416,3,1.6770000001997687
129.17740342484757,0,1.013593608107546,True,0.0019355597306862172,False,58814.05035752029,0.6597898811772045,2019-11-26,False,82,0.007474074289878896,True,74885453.54737541,3.861453703228833,zet_Tuc,1-3,0.6672639554670834,4,1.7249999473278876
115.09633699795991,0,1.013593608107546,True,0.005699827065874353,False,58814.05035752029,0.6583189212616146,2019-11-26,False,84,0.04312243990822784,True,75079147.82109916,7.565569869024238,zet_Tuc,1-4,0.7014413611698425,0,1.5330000451285741
115.09633699795991,0,1.013593608107546,True,0.0033234204815934284,False,58814.05035752029,0.6755567431583538,2019-11-26,False,85,0.03297788024094961,True,72799707.50263782,9.922873263734061,zet_Tuc,1-4,0.7085346233993034,1,1.580999992256693
115.09633699795991,0,1.013593608107546,True,0.002842051091339752,False,58814.05035752029,0.6916178904233228,2019-11-26,False,86,0.03559938003628538,True,70654593.76808107,12.525946540779362,zet_Tuc,1-4,0.7272172704596082,2,1.6290000530716497
115.09633699795991,0,1.013593608107546,True,0.0036516241306811677,False,58814.05035752029,0.7065956876097332,2019-11-26,False,87,0.031270734075359075,True,68632282.04188988,8.563513920455412,zet_Tuc,1-4,0.7378664216850923,3,1.6770000001997687
115.09633699795991,0,1.013593608107546,True,0.0029624642749194597,False,58814.05035752029,0.7205762355230496,2019-11-26,False,88,0.05649317978515944,True,66722516.23905843,19.06965773847022,zet_Tuc,1-4,0.777069415308209,4,1.7249999473278876
115.09633699795991,0,1.013593608107546,True,0.002322585901187598,False,58814.05035752029,0.7336386169974483,2019-11-26,False,89,0.05245199411991153,True,64916151.42095758,22.583446361700325,zet_Tuc,1-4,0.7860906111173598,5,1.7730000081428443
52.7984634808433,0,1.013593608107546,True,0.003918030729238906,False,58814.05035752029,0.9179645444178278,2019-11-26,False,90,0.01291296593890956,True,34441266.749222465,3.2957796483178576,zet_Tuc,2-3,0.9308775103567374,0,1.5330000451285741
52.7984634808433,0,1.013593608107546,True,0.003360738269637587,False,58814.05035752029,0.9227063968855725,2019-11-26,False,91,-0.011336108499192421,True,33395612.738416053,-3.373100667078986,zet_Tuc,2-3,0.9113702883863801,1,1.580999992256693
52.7984634808433,0,1.013593608107546,True,0.004194641722496274,False,58814.05035752029,0.9347248499728237,2019-11-26,False,94,0.029338495928499908,True,30607805.85102672,6.994279337649909,zet_Tuc,2-3,0.9640633459013236,4,1.7249999473278876
52.7984634808433,0,1.013593608107546,True,0.004638224482792574,False,58814.05035752029,0.9381187399957056,2019-11-26,False,95,0.024156935707574823,True,29779167.083111215,5.20822909654223,zet_Tuc,2-3,0.9622756757032804,5,1.7730000081428443
100.52524203801185,0,1.013593608107546,True,0.00518498934446578,False,58814.05035752029,0.728899147561897,2019-11-26,False,96,-0.04492479521044046,True,65574193.78913372,-8.664394895698509,zet_Tuc,2-4,0.6839743523514565,0,1.5330000451285741
100.52524203801185,0,1.013593608107546,True,0.00347814496386583,False,58814.05035752029,0.7431680589770124,2019-11-26,False,97,-0.0567056847486771,True,63583328.608701505,-16.303427642547373,zet_Tuc,2-4,0.6864623742283353,1,1.580999992256693
100.52524203801185,0,1.013593608107546,True,0.0023001312980804297,False,58814.05035752029,0.7563960946658997,2019-11-26,False,98,-0.05007498092844476,True,61709784.38488139,-21.770488045719276,zet_Tuc,2-4,0.706321113737455,2,1.6290000530716497
100.52524203801185,0,1.013593608107546,True,0.002503766943433108,False,58814.05035752029,0.768675481806178,2019-11-26,False,99,-0.05711810351212809,True,59943495.54325404,-22.81286749229505,zet_Tuc,2-4,0.7115573782940499,3,1.6770000001997687
100.52524203801185,0,1.013593608107546,True,0.0029183698271698483,False,58814.05035752029,0.7800895013967629,2019-11-26,False,100,-0.06457990015467185,True,58275504.41014827,-22.128758169522193,zet_Tuc,2-4,0.7155096012420911,4,1.7249999473278876
100.52524203801185,0,1.013593608107546,True,0.0036623275034646115,False,58814.05035752029,0.7907132504926632,2019-11-26,False,101,-0.04746459991881624,True,56697823.78811636,-12.960228126488984,zet_Tuc,2-4,0.7432486505738469,5,1.7730000081428443
83.76023990584694,0,1.013593608107546,True,0.0033476053608329885,False,58814.05035752029,0.8249336802677529,2019-11-26,False,104,0.017025863089054738,True,51418193.478820495,5.0859827410534955,zet_Tuc,3-4,0.8419595433568077,2,1.6290000530716497
83.76023990584694,0,1.013593608107546,True,0.0028380663591437987,False,58814.05035752029,0.8340775566157296,2019-11-26,False,105,0.02554787509367973,True,49946475.787638165,9.001859668068908,zet_Tuc,3-4,0.8596254317094093,3,1.6770000001997687
83.76023990584694,0,1.013593608107546,True,0.003028810095043701,False,58814.05035752029,0.8425429749639378,2019-11-26,False,106,0.027825257486440935,True,48556662.29763995,9.186861048823683,zet_Tuc,3-4,0.8703682324503788,4,1.7249999473278876
83.76023990584694,0,1.013593608107546,True,0.0023966237228754106,False,58814.05035752029,0.8503933586833367,2019-11-26,False,107,0.03955456751587516,True,47242097.868675634,16.504287735422462,zet_Tuc,3-4,0.8899479261992118,5,1.7730000081428443
88.6215375415282,0,1.013593608107546,True,0.003016829710582232,False,58814.06183377453,0.815896877400022,2019-11-26,False,111,0.011966633899741286,True,52845281.771598905,3.9666255797486794,zet_Tuc,1-2,0.8278635112997633,3,1.6770000001997687
88.6215375415282,0,1.013593608107546,True,0.0024703089716436805,False,58814.06183377453,0.8252058316784757,2019-11-26,False,112,0.01609236884436349,True,51374805.94060739,6.5143142129529,zet_Tuc,1-2,0.8412982005228392,4,1.7249999473278876
88.6215375415282,0,1.013593608107546,True,0.002243818733694267,False,58814.06183377453,0.833847013777491,2019-11-26,False,113,0.016320222416423613,True,49983946.49436926,7.273413922145877,zet_Tuc,1-2,0.8501672361939147,5,1.7730000081428443
113.32382787733184,0,1.013593608107546,True,0.010032467033482399,False,58814.06183377453,0.6670830921273612,2019-11-26,False,120,0.03659413801594624,True,73922912.29047371,3.6475712199020247,zet_Tuc,1-4,0.7036772301433074,0,1.5330000451285741
113.32382787733184,0,1.013593608107546,True,0.006674696589229417,False,58814.06183377453,0.6839719811271638,2019-11-26,False,121,0.030811971769002966,True,71678575.85854588,4.616235563234817,zet_Tuc,1-4,0.7147839528961668,1,1.580999992256693
113.32382787733184,0,1.013593608107546,True,0.003460341905150262,False,58814.06183377453,0.6996976732253722,2019-11-26,False,122,0.036350826283487625,True,69566497.35133398,10.504981091430365,zet_Tuc,1-4,0.7360484995088599,2,1.6290000530716497
113.32382787733184,0,1.013593608107546,True,0.004043540226514552,False,58814.06183377453,0.7143538902207032,2019-11-26,False,123,0.035376792761787734,True,67575329.67431867,8.748965208708162,zet_Tuc,1-4,0.7497306829824909,3,1.6770000001997687
113.32382787733184,0,1.013593608107546,True,0.004251102052220182,False,58814.06183377453,0.7280268308203252,2019-11-26,False,124,0.05966550530704828,True,65694974.68847822,14.03530298123221,zet_Tuc,1-4,0.7876923361273734,4,1.7249999473278876
113.32382787733184,0,1.013593608107546,True,0.0032361537436502463,False,58814.06183377453,0.7407954593220125,2019-11-26,False,125,0.061331312445696895,True,63916428.28926696,18.95191554666922,zet_Tuc,1-4,0.8021267717677094,5,1.7730000081428443
52.081927337142794,0,1.013593608107546,True,0.002247284891307518,False,58814.06183377453,0.9200996932015305,2019-11-26,False,126,-0.021397998728890588,True,33973858.97191845,-9.5217116493142,zet_Tuc,2-3,0.8987016944726399,0,1.5330000451285741
52.081927337142794,0,1.013593608107546,True,0.0032514802628981826,False,58814.06183377453,0.9247224149465038,2019-11-26,False,127,-0.053606607149638275,True,32942395.694007512,-16.48683147836685,zet_Tuc,2-3,0.8711158077968655,1,1.580999992256693
52.081927337142794,0,1.013593608107546,True,0.0031238750429075416,False,58814.06183377453,0.9289595049614716,2019-11-26,False,128,-0.04516856729268015,True,31971716.169644613,-14.459146627913638,zet_Tuc,2-3,0.8837909376687915,2,1.6290000530716497
52.081927337142794,0,1.013593608107546,True,0.0029444803622230495,False,58814.06183377453,0.9328522141446683,2019-11-26,False,129,-0.035246279280541915,True,31056605.4448054,-11.970288453182745,zet_Tuc,2-3,0.8976059348641264,3,1.6770000001997687
52.081927337142794,0,1.013593608107546,True,0.0037277766817678873,False,58814.06183377453,0.9397438284237134,2019-11-26,False,131,-0.01161504299154148,True,29375029.38406458,-3.115809766274164,zet_Tuc,2-3,0.9281287854321719,5,1.7730000081428443
99.9124519208529,0,1.013593608107546,True,0.006938449257286878,False,58814.06183377453,0.7317808355770038,2019-11-26,False,132,-0.03852330666749637,True,65174461.17392198,-5.552149369261228,zet_Tuc,2-4,0.6932575289095074,0,1.5330000451285741
99.9124519208529,0,1.013593608107546,True,0.004863434453891947,False,58814.06183377453,0.7459210927351446,2019-11-26,False,133,-0.05279030042394994,True,63195732.07476082,-10.85453107766358,zet_Tuc,2-4,0.6931307923111947,1,1.580999992256693
99.9124519208529,0,1.013593608107546,True,0.003411856149808678,False,58814.06183377453,0.7590273110639207,2019-11-26,False,134,-0.04716640431244179,True,61333608.757383116,-13.82426522146506,zet_Tuc,2-4,0.711860906751479,2,1.6290000530716497
99.9124519208529,0,1.013593608107546,True,0.0031013918308202804,False,58814.06183377453,0.7711914657263684,2019-11-26,False,135,-0.0549242836239906,True,59578087.00593385,-17.70955964937323,zet_Tuc,2-4,0.7162671821023778,3,1.6770000001997687
99.9124519208529,0,1.013593608107546,True,0.003746640356881879,False,58814.06183377453,0.7824965493825816,2019-11-26,False,136,-0.0637171659265684,True,57920263.75167278,-17.00648043507348,zet_Tuc,2-4,0.7187793834560132,4,1.7249999473278876
99.9124519208529,0,1.013593608107546,True,0.0030870738795114082,False,58814.06183377453,0.7930173514443081,2019-11-26,False,137,-0.04866721113070416,True,56352200.486173555,-15.764835255062547,zet_Tuc,2-4,0.7443501403136039,5,1.7730000081428443
84.32540038196856,0,1.013593608107546,True,0.002316015727877944,False,58814.06183377453,0.8127470714343721,2019-11-26,False,139,-0.016780955093865235,True,53336749.39593383,-7.245613616467464,zet_Tuc,3-4,0.7959661163405068,1,1.580999992256693
84.32540038196856,0,1.013593608107546,True,0.002167441542070938,False,58814.06183377453,0.8319997888368944,2019-11-26,False,141,0.017988160504031514,True,50283482.63084287,8.299259820795102,zet_Tuc,3-4,0.8499879493409259,3,1.6770000001997687
84.32540038196856,0,1.013593608107546,True,0.0022212211092407846,False,58814.06183377453,0.8405625131997854,2019-11-26,False,142,0.0224274512379814,True,48884291.56916375,10.096901719814433,zet_Tuc,3-4,0.8629899644377668,4,1.7249999473278876
84.32540038196856,0,1.013593608107546,True,0.003332711443757104,False,58814.06183377453,0.8485040220651422,2019-11-26,False,143,0.0543166223856989,True,47560857.30100841,16.298027387713326,zet_Tuc,3-4,0.9028206444508411,5,1.7730000081428443
