baseline_m,bootstrap_metadata_index,c_scale,candidate_remove,e_vis2_corrected,highlighted,mjd,model_vis2,night,oifits_flag,point_id,residual,sigma_outlier,spatial_frequency_rad_inv,standardized_residual,star,telescope_pair,vis2_corrected,wavelength_index,wavelength_um
84.71024775838261,0,1.049765453279017,False,0.0039175442858358864,False,59672.29739515319,0.8074108697778997,2022-04-02,False,0,0.0019348517845982904,False,55257824.699723266,0.493894042651633,HD124850,1-2,0.809345721562498,0,1.5330000451285741
84.71024775838261,0,1.049765453279017,False,0.004375031060264764,False,59672.29739515319,0.8179828031164236,2022-04-02,False,1,0.0053013034276027104,False,53580169.622561865,1.211717895159787,HD124850,1-2,0.8232841065440263,1,1.580999992256693
84.71024775838261,0,1.049765453279017,False,0.0036432001531470247,False,59672.29739515319,0.827734367553415,2022-04-02,False,2,0.010377606074883916,False,52001378.14523246,2.848486396202981,HD124850,1-2,0.8381119736282989,2,1.6290000530716497
84.71024775838261,0,1.049765453279017,False,0.0030842326432601284,False,59672.29739515319,0.8367452367551503,2022-04-02,False,3,0.00826335088326502,False,50512968.24585074,2.6792242476658323,HD124850,1-2,0.8450085876384154,3,1.6770000001997687
84.71024775838261,0,1.049765453279017,True,0.003277205758983497,False,59672.29739515319,0.8450861275564917,2022-04-02,False,4,0.019960229699825693,True,49107391.50433197,6.090624503850753,HD124850,1-2,0.8650463572563174,4,1.7249999473278876
84.71024775838261,0,1.049765453279017,False,0.00471036790206681,False,59672.29739515319,0.8528198501443922,2022-04-02,False,5,0.01101345386131336,False,47777917.29798898,2.338130288396558,HD124850,1-2,0.8638333040057056,5,1.7730000081428443
124.89677344435042,0,1.049765453279017,False,0.003796739630761641,False,59672.29739515319,0.6216892539255506,2022-04-02,False,6,-0.003534638707239135,False,81472126.39767092,-0.9309668428672504,HD124850,1-3,0.6181546152183115,0,1.5330000451285741
124.89677344435042,0,1.049765453279017,True,0.0024457533934057335,False,59672.29739515319,0.6403257167735035,2022-04-02,False,7,-0.019168187221038524,True,78998592.06581958,-7.837334406943887,HD124850,1-3,0.621157529552465,1,1.580999992256693
124.89677344435042,0,1.049765453279017,True,0.001873674057375405,False,59672.29739515319,0.6577392166311257,2022-04-02,False,8,-0.013849783682104877,True,76670822.20706163,-7.391778536713745,HD124850,1-3,0.6438894329490208,2,1.6290000530716497
124.89677344435042,0,1.049765453279017,True,0.0013369591232691165,False,59672.29739515319,0.6740198789084484,2022-04-02,False,9,-0.01662998841168639,True,74476310.92991793,-12.438666315409062,HD124850,1-3,0.657389890496762,3,1.6770000001997687
124.89677344435042,0,1.049765453279017,True,0.0018284280960984074,False,59672.29739515319,0.6892520929636313,2022-04-02,False,10,-0.014254569296534014,True,72403928.845228,-7.796078679249754,HD124850,1-3,0.6749975236670973,4,1.7249999473278876
124.89677344435042,0,1.049765453279017,True,0.0016021842516445626,False,59672.29739515319,0.7035143356387443,2022-04-02,False,11,-0.011735450263097413,True,70443752.32416126,-7.324657105480569,HD124850,1-3,0.6917788853756469,5,1.7730000081428443
132.3194682870052,0,1.049765453279017,False,0.0024676290944338638,False,59672.29739515319,0.5849361467909587,2022-04-02,False,12,-0.0017653916557965887,False,86314066.79176416,-0.7154201819790158,HD124850,1-4,0.5831707551351621,0,1.5330000451285741
132.3194682870052,0,1.049765453279017,True,0.0010908670774021996,False,59672.29739515319,0.6048624957106554,2022-04-02,False,13,-0.01259935858187311,True,83693528.73818462,-11.54985684587469,HD124850,1-4,0.5922631371287823,1,1.580999992256693
132.3194682870052,0,1.049765453279017,True,0.001536287899288302,False,59672.29739515319,0.6235381589743779,2022-04-02,False,14,-0.013733458399832532,True,81227418.03323027,-8.93937809846362,HD124850,1-4,0.6098047005745454,2,1.6290000530716497
132.3194682870052,0,1.049765453279017,False,0.002488799230249145,False,59672.29739515319,0.6410472601797007,2022-04-02,False,15,-0.006769070298111246,False,78902485.55232139,-2.7198137221513115,HD124850,1-4,0.6342781898815895,3,1.6770000001997687
132.3194682870052,0,1.049765453279017,False,0.0019446603494491744,False,59672.29739515319,0.657470091068286,2022-04-02,False,16,0.002160469515305685,False,76706940.47960684,1.1109752486688171,HD124850,1-4,0.6596305605835917,4,1.7249999473278876
132.3194682870052,0,1.049765453279017,True,0.0017149464361213645,False,59672.29739515319,0.6728824939675893,2022-04-02,False,17,0.008121918173809362,True,74630269.41867036,4.73596026251317,HD124850,1-4,0.6810044121413986,5,1.7730000081428443
58.21336242996766,0,1.049765453279017,False,0.005289567717883711,False,59672.29739515319,0.9047625861183327,2022-04-02,False,18,0.0028694964511249976,False,37973490.35634585,0.5424822223985152,HD124850,2-3,0.9076320825694577,0,1.5330000451285741
58.21336242996766,0,1.049765453279017,False,0.006023616049169397,False,59672.29739515319,0.9102360241265747,2022-04-02,False,19,0.00015803647251944053,False,36820596.27772349,0.026236146399343026,HD124850,2-3,0.9103940605990941,1,1.580999992256693
58.21336242996766,0,1.049765453279017,False,0.004802653897238497,False,59672.29739515319,0.9152569105556914,2022-04-02,False,20,-0.004039736570923602,False,35735641.82530276,-0.8411467195765308,HD124850,2-3,0.9112171739847678,2,1.6290000530716497
58.21336242996766,0,1.049765453279017,True,0.005186156311817963,False,59672.29739515319,0.9198731082136374,2022-04-02,False,21,-0.02019595167964694,True,34712798.10556537,-3.894204197745714,HD124850,2-3,0.8996771565339905,3,1.6770000001997687
58.21336242996766,0,1.049765453279017,False,0.0042472885869249515,False,59672.29739515319,0.9241264355599453,2022-04-02,False,22,0.0008127725181642509,False,33746877.80144174,0.1913626779838618,HD124850,2-3,0.9249392080781096,4,1.7249999473278876
58.21336242996766,0,1.049765453279017,True,0.0033793924107324643,False,59672.29739515319,0.9280535163209245,2022-04-02,False,23,-0.011857214107364844,True,32833255.59086947,-3.508682232258094,HD124850,2-3,0.9161963022135596,5,1.7730000081428443
127.12312075487678,0,1.049765453279017,False,0.0037257997277895002,False,59672.29739515319,0.6106965193628704,2022-04-02,False,24,-0.0003558270429238064,False,82924407.70555545,-0.09550353452167891,HD124850,2-4,0.6103406923199466,0,1.5330000451285741
127.12312075487678,0,1.049765453279017,False,0.004428743091019846,False,59672.29739515319,0.6297306447309133,2022-04-02,False,25,-0.003352833133732691,False,80406781.38993749,-0.7570620071711147,HD124850,2-4,0.6263778115971806,1,1.580999992256693
127.12312075487678,0,1.049765453279017,False,0.0033505104427270327,False,59672.29739515319,0.6475315804915261,2022-04-02,False,26,0.00031941990366302075,False,78037517.87188272,0.09533469873415465,HD124850,2-4,0.6478510003951892,2,1.6290000530716497
127.12312075487678,0,1.049765453279017,False,0.003250712128221692,False,59672.29739515319,0.6641879406512834,2022-04-02,False,27,0.005206841066375367,False,75803888.33615595,1.601753972974463,HD124850,2-4,0.6693947817176588,3,1.6770000001997687
127.12312075487678,0,1.049765453279017,False,0.003222053902295593,False,59672.29739515319,0.6797831320076372,2022-04-02,False,28,-0.0005580816759781504,False,73694565.00668126,-0.1732068093524252,HD124850,2-4,0.679225050331659,4,1.7249999473278876
127.12312075487678,0,1.049765453279017,True,0.0023922508082661626,False,59672.29739515319,0.6943950511507785,2022-04-02,False,29,0.01788346210342351,True,71699447.3609923,7.475579918973859,HD124850,2-4,0.712278513254202,5,1.7730000081428443
96.6506238477559,0,1.049765453279017,False,0.0030326026000969315,False,59672.29739515319,0.7557753664960823,2022-04-02,False,30,-0.009040240284112766,False,63046719.505901724,-2.9810171249684387,HD124850,3-4,0.7467351262119696,0,1.5330000451285741
96.6506238477559,0,1.049765453279017,False,0.003181110961352802,False,59672.29739515319,0.7688247305299932,2022-04-02,False,31,-0.006442132611977458,False,61132589.70343093,-2.025120371543994,HD124850,3-4,0.7623825979180158,1,1.580999992256693
96.6506238477559,0,1.049765453279017,False,0.0035298052220452875,False,59672.29739515319,0.7809004580127786,2022-04-02,False,32,-0.0008187313677462393,False,59331258.86982695,-0.23194803005924472,HD124850,3-4,0.7800817266450324,2,1.6290000530716497
96.6506238477559,0,1.049765453279017,False,0.0037290248602872044,False,59672.29739515319,0.7920918554662961,2022-04-02,False,33,-0.0035662080352439895,False,57633049.39549351,-0.9563379620293884,HD124850,3-4,0.7885256474310521,3,1.6770000001997687
96.6506238477559,0,1.049765453279017,False,0.0024928694437603,False,59672.29739515319,0.8024790410427985,2022-04-02,False,34,0.0014178278898683283,False,56029348.868950754,0.5687533670955688,HD124850,3-4,0.8038968689326669,4,1.7249999473278876
96.6506238477559,0,1.049765453279017,False,0.0018981078217565252,False,59672.29739515319,0.812133848539497,2022-04-02,False,35,-0.0038374039440770558,False,54512477.949164845,-2.0216996632603776,HD124850,3-4,0.8082964445954199,5,1.7730000081428443
82.82868449417626,0,1.049765453279017,False,0.007285839996394993,False,59672.30682962815,0.8151661423855033,2022-04-02,False,36,-0.006130672772740264,False,54030451.43891652,-0.8414503716488008,HD124850,1-2,0.8090354696127631,0,1.5330000451285741
82.82868449417626,0,1.049765453279017,False,0.0075956926033763006,False,59672.30682962815,0.8253518348774245,2022-04-02,False,37,0.0017270590453578594,False,52390060.025204666,0.22737347804072247,HD124850,1-2,0.8270788939227823,1,1.580999992256693
82.82868449417626,0,1.049765453279017,False,0.0059854373616598355,False,59672.30682962815,0.8347427523499592,2022-04-02,False,38,-0.0007389064563205761,False,50846336.277272746,-0.12345070404607295,HD124850,1-2,0.8340038458936386,2,1.6290000530716497
82.82868449417626,0,1.049765453279017,False,0.005584913550991391,False,59672.30682962815,0.8434166835318545,2022-04-02,False,39,0.007635273467945236,False,49390986.57382796,1.3671247367096455,HD124850,1-2,0.8510519569997997,3,1.6770000001997687
82.82868449417626,0,1.049765453279017,False,0.005965246380449586,False,59672.30682962815,0.851442572909281,2022-04-02,False,40,0.01627895469103746,False,48016630.15844267,2.728966022994436,HD124850,1-2,0.8677215276003185,4,1.7249999473278876
82.82868449417626,0,1.049765453279017,False,0.005679704518628039,False,59672.30682962815,0.8588815783004685,2022-04-02,False,41,0.013760338568383212,False,46716685.90737144,2.4227208516310443,HD124850,1-2,0.8726419168688517,5,1.7730000081428443
122.58330503548045,0,1.049765453279017,False,0.003032270244655556,False,59672.30682962815,0.633073930926879,2022-04-02,False,42,0.0032732669977481033,False,79963014.62939571,1.0794773333667438,HD124850,1-3,0.6363471979246271,0,1.5330000451285741
122.58330503548045,0,1.049765453279017,False,0.0033271223683451565,False,59672.30682962815,0.6512882008421694,2022-04-02,False,43,-0.008762870470939932,False,77535297.68239093,-2.6337686146777965,HD124850,1-3,0.6425253303712295,1,1.580999992256693
122.58330503548045,0,1.049765453279017,False,0.0033221451671658093,False,59672.30682962815,0.6682918066736553,2022-04-02,False,44,-0.004428255638203482,False,75250645.20675541,-1.3329506735496808,HD124850,1-3,0.6638635510354518,2,1.6290000530716497
122.58330503548045,0,1.049765453279017,True,0.003621881668258965,False,59672.30682962815,0.6841761845489851,2022-04-02,False,45,-0.01129027402266547,True,73096782.95818605,-3.117239892625397,HD124850,1-3,0.6728859105263196,3,1.6770000001997687
122.58330503548045,0,1.049765453279017,True,0.003910877592407172,False,59672.30682962815,0.6990265243453859,2022-04-02,False,46,-0.011811049792875505,True,71062787.69768555,-3.0200510023137093,HD124850,1-3,0.6872154745525104,4,1.7249999473278876
122.58330503548045,0,1.049765453279017,True,0.004139795984878979,False,59672.30682962815,0.7129217190307824,2022-04-02,False,47,-0.012992879748131347,True,69138919.61223519,-3.138531414492199,HD124850,1-3,0.699928839282651,5,1.7730000081428443
132.41429013503716,0,1.049765453279017,False,0.0033010853381383806,False,59672.30682962815,0.5844651083328501,2022-04-02,False,48,0.00024111015710570616,False,86375920.57209069,0.07303966193181731,HD124850,1-4,0.5847062184899559,0,1.5330000451285741
132.41429013503716,0,1.049765453279017,False,0.003408716485566928,False,59672.30682962815,0.604407241814291,2022-04-02,False,49,-0.005514026248855108,False,83753504.60693628,-1.6176253649144516,HD124850,1-4,0.5988932155654358,1,1.580999992256693
132.41429013503716,0,1.049765453279017,False,0.002962556989637056,False,59672.30682962815,0.6230984554194393,2022-04-02,False,50,-0.0060245479023636195,False,81285626.65504903,-2.033563547785688,HD124850,1-4,0.6170739075170757,2,1.6290000530716497
132.41429013503716,0,1.049765453279017,False,0.003381909450716528,False,59672.30682962815,0.6406227782360379,2022-04-02,False,51,0.00223396616726812,False,78959028.09735458,0.6605635661814682,HD124850,1-4,0.642856744403306,3,1.6770000001997687
132.41429013503716,0,1.049765453279017,False,0.0045830276709373586,False,59672.30682962815,0.6570604343846649,2022-04-02,False,52,0.009946230146647861,False,76761909.6685502,2.1702313101272583,HD124850,1-4,0.6670066645313127,4,1.7249999473278876
132.41429013503716,0,1.049765453279017,True,0.0026606139820248473,False,59672.30682962815,0.6724872194884113,2022-04-02,False,53,0.020842764786159873,True,74683750.43818331,7.833817655238205,HD124850,1-4,0.6933299842745712,5,1.7730000081428443
58.058824260912886,0,1.049765453279017,False,0.006811444416998455,False,59672.30682962815,0.9052467962144691,2022-04-02,False,54,0.009154154801230163,False,37872682.68217398,1.3439373854956966,HD124850,2-3,0.9144009510156993,0,1.5330000451285741
58.058824260912886,0,1.049765453279017,False,0.007208642408028335,False,59672.30682962815,0.9106935706368786,2022-04-02,False,55,0.00818549656073464,False,36722849.17474331,1.1355115287198005,HD124850,2-3,0.9188790671976133,1,1.580999992256693
58.058824260912886,0,1.049765453279017,False,0.00522508817568554,False,59672.30682962815,0.9156898689468197,2022-04-02,False,56,0.0007698880548741016,False,35640774.935173824,0.14734450960209702,HD124850,2-3,0.9164597570016938,2,1.6290000530716497
58.058824260912886,0,1.049765453279017,False,0.006235055108407228,False,59672.30682962815,0.9202833519646416,2022-04-02,False,57,-0.01703219832824676,False,34620646.543826334,-2.7316836871707633,HD124850,2-3,0.9032511536363949,3,1.6770000001997687
58.058824260912886,0,1.049765453279017,False,0.00542245115709962,False,59672.30682962815,0.9245156588544909,2022-04-02,False,58,0.007263441027706707,False,33657290.45432665,1.3395124856397604,HD124850,2-3,0.9317790998821976,4,1.7249999473278876
58.058824260912886,0,1.049765453279017,False,0.004718684689648013,False,59672.30682962815,0.9284232540986562,2022-04-02,False,59,0.0010438604414096941,False,32746093.623387784,0.2212185195802011,HD124850,2-3,0.9294671145400659,5,1.7730000081428443
127.6281099809098,0,1.049765453279017,False,0.00643829779746313,False,59672.30682962815,0.6081987758582722,2022-04-02,False,60,0.018373797094295985,False,83253820.10683861,2.8538283987944415,HD124850,2-4,0.6265725729525682,0,1.5330000451285741
127.6281099809098,0,1.049765453279017,False,0.006429266683702126,False,59672.30682962815,0.62732186660068,2022-04-02,False,61,0.01748571165064139,False,80726192.66666508,2.719705451784541,HD124850,2-4,0.6448075782513214,1,1.580999992256693
127.6281099809098,0,1.049765453279017,True,0.00393992212055625,False,59672.30682962815,0.6452096721559984,2022-04-02,False,62,0.020112707104034344,True,78347517.38666531,5.104848900209929,HD124850,2-4,0.6653223792600328,2,1.6290000530716497
127.6281099809098,0,1.049765453279017,True,0.004245072326871322,False,59672.30682962815,0.6619504293926914,2022-04-02,False,63,0.018660088853553525,True,76105014.88712367,4.395705754042187,HD124850,2-4,0.680610518246245,3,1.6770000001997687
127.6281099809098,0,1.049765453279017,True,0.00417999801235265,False,59672.30682962815,0.6776272930339022,2022-04-02,False,64,0.016066761058648016,True,73987312.39303063,3.843724569047122,HD124850,2-4,0.6936940540925502,4,1.7249999473278876
127.6281099809098,0,1.049765453279017,True,0.003913666184471099,False,59672.30682962815,0.6923180032411815,2022-04-02,False,65,0.02779909889686405,True,71984269.25817998,7.103083805963609,HD124850,2-4,0.7201171021380456,5,1.7730000081428443
96.11126055692438,0,1.049765453279017,True,0.0035055835525505193,False,59672.30682962815,0.7581901152456738,2022-04-02,False,66,-0.019968131297141922,True,62694884.36242247,-5.696093388678164,HD124850,3-4,0.7382219839485319,0,1.5330000451285741
96.11126055692438,0,1.049765453279017,True,0.0028373100198218985,False,59672.30682962815,0.7711273756171204,2022-04-02,False,67,-0.019059581165180695,True,60791436.450127214,-6.717482767842581,HD124850,3-4,0.7520677944519397,1,1.580999992256693
96.11126055692438,0,1.049765453279017,True,0.0022443944767858294,False,59672.30682962815,0.7830974903825061,2022-04-02,False,68,-0.010600034931969371,True,59000158.02681931,-4.722892985884351,HD124850,3-4,0.7724974554505367,2,1.6290000530716497
96.11126055692438,0,1.049765453279017,False,0.0028030043521739836,False,59672.30682962815,0.7941894293976234,2022-04-02,False,69,-0.008062368136427356,False,57311425.48925185,-2.8763309376149415,HD124850,3-4,0.786127061261196,3,1.6770000001997687
96.11126055692438,0,1.049765453279017,False,0.0023800919795861353,False,59672.30682962815,0.8044829650666062,2022-04-02,False,70,0.0011253971489040282,False,55716674.48790685,0.47283767121458853,HD124850,3-4,0.8056083622155102,4,1.7249999473278876
96.11126055692438,0,1.049765453279017,True,0.0026330609943753026,False,59672.30682962815,0.8140495868447736,2022-04-02,False,71,0.010178480954193825,True,54208268.536669426,3.8656457165014073,HD124850,3-4,0.8242280677989674,5,1.7730000081428443
83.69065742831927,0,1.0995536309403429,True,0.008568032576995042,False,59669.311479204065,0.8116273082660319,2022-03-30,False,72,0.02594248870441407,True,54592729.91821736,3.0278233038082765,HD124850,1-2,0.837569796970446,0,1.5330000451285741
83.69065742831927,0,1.0995536309403429,False,0.007408954474130482,False,59669.311479204065,0.8219896937597443,2022-03-30,False,73,0.018528405823573957,False,52935267.44985028,2.5008124814734347,HD124850,1-2,0.8405180995833182,1,1.580999992256693
83.69065742831927,0,1.0995536309403429,False,0.006188738809469855,False,59669.311479204065,0.8315455434942537,2022-03-30,False,74,0.012959107470989828,False,51375478.63826756,2.0939819678865947,HD124850,1-2,0.8445046509652435,2,1.6290000530716497
83.69065742831927,0,1.0995536309403429,False,0.005295562216007927,False,59669.311479204065,0.8403735204211,2022-03-30,False,75,0.01113868238118021,False,49904983.55298141,2.103399398747341,HD124850,1-2,0.8515122028022802,3,1.6770000001997687
83.69065742831927,0,1.0995536309403429,True,0.005672770041428091,False,59669.311479204065,0.8485433893335229,2022-03-30,False,76,0.023592748340919067,True,48516324.62827627,4.1589467171455645,HD124850,1-2,0.872136137674442,4,1.7249999473278876
83.69065742831927,0,1.0995536309403429,False,0.006727668762909085,False,59669.311479204065,0.8561170715524697,2022-03-30,False,77,0.012257874426081727,False,47202852.25265301,1.822009206764417,HD124850,1-2,0.8683749459785515,5,1.7730000081428443
123.66681423571744,0,1.0995536309403429,False,0.006084412587799431,False,59669.311479204065,0.6277472460515202,2022-03-30,False,78,0.012103100860331395,False,80669804.6935448,1.989197919385142,HD124850,1-3,0.6398503469118516,0,1.5330000451285741
123.66681423571744,0,1.0995536309403429,False,0.004764992541709414,False,59669.311479204065,0.6461603498389638,2022-03-30,False,79,-0.0012963860400211358,False,78220629.24819973,-0.27206465249913375,HD124850,1-3,0.6448639637989426,1,1.580999992256693
123.66681423571744,0,1.0995536309403429,False,0.005476391477162466,False,59669.311479204065,0.6633568202486126,2022-03-30,False,80,0.01137340011611132,False,75915782.81567931,2.0768055321721315,HD124850,1-3,0.674730220364724,2,1.6290000530716497
123.66681423571744,0,1.0995536309403429,False,0.005075778011464463,False,59669.311479204065,0.679427512358537,2022-03-30,False,81,-0.001812732035206932,False,73742882.66009894,-0.35713382876725197,HD124850,1-3,0.6776147803233301,3,1.6770000001997687
123.66681423571744,0,1.0995536309403429,False,0.004960170338369127,False,59669.311479204065,0.6944572689218703,2022-03-30,False,82,-0.0024020206132671085,False,71690908.99236467,-0.48426171873300583,HD124850,1-3,0.6920552483086032,4,1.7249999473278876
123.66681423571744,0,1.0995536309403429,False,0.00585376267381026,False,59669.311479204065,0.7085248115261139,2022-03-30,False,83,-0.0034809085093692183,False,69750035.90961859,-0.5946446248910647,HD124850,1-3,0.7050439030167447,5,1.7730000081428443
132.41027915553025,0,1.0995536309403429,False,0.0069308597292040775,False,59669.311479204065,0.5844850338502162,2022-03-30,False,84,0.009696445513263319,False,86373304.14717951,1.3990249250617621,HD124850,1-4,0.5941814793634795,0,1.5330000451285741
132.41027915553025,0,1.0995536309403429,False,0.006043607661742003,False,59669.311479204065,0.6044265000171692,2022-03-30,False,85,0.0043638583306645495,False,83750967.61798842,0.7220618171972328,HD124850,1-4,0.6087903583478338,1,1.580999992256693
132.41027915553025,0,1.0995536309403429,False,0.005653285683246132,False,59669.311479204065,0.6231170561526275,2022-03-30,False,86,0.005394246391457913,False,81283164.42093223,0.9541789843460595,HD124850,1-4,0.6285113025440854,2,1.6290000530716497
132.41027915553025,0,1.0995536309403429,False,0.004639629850061557,False,59669.311479204065,0.6406407353512487,2022-03-30,False,87,0.0033893092261629842,False,78956636.33855526,0.730512850312405,HD124850,1-4,0.6440300445774116,3,1.6770000001997687
132.41027915553025,0,1.0995536309403429,True,0.005372239390796401,False,59669.311479204065,0.6570777646018512,2022-03-30,False,88,0.02302497121188718,True,76759584.46296795,4.285916828526487,HD124850,1-4,0.6801027358137384,4,1.7249999473278876
132.41027915553025,0,1.0995536309403429,True,0.005212272448671764,False,59669.311479204065,0.6725039415098707,2022-03-30,False,89,0.024533152884893883,True,74681488.18240865,4.7068055491123895,HD124850,1-4,0.6970370943947646,5,1.7730000081428443
58.14783016604195,0,1.0995536309403429,False,0.008575691847608402,False,59669.311479204065,0.9049680472832445,2022-03-30,False,90,0.021012582351394027,False,37930742.631625324,2.450249230591703,HD124850,2-3,0.9259806296346386,0,1.5330000451285741
58.14783016604195,0,1.0995536309403429,False,0.0043989562603206555,False,59669.311479204065,0.910430172847295,2022-03-30,False,91,0.0067298944502548474,False,36779146.39521453,1.5298843752913973,HD124850,2-3,0.9171600672975498,1,1.580999992256693
58.14783016604195,0,1.0995536309403429,False,0.006428260859747301,False,59669.311479204065,0.9154406272101611,2022-03-30,False,92,0.0014745852244769653,False,35695413.30363872,0.2293910058489649,HD124850,2-3,0.916915212434638,2,1.6290000530716497
58.14783016604195,0,1.0995536309403429,False,0.0032271339471852964,False,59669.311479204065,0.9200471875242046,2022-03-30,False,93,-0.004156931199997382,False,34673721.02511343,-1.2881185807682556,HD124850,2-3,0.9158902563242072,3,1.6770000001997687
58.14783016604195,0,1.0995536309403429,False,0.00799720824403203,False,59669.311479204065,0.9242915962121883,2022-03-30,False,94,0.010356549188458741,False,33708888.082063936,1.2950205712333909,HD124850,2-3,0.934648145400647,4,1.7249999473278876
58.14783016604195,0,1.0995536309403429,False,0.0029360594413484335,False,59669.311479204065,0.9282104094639504,2022-03-30,False,95,0.004868263338117851,False,32796294.359270632,1.6580942706943362,HD124850,2-3,0.9330786728020682,5,1.7730000081428443
127.4011009220516,0,1.0995536309403429,False,0.004269786728082756,False,59669.311479204065,0.609321774923128,2022-03-30,False,96,0.007183023198374827,False,83105738.53333862,1.6822908627101827,HD124850,2-4,0.6165047981215028,0,1.5330000451285741
127.4011009220516,0,1.0995536309403429,False,0.0038275496225263846,False,59669.311479204065,0.6284049305587658,2022-03-30,False,97,0.007942702986281636,False,80582606.92348352,2.0751404343750957,HD124850,2-4,0.6363476335450474,1,1.580999992256693
127.4011009220516,0,1.0995536309403429,False,0.003393405321128625,False,59669.311479204065,0.6462537326895849,2022-03-30,False,98,0.0015818574395812801,False,78208162.5361666,0.4661563502986329,HD124850,2-4,0.6478355901291661,2,1.6290000530716497
127.4011009220516,0,1.0995536309403429,False,0.0026167436137983485,False,59669.311479204065,0.6629565892934185,2022-03-30,False,99,0.0013278502813448556,False,75969648.72204845,0.5074437840768845,HD124850,2-4,0.6642844395747634,3,1.6770000001997687
127.4011009220516,0,1.0995536309403429,False,0.003433496336064225,False,59669.311479204065,0.6785967697502266,2022-03-30,False,100,0.001321383173102486,False,73855712.93460174,0.3848506140004132,HD124850,2-4,0.6799181529233291,4,1.7249999473278876
127.4011009220516,0,1.0995536309403429,False,0.003042370178404277,False,59669.311479204065,0.6932520856823571,2022-03-30,False,101,0.008637902042859524,False,71856232.56454454,2.83920152260699,HD124850,2-4,0.7018899877252166,5,1.7730000081428443
96.34310273902243,0,1.0995536309403429,True,0.003467353145528151,False,59669.311479204065,0.7571530225002214,2022-03-30,False,102,-0.016031527465426243,True,62846118.65809961,-4.623563505811954,HD124850,3-4,0.7411214950347952,0,1.5330000451285741
96.34310273902243,0,1.0995536309403429,True,0.003896140200662943,False,59669.311479204065,0.7701384757160715,2022-03-30,False,103,-0.02319172701411787,True,60938079.19727051,-5.9524878006627455,HD124850,3-4,0.7469467487019537,1,1.580999992256693
96.34310273902243,0,1.0995536309403429,False,0.004800399342022663,False,59669.311479204065,0.7821539873080685,2022-03-30,False,104,-0.012248122788656723,False,59142479.80370378,-2.551479974058979,HD124850,3-4,0.7699058645194118,2,1.6290000530716497
96.34310273902243,0,1.0995536309403429,False,0.004209243104821337,False,59669.311479204065,0.7932886731002757,2022-03-30,False,105,-0.009149221671309271,False,57449673.659836486,-2.173602579720235,HD124850,3-4,0.7841394514289665,3,1.6770000001997687
96.34310273902243,0,1.0995536309403429,False,0.005548402753161509,False,59669.311479204065,0.8036224551283225,2022-03-30,False,106,-0.012013555701754997,False,55851075.75699511,-2.165227766659443,HD124850,3-4,0.7916088994265675,4,1.7249999473278876
96.34310273902243,0,1.0995536309403429,False,0.006436795504978863,False,59669.311479204065,0.8132269716804462,2022-03-30,False,107,-0.00995010577446187,False,54339031.18812643,-1.5458166671234874,HD124850,3-4,0.8032768659059843,5,1.7730000081428443
81.41909516965073,0,1.0995536309403429,False,0.005629084327813582,False,59669.32261177137,0.8209013192851254,2022-03-30,False,108,0.007209060284616986,False,53110954.18971239,1.28068081144151,HD124850,1-2,0.8281103795697424,0,1.5330000451285741
81.41909516965073,0,1.0995536309403429,False,0.004743453083183376,False,59669.32261177137,0.8307990756613968,2022-03-30,False,109,0.00656991115865746,False,51498479.17041066,1.3850482008453493,HD124850,1-2,0.8373689868200542,1,1.580999992256693
81.41909516965073,0,1.0995536309403429,False,0.0035098721905926153,False,59669.32261177137,0.8399214076880736,2022-03-30,False,110,-0.004859611376773598,False,49981026.713981085,-1.3845550814638323,HD124850,1-2,0.8350617963113,2,1.6290000530716497
81.41909516965073,0,1.0995536309403429,False,0.003255015525710183,False,59669.32261177137,0.8483446371118463,2022-03-30,False,111,0.0051418984581049765,False,48550444.34105657,1.5796847718516216,HD124850,1-2,0.8534865355699512,3,1.6770000001997687
81.41909516965073,0,1.0995536309403429,True,0.0033158039193690618,False,59669.32261177137,0.8561363378833274,2022-03-30,False,112,0.014085008958636402,True,47199476.90188225,4.247841338373388,HD124850,1-2,0.8702213468419638,4,1.7249999473278876
81.41909516965073,0,1.0995536309403429,False,0.0037483817574727805,False,59669.32261177137,0.8633563966777633,2022-03-30,False,113,0.006164869738264245,False,45921655.271132454,1.644674992341415,HD124850,1-2,0.8695212664160276,5,1.7730000081428443
120.73821973278854,0,1.0995536309403429,False,0.004833755271139501,False,59669.32261177137,0.6421208484842493,2022-03-30,False,114,-0.0014051944249108272,False,78759436.5156474,-0.29070450324630714,HD124850,1-3,0.6407156540593385,0,1.5330000451285741
120.73821973278854,0,1.0995536309403429,False,0.0033212200956432305,False,59669.32261177137,0.659992252629692,2022-03-30,False,115,-0.007736758691156531,False,76368260.79957712,-2.329492917770067,HD124850,1-3,0.6522554939385354,1,1.580999992256693
120.73821973278854,0,1.0995536309403429,False,0.0033769218888518105,False,59669.32261177137,0.676663990018974,2022-03-30,False,116,-0.003117098024340237,False,74117996.19350779,-0.9230589652164218,HD124850,1-3,0.6735468919946338,2,1.6290000530716497
120.73821973278854,0,1.0995536309403429,True,0.0029690894468354613,False,59669.32261177137,0.6922283540139634,2022-03-30,False,117,-0.012603961562786425,True,71996553.2011961,-4.2450595674105,HD124850,1-3,0.679624392451177,3,1.6770000001997687
120.73821973278854,0,1.0995536309403429,True,0.0029761077520160705,False,59669.32261177137,0.7067710138868655,2022-03-30,False,118,-0.015868260578735915,True,69993172.99679814,-5.33188375588433,HD124850,1-3,0.6909027533081296,4,1.7249999473278876
120.73821973278854,0,1.0995536309403429,True,0.0031734324796313025,False,59669.32261177137,0.7203710601599468,2022-03-30,False,119,-0.019977516108830362,True,68098262.3678934,-6.295239062767581,HD124850,1-3,0.7003935440511164,5,1.7730000081428443
132.3016903478532,0,1.0995536309403429,False,0.005169664584673297,False,59669.32261177137,0.5850244579042654,2022-03-30,False,120,0.0017858479132003557,False,86302469.9629131,0.3454475399612825,HD124850,1-4,0.5868103058174657,0,1.5330000451285741
132.3016903478532,0,1.0995536309403429,False,0.004030751605925959,False,59669.32261177137,0.6049478453518352,2022-03-30,False,121,-0.002674497515459784,False,83682283.99483289,-0.6635232772785533,HD124850,1-4,0.6022733478363754,1,1.580999992256693
132.3016903478532,0,1.0995536309403429,False,0.003848095705415158,False,59669.32261177137,0.6236205914016872,2022-03-30,False,122,-0.005811868809680321,False,81216504.62710823,-1.5103233533151685,HD124850,1-4,0.6178087225920069,2,1.6290000530716497
132.3016903478532,0,1.0995536309403429,False,0.0033419032304992176,False,59669.32261177137,0.6411268373206394,2022-03-30,False,123,-0.0034993456942198353,False,78891884.51526122,-1.0471116166033028,HD124850,1-4,0.6376274916264195,3,1.6770000001997687
132.3016903478532,0,1.0995536309403429,False,0.003958067133839398,False,59669.32261177137,0.6575468874852954,2022-03-30,False,124,0.011691459849408004,False,76696634.42760982,2.953830608241117,HD124850,1-4,0.6692383473347034,4,1.7249999473278876
132.3016903478532,0,1.0995536309403429,True,0.003818988627505993,False,59669.32261177137,0.6729565929425689,2022-03-30,False,125,0.01986886618537076,True,74620242.3802776,5.20265130989568,HD124850,1-4,0.6928254591279397,5,1.7730000081428443
57.858236572341575,0,1.0995536309403429,True,0.006133760725171262,False,59669.32261177137,0.9058736934288941,2022-03-30,False,126,0.01999370596658978,True,37741836.183370076,3.2596162228078325,HD124850,2-3,0.9258673993954839,0,1.5330000451285741
57.858236572341575,0,1.0995536309403429,False,0.003272868972144833,False,59669.32261177137,0.911285928663365,2022-03-30,False,127,0.00303037848483545,False,36595975.24080673,0.9259088923592105,HD124850,2-3,0.9143163071482004,1,1.580999992256693
57.858236572341575,0,1.0995536309403429,False,0.004850896849533578,False,59669.32261177137,0.9162503783641616,2022-03-30,False,128,-0.0013309190555380601,False,35517639.46431053,-0.2743655651358635,HD124850,2-3,0.9149194593086235,2,1.6290000530716497
57.858236572341575,0,1.0995536309403429,False,0.002882946609542842,False,59669.32261177137,0.9208144412067604,2022-03-30,False,129,-0.004356298192030317,False,34501035.51905149,-1.5110575331539382,HD124850,2-3,0.91645814301473,3,1.6770000001997687
57.858236572341575,0,1.0995536309403429,False,0.006827221631477637,False,59669.32261177137,0.9250195237111024,2022-03-30,False,130,0.006651878050406457,False,33541007.732763655,0.9743169929825128,HD124850,2-3,0.9316714017615089,4,1.7249999473278876
57.858236572341575,0,1.0995536309403429,True,0.002545655616716153,False,59669.32261177137,0.9289018837720023,2022-03-30,False,131,0.01139905892856996,True,32632958.999783684,4.477848006508645,HD124850,2-3,0.9403009427005723,5,1.7730000081428443
127.98501572752372,0,1.0995536309403429,False,0.003112370641516398,False,59669.32261177137,0.6064326022943886,2022-03-30,False,132,0.00413023812338198,False,83486635.32934828,1.3270392890512746,HD124850,2-4,0.6105628404177705,0,1.5330000451285741
127.98501572752372,0,1.0995536309403429,False,0.0028812321498954377,False,59669.32261177137,0.6256182873469333,2022-03-30,False,133,0.004915049089258772,False,80951939.50307365,1.7058844388631242,HD124850,2-4,0.630533336436192,1,1.580999992256693
127.98501572752372,0,1.0995536309403429,False,0.0026131255912142273,False,59669.32261177137,0.6435672566984934,2022-03-30,False,134,0.0009601268438266253,False,78566612.37437937,0.36742468370243475,HD124850,2-4,0.64452738354232,2,1.6290000530716497
127.98501572752372,0,1.0995536309403429,False,0.0021991109287847733,False,59669.32261177137,0.6603674729976677,2022-03-30,False,135,0.0008552696249638503,False,76317838.8266415,0.3889160904841083,HD124850,2-4,0.6612227426226316,3,1.6770000001997687
127.98501572752372,0,1.0995536309403429,False,0.002776485499610377,False,59669.32261177137,0.6761019062683908,2022-03-30,False,136,0.0008050562184334087,False,74194214.28144331,0.28995513160302183,HD124850,2-4,0.6769069624868242,4,1.7249999473278876
127.98501572752372,0,1.0995536309403429,False,0.002605299258290631,False,59669.32261177137,0.6908481805463387,2022-03-30,False,137,0.006145669316919622,False,72185569.73475909,2.358911091446697,HD124850,2-4,0.6969938498632583,5,1.7730000081428443
95.77903885229259,0,1.0995536309403429,True,0.0030856754791188747,False,59669.32261177137,0.7596739219991332,2022-03-30,False,138,-0.020456341593945493,True,62478170.928076856,-6.629453334407956,HD124850,3-4,0.7392175804051877,0,1.5330000451285741
95.77903885229259,0,1.0995536309403429,True,0.003375952279816616,False,59669.32261177137,0.7725421102131296,2022-03-30,False,139,-0.028363922520662332,True,60581302.543575086,-8.401754577586352,HD124850,3-4,0.7441781876924672,1,1.580999992256693
95.77903885229259,0,1.0995536309403429,True,0.004051276836813032,False,59669.32261177137,0.7844471748078792,2022-03-30,False,140,-0.017727907195783765,True,58796215.91889528,-4.375881459073421,HD124850,3-4,0.7667192676120954,2,1.6290000530716497
95.77903885229259,0,1.0995536309403429,True,0.003452326049053039,False,59669.32261177137,0.7954778731960791,2022-03-30,False,141,-0.011450102851423116,True,57113320.71609012,-3.3166342601284255,HD124850,3-4,0.784027770344656,3,1.6770000001997687
95.77903885229259,0,1.0995536309403429,False,0.0052115785666461975,False,59669.32261177137,0.8057137607195021,2022-03-30,False,142,-0.007091560973298661,False,55524082.18948596,-1.3607318555426262,HD124850,3-4,0.7986221997462034,4,1.7249999473278876
95.77903885229259,0,1.0995536309403429,False,0.005900170697167838,False,59669.32261177137,0.8152261114233955,2022-03-30,False,143,0.003024930463818132,False,54020890.2495256,0.5126852457455408,HD124850,3-4,0.8182510418872136,5,1.7730000081428443
86.38937323205602,0,1.0503557988178858,False,0.003997680912393995,False,59669.340562850804,0.823693127288062,2022-03-30,False,0,0.005181733264492117,False,56353144.61116696,1.2961848076536595,HD141004,1-2,0.8288748605525541,0,1.5330000451285741
86.38937323205602,0,1.0503557988178858,False,0.003520345792487085,False,59669.340562850804,0.8334488519019646,2022-03-30,False,1,0.004399239815670808,False,54642235.076007344,1.2496612761903694,HD141004,1-2,0.8378480917176354,1,1.580999992256693
86.38937323205602,0,1.0503557988178858,False,0.0034739351453308325,False,59669.340562850804,0.8424389163546434,2022-03-30,False,2,0.008345905470134474,False,53032148.81372154,2.4024356014106503,HD141004,1-2,0.8507848218247779,2,1.6290000530716497
86.38937323205602,0,1.0503557988178858,False,0.0032585575128160813,False,59669.340562850804,0.8507388686478973,2022-03-30,False,3,0.0056928513340963605,False,51514235.67189331,1.7470464497576217,HD141004,1-2,0.8564317199819936,3,1.6770000001997687
86.38937323205602,0,1.0503557988178858,False,0.003722814390228766,False,59669.340562850804,0.8584155667505571,2022-03-30,False,4,0.007760701523829128,False,50080797.60574923,2.0846329444192984,HD141004,1-2,0.8661762682743862,4,1.7249999473278876
86.38937323205602,0,1.0503557988178858,False,0.0022418163409223917,False,59669.340562850804,0.8655282384753394,2022-03-30,False,5,0.00029369602280338025,False,48724970.57828323,0.13100806584474245,HD141004,1-2,0.8658219344981428,5,1.7730000081428443
128.58881309289336,0,1.0503557988178858,False,0.0031343828852112947,False,59669.340562850804,0.6449933410072233,2022-03-30,False,6,-0.007555106221272978,False,83880501.8313672,-2.4103967185756483,HD141004,1-3,0.6374382347859503,0,1.5330000451285741
128.58881309289336,0,1.0503557988178858,False,0.003163093379293545,False,59669.340562850804,0.6627495129995067,2022-03-30,False,7,-0.00908684319548625,False,81333848.02193947,-2.872771083829252,HD141004,1-3,0.6536626698040204,1,1.580999992256693
128.58881309289336,0,1.0503557988178858,False,0.002519787222014287,False,59669.340562850804,0.6793105726286929,2022-03-30,False,8,0.0010037628349424121,False,78937267.5896638,0.3983522204466203,HD141004,1-3,0.6803143354636353,2,1.6290000530716497
128.58881309289336,0,1.0503557988178858,False,0.0027084307699751994,False,59669.340562850804,0.6947689245428066,2022-03-30,False,9,-0.006305900278090859,False,76677884.95979458,-2.3282486478872046,HD141004,1-3,0.6884630242647157,3,1.6770000001997687
128.58881309289336,0,1.0503557988178858,False,0.0030911145713913924,False,59669.340562850804,0.7092102535774363,2022-03-30,False,10,-0.004738973910648037,False,74544241.75031655,-1.533095523054294,HD141004,1-3,0.7044712796667882,4,1.7249999473278876
128.58881309289336,0,1.0503557988178858,False,0.0018428093405982605,False,59669.340562850804,0.7227135970522492,2022-03-30,False,11,-0.0053843913394791,False,72526120.9826985,-2.921838532537001,HD141004,1-3,0.7173292057127701,5,1.7730000081428443
125.72866395220693,0,1.0503557988178858,False,0.008389778275896497,False,59669.340562850804,0.6580165919623306,2022-03-30,False,12,-0.005358360854808786,False,82014781.63796267,-0.6386772902215003,HD141004,1-4,0.6526582311075219,0,1.5330000451285741
125.72866395220693,0,1.0503557988178858,False,0.006915264348458796,False,59669.340562850804,0.675265470046243,2022-03-30,False,13,-0.013363059428900925,False,79524772.02276511,-1.9324003762602582,HD141004,1-4,0.6619024106173421,1,1.580999992256693
125.72866395220693,0,1.0503557988178858,False,0.006331554613380775,False,59669.340562850804,0.6913373736542118,2022-03-30,False,14,-0.008450292476475663,False,77181497.76308012,-1.334631538772051,HD141004,1-4,0.6828870811777361,2,1.6290000530716497
125.72866395220693,0,1.0503557988178858,False,0.006428869914343084,False,59669.340562850804,0.7063255883213119,2022-03-30,False,15,-0.014975644502500551,False,74972369.67038152,-2.3294365420412766,HD141004,1-4,0.6913499438188113,3,1.6770000001997687
125.72866395220693,0,1.0503557988178858,False,0.005942348863133491,False,59669.340562850804,0.7203161900501851,2022-03-30,False,16,0.0016329278294499039,False,72886184.22682679,0.27479501238653903,HD141004,1-4,0.721949117879635,4,1.7249999473278876
125.72866395220693,0,1.0503557988178858,False,0.006227955253405063,False,59669.340562850804,0.7333882476426038,2022-03-30,False,17,0.001537679133725267,False,70912951.70602019,0.24689951535611288,HD141004,1-4,0.7349259267763291,5,1.7730000081428443
56.4994494735289,0,1.0503557988178858,False,0.006144850013239817,False,59669.340562850804,0.9210802456039816,2022-03-30,False,18,0.01350358959045439,False,36855478.023674965,2.197545841047265,HD141004,2-3,0.934583835194436,0,1.5330000451285741
56.4994494735289,0,1.0503557988178858,False,0.004001209391170257,False,59669.340562850804,0.9256481353842323,2022-03-30,False,19,0.0026810808567431232,False,35736527.35626046,0.6700676207197874,HD141004,2-3,0.9283292162409754,1,1.580999992256693
56.4994494735289,0,1.0503557988178858,False,0.006487886814070903,False,59669.340562850804,0.9298347568913398,2022-03-30,False,20,0.0029075226658392683,False,34683516.04224523,0.4481463301014199,HD141004,2-3,0.932742279557179,2,1.6290000530716497
56.4994494735289,0,1.0503557988178858,False,0.004451165733098131,False,59669.340562850804,0.9336809228391896,2022-03-30,False,21,-0.011549072390200199,False,33690786.80190729,-2.5946174738727903,HD141004,2-3,0.9221318504489894,3,1.6770000001997687
56.4994494735289,0,1.0503557988178858,False,0.004981551185780428,False,59669.340562850804,0.9372222129493177,2022-03-30,False,22,0.007270738240875874,False,32753305.042733137,1.4595329787295588,HD141004,2-3,0.9444929511901936,4,1.7249999473278876
56.4994494735289,0,1.0503557988178858,False,0.004175031296288409,False,59669.340562850804,0.9404897249811618,2022-03-30,False,23,0.001982304013225966,False,31866581.621006366,0.4747997973064846,HD141004,2-3,0.9424720289943878,5,1.7730000081428443
113.27910674444782,0,1.0503557988178858,False,0.009758064365852236,False,59669.340562850804,0.7135801007289041,2022-03-30,False,24,-0.000539834182644916,False,73893739.99329987,-0.05532185097426017,HD141004,2-4,0.7130402665462592,0,1.5330000451285741
113.27910674444782,0,1.0503557988178858,False,0.008358293055058962,False,59669.340562850804,0.7285228313107692,2022-03-30,False,25,-0.0073329854770318725,False,71650289.2468425,-0.8773305062082611,HD141004,2-4,0.7211898458337374,1,1.580999992256693
113.27910674444782,0,1.0503557988178858,False,0.007859269058183243,False,59669.340562850804,0.7423901153824571,2022-03-30,False,26,-0.006098291374586173,False,69539044.23198037,-0.7759362008654607,HD141004,2-4,0.736291824007871,2,1.6290000530716497
113.27910674444782,0,1.0503557988178858,False,0.0066619435145933315,False,59669.340562850804,0.7552752315112394,2022-03-30,False,27,-0.014445443192005802,False,67548662.33211312,-2.1683526977318723,HD141004,2-4,0.7408297883192336,3,1.6770000001997687
113.27910674444782,0,1.0503557988178858,True,0.005131452140524024,False,59669.340562850804,0.7672627533749958,2022-03-30,False,28,-0.01647951890007604,True,65669049.39326108,-3.211472785633961,HD141004,2-4,0.7507832344749198,4,1.7249999473278876
113.27910674444782,0,1.0503557988178858,False,0.005914247493788943,False,59669.340562850804,0.7784292132209927,2022-03-30,False,29,-0.006819703848553793,False,63891204.864180304,-1.1530974744827212,HD141004,2-4,0.7716095093724389,5,1.7730000081428443
88.57931100170248,0,1.0503557988178858,False,0.008926426521694912,False,59669.340562850804,0.8153932643243725,2022-03-30,False,30,-0.02558844333161958,False,57781675.40384726,-2.8665942938564575,HD141004,3-4,0.789804820992753,0,1.5330000451285741
88.57931100170248,0,1.0503557988178858,False,0.008508246280673275,False,59669.340562850804,0.825566310510281,2022-03-30,False,31,-0.020833065311937626,False,56027394.96239076,-2.448573375133784,HD141004,3-4,0.8047332451983433,1,1.580999992256693
88.57931100170248,0,1.0503557988178858,False,0.008592118170798515,False,59669.340562850804,0.8349455764913706,2022-03-30,False,32,-0.016732022958446557,False,54376493.62544644,-1.9473688124207391,HD141004,3-4,0.818213553532924,2,1.6290000530716497
88.57931100170248,0,1.0503557988178858,False,0.008325717634576752,False,59669.340562850804,0.843608753532859,2022-03-30,False,33,-0.016730218104757055,False,52820101.96252277,-2.0094625879787666,HD141004,3-4,0.826878535428102,3,1.6770000001997687
88.57931100170248,0,1.0503557988178858,False,0.008333520783017797,False,59669.340562850804,0.8516246995740208,2022-03-30,False,34,-0.018948790493008905,False,51350326.78633778,-2.27380371230646,HD141004,3-4,0.8326759090810119,4,1.7249999473278876
88.57931100170248,0,1.0503557988178858,False,0.007595458291376562,False,59669.340562850804,0.8590544955660108,2022-03-30,False,35,-0.01641000084862476,False,49960130.05915675,-2.1605017392111434,HD141004,3-4,0.842644494717386,5,1.7730000081428443
84.74091868142439,0,1.0503557988178858,False,0.006436782526216499,False,59669.35007921152,0.8298486087687703,2022-03-30,False,36,0.005024577533729535,False,55277831.82440617,0.7806038984950686,HD141004,1-2,0.8348731863024998,0,1.5330000451285741
84.74091868142439,0,1.0503557988178858,False,0.006462555147318745,False,59669.35007921152,0.8392922110078201,2022-03-30,False,37,0.0018264419069083937,False,53599569.32097553,0.28261915995659515,HD141004,1-2,0.8411186529147285,1,1.580999992256693
84.74091868142439,0,1.0503557988178858,False,0.00619341183326013,False,59669.35007921152,0.8479914916878287,2022-03-30,False,38,0.006894245650144293,False,52020206.21278467,1.113157954896607,HD141004,1-2,0.854885737337973,2,1.6290000530716497
84.74091868142439,0,1.0503557988178858,False,0.006213420661731401,False,59669.35007921152,0.8560203254779477,2022-03-30,False,39,0.009534855814794296,False,50531257.40687527,1.5345582303029457,HD141004,1-2,0.865555181292742,3,1.6770000001997687
84.74091868142439,0,1.0503557988178858,False,0.006143527906299843,False,59669.35007921152,0.8634440185023301,2022-03-30,False,40,0.013364905656676918,False,49125171.7501165,2.1754447705807536,HD141004,1-2,0.876808924159007,4,1.7249999473278876
84.74091868142439,0,1.0503557988178858,False,0.0057180113429965195,False,59669.35007921152,0.8703203679125968,2022-03-30,False,41,0.00927430026795828,False,47795216.182873875,1.6219450630012373,HD141004,1-2,0.8795946681805551,5,1.7730000081428443
127.57069779442794,0,1.0503557988178858,False,0.0052975536837759985,False,59669.35007921152,0.6496380169173378,2022-03-30,False,42,-0.0002113983183107404,False,83216369.23613298,-0.03990489401894264,HD141004,1-3,0.6494266185990271,0,1.5330000451285741
127.57069779442794,0,1.0503557988178858,False,0.005811523280450708,False,59669.35007921152,0.6672147669747946,2022-03-30,False,43,-0.0016693518017270037,False,80689878.8230452,-0.2872485785856714,HD141004,1-3,0.6655454151730676,1,1.580999992256693
127.57069779442794,0,1.0503557988178858,False,0.004806758225851677,False,59669.35007921152,0.6836026210426875,2022-03-30,False,44,0.004824322282813265,False,78312273.56554106,1.0036540337866642,HD141004,1-3,0.6884269433255008,2,1.6290000530716497
127.57069779442794,0,1.0503557988178858,False,0.0059022215275183285,False,59669.35007921152,0.6988943365832028,2022-03-30,False,45,-0.001307733111240994,False,76070779.83257686,-0.22156625351045553,HD141004,1-3,0.6975866034719618,3,1.6770000001997687
127.57069779442794,0,1.0503557988178858,False,0.006606376407377192,False,59669.35007921152,0.7131757706559364,2022-03-30,False,46,0.0006874838810870809,False,73954029.96506836,0.10406368615620859,HD141004,1-3,0.7138632545370235,4,1.7249999473278876
127.57069779442794,0,1.0503557988178858,False,0.004842187783223178,False,59669.35007921152,0.7265259994846697,2022-03-30,False,47,-0.002925276412538813,False,71951887.8784743,-0.6041228765794824,HD141004,1-3,0.7236007230721309,5,1.7730000081428443
127.55270005564633,0,1.0503557988178858,False,0.0039289898770464215,False,59669.35007921152,0.6497200380640253,2022-03-30,False,48,0.0002499110811355898,False,83204629.02853233,0.06360695470242797,HD141004,1-4,0.6499699491451609,0,1.5330000451285741
127.55270005564633,0,1.0503557988178858,False,0.0036912102055794097,False,59669.35007921152,0.6672936046427866,2022-03-30,False,49,-0.0033772577848618646,False,80678495.0539941,-0.9149459382608464,HD141004,1-4,0.6639163468579248,1,1.580999992256693
127.55270005564633,0,1.0503557988178858,False,0.0033085385433729744,False,59669.35007921152,0.6836783875304769,2022-03-30,False,50,-5.459848888911267e-05,False,78301225.23024625,-0.016502297970345192,HD141004,1-4,0.6836237890415878,2,1.6290000530716497
127.55270005564633,0,1.0503557988178858,False,0.004041602220312465,False,59669.35007921152,0.6989671500344086,2022-03-30,False,51,-0.0004627725278801842,False,76060047.72835535,-0.11450224506369314,HD141004,1-4,0.6985043775065284,3,1.6770000001997687
127.55270005564633,0,1.0503557988178858,True,0.0033991471219753733,False,59669.35007921152,0.7132457519291601,2022-03-30,False,52,0.013471932991728108,True,73943596.49299231,3.9633274195849038,HD141004,1-4,0.7267176849208882,4,1.7249999473278876
127.55270005564633,0,1.0503557988178858,True,0.0031363513360624425,False,59669.35007921152,0.7265932698492821,2022-03-30,False,53,0.017008424301672265,True,71941736.86961983,5.422997132402146,HD141004,1-4,0.7436016941509543,5,1.7730000081428443
57.15747259777123,0,1.0503557988178858,True,0.00582947949426665,False,59669.35007921152,0.9192957423770204,2022-03-30,False,54,0.018174177239990374,True,37284716.83963805,3.1176329306698576,HD141004,2-3,0.9374699196170108,0,1.5330000451285741
57.15747259777123,0,1.0503557988178858,False,0.003827644859428283,False,59669.35007921152,0.9239633036215247,2022-03-30,False,55,0.005006429819232938,False,36152734.26800313,1.307966126194039,HD141004,2-3,0.9289697334407576,1,1.580999992256693
57.15747259777123,0,1.0503557988178858,False,0.0050193109059432535,False,59669.35007921152,0.9282416780574515,2022-03-30,False,56,0.007642883279384116,False,35087459.01511473,1.5226957290759473,HD141004,2-3,0.9358845613368356,2,1.6290000530716497
57.15747259777123,0,1.0503557988178858,False,0.004301245832873887,False,59669.35007921152,0.9321724717507606,2022-03-30,False,57,-0.005254480846762832,False,34083167.913513705,-1.221618352200074,HD141004,2-3,0.9269179909039977,3,1.6770000001997687
57.15747259777123,0,1.0503557988178858,True,0.004030327908679217,False,59669.35007921152,0.9357919647474751,2022-03-30,False,58,0.019937545938320422,True,33134767.735101126,4.946879358224273,HD141004,2-3,0.9557295106857955,4,1.7249999473278876
57.15747259777123,0,1.0503557988178858,False,0.004800765790028364,False,59669.35007921152,0.9391318737714863,2022-03-30,False,59,0.0076929167790834585,False,32237717.05316668,1.6024353437658552,HD141004,2-3,0.9468247905505698,5,1.7730000081428443
113.99096783480188,0,1.0503557988178858,False,0.004620861405208571,False,59669.35007921152,0.7104623369135872,2022-03-30,False,60,0.011470289385234866,False,74358098.15990016,2.482283795031315,HD141004,2-4,0.721932626298822,0,1.5330000451285741
113.99096783480188,0,1.0503557988178858,False,0.0024587079219232813,False,59669.35007921152,0.7255403317927912,2022-03-30,False,61,0.005182266593926288,False,72100549.26824704,2.1077194845789373,HD141004,2-4,0.7307225983867175,1,1.580999992256693
113.99096783480188,0,1.0503557988178858,False,0.0028642746732967473,False,59669.35007921152,0.7395361717584988,2022-03-30,False,62,0.006201172284515666,False,69976036.90672693,2.1650061505372973,HD141004,2-4,0.7457373440430145,2,1.6290000530716497
113.99096783480188,0,1.0503557988178858,False,0.0025086167469553456,False,59669.35007921152,0.752543296396874,2022-03-30,False,63,-0.002483744312224645,False,67973147.18021645,-0.9900851994387394,HD141004,2-4,0.7500595520846494,3,1.6770000001997687
113.99096783480188,0,1.0503557988178858,False,0.0027840768946530248,False,59669.35007921152,0.7646464983058165,2022-03-30,False,64,-0.003631530124304394,False,66081722.501719296,-1.3043928963596338,HD141004,2-4,0.7610149681815122,4,1.7249999473278876
113.99096783480188,0,1.0503557988178858,False,0.0034990760325019246,False,59669.35007921152,0.7759225649506756,2022-03-30,False,65,0.007572185388098007,False,64292705.759321146,2.1640528293075443,HD141004,2-4,0.7834947503387736,5,1.7730000081428443
87.46160558154325,0,1.0503557988178858,False,0.00355112613576552,False,59669.35007921152,0.8196465773575082,2022-03-30,False,66,-0.005582581551943799,False,57052578.60850733,-1.5720594928234946,HD141004,3-4,0.8140639958055644,0,1.5330000451285741
87.46160558154325,0,1.0503557988178858,False,0.003516099012106825,False,59669.35007921152,0.8296062741513356,2022-03-30,False,67,-0.004310249193153259,False,55320433.90885917,-1.2258611541688595,HD141004,3-4,0.8252960249581823,1,1.580999992256693
87.46160558154325,0,1.0503557988178858,False,0.002349929609355061,False,59669.35007921152,0.8387865071516223,2022-03-30,False,68,-0.001979794279945657,False,53690363.86255805,-0.8424908865627734,HD141004,3-4,0.8368067128716766,2,1.6290000530716497
87.46160558154325,0,1.0503557988178858,False,0.0029384283897245706,False,59669.35007921152,0.8472638855269928,2022-03-30,False,69,0.007027654207586886,False,52153610.95475528,2.39163705066354,HD141004,3-4,0.8542915397345797,3,1.6770000001997687
87.46160558154325,0,1.0503557988178858,False,0.0033650570291835847,False,59669.35007921152,0.8551062556115626,2022-03-30,False,70,0.004968167011170643,False,50702381.59544626,1.4763990529979214,HD141004,3-4,0.8600744226227333,4,1.7249999473278876
87.46160558154325,0,1.0503557988178858,True,0.003085148358296308,False,59669.35007921152,0.8623737596205535,2022-03-30,False,71,0.017609964199118422,True,49329726.55378397,5.707979699505622,HD141004,3-4,0.8799837238196719,5,1.7730000081428443
88.74750019854596,0,1.0496550692036724,False,0.0035633215612862674,False,59671.317650570694,0.8147501704747682,2022-04-01,False,72,0.007773254273730434,False,57891387.857788764,2.181463036674268,HD141004,1-2,0.8225234247484986,0,1.5330000451285741
88.74750019854596,0,1.0496550692036724,False,0.0037484839606522586,False,59671.317650570694,0.8249553811337258,2022-04-01,False,73,0.005381457124098099,False,56133776.49159204,1.435635627786358,HD141004,1-2,0.8303368382578239,1,1.580999992256693
88.74750019854596,0,1.0496550692036724,False,0.003379938721785811,False,59671.317650570694,0.8343646641918462,2022-04-01,False,74,0.008968335181590792,False,54479740.52008364,2.653401709263036,HD141004,1-2,0.843332999373437,2,1.6290000530716497
88.74750019854596,0,1.0496550692036724,True,0.0029917213208427336,False,59671.317650570694,0.8430558715528225,2022-04-01,False,75,0.01755236100454649,True,52920393.67201796,5.866977275678268,HD141004,1-2,0.860608232557369,3,1.6770000001997687
88.74750019854596,0,1.0496550692036724,True,0.0029127929801063507,False,59671.317650570694,0.8510980116735078,2022-04-01,False,76,0.018460548315263225,True,51447827.772992305,6.3377481480297995,HD141004,1-2,0.8695585599887711,4,1.7249999473278876
88.74750019854596,0,1.0496550692036724,True,0.002949870613804371,False,59671.317650570694,0.858552305439386,2022-04-01,False,77,0.012557207894735689,True,50054991.421858974,4.256867347324426,HD141004,1-2,0.8711095133341217,5,1.7730000081428443
129.22259319736133,0,1.0496550692036724,False,0.0030804891311072996,False,59671.317650570694,0.6420973789494644,2022-04-01,False,78,0.005701703093119792,False,84293926.54487711,1.8509083624230422,HD141004,1-3,0.6477990820425842,0,1.5330000451285741
129.22259319736133,0,1.0496550692036724,False,0.0030822699759601936,False,59671.317650570694,0.6599645700261304,2022-04-01,False,79,-0.002060893144567144,False,81734720.95525514,-0.6686283682613271,HD141004,1-3,0.6579036768815633,1,1.580999992256693
129.22259319736133,0,1.0496550692036724,False,0.002941275751576159,False,59671.317650570694,0.6766329153164193,2022-04-01,False,80,0.005659552776883681,False,79326328.41459927,1.9241829923123877,HD141004,1-3,0.682292468093303,2,1.6290000530716497
129.22259319736133,0,1.0496550692036724,False,0.003187199914464014,False,59671.317650570694,0.6921945777744457,2022-04-01,False,81,-0.0015579519180896062,False,77055809.88787596,-0.48881524846288293,HD141004,1-3,0.6906366258563561,3,1.6770000001997687
129.22259319736133,0,1.0496550692036724,False,0.0034985530809616924,False,59671.317650570694,0.7067351164494718,2022-04-01,False,82,0.00014988626253509274,False,74911650.51774852,0.042842357702313774,HD141004,1-3,0.7068850027120069,4,1.7249999473278876
129.22259319736133,0,1.0496550692036724,False,0.003513016593067539,False,59671.317650570694,0.720333528817145,2022-04-01,False,83,-8.585794220983267e-05,False,72883582.9689124,-0.024439947815578685,HD141004,1-3,0.7202476708749351,5,1.7730000081428443
121.5747024354647,0,1.0496550692036724,False,0.005807141441436123,False,59671.317650570694,0.6767792176360182,2022-04-01,False,84,0.007052581505376354,False,79305087.31672485,1.2144669759640347,HD141004,1-4,0.6838317991413946,0,1.5330000451285741
121.5747024354647,0,1.0496550692036724,False,0.00391369397357708,False,59671.317650570694,0.6932745820672517,2022-04-01,False,85,0.0054758862771248085,False,76897345.37059104,1.3991605664864744,HD141004,1-4,0.6987504683443765,1,1.580999992256693
121.5747024354647,0,1.0496550692036724,False,0.0037698661415760297,False,59671.317650570694,0.7086229325229191,2022-04-01,False,86,0.005954144296695052,False,74631490.77633417,1.5794046984930514,HD141004,1-4,0.7145770768196141,2,1.6290000530716497
121.5747024354647,0,1.0496550692036724,True,0.0026458795400564087,False,59671.317650570694,0.7229182325612707,2022-04-01,False,87,0.0154270381456737,True,72495350.28084818,5.830589757440281,HD141004,1-4,0.7383452707069444,3,1.6770000001997687
121.5747024354647,0,1.0496550692036724,True,0.0046460790524625725,False,59671.317650570694,0.7362466225120513,2022-04-01,False,88,0.019198359266698772,True,70478090.52040267,4.132163712652074,HD141004,1-4,0.7554449817787501,4,1.7249999473278876
121.5747024354647,0,1.0496550692036724,True,0.0031431921669798266,False,59671.317650570694,0.7486867950280165,2022-04-01,False,89,0.01716170651852722,True,68570051.82014069,5.459960959058144,HD141004,1-4,0.7658485015465437,5,1.7730000081428443
54.84924119913761,0,1.0496550692036724,False,0.005749635671653282,False,59671.317650570694,0.9254768944508738,2022-04-01,False,90,0.015304255807686018,False,35779021.25536947,2.661778359825249,HD141004,2-3,0.9407811502585598,0,1.5330000451285741
54.84924119913761,0,1.0496550692036724,False,0.004451731136531815,False,59671.317650570694,0.9297985112113732,2022-04-01,False,91,0.00636016939722206,False,34692752.35153336,1.4286957595056022,HD141004,2-3,0.9361586806085953,1,1.580999992256693
54.84924119913761,0,1.0496550692036724,False,0.004844837090673879,False,59671.317650570694,0.9337585046636668,2022-04-01,False,92,0.0015286558887471768,False,33670496.87672731,0.31552266054307154,HD141004,2-3,0.935287160552414,2,1.6290000530716497
54.84924119913761,0,1.0496550692036724,False,0.003954254204355702,False,59671.317650570694,0.93739570819663,2022-04-01,False,93,-0.010452344889706366,False,32706762.78628731,-2.643316375106301,HD141004,2-3,0.9269433633069236,3,1.6770000001997687
54.84924119913761,0,1.0496550692036724,False,0.0031928520080892983,False,59671.317650570694,0.940743956166681,2022-04-01,False,94,0.009195830654564197,False,31796662.535614487,2.8801305639177643,HD141004,2-3,0.9499397868212452,4,1.7249999473278876
54.84924119913761,0,1.0496550692036724,False,0.003536778259445638,False,59671.317650570694,0.9438328051962229,2022-04-01,False,95,-0.00739914955927834,False,30935838.097705524,-2.0920592178821233,HD141004,2-3,0.9364336556369446,5,1.7730000081428443
112.23570429968684,0,1.0496550692036724,False,0.003037206373435552,False,59671.317650570694,0.7181348820172917,2022-04-01,False,96,-0.0013680546842165242,False,73213112.19548824,-0.4504319153884304,HD141004,2-4,0.7167668273330752,0,1.5330000451285741
112.23570429968684,0,1.0496550692036724,False,0.0041033701719973,False,59671.317650570694,0.7328787912458646,2022-04-01,False,97,0.00483632096778952,False,70990325.64793594,1.1786216609932267,HD141004,2-4,0.7377151122136542,1,1.580999992256693
112.23570429968684,0,1.0496550692036724,False,0.00419765453223127,False,59671.317650570694,0.746557265945498,2022-04-01,False,98,0.0026047621990131775,False,68898527.09829855,0.6205280065362149,HD141004,2-4,0.7491620281445112,2,1.6290000530716497
112.23570429968684,0,1.0496550692036724,False,0.002868221396200214,False,59671.317650570694,0.7592633153135595,2022-04-01,False,99,-0.0010206912348774688,False,66926478.40567503,-0.35586208101985034,HD141004,2-4,0.758242624078682,3,1.6770000001997687
112.23570429968684,0,1.0496550692036724,False,0.0031930657853451432,False,59671.317650570694,0.7710811647185448,2022-04-01,False,100,-0.005621974035562971,False,65064178.39232148,-1.760682182423399,HD141004,2-4,0.7654591906829818,4,1.7249999473278876
112.23570429968684,0,1.0496550692036724,False,0.002303726625879577,False,59671.317650570694,0.7820869497601562,2022-04-01,False,101,0.0001566975224733813,False,63302709.41016511,0.06801914806777615,HD141004,2-4,0.7822436472826296,5,1.7730000081428443
90.78865482026549,0,1.0496550692036724,True,0.0033487012501051375,False,59671.317650570694,0.8068827318420364,2022-04-01,False,102,-0.015072355712487218,True,59222865.06694197,-4.500955620336092,HD141004,3-4,0.7918103761295492,0,1.5330000451285741
90.78865482026549,0,1.0496550692036724,True,0.0029412988172085835,False,59671.317650570694,0.8174794318381997,2022-04-01,False,103,-0.011383481381169402,True,57424829.38957848,-3.8702226766516725,HD141004,3-4,0.8060959504570303,1,1.580999992256693
90.78865482026549,0,1.0496550692036724,True,0.0022488390720015795,False,59671.317650570694,0.8272543012251226,2022-04-01,False,104,-0.014670091804281693,True,55732751.29676884,-6.523406670991614,HD141004,3-4,0.8125842094208409,2,1.6290000530716497
90.78865482026549,0,1.0496550692036724,False,0.001691028975779722,False,59671.317650570694,0.8362870938074256,2022-04-01,False,105,-0.003384106482503646,False,54137540.13682201,-2.0012114109063432,HD141004,3-4,0.832902987324922,3,1.6770000001997687
90.78865482026549,0,1.0496550692036724,True,0.002610406564369084,False,59671.317650570694,0.8446486075335151,2022-04-01,False,106,-0.010159285793874484,True,52631105.850699715,-3.8918404253744696,HD141004,3-4,0.8344893217396406,4,1.7249999473278876
90.78865482026549,0,1.0496550692036724,True,0.002464108427308754,False,59671.317650570694,0.852401732539999,2022-04-01,False,107,-0.010100188202730953,True,51206234.858037844,-4.098921983624788,HD141004,3-4,0.842301544337268,5,1.7730000081428443
86.14730604322398,0,1.0496550692036724,False,0.002752246349394748,False,59671.33715072247,0.8246020493288122,2022-04-01,False,108,-0.008158377386344728,False,56195240.38304821,-2.96426131626584,HD141004,1-2,0.8164436719424675,0,1.5330000451285741
86.14730604322398,0,1.0496550692036724,True,0.0031198475787213888,False,59671.33715072247,0.8343118256603602,2022-04-01,False,109,-0.009426755777167672,True,54489124.8988931,-3.02154369382079,HD141004,1-2,0.8248850698831925,1,1.580999992256693
86.14730604322398,0,1.0496550692036724,False,0.0033213269427601767,False,59671.33715072247,0.8432590668496088,2022-04-01,False,110,0.0018830512187859583,False,52883550.17594028,0.5669574995893224,HD141004,1-2,0.8451421180683948,2,1.6290000530716497
86.14730604322398,0,1.0496550692036724,False,0.0031793093197030717,False,59671.33715072247,0.8515190782997635,2022-04-01,False,111,0.005939229198314355,False,51369890.29991764,1.8680878772968978,HD141004,1-2,0.8574583074980778,3,1.6770000001997687
86.14730604322398,0,1.0496550692036724,True,0.002938028627245707,False,59671.33715072247,0.8591584925036744,2022-04-01,False,112,0.010805209498996882,True,49940468.796344325,3.677707357510116,HD141004,1-2,0.8699637020026713,4,1.7249999473278876
86.14730604322398,0,1.0496550692036724,False,0.002953357020218056,False,59671.33715072247,0.8662363290333194,2022-04-01,False,113,0.008166118168636327,False,48588440.861576915,2.7650291220237895,HD141004,1-2,0.8744024472019557,5,1.7730000081428443
128.45955792118627,0,1.0496550692036724,False,0.0032911870966873206,False,59671.33715072247,0.6455835233738171,2022-04-01,False,114,-0.004097447094205342,False,83796186.6533489,-1.2449754370784774,HD141004,1-3,0.6414860762796117,0,1.5330000451285741
128.45955792118627,0,1.0496550692036724,False,0.003530595211587307,False,59671.33715072247,0.663316989891239,2022-04-01,False,115,-0.010037466612593193,False,81252092.69471611,-2.8429955888600684,HD141004,1-3,0.6532795232786458,1,1.580999992256693
128.45955792118627,0,1.0496550692036724,False,0.0029267978226821313,False,59671.33715072247,0.6798561183443924,2022-04-01,False,116,-0.004018935155580716,False,78857921.2621647,-1.3731509311762933,HD141004,1-3,0.6758371831888117,2,1.6290000530716497
128.45955792118627,0,1.0496550692036724,True,0.003062939535394974,False,59671.33715072247,0.6952933605908859,2022-04-01,False,117,-0.010206797880370932,True,76600809.72324617,-3.3323536956646906,HD141004,1-3,0.6850865627105149,3,1.6770000001997687
128.45955792118627,0,1.0496550692036724,False,0.003398370755859561,False,59671.33715072247,0.7097144253658129,2022-04-01,False,118,-0.008711856840136534,False,74469311.21370563,-2.563539256308429,HD141004,1-3,0.7010025685256763,4,1.7249999473278876
128.45955792118627,0,1.0496550692036724,True,0.0031485911347930062,False,59671.33715072247,0.7231983566388929,2022-04-01,False,119,-0.009679954394389956,True,72453219.02493569,-3.074376436947674,HD141004,1-3,0.7135184022445029,5,1.7730000081428443
126.03471437286159,0,1.0496550692036724,False,0.005127181346126312,False,59671.33715072247,0.6566268233314897,2022-04-01,False,120,0.00728531464247173,False,82214423.13283882,1.4209200242109499,HD141004,1-4,0.6639121379739614,0,1.5330000451285741
126.03471437286159,0,1.0496550692036724,False,0.004417495701840146,False,59671.33715072247,0.6739304583751836,2022-04-01,False,121,-0.0023177415509908483,False,79718352.30243216,-0.5246731875767017,HD141004,1-4,0.6716127168241928,1,1.580999992256693
126.03471437286159,0,1.0496550692036724,False,0.00400992356944461,False,59671.33715072247,0.690055078778275,2022-04-01,False,122,0.0008077326668213258,False,77369374.01273252,0.2014334320424965,HD141004,1-4,0.6908628114450963,2,1.6290000530716497
126.03471437286159,0,1.0496550692036724,False,0.0029918549837755215,False,59671.33715072247,0.7050938921216133,2022-04-01,False,123,0.004752164216534349,False,75154868.43044007,1.5883671642859625,HD141004,1-4,0.7098460563381477,3,1.6770000001997687
126.03471437286159,0,1.0496550692036724,False,0.0041376347595295385,False,59671.33715072247,0.719132946241953,2022-04-01,False,124,0.011731217620976953,False,73063604.76595709,2.8352472614839566,HD141004,1-4,0.73086416386293,4,1.7249999473278876
126.03471437286159,0,1.0496550692036724,True,0.0035021295546843302,False,59671.33715072247,0.7322513180613012,2022-04-01,False,125,0.019112248819959432,True,71085568.97576022,5.457322044067597,HD141004,1-4,0.7513635668812606,5,1.7730000081428443
56.6135281486042,0,1.0496550692036724,True,0.0030581388309656858,False,59671.33715072247,0.9207721477936996,2022-04-01,False,126,0.012324460496058287,True,36929893.334644996,4.030052648776093,HD141004,2-3,0.9330966082897579,0,1.5330000451285741
56.6135281486042,0,1.0496550692036724,False,0.00332474138556697,False,59671.33715072247,0.9253572578284396,2022-04-01,False,127,-0.0035510883665571535,False,35808683.38132943,-1.068079575143131,HD141004,2-3,0.9218061694618824,1,1.580999992256693
56.6135281486042,0,1.0496550692036724,False,0.0031158576053584705,False,59671.33715072247,0.9295597301720918,2022-04-01,False,128,-0.004314348738702067,False,34753545.9203046,-1.3846424596818871,HD141004,2-3,0.9252453814333897,2,1.6290000530716497
56.6135281486042,0,1.0496550692036724,True,0.0032729587993979422,False,59671.33715072247,0.9334205149254093,2022-04-01,False,129,-0.01581681448145611,True,33758812.24917129,-4.832573659150735,HD141004,2-3,0.9176037004439532,3,1.6770000001997687
56.6135281486042,0,1.0496550692036724,False,0.0036203392798211,False,59671.33715072247,0.9369753130557714,2022-04-01,False,130,0.0038786320486950965,False,32819437.61001351,1.0713449069024161,HD141004,2-3,0.9408539451044665,4,1.7249999473278876
56.6135281486042,0,1.0496550692036724,False,0.002633318469086071,False,59671.33715072247,0.9402553294583317,2022-04-01,False,131,-0.0058032780646462,False,31930923.795034215,-2.203788919864412,HD141004,2-3,0.9344520513936855,5,1.7730000081428443
113.38459553523803,0,1.0496550692036724,False,0.004932868359904162,False,59671.33715072247,0.713118607101467,2022-04-01,False,132,0.008203652762326263,False,73962551.98787574,1.663059332579807,HD141004,2-4,0.7213222598637933,0,1.5330000451285741
113.38459553523803,0,1.0496550692036724,True,0.0034170421879849543,False,59671.33715072247,0.7280814022301609,2022-04-01,False,133,0.012808925521515802,True,71717012.0749936,3.748541813898202,HD141004,2-4,0.7408903277516767,1,1.580999992256693
113.38459553523803,0,1.0496550692036724,True,0.0033280915699386944,False,59671.33715072247,0.7419677504309606,2022-04-01,False,134,0.013632537707958803,True,69603801.00751963,4.096202710014353,HD141004,2-4,0.7556002881389194,2,1.6290000530716497
113.38459553523803,0,1.0496550692036724,True,0.0021016434333120016,False,59671.33715072247,0.7548709553032521,2022-04-01,False,135,0.010659907206420072,True,67611565.60627988,5.072176867614986,HD141004,2-4,0.7655308625096722,3,1.6770000001997687
113.38459553523803,0,1.0496550692036724,False,0.0019706931116166035,False,59671.33715072247,0.766875623929685,2022-04-01,False,136,0.0036567436378297513,False,65730202.317325585,1.8555621959981599,HD141004,2-4,0.7705323675675148,4,1.7249999473278876
113.38459553523803,0,1.0496550692036724,True,0.0025434394803522734,False,59671.33715072247,0.7780583271707608,2022-04-01,False,137,0.011270292200218912,True,63950702.207838364,4.431122614585642,HD141004,2-4,0.7893286193709798,5,1.7730000081428443
88.39961692871763,0,1.0496550692036724,True,0.003269303299613457,False,59671.33715072247,0.8160794665139474,2022-04-01,False,138,-0.01700748750300185,True,57664458.13855372,-5.202174880811063,HD141004,3-4,0.7990719790109455,0,1.5330000451285741
88.39961692871763,0,1.0496550692036724,True,0.0025081253478772257,False,59671.33715072247,0.8262181649946739,2022-04-01,False,139,-0.01670313470853879,True,55913736.4716476,-6.659609226738065,HD141004,3-4,0.8095150302861351,1,1.580999992256693
88.39961692871763,0,1.0496550692036724,True,0.001760371949390936,False,59671.33715072247,0.8355653796067695,2022-04-01,False,140,-0.020974312546960028,True,54266184.191971585,-11.914705045270033,HD141004,3-4,0.8145910670598094,2,1.6290000530716497
88.39961692871763,0,1.0496550692036724,True,0.0016302031262638397,False,59671.33715072247,0.8441986293474255,2022-04-01,False,141,-0.012433637558223132,True,52712949.86176937,-7.627048039540328,HD141004,3-4,0.8317649917892024,3,1.6770000001997687
88.39961692871763,0,1.0496550692036724,True,0.0030808441800772705,False,59671.33715072247,0.8521866108427978,2022-04-01,False,142,-0.01927273264094831,True,51246156.306064315,-6.255666146823735,HD141004,3-4,0.8329138782018495,4,1.7249999473278876
88.39961692871763,0,1.0496550692036724,True,0.0028171222716490856,False,59671.33715072247,0.8595902551494247,2022-04-01,False,143,-0.013317167294460086,True,49858779.76465051,-4.727223744770045,HD141004,3-4,0.8462730878549646,5,1.7730000081428443
77.6189003027001,0,1.0299205769365454,False,0.006573881292747102,False,59672.37194611353,0.822150441790841,2022-04-02,False,0,-0.014498474201595668,False,50632027.40883816,-2.2054663837011614,HD142860,1-2,0.8076519675892453,0,1.5330000451285741
77.6189003027001,0,1.0299205769365454,False,0.006655770009903331,False,59672.37194611353,0.8319849985773226,2022-04-02,False,1,-0.002291155152919555,False,49094813.84114884,-0.3442359260476959,HD142860,1-2,0.829693843424403,1,1.580999992256693
77.6189003027001,0,1.0299205769365454,False,0.0046608551972760065,False,59672.37194611353,0.841048435363372,2022-04-02,False,2,0.01167558620798248,False,47648187.70652681,2.505030882488297,HD142860,1-2,0.8527240215713545,2,1.6290000530716497
77.6189003027001,0,1.0299205769365454,True,0.003683125402757768,False,59672.37194611353,0.8494167388585804,2022-04-02,False,3,0.011078484335907968,True,46284377.038434066,3.0079031052303757,HD142860,1-2,0.8604952231944883,3,1.6770000001997687
77.6189003027001,0,1.0299205769365454,True,0.0026569410128197196,False,59672.37194611353,0.8571571717960254,2022-04-02,False,4,0.028699363855916316,True,44996465.317541435,10.801656385084241,HD142860,1-2,0.8858565356519417,4,1.7249999473278876
77.6189003027001,0,1.0299205769365454,True,0.002548055908972996,False,59672.37194611353,0.8643293335545543,2022-04-02,False,5,0.02249472016753229,True,43778285.361658394,8.82818940052178,HD142860,1-2,0.8868240537220866,5,1.7730000081428443
123.48125884564057,0,1.0299205769365454,False,0.003656466255633287,False,59672.37194611353,0.6012451989081962,2022-04-02,False,6,0.0011416343228860537,False,80548763.99908003,0.31222339906110436,HD142860,1-3,0.6023868332310822,0,1.5330000451285741
123.48125884564057,0,1.0299205769365454,False,0.003632856766885189,False,59672.37194611353,0.6206119725228337,2022-04-02,False,7,0.000437465944634563,False,78103263.40949912,0.12041926580266644,HD142860,1-3,0.6210494384674683,1,1.580999992256693
123.48125884564057,0,1.0299205769365454,True,0.002161865801756591,False,59672.37194611353,0.6387382766620867,2022-04-02,False,8,0.01061408909521011,True,75801875.27483732,4.909689161365056,HD142860,1-3,0.6493523657572968,2,1.6290000530716497
123.48125884564057,0,1.0299205769365454,False,0.0021107430990649993,False,59672.37194611353,0.6557112033582626,2022-04-02,False,9,-0.004771273288262323,False,73632235.4388379,-2.2604708694183886,HD142860,1-3,0.6509399300700003,3,1.6770000001997687
123.48125884564057,0,1.0299205769365454,False,0.0021443167663562977,False,59672.37194611353,0.6716131241834692,2022-04-02,False,10,-0.003060765678553512,False,71583340.64700657,-1.4273850424415038,HD142860,1-3,0.6685523585049157,4,1.7249999473278876
123.48125884564057,0,1.0299205769365454,False,0.00302345870123618,False,59672.37194611353,0.6865212741732416,2022-04-02,False,11,-0.0016766604474115487,False,69645379.73972312,-0.5545504711957946,HD142860,1-3,0.68484461372583,5,1.7730000081428443
128.2763878680196,0,1.0299205769365454,True,0.002017813702747443,False,59672.37194611353,0.5763716243276901,2022-04-02,False,12,-0.01620866370929519,True,83676701.95160428,-8.032785032248304,HD142860,1-4,0.5601629606183949,0,1.5330000451285741
128.2763878680196,0,1.0299205769365454,True,0.001613085742439018,False,59672.37194611353,0.5965805126985452,2022-04-02,False,13,-0.020896418584643528,True,81136235.60802175,-12.95431360830685,HD142860,1-4,0.5756840941139016,1,1.580999992256693
128.2763878680196,0,1.0299205769365454,False,0.0025994283054482504,False,59672.37194611353,0.6155351691260058,2022-04-02,False,14,-0.005964793951473979,False,78745478.01649305,-2.29465607455767,HD142860,1-4,0.6095703751745318,2,1.6290000530716497
128.2763878680196,0,1.0299205769365454,False,0.0023452083867708134,False,59672.37194611353,0.6333178976493545,2022-04-02,False,15,-0.0039871494739924795,False,76491584.88535419,-1.70012588070372,HD142860,1-4,0.629330748175362,3,1.6770000001997687
128.2763878680196,0,1.0299205769365454,True,0.0023198882703198828,False,59672.37194611353,0.6500076730730443,2022-04-02,False,16,0.014481092374971083,True,74363125.67239566,6.2421507795176385,HD142860,1-4,0.6644887654480154,4,1.7249999473278876
128.2763878680196,0,1.0299205769365454,True,0.0035569698932980303,False,59672.37194611353,0.665679413220201,2022-04-02,False,17,0.012497291163095725,True,72349908.2227217,3.513465544547584,HD142860,1-4,0.6781767043832967,5,1.7730000081428443
57.61677779333815,0,1.0299205769365454,True,0.007956269379609292,False,59672.37194611353,0.8984157278388843,2022-04-02,False,18,0.0316522086941492,True,37584328.83053554,3.9782726280320513,HD142860,2-3,0.9300679365330335,0,1.5330000451285741
57.61677779333815,0,1.0299205769365454,False,0.0055700445814352755,False,59672.37194611353,0.9042374428226762,2022-04-02,False,19,0.0042809905547288585,False,36443249.88964543,0.7685738403238674,HD142860,2-3,0.908518433377405,1,1.580999992256693
57.61677779333815,0,1.0299205769365454,False,0.0063661891096275895,False,59672.37194611353,0.9095796347810833,2022-04-02,False,20,0.017347876589658418,False,35369414.31321362,2.725001769649478,HD142860,2-3,0.9269275113707417,2,1.6290000530716497
57.61677779333815,0,1.0299205769365454,False,0.003958403996961089,False,59672.37194611353,0.9144927720042832,2022-04-02,False,21,-0.004682664249689328,False,34357052.94363428,-1.1829677449002833,HD142860,2-3,0.9098101077545939,3,1.6770000001997687
57.61677779333815,0,1.0299205769365454,True,0.005696523316276568,False,59672.37194611353,0.9190209890294976,2022-04-02,False,22,0.025748205226678533,True,33401031.624719445,4.519985927751525,HD142860,2-3,0.9447691942561761,4,1.7249999473278876
57.61677779333815,0,1.0299205769365454,True,0.0035071333476277802,False,59672.37194611353,0.9232029692275997,2022-04-02,False,23,0.02783479515754228,True,32496772.435827408,7.936622990502968,HD142860,2-3,0.951037764385142,5,1.7730000081428443
105.94580731817045,0,1.0299205769365454,False,0.0076823334522664755,False,59672.37194611353,0.6906136707383576,2022-04-02,False,24,0.007854611736170969,False,69110113.63296123,1.0224252546410448,HD142860,2-4,0.6984682824745285,0,1.5330000451285741
105.94580731817045,0,1.0299205769365454,False,0.003728305586092574,False,59672.37194611353,0.7065397811922868,2022-04-02,False,25,0.009306832090863137,False,67011896.16512595,2.4962632155421307,HD142860,2-4,0.7158466132831499,1,1.580999992256693
105.94580731817045,0,1.0299205769365454,False,0.004410795956859672,False,59672.37194611353,0.721343295624427,2022-04-02,False,26,0.0075568138327595236,False,65037325.88491852,1.7132540037376165,HD142860,2-4,0.7289001094571865,2,1.6290000530716497
105.94580731817045,0,1.0299205769365454,False,0.004586849841971856,False,59672.37194611353,0.7351183143166566,2022-04-02,False,27,0.011601148730575828,False,63175794.45769225,2.529219209318736,HD142860,2-4,0.7467194630472325,3,1.6770000001997687
105.94580731817045,0,1.0299205769365454,False,0.004773992297122997,False,59672.37194611353,0.7479507192066905,2022-04-02,False,28,0.001439065819059171,False,61417861.19024866,0.3014386554260699,HD142860,2-4,0.7493897850257497,4,1.7249999473278876
105.94580731817045,0,1.0299205769365454,True,0.004384429239035467,False,59672.37194611353,0.7599186680878696,2022-04-02,False,29,0.018255087148657756,True,59755108.19604845,4.163617691928745,HD142860,2-4,0.7781737552365273,5,1.7730000081428443
75.97531040928638,0,1.0299205769365454,True,0.005234870397892378,False,59672.37194611353,0.8290313904726282,2022-04-02,False,30,-0.01899883862896412,True,49559887.91436354,-3.629285385291159,HD142860,3-4,0.8100325518436641,0,1.5330000451285741
75.97531040928638,0,1.0299205769365454,True,0.0027277831547008213,False,59672.37194611353,0.8385174409413375,2022-04-02,False,31,-0.010039913807141088,True,48055225.03566903,-3.6806128778378824,HD142860,3-4,0.8284775271341964,1,1.580999992256693
75.97531040928638,0,1.0299205769365454,False,0.0023614928473999707,False,59672.37194611353,0.8472561500983322,2022-04-02,False,32,0.002877325534463293,False,46639231.389849864,1.2184349987048488,HD142860,3-4,0.8501334756327955,2,1.6290000530716497
75.97531040928638,0,1.0299205769365454,False,0.003903644427694,False,59672.37194611353,0.8553216472104009,2022-04-02,False,33,0.00984144135461984,False,45304299.582728684,2.521090621061887,HD142860,3-4,0.8651630885650208,3,1.6770000001997687
75.97531040928638,0,1.0299205769365454,False,0.004253660242592699,False,59672.37194611353,0.8627794709629586,2022-04-02,False,34,-0.0034129166533998223,False,44043659.55313563,-0.8023482033721563,HD142860,3-4,0.8593665543095588,4,1.7249999473278876
75.97531040928638,0,1.0299205769365454,True,0.003729571668962654,False,59672.37194611353,0.869687630213919,2022-04-02,False,35,0.015935304859250987,True,42851274.70973216,4.272690344541159,HD142860,3-4,0.88562293507317,5,1.7730000081428443
74.93969098698274,0,1.0299205769365454,True,0.005143727053119264,False,59672.381492385626,0.8333153992082076,2022-04-02,False,36,-0.04875594074256173,True,48884337.10430679,-9.478718493236359,HD142860,1-2,0.7845594584656459,0,1.5330000451285741
74.93969098698274,0,1.0299205769365454,True,0.005630114083215715,False,59672.381492385626,0.8425830757637648,2022-04-02,False,37,-0.02813135768225805,True,47400184.28464068,-4.9965875054152455,HD142860,1-2,0.8144517180815067,1,1.580999992256693
74.93969098698274,0,1.0299205769365454,False,0.004908949487739681,False,59672.381492385626,0.8511184739133515,2022-04-02,False,38,-0.009257190894392697,False,46003492.04757614,-1.8857783966840445,HD142860,1-2,0.8418612830189588,2,1.6290000530716497
74.93969098698274,0,1.0299205769365454,False,0.0037116525263218483,False,59672.381492385626,0.858994521565036,2022-04-02,False,39,-0.00576154351539615,False,44686756.69532244,-1.5522852623022045,HD142860,1-2,0.8532329780496398,3,1.6770000001997687
74.93969098698274,0,1.0299205769365454,True,0.004007614827743155,False,59672.381492385626,0.8662756472860149,2022-04-02,False,40,0.01372195452608238,True,43443300.44941052,3.423970395331068,HD142860,1-2,0.8799976018120973,4,1.7249999473278876
74.93969098698274,0,1.0299205769365454,False,0.004087455882686124,False,59672.381492385626,0.8730188395542154,2022-04-02,False,41,0.012225483628610867,False,42267169.00327567,2.9909762892845544,HD142860,1-2,0.8852443231828263,5,1.7730000081428443
121.06781028786303,0,1.0299205769365454,False,0.007046700889274861,False,59672.381492385626,0.6137235418577066,2022-04-02,False,42,0.0031217165207358955,False,78974433.60982351,0.44300397729200836,HD142860,1-3,0.6168452583784425,0,1.5330000451285741
121.06781028786303,0,1.0299205769365454,False,0.005007912292523204,False,59672.381492385626,0.6326479940179893,2022-04-02,False,43,0.008466250254984597,False,76576730.47490206,1.6905747865482148,HD142860,1-3,0.6411142442729739,1,1.580999992256693
121.06781028786303,0,1.0299205769365454,False,0.004833616247110933,False,59672.381492385626,0.6503420994449088,2022-04-02,False,44,0.013677599453615796,False,74320323.10838604,2.829682530505176,HD142860,1-3,0.6640196988985246,2,1.6290000530716497
121.06781028786303,0,1.0299205769365454,False,0.005935814745318852,False,59672.381492385626,0.6668948846660316,2022-04-02,False,45,0.0010869579643381089,False,72193089.01218909,0.18311857950002805,HD142860,1-3,0.6679818426303697,3,1.6770000001997687
121.06781028786303,0,1.0299205769365454,False,0.006204392219872013,False,59672.381492385626,0.6823900238271794,2022-04-02,False,46,0.006543320380560824,False,70184239.99108128,1.0546271332755623,HD142860,1-3,0.6889333442077402,4,1.7249999473278876
121.06781028786303,0,1.0299205769365454,False,0.005742279522515494,False,59672.381492385626,0.6969055705004111,2022-04-02,False,47,0.0037220903342367606,False,68284156.64514144,0.6481903779922997,HD142860,1-3,0.7006276608346479,5,1.7730000081428443
129.65242104015098,0,1.0299205769365454,True,0.0030536879497960008,False,59672.381492385626,0.5692219989503602,2022-04-02,False,48,-0.021057714037914232,True,84574309.99571621,-6.89583034812741,HD142860,1-4,0.548164284912446,0,1.5330000451285741
129.65242104015098,0,1.0299205769365454,True,0.003867439361548971,False,59672.381492385626,0.589662901111962,2022-04-02,False,49,-0.016186066601090787,True,82006591.82489133,-4.18521535515634,HD142860,1-4,0.5734768345108712,1,1.580999992256693
129.65242104015098,0,1.0299205769365454,False,0.003921865950871511,False,59672.381492385626,0.6088472255017519,2022-04-02,False,50,-0.003242329867414351,False,79590188.34632805,-0.8267314355030022,HD142860,1-4,0.6056048956343375,2,1.6290000530716497
129.65242104015098,0,1.0299205769365454,False,0.0031377886321930447,False,59672.381492385626,0.6268556698765123,2022-04-02,False,51,0.0009065345670165037,False,77312117.48640813,0.2889087422000487,HD142860,1-4,0.6277622044435288,3,1.6770000001997687
129.65242104015098,0,1.0299205769365454,True,0.0025306771504612726,False,59672.381492385626,0.6437660342312053,2022-04-02,False,52,0.01925946334706352,True,75160826.08639447,7.610399194363079,HD142860,1-4,0.6630254975782688,4,1.7249999473278876
129.65242104015098,0,1.0299205769365454,True,0.002901571550030956,False,59672.381492385626,0.659652399659724,2022-04-02,False,53,0.015694244539209423,True,73126012.6591637,5.408877316515592,HD142860,1-4,0.6753466441989334,5,1.7730000081428443
57.9646364764538,0,1.0299205769365454,False,0.009418407262078767,False,59672.381492385626,0.897240453330887,2022-04-02,False,54,-0.002239652221896815,False,37811242.511471845,-0.2377952194650048,HD142860,2-3,0.8950008011089902,0,1.5330000451285741
57.9646364764538,0,1.0299205769365454,False,0.006153380662386235,False,59672.381492385626,0.9031264373084652,2022-04-02,False,55,-0.01663395057815964,False,36663274.35822187,-2.7032214470068423,HD142860,2-3,0.8864924867303056,1,1.580999992256693
57.9646364764538,0,1.0299205769365454,False,0.005499521674515246,False,59672.381492385626,0.9085279463802592,2022-04-02,False,56,-0.008777274931252799,False,35582955.54819377,-1.5960069712838199,HD142860,2-3,0.8997506714490064,2,1.6290000530716497
57.9646364764538,0,1.0299205769365454,True,0.003880371815136725,False,59672.381492385626,0.9134959236300357,2022-04-02,False,57,-0.02514757116413535,True,34564482.09275426,-6.480711736447162,HD142860,2-3,0.8883483524659004,3,1.6770000001997687
57.9646364764538,0,1.0299205769365454,False,0.004955549341900273,False,59672.381492385626,0.918074926261276,2022-04-02,False,58,-0.000992243728899611,False,33602688.838480234,-0.20022880622133443,HD142860,2-3,0.9170826825323763,4,1.7249999473278876
57.9646364764538,0,1.0299205769365454,False,0.0038257177929301154,False,59672.381492385626,0.9223040139905261,2022-04-02,False,59,0.0010043373347513596,False,32692970.2257417,0.262522587684686,HD142860,2-3,0.9233083513252774,5,1.7730000081428443
107.2241011270644,0,1.0299205769365454,False,0.006275111908689566,False,59672.381492385626,0.684233513765227,2022-04-02,False,60,-0.005939665038140141,False,69943964.75576843,-0.9465432847364985,HD142860,2-4,0.6782938487270869,0,1.5330000451285741
107.2241011270644,0,1.0299205769365454,False,0.0038467643710271356,False,59672.381492385626,0.7004254156014336,2022-04-02,False,61,0.003611105599171993,False,67820431.15257357,0.9387384437606667,HD142860,2-4,0.7040365212006056,1,1.580999992256693
107.2241011270644,0,1.0299205769365454,False,0.004425546947419672,False,59672.381492385626,0.7154829022955863,2022-04-02,False,62,0.005206380369006669,False,65822036.60759996,1.1764377219051454,HD142860,2-4,0.720689282664593,2,1.6290000530716497
107.2241011270644,0,1.0299205769365454,False,0.00450947947977394,False,59672.381492385626,0.7295000985866117,2022-04-02,False,63,0.010642653338609698,False,63938044.790871546,2.360062483119053,HD142860,2-4,0.7401427519252214,3,1.6770000001997687
107.2241011270644,0,1.0299205769365454,False,0.003957013763231585,False,59672.381492385626,0.7425630791825977,2022-04-02,False,64,0.006416984785697077,False,62158901.10208987,1.6216736078412073,HD142860,2-4,0.7489800639682948,4,1.7249999473278876
107.2241011270644,0,1.0299205769365454,True,0.004049373526803758,False,59672.381492385626,0.7547503104580454,2022-04-02,False,65,0.022333656834308213,True,60476086.088334486,5.51533630732667,HD142860,2-4,0.7770839672923536,5,1.7730000081428443
74.88772087391492,0,1.0299205769365454,True,0.010279658894156685,False,59672.381492385626,0.8335293138646553,2022-04-02,False,66,-0.045948387005737557,True,48850436.183538415,-4.469835767785662,HD142860,3-4,0.7875809268589178,0,1.5330000451285741
74.88772087391492,0,1.0299205769365454,True,0.006034513639468301,False,59672.381492385626,0.8427860583283636,2022-04-02,False,67,-0.03175966854211021,True,47367312.61271003,-5.263003854094949,HD142860,3-4,0.8110263897862534,1,1.580999992256693
74.88772087391492,0,1.0299205769365454,True,0.0036233511413179646,False,59672.381492385626,0.8513112817090386,2022-04-02,False,68,-0.02018336942336807,True,45971588.97122581,-5.570359768119667,HD142860,3-4,0.8311279122856705,2,1.6290000530716497
74.88772087391492,0,1.0299205769365454,False,0.0022829800981307782,False,59672.381492385626,0.859177851024313,2022-04-02,False,69,-0.004145948412682343,False,44655766.76505312,-1.816024772216322,HD142860,3-4,0.8550319026116306,3,1.6770000001997687
74.88772087391492,0,1.0299205769365454,True,0.0025363439453751084,False,59672.381492385626,0.8664501386718417,2022-04-02,False,70,-0.0207165075344381,True,43413172.846712135,-8.167862080461752,HD142860,3-4,0.8457336311374036,4,1.7249999473278876
74.88772087391492,0,1.0299205769365454,True,0.002581124445915486,False,59672.381492385626,0.8731850815738783,2022-04-02,False,71,0.010431669688578449,True,42237857.03890503,4.041521401684486,HD142860,3-4,0.8836167512624568,5,1.7730000081428443
68.28884461521837,0,1.1129847617318456,False,0.00518138447014532,False,58813.207609858786,0.8927972045314434,2019-11-25,False,0,0.003341222791117926,False,44545885.587035924,0.6448513539903779,HR_2998,1-2,0.8961384273225613,0,1.5330000451285741
68.28884461521837,0,1.1129847617318456,False,0.0031362343315776984,False,58813.207609858786,0.8989246947439749,2019-11-25,False,1,-0.007008175608397393,False,43193450.31605219,-2.234582900210743,HR_2998,1-2,0.8919165191355775,1,1.580999992256693
68.28884461521837,0,1.1129847617318456,False,0.0039595691294043766,False,58813.207609858786,0.9045492686288247,2019-11-25,False,2,-0.0009742825240303121,False,41920713.56072249,-0.24605771289485476,HR_2998,1-2,0.9035749861047944,2,1.6290000530716497
68.28884461521837,0,1.1129847617318456,False,0.0043719441554949745,False,58813.207609858786,0.9097236139676399,2019-11-25,False,3,-0.0003027795104227904,False,40720837.57130806,-0.06925511846765821,HR_2998,1-2,0.9094208344572171,3,1.6770000001997687
68.28884461521837,0,1.1129847617318456,False,0.005441781049729859,False,58813.207609858786,0.9144938451446545,2019-11-25,False,4,0.015568482733231748,False,39587737.2176163,2.8609167827515956,HR_2998,1-2,0.9300623278778862,4,1.7249999473278876
68.28884461521837,0,1.1129847617318456,False,0.00634206699907103,False,58813.207609858786,0.9189004115501938,2019-11-25,False,5,0.01644198664893315,False,38515986.63372176,2.5925280592812294,HR_2998,1-2,0.9353423981991269,5,1.7730000081428443
109.18292684744443,0,1.1129847617318456,True,0.009250007279375732,False,58813.207609858786,0.7451536418934063,2019-11-25,False,6,0.03722680128018008,True,71221737.52988191,4.024515890185597,HR_2998,1-3,0.7823804431735863,0,1.5330000451285741
109.18292684744443,0,1.1129847617318456,False,0.008037203429707644,False,58813.207609858786,0.7586863574173381,2019-11-25,False,7,0.0020199724155054444,False,69059410.10891375,0.25132777005980567,HR_2998,1-3,0.7607063298328436,1,1.580999992256693
109.18292684744443,0,1.1129847617318456,False,0.006982303628813417,False,58813.207609858786,0.7712186194037794,2019-11-25,False,8,-0.001427161834389401,False,67024507.8516533,-0.20439698848099722,HR_2998,1-3,0.76979145756939,2,1.6290000530716497
109.18292684744443,0,1.1129847617318456,False,0.00626152702719815,False,58813.207609858786,0.7828409286972953,2019-11-25,False,9,-0.012171531665831292,False,65106098.29125717,-1.9438599582756566,HR_2998,1-3,0.770669397031464,3,1.6770000001997687
109.18292684744443,0,1.1129847617318456,True,0.005311006603372819,False,58813.207609858786,0.7936346866701663,2019-11-25,False,10,-0.020371398029885635,True,63294452.27901272,-3.835694351603429,HR_2998,1-3,0.7732632886402807,4,1.7249999473278876
109.18292684744443,0,1.1129847617318456,True,0.00532740535137694,False,58813.207609858786,0.8036730444130152,2019-11-25,False,11,-0.019616210552207858,True,61580894.724196725,-3.682132155973035,HR_2998,1-3,0.7840568338608074,5,1.7730000081428443
132.16836301924434,0,1.1129847617318456,False,0.009938407528043987,False,58813.207609858786,0.646532923997781,2019-11-25,False,12,0.0060152975233053185,False,86215498.45300837,0.6052576840234696,HR_2998,1-4,0.6525482215210863,0,1.5330000451285741
132.16836301924434,0,1.1129847617318456,False,0.009818484949500987,False,58813.207609858786,0.6642243370226242,2019-11-25,False,13,-0.001434522282103834,False,83597952.98328206,-0.14610424006167488,HR_2998,1-4,0.6627898147405203,1,1.580999992256693
132.16836301924434,0,1.1129847617318456,False,0.009536972847880526,False,58813.207609858786,0.680723580307608,2019-11-25,False,14,-0.0020937845531302512,False,81134658.51030949,-0.21954393564154573,HR_2998,1-4,0.6786297957544778,2,1.6290000530716497
132.16836301924434,0,1.1129847617318456,False,0.009590374085107328,False,58813.207609858786,0.6961230418865549,2019-11-25,False,15,0.0008944940910474708,False,78812381.0396542,0.09326998958638226,HR_2998,1-4,0.6970175359776024,3,1.6770000001997687
132.16836301924434,0,1.1129847617318456,False,0.010668117404184895,False,58813.207609858786,0.7105083502408301,2019-11-25,False,16,0.007452882860584653,False,76619343.22025913,0.6986127522050921,HR_2998,1-4,0.7179612331014148,4,1.7249999473278876
132.16836301924434,0,1.1129847617318456,False,0.009519852544372322,False,58813.207609858786,0.7239584593438205,2019-11-25,False,17,0.02044361257866356,False,74545043.66172343,2.1474715583435,HR_2998,1-4,0.7444020719224841,5,1.7730000081428443
57.40759722329603,0,1.1129847617318456,True,0.008354760882094144,False,58813.207609858786,0.9231886538412676,2019-11-25,False,18,0.05035419456941981,True,37447877.06022618,6.027006072350738,HR_2998,2-3,0.9735428484106874,0,1.5330000451285741
57.40759722329603,0,1.1129847617318456,True,0.006082075685980985,False,58813.207609858786,0.9276383326876788,2019-11-25,False,19,0.023304589576847,True,36310940.86303782,3.831683586339353,HR_2998,2-3,0.9509429222645258,1,1.580999992256693
57.40759722329603,0,1.1129847617318456,True,0.004403387254529744,False,58813.207609858786,0.9317161853431049,2019-11-25,False,20,0.023338501688143998,True,35241003.89993727,5.300124731054664,HR_2998,2-3,0.9550546870312489,2,1.6290000530716497
57.40759722329603,0,1.1129847617318456,True,0.006610430964369728,False,58813.207609858786,0.9354620714445048,2019-11-25,False,21,0.03765146738250946,True,34232317.958531596,5.6957659168443255,HR_2998,2-3,0.9731135388270142,3,1.6770000001997687
57.40759722329603,0,1.1129847617318456,True,0.006306443219025948,False,58813.207609858786,0.9389107305828013,2019-11-25,False,22,0.03635195739017105,True,33279767.522441555,5.76425667014659,HR_2998,2-3,0.9752626879729723,4,1.7249999473278876
57.40759722329603,0,1.1129847617318456,True,0.005315531995730852,False,58813.207609858786,0.942092518919793,2019-11-25,False,23,0.04002724435800198,True,32378791.291393444,7.530242389689254,HR_2998,2-3,0.9821197632777949,5,1.7730000081428443
122.09140603874903,0,1.1129847617318456,False,0.011716467980357399,False,58813.207609858786,0.6906393790331078,2019-11-25,False,24,0.029043310622280716,False,79642141.19022359,2.4788452177714038,HR_2998,2-4,0.7196826896553885,0,1.5330000451285741
122.09140603874903,0,1.1129847617318456,False,0.010538873017734722,False,58813.207609858786,0.706557259178313,2019-11-25,False,25,0.0053710270584284014,False,77224166.12063216,0.5096396027725246,HR_2998,2-4,0.7119282862367414,1,1.580999992256693
122.09140603874903,0,1.1129847617318456,False,0.01128574503216764,False,58813.207609858786,0.7213538205999894,2019-11-25,False,26,0.009186440494615922,False,74948681.43713865,0.8139861806581583,HR_2998,2-4,0.7305402610946053,2,1.6290000530716497
122.09140603874903,0,1.1129847617318456,False,0.010745440786361578,False,58813.207609858786,0.735122969557343,2019-11-25,False,27,-0.002459062632843012,False,72803462.14919807,-0.22884706935094973,HR_2998,2-4,0.7326639069245,3,1.6770000001997687
122.09140603874903,0,1.1129847617318456,False,0.010067333290630807,False,58813.207609858786,0.7479504243386994,2019-11-25,False,28,-0.00442491767901898,False,70777628.85029347,-0.4395322526112295,HR_2998,2-4,0.7435255066596804,4,1.7249999473278876
122.09140603874903,0,1.1129847617318456,False,0.010117857292161178,False,58813.207609858786,0.7599142046693389,2019-11-25,False,29,-0.0015277930489659974,False,68861480.81106639,-0.15099966374794166,HR_2998,2-4,0.7583864116203729,5,1.7730000081428443
84.22763757722262,0,1.1129847617318456,False,0.016277969766651742,False,58813.207609858786,0.8408468109003185,2019-11-25,False,30,-0.021044427458201675,False,54943010.50079772,-1.2928164728082279,HR_2998,3-4,0.8198023834421169,0,1.5330000451285741
84.22763757722262,0,1.1129847617318456,False,0.014391656790535634,False,58813.207609858786,0.849726202524828,2019-11-25,False,31,-0.0339202542356678,False,53274913.339498185,-2.356938796509845,HR_2998,3-4,0.8158059482891602,1,1.580999992256693
84.22763757722262,0,1.1129847617318456,False,0.013542545858137911,False,58813.207609858786,0.8579006095899784,2019-11-25,False,32,-5.1283192824436163e-05,False,51705116.53354622,-0.0037868206880480567,HR_2998,3-4,0.8578493263971539,2,1.6290000530716497
84.22763757722262,0,1.1129847617318456,False,0.011283433792742822,False,58813.207609858786,0.8654407060756716,2019-11-25,False,33,-0.012638644421595568,False,50225186.38472821,-1.1201062241996207,HR_2998,3-4,0.852802061654076,3,1.6770000001997687
84.22763757722262,0,1.1129847617318456,False,0.01338143279445865,False,58813.207609858786,0.8724088530301735,2019-11-25,False,34,-0.0018543855466252035,False,48827617.47772544,-0.13857899786285355,HR_2998,3-4,0.8705544674835483,4,1.7249999473278876
84.22763757722262,0,1.1129847617318456,False,0.01700925119338891,False,58813.207609858786,0.8788601501167441,2019-11-25,False,35,0.013372898331655558,False,47505717.5354715,0.7862132306478774,HR_2998,3-4,0.8922330484483997,5,1.7730000081428443
72.93056158234661,0,1.1129847617318456,False,0.004210586299245997,False,58813.226092414756,0.8785314898787705,2019-11-25,False,36,-0.0002795211598526359,False,47573750.44710443,-0.0663853297348853,HR_2998,1-2,0.8782519687189179,0,1.5330000451285741
72.93056158234661,0,1.1129847617318456,True,0.0034789976139644047,False,58813.226092414756,0.8854295331592713,2019-11-25,False,37,-0.017881517547852166,True,46129387.69104403,-5.139847603251366,HR_2998,1-2,0.8675480156114191,1,1.580999992256693
72.93056158234661,0,1.1129847617318456,True,0.004138227545186905,False,58813.226092414756,0.8917663689329323,2019-11-25,False,38,-0.013782987415196235,True,44770140.70369637,-3.330649961775778,HR_2998,1-2,0.877983381517736,2,1.6290000530716497
72.93056158234661,0,1.1129847617318456,True,0.004174785583912077,False,58813.226092414756,0.8976001221881559,2019-11-25,False,39,-0.01455079369538903,True,43488706.96103693,-3.485399046950306,HR_2998,1-2,0.8830493284927668,3,1.6770000001997687
72.93056158234661,0,1.1129847617318456,False,0.0037741731268881693,False,58813.226092414756,0.9029817735421027,2019-11-25,False,40,-0.0036637145975324525,False,42278587.71550675,-0.9707330518123872,HR_2998,1-2,0.8993180589445703,4,1.7249999473278876
72.93056158234661,0,1.1129847617318456,False,0.00417583677232061,False,58813.226092414756,0.9079561256062257,2019-11-25,False,41,0.0006539860825220956,False,41133988.29520527,0.1566119841793194,HR_2998,1-2,0.9086101116887478,5,1.7730000081428443
113.7863071428247,0,1.1129847617318456,False,0.006912200882799276,False,58813.226092414756,0.7260217957234515,2019-11-25,False,42,0.020144080213256754,False,74224594.7770219,2.9142787593723525,HR_2998,1-3,0.7461658759367082,0,1.5330000451285741
113.7863071428247,0,1.1129847617318456,True,0.003669569180893717,False,58813.226092414756,0.7404148610028857,2019-11-25,False,43,-0.011541295518157746,True,71971099.11455977,-3.1451363768394427,HR_2998,1-3,0.7288735654847279,1,1.580999992256693
113.7863071428247,0,1.1129847617318456,True,0.0033453989609548915,False,58813.226092414756,0.7537609795834006,2019-11-25,False,44,-0.015895475723995856,True,69850401.12691754,-4.751443971112714,HR_2998,1-3,0.7378655038594047,2,1.6290000530716497
113.7863071428247,0,1.1129847617318456,True,0.002740068895350571,False,58813.226092414756,0.7661525076122546,2019-11-25,False,45,-0.02760195366308693,True,67851107.41161013,-10.07345242666078,HR_2998,1-3,0.7385505539491677,3,1.6770000001997687
113.7863071428247,0,1.1129847617318456,True,0.0032436084001531626,False,58813.226092414756,0.7776729117872313,2019-11-25,False,46,-0.030138147895859113,True,65963078.6186895,-9.291549465230142,HR_2998,1-3,0.7475347638913722,4,1.7249999473278876
113.7863071428247,0,1.1129847617318456,True,0.0031614294096411594,False,58813.226092414756,0.7883975110877366,2019-11-25,False,47,-0.02718879765315585,True,64177273.89748401,-8.600159652542088,HR_2998,1-3,0.7612087134345807,5,1.7730000081428443
132.33904935066573,0,1.1129847617318456,False,0.001975481993468966,False,58813.226092414756,0.6457771883225603,2019-11-25,False,48,0.00041161608401329985,False,86326839.82704405,0.20836235681930868,HR_2998,1-4,0.6461888044065736,0,1.5330000451285741
132.33904935066573,0,1.1129847617318456,False,0.0024133515928626043,False,58813.226092414756,0.663497702079197,2019-11-25,False,49,-0.005216366375470183,False,83705913.97775225,-2.161461426050555,HR_2998,1-4,0.6582813357037268,1,1.580999992256693
132.33904935066573,0,1.1129847617318456,False,0.002284434340861638,False,58813.226092414756,0.6800250497391834,2019-11-25,False,50,-0.003581459364707218,False,81239438.32974507,-1.5677663834086695,HR_2998,1-4,0.6764435903744762,2,1.6290000530716497
132.33904935066573,0,1.1129847617318456,True,0.002139221318398432,False,58813.226092414756,0.69545155973086,2019-11-25,False,51,-0.009970727347199726,True,78914161.79779437,-4.660914353015375,HR_2998,1-4,0.6854808323836603,3,1.6770000001997687
132.33904935066573,0,1.1129847617318456,False,0.0020901929951725783,False,58813.226092414756,0.7098628306248367,2019-11-25,False,52,0.00042470765669555544,False,76718291.82120593,0.20319064204905593,HR_2998,1-4,0.7102875382815322,4,1.7249999473278876
132.33904935066573,0,1.1129847617318456,False,0.002392268639106427,False,58813.226092414756,0.7233378084473027,2019-11-25,False,53,0.00635521477081713,False,74641313.44775699,2.6565640108006283,HR_2998,1-4,0.7296930232181198,5,1.7730000081428443
57.72067082766543,0,1.1129847617318456,True,0.006160962868520839,False,58813.226092414756,0.9223767824361626,2019-11-25,False,54,0.021867094045787794,True,37652099.888114706,3.549298139340641,HR_2998,2-3,0.9442438764819504,0,1.5330000451285741
57.72067082766543,0,1.1129847617318456,False,0.004588568788275884,False,58813.226092414756,0.926871911460257,2019-11-25,False,55,-0.009818136125489096,False,36508963.38416543,-2.139694658294134,HR_2998,2-3,0.917053775334768,1,1.580999992256693
57.72067082766543,0,1.1129847617318456,False,0.003399289157317991,False,58813.226092414756,0.9309915916763793,2019-11-25,False,56,-0.001539587515748786,False,35433191.496112645,-0.45291454904163164,HR_2998,2-3,0.9294520041606306,2,1.6290000530716497
57.72067082766543,0,1.1129847617318456,False,0.004242454987523809,False,58813.226092414756,0.9347760473153947,2019-11-25,False,57,-0.0037242217087473106,False,34419004.66355968,-0.8778458981178312,HR_2998,2-3,0.9310518256066473,3,1.6770000001997687
57.72067082766543,0,1.1129847617318456,False,0.0038926626277489733,False,58813.226092414756,0.9382603395333456,2019-11-25,False,58,0.008179918234882844,False,33461259.472545303,2.10136839924735,HR_2998,2-3,0.9464402577682285,4,1.7249999473278876
57.72067082766543,0,1.1129847617318456,False,0.004058817623652677,False,58813.226092414756,0.941475108482744,2019-11-25,False,59,0.008910173104491714,False,32555369.747643612,2.1952632344375025,HR_2998,2-3,0.9503852815872357,5,1.7730000081428443
123.02037514543771,0,1.1129847617318456,True,0.004170382926478186,False,58813.226092414756,0.6866213110192888,2019-11-25,False,60,0.01810054613474632,True,80248122.32482347,4.340259984238884,HR_2998,2-4,0.7047218571540351,0,1.5330000451285741
123.02037514543771,0,1.1129847617318456,False,0.0028916630895125905,False,58813.226092414756,0.7027067338395928,2019-11-25,False,61,-0.00029785547771576937,False,77811749.36619732,-0.10300490357816025,HR_2998,2-4,0.702408878361877,1,1.580999992256693
123.02037514543771,0,1.1129847617318456,True,0.0030390883336167303,False,58813.226092414756,0.7176633649513726,2019-11-25,False,62,0.011275909913765148,True,75518950.974538,3.710293573581659,HR_2998,2-4,0.7289392748651378,2,1.6290000530716497
123.02037514543771,0,1.1129847617318456,False,0.004092469531702711,False,58813.226092414756,0.7315851313823235,2019-11-25,False,63,-0.00787481211169816,False,73357409.14179082,-1.9242200951516355,HR_2998,2-4,0.7237103192706253,3,1.6770000001997687
123.02037514543771,0,1.1129847617318456,False,0.002665237463807375,False,58813.226092414756,0.7445578771665115,2019-11-25,False,64,-0.007338912673465314,False,71316161.68220904,-2.753568030287796,HR_2998,2-4,0.7372189644930461,4,1.7249999473278876
123.02037514543771,0,1.1129847617318456,False,0.0032616079644557047,False,58813.226092414756,0.7566598198944561,2019-11-25,False,65,-0.008939350457770168,False,69385434.05552337,-2.7407801781174403,HR_2998,2-4,0.7477204694366859,5,1.7730000081428443
87.20648035423388,0,1.1129847617318456,True,0.004345057126908478,False,58813.226092414756,0.8302610989270454,2019-11-25,False,66,-0.021024852970475405,True,56886156.41685763,-4.838797823915989,HR_2998,3-4,0.80923624595657,0,1.5330000451285741
87.20648035423388,0,1.1129847617318456,True,0.0037939801594505224,False,58813.226092414756,0.8396825212353154,2019-11-25,False,67,-0.03281221640190313,True,55159064.377828866,-8.648494463043075,HR_2998,3-4,0.8068703048334123,1,1.580999992256693
87.20648035423388,0,1.1129847617318456,True,0.004488935619311631,False,58813.226092414756,0.848361285770913,2019-11-25,False,68,-0.015128559390377827,True,53533749.24070564,-3.3701885420886835,HR_2998,3-4,0.8332327263805351,2,1.6290000530716497
87.20648035423388,0,1.1129847617318456,True,0.0020961335434716713,False,58813.226092414756,0.856371114434466,2019-11-25,False,69,-0.01961857680006973,True,52001479.03628241,-9.359411694532081,HR_2998,3-4,0.8367525376343963,3,1.6770000001997687
87.20648035423388,0,1.1129847617318456,False,0.00424446867880723,False,58813.226092414756,0.8637771761264186,2019-11-25,False,70,-0.009233527332198066,False,50554482.908432044,-2.175425955738905,HR_2998,3-4,0.8545436487942205,4,1.7249999473278876
87.20648035423388,0,1.1129847617318456,False,0.009368823854594104,False,58813.226092414756,0.8706371448680323,2019-11-25,False,71,0.000977473901948911,False,49185831.897191934,0.10433261603798817,HR_2998,3-4,0.8716146187699813,5,1.7730000081428443
63.31923178786784,0,1.1035566990657668,False,0.006429738177467669,False,58812.1919387202,0.9072239085330596,2019-11-24,False,72,-0.017169896841619958,False,41304129.10885283,-2.6703881818687467,HR_2998,1-2,0.8900540116914396,0,1.5330000451285741
63.31923178786784,0,1.1035566990657668,True,0.004944545802722821,False,58812.1919387202,0.9125610232499494,2019-11-24,False,73,-0.018490125781239097,True,40050115.17899315,-3.7394993431059147,HR_2998,1-2,0.8940708974687103,1,1.580999992256693
63.31923178786784,0,1.1035566990657668,True,0.003771398685123107,False,58812.1919387202,0.9174562870366109,2019-11-24,False,74,-0.018862652092538124,True,38869999.83116809,-5.001500415998157,HR_2998,1-2,0.8985936349440727,2,1.6290000530716497
63.31923178786784,0,1.1035566990657668,True,0.0029944585608939357,False,58812.1919387202,0.9219565086913344,2019-11-24,False,75,-0.029715058722790344,True,37757442.92207817,-9.923349453171097,HR_2998,1-2,0.892241449968544,3,1.6770000001997687
63.31923178786784,0,1.1035566990657668,True,0.0036524826186703973,False,58812.1919387202,0.9261025732292735,2019-11-24,False,76,-0.021665717237559057,True,36706802.1572711,-5.931778327105624,HR_2998,1-2,0.9044368559917144,4,1.7249999473278876
63.31923178786784,0,1.1035566990657668,True,0.0033833690255565623,False,58812.1919387202,0.9299302770042591,2019-11-24,False,77,-0.024854034166670202,True,35713046.52964584,-7.3459424552666786,HR_2998,1-2,0.9050762428375889,5,1.7730000081428443
104.49164724463115,0,1.1035566990657668,False,0.007979165550579028,False,58812.1919387202,0.7642411084899204,2019-11-24,False,78,0.01544176842343159,False,68161542.18434308,1.9352610652765587,HR_2998,1-3,0.779682876913352,0,1.5330000451285741
104.49164724463115,0,1.1035566990657668,False,0.005727652925494354,False,58812.1919387202,0.7768913405082924,2019-11-24,False,79,0.0073652401900253794,False,66092123.81809156,1.2859089553492256,HR_2998,1-3,0.7842565806983178,1,1.580999992256693
104.49164724463115,0,1.1035566990657668,False,0.0032476817784651184,False,58812.1919387202,0.7885917869037553,2019-11-24,False,80,-0.0027981219837427407,False,64144655.51894933,-0.8615751710332767,HR_2998,1-3,0.7857936649200126,2,1.6290000530716497
104.49164724463115,0,1.1035566990657668,True,0.0027351283731487184,False,58812.1919387202,0.7994303913806899,2019-11-24,False,81,-0.016543973799653777,True,62308674.557056546,-6.048701027004491,HR_2998,1-3,0.7828864175810362,3,1.6770000001997687
104.49164724463115,0,1.1035566990657668,True,0.002464605519696156,False,58812.1919387202,0.8094859089886746,2019-11-24,False,82,-0.02325138574712371,True,60574869.817528985,-9.434120617400147,HR_2998,1-3,0.7862345232415509,4,1.7249999473278876
104.49164724463115,0,1.1035566990657668,True,0.0018410502632359366,False,58812.1919387202,0.8188288412120914,2019-11-24,False,83,-0.028845936334204514,True,58934938.95360018,-15.668195980430879,HR_2998,1-3,0.7899829048778869,5,1.7730000081428443
118.24034336131892,0,1.1035566990657668,True,0.0048864399844041045,False,58812.1919387202,0.7071730361332427,2019-11-24,False,84,0.02054294787034705,True,77130032.53786728,4.204072481379762,HR_2998,1-4,0.7277159840035897,0,1.5330000451285741
118.24034336131892,0,1.1035566990657668,False,0.0031414792406653665,False,58812.1919387202,0.7223893270825206,2019-11-24,False,85,0.004283930265785996,False,74788326.33803156,1.3636665843058882,HR_2998,1-4,0.7266732573483066,1,1.580999992256693
118.24034336131892,0,1.1035566990657668,False,0.00311872525232469,False,58812.1919387202,0.736517151172366,2019-11-24,False,86,0.007129772741006568,False,72584616.02770633,2.2861176167063944,HR_2998,1-4,0.7436469239133726,2,1.6290000530716497
118.24034336131892,0,1.1035566990657668,False,0.003345614245591264,False,58812.1919387202,0.749649995369347,2019-11-24,False,87,-0.004959838421577767,False,70507062.22256042,-1.4824896289563783,HR_2998,1-4,0.7446901569477692,3,1.6770000001997687
118.24034336131892,0,1.1035566990657668,False,0.003249753138851922,False,58812.1919387202,0.7618727807667997,2019-11-24,False,88,-0.002747757565032982,False,68545128.67926703,-0.8455280901747861,HR_2998,1-4,0.7591250232017667,4,1.7249999473278876
118.24034336131892,0,1.1035566990657668,False,0.003073548063470038,False,58812.1919387202,0.7732624783139659,2019-11-24,False,89,0.00525199726377612,False,66689420.65328672,1.7087734290533956,HR_2998,1-4,0.778514475577742,5,1.7730000081428443
57.10424775058255,0,1.1035566990657668,False,0.014600200052028042,False,58812.1919387202,0.9239716629914929,2019-11-24,False,90,0.019467551029654917,False,37249997.436101295,1.3333756359695068,HR_2998,2-3,0.9434392140211478,0,1.5330000451285741
57.10424775058255,0,1.1035566990657668,False,0.0076747452112015495,False,58812.1919387202,0.9283774751177658,2019-11-24,False,91,0.014515331728501946,False,36119068.96284857,1.8913112199889488,HR_2998,2-3,0.9428928068462678,1,1.580999992256693
57.10424775058255,0,1.1035566990657668,False,0.008816777819374788,False,58812.1919387202,0.9324149611063283,2019-11-24,False,92,0.006698153515738103,False,35054785.6907104,0.7597053768349444,HR_2998,2-3,0.9391131146220664,2,1.6290000530716497
57.10424775058255,0,1.1035566990657668,False,0.004824581836299236,False,58812.1919387202,0.9361236278270143,2019-11-24,False,93,0.00812076701318687,False,34051429.78162203,1.683206397720889,HR_2998,2-3,0.9442443948402012,3,1.6770000001997687
57.10424775058255,0,1.1035566990657668,False,0.006527207426474767,False,58812.1919387202,0.9395379038217231,2019-11-24,False,94,0.015300114105356255,False,33103912.750281487,2.34405207398466,HR_2998,2-3,0.9548380179270793,4,1.7249999473278876
57.10424775058255,0,1.1035566990657668,False,0.005977973608535461,False,58812.1919387202,0.9426878706154952,2019-11-24,False,95,0.011645788669587542,False,32207697.39893981,1.9481164408219318,HR_2998,2-3,0.9543336592850827,5,1.7730000081428443
89.10661264629664,0,1.1035566990657668,True,0.004074948595664676,False,58812.1919387202,0.8233771976972915,2019-11-24,False,96,0.026583309856087145,True,58125642.54609868,6.523593913397838,HR_2998,2-4,0.8499605075533786,0,1.5330000451285741
89.10661264629664,0,1.1035566990657668,True,0.0030992938090735746,False,58812.1919387202,0.8331475962653581,2019-11-24,False,97,0.012688535055522698,True,56360919.0909023,4.094008453917924,HR_2998,2-4,0.8458361313208808,1,1.580999992256693
89.10661264629664,0,1.1035566990657668,True,0.003600221132565638,False,58812.1919387202,0.8421514876508212,2019-11-24,False,98,0.012757305795603413,True,54700190.14319663,3.5434783936485954,HR_2998,2-4,0.8549087934464246,2,1.6290000530716497
89.10661264629664,0,1.1035566990657668,False,0.005060517084682474,False,58812.1919387202,0.8504644627797265,2019-11-24,False,99,0.008707475402113363,False,53134533.47387121,1.720669104837084,HR_2998,2-4,0.8591719381818399,3,1.6770000001997687
89.10661264629664,0,1.1035566990657668,False,0.0037218142925203165,False,58812.1919387202,0.8581534240994905,2019-11-24,False,100,-0.0034307686204441135,False,51656008.908479854,-0.9218000552415756,HR_2998,2-4,0.8547226554790464,4,1.7249999473278876
89.10661264629664,0,1.1035566990657668,False,0.004815027989424621,False,58812.1919387202,0.8652776439747546,2019-11-24,False,101,0.004772401263281045,False,50257536.5127227,0.9911471488354382,HR_2998,2-4,0.8700500452380356,5,1.7730000081428443
40.415604477543056,0,1.1035566990657668,True,0.003664034798972387,False,58812.1919387202,0.9612860580326995,2019-11-24,False,102,-0.033311252670877534,True,26363733.390597105,-9.091412745375669,HR_2998,3-4,0.927974805361822,0,1.5330000451285741
40.415604477543056,0,1.1035566990657668,True,0.003202297707951448,False,58812.1919387202,0.9635651947873631,2019-11-24,False,103,-0.04010144662999082,True,25563317.315298967,-12.5227103433941,HR_2998,3-4,0.9234637481573723,1,1.580999992256693
40.415604477543056,0,1.1035566990657668,True,0.004267100835360423,False,58812.1919387202,0.9656498067848404,2019-11-24,False,104,-0.03631923687246774,True,24810069.4664406,-8.511455030895705,HR_2998,3-4,0.9293305699123726,2,1.6290000530716497
40.415604477543056,0,1.1035566990657668,True,0.0035725933582754,False,58812.1919387202,0.9675613044634253,2019-11-24,False,105,-0.03796354856612816,True,24099943.036808968,-10.626327924556833,HR_2998,3-4,0.9295977558972971,3,1.6770000001997687
40.415604477543056,0,1.1035566990657668,True,0.0025890636256941093,False,58812.1919387202,0.9693182577836578,2019-11-24,False,106,-0.043024058152836275,True,23429336.6444149,-16.61761330461774,HR_2998,3-4,0.9262941996308215,4,1.7249999473278876
40.415604477543056,0,1.1035566990657668,True,0.003401028743987223,False,58812.1919387202,0.9709368225406442,2019-11-24,False,107,-0.013106711073015531,True,22795039.081740893,-3.8537489858582537,HR_2998,3-4,0.9578301114676286,5,1.7730000081428443
71.40606224510512,0,1.1035566990657668,False,0.007254352594992194,False,58812.22180453702,0.8832988352435737,2019-11-24,False,108,0.012288698725779978,False,46579295.592333935,1.6939759358075703,HR_2998,1-2,0.8955875339693536,0,1.5330000451285741
71.40606224510512,0,1.1035566990657668,False,0.005658184580579037,False,58812.22180453702,0.8899406032350673,2019-11-24,False,109,-0.004387205628968549,False,45165124.98091875,-0.7753733669323984,HR_2998,1-2,0.8855533976060987,1,1.580999992256693
71.40606224510512,0,1.1035566990657668,False,0.005308568602904122,False,58812.22180453702,0.8960404104548154,2019-11-24,False,110,0.002391544253815936,False,43834290.926179856,0.450506423239517,HR_2998,1-2,0.8984319547086314,2,1.6290000530716497
71.40606224510512,0,1.1035566990657668,False,0.004065352051721218,False,58812.22180453702,0.9016546066138914,2019-11-24,False,111,0.0010288710019277225,False,42579643.55193741,0.25308287913026173,HR_2998,1-2,0.9026834776158191,3,1.6770000001997687
71.40606224510512,0,1.1035566990657668,False,0.004154516465360333,False,58812.22180453702,0.9068325799765795,2019-11-24,False,112,0.007904565773414363,False,41394819.95678709,1.9026439874101635,HR_2998,1-2,0.9147371457499939,4,1.7249999473278876
71.40606224510512,0,1.1035566990657668,True,0.004075980678088892,False,58812.22180453702,0.9116177059489192,2019-11-24,False,113,0.01497848694930859,True,40274146.59738241,3.674817947451989,HR_2998,1-2,0.9265961928982278,5,1.7730000081428443
112.24898752383493,0,1.1035566990657668,True,0.00814464735139757,False,58812.22180453702,0.7324525241800174,2019-11-24,False,114,0.03467763794165746,True,73221777.051168,4.257721230337491,HR_2998,1-3,0.7671301621216748,0,1.5330000451285741
112.24898752383493,0,1.1035566990657668,False,0.005537396849244411,False,58812.22180453702,0.7465591489177679,2019-11-24,False,115,0.00519809263315496,False,70998727.43428202,0.9387249595203296,HR_2998,1-3,0.7517572415509228,1,1.580999992256693
112.24898752383493,0,1.1035566990657668,False,0.004071750749429033,False,58812.22180453702,0.7596339699030732,2019-11-24,False,116,-0.007108295766529382,False,68906681.31789052,-1.745759061388066,HR_2998,1-3,0.7525256741365438,2,1.6290000530716497
112.24898752383493,0,1.1035566990657668,True,0.0023685610656117525,False,58812.22180453702,0.7717687989896983,2019-11-24,False,117,-0.02420546718017824,True,66934399.23104563,-10.219482001797767,HR_2998,1-3,0.7475633318095201,3,1.6770000001997687
112.24898752383493,0,1.1035566990657668,True,0.0025412045858424714,False,58812.22180453702,0.7830464746008459,2019-11-24,False,118,-0.032951191242219235,True,65071878.812352605,-12.966760498464593,HR_2998,1-3,0.7500952833586266,4,1.7249999473278876
112.24898752383493,0,1.1035566990657668,True,0.0019769310221493417,False,58812.22180453702,0.793541641917974,2019-11-24,False,119,-0.036096010991191196,True,63310201.358324766,-18.258609221452353,HR_2998,1-3,0.7574456309267829,5,1.7730000081428443
121.66309035125359,0,1.1035566990657668,True,0.0036404700307775214,False,58812.22180453702,0.6924882272419154,2019-11-24,False,120,0.03572774843380688,True,79362744.14202616,9.814048222277565,HR_2998,1-4,0.7282159756757223,0,1.5330000451285741
121.66309035125359,0,1.1035566990657668,True,0.0033534013634374054,False,58812.22180453702,0.7083286233943007,2019-11-24,False,121,0.020361600777351607,True,76953251.7059622,6.071924762528259,HR_2998,1-4,0.7286902241716523,1,1.580999992256693
121.66309035125359,0,1.1035566990657668,True,0.0027568948468649347,False,58812.22180453702,0.7230512068415622,2019-11-24,False,122,0.014575373401408576,True,74685749.77750622,5.286880425629324,HR_2998,1-4,0.7376265802429708,2,1.6290000530716497
121.66309035125359,0,1.1035566990657668,False,0.0029162807217916827,False,58812.22180453702,0.7367498636157582,2019-11-24,False,123,-0.0028025010541654627,False,72548056.25328608,-0.9609846655789992,HR_2998,1-4,0.7339473625615928,3,1.6770000001997687
121.66309035125359,0,1.1035566990657668,False,0.0028709047983413527,False,58812.22180453702,0.7495102451930108,2019-11-24,False,124,0.003703465159443309,False,70529329.89343905,1.2899992927605828,HR_2998,1-4,0.7532137103524541,4,1.7249999473278876
121.66309035125359,0,1.1035566990657668,False,0.003571649286587245,False,58812.22180453702,0.7614102727403386,2019-11-24,False,125,0.0018957794032372632,False,68619904.00027771,0.5307854302371059,HR_2998,1-4,0.7633060521435758,5,1.7730000081428443
57.61254466320072,0,1.1035566990657668,True,0.006990124158927188,False,58812.22180453702,0.9226576097253386,2019-11-24,False,126,0.06104967161391728,True,37581567.49327996,8.733703468764553,HR_2998,2-3,0.9837072813392559,0,1.5330000451285741
57.61254466320072,0,1.1035566990657668,True,0.00426587548606292,False,58812.22180453702,0.9271370213390694,2019-11-24,False,127,0.04856682604077389,True,36440572.38796411,11.384961000255869,HR_2998,2-3,0.9757038473798433,1,1.580999992256693
57.61254466320072,0,1.1035566990657668,True,0.00508442783497969,False,58812.22180453702,0.9312422364691498,2019-11-24,False,128,0.04365426585258303,True,35366815.70670685,8.58587578965164,HR_2998,2-3,0.9748965023217329,2,1.6290000530716497
57.61254466320072,0,1.1035566990657668,True,0.003313125029981648,False,58812.22180453702,0.9350133533684981,2019-11-24,False,129,0.047667184747861024,True,34354528.71576492,14.38737877879757,HR_2998,2-3,0.9826805381163591,3,1.6770000001997687
57.61254466320072,0,1.1035566990657668,True,0.0038350957747634385,False,58812.22180453702,0.938485322072765,2019-11-24,False,130,0.05495476285671075,True,33398577.636159047,14.329436886123279,HR_2998,2-3,0.9934400849294758,4,1.7249999473278876
57.61254466320072,0,1.1035566990657668,True,0.002743091929895035,False,58812.22180453702,0.9416886845903701,2019-11-24,False,131,0.03939376113471027,True,32494384.883589398,14.361079446658458,HR_2998,2-3,0.9810824457250804,5,1.7730000081428443
89.0707153253208,0,1.1035566990657668,True,0.0066049041407476835,False,58812.22180453702,0.8235081758339654,2019-11-24,False,132,0.0434417790884164,True,58102226.15998055,6.577200541096533,HR_2998,2-4,0.8669499549223818,0,1.5330000451285741
89.0707153253208,0,1.1035566990657668,False,0.004981539721832841,False,58812.22180453702,0.8332719605241304,2019-11-24,False,133,0.014067697210010555,False,56338213.637928456,2.8239656804010536,HR_2998,2-4,0.847339657734141,1,1.580999992256693
89.0707153253208,0,1.1035566990657668,True,0.005746956939370804,False,58812.22180453702,0.8422696870052987,2019-11-24,False,134,0.02555068969462926,True,54678153.728337005,4.445951129299158,HR_2998,2-4,0.867820376699928,2,1.6290000530716497
89.0707153253208,0,1.1035566990657668,False,0.0047372747751049556,False,58812.22180453702,0.8505769114751951,2019-11-24,False,135,0.010362223967832818,False,53113127.796488054,2.187380816981054,HR_2998,2-4,0.8609391354430279,3,1.6770000001997687
89.0707153253208,0,1.1035566990657668,False,0.004967412256044995,False,58812.22180453702,0.8582605040791259,2019-11-24,False,136,-0.0010547401598162143,False,51635198.86669902,-0.21233191558294137,HR_2998,2-4,0.8572057639193097,4,1.7249999473278876
89.0707153253208,0,1.1035566990657668,False,0.0035588961687898152,False,58812.22180453702,0.8653797073298264,2019-11-24,False,137,0.0021532166750194426,False,50237289.85687895,0.6050237413224767,HR_2998,2-4,0.8675329240048458,5,1.7730000081428443
42.12349601223305,0,1.1035566990657668,True,0.0031963184647247006,False,58812.22180453702,0.9580047856667976,2019-11-24,False,138,-0.03474013568633483,True,27477817.855315268,-10.868796732783322,HR_2998,3-4,0.9232646499804628,0,1.5330000451285741
42.12349601223305,0,1.1035566990657668,True,0.0032579283225246188,False,58812.22180453702,0.9604737374322648,2019-11-24,False,139,-0.0378228676306297,True,26643577.620836463,-11.609484275369255,HR_2998,3-4,0.9226508698016351,1,1.580999992256693
42.12349601223305,0,1.1035566990657668,True,0.0020042669059721573,False,58812.22180453702,0.9627323359932347,2019-11-24,False,140,-0.03657584796792912,True,25858498.85812146,-18.248990620432476,HR_2998,3-4,0.9261564880253056,2,1.6290000530716497
42.12349601223305,0,1.1035566990657668,True,0.00212006554321364,False,58812.22180453702,0.9648036836313432,2019-11-24,False,141,-0.03031304077110375,True,25118363.749084786,-14.298162086609175,HR_2998,3-4,0.9344906428602394,3,1.6770000001997687
42.12349601223305,0,1.1035566990657668,True,0.0016582370586508991,False,58812.22180453702,0.9667078257130488,2019-11-24,False,142,-0.034657667722070795,True,24419418.72374227,-20.900309483052695,HR_2998,3-4,0.932050157990978,4,1.7249999473278876
42.12349601223305,0,1.1035566990657668,True,0.0017658265454907438,False,58812.22180453702,0.9684622079527181,2019-11-24,False,143,-0.012919388599774817,True,23758316.874660335,-7.316340686329624,HR_2998,3-4,0.9555428193529433,5,1.7730000081428443
98.11158365737016,0,1.0,False,9.552232711187209e-05,False,59271.09345169036,,2021-02-25,False,0,,False,63999726.52912835,,alf_CMi,1-3,0.015680261108838366,0,1.5330000451285741
98.11158365737016,0,1.0,False,0.00028602271625785265,False,59271.09345169036,,2021-02-25,False,1,,False,62056662.9588197,,alf_CMi,1-3,0.01563939312107285,1,1.580999992256693
98.11158365737016,0,1.0,False,8.378069023130873e-05,False,59271.09345169036,,2021-02-25,False,2,,False,60228103.4137295,,alf_CMi,1-3,0.014563290247955671,2,1.6290000530716497
98.11158365737016,0,1.0,False,8.486908383033303e-05,False,59271.09345169036,,2021-02-25,False,3,,False,58504223.998618275,,alf_CMi,1-3,0.012694204457583694,3,1.6770000001997687
98.11158365737016,0,1.0,False,9.958907103891506e-05,False,59271.09345169036,,2021-02-25,False,4,,False,56876282.11777628,,alf_CMi,1-3,0.010838007288741455,4,1.7249999473278876
98.11158365737016,0,1.0,False,0.00010500867893967361,False,59271.09345169036,,2021-02-25,False,5,,False,55336482.35012623,,alf_CMi,1-3,0.009286706955756518,5,1.7730000081428443
37.19825194811362,0,1.0,False,0.0020757779548756933,False,59271.09345169036,,2021-02-25,False,6,,False,24265003.818048663,,alf_CMi,2-1,0.355382300288375,0,1.5330000451285741
37.19825194811362,0,1.0,False,0.0026444799443652496,False,59271.09345169036,,2021-02-25,False,7,,False,23528306.21777389,,alf_CMi,2-1,0.38149903159347054,1,1.580999992256693
37.19825194811362,0,1.0,False,0.002095996187437747,False,59271.09345169036,,2021-02-25,False,8,,False,22835021.937520772,,alf_CMi,2-1,0.4034548976804057,2,1.6290000530716497
37.19825194811362,0,1.0,False,0.0027830742250662083,False,59271.09345169036,,2021-02-25,False,9,,False,22181426.32300684,,alf_CMi,2-1,0.41836185988600344,3,1.6770000001997687
37.19825194811362,0,1.0,False,0.003292354907916683,False,59271.09345169036,,2021-02-25,False,10,,False,21564204.68634541,,alf_CMi,2-1,0.44536852920279424,4,1.7249999473278876
37.19825194811362,0,1.0,False,0.006224871999734568,False,59271.09345169036,,2021-02-25,False,11,,False,20980401.453622945,,alf_CMi,2-1,0.4685643947940248,5,1.7730000081428443
61.08665125478572,0,1.0,False,0.00012925222462726726,False,59271.09345169036,,2021-02-25,False,12,,False,39847781.77202358,,alf_CMi,2-3,0.02336772580562483,0,1.5330000451285741
61.08665125478572,0,1.0,False,0.0002091491531954478,False,59271.09345169036,,2021-02-25,False,13,,False,38637983.272594236,,alf_CMi,2-3,0.033772892752763704,1,1.580999992256693
61.08665125478572,0,1.0,False,0.0002280455352330827,False,59271.09345169036,,2021-02-25,False,14,,False,37499477.75606297,,alf_CMi,2-3,0.04573133079231603,2,1.6290000530716497
61.08665125478572,0,1.0,False,0.00031541686277683056,False,59271.09345169036,,2021-02-25,False,15,,False,36426148.62701784,,alf_CMi,2-3,0.05990867198083187,3,1.6770000001997687
61.08665125478572,0,1.0,False,0.0003925222672632968,False,59271.09345169036,,2021-02-25,False,16,,False,35412552.53335633,,alf_CMi,2-3,0.07199371402485734,4,1.7249999473278876
61.08665125478572,0,1.0,False,0.0006676716333920984,False,59271.09345169036,,2021-02-25,False,17,,False,34453835.85687169,,alf_CMi,2-3,0.08745633189005349,5,1.7730000081428443
95.6106400577678,0,1.0,False,0.00014309964311943804,False,59271.09345169036,,2021-02-25,False,18,,False,62368321.75027682,,alf_CMi,4-1,0.016679378974108202,0,1.5330000451285741
95.6106400577678,0,1.0,False,0.00016470102317846764,False,59271.09345169036,,2021-02-25,False,19,,False,60474788.4415197,,alf_CMi,4-1,0.014935343990521151,1,1.580999992256693
95.6106400577678,0,1.0,False,8.544363958804445e-05,False,59271.09345169036,,2021-02-25,False,20,,False,58692840.35779124,,alf_CMi,4-1,0.013490821081611504,2,1.6290000530716497
95.6106400577678,0,1.0,False,5.429420032583075e-05,False,59271.09345169036,,2021-02-25,False,21,,False,57012904.02288515,,alf_CMi,4-1,0.010984790784844965,3,1.6770000001997687
95.6106400577678,0,1.0,False,4.7970902353780336e-05,False,59271.09345169036,,2021-02-25,False,22,,False,55426459.69692551,,alf_CMi,4-1,0.00893029296178354,4,1.7249999473278876
95.6106400577678,0,1.0,False,0.00010697837989840873,False,59271.09345169036,,2021-02-25,False,23,,False,53925910.6704216,,alf_CMi,4-1,0.007032813094328652,5,1.7730000081428443
68.05713086668133,0,1.0,False,1.3988525554925072e-05,False,59271.09345169036,,2021-02-25,False,24,,False,44394735.07058724,,alf_CMi,4-2,0.0032322978860345425,0,1.5330000451285741
68.05713086668133,0,1.0,False,3.426143955862662e-05,False,59271.09345169036,,2021-02-25,False,25,,False,43046888.804558255,,alf_CMi,4-2,0.006863457554242278,1,1.580999992256693
68.05713086668133,0,1.0,False,4.312030782142784e-05,False,59271.09345169036,,2021-02-25,False,26,,False,41778470.625800475,,alf_CMi,4-2,0.01234437340091927,2,1.6290000530716497
68.05713086668133,0,1.0,False,5.763707287667749e-05,False,59271.09345169036,,2021-02-25,False,27,,False,40582665.98603112,,alf_CMi,4-2,0.019396154549026903,3,1.6770000001997687
68.05713086668133,0,1.0,False,8.496234036904673e-05,False,59271.09345169036,,2021-02-25,False,28,,False,39453410.40276858,,alf_CMi,4-2,0.028496044435995807,4,1.7249999473278876
68.05713086668133,0,1.0,False,0.00011783040993586631,False,59271.09345169036,,2021-02-25,False,29,,False,38385296.420821115,,alf_CMi,4-2,0.0374937135376128,5,1.7730000081428443
49.69296391834271,0,1.0,False,0.000753649089010286,False,59271.09345169036,,2021-02-25,False,30,,False,32415500.623272922,,alf_CMi,4-3,0.12845603739781328,0,1.5330000451285741
49.69296391834271,0,1.0,False,0.0007640770248519601,False,59271.09345169036,,2021-02-25,False,31,,False,31431349.88091417,,alf_CMi,4-3,0.14513304911578678,1,1.580999992256693
49.69296391834271,0,1.0,False,0.0008273430590683079,False,59271.09345169036,,2021-02-25,False,32,,False,30505194.781695336,,alf_CMi,4-3,0.1654119621672898,2,1.6290000530716497
49.69296391834271,0,1.0,False,0.0005100728686304912,False,59271.09345169036,,2021-02-25,False,33,,False,29632059.57806986,,alf_CMi,4-3,0.1930752798901156,3,1.6770000001997687
49.69296391834271,0,1.0,False,0.0016280229818724774,False,59271.09345169036,,2021-02-25,False,34,,False,28807516.194606055,,alf_CMi,4-3,0.21508454222793302,4,1.7249999473278876
49.69296391834271,0,1.0,False,0.001005048203593609,False,59271.09345169036,,2021-02-25,False,35,,False,28027616.29448291,,alf_CMi,4-3,0.2366639163362925,5,1.7730000081428443
,0,1.0,True,,False,,,unknown,True,36,,False,,,alf_CMi,1-2,,0,1.5330000451285741
,0,1.0,True,,False,,,unknown,True,37,,False,,,alf_CMi,1-2,,1,1.580999992256693
,0,1.0,True,,False,,,unknown,True,38,,False,,,alf_CMi,1-2,,2,1.6290000530716497
,0,1.0,True,,False,,,unknown,True,39,,False,,,alf_CMi,1-2,,3,1.6770000001997687
,0,1.0,True,,False,,,unknown,True,40,,False,,,alf_CMi,1-2,,4,1.7249999473278876
,0,1.0,True,,False,,,unknown,True,41,,False,,,alf_CMi,1-2,,5,1.7730000081428443
,0,1.0,True,,False,,,unknown,True,42,,False,,,alf_CMi,1-2,,0,1.5330000451285741
,0,1.0,True,,False,,,unknown,True,43,,False,,,alf_CMi,1-2,,1,1.580999992256693
,0,1.0,True,,False,,,unknown,True,44,,False,,,alf_CMi,1-2,,2,1.6290000530716497
,0,1.0,True,,False,,,unknown,True,45,,False,,,alf_CMi,1-2,,3,1.6770000001997687
,0,1.0,True,,False,,,unknown,True,46,,False,,,alf_CMi,1-2,,4,1.7249999473278876
,0,1.0,True,,False,,,unknown,True,47,,False,,,alf_CMi,1-2,,5,1.7730000081428443
99.87888579359524,0,1.0,False,0.00010196357913113188,False,59271.105729912684,,2021-02-25,False,48,,False,65152565.46206971,,alf_CMi,1-3,0.015269411577062885,0,1.5330000451285741
99.87888579359524,0,1.0,False,0.0002430897744927548,False,59271.105729912684,,2021-02-25,False,49,,False,63174501.127624795,,alf_CMi,1-3,0.015552465003171407,1,1.580999992256693
99.87888579359524,0,1.0,False,8.287965319170201e-05,False,59271.105729912684,,2021-02-25,False,50,,False,61313003.400621854,,alf_CMi,1-3,0.014900440424596465,2,1.6290000530716497
99.87888579359524,0,1.0,False,8.391116984618749e-05,False,59271.105729912684,,2021-02-25,False,51,,False,59558071.42617615,,alf_CMi,1-3,0.013628524786918667,3,1.6770000001997687
99.87888579359524,0,1.0,False,8.944995318671316e-05,False,59271.105729912684,,2021-02-25,False,52,,False,57900805.12658142,,alf_CMi,1-3,0.012063755278959191,4,1.7249999473278876
99.87888579359524,0,1.0,False,8.846565152705369e-05,False,59271.105729912684,,2021-02-25,False,53,,False,56333268.660396054,,alf_CMi,1-3,0.010653612533064332,5,1.7730000081428443
,0,1.0,True,,False,,,unknown,True,54,,False,,,alf_CMi,1-4,,0,1.5330000451285741
,0,1.0,True,,False,,,unknown,True,55,,False,,,alf_CMi,1-4,,1,1.580999992256693
,0,1.0,True,,False,,,unknown,True,56,,False,,,alf_CMi,1-4,,2,1.6290000530716497
,0,1.0,True,,False,,,unknown,True,57,,False,,,alf_CMi,1-4,,3,1.6770000001997687
,0,1.0,True,,False,,,unknown,True,58,,False,,,alf_CMi,1-4,,4,1.7249999473278876
,0,1.0,True,,False,,,unknown,True,59,,False,,,alf_CMi,1-4,,5,1.7730000081428443
,0,1.0,True,,False,,,unknown,True,60,,False,,,alf_CMi,1-4,,0,1.5330000451285741
,0,1.0,True,,False,,,unknown,True,61,,False,,,alf_CMi,1-4,,1,1.580999992256693
,0,1.0,True,,False,,,unknown,True,62,,False,,,alf_CMi,1-4,,2,1.6290000530716497
,0,1.0,True,,False,,,unknown,True,63,,False,,,alf_CMi,1-4,,3,1.6770000001997687
,0,1.0,True,,False,,,unknown,True,64,,False,,,alf_CMi,1-4,,4,1.7249999473278876
,0,1.0,True,,False,,,unknown,True,65,,False,,,alf_CMi,1-4,,5,1.7730000081428443
37.880625176965154,0,1.0,False,0.0017667857963586887,False,59271.105729912684,,2021-02-25,False,66,,False,24710126.589584067,,alf_CMi,2-1,0.34504663684928344,0,1.5330000451285741
37.880625176965154,0,1.0,False,0.0020182687883019148,False,59271.105729912684,,2021-02-25,False,67,,False,23959914.840287242,,alf_CMi,2-1,0.3640885354813419,1,1.580999992256693
37.880625176965154,0,1.0,False,0.0017409146043135212,False,59271.105729912684,,2021-02-25,False,68,,False,23253912.794869024,,alf_CMi,2-1,0.3878415689637425,2,1.6290000530716497
37.880625176965154,0,1.0,False,0.0024927211731262566,False,59271.105729912684,,2021-02-25,False,69,,False,22588327.473138172,,alf_CMi,2-1,0.405728724598967,3,1.6770000001997687
37.880625176965154,0,1.0,False,0.002499419039432952,False,59271.105729912684,,2021-02-25,False,70,,False,21959783.381816424,,alf_CMi,2-1,0.4357259789239473,4,1.7249999473278876
37.880625176965154,0,1.0,False,0.0047401713570566556,False,59271.105729912684,,2021-02-25,False,71,,False,21365270.72926739,,alf_CMi,2-1,0.45288091122422625,5,1.7730000081428443
62.159368725714806,0,1.0,False,0.00020147584129172403,False,59271.105729912684,,2021-02-25,False,72,,False,40547532.22169764,,alf_CMi,2-3,0.018758073988080645,0,1.5330000451285741
62.159368725714806,0,1.0,False,0.00017730776476472085,False,59271.105729912684,,2021-02-25,False,73,,False,39316488.950129315,,alf_CMi,2-3,0.027958274605175946,1,1.580999992256693
62.159368725714806,0,1.0,False,0.0001946873141883161,False,59271.105729912684,,2021-02-25,False,74,,False,38157990.60810761,,alf_CMi,2-3,0.039115481797169935,2,1.6290000530716497
62.159368725714806,0,1.0,False,0.00024658621235103896,False,59271.105729912684,,2021-02-25,False,75,,False,37065813.18921301,,alf_CMi,2-3,0.052107031516722954,3,1.6770000001997687
62.159368725714806,0,1.0,False,0.0003258217158093687,False,59271.105729912684,,2021-02-25,False,76,,False,36034417.75288331,,alf_CMi,2-3,0.06361570975174283,4,1.7249999473278876
62.159368725714806,0,1.0,False,0.00046567065959953537,False,59271.105729912684,,2021-02-25,False,77,,False,35058865.44852562,,alf_CMi,2-3,0.07863935214501415,5,1.7730000081428443
,0,1.0,True,,False,,,unknown,True,78,,False,,,alf_CMi,2-4,,0,1.5330000451285741
,0,1.0,True,,False,,,unknown,True,79,,False,,,alf_CMi,2-4,,1,1.580999992256693
,0,1.0,True,,False,,,unknown,True,80,,False,,,alf_CMi,2-4,,2,1.6290000530716497
,0,1.0,True,,False,,,unknown,True,81,,False,,,alf_CMi,2-4,,3,1.6770000001997687
,0,1.0,True,,False,,,unknown,True,82,,False,,,alf_CMi,2-4,,4,1.7249999473278876
,0,1.0,True,,False,,,unknown,True,83,,False,,,alf_CMi,2-4,,5,1.7730000081428443
,0,1.0,True,,False,,,unknown,True,84,,False,,,alf_CMi,2-4,,0,1.5330000451285741
,0,1.0,True,,False,,,unknown,True,85,,False,,,alf_CMi,2-4,,1,1.580999992256693
,0,1.0,True,,False,,,unknown,True,86,,False,,,alf_CMi,2-4,,2,1.6290000530716497
,0,1.0,True,,False,,,unknown,True,87,,False,,,alf_CMi,2-4,,3,1.6770000001997687
,0,1.0,True,,False,,,unknown,True,88,,False,,,alf_CMi,2-4,,4,1.7249999473278876
,0,1.0,True,,False,,,unknown,True,89,,False,,,alf_CMi,2-4,,5,1.7730000081428443
,0,1.0,True,,False,,,unknown,True,90,,False,,,alf_CMi,3-4,,0,1.5330000451285741
,0,1.0,True,,False,,,unknown,True,91,,False,,,alf_CMi,3-4,,1,1.580999992256693
,0,1.0,True,,False,,,unknown,True,92,,False,,,alf_CMi,3-4,,2,1.6290000530716497
,0,1.0,True,,False,,,unknown,True,93,,False,,,alf_CMi,3-4,,3,1.6770000001997687
,0,1.0,True,,False,,,unknown,True,94,,False,,,alf_CMi,3-4,,4,1.7249999473278876
,0,1.0,True,,False,,,unknown,True,95,,False,,,alf_CMi,3-4,,5,1.7730000081428443
,0,1.0,True,,False,,,unknown,True,96,,False,,,alf_CMi,3-4,,0,1.5330000451285741
,0,1.0,True,,False,,,unknown,True,97,,False,,,alf_CMi,3-4,,1,1.580999992256693
,0,1.0,True,,False,,,unknown,True,98,,False,,,alf_CMi,3-4,,2,1.6290000530716497
,0,1.0,True,,False,,,unknown,True,99,,False,,,alf_CMi,3-4,,3,1.6770000001997687
,0,1.0,True,,False,,,unknown,True,100,,False,,,alf_CMi,3-4,,4,1.7249999473278876
,0,1.0,True,,False,,,unknown,True,101,,False,,,alf_CMi,3-4,,5,1.7730000081428443
95.96927291443369,0,1.0,False,0.00012108884552723762,False,59271.105729912684,,2021-02-25,False,102,,False,62602263.593791775,,alf_CMi,4-1,0.016647231894531735,0,1.5330000451285741
95.96927291443369,0,1.0,False,0.0001367842861167332,False,59271.105729912684,,2021-02-25,False,103,,False,60701627.69415878,,alf_CMi,4-1,0.015008430271325106,1,1.580999992256693
95.96927291443369,0,1.0,False,8.49152709309948e-05,False,59271.105729912684,,2021-02-25,False,104,,False,58912995.57263587,,alf_CMi,4-1,0.013660725664783737,2,1.6290000530716497
95.96927291443369,0,1.0,False,4.8814044365320876e-05,False,59271.105729912684,,2021-02-25,False,105,,False,57226757.84317327,,alf_CMi,4-1,0.011333246042664375,3,1.6770000001997687
95.96927291443369,0,1.0,False,4.1337610549256776e-05,False,59271.105729912684,,2021-02-25,False,106,,False,55634362.808587305,,alf_CMi,4-1,0.00925948155079013,4,1.7249999473278876
95.96927291443369,0,1.0,False,8.364977574447718e-05,False,59271.105729912684,,2021-02-25,False,107,,False,54128185.26434083,,alf_CMi,4-1,0.007352130738149798,5,1.7730000081428443
67.36003528788447,0,1.0,False,2.5641321115170252e-05,False,59271.105729912684,,2021-02-25,False,108,,False,43940008.67901796,,alf_CMi,4-2,0.0042663238636269215,0,1.5330000451285741
67.36003528788447,0,1.0,False,4.76364747838889e-05,False,59271.105729912684,,2021-02-25,False,109,,False,42605968.132698014,,alf_CMi,4-2,0.008315755425985163,1,1.580999992256693
67.36003528788447,0,1.0,False,4.2984620715998824e-05,False,59271.105729912684,,2021-02-25,False,110,,False,41350542.10763842,,alf_CMi,4-2,0.014352370637283408,2,1.6290000530716497
67.36003528788447,0,1.0,False,5.96588826680413e-05,False,59271.105729912684,,2021-02-25,False,111,,False,40166985.85561143,,alf_CMi,4-2,0.021967534706966173,3,1.6770000001997687
67.36003528788447,0,1.0,False,0.00010984456433767074,False,59271.105729912684,,2021-02-25,False,112,,False,39049297.01141648,,alf_CMi,4-2,0.03154257677491601,4,1.7249999473278876
67.36003528788447,0,1.0,False,0.00010481529455803655,False,59271.105729912684,,2021-02-25,False,113,,False,37992123.507343784,,alf_CMi,4-2,0.04109955634179239,5,1.7730000081428443
48.670119875729,0,1.0,False,0.000496870551165723,False,59271.105729912684,,2021-02-25,False,114,,False,31748283.393981893,,alf_CMi,4-3,0.1419824313459229,0,1.5330000451285741
48.670119875729,0,1.0,False,0.0005470641580032614,False,59271.105729912684,,2021-02-25,False,115,,False,30784389.698989235,,alf_CMi,4-3,0.15856054910433778,1,1.580999992256693
48.670119875729,0,1.0,False,0.0006081899991104582,False,59271.105729912684,,2021-02-25,False,116,,False,29877297.906747397,,alf_CMi,4-3,0.18026648175908855,2,1.6290000530716497
48.670119875729,0,1.0,False,0.00033996177886254386,False,59271.105729912684,,2021-02-25,False,117,,False,29022134.686899994,,alf_CMi,4-3,0.2090760839651967,3,1.6770000001997687
48.670119875729,0,1.0,False,0.0014750485317223336,False,59271.105729912684,,2021-02-25,False,118,,False,28214563.10831863,,alf_CMi,4-3,0.2318334026760856,4,1.7249999473278876
48.670119875729,0,1.0,False,0.0010324042282523046,False,59271.105729912684,,2021-02-25,False,119,,False,27450716.10389289,,alf_CMi,4-3,0.2545859666538493,5,1.7730000081428443
81.57112854364041,0,1.0589102542884234,False,0.003102241391113798,False,59468.17363829629,0.3877100807669208,2021-09-10,False,0,0.0014694601872233815,False,53210127.94673399,0.4736769328887721,bet_Hyi,1-2,0.3891795409541442,0,1.5330000451285741
81.57112854364041,0,1.0589102542884234,False,0.0024366189723445584,False,59468.17363829629,0.41225743075925736,2021-09-10,False,1,-0.0040516506744249225,False,51594641.96277898,-1.6628166818082155,bet_Hyi,1-2,0.40820578008483244,1,1.580999992256693
81.57112854364041,0,1.0589102542884234,False,0.002634166693653847,False,59468.17363829629,0.43575628776114567,2021-09-10,False,2,0.0018699066186891322,False,50074355.976741396,0.7098664724575151,bet_Hyi,1-2,0.4376261943798348,2,1.6290000530716497
81.57112854364041,0,1.0589102542884234,False,0.002856450370933155,False,59468.17363829629,0.45821219363780324,2021-09-10,False,3,-0.0010544358879686078,False,48641102.28617975,-0.3691420298067847,bet_Hyi,1-2,0.45715775774983464,3,1.6770000001997687
81.57112854364041,0,1.0589102542884234,False,0.00274304137845493,False,59468.17363829629,0.4796425822349074,2021-09-10,False,4,0.0033309372966804363,False,47287612.193842806,1.2143226576321826,bet_Hyi,1-2,0.48297351953158785,4,1.7249999473278876
81.57112854364041,0,1.0589102542884234,False,0.0027791036450815583,False,59468.17363829629,0.5000733633281311,2021-09-10,False,5,-0.00017136863426386872,False,46007404.494647086,-0.06166327569939896,bet_Hyi,1-2,0.49990199469386726,5,1.7730000081428443
128.14285387187917,0,1.0589102542884234,True,0.0006139175118964027,False,59468.17363829629,0.06253809138087657,2021-09-10,False,6,0.0021154789059165124,True,83589595.62922369,3.4458683209438976,bet_Hyi,1-3,0.06465357028679308,0,1.5330000451285741
128.14285387187917,0,1.0589102542884234,False,0.00045323560787755517,False,59468.17363829629,0.07810482102173694,2021-09-10,False,7,-0.00018055219740836792,False,81051773.87696896,-0.39836278145459697,bet_Hyi,1-3,0.07792426882432857,1,1.580999992256693
128.14285387187917,0,1.0589102542884234,False,0.0004714923332459745,False,59468.17363829629,0.09469850723024349,2021-09-10,False,8,0.0012180575180499725,False,78663505.0319688,2.583408959514342,bet_Hyi,1-3,0.09591656474829346,2,1.6290000530716497
128.14285387187917,0,1.0589102542884234,False,0.0005982105452691038,False,59468.17363829629,0.11211101303637926,2021-09-10,False,9,0.00014850848198882938,False,76411958.17329425,0.24825453707443945,bet_Hyi,1-3,0.11225952151836809,3,1.6770000001997687
128.14285387187917,0,1.0589102542884234,False,0.0006395300992462411,False,59468.17363829629,0.13015215547081704,2021-09-10,False,10,0.000386322212870438,False,74285714.65777662,0.6040719792950521,bet_Hyi,1-3,0.13053847768368748,4,1.7249999473278876
128.14285387187917,0,1.0589102542884234,False,0.000678321705420928,False,59468.17363829629,0.14865111984472432,2021-09-10,False,11,4.748478548924351e-05,False,72274592.94041647,0.07000334075964315,bet_Hyi,1-3,0.14869860463021356,5,1.7730000081428443
115.24436442071989,0,1.0589102542884234,False,0.0016278913331552228,False,59468.17363829629,0.1224109657982402,2021-09-10,False,12,0.00047211736892451006,False,75175708.43323377,0.29001774216061427,bet_Hyi,1-4,0.12288308316716472,0,1.5330000451285741
115.24436442071989,0,1.0589102542884234,False,0.0012504112449063908,False,59468.17363829629,0.1428112678716535,2021-09-10,False,13,-0.0014229138090771087,False,72893336.48649928,-1.1379566641562249,bet_Hyi,1-4,0.14138835406257638,1,1.580999992256693
115.24436442071989,0,1.0589102542884234,False,0.0012410143519871212,False,59468.17363829629,0.16364713513292325,2021-09-10,False,14,0.0010667671418159996,False,70745463.88345084,0.8595929129327831,bet_Hyi,1-4,0.16471390227473925,2,1.6290000530716497
115.24436442071989,0,1.0589102542884234,False,0.0008105873694634582,False,59468.17363829629,0.18473008720404716,2021-09-10,False,15,-0.0009043659684452032,False,68720551.22659014,-1.1156921542508351,bet_Hyi,1-4,0.18382572123560195,3,1.6770000001997687
115.24436442071989,0,1.0589102542884234,True,0.0010202938337230635,False,59468.17363829629,0.2058996046487686,2021-09-10,False,16,0.0032767788109137053,True,66808329.24038012,3.2116030721823567,bet_Hyi,1-4,0.2091763834596823,4,1.7249999473278876
115.24436442071989,0,1.0589102542884234,False,0.0009895421077788383,False,59468.17363829629,0.22702068197560007,2021-09-10,False,17,0.0009118389987865516,False,64999641.22472528,0.9214756922606336,bet_Hyi,1-4,0.22793252097438663,5,1.7730000081428443
53.72744133085745,0,1.0589102542884234,True,0.004984361469326899,False,59468.17363829629,0.6756393431066696,2021-09-10,False,18,0.03756880171289079,True,35047253.58723084,7.537334911218663,bet_Hyi,2-3,0.7132081448195604,0,1.5330000451285741
53.72744133085745,0,1.0589102542884234,True,0.005295846400518024,False,59468.17363829629,0.6921798557088975,2021-09-10,False,19,0.016618916674479567,True,33983201.514231384,3.1381039814247544,bet_Hyi,2-3,0.7087987723833771,1,1.580999992256693
53.72744133085745,0,1.0589102542884234,True,0.004484906007762034,False,59468.17363829629,0.7075716413258784,2021-09-10,False,20,0.029172676652178042,True,32981853.640550073,6.504635013908618,bet_Hyi,2-3,0.7367443179780564,2,1.6290000530716497
53.72744133085745,0,1.0589102542884234,True,0.0046215036492174965,False,59468.17363829629,0.7219086056526609,2021-09-10,False,21,0.022227398093548012,True,32037830.2471421,4.809559784143308,bet_Hyi,2-3,0.7441360037462089,3,1.6770000001997687
53.72744133085745,0,1.0589102542884234,True,0.004258049574533392,False,59468.17363829629,0.735276871052006,2021-09-10,False,22,0.03777078355930119,True,31146343.75153691,8.870442416922826,bet_Hyi,2-3,0.7730476546113072,4,1.7249999473278876
53.72744133085745,0,1.0589102542884234,True,0.0036262634821102612,False,59468.17363829629,0.7477551411770208,2021-09-10,False,23,0.03192586873365855,True,30303125.258941807,8.80406757290556,bet_Hyi,2-3,0.7796810099106793,5,1.7730000081428443
81.39210710455028,0,1.0589102542884234,False,0.005142401219281773,False,59468.17363829629,0.38946857624744313,2021-09-10,False,24,-0.011941713115346975,False,53093349.4510914,-2.322205640153229,bet_Hyi,2-4,0.37752686313209616,0,1.5330000451285741
81.39210710455028,0,1.0589102542884234,False,0.0036300902799757074,False,59468.17363829629,0.41399506547154247,2021-09-10,False,25,-0.008981652897903702,False,51481408.92042165,-2.4742230096723126,bet_Hyi,2-4,0.40501341257363876,1,1.580999992256693
81.39210710455028,0,1.0589102542884234,False,0.0023897183774460842,False,59468.17363829629,0.4374683820426241,2021-09-10,False,26,0.0004214963384203685,False,49964459.455404535,0.17637908399517177,bet_Hyi,2-4,0.4378898783810445,2,1.6290000530716497
81.39210710455028,0,1.0589102542884234,False,0.0020238916087926186,False,59468.17363829629,0.45989510013647744,2021-09-10,False,27,-0.004083057718791305,False,48534351.27898309,-2.017429046621282,bet_Hyi,2-4,0.45581204241768614,3,1.6770000001997687
81.39210710455028,0,1.0589102542884234,True,0.0031396076910037043,False,59468.17363829629,0.4812935179754448,2021-09-10,False,28,-0.013305347270056334,True,47183831.64627383,-4.237901221920734,bet_Hyi,2-4,0.46798817070538845,4,1.7249999473278876
81.39210710455028,0,1.0589102542884234,True,0.0032613460670981244,False,59468.17363829629,0.5016902653653164,2021-09-10,False,29,-0.010800728672736015,True,45906433.57627825,-3.311739524271422,bet_Hyi,2-4,0.49088953669258034,5,1.7730000081428443
63.96133298561183,0,1.0589102542884234,False,0.005619013902404109,False,59468.17363829629,0.5690814032531586,2021-09-10,False,30,-0.0014259077167247947,False,41722981.802161224,-0.2537647604172534,bet_Hyi,3-4,0.5676554955364338,0,1.5330000451285741
63.96133298561183,0,1.0589102542884234,False,0.004683012093311929,False,59468.17363829629,0.5895181490130661,2021-09-10,False,31,-0.0021241091367860676,False,40456251.29593738,-0.4535775467715803,bet_Hyi,3-4,0.58739403987628,1,1.580999992256693
63.96133298561183,0,1.0589102542884234,False,0.0033376873475176867,False,59468.17363829629,0.6086996447036777,2021-09-10,False,32,-0.002411377692434824,False,39264168.75494022,-0.7224696148452071,bet_Hyi,3-4,0.6062882670112428,2,1.6290000530716497
63.96133298561183,0,1.0589102542884234,False,0.0020369197980454586,False,59468.17363829629,0.626706365863371,2021-09-10,False,33,-4.293860568760355e-05,False,38140329.74239272,-0.0210801651242261,bet_Hyi,3-4,0.6266634272576834,3,1.6770000001997687
63.96133298561183,0,1.0589102542884234,False,0.0023745112419044424,False,59468.17363829629,0.6436159234765984,2021-09-10,False,34,0.005137304354221883,False,37079034.74703937,2.163520754739229,bet_Hyi,3-4,0.6487532278308202,4,1.7249999473278876
63.96133298561183,0,1.0589102542884234,False,0.002098696575574879,False,59468.17363829629,0.6595022384513732,2021-09-10,False,35,0.005279681705153028,False,36075201.74385622,2.5156955829628713,bet_Hyi,3-4,0.6647819201565263,5,1.7730000081428443
82.09972632189951,0,1.0589102542884234,False,0.0031758297039590636,False,59468.183255693104,0.38253303694420265,2021-09-10,False,36,-0.00035449779953211635,False,53554940.577326424,-0.11162368029059969,bet_Hyi,1-2,0.38217853914467054,0,1.5330000451285741
82.09972632189951,0,1.0589102542884234,False,0.0023078970708094336,False,59468.183255693104,0.40713925799551,2021-09-10,False,37,-0.0046162182439098975,False,51928985.91018443,-2.000183761354176,bet_Hyi,1-2,0.4025230397516001,1,1.580999992256693
82.09972632189951,0,1.0589102542884234,False,0.002405204874109549,False,59468.183255693104,0.4307110971190508,2021-09-10,False,38,-0.0016160947160344108,False,50398848.156629525,-0.671915616599072,bet_Hyi,1-2,0.4290950024030164,2,1.6290000530716497
82.09972632189951,0,1.0589102542884234,False,0.0021473455020805036,False,59468.183255693104,0.4532510242387302,2021-09-10,False,39,-0.004044975218796376,False,48956306.68581966,-1.883709545053328,bet_Hyi,1-2,0.44920604901993383,3,1.6770000001997687
82.09972632189951,0,1.0589102542884234,False,0.002230328840172623,False,59468.183255693104,0.474773896888858,2021-09-10,False,40,0.0017054940942453078,False,47594045.69784257,0.7646827963329865,bet_Hyi,1-2,0.4764793909831033,4,1.7249999473278876
82.09972632189951,0,1.0589102542884234,False,0.002072120725905338,False,59468.183255693104,0.4953034754212191,2021-09-10,False,41,0.002703771167768876,False,46305541.98806582,1.304832838148251,bet_Hyi,1-2,0.498007246588988,5,1.7730000081428443
128.34832066785268,0,1.0589102542884234,False,0.0006380048287623338,False,59468.183255693104,0.06177383887900916,2021-09-10,False,42,0.0018143317504889858,False,83723624.84639587,2.843758649928418,bet_Hyi,1-3,0.06358817062949815,0,1.5330000451285741
128.34832066785268,0,1.0589102542884234,False,0.00039669169327898263,False,59468.183255693104,0.07725647363127705,2021-09-10,False,43,-0.00019629788949815374,False,81181733.90035911,-0.494837408556732,bet_Hyi,1-3,0.0770601757417789,1,1.580999992256693
128.34832066785268,0,1.0589102542884234,False,0.000548486698558188,False,59468.183255693104,0.09377415114663265,2021-09-10,False,44,0.0006735620930969077,False,78789635.65767755,1.2280372429586834,bet_Hyi,1-3,0.09444771323972956,2,1.6290000530716497
128.34832066785268,0,1.0589102542884234,False,0.0005168910246253202,False,59468.183255693104,0.11111885574329072,2021-09-10,False,45,-0.0005875714872934645,False,76534478.62406886,-1.1367415166850277,bet_Hyi,1-3,0.11053128425599726,3,1.6770000001997687
128.34832066785268,0,1.0589102542884234,False,0.0005881953908263599,False,59468.183255693104,0.12910028370745255,2021-09-10,False,46,-0.00041275393203274446,False,74404825.84748523,-0.7017292866794884,bet_Hyi,1-3,0.1286875297754198,4,1.7249999473278876
128.34832066785268,0,1.0589102542884234,False,0.0007727817377896926,False,59468.183255693104,0.14754732953539806,2021-09-10,False,47,-0.0008571156866652996,False,72390479.4576358,-1.109130359520165,bet_Hyi,1-3,0.14669021384873276,5,1.7730000081428443
114.66707793936314,0,1.0589102542884234,False,0.0018238088427055842,False,59468.183255693104,0.1256530595023921,2021-09-10,False,48,0.0009147403390993292,False,74799135.39711991,0.5015549424260549,bet_Hyi,1-4,0.12656779984149144,0,1.5330000451285741
114.66707793936314,0,1.0589102542884234,False,0.0014893892293084275,False,59468.183255693104,0.14624161584416073,2021-09-10,False,49,0.0015714762796347759,False,72528196.39530122,1.055114572276358,bet_Hyi,1-4,0.1478130921237955,1,1.580999992256693
114.66707793936314,0,1.0589102542884234,False,0.001290201834140776,False,59468.183255693104,0.16723658072968006,2021-09-10,False,50,0.0037499309151190485,False,70391082.99790807,2.9064684422932605,bet_Hyi,1-4,0.1709865116447991,2,1.6290000530716497
114.66707793936314,0,1.0589102542884234,False,0.0008898050679392272,False,59468.183255693104,0.18845150523228818,2021-09-10,False,51,0.002527607894717482,False,68376313.61103381,2.840631039078455,bet_Hyi,1-4,0.19097911312700566,3,1.6770000001997687
114.66707793936314,0,1.0589102542884234,True,0.0011181096638096908,False,59468.183255693104,0.2097280997383949,2021-09-10,False,52,0.006164748671976611,True,66473670.40038943,5.513545648976601,bet_Hyi,1-4,0.2158928484103715,4,1.7249999473278876
114.66707793936314,0,1.0589102542884234,True,0.0008357009873845987,False,59468.183255693104,0.23093365398096935,2021-09-10,False,53,0.004608199058105805,True,64674042.53397207,5.5141720874682445,bet_Hyi,1-4,0.23554185303907516,5,1.7730000081428443
53.501319964810705,0,1.0589102542884234,True,0.0038561279492896616,False,59468.183255693104,0.6779427187966096,2021-09-10,False,54,0.015034721232580317,True,34899751.06968995,3.8989165894637567,bet_Hyi,2-3,0.6929774400291899,0,1.5330000451285741
53.501319964810705,0,1.0589102542884234,False,0.0038381281688594244,False,59468.183255693104,0.6943891340713473,2021-09-10,False,55,-0.005287134365139168,False,33840177.246581644,-1.377529392592,bet_Hyi,2-3,0.6891019997062081,1,1.580999992256693
53.501319964810705,0,1.0589102542884234,False,0.004667047372593357,False,59468.183255693104,0.7096907718218367,2021-09-10,False,56,0.010627014323017492,False,32843043.72116402,2.2770315950558557,bet_Hyi,2-3,0.7203177861448542,2,1.6290000530716497
53.501319964810705,0,1.0589102542884234,False,0.0036556043702850242,False,59468.183255693104,0.7239415786244763,2021-09-10,False,57,0.0021916357097727657,False,31902993.41588401,0.5995275986613086,bet_Hyi,2-3,0.726133214334249,3,1.6770000001997687
53.501319964810705,0,1.0589102542884234,True,0.0037380959858469855,False,59468.183255693104,0.7372276490725908,2021-09-10,False,58,0.019106632560219827,True,31015258.89765212,5.111327433153273,bet_Hyi,2-3,0.7563342816328106,4,1.7249999473278876
53.501319964810705,0,1.0589102542884234,True,0.002851621461422764,False,59468.183255693104,0.7496276106078382,2021-09-10,False,59,0.013494504272358432,True,30175589.238068573,4.732221458883816,bet_Hyi,2-3,0.7631221148801967,5,1.7730000081428443
81.53214753361364,0,1.0589102542884234,False,0.0051884198293343465,False,59468.183255693104,0.38809276335180803,2021-09-10,False,60,-0.008401560321395052,False,53184700.02182907,-1.6192907663127443,bet_Hyi,2-4,0.379691203030413,0,1.5330000451285741
81.53214753361364,0,1.0589102542884234,False,0.0041991336334007675,False,59468.183255693104,0.4126356107238249,2021-09-10,False,61,-0.0028820424078611073,False,51569986.04233768,-0.6863421504228283,bet_Hyi,2-4,0.40975356831596377,1,1.580999992256693
81.53214753361364,0,1.0589102542884234,False,0.0025751965065377463,False,59468.183255693104,0.4361289418371395,2021-09-10,False,62,0.007501945450501091,False,50050426.56682316,2.9131545617802854,bet_Hyi,2-4,0.4436308872876406,2,1.6290000530716497
81.53214753361364,0,1.0589102542884234,False,0.0018173978014471754,False,59468.183255693104,0.45857852369007773,2021-09-10,False,63,0.0013157983924804717,False,48617857.796005554,0.7240013118936948,bet_Hyi,2-4,0.4598943220825582,3,1.6770000001997687
81.53214753361364,0,1.0589102542884234,True,0.001861224651017109,False,59468.183255693104,0.4800019786968004,2021-09-10,False,64,-0.006215808046744431,True,47265014.50618075,-3.3396334200429054,bet_Hyi,2-4,0.47378617065005596,4,1.7249999473278876
81.53214753361364,0,1.0589102542884234,False,0.00205260947716223,False,59468.183255693104,0.5004253737599462,2021-09-10,False,65,-0.004910046183288219,False,45985418.58948761,-2.3920995386206867,bet_Hyi,2-4,0.495515327576658,5,1.7730000081428443
64.77715904173,0,1.0589102542884234,False,0.006296115924184708,False,59468.183255693104,0.5604884799838775,2021-09-10,False,66,-0.017982942780594757,False,42255157.94834636,-2.8561962640361314,bet_Hyi,3-4,0.5425055372032828,0,1.5330000451285741
64.77715904173,0,1.0589102542884234,True,0.004657647555611072,False,59468.183255693104,0.581197490831838,2021-09-10,False,67,-0.01438740413670525,True,40972270.30929214,-3.0889851507490587,bet_Hyi,3-4,0.5668100866951328,1,1.580999992256693
64.77715904173,0,1.0589102542884234,False,0.003972447148046743,False,59468.183255693104,0.6006494665152653,2021-09-10,False,68,-0.010980515189727202,False,39764982.76939028,-2.76416898211631,bet_Hyi,3-4,0.5896689513255381,2,1.6290000530716497
64.77715904173,0,1.0589102542884234,False,0.0026802437594459954,False,59468.183255693104,0.6189228089551732,2021-09-10,False,69,-0.004690996177522888,False,38626809.20334739,-1.7502125174213683,bet_Hyi,3-4,0.6142318127776503,3,1.6770000001997687
64.77715904173,0,1.0589102542884234,False,0.0030302398286042964,False,59468.183255693104,0.6360935926188562,2021-09-10,False,70,0.002193229685462428,False,37551977.40270839,0.7237808917826188,bet_Hyi,3-4,0.6382868223043187,4,1.7249999473278876
64.77715904173,0,1.0589102542884234,False,0.00376664388001045,False,59468.183255693104,0.652234624830891,2021-09-10,False,71,0.009635688683579002,False,36535340.52127942,2.5581629138649205,bet_Hyi,3-4,0.66187031351447,5,1.7730000081428443
75.90709934462255,0,0.9905923622600664,False,0.030048096938640606,False,59263.145032780805,0.8149117644653349,2021-02-17,False,0,0.03831505640567201,False,49515392.765860066,1.275124227797616,gam_Lep,1-2,0.8532268208710069,0,1.5330000451285741
75.90709934462255,0,0.9905923622600664,False,0.026780181475628075,False,59263.145032780805,0.8251099806729849,2021-02-17,False,1,0.020833445266859596,False,48012080.78203341,0.7779426470959339,gam_Lep,1-2,0.8459434259398445,1,1.580999992256693
75.90709934462255,0,0.9905923622600664,False,0.02673505979444181,False,59263.145032780805,0.8345126090503774,2021-02-17,False,2,0.027875558576308745,False,46597358.42334185,1.0426592942239854,gam_Lep,1-2,0.8623881676266861,2,1.6290000530716497
75.90709934462255,0,0.9905923622600664,False,0.02461135390326499,False,59263.145032780805,0.8431974955561319,2021-02-17,False,3,0.030121175108313136,False,45263625.12556965,1.2238731451631844,gam_Lep,1-2,0.873318670664445,3,1.6770000001997687
75.90709934462255,0,0.9905923622600664,False,0.024643301181969855,False,59263.145032780805,0.8512336390419244,2021-02-17,False,4,0.03856659336944346,False,44004116.90574629,1.5649929806344496,gam_Lep,1-2,0.8898002324113679,4,1.7249999473278876
75.90709934462255,0,0.9905923622600664,False,0.023942323943526047,False,59263.145032780805,0.8586822484267254,2021-02-17,False,5,0.03908249484700843,False,42812802.59221916,1.6323601225676447,gam_Lep,1-2,0.8977647432737338,5,1.7730000081428443
99.7589285282087,0,0.9905923622600664,True,0.013966572813761227,False,59263.145032780805,0.6990406346391073,2021-02-17,False,6,0.04252089144452087,True,65074315.45433635,3.044475692893331,gam_Lep,1-3,0.7415615260836281,0,1.5330000451285741
99.7589285282087,0,0.9905923622600664,False,0.011891038962097708,False,59263.145032780805,0.7146113263310542,2021-02-17,False,7,0.028028671794450233,False,63098626.829095975,2.357125553434876,gam_Lep,1-3,0.7426399981255044,1,1.580999992256693
99.7589285282087,0,0.9905923622600664,True,0.011837327613767813,False,59263.145032780805,0.7290757841583138,2021-02-17,False,8,0.03958339788600951,True,61239364.81162344,3.34394714563536,gam_Lep,1-3,0.7686591820443233,2,1.6290000530716497
99.7589285282087,0,0.9905923622600664,True,0.010978987247522267,False,59263.145032780805,0.7425279569537864,2021-02-17,False,9,0.04263203327029774,True,59486540.55833343,3.8830569987153343,gam_Lep,1-3,0.7851599902240841,3,1.6770000001997687
99.7589285282087,0,0.9905923622600664,True,0.009661728016033924,False,59263.145032780805,0.7550533721463021,2021-02-17,False,10,0.042761365056611655,True,57831264.68075569,4.4258506331008185,gam_Lep,1-3,0.7978147372029137,4,1.7249999473278876
99.7589285282087,0,0.9905923622600664,True,0.011712554251780489,False,59263.145032780805,0.7667296961546896,2021-02-17,False,11,0.04593741694873699,True,56265610.8686106,3.9220665246228243,gam_Lep,1-3,0.8126671131034265,5,1.7730000081428443
114.0185869221408,0,0.9905923622600664,True,0.012246430393451984,False,59263.145032780805,0.6236101364537728,2021-02-17,False,12,0.06452146370183443,True,74376114.52423535,5.268593510835064,gam_Lep,1-4,0.6881316001556073,0,1.5330000451285741
114.0185869221408,0,0.9905923622600664,True,0.01380157492843212,False,59263.145032780805,0.642175203706385,2021-02-17,False,13,0.042050683536989264,True,72118018.64678858,3.046803263761021,gam_Lep,1-4,0.6842258872433743,1,1.580999992256693
114.0185869221408,0,0.9905923622600664,True,0.011789926987936208,False,59263.145032780805,0.6595194087823202,2021-02-17,False,14,0.05414641214147231,True,69992991.5331475,4.592599445007291,gam_Lep,1-4,0.7136658209237925,2,1.6290000530716497
114.0185869221408,0,0.9905923622600664,True,0.015864242242721174,False,59263.145032780805,0.6757330946368603,2021-02-17,False,15,0.048210621281889465,True,67989616.52269445,3.0389488854413735,gam_Lep,1-4,0.7239437159187497,3,1.6770000001997687
114.0185869221408,0,0.9905923622600664,True,0.01290927426008381,False,59263.145032780805,0.6909007825613834,2021-02-17,False,16,0.08131166433485315,True,66097733.5673322,6.29870143717322,gam_Lep,1-4,0.7722124468962366,4,1.7249999473278876
114.0185869221408,0,0.9905923622600664,True,0.01322906534081556,False,59263.145032780805,0.7051010168978941,2021-02-17,False,17,0.09170613140535888,True,64308283.36068159,6.932170115028344,gam_Lep,1-4,0.7968071483032529,5,1.7730000081428443
48.0675065297391,0,0.9905923622600664,False,0.03374782739159179,False,59263.145032780805,0.9219671038011142,2021-02-17,False,18,0.09370027397157477,False,31355189.24639538,2.7764831461393578,gam_Lep,2-3,1.015667377772689,0,1.5330000451285741
48.0675065297391,0,0.9905923622600664,False,0.0309018461753917,False,59263.145032780805,0.9264855841537822,2021-02-17,False,19,0.07049910486600985,False,30403230.085490603,2.2813881237345273,gam_Lep,2-3,0.9969846890197921,1,1.580999992256693
48.0675065297391,0,0.9905923622600664,True,0.027321586502593725,False,59263.145032780805,0.9306267074956556,2021-02-17,False,20,0.08812607926477711,True,29507369.529609773,3.2255110535550715,gam_Lep,2-3,1.0187527867604327,2,1.6290000530716497
48.0675065297391,0,0.9905923622600664,False,0.02722124959230464,False,59263.145032780805,0.9344308966506748,2021-02-17,False,21,0.06315182291379162,False,28662794.587962534,2.319945772498425,gam_Lep,2-3,0.9975827195644664,3,1.6770000001997687
48.0675065297391,0,0.9905923622600664,True,0.024861544508711253,False,59263.145032780805,0.9379333868365305,2021-02-17,False,22,0.09212324990957454,True,27865222.027512584,3.705451601258941,gam_Lep,2-3,1.030056636746105,4,1.7249999473278876
48.0675065297391,0,0.9905923622600664,True,0.02471518839989404,False,59263.145032780805,0.9411649710716417,2021-02-17,False,23,0.08614595321728968,True,27110832.661579136,3.48554709854686,gam_Lep,2-3,1.0273109242889313,5,1.7730000081428443
131.1712441071903,0,0.9905923622600664,False,0.016228652109127977,False,59263.145032780805,0.5306619297027081,2021-02-17,False,24,0.003253409602265611,False,85565062.13030727,0.20047318658311103,gam_Lep,2-4,0.5339153393049737,0,1.5330000451285741
131.1712441071903,0,0.9905923622600664,False,0.01517867741481584,False,59263.145032780805,0.5522733627869649,2021-02-17,False,25,-0.0038253174254371247,False,82967264.23126583,-0.2520191529799065,gam_Lep,2-4,0.5484480453615278,1,1.580999992256693
131.1712441071903,0,0.9905923622600664,False,0.016203950382188533,False,59263.145032780805,0.5726282847164821,2021-02-17,False,26,0.009732635152649105,False,80522553.61186343,0.6006334827677126,gam_Lep,2-4,0.5823609198691312,2,1.6290000530716497
131.1712441071903,0,0.9905923622600664,False,0.01655787124454717,False,59263.145032780805,0.5917969636028174,2021-02-17,False,27,0.006159240490129725,False,78217796.11900109,0.3719826298418695,gam_Lep,2-4,0.5979562040929471,3,1.6770000001997687
131.1712441071903,0,0.9905923622600664,False,0.017503708385273178,False,59263.145032780805,0.6098493274565767,2021-02-17,False,28,-0.0063807675626922356,False,76041303.25359209,-0.3645380408679981,gam_Lep,2-4,0.6034685598938845,4,1.7249999473278876
131.1712441071903,0,0.9905923622600664,False,0.01807020636136141,False,59263.145032780805,0.626853614863466,2021-02-17,False,29,0.017746632228932357,False,73982652.85096507,0.9820935009839769,gam_Lep,2-4,0.6446002470923984,5,1.7730000081428443
102.92496705144626,0,0.9905923622600664,True,0.038498842712450694,False,59263.145032780805,0.6825665749800729,2021-02-17,False,30,0.14266548021121894,True,67139572.09493352,3.7057082800330594,gam_Lep,3-4,0.8252320551912918,0,1.5330000451285741
102.92496705144626,0,0.9905923622600664,True,0.034639639886666414,False,59263.145032780805,0.698827576303738,2021-02-17,False,31,0.1469310154495408,True,65101181.24955388,4.241701586109672,gam_Lep,3-4,0.8457585917532788,1,1.580999992256693
102.92496705144626,0,0.9905923622600664,True,0.03310845985255464,False,59263.145032780805,0.713951133672314,2021-02-17,False,32,0.1484752099200587,True,63182912.030831724,4.484509716890452,gam_Lep,3-4,0.8624263435923727,2,1.6290000530716497
102.92496705144626,0,0.9905923622600664,True,0.029907443722501093,False,59263.145032780805,0.7280313688452181,2021-02-17,False,33,0.15589797724555288,True,61374458.58031339,5.212681454559148,gam_Lep,3-4,0.883929346090771,3,1.6770000001997687
102.92496705144626,0,0.9905923622600664,True,0.033439394890800285,False,59263.145032780805,0.741154399037922,2021-02-17,False,34,0.1622755461007369,True,59666649.38795056,4.852825436305413,gam_Lep,3-4,0.9034299451386589,4,1.7249999473278876
102.92496705144626,0,0.9905923622600664,True,0.03206220189093709,False,59263.145032780805,0.7533987646547057,2021-02-17,False,35,0.13081153926832945,True,58051306.58699577,4.079929997113064,gam_Lep,3-4,0.8842103039230351,5,1.7730000081428443
74.2010822545784,0,0.9905923622600664,False,0.03152293034439232,False,59263.15422252888,0.8224813774996771,2021-02-17,False,36,-0.00025635689464986733,False,48402531.03081617,-0.008132394160350363,gam_Lep,1-2,0.8222250206050272,0,1.5330000451285741
74.2010822545784,0,0.9905923622600664,False,0.028280237457756395,False,59263.15422252888,0.8322992794017672,2021-02-17,False,37,-0.017298167999947656,False,46933006.08348834,-0.6116698286493101,gam_Lep,1-2,0.8150011114018195,1,1.580999992256693
74.2010822545784,0,0.9905923622600664,False,0.02866958131996764,False,59263.15422252888,0.8413471852981019,2021-02-17,False,38,-0.004419207407460379,False,45550079.70359762,-0.15414272563452167,gam_Lep,1-2,0.8369279778906416,2,1.6290000530716497
74.2010822545784,0,0.9905923622600664,False,0.027413698820806406,False,59263.15422252888,0.8497009959669373,2021-02-17,False,39,-0.0009316058282419215,False,44246322.15011292,-0.03398322256078967,gam_Lep,1-2,0.8487693901386953,3,1.6770000001997687
74.2010822545784,0,0.9905923622600664,False,0.02671931926117586,False,59263.15422252888,0.8574278940079331,2021-02-17,False,40,0.005569076470538836,False,43015121.461029395,0.20842883069371107,gam_Lep,1-2,0.8629969704784719,4,1.7249999473278876
74.2010822545784,0,0.9905923622600664,False,0.02619970532012058,False,59263.15422252888,0.8645874045896603,2021-02-17,False,41,0.009416866070595442,False,41850582.01567717,0.35942641169187406,gam_Lep,1-2,0.8740042706602558,5,1.7730000081428443
95.45358706394931,0,0.9905923622600664,True,0.02329255210012866,False,59263.15422252888,0.7211136313432357,2021-02-17,False,42,-0.0774368474556838,True,62265873.6164248,-3.3245325425398993,gam_Lep,1-3,0.6436767838875519,0,1.5330000451285741
95.45358706394931,0,0.9905923622600664,True,0.024142728942539885,False,59263.15422252888,0.7357292845059101,2021-02-17,False,43,-0.0802906842233928,True,60375450.68403223,-3.3256673019229113,gam_Lep,1-3,0.6554386002825173,1,1.580999992256693
95.45358706394931,0,0.9905923622600664,True,0.01910918926436749,False,59263.15422252888,0.7492857412416918,2021-02-17,False,44,-0.06681265979970596,True,58596429.68332727,-3.4963628689517536,gam_Lep,1-3,0.6824730814419858,2,1.6290000530716497
95.45358706394931,0,0.9905923622600664,True,0.017884655656917586,False,59263.15422252888,0.7618758846185996,2021-02-17,False,45,-0.0714601009182032,True,56919252.86379167,-3.9956095487118444,gam_Lep,1-3,0.6904157837003964,3,1.6770000001997687
95.45358706394931,0,0.9905923622600664,True,0.01653307156960816,False,59263.15422252888,0.7735837539594336,2021-02-17,False,46,-0.0687189098537212,True,55335414.48033767,-4.156451483585386,gam_Lep,1-3,0.7048648441057124,4,1.7249999473278876
95.45358706394931,0,0.9905923622600664,True,0.016219366991523775,False,59263.15422252888,0.7844852603222111,2021-02-17,False,47,-0.06514933275885926,True,53837330.30206448,-4.016761738784641,gam_Lep,1-3,0.7193359275633519,5,1.7730000081428443
110.7311155368431,0,0.9905923622600664,False,0.02917770433810759,False,59263.15422252888,0.6412440758700169,2021-02-17,False,48,0.013065946142267193,False,72231645.3210254,0.4478058311531518,gam_Lep,1-4,0.654310022012284,0,1.5330000451285741
110.7311155368431,0,0.9905923622600664,False,0.025543546340800694,False,59263.15422252888,0.6591481838711618,2021-02-17,False,49,-0.008385931609857011,False,70038656.59656794,-0.3282994263197576,gam_Lep,1-4,0.6507622522613048,1,1.580999992256693
110.7311155368431,0,0.9905923622600664,False,0.023685102745110567,False,59263.15422252888,0.6758516465076566,2021-02-17,False,50,0.0032394395235537665,False,67974899.89521365,0.13677118306875405,gam_Lep,1-4,0.6790910860312104,2,1.6290000530716497
110.7311155368431,0,0.9905923622600664,False,0.02320521023423157,False,59263.15422252888,0.6914466609505,2021-02-17,False,51,-0.001486761494661537,False,66029287.730263874,-0.06407015836763741,gam_Lep,1-4,0.6899598994558385,3,1.6770000001997687
110.7311155368431,0,0.9905923622600664,False,0.02116520698695865,False,59263.15422252888,0.7060188388512201,2021-02-17,False,52,0.03843518203279317,False,64191952.99592398,1.8159606025339488,gam_Lep,1-4,0.7444540208840132,4,1.7249999473278876
110.7311155368431,0,0.9905923622600664,False,0.021879068226950137,False,59263.15422252888,0.7196472421013439,2021-02-17,False,53,0.048068981103884134,False,62454097.590687595,2.1970305410297986,gam_Lep,1-4,0.767716223205228,5,1.7730000081428443
46.31083754769396,0,0.9905923622600664,True,0.0315190444163711,False,59263.15422252888,0.9273912741534359,2021-02-17,False,54,-0.11220264719233175,True,30209286.486883193,-3.559836577217211,gam_Lep,2-3,0.8151886269611042,0,1.5330000451285741
46.31083754769396,0,0.9905923622600664,True,0.031384977551855896,False,59263.15422252888,0.9316055088717965,2021-02-17,False,55,-0.13478969449877598,True,29292117.50443505,-4.2947201181224175,gam_Lep,2-3,0.7968158143730205,1,1.580999992256693
46.31083754769396,0,0.9905923622600664,True,0.026483275938556584,False,59263.15422252888,0.9354667029940151,2021-02-17,False,56,-0.1286285703579283,True,28428996.954524364,-4.856973535160731,gam_Lep,2-3,0.8068381326360868,2,1.6290000530716497
46.31083754769396,0,0.9905923622600664,True,0.027835478940275236,False,59263.15422252888,0.9390128227989574,2021-02-17,False,57,-0.13577375560905713,True,27615287.74131025,-4.877722991595653,gam_Lep,2-3,0.8032390671899002,3,1.6770000001997687
46.31083754769396,0,0.9905923622600664,True,0.026425534350429235,False,59263.15422252888,0.942276938421385,2021-02-17,False,58,-0.10041041474217838,True,26846863.166246347,-3.799749644061498,gam_Lep,2-3,0.8418665236792067,4,1.7249999473278876
46.31083754769396,0,0.9905923622600664,True,0.026907180002312694,False,59263.15422252888,0.9452879319938412,2021-02-17,False,59,-0.09650612703356276,True,26120043.618162725,-3.5866310414271574,gam_Lep,2-3,0.8487818049602784,5,1.7730000081428443
130.76397233920966,0,0.9905923622600664,False,0.02316340737981818,False,59263.15422252888,0.5328699059479017,2021-02-17,False,60,-0.05666127978773988,False,85299392.36123268,-2.4461547845118736,gam_Lep,2-4,0.47620862616016185,0,1.5330000451285741
130.76397233920966,0,0.9905923622600664,True,0.021051388703791418,False,59263.15422252888,0.5544181375461479,2021-02-17,False,61,-0.0676123882512707,True,82709660.32868813,-3.2117780542949883,gam_Lep,2-4,0.4868057492948772,1,1.580999992256693
130.76397233920966,0,0.9905923622600664,False,0.021927106119529895,False,59263.15422252888,0.5747092592358776,2021-02-17,False,62,-0.04925459647505914,False,80272540.25722131,-2.24628805126224,gam_Lep,2-4,0.5254546627608184,2,1.6290000530716497
130.76397233920966,0,0.9905923622600664,False,0.02175287498441149,False,59263.15422252888,0.5938142174297799,2021-02-17,False,63,-0.05217498039159507,False,77974938.77378218,-2.3985326274795686,gam_Lep,2-4,0.5416392370381848,3,1.6770000001997687
130.76397233920966,0,0.9905923622600664,False,0.023392440774171772,False,59263.15422252888,0.6118034617702395,2021-02-17,False,64,-0.059351345366889685,False,75805203.67074195,-2.537201908080542,gam_Lep,2-4,0.5524521164033498,4,1.7249999473278876
130.76397233920966,0,0.9905923622600664,False,0.024650189386214497,False,59263.15422252888,0.6287456270275569,2021-02-17,False,65,-0.039405026503058216,False,73752945.14306311,-1.5985689150565023,gam_Lep,2-4,0.5893406005244987,5,1.7730000081428443
102.96970299122918,0,0.9905923622600664,False,0.037711727175714485,False,59263.15422252888,0.6823324694523367,2021-02-17,False,66,-0.09847539770474567,False,67168754.05088003,-2.611267239124535,gam_Lep,3-4,0.583857071747591,0,1.5330000451285741
102.96970299122918,0,0.9905923622600664,False,0.035950569402214805,False,59263.15422252888,0.6986031390167863,2021-02-17,False,67,-0.09540067066729885,False,65129477.226784766,-2.6536622994744974,gam_Lep,3-4,0.6032024683494874,1,1.580999992256693
102.96970299122918,0,0.9905923622600664,False,0.03623567010398851,False,59263.15422252888,0.7137359454461597,2021-02-17,False,68,-0.0878589729010858,False,63210374.23974852,-2.4246542881351334,gam_Lep,3-4,0.6258769725450739,2,1.6290000530716497
102.96970299122918,0,0.9905923622600664,False,0.03668249172058216,False,59263.15422252888,0.7278250091087614,2021-02-17,False,69,-0.07230863521360142,False,61401134.75191601,-1.9712029314799737,gam_Lep,3-4,0.6555163738951599,3,1.6770000001997687
102.96970299122918,0,0.9905923622600664,False,0.038741832964119115,False,59263.15422252888,0.7409564523722384,2021-02-17,False,70,-0.0626712013610572,False,59692583.26687747,-1.6176622675313361,gam_Lep,3-4,0.6782852510111812,4,1.7249999473278876
102.96970299122918,0,0.9905923622600664,False,0.03672661566765452,False,59263.15422252888,0.7532088253503164,2021-02-17,False,71,-0.07809568667591393,False,58076538.3634072,-2.1264057484254817,gam_Lep,3-4,0.6751131386744025,5,1.7730000081428443
84.82877755077897,0,1.0676534447507724,False,0.003231991333062418,False,58814.02298722391,0.8149572621280327,2019-11-26,False,0,6.13379629461619e-05,False,55335143.5444115,0.01897838101194478,iot_Psc,1-2,0.8150186000909788,0,1.5330000451285741
84.82877755077897,0,1.0676534447507724,False,0.0034726149907624107,False,58814.02298722391,0.825152375671614,2019-11-26,False,1,-0.008839042611469172,False,53655141.02861935,-2.5453563481647485,iot_Psc,1-2,0.8163133330601449,1,1.580999992256693
84.82877755077897,0,1.0676534447507724,False,0.0029881219683676455,False,58814.02298722391,0.8345522052521386,2019-11-26,False,2,0.0032250243574960535,False,52074140.44635876,1.0792813652308253,iot_Psc,1-2,0.8377772296096346,2,1.6290000530716497
84.82877755077897,0,1.0676534447507724,False,0.0032975822559133516,False,58814.02298722391,0.8432345592902398,2019-11-26,False,3,-0.004103474836357757,False,50583647.907378614,-1.2443889243397181,iot_Psc,1-2,0.8391310844538821,3,1.6770000001997687
84.82877755077897,0,1.0676534447507724,False,0.003241825538137899,False,58814.02298722391,0.8512684045327477,2019-11-26,False,4,-0.0005701814544013528,False,49176104.42955841,-0.175882831353369,iot_Psc,1-2,0.8506982230783463,4,1.7249999473278876
84.82877755077897,0,1.0676534447507724,False,0.002923569637988574,False,58814.02298722391,0.8587149223603479,2019-11-26,False,5,0.0009636608412514347,False,47844769.97246839,0.3296178851804046,iot_Psc,1-2,0.8596785832015993,5,1.7730000081428443
127.38375590744052,0,1.0676534447507724,True,0.002113588722970735,False,58814.02298722391,0.6238994587398513,2019-11-26,False,6,-0.007340040696269812,True,83094424.10796323,-3.4727857016350305,iot_Psc,1-3,0.6165594180435815,0,1.5330000451285741
127.38375590744052,0,1.0676534447507724,True,0.002235380890348045,False,58814.02298722391,0.6424502319768306,2019-11-26,False,7,-0.021705168404285047,True,80571636.00969729,-9.709829988260116,iot_Psc,1-3,0.6207450635725456,1,1.580999992256693
127.38375590744052,0,1.0676534447507724,True,0.002209633995185776,False,58814.02298722391,0.6597810414888177,2019-11-26,False,8,-0.011414034943921347,True,78197514.89095727,-5.1655771810125986,iot_Psc,1-3,0.6483670065448963,2,1.6290000530716497
127.38375590744052,0,1.0676534447507724,True,0.0016874620816740597,False,58814.02298722391,0.6759821767867531,2019-11-26,False,9,-0.018252621983299022,True,75959305.83915696,-10.816611633247112,iot_Psc,1-3,0.6577295548034541,3,1.6770000001997687
127.38375590744052,0,1.0676534447507724,True,0.002016505607006071,False,58814.02298722391,0.6911381053614135,2019-11-26,False,10,-0.021569505222346685,True,73845657.85336076,-10.696476690868804,iot_Psc,1-3,0.6695686001390668,4,1.7249999473278876
127.38375590744052,0,1.0676534447507724,True,0.0027088239144794374,False,58814.02298722391,0.7053273188868131,2019-11-26,False,11,-0.01652347437828483,True,71846449.70242868,-6.099870238874568,iot_Psc,1-3,0.6888038445085283,5,1.7730000081428443
128.44746500772925,0,1.0676534447507724,False,0.0038589517849288613,False,58814.02298722391,0.6187770779065943,2019-11-26,False,12,5.785303705430067e-06,False,83788298.2560227,0.0014991904610015016,iot_Psc,1-4,0.6187828632102997,0,1.5330000451285741
128.44746500772925,0,1.0676534447507724,True,0.003471272582047786,False,58814.02298722391,0.6375151772204745,2019-11-26,False,13,-0.02190446098606691,True,81244443.7930613,-6.310210583677341,iot_Psc,1-4,0.6156107162344076,1,1.580999992256693
128.44746500772925,0,1.0676534447507724,True,0.0031491500232493272,False,58814.02298722391,0.655028211589709,2019-11-26,False,14,-0.012392659110112336,True,78850497.74278899,-3.9352393562137937,iot_Psc,1-4,0.6426355524795967,2,1.6290000530716497
128.44746500772925,0,1.0676534447507724,True,0.0030955365533549763,False,58814.02298722391,0.6714058167481392,2019-11-26,False,15,-0.016089113064466476,True,76593598.68361852,-5.197519973404584,iot_Psc,1-4,0.6553167036836727,3,1.6770000001997687
128.44746500772925,0,1.0676534447507724,False,0.003169484194346642,False,58814.02298722391,0.6867320452946359,2019-11-26,False,16,-0.0017611424058832092,False,74462300.82887879,-0.555655841106427,iot_Psc,1-4,0.6849709028887527,4,1.7249999473278876
128.44746500772925,0,1.0676534447507724,False,0.0029665779142969534,False,58814.02298722391,0.7010851550170559,2019-11-26,False,17,0.006935453183803841,False,72446398.43080062,2.337863148774728,iot_Psc,1-4,0.7080206082008598,5,1.7730000081428443
57.40480807269731,0,1.0676534447507724,True,0.0044113707768237516,False,58814.02298722391,0.9113290228312193,2019-11-26,False,18,0.01746704019739509,True,37446057.65349649,3.9595493285585035,iot_Psc,2-3,0.9287960630286144,0,1.5330000451285741
57.40480807269731,0,1.0676534447507724,False,0.00334368721021542,False,58814.02298722391,0.9164395923644503,2019-11-26,False,19,7.952240742004069e-05,False,36309176.69440253,0.023782848819437687,iot_Psc,2-3,0.9165191147718703,1,1.580999992256693
57.40480807269731,0,1.0676534447507724,False,0.0034556966838447008,False,58814.02298722391,0.9211260010264802,2019-11-26,False,20,0.007449793180264841,False,35239291.7142357,2.1558006566642396,iot_Psc,2-3,0.9285757942067451,2,1.6290000530716497
57.40480807269731,0,1.0676534447507724,False,0.0031294713366136558,False,58814.02298722391,0.9254333280683783,2019-11-26,False,21,-0.006010257310002487,False,34230654.779880196,-1.9205343853719643,iot_Psc,2-3,0.9194230707583758,3,1.6770000001997687
57.40480807269731,0,1.0676534447507724,True,0.0030969253611841698,False,58814.02298722391,0.9294009246210962,2019-11-26,False,22,0.010726041831954802,True,33278150.623494375,3.463448608220087,iot_Psc,2-3,0.940126966453051,4,1.7249999473278876
57.40480807269731,0,1.0676534447507724,False,0.0037364538642458887,False,58814.02298722391,0.933063225754171,2019-11-26,False,23,0.010954274995517488,False,32377218.166415486,2.931730296562444,iot_Psc,2-3,0.9440175007496885,5,1.7730000081428443
116.05161314499979,0,1.0676534447507724,True,0.005018939483228468,False,58814.02298722391,0.6778329685094892,2019-11-26,False,24,0.024016021931372422,True,75702289.45118292,4.78507900157504,iot_Psc,2-4,0.7018489904408616,0,1.5330000451285741
116.05161314499979,0,1.0676534447507724,False,0.004365533660346357,False,58814.02298722391,0.6942860550282315,2019-11-26,False,25,-0.0027665661338168723,False,73403930.24249776,-0.63372919534364,iot_Psc,2-4,0.6915194888944146,1,1.580999992256693
116.05161314499979,0,1.0676534447507724,False,0.0030222029732354014,False,58814.02298722391,0.7095938030443117,2019-11-26,False,26,0.002912753835016435,False,71241012.50099553,0.963784980959834,iot_Psc,2-4,0.7125065568793282,2,1.6290000530716497
116.05161314499979,0,1.0676534447507724,False,0.0030666427958087844,False,58814.02298722391,0.723850215334466,2019-11-26,False,27,-0.005058776493809591,False,69201915.99950829,-1.6496138711438706,iot_Psc,2-4,0.7187914388406564,3,1.6770000001997687
116.05161314499979,0,1.0676534447507724,True,0.0026511912144797254,False,58814.02298722391,0.7371414368007096,2019-11-26,False,28,-0.008895981495009142,True,67276299.52961425,-3.355465817185467,iot_Psc,2-4,0.7282454553057005,4,1.7249999473278876
116.05161314499979,0,1.0676534447507724,True,0.002330305008320287,False,58814.02298722391,0.7495461397773479,2019-11-26,False,29,0.0074243141506706856,True,65454942.2515569,3.18598386226798,iot_Psc,2-4,0.7569704539280185,5,1.7730000081428443
88.87331795470061,0,1.0676534447507724,False,0.0022839649162343374,False,58814.02298722391,0.7985377643770876,2019-11-26,False,30,-0.004288114163718992,False,57973460.755669266,-1.8774868796097686,iot_Psc,3-4,0.7942496502133686,0,1.5330000451285741
88.87331795470061,0,1.0676534447507724,True,0.002209105765577581,False,58814.02298722391,0.8095459451212099,2019-11-26,False,31,-0.012270678062354157,True,56213357.61541928,-5.554590573958295,iot_Psc,3-4,0.7972752670588558,1,1.580999992256693
88.87331795470061,0,1.0676534447507724,False,0.002757800954566846,False,58814.02298722391,0.8197055108567831,2019-11-26,False,32,-0.002958968811937912,False,54556976.70919082,-1.0729450242005092,iot_Psc,3-4,0.8167465420448452,2,1.6290000530716497
88.87331795470061,0,1.0676534447507724,False,0.0020844203895825884,False,58814.02298722391,0.8290981141069182,2019-11-26,False,33,-0.0020639730229542463,False,52995419.16762897,-0.9901903825492531,iot_Psc,3-4,0.827034141083964,3,1.6770000001997687
88.87331795470061,0,1.0676534447507724,False,0.0029143492948635118,False,58814.02298722391,0.8377963536059104,2019-11-26,False,34,0.002272034242005505,False,51520765.6048743,0.7796025843607438,iot_Psc,3-4,0.8400683878479159,4,1.7249999473278876
88.87331795470061,0,1.0676534447507724,False,0.004491357669680367,False,58814.02298722391,0.8458648099942794,2019-11-26,False,35,0.0018415814347237935,False,50125954.62297393,0.4100277845061607,iot_Psc,3-4,0.8477063914290032,5,1.7730000081428443
82.43998062936308,0,1.0676534447507724,False,0.0022086521044474405,False,58814.03473527591,0.824420574887346,2019-11-26,False,36,0.000763523926860743,False,53776893.80462397,0.3456967828130456,iot_Psc,1-2,0.8251840988142067,0,1.5330000451285741
82.43998062936308,0,1.0676534447507724,False,0.002246402670658252,False,58814.03473527591,0.8341397605895925,2019-11-26,False,37,-0.006186539156153303,False,52144200.52696498,-2.753976051114867,iot_Psc,1-2,0.8279532214334392,1,1.580999992256693
82.43998062936308,0,1.0676534447507724,False,0.0019964047078312556,False,58814.03473527591,0.8430957437774814,2019-11-26,False,38,0.0003077119276894136,False,50607721.266745135,0.15413304050143659,iot_Psc,1-2,0.8434034557051708,2,1.6290000530716497
82.43998062936308,0,1.0676534447507724,False,0.002099234578600304,False,58814.03473527591,0.8513638858144835,2019-11-26,False,39,0.0028384150586860946,False,49159201.323519744,1.3521190473999576,iot_Psc,1-2,0.8542023008731696,3,1.6770000001997687
82.43998062936308,0,1.0676534447507724,True,0.0023420456271308916,False,58814.03473527591,0.8590108703697555,2019-11-26,False,40,0.009217727643580642,True,47791294.5777574,3.9357592084458073,iot_Psc,1-2,0.8682285980133362,4,1.7249999473278876
82.43998062936308,0,1.0676534447507724,True,0.00198193936027681,False,58814.03473527591,0.8660957636477108,2019-11-26,False,41,0.0064265544770581995,True,46497450.79004037,3.242558579673511,iot_Psc,1-2,0.872522318124769,5,1.7730000081428443
125.38177595916459,0,1.0676534447507724,False,0.0018456050460799337,False,58814.03473527591,0.6335176796485139,2019-11-26,False,42,0.0009184102486017309,False,81788501.15340258,0.49762014389396847,iot_Psc,1-3,0.6344360898971156,0,1.5330000451285741
125.38177595916459,0,1.0676534447507724,True,0.0018127604928155961,False,58814.03473527591,0.6517109848151422,2019-11-26,False,43,-0.010489695538152377,True,79305361.52640755,-5.786586578715474,iot_Psc,1-3,0.6412212892769898,1,1.580999992256693
125.38177595916459,0,1.0676534447507724,False,0.0022884329083929056,False,58814.03473527591,0.6686948515642474,2019-11-26,False,44,-0.005869057898319818,False,76968552.40903409,-2.564662427635457,iot_Psc,1-3,0.6628257936659275,2,1.6290000530716497
125.38177595916459,0,1.0676534447507724,True,0.0020601161934822956,False,58814.03473527591,0.6845606554454157,2019-11-26,False,45,-0.011155123636399367,True,74765519.34658842,-5.4148031415370905,iot_Psc,1-3,0.6734055318090163,3,1.6770000001997687
125.38177595916459,0,1.0676534447507724,True,0.00214442714980957,False,58814.03473527591,0.6993935223816745,2019-11-26,False,46,-0.014751542568709253,True,72685089.73196626,-6.879013152775659,iot_Psc,1-3,0.6846419798129653,4,1.7249999473278876
125.38177595916459,0,1.0676534447507724,True,0.0016384648360764835,False,58814.03473527591,0.7132722806002353,2019-11-26,False,47,-0.017057355397249063,True,70717301.4006343,-10.410571543357081,iot_Psc,1-3,0.6962149252029862,5,1.7730000081428443
130.11376374781187,0,1.0676534447507724,True,0.0028849527149999053,False,58814.03473527591,0.6107382159902314,2019-11-26,False,48,0.017050050512879333,True,84875251.08774482,5.909993056118389,iot_Psc,1-4,0.6277882665031107,0,1.5330000451285741
130.11376374781187,0,1.0676534447507724,False,0.002367538583015037,False,58814.03473527591,0.6297659617015743,2019-11-26,False,49,0.00022864714617898407,False,82298396.19549248,0.09657589017527402,iot_Psc,1-4,0.6299946088477533,1,1.580999992256693
130.11376374781187,0,1.0676534447507724,False,0.0021899366318070736,False,58814.03473527591,0.6475613497068107,2019-11-26,False,50,0.004471300927026189,False,79873394.41915227,2.0417489995299993,iot_Psc,1-4,0.6520326506338369,2,1.6290000530716497
130.11376374781187,0,1.0676534447507724,True,0.00233732864770092,False,58814.03473527591,0.6642128839564924,2019-11-26,False,51,0.007568557283796684,True,77587217.49094358,3.238122842177709,iot_Psc,1-4,0.671781441240289,3,1.6770000001997687
130.11376374781187,0,1.0676534447507724,True,0.0028786546755483603,False,58814.03473527591,0.6798038756266679,2019-11-26,False,52,0.020462358292870686,True,75428271.14248015,7.108305996783992,iot_Psc,1-4,0.7002662339195386,4,1.7249999473278876
130.11376374781187,0,1.0676534447507724,True,0.0019879517499615178,False,58814.03473527591,0.6944121384793257,2019-11-26,False,53,0.03083443209494008,True,73386217.23081745,15.510654167304093,iot_Psc,1-4,0.7252465705742658,5,1.7730000081428443
57.915329560542176,0,1.0676534447507724,True,0.0032928097392318943,False,58814.03473527591,0.9098068037066234,2019-11-26,False,54,0.023043871728455123,True,37779078.83602493,6.9982396656268735,iot_Psc,2-3,0.9328506754350785,0,1.5330000451285741
57.915329560542176,0,1.0676534447507724,True,0.002266609059378474,False,58814.03473527591,0.9150016332494026,2019-11-26,False,55,-0.00805912879528159,True,36632087.18797955,-3.5555883631257874,iot_Psc,2-3,0.9069425044541211,1,1.580999992256693
57.915329560542176,0,1.0676534447507724,False,0.002663614896914451,False,58814.03473527591,0.9197656935146152,2019-11-26,False,56,-0.005667272402438361,False,35552687.33806164,-2.1276620764523306,iot_Psc,2-3,0.9140984211121769,2,1.6290000530716497
57.915329560542176,0,1.0676534447507724,True,0.002458714086719544,False,58814.03473527591,0.9241447139147281,2019-11-26,False,57,-0.008567647833368941,True,34535080.23473056,-3.4846051761959984,iot_Psc,2-3,0.9155770660813591,3,1.6770000001997687
57.915329560542176,0,1.0676534447507724,True,0.00257524635350873,False,58814.03473527591,0.9281786214984704,2019-11-26,False,58,0.014577176613100429,True,33574105.11823838,5.6604979143992455,iot_Psc,2-3,0.9427557981115708,4,1.7249999473278876
57.915329560542176,0,1.0676534447507724,False,0.002600876691366244,False,58814.03473527591,0.931902361908277,2019-11-26,False,59,0.006397131697565506,False,32665160.34661865,2.4596059162670585,iot_Psc,2-3,0.9382994936058425,5,1.7730000081428443
117.01540442790743,0,1.0676534447507724,True,0.00396335090579298,False,58814.03473527591,0.6733020381516993,2019-11-26,False,60,0.03192593801776955,True,76330985.63809451,8.055289268256672,iot_Psc,2-4,0.7052279761694689,0,1.5330000451285741
117.01540442790743,0,1.0676534447507724,False,0.0033332426620993057,False,58814.03473527591,0.6899398772185262,2019-11-26,False,61,0.008594379875656477,False,74013538.90007399,2.5783840982773394,iot_Psc,2-4,0.6985342570941827,1,1.580999992256693
117.01540442790743,0,1.0676534447507724,True,0.002630315640279366,False,58814.03473527591,0.7054246688045236,2019-11-26,False,62,0.01142521899713278,True,71832658.45035589,4.34366842601419,iot_Psc,2-4,0.7168498878016564,2,1.6290000530716497
117.01540442790743,0,1.0676534447507724,True,0.002487862362859633,False,58814.03473527591,0.719850325649202,2019-11-26,False,63,0.011973691422644595,True,69776627.5575243,4.81284318674351,iot_Psc,2-4,0.7318240170718466,3,1.6770000001997687
117.01540442790743,0,1.0676534447507724,False,0.002142317697653664,False,58814.03473527591,0.7333030392401352,2019-11-26,False,64,-0.002104415776690738,False,67835019.1309688,-0.9823079830762554,iot_Psc,2-4,0.7311986234634444,4,1.7249999473278876
117.01540442790743,0,1.0676534447507724,True,0.0024493635803672573,False,58814.03473527591,0.7458616251019744,2019-11-26,False,65,0.015544382601929474,True,65998535.753238365,6.3462944932000465,iot_Psc,2-4,0.7614060077039039,5,1.7730000081428443
87.66468572878259,0,1.0676534447507724,True,0.0028878776205859416,False,58814.03473527591,0.8034951267116668,2019-11-26,False,66,-0.01524723820633278,True,57185050.97723599,-5.279738344050452,iot_Psc,3-4,0.788247888505334,0,1.5330000451285741
87.66468572878259,0,1.0676534447507724,True,0.0017115281302231664,False,58814.03473527591,0.8142595417290743,2019-11-26,False,67,-0.02343631003183133,True,55448884.35049988,-13.693207618372867,iot_Psc,3-4,0.790823231697243,1,1.580999992256693
87.66468572878259,0,1.0676534447507724,False,0.0027733179767239235,False,58814.03473527591,0.8241911294860952,2019-11-26,False,68,-0.004267228078091878,False,53815029.38780245,-1.5386724904630975,iot_Psc,3-4,0.8199239014080033,2,1.6290000530716497
87.66468572878259,0,1.0676534447507724,False,0.0017412625641705013,False,58814.03473527591,0.8333704357414006,2019-11-26,False,69,0.0012505457710363377,False,52274708.23991636,0.7181833439531101,iot_Psc,3-4,0.8346209815124369,3,1.6770000001997687
87.66468572878259,0,1.0676534447507724,True,0.0020396072591467767,False,58814.03473527591,0.8418690068515071,2019-11-26,False,70,0.02213505576061392,True,50820109.22062904,10.852606873871206,iot_Psc,3-4,0.864004062612121,4,1.7249999473278876
87.66468572878259,0,1.0676534447507724,True,0.002389654702394971,False,58814.03473527591,0.8497504335185502,2019-11-26,False,71,0.026658589655215836,True,49444266.96343239,11.155833363078749,iot_Psc,3-4,0.876409023173766,5,1.7730000081428443
85.37404680846875,0,1.056309607039062,False,0.006254536990395603,False,58816.01428284602,0.8127722648822718,2019-11-28,False,72,-0.0033881006393995383,False,55690831.24280557,-0.5417028701888353,iot_Psc,1-2,0.8093841642428723,0,1.5330000451285741
85.37404680846875,0,1.056309607039062,False,0.006258629961273027,False,58816.01428284602,0.8230765105511921,2019-11-28,False,73,-0.010579645074442867,False,54000029.871352024,-1.6904091054923034,iot_Psc,1-2,0.8124968654767493,1,1.580999992256693
85.37404680846875,0,1.056309607039062,False,0.005682086845963252,False,58816.01428284602,0.8325782039907246,2019-11-28,False,74,0.0016109680438176621,False,52408866.806042805,0.2835169696433184,iot_Psc,1-2,0.8341891720345422,2,1.6290000530716497
85.37404680846875,0,1.056309607039062,False,0.005540133378958291,False,58816.01428284602,0.8413556946089744,2019-11-28,False,75,0.0011127348997718167,False,50908793.55891399,0.20084983946380075,iot_Psc,1-2,0.8424684295087462,3,1.6770000001997687
85.37404680846875,0,1.056309607039062,False,0.005756502522765462,False,58816.01428284602,0.8494784566223457,2019-11-28,False,76,-0.005570786613619871,False,49492202.5596102,-0.967738065186086,iot_Psc,1-2,0.8439076700087258,4,1.7249999473278876
85.37404680846875,0,1.056309607039062,False,0.005664506053506562,False,58816.01428284602,0.8570081436256731,2019-11-28,False,77,0.0005452002271023604,False,48152310.443526216,0.09624850286193251,iot_Psc,1-2,0.8575533438527755,5,1.7730000081428443
127.77915172344595,0,1.056309607039062,False,0.002895404219523271,False,58816.01428284602,0.6219963057870649,2019-11-28,False,78,-0.0014959912126579766,False,83352347.00709288,-0.5166778450382628,iot_Psc,1-3,0.6205003145744069,0,1.5330000451285741
127.77915172344595,0,1.056309607039062,True,0.002940227045621469,False,58816.01428284602,0.6406169268674853,2019-11-28,False,79,-0.011881869109181653,True,80821728.24115965,-4.041139995251696,iot_Psc,1-3,0.6287350577583036,1,1.580999992256693
127.77915172344595,0,1.056309607039062,False,0.002972653082930138,False,58816.01428284602,0.6580156478329291,2019-11-28,False,80,-0.003660520727320038,False,78440237.91313267,-1.2313985605450706,iot_Psc,1-3,0.6543551271056091,2,1.6290000530716497
127.77915172344595,0,1.056309607039062,True,0.0026120975974940545,False,58816.01428284602,0.674282521413123,2019-11-28,False,81,-0.01162368202921582,True,76195081.51951376,-4.4499417021657734,iot_Psc,1-3,0.6626588393839071,3,1.6770000001997687
127.77915172344595,0,1.056309607039062,True,0.0027826897624095874,False,58816.01428284602,0.6895018661719686,2019-11-28,False,82,-0.013813382875183855,True,74074872.82615998,-4.964039851579634,iot_Psc,1-3,0.6756884832967848,4,1.7249999473278876
127.77915172344595,0,1.056309607039062,False,0.003197498000104153,False,58816.01428284602,0.7037520913320547,2019-11-28,False,83,-0.008429654033253686,False,72069459.1858971,-2.6363281643895022,iot_Psc,1-3,0.695322437298801,5,1.7730000081428443
127.95232877986597,0,1.056309607039062,False,0.007007404742190756,False,58816.01428284602,0.621162411949472,2019-11-28,False,84,0.018420248456183397,False,83465313.12015355,2.6286833904822506,iot_Psc,1-4,0.6395826604056554,0,1.5330000451285741
127.95232877986597,0,1.056309607039062,False,0.006487966365038596,False,58816.01428284602,0.6398135451264712,2019-11-28,False,85,-0.00023257918406360822,False,80931264.64676887,-0.03584777894609579,iot_Psc,1-4,0.6395809659424075,1,1.580999992256693
127.95232877986597,0,1.056309607039062,False,0.005763898019709927,False,58816.01428284602,0.6572419450279672,2019-11-28,False,86,0.008811468332444727,False,78546546.7226956,1.5287342528118102,iot_Psc,1-4,0.6660534133604119,2,1.6290000530716497
127.95232877986597,0,1.056309607039062,False,0.005659785680255942,False,58816.01428284602,0.6735375583546076,2019-11-28,False,87,0.00213868142791962,False,76298347.50424802,0.37787321795246953,iot_Psc,1-4,0.6756762397825272,3,1.6770000001997687
127.95232877986597,0,1.056309607039062,False,0.005573150041784119,False,58816.01428284602,0.6887846364716287,2019-11-28,False,88,0.015033258304574026,False,74175265.32570079,2.6974436704312135,iot_Psc,1-4,0.7038178947762027,4,1.7249999473278876
127.95232877986597,0,1.056309607039062,True,0.006023360590187962,False,58816.01428284602,0.7030615508189952,2019-11-28,False,89,0.023631869545113315,True,72167133.78015806,3.9233695528057155,iot_Psc,1-4,0.7266934203641086,5,1.7730000081428443
57.235983521271045,0,1.056309607039062,False,0.004598295731504609,False,58816.01428284602,0.9118299054120369,2019-11-28,False,90,0.0013174703974191404,False,37335930.747784555,0.286512759149584,iot_Psc,2-3,0.913147375809456,0,1.5330000451285741
57.235983521271045,0,1.056309607039062,True,0.0035370311099060304,False,58816.01428284602,0.9169127228221928,2019-11-28,False,91,-0.01754131873856246,True,36202393.29639297,-4.9593340271831785,iot_Psc,2-3,0.8993714040836304,1,1.580999992256693
57.235983521271045,0,1.056309607039062,False,0.004928702790565968,False,58816.01428284602,0.9215735589332196,2019-11-28,False,92,-0.009794337987922508,False,35135654.79224302,-1.9872040177934556,iot_Psc,2-3,0.9117792209452971,2,1.6290000530716497
57.235983521271045,0,1.056309607039062,True,0.004178682092682116,False,58816.01428284602,0.9258572781386666,2019-11-28,False,93,-0.01330095044996249,True,34129984.2065909,-3.1830491420382696,iot_Psc,2-3,0.9125563276887041,3,1.6770000001997687
57.235983521271045,0,1.056309607039062,False,0.003980518183926182,False,58816.01428284602,0.9298030413187486,2019-11-28,False,94,0.0010951652671260526,False,33180281.315331332,0.2751313312795463,iot_Psc,2-3,0.9308982065858746,4,1.7249999473278876
57.235983521271045,0,1.056309607039062,False,0.004934405313796395,False,58816.01428284602,0.9334451149345332,2019-11-28,False,95,-0.0007578316707888,False,32281998.453696422,-0.1535811557007556,iot_Psc,2-3,0.9326872832637444,5,1.7730000081428443
115.82627485464,0,1.056309607039062,False,0.00670114564663517,False,58816.01428284602,0.6788905224924938,2019-11-28,False,96,0.013374625258589345,False,75555297.74620819,1.995871447042061,iot_Psc,2-4,0.6922651477510832,0,1.5330000451285741
115.82627485464,0,1.056309607039062,False,0.007369561875459914,False,58816.01428284602,0.6953002683280834,2019-11-28,False,97,0.0021027870717966746,False,73261401.27889027,0.2853340683384174,iot_Psc,2-4,0.6974030553998801,1,1.580999992256693
115.82627485464,0,1.056309607039062,False,0.007038924202806266,False,58816.01428284602,0.7105665122372569,2019-11-28,False,98,0.020153280962319386,False,71102683.29103947,2.8631194741782715,iot_Psc,2-4,0.7307197931995763,2,1.6290000530716497
115.82627485464,0,1.056309607039062,False,0.006570962583009618,False,58816.01428284602,0.7247832721788787,2019-11-28,False,99,0.012065303805332883,False,69067546.11857034,1.8361546961977615,iot_Psc,2-4,0.7368485759842116,3,1.6770000001997687
115.82627485464,0,1.056309607039062,False,0.007244779847148476,False,58816.01428284602,0.738036677274284,2019-11-28,False,100,0.008559224421477718,False,67145668.63266331,1.1814333357343638,iot_Psc,2-4,0.7465959016957617,4,1.7249999473278876
115.82627485464,0,1.056309607039062,False,0.00819023523995388,False,58816.01428284602,0.7504053623073422,2019-11-28,False,101,0.01763218120523591,False,65327847.89773577,2.152829642697198,iot_Psc,2-4,0.7680375435125781,5,1.7730000081428443
89.19746188473746,0,1.056309607039062,False,0.00561217945871142,False,58816.01428284602,0.7972010862555996,2019-11-28,False,102,-0.005254714020669571,False,58184904.93081257,-0.9363054156283298,iot_Psc,3-4,0.79194637223493,0,1.5330000451285741
89.19746188473746,0,1.056309607039062,False,0.004732262002478221,False,58816.01428284602,0.8082747386947267,2019-11-28,False,103,0.0008997122962098869,False,56418382.24010266,0.19012309456634477,iot_Psc,3-4,0.8091744509909365,1,1.580999992256693
89.19746188473746,0,1.056309607039062,False,0.004426477962557445,False,58816.01428284602,0.818495565938336,2019-11-28,False,104,0.0004594662891993506,False,54755960.08517393,0.10379952031521898,iot_Psc,3-4,0.8189550322275353,2,1.6290000530716497
89.19746188473746,0,1.056309607039062,False,0.004715132005985141,False,58816.01428284602,0.8279455109429896,2019-11-28,False,105,0.005645542133620118,False,53188707.140197985,1.197324301091457,iot_Psc,3-4,0.8335910530766097,3,1.6770000001997687
89.19746188473746,0,1.056309607039062,False,0.004367093439035855,False,58816.01428284602,0.836697449638072,2019-11-28,False,106,0.009707617054524609,False,51708675.13527108,2.222901156121772,iot_Psc,3-4,0.8464050666925966,4,1.7249999473278876
89.19746188473746,0,1.056309607039062,False,0.007184626649394745,False,58816.01428284602,0.844816224180842,2019-11-28,False,107,0.00035469660576470385,False,50308776.91769934,0.04936882917842148,iot_Psc,3-4,0.8451709207866067,5,1.7730000081428443
,0,1.056309607039062,True,,False,,,unknown,True,108,,False,,,iot_Psc,1-2,,0,1.5330000451285741
,0,1.056309607039062,True,,False,,,unknown,True,109,,False,,,iot_Psc,1-2,,1,1.580999992256693
,0,1.056309607039062,True,,False,,,unknown,True,110,,False,,,iot_Psc,1-2,,2,1.6290000530716497
,0,1.056309607039062,True,,False,,,unknown,True,111,,False,,,iot_Psc,1-2,,3,1.6770000001997687
,0,1.056309607039062,True,,False,,,unknown,True,112,,False,,,iot_Psc,1-2,,4,1.7249999473278876
,0,1.056309607039062,True,,False,,,unknown,True,113,,False,,,iot_Psc,1-2,,5,1.7730000081428443
,0,1.056309607039062,True,,False,,,unknown,True,114,,False,,,iot_Psc,1-3,,0,1.5330000451285741
,0,1.056309607039062,True,,False,,,unknown,True,115,,False,,,iot_Psc,1-3,,1,1.580999992256693
,0,1.056309607039062,True,,False,,,unknown,True,116,,False,,,iot_Psc,1-3,,2,1.6290000530716497
,0,1.056309607039062,True,,False,,,unknown,True,117,,False,,,iot_Psc,1-3,,3,1.6770000001997687
,0,1.056309607039062,True,,False,,,unknown,True,118,,False,,,iot_Psc,1-3,,4,1.7249999473278876
,0,1.056309607039062,True,,False,,,unknown,True,119,,False,,,iot_Psc,1-3,,5,1.7730000081428443
,0,1.056309607039062,True,,False,,,unknown,True,120,,False,,,iot_Psc,1-4,,0,1.5330000451285741
,0,1.056309607039062,True,,False,,,unknown,True,121,,False,,,iot_Psc,1-4,,1,1.580999992256693
,0,1.056309607039062,True,,False,,,unknown,True,122,,False,,,iot_Psc,1-4,,2,1.6290000530716497
,0,1.056309607039062,True,,False,,,unknown,True,123,,False,,,iot_Psc,1-4,,3,1.6770000001997687
,0,1.056309607039062,True,,False,,,unknown,True,124,,False,,,iot_Psc,1-4,,4,1.7249999473278876
,0,1.056309607039062,True,,False,,,unknown,True,125,,False,,,iot_Psc,1-4,,5,1.7730000081428443
,0,1.056309607039062,True,,False,,,unknown,True,126,,False,,,iot_Psc,2-3,,0,1.5330000451285741
,0,1.056309607039062,True,,False,,,unknown,True,127,,False,,,iot_Psc,2-3,,1,1.580999992256693
,0,1.056309607039062,True,,False,,,unknown,True,128,,False,,,iot_Psc,2-3,,2,1.6290000530716497
,0,1.056309607039062,True,,False,,,unknown,True,129,,False,,,iot_Psc,2-3,,3,1.6770000001997687
,0,1.056309607039062,True,,False,,,unknown,True,130,,False,,,iot_Psc,2-3,,4,1.7249999473278876
,0,1.056309607039062,True,,False,,,unknown,True,131,,False,,,iot_Psc,2-3,,5,1.7730000081428443
,0,1.056309607039062,True,,False,,,unknown,True,132,,False,,,iot_Psc,2-4,,0,1.5330000451285741
,0,1.056309607039062,True,,False,,,unknown,True,133,,False,,,iot_Psc,2-4,,1,1.580999992256693
,0,1.056309607039062,True,,False,,,unknown,True,134,,False,,,iot_Psc,2-4,,2,1.6290000530716497
,0,1.056309607039062,True,,False,,,unknown,True,135,,False,,,iot_Psc,2-4,,3,1.6770000001997687
,0,1.056309607039062,True,,False,,,unknown,True,136,,False,,,iot_Psc,2-4,,4,1.7249999473278876
,0,1.056309607039062,True,,False,,,unknown,True,137,,False,,,iot_Psc,2-4,,5,1.7730000081428443
,0,1.056309607039062,True,,False,,,unknown,True,138,,False,,,iot_Psc,3-4,,0,1.5330000451285741
,0,1.056309607039062,True,,False,,,unknown,True,139,,False,,,iot_Psc,3-4,,1,1.580999992256693
,0,1.056309607039062,True,,False,,,unknown,True,140,,False,,,iot_Psc,3-4,,2,1.6290000530716497
,0,1.056309607039062,True,,False,,,unknown,True,141,,False,,,iot_Psc,3-4,,3,1.6770000001997687
,0,1.056309607039062,True,,False,,,unknown,True,142,,False,,,iot_Psc,3-4,,4,1.7249999473278876
,0,1.056309607039062,True,,False,,,unknown,True,143,,False,,,iot_Psc,3-4,,5,1.7730000081428443
69.61886143009069,0,1.0595822058099493,False,0.010687686503703813,False,59636.11704592849,0.7774074516197026,2022-02-25,False,0,-0.02005856292992869,False,45413476.438777074,-1.8767918504137828,ksi_Gem,1-2,0.7573488886897739,0,1.5330000451285741
69.61886143009069,0,1.0595822058099493,False,0.007708027271935922,False,59636.11704592849,0.7894383555910109,2022-02-25,False,1,-0.013238699382407293,False,44034700.6774604,-1.717521087478237,ksi_Gem,1-2,0.7761996562086036,1,1.580999992256693
69.61886143009069,0,1.0595822058099493,False,0.006796842694714669,False,59636.11704592849,0.8005563187111916,2022-02-25,False,2,-0.01867338626235071,False,42737175.667254925,-2.747361841531426,ksi_Gem,1-2,0.7818829324488409,2,1.6290000530716497
69.61886143009069,0,1.0595822058099493,False,0.005009885706524308,False,59636.11704592849,0.8108472055259724,2022-02-25,False,3,-0.00611986643641238,False,41513930.48407722,-1.221558094317912,ksi_Gem,1-2,0.8047273390895601,3,1.6770000001997687
69.61886143009069,0,1.0595822058099493,True,0.004409399250369734,False,59636.11704592849,0.8203876848026923,2022-02-25,False,4,-0.01941358355338052,True,40358761.48166487,-4.402772906479871,ksi_Gem,1-2,0.8009741012493118,4,1.7249999473278876
69.61886143009069,0,1.0595822058099493,False,0.005726067662900436,False,59636.11704592849,0.8292462140755625,2022-02-25,False,5,-0.008262270540466465,False,39266137.1180782,-1.4429222682781504,ksi_Gem,1-2,0.8209839435350961,5,1.7730000081428443
114.61951142328944,0,1.0595822058099493,True,0.002612639948125943,False,59636.11704592849,0.4919735979710704,2022-02-25,False,6,0.01361197011994536,True,74768107.01181434,5.2100443957879765,ksi_Gem,1-3,0.5055855680910157,0,1.5330000451285741
114.61951142328944,0,1.0595822058099493,True,0.002775356261516033,False,59636.11704592849,0.5146096758490911,2022-02-25,False,7,0.020767309613536455,True,72498110.04722616,7.482754521105105,ksi_Gem,1-3,0.5353769854626276,1,1.580999992256693
114.61951142328944,0,1.0595822058099493,True,0.0034787993402685107,False,59636.11704592849,0.5360123115275344,2022-02-25,False,8,0.015910919329814588,True,70361883.17315422,4.573681254230233,ksi_Gem,1-3,0.551923230857349,2,1.6290000530716497
114.61951142328944,0,1.0595822058099493,True,0.003015784278756066,False,59636.11704592849,0.5562382392712498,2022-02-25,False,9,0.015439382397673618,True,68347949.55851857,5.119524797059413,ksi_Gem,1-3,0.5716776216689234,3,1.6770000001997687
114.61951142328944,0,1.0595822058099493,False,0.0038651595329648684,False,59636.11704592849,0.5753467901996357,2022-02-25,False,10,0.0064761930213980134,False,66446095.60762067,1.675530587072634,ksi_Gem,1-3,0.5818229832210338,4,1.7249999473278876
114.61951142328944,0,1.0595822058099493,False,0.003047978160094111,False,59636.11704592849,0.5933979822443243,2022-02-25,False,11,0.006137988491156987,False,64647214.26783826,2.0137901811499423,ksi_Gem,1-3,0.5995359707354813,5,1.7730000081428443
124.6448598404419,0,1.0595822058099493,True,0.0026838798046208132,False,59636.11704592849,0.42783318047385555,2022-02-25,False,12,0.033725923565549765,True,81307799.19839326,12.566108030428236,ksi_Gem,1-4,0.4615591040394053,0,1.5330000451285741
124.6448598404419,0,1.0595822058099493,True,0.004258151987802576,False,59636.11704592849,0.45181256894856653,2022-02-25,False,13,0.047463541052089886,True,78839253.92214955,11.146511723406919,ksi_Gem,1-4,0.4992761100006564,1,1.580999992256693
124.6448598404419,0,1.0595822058099493,True,0.0036021292657279933,False,59636.11704592849,0.4746489889310677,2022-02-25,False,14,0.04287537844518424,True,76516179.1157778,11.902787291149334,ksi_Gem,1-4,0.517524367376252,2,1.6290000530716497
124.6448598404419,0,1.0595822058099493,True,0.0039861652899114385,False,59636.11704592849,0.49637027604664014,2022-02-25,False,15,0.04111645938314373,True,74326094.11186278,10.314790379416813,ksi_Gem,1-4,0.5374867354297839,3,1.6770000001997687
124.6448598404419,0,1.0595822058099493,True,0.0048889782029928365,False,59636.11704592849,0.5170123899201986,2022-02-25,False,16,0.047513688675447696,True,72257891.9689378,9.718531501400788,ksi_Gem,1-4,0.5645260785956463,4,1.7249999473278876
124.6448598404419,0,1.0595822058099493,True,0.0041148151066562446,False,59636.11704592849,0.5366165569871402,2022-02-25,False,17,0.041113220397109074,True,70301669.07387836,9.99151099902475,ksi_Gem,1-4,0.5777297773842492,5,1.7730000081428443
58.19632400949045,0,1.0595822058099493,False,0.0765985691144649,False,59636.11704592849,0.8395977453343452,2022-02-25,False,18,0.057714011381648445,False,37962375.927138,0.753460698402912,ksi_Gem,2-3,0.8973117567159936,0,1.5330000451285741
58.19632400949045,0,1.0595822058099493,True,0.019345614949810748,False,59636.11704592849,0.8485430006015181,2022-02-25,False,19,0.14067092711718876,True,36809819.28812156,7.271463196292186,ksi_Gem,2-3,0.9892139277187069,1,1.580999992256693
58.19632400949045,0,1.0595822058099493,True,0.015128288172348575,False,59636.11704592849,0.8567784718435202,2022-02-25,False,20,0.09056626277804891,True,35725182.39011423,5.986550609446056,ksi_Gem,2-3,0.9473447346215691,2,1.6290000530716497
58.19632400949045,0,1.0595822058099493,True,0.01642014981889178,False,59636.11704592849,0.8643752545529718,2022-02-25,False,21,0.0965317077168627,True,34702638.045651734,5.878856696289131,ksi_Gem,2-3,0.9609069622698345,3,1.6770000001997687
58.19632400949045,0,1.0595822058099493,True,0.015987376350925907,False,59636.11704592849,0.8713960916179812,2022-02-25,False,22,0.08349411325636402,True,33737000.45593596,5.2225025184653555,ksi_Gem,2-3,0.9548902048743452,4,1.7249999473278876
58.19632400949045,0,1.0595822058099493,True,0.011607162076279955,False,59636.11704592849,0.877896427855347,2022-02-25,False,23,0.07781641965481745,True,32823645.65268619,6.704172746397737,ksi_Gem,2-3,0.9557128475101645,5,1.7730000081428443
85.76911307350316,0,1.0595822058099493,True,0.0026666470223317027,False,59636.11704592849,0.6794538024862465,2022-02-25,False,24,-0.03778420182376774,True,55948539.170662336,-14.169180062957647,ksi_Gem,2-4,0.6416696006624788,0,1.5330000451285741
85.76911307350316,0,1.0595822058099493,True,0.0033171852484955057,False,59636.11704592849,0.6958417876041961,2022-02-25,False,25,-0.03464949780824922,True,54249913.65817641,-10.44545155383298,ksi_Gem,2-4,0.6611922897959469,1,1.580999992256693
85.76911307350316,0,1.0595822058099493,True,0.004366774223843279,False,59636.11704592849,0.7110870232002392,2022-02-25,False,26,-0.046285680363798876,True,52651387.52560293,-10.59951304811495,ksi_Gem,2-4,0.6648013428364403,2,1.6290000530716497
85.76911307350316,0,1.0595822058099493,True,0.003246766003700271,False,59636.11704592849,0.7252835705936077,2022-02-25,False,27,-0.04449985000633494,True,51144372.72706387,-13.705899949555773,ksi_Gem,2-4,0.6807837205872728,3,1.6770000001997687
85.76911307350316,0,1.0595822058099493,True,0.002660978060538004,False,59636.11704592849,0.7385175802040574,2022-02-25,False,28,-0.05008364581350422,True,49721226.48836243,-18.821517755534657,ksi_Gem,2-4,0.6884339343905532,4,1.7249999473278876
85.76911307350316,0,1.0595822058099493,True,0.002256092640055889,False,59636.11704592849,0.7508676918259514,2022-02-25,False,29,-0.046201704299186686,True,48375134.055043414,-20.478637924213146,ksi_Gem,2-4,0.7046659875267647,5,1.7730000081428443
37.75701541101873,0,1.0595822058099493,True,0.005090167176308267,False,59636.11704592849,0.9296189704806522,2022-02-25,False,30,-0.02655975317174275,True,24629493.998385377,-5.217854787827553,ksi_Gem,3-4,0.9030592173089095,0,1.5330000451285741
37.75701541101873,0,1.0595822058099493,False,0.003857748777953475,False,59636.11704592849,0.9337077589506544,2022-02-25,False,31,0.005981066929874768,False,23881730.294713657,1.550403428044816,ksi_Gem,3-4,0.9396888258805292,1,1.580999992256693
37.75701541101873,0,1.0595822058099493,False,0.0039594008146758555,False,59636.11704592849,0.9374535886343657,2022-02-25,False,32,-0.007084594090312257,False,23178032.03248762,-1.789309651109988,ksi_Gem,3-4,0.9303689945440534,2,1.6290000530716497
37.75701541101873,0,1.0595822058099493,True,0.0036395237512196576,False,59636.11704592849,0.9408933995361063,2022-02-25,False,33,-0.02559701816822013,True,22514618.60853966,-7.033068037993211,ksi_Gem,3-4,0.9152963813678862,3,1.6770000001997687
37.75701541101873,0,1.0595822058099493,True,0.004273157640811806,False,59636.11704592849,0.9440593585798991,2022-02-25,False,34,-0.023973362485699812,True,21888125.54429712,-5.6102218782514655,ksi_Gem,3-4,0.9200859960941993,4,1.7249999473278876
37.75701541101873,0,1.0595822058099493,True,0.009811060529282836,False,59636.11704592849,0.9469795517487387,2022-02-25,False,35,-0.03311470321024457,True,21295552.869493715,-3.3752419640474045,ksi_Gem,3-4,0.9138648485384941,5,1.7730000081428443
65.58002114013736,0,1.0595822058099493,True,0.01164362587619011,False,59636.1291001908,0.8002021779182461,2022-02-25,False,36,-0.06772640609429481,True,42778877.50136179,-5.816607886104243,ksi_Gem,1-2,0.7324757718239513,0,1.5330000451285741
65.58002114013736,0,1.0595822058099493,True,0.008537427946004632,False,59636.1291001908,0.8111291877969536,2022-02-25,False,37,-0.04569986688683092,True,41480089.475857325,-5.352884636434052,ksi_Gem,1-2,0.7654293209101227,1,1.580999992256693
65.58002114013736,0,1.0595822058099493,True,0.007025189839260886,False,59636.1291001908,0.8212127606426949,2022-02-25,False,38,-0.0513578606059335,True,40257838.55346069,-7.310529933143674,ksi_Gem,1-2,0.7698549000367614,2,1.6290000530716497
65.58002114013736,0,1.0595822058099493,True,0.006212616003072329,False,59636.1291001908,0.8305341983425306,2022-02-25,False,39,-0.03719171825934786,True,39105558.218440846,-5.986482705667857,ksi_Gem,1-2,0.7933424800831828,3,1.6770000001997687
65.58002114013736,0,1.0595822058099493,True,0.007325595614893273,False,59636.1291001908,0.8391657635180366,2022-02-25,False,40,-0.04779856699563423,True,38017404.720344566,-6.524871083309259,ksi_Gem,1-2,0.7913671965224024,4,1.7249999473278876
65.58002114013736,0,1.0595822058099493,True,0.009799250726037215,False,59636.1291001908,0.8471717186267831,2022-02-25,False,41,-0.04361976960110947,True,36988167.42185475,-4.451337231856824,ksi_Gem,1-2,0.8035519490256736,5,1.7730000081428443
110.07370401362182,0,1.0595822058099493,True,0.005120902613271677,False,59636.1291001908,0.5215673933170651,2022-02-25,False,42,-0.033910415560793994,True,71802805.46201147,-6.621960642818997,ksi_Gem,1-3,0.48765697775627115,0,1.5330000451285741
110.07370401362182,0,1.0595822058099493,True,0.005763972377755454,False,59636.1291001908,0.5434311693246658,2022-02-25,False,43,-0.020742426628725386,True,69622836.52924277,-3.5986339401582432,ksi_Gem,1-3,0.5226887426959405,1,1.580999992256693
110.07370401362182,0,1.0595822058099493,True,0.00433181048931707,False,59636.1291001908,0.5640421185277866,2022-02-25,False,44,-0.023032864684966903,True,67571332.36801703,-5.317145046342538,ksi_Gem,1-3,0.5410092538428197,2,1.6290000530716497
110.07370401362182,0,1.0595822058099493,False,0.005170770232965204,False,59636.1291001908,0.5834675544639754,2022-02-25,False,45,-0.013473474103641192,False,65637271.3181333,-2.605699634020435,ksi_Gem,1-3,0.5699940803603342,3,1.6770000001997687
110.07370401362182,0,1.0595822058099493,True,0.006199484964506315,False,59636.1291001908,0.6017751147801058,2022-02-25,False,46,-0.01978172364216224,True,63810844.854883365,-3.1908656534240865,ksi_Gem,1-3,0.5819933911379436,4,1.7249999473278876
110.07370401362182,0,1.0595822058099493,True,0.005176841824526011,False,59636.1291001908,0.6190312819102706,2022-02-25,False,47,-0.02874315316406706,True,62083307.11116025,-5.5522564023286085,ksi_Gem,1-3,0.5902881287462035,5,1.7730000081428443
122.44799574658815,0,1.0595822058099493,True,0.005647729236971877,False,59636.1291001908,0.44171441481531304,2022-02-25,False,48,0.0347662831770047,True,79874750.25567812,6.155798502062257,ksi_Gem,1-4,0.47648069799231774,0,1.5330000451285741
122.44799574658815,0,1.0595822058099493,True,0.006262973160262753,False,59636.1291001908,0.465444041637142,2022-02-25,False,49,0.05687173380275806,True,77449713.05901648,9.080628696223265,ksi_Gem,1-4,0.5223157754399,1,1.580999992256693
122.44799574658815,0,1.0595822058099493,True,0.005744815358388897,False,59636.1291001908,0.4880052752452028,2022-02-25,False,50,0.0524157201709447,True,75167582.41701691,9.124004324073596,ksi_Gem,1-4,0.5404209954161475,2,1.6290000530716497
122.44799574658815,0,1.0595822058099493,True,0.00566997327411663,False,59636.1291001908,0.5094328899703852,2022-02-25,False,51,0.060522744881140955,True,73016097.6338711,10.674255760150876,ksi_Gem,1-4,0.5699556348515261,3,1.6770000001997687
122.44799574658815,0,1.0595822058099493,True,0.005962184068711942,False,59636.1291001908,0.529768528090574,2022-02-25,False,52,0.057583233629131536,True,70984347.52781662,9.658077135074379,ksi_Gem,1-4,0.5873517617197055,4,1.7249999473278876
122.44799574658815,0,1.0595822058099493,True,0.004358874085279274,False,59636.1291001908,0.5490580457302348,2022-02-25,False,53,0.05250984685076354,True,69062603.0367863,12.046653751274677,ksi_Gem,1-4,0.6015678925809983,5,1.7730000081428443
57.98099600720829,0,1.0595822058099493,False,0.18743556500948344,False,59636.1291001908,0.8406983850003376,2022-02-25,False,54,0.24746104036792915,False,37821914.090253904,1.3202459221408098,ksi_Gem,2-3,1.0881594253682667,0,1.5330000451285741
57.98099600720829,0,1.0595822058099493,True,0.01767378936017824,False,59636.1291001908,0.8495869683720675,2022-02-25,False,55,0.2417196316991087,True,36673621.9425575,13.67672923859442,ksi_Gem,2-3,1.0913066000711762,1,1.580999992256693
57.98099600720829,0,1.0595822058099493,True,0.015560065856094294,False,59636.1291001908,0.8577697430534007,2022-02-25,False,56,0.20830201088272748,True,35592998.23095712,13.386962035327338,ksi_Gem,2-3,1.0660717539361282,2,1.6290000530716497
57.98099600720829,0,1.0595822058099493,True,0.017635792126131023,False,59636.1291001908,0.8653174774864132,2022-02-25,False,57,0.16837433420192993,True,34574237.32874266,9.547307713638165,ksi_Gem,2-3,1.0336918116883431,3,1.6770000001997687
57.98099600720829,0,1.0595822058099493,True,0.015171447651994144,False,59636.1291001908,0.8722926143218731,2022-02-25,False,58,0.18144149145118693,True,33612172.62471445,11.959405299555455,ksi_Gem,2-3,1.05373410577306,4,1.7249999473278876
57.98099600720829,0,1.0595822058099493,True,0.011690684875070998,False,59636.1291001908,0.8787503239098641,2022-02-25,False,59,0.12466992602107274,True,32702197.2594018,10.664039562550917,ksi_Gem,2-3,1.0034202499309368,5,1.7730000081428443
86.91091431839672,0,1.0595822058099493,True,0.00251347151447141,False,59636.1291001908,0.6722130084890819,2022-02-25,False,60,-0.06809503950284368,True,56693354.05081963,-27.09202754468624,ksi_Gem,2-4,0.6041179689862383,0,1.5330000451285741
86.91091431839672,0,1.0595822058099493,True,0.0029263407988819263,False,59636.1291001908,0.6888964498965605,2022-02-25,False,61,-0.07984921202466022,True,54972115.58764243,-27.28636803176458,ksi_Gem,2-4,0.6090472378719003,1,1.580999992256693
86.91091431839672,0,1.0595822058099493,True,0.0032054184777235064,False,59636.1291001908,0.7044247879593909,2022-02-25,False,62,-0.09042251431758908,True,53352309.0772877,-28.20926969317507,ksi_Gem,2-4,0.6140022736418018,2,1.6290000530716497
86.91091431839672,0,1.0595822058099493,True,0.0034027672555143676,False,59636.1291001908,0.7188919452422423,2022-02-25,False,63,-0.08463953071423413,True,51825232.14552395,-24.87373492179673,ksi_Gem,2-4,0.6342524145280082,3,1.6770000001997687
86.91091431839672,0,1.0595822058099493,True,0.003909474507311077,False,59636.1291001908,0.7323841509838848,2022-02-25,False,64,-0.09289315677903365,True,50383140.27372936,-23.76103402268384,ksi_Gem,2-4,0.6394909942048511,4,1.7249999473278876
86.91091431839672,0,1.0595822058099493,True,0.003386280190743825,False,59636.1291001908,0.7449802775264502,2022-02-25,False,65,-0.08712810487485678,True,49019127.98603587,-25.729738818723785,ksi_Gem,2-4,0.6578521726515935,5,1.7730000081428443
37.90151299407609,0,1.0595822058099493,True,0.010786603756983319,False,59636.1291001908,0.9290957041243406,2022-02-25,False,66,-0.05536456565209269,True,24723752.040657807,-5.132715254905818,ksi_Gem,3-4,0.8737311384722479,0,1.5330000451285741
37.90151299407609,0,1.0595822058099493,True,0.007130702063385132,False,59636.1291001908,0.933213967896277,2022-02-25,False,67,-0.03781497254555577,True,23973126.61588069,-5.303120535596183,ksi_Gem,3-4,0.8953989953507212,1,1.580999992256693
37.90151299407609,0,1.0595822058099493,True,0.006111175186851836,False,59636.1291001908,0.9369869029994634,2022-02-25,False,68,-0.051072477108506376,True,23266735.272726867,-8.357226809401334,ksi_Gem,3-4,0.885914425890957,2,1.6290000530716497
37.90151299407609,0,1.0595822058099493,True,0.006184108895060553,False,59636.1291001908,0.9404516908222009,2022-02-25,False,69,-0.05854099596063567,True,22600782.939511728,-9.466359172199287,ksi_Gem,3-4,0.8819106948615653,3,1.6770000001997687
37.90151299407609,0,1.0595822058099493,True,0.007779426635268418,False,59636.1291001908,0.943640710703626,2022-02-25,False,70,-0.05281439277635058,True,21971892.261670765,-6.788982691463906,ksi_Gem,3-4,0.8908263179272754,4,1.7249999473278876
37.90151299407609,0,1.0595822058099493,True,0.008472985428561945,False,59636.1291001908,0.9465822358448214,2022-02-25,False,71,-0.08670241309752791,True,21377051.787933495,-10.232805641947532,ksi_Gem,3-4,0.8598798227472935,5,1.7730000081428443
79.25943483155487,0,1.0898815645590911,True,0.007082915421914669,False,59639.07676564086,0.720049938734646,2022-02-28,False,72,0.021858954363813465,True,51702173.84103685,3.0861521085203787,ksi_Gem,1-2,0.7419088930984594,0,1.5330000451285741
79.25943483155487,0,1.0898815645590911,False,0.006148646509737827,False,59639.07676564086,0.7347114561756494,2022-02-28,False,73,0.007628324530088215,False,50132470.09471598,1.2406510144967628,ksi_Gem,1-2,0.7423397807057376,1,1.580999992256693
79.25943483155487,0,1.0898815645590911,False,0.005286100512615149,False,59639.07676564086,0.7483115384331971,2022-02-28,False,74,-0.015484152459972922,False,48655268.4158008,-2.9292202111973413,ksi_Gem,1-2,0.7328273859732242,2,1.6290000530716497
79.25943483155487,0,1.0898815645590911,False,0.004968191631083674,False,59639.07676564086,0.7609431153847201,2022-02-28,False,75,-0.0032640369341524478,False,47262632.57132575,-0.6569869233165001,ksi_Gem,1-2,0.7576790784505677,3,1.6770000001997687
79.25943483155487,0,1.0898815645590911,False,0.0052986377036257715,False,59639.07676564086,0.772690294272775,2022-02-28,False,76,0.007299789391697509,False,45947499.85606188,1.3776728661222453,ksi_Gem,1-2,0.7799900836644725,4,1.7249999473278876
79.25943483155487,0,1.0898815645590911,False,0.00429044286981223,False,59639.07676564086,0.7836290675829962,2022-02-28,False,77,-0.0027368105329957926,False,44703572.739729635,-0.6378853223409937,ksi_Gem,1-2,0.7808922570500004,5,1.7730000081428443
124.23355141995322,0,1.0898815645590911,True,0.005272204809596679,False,59639.07676564086,0.4304233542115868,2022-02-28,False,78,0.018800356317023204,True,81039496.25750574,3.565938159838184,ksi_Gem,1-3,0.44922371052861,0,1.5330000451285741
124.23355141995322,0,1.0898815645590911,False,0.0033024231213430602,False,59639.07676564086,0.4543579487348407,2022-02-28,False,79,-0.007844411749034386,False,78579096.79216653,-2.3753502990992104,ksi_Gem,1-3,0.4465135369858063,1,1.580999992256693
124.23355141995322,0,1.0898815645590911,True,0.0019930557502939486,False,59639.07676564086,0.47714457798557225,2022-02-28,False,80,-0.006530720615064933,True,76263687.76704328,-3.276737549414632,ksi_Gem,1-3,0.4706138573705073,2,1.6290000530716497
124.23355141995322,0,1.0898815645590911,True,0.0017176263335944874,False,59639.07676564086,0.4988124006324243,2022-02-28,False,81,-0.005958358763358873,True,74080829.69895896,-3.4689493557599214,ksi_Gem,1-3,0.49285404186906545,3,1.6770000001997687
124.23355141995322,0,1.0898815645590911,True,0.002047162385171367,False,59639.07676564086,0.519398462831708,2022-02-28,False,82,-0.010687709820791813,True,72019452.29760574,-5.220743551272876,ksi_Gem,1-3,0.5087107530109162,4,1.7249999473278876
124.23355141995322,0,1.0898815645590911,True,0.003802722345604884,False,59639.07676564086,0.5389448787279821,2022-02-28,False,83,-0.02312161250023881,True,70069684.63022374,-6.0802789156989965,ksi_Gem,1-3,0.5158232662277433,5,1.7730000081428443
128.66233747233616,0,1.0898815645590911,False,0.003922110412975564,False,59639.07676564086,0.402765044334601,2022-02-28,False,84,0.011138039433512104,False,83928462.93852857,2.839807721033043,ksi_Gem,1-4,0.4139030837681131,0,1.5330000451285741
128.66233747233616,0,1.0898815645590911,False,0.0026549976192740024,False,59639.07676564086,0.427133468364073,2022-02-28,False,85,-0.0006105608579957678,False,81380353.00600204,-0.22996663106715817,ksi_Gem,1-4,0.42652290750607724,1,1.580999992256693
128.66233747233616,0,1.0898815645590911,True,0.002350026106765507,False,59639.07676564086,0.4504133960832456,2022-02-28,False,86,-0.01328065454643873,True,78982402.25942896,-5.651279578641684,ksi_Gem,1-4,0.43713274153680687,2,1.6290000530716497
128.66233747233616,0,1.0898815645590911,True,0.0015985293913373347,False,59639.07676564086,0.47261919506190503,2022-02-28,False,87,-0.007225012795954167,True,76721727.76208083,-4.519787271418074,ksi_Gem,1-4,0.46539418226595086,3,1.6770000001997687
128.66233747233616,0,1.0898815645590911,False,0.0017252731795288573,False,59639.07676564086,0.49377569008591277,2022-02-28,False,88,0.000463678900252118,False,74586864.58028051,0.26875680080921494,ksi_Gem,1-4,0.4942393689861649,4,1.7249999473278876
128.66233747233616,0,1.0898815645590911,False,0.002248647380586041,False,59639.07676564086,0.5139149482168384,2022-02-28,False,89,0.0033437074500782815,False,72567589.8936433,1.4869861228339176,ksi_Gem,1-4,0.5172586556669166,5,1.7730000081428443
57.66324109607019,0,1.0898815645590911,False,0.008643676368696361,False,59639.07676564086,0.8423173026748643,2022-02-28,False,90,0.008436509855868635,False,37614637.572456114,0.9760325926155689,ksi_Gem,2-3,0.8507538125307329,0,1.5330000451285741
57.66324109607019,0,1.0898815645590911,False,0.005660851762244334,False,59639.07676564086,0.8511224015835397,2022-02-28,False,91,-0.013096696508988925,False,36472638.44306706,-2.3135558143985975,ksi_Gem,2-3,0.8380257050745508,1,1.580999992256693
57.66324109607019,0,1.0898815645590911,False,0.008517978023867688,False,59639.07676564086,0.8592275626021603,2022-02-28,False,92,-0.01221999504174065,False,35397936.904507846,-1.4346121823160114,ksi_Gem,2-3,0.8470075675604196,2,1.6290000530716497
57.66324109607019,0,1.0898815645590911,False,0.005291237193392376,False,59639.07676564086,0.8667030690001936,2022-02-28,False,93,-0.014389965377146652,False,34384759.14681049,-2.7195842581233447,ksi_Gem,2-3,0.8523131036230469,3,1.6770000001997687
57.66324109607019,0,1.0898815645590911,False,0.006703888413336564,False,59639.07676564086,0.873610918452018,2022-02-28,False,94,0.006729277778029341,False,33427966.8735025,1.003787259442187,ksi_Gem,2-3,0.8803401962300473,4,1.7249999473278876
57.66324109607019,0,1.0898815645590911,False,0.008847527120161989,False,59639.07676564086,0.8800058748460535,2022-02-28,False,95,-0.012971139760675543,False,32522978.47221694,-1.4660751625294883,ksi_Gem,2-3,0.867034735085378,5,1.7730000081428443
109.10325166104253,0,1.0898815645590911,False,0.004128074951383488,False,59639.07676564086,0.5279096819494843,2022-02-28,False,96,0.005120755262208343,False,71169764.15476358,1.2404705153166287,ksi_Gem,2-4,0.5330304372116926,0,1.5330000451285741
109.10325166104253,0,1.0898815645590911,False,0.0033811032183691026,False,59639.07676564086,0.5495963787756294,2022-02-28,False,97,0.0025509210874811172,False,69009014.67134757,0.7544641268631754,ksi_Gem,2-4,0.5521472998631105,1,1.580999992256693
109.10325166104253,0,1.0898815645590911,False,0.004011421330104898,False,59639.07676564086,0.5700278466161122,2022-02-28,False,98,-0.0033965553288783923,False,66975597.36435672,-0.8467211617458227,ksi_Gem,2-4,0.5666312912872338,2,1.6290000530716497
109.10325166104253,0,1.0898815645590911,True,0.0029136482270193855,False,59639.07676564086,0.5892734377240011,2022-02-28,False,99,-0.01478629022058997,True,65058587.7448097,-5.074837134926238,ksi_Gem,2-4,0.5744871475034111,3,1.6770000001997687
109.10325166104253,0,1.0898815645590911,True,0.00305210872149282,False,59639.07676564086,0.6074023677047229,2022-02-28,False,100,-0.01936079295466442,True,63248263.763746195,-6.3434152323364295,ksi_Gem,2-4,0.5880415747500585,4,1.7249999473278876
109.10325166104253,0,1.0898815645590911,True,0.0036928306271281582,False,59639.07676564086,0.6244823267128319,2022-02-28,False,101,-0.020258993083110743,True,61535956.66100667,-5.48603364971162,ksi_Gem,2-4,0.6042233336297211,5,1.7730000081428443
79.58587252851895,0,1.0898815645590911,False,0.013754527397345019,False,59639.07676564086,0.7180453825367573,2022-02-28,False,102,0.005914407788042975,False,51915114.2763626,0.42999716509231783,ksi_Gem,3-4,0.7239597903248003,0,1.5330000451285741
79.58587252851895,0,1.0898815645590911,False,0.004868300042190898,False,59639.07676564086,0.7327948670055887,2022-02-28,False,103,-0.006483685555407348,False,50338945.552377515,-1.3318171639415783,ksi_Gem,3-4,0.7263111814501814,1,1.580999992256693
79.58587252851895,0,1.0898815645590911,False,0.012158411389625074,False,59639.07676564086,0.7464784288822611,2022-02-28,False,104,0.029409263629788462,False,48855659.87456629,2.418840972504332,ksi_Gem,3-4,0.7758876925120496,2,1.6290000530716497
79.58587252851895,0,1.0898815645590911,True,0.007389926388908949,False,59639.07676564086,0.7591891296424301,2022-02-28,False,105,0.03446614417637217,True,47457288.32381543,4.663936061406528,ksi_Gem,3-4,0.7936552738188023,3,1.6770000001997687
79.58587252851895,0,1.0898815645590911,True,0.011349826126485857,False,59639.07676564086,0.7710112407184142,2022-02-28,False,106,0.04279067992965946,True,46136739.10645708,3.7701617146190016,ksi_Gem,3-4,0.8138019206480737,4,1.7249999473278876
79.58587252851895,0,1.0898815645590911,True,0.011100740698850172,False,59639.07676564086,0.7820209382719456,2022-02-28,False,107,0.08214405140446968,True,44887688.75522024,7.3998712007549425,ksi_Gem,3-4,0.8641649896764153,5,1.7730000081428443
76.35953828717821,0,1.0898815645590911,False,0.00504114781922853,False,59639.08685318144,0.7376923819508674,2022-02-28,False,108,0.0131244108104972,False,49810525.79210711,2.60345684775133,ksi_Gem,1-2,0.7508167927613646,0,1.5330000451285741
76.35953828717821,0,1.0898815645590911,False,0.003605202188030808,False,59639.08685318144,0.7515678869226086,2022-02-28,False,109,0.0048045190557357564,False,48298253.42262265,1.332662859155765,ksi_Gem,1-2,0.7563724059783443,1,1.580999992256693
76.35953828717821,0,1.0898815645590911,False,0.004634693533154936,False,59639.08685318144,0.7644235244188368,2022-02-28,False,110,-0.012415512699896825,False,46875098.710521415,-2.678820640691925,ksi_Gem,1-2,0.7520080117189399,2,1.6290000530716497
76.35953828717821,0,1.0898815645590911,False,0.00389485225933559,False,59639.08685318144,0.7763507287482375,2022-02-28,False,111,0.008679841637554864,False,45533415.7889577,2.2285419470661845,ksi_Gem,1-2,0.7850305703857924,3,1.6770000001997687
76.35953828717821,0,1.0898815645590911,True,0.005088160258635043,False,59639.08685318144,0.7874318812238504,2022-02-28,False,112,0.01565277118412256,True,44266400.3587148,3.0763125350775793,ksi_Gem,1-2,0.803084652407973,4,1.7249999473278876
76.35953828717821,0,1.0898815645590911,False,0.005870567584675249,False,59639.08685318144,0.7977411236300872,2022-02-28,False,113,-0.0037421679839855226,False,43067985.29976442,-0.6374456864706266,ksi_Gem,1-2,0.7939989556461017,5,1.7730000081428443
121.58063973661478,0,1.0898815645590911,False,0.0054993417493942294,False,59639.08685318144,0.4472252976378447,2022-02-28,False,114,0.004691352181248609,False,79308960.31149021,0.8530752215509023,ksi_Gem,1-3,0.4519166498190933,0,1.5330000451285741
121.58063973661478,0,1.0898815645590911,True,0.00354843273585173,False,59639.08685318144,0.4708492514497935,2022-02-28,False,115,-0.018034386700043648,True,76901100.77930652,-5.082352701189038,ksi_Gem,1-3,0.45281486474974986,1,1.580999992256693
121.58063973661478,0,1.0898815645590911,True,0.0030423481433907253,False,59639.08685318144,0.49329563367965457,2022-02-28,False,116,-0.016493824190659756,True,74635135.52830265,-5.421412479203394,ksi_Gem,1-3,0.4768018094889948,2,1.6290000530716497
121.58063973661478,0,1.0898815645590911,True,0.002714476084720268,False,59639.08685318144,0.5146018694378169,2022-02-28,False,117,-0.020415921751058608,True,72498890.71087167,-7.521127876564994,ksi_Gem,1-3,0.49418594768675833,3,1.6770000001997687
121.58063973661478,0,1.0898815645590911,True,0.0028263256165973853,False,59639.08685318144,0.5348117613383696,2022-02-28,False,118,-0.02557928950960886,True,70481532.43421796,-9.050368916941629,ksi_Gem,1-3,0.5092324718287607,4,1.7249999473278876
121.58063973661478,0,1.0898815645590911,True,0.004460830764578517,False,59639.08685318144,0.5539729166432871,2022-02-28,False,119,-0.040050936216280864,True,68573400.55173844,-8.97835814223387,ksi_Gem,1-3,0.5139219804270062,5,1.7730000081428443
130.13533051815293,0,1.0898815645590911,False,0.004058177195025498,False,59639.08685318144,0.3936874144364249,2022-02-28,False,120,0.010005502673595845,False,84889319.43067122,2.4655164604099995,ksi_Gem,1-4,0.40369291711002075,0,1.5330000451285741
130.13533051815293,0,1.0898815645590911,False,0.0029347317689920973,False,59639.08685318144,0.41817612250388336,2022-02-28,False,121,0.002502489173042466,False,82312037.41652137,0.8527147862313561,ksi_Gem,1-4,0.42067861167692583,1,1.580999992256693
130.13533051815293,0,1.0898815645590911,True,0.0029305156687312135,False,59639.08685318144,0.4415988461287551,2022-02-28,False,122,-0.011655826411119175,True,79886633.6884208,-3.9773977445292568,ksi_Gem,1-4,0.42994301971763593,2,1.6290000530716497
130.13533051815293,0,1.0898815645590911,False,0.002710847627164004,False,59639.08685318144,0.46396478314398965,2022-02-28,False,123,-0.007768080715097603,False,77600077.81911202,-2.8655541673599347,ksi_Gem,1-4,0.45619670242889204,3,1.6770000001997687
130.13533051815293,0,1.0898815645590911,False,0.0029792946255611835,False,59639.08685318144,0.48529445028935836,2022-02-28,False,124,0.003239554450186699,False,75440773.61842193,1.0873561890766317,ksi_Gem,1-4,0.48853400473954506,4,1.7249999473278876
130.13533051815293,0,1.0898815645590911,False,0.003064925217641377,False,59639.08685318144,0.5056163428258664,2022-02-28,False,125,0.00653955933778938,False,73398381.22982591,2.133676639204241,ksi_Gem,1-4,0.5121559021636558,5,1.7730000081428443
58.0326041690462,0,1.0898815645590911,False,0.009239424938853033,False,59639.08685318144,0.8404348545041767,2022-02-28,False,126,0.009023816253165728,False,37855578.9045518,0.9766642743337152,ksi_Gem,2-3,0.8494586707573424,0,1.5330000451285741
58.0326041690462,0,1.0898815645590911,True,0.005655332799265886,False,59639.08685318144,0.8493370133927877,2022-02-28,False,127,-0.027241900439355593,True,36706264.67632769,-4.81702870658502,ksi_Gem,2-3,0.8220951129534321,1,1.580999992256693
58.0326041690462,0,1.0898815645590911,False,0.006934806379887504,False,59639.08685318144,0.8575324105813387,2022-02-28,False,128,-0.01595774515073123,False,35624679.11503113,-2.3011089678022265,ksi_Gem,2-3,0.8415746654306074,2,1.6290000530716497
58.0326041690462,0,1.0898815645590911,True,0.0047281509356774075,False,59639.08685318144,0.8650918930252863,2022-02-28,False,129,-0.0191696837953792,True,34605011.42643602,-4.054372217843071,ksi_Gem,2-3,0.8459222092299071,3,1.6770000001997687
58.0326041690462,0,1.0898815645590911,False,0.006092100539382636,False,59639.08685318144,0.8720779754308645,2022-02-28,False,130,0.00550608049893786,False,33642090.400606476,0.9038065710412319,ksi_Gem,2-3,0.8775840559298024,4,1.7249999473278876
58.0326041690462,0,1.0898815645590911,False,0.0071594690059866035,False,59639.08685318144,0.8785458940027474,2022-02-28,False,131,-0.010495987676026886,False,32731305.07756361,-1.466028788901852,ksi_Gem,2-3,0.8680499063267205,5,1.7730000081428443
110.41219407798165,0,1.0898815645590911,False,0.005611561375058708,False,59639.08685318144,0.5193568687008274,2022-02-28,False,132,-0.002227297711535403,False,72023607.845831,-0.3969122963592466,ksi_Gem,2-4,0.517129570989292,0,1.5330000451285741
110.41219407798165,0,1.0898815645590911,False,0.003941932825462923,False,59639.08685318144,0.541281423722451,2022-02-28,False,133,-0.0013207343859350518,False,69836935.24272643,-0.33504741060115617,ksi_Gem,2-4,0.539960689336516,1,1.580999992256693
110.41219407798165,0,1.0898815645590911,False,0.004518269744396072,False,59639.08685318144,0.5619541327325632,2022-02-28,False,134,-0.009430931862497327,False,67779122.4560048,-2.0872883639128323,ksi_Gem,2-4,0.5525232008700659,2,1.6290000530716497
110.41219407798165,0,1.0898815645590911,True,0.003921831303150324,False,59639.08685318144,0.5814415797145309,2022-02-28,False,135,-0.017128050367044012,True,65839113.93251584,-4.3673603077433265,ksi_Gem,2-4,0.5643135293474869,3,1.6770000001997687
110.41219407798165,0,1.0898815645590911,True,0.004539507658396238,False,59639.08685318144,0.5998108356038399,2022-02-28,False,136,-0.023235587504067512,True,64007070.98514161,-5.11852589588458,ksi_Gem,2-4,0.5765752480997723,4,1.7249999473278876
110.41219407798165,0,1.0898815645590911,True,0.004794265399180765,False,59639.08685318144,0.6171279472426856,2022-02-28,False,137,-0.028266944005841288,True,62274220.85216716,-5.8959906580623365,ksi_Gem,2-4,0.5888610032368443,5,1.7730000081428443
78.40379370413652,0,1.0898815645590911,True,0.012274848731833253,False,59639.08685318144,0.7252868186914069,2022-02-28,False,138,0.03807068999929253,True,51144025.69868204,3.1015200945459354,ksi_Gem,3-4,0.7633575086906994,0,1.5330000451285741
78.40379370413652,0,1.0898815645590911,True,0.0036896224394167114,False,59639.08685318144,0.7397172238661733,2022-02-28,False,139,0.026298331276616627,True,49591267.607929744,7.1276483457136885,ksi_Gem,3-4,0.76601555514279,1,1.580999992256693
78.40379370413652,0,1.0898815645590911,True,0.01190842576471551,False,59639.08685318144,0.7530981449611737,2022-02-28,False,140,0.06967899655263643,True,48130012.983301,5.851234909579255,ksi_Gem,3-4,0.8227771415138101,2,1.6290000530716497
78.40379370413652,0,1.0898815645590911,True,0.006155638013296105,False,59639.08685318144,0.7655221310994594,2022-02-28,False,141,0.09294725923396063,True,46752411.26702257,15.099532986376985,ksi_Gem,3-4,0.8584693903334201,3,1.6770000001997687
78.40379370413652,0,1.0898815645590911,True,0.01086124015676327,False,59639.08685318144,0.777072829786513,2022-02-28,False,142,0.09732122663911902,True,45451475.99893436,8.960415683149893,ksi_Gem,3-4,0.8743940564256321,4,1.7249999473278876
78.40379370413652,0,1.0898815645590911,True,0.007111248107365613,False,59639.08685318144,0.7878257279676942,2022-02-28,False,143,0.18206333363215443,True,44220977.63341905,25.602163063833874,ksi_Gem,3-4,0.9698890615998487,5,1.7730000081428443
86.46629898794154,0,1.0203173160249304,False,0.006781987486674264,False,58816.2206708784,0.6587701046071097,2019-11-28,False,0,0.01243052405914502,False,56403324.489589,1.8328733403842763,pi3_Ori,1-2,0.6712006286662547,0,1.5330000451285741
86.46629898794154,0,1.0203173160249304,False,0.005852442839318544,False,58816.2206708784,0.6759926620740557,2019-11-28,False,1,0.005186104068741093,False,54690891.46833011,0.8861434807870693,pi3_Ori,1-2,0.6811787661427968,1,1.580999992256693
86.46629898794154,0,1.0203173160249304,False,0.006602104759652418,False,58816.2206708784,0.6920387842645198,2019-11-28,False,2,0.0017195055852033958,False,53079371.498423405,0.2604480916013097,pi3_Ori,1-2,0.6937582898497232,2,1.6290000530716497
86.46629898794154,0,1.0203173160249304,False,0.0060784424618739565,False,58816.2206708784,0.7070018859029745,2019-11-28,False,3,0.005407766979512174,False,51560106.724890545,0.8896632671003328,pi3_Ori,1-2,0.7124096528824867,3,1.6770000001997687
86.46629898794154,0,1.0203173160249304,False,0.00597937254592889,False,58816.2206708784,0.7209681318390855,2019-11-28,False,4,0.011327045684191628,False,50125392.24820396,1.894353562549594,pi3_Ori,1-2,0.7322951775232771,4,1.7249999473278876
86.46629898794154,0,1.0203173160249304,False,0.006615569402462321,False,58816.2206708784,0.7340166487052114,2019-11-28,False,5,0.011942296369651495,False,48768357.91924895,1.805180422596211,pi3_Ori,1-2,0.7459589450748629,5,1.7730000081428443
128.59526230289137,0,1.0203173160249304,False,0.0024481354369034133,False,58816.2206708784,0.37988664655828974,2019-11-28,False,6,-0.0014302374421981678,False,83884708.75231186,-0.5842149991534946,pi3_Ori,1-3,0.3784564091160916,0,1.5330000451285741
128.59526230289137,0,1.0203173160249304,True,0.002842460371960342,False,58816.2206708784,0.4045397580697325,2019-11-28,False,7,-0.016460994568022747,True,81337927.21866913,-5.791107848117578,pi3_Ori,1-3,0.3880787635017098,1,1.580999992256693
128.59526230289137,0,1.0203173160249304,True,0.0031538951160703806,False,58816.2206708784,0.4281635772472702,2019-11-28,False,8,-0.015614070068361796,True,78941226.58891973,-4.950725846526014,pi3_Ori,1-3,0.4125495071789084,2,1.6290000530716497
128.59526230289137,0,1.0203173160249304,True,0.0029650283260040096,False,58816.2206708784,0.45075918972165524,2019-11-28,False,9,-0.01032678133618542,True,76681730.64255978,-3.482860937825474,pi3_Ori,1-3,0.4404324083854698,3,1.6770000001997687
128.59526230289137,0,1.0203173160249304,True,0.002618647173637313,False,58816.2206708784,0.47234032284199884,2019-11-28,False,10,-0.013698785665347102,True,74547980.42289332,-5.231245279339952,pi3_Ori,1-3,0.45864153717665174,4,1.7249999473278876
128.59526230289137,0,1.0203173160249304,True,0.0025612857402253116,False,58816.2206708784,0.4929298187035316,2019-11-28,False,11,-0.012147852572654494,True,72529758.43896945,-4.742872839945562,pi3_Ori,1-3,0.4807819661308771,5,1.7730000081428443
125.89719112640998,0,1.0203173160249304,False,0.0029665964353408148,False,58816.2206708784,0.3968711559632827,2019-11-28,False,12,0.002329285355995747,False,82124714.5598426,0.7851709549189657,pi3_Ori,1-4,0.39920044131927845,0,1.5330000451285741
125.89719112640998,0,1.0203173160249304,True,0.0025918321616771045,False,58816.2206708784,0.42132226322351257,2019-11-28,False,13,-0.014940371063683733,True,79631367.32638842,-5.764405305479435,pi3_Ori,1-4,0.40638189215982884,1,1.580999992256693
125.89719112640998,0,1.0203173160249304,True,0.002868268607554159,False,58816.2206708784,0.44469888904974975,2019-11-28,False,14,-0.017130518125483107,True,77284952.13306941,-5.972424646829261,pi3_Ori,1-4,0.42756837092426664,2,1.6290000530716497
125.89719112640998,0,1.0203173160249304,True,0.0023889436840492683,False,58816.2206708784,0.46701210273239047,2019-11-28,False,15,-0.008359631998795858,True,75072862.91676372,-3.4993005714669048,pi3_Ori,1-4,0.4586524707335946,3,1.6770000001997687
125.89719112640998,0,1.0203173160249304,False,0.002881915621723875,False,58816.2206708784,0.4882839884547872,2019-11-28,False,16,0.0035946044432238478,False,72983881.1423914,1.2472969076983813,pi3_Ori,1-4,0.49187859289801106,4,1.7249999473278876
125.89719112640998,0,1.0203173160249304,True,0.0021626175808101937,False,58816.2206708784,0.5085443474762286,2019-11-28,False,17,0.008110243101437264,True,71008003.69328983,3.7501975260919123,pi3_Ori,1-4,0.5166545905776658,5,1.7730000081428443
56.54482882357884,0,1.0203173160249304,False,0.007275120574384719,False,58816.2206708784,0.8395135168111101,2019-11-28,False,18,0.008379903252391685,False,36885079.68624122,1.151857645067333,pi3_Ori,2-3,0.8478934200635018,0,1.5330000451285741
56.54482882357884,0,1.0203173160249304,True,0.005817321328138792,False,58816.2206708784,0.8484633046266848,2019-11-28,False,19,-0.01789271240587398,True,35765230.297609106,-3.0757648403098643,pi3_Ori,2-3,0.8305705922208109,1,1.580999992256693
56.54482882357884,0,1.0203173160249304,False,0.007104647454951539,False,58816.2206708784,0.8567029678442807,2019-11-28,False,20,-0.017095734938257223,False,34711373.22368877,-2.4062749132390038,pi3_Ori,2-3,0.8396072329060235,2,1.6290000530716497
56.54482882357884,0,1.0203173160249304,True,0.006136326081108887,False,58816.2206708784,0.8643036333365282,2019-11-28,False,21,-0.022507489798765157,True,33717846.64093206,-3.66790967449661,pi3_Ori,2-3,0.841796143537763,3,1.6770000001997687
56.54482882357884,0,1.0203173160249304,False,0.006838785300826056,False,58816.2206708784,0.8713280721545037,2019-11-28,False,22,0.007401674525278512,False,32779611.913130574,1.0823083632095403,pi3_Ori,2-3,0.8787297466797822,4,1.7249999473278876
56.54482882357884,0,1.0203173160249304,False,0.006333191614401777,False,58816.2206708784,0.8778317543678126,2019-11-28,False,23,0.01749944745957177,False,31892176.290967748,2.7631324812244356,pi3_Ori,2-3,0.8953312018273843,5,1.7730000081428443
113.73597022757305,0,1.0203173160249304,False,0.005589905889823775,False,58816.2206708784,0.47596305857785864,2019-11-28,False,24,-0.0035190925323205224,False,74191759.21683285,-0.6295441464814113,pi3_Ori,2-4,0.4724439660455381,0,1.5330000451285741
113.73597022757305,0,1.0203173160249304,False,0.004713661412099496,False,58816.2206708784,0.49898080399392164,2019-11-28,False,25,-0.006043992502430151,False,71939260.45833069,-1.28222881832705,pi3_Ori,2-4,0.4929368114914915,1,1.580999992256693
113.73597022757305,0,1.0203173160249304,False,0.005401592633452409,False,58816.2206708784,0.5207809959139682,2019-11-28,False,26,-0.008914923921416018,False,69819500.62746283,-1.6504250739319593,pi3_Ori,2-4,0.5118660719925522,2,1.6290000530716497
113.73597022757305,0,1.0203173160249304,False,0.004941338865260422,False,58816.2206708784,0.5414139570204338,2019-11-28,False,27,-0.0046575087034682605,False,67821091.3619705,-0.9425600693391823,pi3_Ori,2-4,0.5367564483169656,3,1.6770000001997687
113.73597022757305,0,1.0203173160249304,True,0.005400725874600583,False,58816.2206708784,0.5609339116495595,2019-11-28,False,28,-0.030140495422666835,True,65933897.79736274,-5.580823045364418,pi3_Ori,2-4,0.5307934162268927,4,1.7249999473278876
113.73597022757305,0,1.0203173160249304,False,0.005584574441203812,False,58816.2206708784,0.5793968388771383,2019-11-28,False,29,-0.004493064164684313,False,64148883.08246964,-0.804549068508036,pi3_Ori,2-4,0.574903774712454,5,1.7730000081428443
88.93178738276536,0,1.0203173160249304,False,0.004340153916898217,False,58816.2206708784,0.64245803927765,2019-11-28,False,30,-0.005818295395903839,False,58011601.28165983,-1.340573515895493,pi3_Ori,3-4,0.6366397438817462,0,1.5330000451285741
88.93178738276536,0,1.0203173160249304,True,0.003318829583802549,False,58816.2206708784,0.6603152272837113,2019-11-28,False,31,-0.015400459108226072,True,56250340.17604618,-4.640328380639839,pi3_Ori,3-4,0.6449147681754852,1,1.580999992256693
88.93178738276536,0,1.0203173160249304,False,0.0018743292531019392,False,58816.2206708784,0.676973397814258,2019-11-28,False,32,0.00017330344840860157,False,54592869.54292923,0.09246158225498075,pi3_Ori,3-4,0.6771467012626666,2,1.6290000530716497
88.93178738276536,0,1.0203173160249304,False,0.0018386656209961258,False,58816.2206708784,0.6925248400237968,2019-11-28,False,33,-0.0031067454873934253,False,53030284.658420734,-1.6896739961398188,pi3_Ori,3-4,0.6894180945364033,3,1.6770000001997687
88.93178738276536,0,1.0203173160249304,True,0.0023797307112590213,False,58816.2206708784,0.7070552103206091,2019-11-28,False,34,0.011929677999530264,True,51554660.926526524,5.013036955437173,pi3_Ori,3-4,0.7189848883201394,4,1.7249999473278876
88.93178738276536,0,1.0203173160249304,True,0.002259305117975374,False,58816.2206708784,0.720643580502259,2019-11-28,False,35,0.013336746572493952,True,50158932.30362605,5.90303030183253,pi3_Ori,3-4,0.7339803270747529,5,1.7730000081428443
84.62086872084912,0,1.0203173160249304,True,0.0065048366762786615,False,58816.23117788318,0.6708944665343203,2019-11-28,False,36,0.02043184250851504,True,55199521.35014574,3.141023137909721,pi3_Ori,1-2,0.6913263090428353,0,1.5330000451285741
84.62086872084912,0,1.0203173160249304,False,0.005305828559649196,False,58816.23117788318,0.6876321764207424,2019-11-28,False,37,0.0132232699507564,False,53523636.391713515,2.492215834359842,pi3_Ori,1-2,0.7008554463714988,1,1.580999992256693
84.62086872084912,0,1.0203173160249304,False,0.00554547596578565,False,58816.23117788318,0.7032124546069919,2019-11-28,False,38,0.008299212631768471,False,51946510.72066427,1.4965735462515324,pi3_Ori,1-2,0.7115116672387604,2,1.6290000530716497
84.62086872084912,0,1.0203173160249304,False,0.005076176244968004,False,58816.23117788318,0.7177292105098729,2019-11-28,False,39,0.01397922039570021,False,50459671.26462066,2.7538879111137566,pi3_Ori,1-2,0.7317084309055731,3,1.6770000001997687
84.62086872084912,0,1.0203173160249304,True,0.004943227274507488,False,58816.23117788318,0.731268697970526,2019-11-28,False,40,0.02129095583512719,True,49055577.567947835,4.307096286048973,pi3_Ori,1-2,0.7525596538056532,4,1.7249999473278876
84.62086872084912,0,1.0203173160249304,True,0.005366639265176625,False,58816.23117788318,0.7439098403401431,2019-11-28,False,41,0.02504575237423412,True,47727506.10953833,4.666934209040753,pi3_Ori,1-2,0.7689555927143772,5,1.7730000081428443
127.42889120597656,0,1.0203173160249304,False,0.0027281392040831524,False,58816.23117788318,0.3871993651842187,2019-11-28,False,42,0.006803399388164655,False,83123866.57189496,2.4937874790194505,pi3_Ori,1-3,0.39400276457238337,0,1.5330000451285741
127.42889120597656,0,1.0203173160249304,True,0.0025156674112059452,False,58816.23117788318,0.4117704870912534,2019-11-28,False,43,-0.00817639179206836,True,80600184.58576123,-3.2501879046677367,pi3_Ori,1-3,0.40359409529918505,1,1.580999992256693
127.42889120597656,0,1.0203173160249304,False,0.0031724971300097528,False,58816.23117788318,0.4352922032847877,2019-11-28,False,44,-0.007830276836164884,False,78225222.2556384,-2.4681746004103755,pi3_Ori,1-3,0.4274619264486228,2,1.6290000530716497
127.42889120597656,0,1.0203173160249304,False,0.0030947303553574093,False,58816.23117788318,0.45776996297858985,2019-11-28,False,45,-0.0030947942327559375,False,75986220.14955091,-1.0000206406992511,pi3_Ori,1-3,0.4546751687458339,3,1.6770000001997687
127.42889120597656,0,1.0203173160249304,False,0.0030083088396768006,False,58816.23117788318,0.47922115406161264,2019-11-28,False,46,-0.007938053520121446,False,73871823.24461538,-2.6387096349370416,pi3_Ori,1-3,0.4712831005414912,4,1.7249999473278876
127.42889120597656,0,1.0203173160249304,False,0.0029809457965658103,False,58816.23117788318,0.4996716734624915,2019-11-28,False,47,-0.006351016294762535,False,71871906.72348268,-2.1305373288166476,pi3_Ori,1-3,0.49332065716772894,5,1.7730000081428443
127.88999665926971,0,1.0203173160249304,True,0.002753144193224506,False,58816.23117788318,0.3843028910500491,2019-11-28,False,48,0.0125697591221538,True,83424652.89917421,4.56560145054807,pi3_Ori,1-4,0.3968726501722029,0,1.5330000451285741
127.88999665926971,0,1.0203173160249304,True,0.002282312722340874,False,58816.23117788318,0.4089074008518892,2019-11-28,False,49,-0.00793419243950888,True,80891838.89034791,-3.476382689297331,pi3_Ori,1-4,0.4009732084123803,1,1.580999992256693
127.88999665926971,0,1.0203173160249304,True,0.0024743262364250143,False,58816.23117788318,0.43247035191777894,2019-11-28,False,50,-0.01155372833457824,True,78508282.6842883,-4.6694442165684,pi3_Ori,1-4,0.4209166235832007,2,1.6290000530716497
127.88999665926971,0,1.0203173160249304,False,0.002167630319333433,False,58816.23117788318,0.4549954767987524,2019-11-28,False,51,-5.4910143510444875e-05,False,76261178.67861366,-0.02533187648313125,pi3_Ori,1-4,0.45494056665524196,3,1.6770000001997687
127.88999665926971,0,1.0203173160249304,True,0.002470247742149819,False,58816.23117788318,0.47649872476624255,2019-11-28,False,52,0.010384648401085883,True,74139130.76193295,4.203889441489088,pi3_Ori,1-4,0.48688337316732844,4,1.7249999473278876
127.88999665926971,0,1.0203173160249304,True,0.0016714851717521924,False,58816.23117788318,0.49700479336689996,2019-11-28,False,53,0.015305214461398542,True,72131977.47992682,9.156655841196795,pi3_Ori,1-4,0.5123100078282985,5,1.7730000081428443
57.25956088786594,0,1.0203173160249304,True,0.005678703691842463,False,58816.23117788318,0.8357299913930565,2019-11-28,False,54,0.024676826797048745,True,37351310.63421693,4.345503505051224,pi3_Ori,2-3,0.8604068181901052,0,1.5330000451285741
57.25956088786594,0,1.0203173160249304,False,0.004870824878518328,False,58816.23117788318,0.8448740518067116,2019-11-28,False,55,-0.002930302395505957,False,36217306.24181382,-0.6016029047624754,pi3_Ori,2-3,0.8419437494112056,1,1.580999992256693
57.25956088786594,0,1.0203173160249304,False,0.0058871250089720445,False,58816.23117788318,0.8532944227581545,2019-11-28,False,56,-0.002153053542217731,False,35150128.31331531,-0.36572240931464056,pi3_Ori,2-3,0.8511413692159367,2,1.6290000530716497
57.25956088786594,0,1.0203173160249304,False,0.004325567384393538,False,58816.23117788318,0.8610633377743087,2019-11-28,False,57,-0.004952358674186641,False,34144043.4591801,-1.144903832050921,pi3_Ori,2-3,0.856110979100122,3,1.6770000001997687
57.25956088786594,0,1.0203173160249304,True,0.004667578428122237,False,58816.23117788318,0.8682445856231272,2019-11-28,False,58,0.024140142784228047,True,33193949.354354415,5.171877271259823,pi3_Ori,2-3,0.8923847284073553,4,1.7249999473278876
57.25956088786594,0,1.0203173160249304,True,0.0048919273597972275,False,58816.23117788318,0.8748945681055779,2019-11-28,False,59,0.03542512675390497,True,32295296.46073907,7.241547992931227,pi3_Ori,2-3,0.9103196948594828,5,1.7730000081428443
114.52638290847781,0,1.0203173160249304,False,0.005195778923031471,False,58816.23117788318,0.4707211854998526,2019-11-28,False,60,0.007578516339382502,False,74707357.81933548,1.4585909931211671,pi3_Ori,2-4,0.4782997018392351,0,1.5330000451285741
114.52638290847781,0,1.0203173160249304,False,0.0038327555488809582,False,58816.23117788318,0.49385702724519026,2019-11-28,False,61,0.00245606176539237,False,72439205.23048502,0.6408083516073602,pi3_Ori,2-4,0.49631308901058263,1,1.580999992256693
114.52638290847781,0,1.0203173160249304,False,0.0048218656107002714,False,58816.23117788318,0.5157815241546454,2019-11-28,False,62,-0.0012288595208308495,False,70304714.04376344,-0.25485146622582544,pi3_Ori,2-4,0.5145526646338145,2,1.6290000530716497
114.52638290847781,0,1.0203173160249304,False,0.004396117716628317,False,58816.23117788318,0.5365427757001988,2019-11-28,False,63,0.004408939180968852,False,68292416.75303228,1.0029165425420792,pi3_Ori,2-4,0.5409517148811677,3,1.6770000001997687
114.52638290847781,0,1.0203173160249304,True,0.004743706184593726,False,58816.23117788318,0.5561932226810176,2019-11-28,False,64,-0.026595499048011617,True,66392108.06115385,-5.606481095812089,pi3_Ori,2-4,0.529597723633006,4,1.7249999473278876
114.52638290847781,0,1.0203173160249304,False,0.0049849793595886874,False,58816.23117788318,0.5747874224865072,2019-11-28,False,65,0.0025196492346788446,False,64594688.31499905,0.5054482783027494,pi3_Ori,2-4,0.577307071721186,5,1.7730000081428443
87.70221136816534,0,1.0203173160249304,False,0.004179807257355655,False,58816.23117788318,0.6506082230684219,2019-11-28,False,66,-0.009182637882255484,False,57209529.54101816,-2.1969046218807846,pi3_Ori,3-4,0.6414255851861664,0,1.5330000451285741
87.70221136816534,0,1.0203173160249304,True,0.0030523621879834967,False,58816.23117788318,0.6681508893050075,2019-11-28,False,67,-0.02281227010397391,True,55472619.73289491,-7.473644573956847,pi3_Ori,3-4,0.6453386192010336,1,1.580999992256693
87.70221136816534,0,1.0203173160249304,False,0.0013382063655282496,False,58816.23117788318,0.6845053897057133,2019-11-28,False,68,-0.0026532825544887118,False,53838065.38421755,-1.9827155383776276,pi3_Ori,3-4,0.6818521071512246,2,1.6290000530716497
87.70221136816534,0,1.0203173160249304,True,0.0014429631463147078,False,58816.23117788318,0.6997646418814198,2019-11-28,False,69,-0.005391811024373805,True,52297084.8883232,-3.7366242084174894,pi3_Ori,3-4,0.694372830857046,3,1.6770000001997687
87.70221136816534,0,1.0203173160249304,True,0.0014655872557173758,False,58816.23117788318,0.7140146122042247,2019-11-28,False,70,0.012703535059879978,True,50841863.21513836,8.66788040788595,pi3_Ori,3-4,0.7267181472641047,4,1.7249999473278876
87.70221136816534,0,1.0203173160249304,True,0.002807819758181348,False,58816.23117788318,0.7273344471754938,2019-11-28,False,71,0.018514032481551812,True,49465432.01656854,6.59373965426596,pi3_Ori,3-4,0.7458484796570456,5,1.7730000081428443
88.89814202897762,0,1.074349960755691,True,0.0018471564583924934,False,58815.20469599114,0.6426814313397394,2019-11-27,False,72,0.025112212953005253,True,57989653.889097996,13.595065452581862,pi3_Ori,1-2,0.6677936442927447,0,1.5330000451285741
88.89814202897762,0,1.074349960755691,True,0.002179691271768755,False,58815.20469599114,0.6605300674370961,2019-11-27,False,73,0.009571426599744082,True,56229059.11725268,4.391184533200957,pi3_Ori,1-2,0.6701014940368402,1,1.580999992256693
88.89814202897762,0,1.074349960755691,True,0.002407670591793106,False,58815.20469599114,0.6771799719433481,2019-11-27,False,74,0.021094325999813868,True,54572215.5510989,8.761300682791465,pi3_Ori,1-2,0.698274297943162,2,1.6290000530716497
88.89814202897762,0,1.074349960755691,True,0.0016644429959488303,False,58815.20469599114,0.6927234529996921,2019-11-27,False,75,0.012244454837293417,True,53010221.83565166,7.356487946475667,pi3_Ori,1-2,0.7049679078369855,3,1.6770000001997687
88.89814202897762,0,1.074349960755691,True,0.002233488625805585,False,58815.20469599114,0.7072461770028745,2019-11-27,False,76,0.011669200115592915,True,51535156.37301053,5.224651686499641,pi3_Ori,1-2,0.7189153771184674,4,1.7249999473278876
88.89814202897762,0,1.074349960755691,True,0.0015682890909037917,False,58815.20469599114,0.7208272190620267,2019-11-27,False,77,0.006363817450716125,True,50139955.79283461,4.057808912672288,pi3_Ori,1-2,0.7271910365127429,5,1.7730000081428443
129.20732082744348,0,1.074349960755691,True,0.001974298320530714,False,58815.20469599114,0.37606796419693767,2019-11-27,False,78,0.04816593733935248,True,84283964.13817897,24.396483975332018,pi3_Ori,1-3,0.42423390153629015,0,1.5330000451285741
129.20732082744348,0,1.074349960755691,True,0.002043763084738357,False,58815.20469599114,0.40076083113043937,2019-11-27,False,79,0.03107443110734126,True,81725061.01218578,15.204517264935047,pi3_Ori,1-3,0.4318352622377806,1,1.580999992256693
129.20732082744348,0,1.074349960755691,True,0.0028733093428115098,False,58815.20469599114,0.42443530841145494,2019-11-27,False,80,0.039218037439355924,True,79316953.11108774,13.64908290764871,pi3_Ori,1-3,0.46365334585081086,2,1.6290000530716497
129.20732082744348,0,1.074349960755691,True,0.0014103873907927596,False,58815.20469599114,0.44709016432834786,2019-11-27,False,81,0.03323706286915218,True,77046702.92907093,23.565910391803826,pi3_Ori,1-3,0.48032722719750004,3,1.6770000001997687
129.20732082744348,0,1.074349960755691,True,0.0022298328057543913,False,58815.20469599114,0.46873717729968845,2019-11-27,False,82,0.02410976332005893,True,74902796.96969973,10.812363715270651,pi3_Ori,1-3,0.4928469406197474,4,1.7249999473278876
129.20732082744348,0,1.074349960755691,True,0.0017072980627466975,False,58815.20469599114,0.48939755895901405,2019-11-27,False,83,0.028634327756958955,True,72874969.11113027,16.77172157677735,pi3_Ori,1-3,0.518031886715973,5,1.7730000081428443
121.53957029237279,0,1.074349960755691,True,0.004585898945065875,False,58815.20469599114,0.4247800839804774,2019-11-27,False,84,0.05590874490280129,True,79282170.06815492,12.19144721079286,pi3_Ori,1-4,0.4806888288832787,0,1.5330000451285741
121.53957029237279,0,1.074349960755691,True,0.0020629967406152975,False,58815.20469599114,0.44881415766221894,2019-11-27,False,85,0.03411108713416838,True,76875123.90110086,16.53472662491682,pi3_Ori,1-4,0.4829252447963873,1,1.580999992256693
121.53957029237279,0,1.074349960755691,True,0.0021312860351272132,False,58815.20469599114,0.47171090055288095,2019-11-27,False,86,0.03512032307404073,True,74609924.08391714,16.478465346836682,pi3_Ori,1-4,0.5068312236269217,2,1.6290000530716497
121.53957029237279,0,1.074349960755691,True,0.0026961025879988325,False,58815.20469599114,0.4934966141295895,2019-11-27,False,87,0.028874969274632345,True,72474400.88127291,10.709892643983045,pi3_Ori,1-4,0.5223715834042219,3,1.6770000001997687
121.53957029237279,0,1.074349960755691,True,0.003341108191632694,False,58815.20469599114,0.5142060016390471,2019-11-27,False,88,0.038340694561286415,True,70457724.06001736,11.475442386841873,pi3_Ori,1-4,0.5525466962003335,4,1.7249999473278876
121.53957029237279,0,1.074349960755691,True,0.0026378123246906283,False,58815.20469599114,0.5338792659313155,2019-11-27,False,89,0.03358809837659482,True,68550236.73670551,12.733316188646647,pi3_Ori,1-4,0.5674673643079103,5,1.7730000081428443
54.80765241497911,0,1.074349960755691,False,0.0038207667193653474,False,58815.20469599114,0.848568708695228,2019-11-27,False,90,-0.0112853417426374,False,35751892.23845218,-2.953685103421327,pi3_Ori,2-3,0.8372833669525906,0,1.5330000451285741
54.80765241497911,0,1.074349960755691,True,0.0030282822783506175,False,58815.20469599114,0.8570502034868864,2019-11-27,False,91,-0.03504579529505236,True,34666446.98508036,-11.572829767421942,pi3_Ori,2-3,0.8220044081918341,1,1.580999992256693
54.80765241497911,0,1.074349960755691,True,0.003071527287664602,False,58815.20469599114,0.864854659651741,2019-11-27,False,92,-0.024142443726056784,True,33644966.62331813,-7.86007789122173,pi3_Ori,2-3,0.8407122159256842,2,1.6290000530716497
54.80765241497911,0,1.074349960755691,True,0.002900521612655386,False,58815.20469599114,0.8720504467859945,2019-11-27,False,93,-0.035933869340158964,True,32681963.272778936,-12.38876110537305,pi3_Ori,2-3,0.8361165774458356,3,1.6770000001997687
54.80765241497911,0,1.074349960755691,True,0.0027428616708549476,False,58815.20469599114,0.8786978115086277,2019-11-27,False,94,-0.028052450864816447,True,31772553.09478643,-10.227439160675035,pi3_Ori,2-3,0.8506453606438112,4,1.7249999473278876
54.80765241497911,0,1.074349960755691,True,0.0035283436356956816,False,58815.20469599114,0.8848499213275594,2019-11-27,False,95,-0.014174623608310122,True,30912381.36675939,-4.017359155414384,pi3_Ori,2-3,0.8706752977192492,5,1.7730000081428443
112.66377468145765,0,1.074349960755691,True,0.0047453017828122356,False,58815.20469599114,0.48309071363035255,2019-11-27,False,96,0.03218724551204283,True,73492349.2269098,6.782971238758079,pi3_Ori,2-4,0.5152779591423954,0,1.5330000451285741
112.66377468145765,0,1.074349960755691,True,0.0032249249607201615,False,58815.20469599114,0.5059429954673367,2019-11-27,False,97,0.024515055981208178,True,71261084.90401904,7.601744623457439,pi3_Ori,2-4,0.5304580514485449,1,1.580999992256693
112.66377468145765,0,1.074349960755691,True,0.003458311654489714,False,58815.20469599114,0.5275699956155471,2019-11-27,False,98,0.02819507049880765,True,69161308.17124182,8.152842576291157,pi3_Ori,2-4,0.5557650661143547,2,1.6290000530716497
112.66377468145765,0,1.074349960755691,True,0.0035789675158057746,False,58815.20469599114,0.5480249722033903,2019-11-27,False,99,0.016012521194121332,True,67181738.02506669,4.474061617884298,pi3_Ori,2-4,0.5640374933975116,3,1.6770000001997687
112.66377468145765,0,1.074349960755691,False,0.0028476007981685903,False,58815.20469599114,0.5673644958806309,2019-11-27,False,100,-0.00028189648071363926,False,65312335.14295438,-0.09899438183011415,pi3_Ori,2-4,0.5670825993999172,4,1.7249999473278876
112.66377468145765,0,1.074349960755691,False,0.003362864879437428,False,58815.20469599114,0.5856464085659846,2019-11-27,False,101,0.004812394756744887,False,63544147.86465175,1.4310401783225823,pi3_Ori,2-4,0.5904588033227295,5,1.7730000081428443
91.23349596027928,0,1.074349960755691,True,0.006306854767310624,False,58815.20469599114,0.627130196812777,2019-11-27,False,102,0.02011024456364774,True,59513041.927293256,3.1886328931945855,pi3_Ori,3-4,0.6472404413764248,0,1.5330000451285741
91.23349596027928,0,1.074349960755691,True,0.005401935806257903,False,58815.20469599114,0.6455647512656755,2019-11-27,False,103,0.02287514830428483,True,57706196.3359368,4.234620536916597,pi3_Ori,3-4,0.6684398995699603,1,1.580999992256693
91.23349596027928,0,1.074349960755691,False,0.0028338778661814354,False,58815.20469599114,0.6627822417727013,2019-11-27,False,104,0.007711730326925403,False,56005827.49414219,2.721264179714536,pi3_Ori,3-4,0.6704939720996267,2,1.6290000530716497
91.23349596027928,0,1.074349960755691,True,0.0017902033497701707,False,58815.20469599114,0.678873417281116,2019-11-27,False,105,0.008004712718997609,True,54402800.20835499,4.4713985816333475,pi3_Ori,3-4,0.6868781300001137,3,1.6770000001997687
91.23349596027928,0,1.074349960755691,False,0.0023041458941070814,False,58815.20469599114,0.6939230471996892,2019-11-27,False,106,-0.003097419903539622,False,52888984.78032106,-1.3442811548788476,pi3_Ori,3-4,0.6908256272961496,4,1.7249999473278876
91.23349596027928,0,1.074349960755691,False,0.0035977893579271078,False,58815.20469599114,0.7080098050347229,2019-11-27,False,107,-0.005758992684907538,False,51457132.28498131,-1.600703129608906,pi3_Ori,3-4,0.7022508123498153,5,1.7730000081428443
87.41300354928198,0,1.074349960755691,False,0.002551574884238166,False,58815.2170437766,0.6525209594867583,2019-11-27,False,108,0.0017210021194853375,False,57020874.73973334,0.6744862281395219,pi3_Ori,1-2,0.6542419616062436,0,1.5330000451285741
87.41300354928198,0,1.074349960755691,True,0.0021264027785945438,False,58815.2170437766,0.6699890665802049,2019-11-27,False,109,-0.013876746444869803,True,55289692.585330196,-6.5259256546126725,pi3_Ori,1-2,0.656112320135335,1,1.580999992256693
87.41300354928198,0,1.074349960755691,True,0.001938133306107356,False,58815.2170437766,0.6862716796777806,2019-11-27,False,110,-0.008796070795650923,True,53660528.361835,-4.538424043347871,pi3_Ori,1-2,0.6774756088821297,2,1.6290000530716497
87.41300354928198,0,1.074349960755691,True,0.0015547920515832279,False,58815.2170437766,0.7014618447526146,2019-11-27,False,111,-0.014536001231891915,True,52124629.42091181,-9.349161012940646,pi3_Ori,1-2,0.6869258435207227,3,1.6770000001997687
87.41300354928198,0,1.074349960755691,True,0.0022291440571768515,False,58815.2170437766,0.715645584723054,2019-11-27,False,112,-0.01192529029171463,True,50674206.50341999,-5.349717194508136,pi3_Ori,1-2,0.7037202944313393,4,1.7249999473278876
87.41300354928198,0,1.074349960755691,True,0.001484888659124015,False,58815.2170437766,0.7289020499147058,2019-11-27,False,113,-0.01665852619493291,True,49302314.24016972,-11.21870390252716,pi3_Ori,1-2,0.7122435237197728,5,1.7730000081428443
129.01167980381976,0,1.074349960755691,True,0.002196523689183087,False,58815.2170437766,0.37728716235508386,2019-11-27,False,114,0.031406410077007674,True,84156344.42659095,14.298234174150013,pi3_Ori,1-3,0.40869357243209153,0,1.5330000451285741
129.01167980381976,0,1.074349960755691,True,0.002076992979699576,False,58815.2170437766,0.4019675669379659,2019-11-27,False,115,0.014191476558780225,True,81601315.89859822,6.832703190375219,pi3_Ori,1-3,0.41615904349674615,1,1.580999992256693
129.01167980381976,0,1.074349960755691,True,0.0025457196588223475,False,58815.2170437766,0.4256260709936281,2019-11-27,False,116,0.017398091173933483,True,79196854.26685822,6.834252590869278,pi3_Ori,1-3,0.4430241621675616,2,1.6290000530716497
129.01167980381976,0,1.074349960755691,True,0.0016881540076423398,False,58815.2170437766,0.44826218554128244,2019-11-27,False,117,0.009887958542480979,True,76930041.61505757,5.857260947589972,pi3_Ori,1-3,0.4581501440837634,3,1.6770000001997687
129.01167980381976,0,1.074349960755691,True,0.0018752221143205495,False,58815.2170437766,0.46988831402146874,2019-11-27,False,118,0.005658463463775798,True,74789381.88007796,3.0174897259176325,pi3_Ori,1-3,0.47554677748524454,4,1.7249999473278876
129.01167980381976,0,1.074349960755691,True,0.0018730175709429722,False,58815.2170437766,0.4905261912569047,2019-11-27,False,119,0.005913647479217743,True,72764624.48466371,3.157283503881126,pi3_Ori,1-3,0.49643983873612246,5,1.7730000081428443
124.53374915469323,0,1.074349960755691,True,0.003942995404478702,False,58815.2170437766,0.40554313974562806,2019-11-27,False,120,0.028015427395528536,True,81235319.95346318,7.1051128702069635,pi3_Ori,1-4,0.4335585671411566,0,1.5330000451285741
124.53374915469323,0,1.074349960755691,True,0.0019148115419007814,False,58815.2170437766,0.4298757129040939,2019-11-27,False,121,0.008666561847961718,True,78768975.18319139,4.52606518099356,pi3_Ori,1-4,0.4385422747520556,1,1.580999992256693
124.53374915469323,0,1.074349960755691,True,0.0020861587773938826,False,58815.2170437766,0.45311277830248015,2019-11-27,False,122,0.011267001100736085,True,76447971.2077798,5.400835843766071,pi3_Ori,1-4,0.46437977940321623,2,1.6290000530716497
124.53374915469323,0,1.074349960755691,False,0.002045373172349119,False,58815.2170437766,0.47527029611105315,2019-11-27,False,123,0.004728420178513049,False,74259838.48530616,2.3117640548117877,pi3_Ori,1-4,0.4799987162895662,3,1.6770000001997687
124.53374915469323,0,1.074349960755691,True,0.003278853690899419,False,58815.2170437766,0.49637442021666717,2019-11-27,False,124,0.014924706612197192,True,72193479.97523265,4.551806216185026,pi3_Ori,1-4,0.5112991268288644,4,1.7249999473278876
124.53374915469323,0,1.074349960755691,True,0.0016893988940209438,False,58815.2170437766,0.5164583211895214,2019-11-27,False,125,0.016303308366855895,True,70239000.89269486,9.650360506660649,pi3_Ori,1-4,0.5327616295563773,5,1.7730000081428443
56.02157769558507,0,1.074349960755691,False,0.0031978978220427168,False,58815.2170437766,0.8422621795155533,2019-11-27,False,126,0.004407080333014068,False,36543754.75956786,1.3781179319228416,pi3_Ori,2-3,0.8466692598485673,0,1.5330000451285741
56.02157769558507,0,1.074349960755691,True,0.003106534454191391,False,58815.2170437766,0.8510703150750428,2019-11-27,False,127,-0.026373009877405318,True,35434268.1656948,-8.48952756401024,pi3_Ori,2-3,0.8246973051976375,1,1.580999992256693
56.02157769558507,0,1.074349960755691,True,0.0031073071612558803,False,58815.2170437766,0.8591782767403561,2019-11-27,False,128,-0.020234566900496964,True,34390163.21083019,-6.511930057252132,pi3_Ori,2-3,0.8389437098398591,2,1.6290000530716497
56.02157769558507,0,1.074349960755691,True,0.002890657432095882,False,58815.2170437766,0.8666563706195479,2019-11-27,False,129,-0.030737112073006778,True,33405830.464467283,-10.633260009201685,pi3_Ori,2-3,0.8359192585465411,3,1.6770000001997687
56.02157769558507,0,1.074349960755691,True,0.002800521566565052,False,58815.2170437766,0.8735666146956623,2019-11-27,False,130,-0.013773000670676439,True,32476277.91662564,-4.918012714170795,pi3_Ori,2-3,0.8597936140249859,4,1.7249999473278876
56.02157769558507,0,1.074349960755691,False,0.0032412368656770294,False,58815.2170437766,0.879963790920009,2019-11-27,False,131,-0.005007165907711553,False,31597054.392721478,-1.5448318389608517,pi3_Ori,2-3,0.8749566250122974,5,1.7730000081428443
113.32257372072183,0,1.074349960755691,True,0.0031863071391776223,False,58815.2170437766,0.47870894788523727,2019-11-27,False,132,0.02911786316747883,True,73922094.18442474,9.138435780234945,pi3_Ori,2-4,0.5078268110527161,0,1.5330000451285741
113.32257372072183,0,1.074349960755691,True,0.002555408767920222,False,58815.2170437766,0.5016636112432437,2019-11-27,False,133,0.02052879270272212,True,71677782.59060399,8.033467271629481,pi3_Ori,2-4,0.5221924039459658,1,1.580999992256693
113.32257372072183,0,1.074349960755691,True,0.002719486514426955,False,58815.2170437766,0.5233976467900933,2019-11-27,False,134,0.022212956324767164,True,69565727.4577986,8.168070040769381,pi3_Ori,2-4,0.5456106031148604,2,1.6290000530716497
113.32257372072183,0,1.074349960755691,True,0.00241409949961819,False,58815.2170437766,0.5439625200354752,2019-11-27,False,135,0.01327070426211796,True,67574581.81706771,5.497165408557863,pi3_Ori,2-4,0.5572332242975931,3,1.6770000001997687
113.32257372072183,0,1.074349960755691,False,0.0017594526463769519,False,58815.2170437766,0.5634133699773429,2019-11-27,False,136,-0.0032787863049918986,False,65694247.64114587,-1.8635263141315819,pi3_Ori,2-4,0.560134583672351,4,1.7249999473278876
113.32257372072183,0,1.074349960755691,False,0.0028026942131609846,False,58815.2170437766,0.5818069029206004,2019-11-27,False,137,0.001727699387171544,False,63915720.92513597,0.6164423428922626,pi3_Ori,2-4,0.583534602307772,5,1.7730000081428443
89.69948879436119,0,1.074349960755691,False,0.0033593255709117266,False,58815.2170437766,0.637355368506638,2019-11-27,False,138,0.0008989972014507019,False,58512384.96658883,0.2676124068578184,pi3_Ori,3-4,0.6382543657080887,0,1.5330000451285741
89.69948879436119,0,1.074349960755691,False,0.002957623700796185,False,58815.2170437766,0.6554068304692868,2019-11-27,False,139,-0.006433601496255714,False,56735919.818902485,-2.175260326228724,pi3_Ori,3-4,0.6489732289730311,1,1.580999992256693
89.69948879436119,0,1.074349960755691,False,0.003541061042250211,False,58815.2170437766,0.6722529230598868,2019-11-27,False,140,0.0002739292181462849,False,55064141.112348914,0.07735794861424168,pi3_Ori,3-4,0.6725268522780331,2,1.6290000530716497
89.69948879436119,0,1.074349960755691,False,0.0023840181224443666,False,58815.2170437766,0.6879854746895643,2019-11-27,False,141,-0.004073886360935086,False,53488067.253235504,-1.708831960034798,pi3_Ori,3-4,0.6839115883286292,3,1.6770000001997687
89.69948879436119,0,1.074349960755691,False,0.0026616580526584543,False,58815.2170437766,0.7026898906579832,2019-11-27,False,142,-0.0011754460309905124,False,51999705.23669305,-0.4416217289131041,pi3_Ori,3-4,0.7015144446269926,4,1.7249999473278876
89.69948879436119,0,1.074349960755691,False,0.0028390481050091848,False,58815.2170437766,0.7164451476622355,2019-11-27,False,143,0.0024294117701648688,False,50591928.02165764,0.8557134928000839,pi3_Ori,3-4,0.7188745594324004,5,1.7730000081428443
31.58513460703475,0,1.078986261215289,False,0.004581652567403708,False,59585.31377574549,0.9808435446507506,2022-01-05,False,0,0.007289598135554187,False,20603479.241506267,1.5910412298427499,psi Vel A,1-2,0.9881331427863048,0,1.5330000451285741
31.58513460703475,0,1.078986261215289,False,0.004626133372239033,False,59585.31377574549,0.9819803809580558,2022-01-05,False,1,0.004606390202401389,False,19977947.350872945,0.9957322523479066,psi Vel A,1-2,0.9865867711604572,1,1.580999992256693
31.58513460703475,0,1.078986261215289,False,0.0035956062604287544,False,59585.31377574549,0.9830191770615128,2022-01-05,False,2,0.0007768493442629198,False,19389277.82566838,0.2160551762334192,psi Vel A,1-2,0.9837960264057757,2,1.6290000530716497
31.58513460703475,0,1.078986261215289,False,0.0035146551066244196,False,59585.31377574549,0.9839708612179767,2022-01-05,False,3,-0.005420615833573894,False,18834308.052040696,-1.542289547374683,psi Vel A,1-2,0.9785502453844028,3,1.6770000001997687
31.58513460703475,0,1.078986261215289,False,0.003245778309545784,False,59585.31377574549,0.9848448898264008,2022-01-05,False,4,-0.0036109847811230944,False,18310223.519694436,-1.1125173800389399,psi Vel A,1-2,0.9812339050452777,4,1.7249999473278876
31.58513460703475,0,1.078986261215289,False,0.0025306748972990095,False,59585.31377574549,0.9856494725708435,2022-01-05,False,5,-0.0031859259685221852,False,17814514.6429633,-1.2589234484139094,psi Vel A,1-2,0.9824635466023213,5,1.7730000081428443
90.38554803343514,0,1.078986261215289,True,0.002600898601021637,False,59585.31377574549,0.8519476062707511,2022-01-05,False,6,-0.017916766342210066,True,58959912.180468604,-6.888683140193291,psi Vel A,1-3,0.834030839928541,0,1.5330000451285741
90.38554803343514,0,1.078986261215289,True,0.003689315361635654,False,59585.31377574549,0.8602532277750908,2022-01-05,False,7,-0.01318630299710799,True,57169859.88369318,-3.574186998007635,psi Vel A,1-3,0.8470669247779828,1,1.580999992256693
90.38554803343514,0,1.078986261215289,True,0.002871657046846915,False,59585.31377574549,0.8678943676997825,2022-01-05,False,8,-0.01251507942581076,True,55485294.71377472,-4.3581386013877745,psi Vel A,1-3,0.8553792882739717,2,1.6290000530716497
90.38554803343514,0,1.078986261215289,True,0.002739702401105929,False,59585.31377574549,0.8749383297011498,2022-01-05,False,9,-0.02305692509227153,True,53897166.382032305,-8.415850233574346,psi Vel A,1-3,0.8518814046088783,3,1.6770000001997687
90.38554803343514,0,1.078986261215289,False,0.00249626565159708,False,59585.31377574549,0.8814443881844541,2022-01-05,False,10,-0.0065675225435022355,False,52397420.74974955,-2.6309389544740225,psi Vel A,1-3,0.8748768656409519,4,1.7249999473278876
90.38554803343514,0,1.078986261215289,True,0.0017558598658265461,False,59585.31377574549,0.8874648267315665,2022-01-05,False,11,-0.022591473423895225,True,50978876.265269086,-12.866330544699027,psi Vel A,1-3,0.8648733533076712,5,1.7730000081428443
128.36914322492854,0,1.078986261215289,False,0.003123184615569781,False,59585.31377574549,0.7205705811432658,2022-01-05,False,12,0.004859681070434108,False,83737207.72732404,1.55600185983483,psi Vel A,1-4,0.7254302622136999,0,1.5330000451285741
128.36914322492854,0,1.078986261215289,False,0.0026204933120472854,False,59585.31377574549,0.7352100727799605,2022-01-05,False,13,-0.0038526743112018424,False,81194904.3982578,-1.4702095569142681,psi Vel A,1-4,0.7313573984687587,1,1.580999992256693
128.36914322492854,0,1.078986261215289,False,0.0021167311684262145,False,59585.31377574549,0.7487891510329642,2022-01-05,False,14,-0.002451878389293838,False,78802418.07412781,-1.1583324447935468,psi Vel A,1-4,0.7463372726436703,2,1.6290000530716497
128.36914322492854,0,1.078986261215289,False,0.0027940691820310007,False,59585.31377574549,0.7614007348228492,2022-01-05,False,15,-0.002085078438976762,False,76546895.17569283,-0.7462515432281188,psi Vel A,1-4,0.7593156563838724,3,1.6770000001997687
128.36914322492854,0,1.078986261215289,True,0.0031321493778002866,False,59585.31377574549,0.7731289081219145,2022-01-05,False,16,0.010404287519910072,True,74416896.89543402,3.3217724523780596,psi Vel A,1-4,0.7835331956418246,4,1.7249999473278876
128.36914322492854,0,1.078986261215289,True,0.004405653031167463,False,59585.31377574549,0.7840496318896168,2022-01-05,False,17,0.021315019690245518,True,72402223.70861168,4.838106754992734,psi Vel A,1-4,0.8053646515798624,5,1.7730000081428443
100.65398983669118,0,1.078986261215289,False,0.005024742676450743,False,59585.31377574549,0.8192661752315528,2022-01-05,False,18,-0.013891656710255162,False,65658177.99975944,-2.7646503721196756,psi Vel A,2-4,0.8053745185212976,0,1.5330000451285741
100.65398983669118,0,1.078986261215289,False,0.0038846626945853056,False,59585.31377574549,0.829246004852671,2022-01-05,False,19,-0.002923639519171628,False,63664763.01686716,-0.7526109083413564,psi Vel A,2-4,0.8263223653334993,1,1.580999992256693
100.65398983669118,0,1.078986261215289,True,0.0032641751673157713,False,59585.31377574549,0.838444896687828,2022-01-05,False,20,-0.013108407695156865,True,61788819.249512956,-4.015840763207662,psi Vel A,2-4,0.8253364889926711,2,1.6290000530716497
100.65398983669118,0,1.078986261215289,True,0.002198961922285941,False,59585.31377574549,0.8469395901163521,2022-01-05,False,21,-0.018532789120803694,True,60020268.23178355,-8.427971822967198,psi Vel A,2-4,0.8284068009955484,3,1.6770000001997687
100.65398983669118,0,1.078986261215289,True,0.0024714602157235154,False,59585.31377574549,0.8547980493337793,2022-01-05,False,22,-0.013155595221951644,True,58350140.817458756,-5.323005055171551,psi Vel A,2-4,0.8416424541118277,4,1.7249999473278876
100.65398983669118,0,1.078986261215289,True,0.0036732858945137227,False,59585.31377574549,0.8620805230119664,2022-01-05,False,23,-0.01785855200628428,True,56770439.579480164,-4.861737561172986,psi Vel A,2-4,0.8442219710056821,5,1.7730000081428443
70.86045658521601,0,1.078986261215289,False,0.004738601734650061,False,59585.31377574549,0.9066672399247896,2022-01-05,False,24,0.007049566465930024,False,46223388.4535032,1.4876891666968979,psi Vel A,3-2,0.9137168063907196,0,1.5330000451285741
70.86045658521601,0,1.078986261215289,False,0.002719834410024885,False,59585.31377574549,0.9120356680952129,2022-01-05,False,25,-0.006109857819083464,False,44820023.36007034,-2.2464080153422143,psi Vel A,3-2,0.9059258102761294,1,1.580999992256693
70.86045658521601,0,1.078986261215289,False,0.004183734278694561,False,59585.31377574549,0.9169597330521428,2022-01-05,False,26,-0.006216301015622427,False,43499358.05809289,-1.4858259634887907,psi Vel A,3-2,0.9107434320365204,2,1.6290000530716497
70.86045658521601,0,1.078986261215289,True,0.0026621695443621346,False,59585.31377574549,0.9214864986540873,2022-01-05,False,27,-0.014284347097017647,True,42254297.30278768,-5.365678954320781,psi Vel A,3-2,0.9072021515570696,3,1.6770000001997687
70.86045658521601,0,1.078986261215289,False,0.003593467962517689,False,59585.31377574549,0.9256570745179532,2022-01-05,False,28,0.004395300785035028,False,41078526.81096162,1.223136210168283,psi Vel A,3-2,0.9300523753029882,4,1.7249999473278876
70.86045658521601,0,1.078986261215289,True,0.0026770910104270376,False,59585.31377574549,0.9295074550729402,2022-01-05,False,29,0.008068240515092029,True,39966416.39017242,3.0138088259483635,psi Vel A,3-2,0.9375756955880322,5,1.7730000081428443
127.0703211369123,0,1.078986261215289,False,0.004292604379016578,False,59585.31377574549,0.7254722142785079,2022-01-05,False,30,0.006731499870750501,False,82889965.68571842,1.5681621869594855,psi Vel A,3-4,0.7322037141492584,0,1.5330000451285741
127.0703211369123,0,1.078986261215289,False,0.0036417930775142653,False,59585.31377574549,0.7398952387463568,2022-01-05,False,31,0.002494001016602687,False,80373385.04697539,0.6848277657513115,psi Vel A,3-4,0.7423892397629595,1,1.580999992256693
127.0703211369123,0,1.078986261215289,False,0.0024234945808898453,False,59585.31377574549,0.7532690617385738,2022-01-05,False,32,0.00041866301777437886,False,78005105.58443993,0.1727517862328607,psi Vel A,3-4,0.7536877247563482,2,1.6290000530716497
127.0703211369123,0,1.078986261215289,False,0.0023894785239316598,False,59585.31377574549,0.7656862416873884,2022-01-05,False,33,-0.004295646241687878,False,75772403.7696931,-1.7977337727312153,psi Vel A,3-4,0.7613905954457005,3,1.6770000001997687
127.0703211369123,0,1.078986261215289,False,0.0030934168106218555,False,59585.31377574549,0.7772304288149795,2022-01-05,False,34,-0.00920389513798292,False,73663956.53156434,-2.975316842650992,psi Vel A,3-4,0.7680265336769966,4,1.7249999473278876
127.0703211369123,0,1.078986261215289,True,0.0020740346534145666,False,59585.31377574549,0.7879771080154135,2022-01-05,False,35,0.01465544408708852,True,71669667.54276219,7.066151986882511,psi Vel A,3-4,0.8026325521025021,5,1.7730000081428443
31.320514161117814,0,1.078986261215289,True,0.0036792077610293935,False,59585.324154617054,0.9811606459634029,2022-01-05,False,36,0.0180379559989865,True,20430863.169668682,4.902673937048806,psi Vel A,1-2,0.9991986019623894,0,1.5330000451285741
31.320514161117814,0,1.078986261215289,True,0.0032068326834897632,False,59585.324154617054,0.9822788066927419,2022-01-05,False,37,0.010287011220774023,True,19810571.988941904,3.207841579554882,psi Vel A,1-2,0.992565817913516,1,1.580999992256693
31.320514161117814,0,1.078986261215289,True,0.0022236330910598754,False,59585.324154617054,0.9833005219425766,2022-01-05,False,38,0.00721895905616432,True,19226834.3405267,3.2464704204970554,psi Vel A,1-2,0.9905194809987409,2,1.6290000530716497
31.320514161117814,0,1.078986261215289,False,0.003428314068701883,False,59585.324154617054,0.9842365443532132,2022-01-05,False,39,-0.00576522081711528,False,18676514.10696889,-1.681648968438372,psi Vel A,1-2,0.9784713235360979,3,1.6770000001997687
31.320514161117814,0,1.078986261215289,False,0.0018902754748874415,False,59585.324154617054,0.9850961780186956,2022-01-05,False,40,-0.0005470245228433868,False,18156820.35795704,-0.28938878492086445,psi Vel A,1-2,0.9845491534958523,4,1.7249999473278876
31.320514161117814,0,1.078986261215289,False,0.0024603653100155336,False,59585.324154617054,0.9858875001289464,2022-01-05,False,41,-0.0012259954201758738,False,17665264.533148512,-0.49829812474804136,psi Vel A,1-2,0.9846615047087706,5,1.7730000081428443
90.50178162668331,0,1.078986261215289,True,0.003169314278131606,False,59585.324154617054,0.8515916592518251,2022-01-05,False,42,-0.013723782683742858,True,59035733.17839847,-4.330205678382072,psi Vel A,1-3,0.8378678765680823,0,1.5330000451285741
90.50178162668331,0,1.078986261215289,False,0.0035352778643181542,False,59585.324154617054,0.8599158455920959,2022-01-05,False,43,-0.00688952317445124,False,57243378.91836582,-1.9487925529101278,psi Vel A,1-3,0.8530263224176446,1,1.580999992256693
90.50178162668331,0,1.078986261215289,False,0.003216877747366365,False,59585.324154617054,0.8675742205133442,2022-01-05,False,44,-0.007295335369542411,False,55556647.43904259,-2.2678310904152483,psi Vel A,1-3,0.8602788851438018,2,1.6290000530716497
90.50178162668331,0,1.078986261215289,True,0.003371560194887907,False,59585.324154617054,0.8746342011986588,2022-01-05,False,45,-0.013114953192584378,True,53966476.813299045,-3.8898766252104258,psi Vel A,1-3,0.8615192480060744,3,1.6770000001997687
90.50178162668331,0,1.078986261215289,False,0.0028669981840130847,False,59585.324154617054,0.8811551654779212,2022-01-05,False,46,-0.005092642117419777,False,52464802.54499437,-1.7762976432344104,psi Vel A,1-3,0.8760625233605014,4,1.7249999473278876
90.50178162668331,0,1.078986261215289,True,0.002545279802327425,False,59585.324154617054,0.8871894908734166,2022-01-05,False,47,-0.010802337781165794,True,51044433.84717227,-4.244066908199266,psi Vel A,1-3,0.8763871530922508,5,1.7730000081428443
127.11183667727722,0,1.078986261215289,False,0.002814562529103365,False,59585.324154617054,0.7253158853998837,2022-01-05,False,48,0.0019754116942664046,False,82917046.92455912,0.7018539022814716,psi Vel A,1-4,0.7272912970941501,0,1.5330000451285741
127.11183667727722,0,1.078986261215289,False,0.0018542971238060177,False,59585.324154617054,0.7397458390047942,2022-01-05,False,49,-0.0014891943801953467,False,80399644.085918,-0.8031045084828243,psi Vel A,1-4,0.7382566446245988,1,1.580999992256693
127.11183667727722,0,1.078986261215289,False,0.0021207509920305096,False,59585.324154617054,0.753126229107569,2022-01-05,False,50,-0.001824192467487884,False,78030590.8754236,-0.8601634394339308,psi Vel A,1-4,0.7513020366400811,2,1.6290000530716497
127.11183667727722,0,1.078986261215289,False,0.0017389160884995064,False,59585.324154617054,0.7655496263598076,2022-01-05,False,51,-0.003382095346905034,False,75797159.60771337,-1.9449445371590133,psi Vel A,1-4,0.7621675310129026,3,1.6770000001997687
127.11183667727722,0,1.078986261215289,False,0.002563823461343245,False,59585.324154617054,0.7770996954188367,2022-01-05,False,52,0.007259666772676754,False,73688023.51222092,2.8315782588529905,psi Vel A,1-4,0.7843593621915135,4,1.7249999473278876
127.11183667727722,0,1.078986261215289,True,0.003678295185051873,False,59585.324154617054,0.78785193686348,2022-01-05,False,53,0.017293560394521346,True,71693082.96305223,4.701515110804644,psi Vel A,1-4,0.8051454972580013,5,1.7730000081428443
,0,1.078986261215289,True,,False,,,unknown,True,54,,False,,,psi Vel A,2-3,,0,1.5330000451285741
,0,1.078986261215289,True,,False,,,unknown,True,55,,False,,,psi Vel A,2-3,,1,1.580999992256693
,0,1.078986261215289,True,,False,,,unknown,True,56,,False,,,psi Vel A,2-3,,2,1.6290000530716497
,0,1.078986261215289,True,,False,,,unknown,True,57,,False,,,psi Vel A,2-3,,3,1.6770000001997687
,0,1.078986261215289,True,,False,,,unknown,True,58,,False,,,psi Vel A,2-3,,4,1.7249999473278876
,0,1.078986261215289,True,,False,,,unknown,True,59,,False,,,psi Vel A,2-3,,5,1.7730000081428443
,0,1.078986261215289,True,,False,,,unknown,True,60,,False,,,psi Vel A,2-3,,0,1.5330000451285741
,0,1.078986261215289,True,,False,,,unknown,True,61,,False,,,psi Vel A,2-3,,1,1.580999992256693
,0,1.078986261215289,True,,False,,,unknown,True,62,,False,,,psi Vel A,2-3,,2,1.6290000530716497
,0,1.078986261215289,True,,False,,,unknown,True,63,,False,,,psi Vel A,2-3,,3,1.6770000001997687
,0,1.078986261215289,True,,False,,,unknown,True,64,,False,,,psi Vel A,2-3,,4,1.7249999473278876
,0,1.078986261215289,True,,False,,,unknown,True,65,,False,,,psi Vel A,2-3,,5,1.7730000081428443
99.73090023656988,0,1.078986261215289,False,0.004558961456505959,False,59585.324154617054,0.8223025280322375,2022-01-05,False,66,-0.010026009426608251,False,65056032.15961116,-2.1991871443221855,psi Vel A,2-4,0.8122765186056292,0,1.5330000451285741
99.73090023656988,0,1.078986261215289,False,0.004609631625792178,False,59585.324154617054,0.8321294301014539,2022-01-05,False,67,-0.004633253576717733,False,63080898.62430401,-1.0051244769307341,psi Vel A,2-4,0.8274961765247362,1,1.580999992256693
99.73090023656988,0,1.078986261215289,False,0.0037661096466906217,False,59585.324154617054,0.8411857288522586,2022-01-05,False,68,-0.004574460414774717,False,61222158.985518046,-1.214638139597028,psi Vel A,2-4,0.8366112684374839,2,1.6290000530716497
99.73090023656988,0,1.078986261215289,False,0.003581224118683271,False,59585.324154617054,0.8495473714800162,2022-01-05,False,69,-0.0030727227899138843,False,59469827.20613576,-0.8580090740156329,psi Vel A,2-4,0.8464746486901024,3,1.6770000001997687
99.73090023656988,0,1.078986261215289,False,0.0027868943594603593,False,59585.324154617054,0.8572815838723123,2022-01-05,False,70,-0.0025759441678459005,False,57815016.39525155,-0.9243063552450886,psi Vel A,2-4,0.8547056397044664,4,1.7249999473278876
99.73090023656988,0,1.078986261215289,True,0.0022946913327058817,False,59585.324154617054,0.8644479312879784,2022-01-05,False,71,0.01401734785376807,True,56249802.46956373,6.108598421923233,psi Vel A,2-4,0.8784652791417464,5,1.7730000081428443
71.13452304264847,0,1.078986261215289,True,0.004120094636619503,False,59585.324154617054,0.9059733947562485,2022-01-05,False,72,0.03248992494510938,True,46402166.3069699,7.885722977413704,psi Vel A,3-2,0.9384633197013579,0,1.5330000451285741
71.13452304264847,0,1.078986261215289,False,0.0032903561555221745,False,59585.324154617054,0.9113800775827924,2022-01-05,False,73,0.007269433826924576,False,44993373.42887158,2.2093151875745587,psi Vel A,3-2,0.918649511409717,1,1.580999992256693
71.13452304264847,0,1.078986261215289,False,0.004046918782515607,False,59585.324154617054,0.9163394141270593,2022-01-05,False,74,0.008759153589608437,False,43667600.19959293,2.1644006367144475,psi Vel A,3-2,0.9250985677166678,2,1.6290000530716497
71.13452304264847,0,1.078986261215289,False,0.0027292474362311087,False,59585.324154617054,0.9208987593212392,2022-01-05,False,75,0.0016637947207509551,False,42417723.93212566,0.6096166652623237,psi Vel A,3-2,0.9225625540419902,3,1.6770000001997687
71.13452304264847,0,1.078986261215289,True,0.002821898097903881,False,59585.324154617054,0.9250994810260623,2022-01-05,False,76,0.02683890826806934,True,41237405.92157087,9.510941691340806,psi Vel A,3-2,0.9519383892941317,4,1.7249999473278876
71.13452304264847,0,1.078986261215289,True,0.0027155991773708085,False,59585.324154617054,0.928977802933101,2022-01-05,False,77,0.02635930355852678,True,40120994.199633084,9.706625255369003,psi Vel A,3-2,0.9553371064916277,5,1.7730000081428443
126.78117399236642,0,1.078986261215289,True,0.0043032057845274994,False,59585.324154617054,0.7265603689568093,2022-01-05,False,78,0.0239388830135141,True,82701350.46325661,5.563034679770174,psi Vel A,3-4,0.7504992519703234,0,1.5330000451285741
126.78117399236642,0,1.078986261215289,True,0.003537161563729669,False,59585.324154617054,0.7409351159057189,2022-01-05,False,79,0.017076905008823084,True,80190496.27660091,4.827855527983512,psi Vel A,3-4,0.758012020914542,1,1.580999992256693
126.78117399236642,0,1.078986261215289,True,0.0022606423472838998,False,59585.324154617054,0.7542631894212917,2022-01-05,False,80,0.014152579448795222,True,77827605.80842663,6.260423930304217,psi Vel A,3-4,0.7684157688700869,2,1.6290000530716497
126.78117399236642,0,1.078986261215289,False,0.0028699604731020857,False,59585.324154617054,0.7666370615630738,2022-01-05,False,81,0.00606135289334464,False,75599984.48256643,2.1119987366212887,psi Vel A,3-4,0.7726984144564184,3,1.6770000001997687
126.78117399236642,0,1.078986261215289,False,0.0031992971013453915,False,59585.324154617054,0.7781402809780251,2022-01-05,False,82,0.0038614732797748186,False,73496334.99337602,1.206975519138552,psi Vel A,3-4,0.7820017542577999,4,1.7249999473278876
126.78117399236642,0,1.078986261215289,True,0.002862984615265184,False,59585.324154617054,0.7888482224694847,2022-01-05,False,83,0.01932634532353905,True,71506583.98764774,6.750418853280826,psi Vel A,3-4,0.8081745677930238,5,1.7730000081428443
90.44708416388671,0,1.021749129134976,True,0.0014370180034861753,False,59278.158456201505,0.8369007546142173,2021-03-04,False,0,-0.009656959822900824,True,59000053.16457824,-6.720138369507719,psi_Vel,1-2,0.8272437947913165,0,1.5330000451285741
90.44708416388671,0,1.021749129134976,False,0.002529860606235904,False,59278.158456201505,0.8459848669912958,2021-03-04,False,1,-0.006614934145946383,False,57208782.16753439,-2.6147425394273105,psi_Vel,1-2,0.8393699328453494,1,1.580999992256693
90.44708416388671,0,1.021749129134976,False,0.002857910363431496,False,59278.158456201505,0.854349456344679,2021-03-04,False,2,-0.0006999286455066089,False,55523070.1149084,-0.24490923664456848,psi_Vel,1-2,0.8536495276991724,2,1.6290000530716497
90.44708416388671,0,1.021749129134976,False,0.0023770918181315256,False,59278.158456201505,0.8620664191796756,2021-03-04,False,3,0.0013250166188636392,False,53933860.55641766,0.5574107860524912,psi_Vel,1-2,0.8633914357985393,3,1.6770000001997687
90.44708416388671,0,1.021749129134976,False,0.0034319819603978157,False,59278.158456201505,0.8691992337701424,2021-03-04,False,4,-0.0019956618714782604,False,52433093.869941175,-0.5814896157691152,psi_Vel,1-2,0.8672035718986641,4,1.7249999473278876
90.44708416388671,0,1.021749129134976,False,0.0038534739776238548,False,59278.158456201505,0.8758040172304127,2021-03-04,False,5,0.0008239806362084767,False,51013583.61449016,0.2138280006542468,psi_Vel,1-2,0.8766279978666212,5,1.7730000081428443
128.82070319912435,0,1.021749129134976,False,0.004788486197631297,False,59278.158456201505,0.6928879580150236,2021-03-04,False,6,-0.012702223126667689,False,84031767.38870874,-2.6526594423413083,psi_Vel,1-3,0.6801857348883559,0,1.5330000451285741
128.82070319912435,0,1.021749129134976,False,0.004684747559769712,False,59278.158456201505,0.7087186700230601,2021-03-04,False,7,-0.013092069165865694,False,81480521.08162747,-2.7946157181005633,psi_Vel,1-3,0.6956266008571944,1,1.580999992256693
128.82070319912435,0,1.021749129134976,False,0.0031206416281762354,False,59278.158456201505,0.7234311116421075,2021-03-04,False,8,-0.006799406952522569,False,79079618.78590456,-2.178849019743506,psi_Vel,1-3,0.7166317046895849,2,1.6290000530716497
128.82070319912435,0,1.021749129134976,False,0.004879456544433802,False,59278.158456201505,0.7371193566130884,2021-03-04,False,9,-0.0050581566800071975,False,76816161.70767972,-1.036622958713967,psi_Vel,1-3,0.7320611999330812,3,1.6770000001997687
128.82070319912435,0,1.021749129134976,False,0.0024819889313388564,False,59278.158456201505,0.7498692032092126,2021-03-04,False,10,-0.004544881808081214,False,74678670.8015117,-1.8311450751029632,psi_Vel,1-3,0.7453243214011314,4,1.7249999473278876
128.82070319912435,0,1.021749129134976,False,0.0028819572608128523,False,59278.158456201505,0.7617586866818477,2021-03-04,False,11,0.004348444073583924,False,72656910.6641232,1.5088509925915594,psi_Vel,1-3,0.7661071307554316,5,1.7730000081428443
127.91416875956672,0,1.021749129134976,False,0.0061540548534303255,False,59278.158456201505,0.6965742332435881,2021-03-04,False,12,0.017184054455912423,False,83440420.73973875,2.792314151430398,psi_Vel,1-4,0.7137582876995006,0,1.5330000451285741
127.91416875956672,0,1.021749129134976,False,0.00630929854171771,False,59278.158456201505,0.7122494384031018,2021-03-04,False,13,0.016937740477835472,False,80907128.01142026,2.6845679223833594,psi_Vel,1-4,0.7291871788809373,1,1.580999992256693
127.91416875956672,0,1.021749129134976,False,0.005188710874026752,False,59278.158456201505,0.7268135362407734,2021-03-04,False,14,0.013709129561517375,False,78523121.29663299,2.642107046307297,psi_Vel,1-4,0.7405226658022908,2,1.6290000530716497
127.91416875956672,0,1.021749129134976,True,0.004338546754072771,False,59278.158456201505,0.7403605333716073,2021-03-04,False,15,0.021836438496002142,True,76275592.57264714,5.033122779074211,psi_Vel,1-4,0.7621969718676095,3,1.6770000001997687
127.91416875956672,0,1.021749129134976,True,0.006267458993740601,False,59278.158456201505,0.7529760722540842,2021-03-04,False,16,0.022066055537979024,True,74153143.57412721,3.5207339306115446,psi_Vel,1-4,0.7750421277920633,4,1.7249999473278876
127.91416875956672,0,1.021749129134976,False,0.008694140435660025,False,59278.158456201505,0.7647379725706045,2021-03-04,False,17,0.0008385103381274295,False,72145610.92616822,0.09644545591743402,psi_Vel,1-4,0.7655764829087319,5,1.7730000081428443
56.60493971272261,0,1.021749129134976,False,0.012681993899300716,False,59278.158456201505,0.9332179904418445,2021-03-04,False,18,0.028813496164848296,False,36924290.9630672,2.272000475133257,psi_Vel,2-3,0.9620314866066928,0,1.5330000451285741
56.60493971272261,0,1.021749129134976,False,0.005669757155126513,False,59278.158456201505,0.9371037149085988,2021-03-04,False,19,0.008239480266533095,False,35803251.100542806,1.4532333645159872,psi_Vel,2-3,0.9453431951751319,1,1.580999992256693
56.60493971272261,0,1.021749129134976,False,0.004109773351473388,False,59278.158456201505,0.9406628449654961,2021-03-04,False,20,0.008375757288818786,False,34748273.706921056,2.038009537877802,psi_Vel,2-3,0.9490386022543149,2,1.6290000530716497
56.60493971272261,0,1.021749129134976,True,0.0031792956194147933,False,59278.158456201505,0.9439306486035858,2021-03-04,False,21,0.014007916555490163,True,33753690.93976129,4.405981145618844,psi_Vel,2-3,0.9579385651590759,3,1.6770000001997687
56.60493971272261,0,1.021749129134976,False,0.005760017451642103,False,59278.158456201505,0.9469378222634034,2021-03-04,False,22,0.004677225659447171,False,32814458.80645187,0.8120158834091304,psi_Vel,2-3,0.9516150479228506,4,1.7249999473278876
56.60493971272261,0,1.021749129134976,True,0.004094200007023352,False,59278.158456201505,0.9497111565565949,2021-03-04,False,23,0.02586021410616246,True,31926079.781586867,6.316304543451915,psi_Vel,2-3,0.9755713706627573,5,1.7730000081428443
126.9667301014244,0,1.021749129134976,False,0.00882811417469767,False,59278.158456201505,0.7004161586293325,2021-03-04,False,24,0.008853164597455887,False,82822391.62672405,1.002837573491065,psi_Vel,2-4,0.7092693232267884,0,1.5330000451285741
126.9667301014244,0,1.021749129134976,True,0.005422436794555193,False,59278.158456201505,0.715928259871806,2021-03-04,False,25,0.020158828702267706,True,80307862.57006504,3.7176696503884936,psi_Vel,2-4,0.7360870885740737,1,1.580999992256693
126.9667301014244,0,1.021749129134976,False,0.004744381324443721,False,59278.158456201505,0.7303368975687056,2021-03-04,False,26,0.0011597989686832344,False,77941513.7906321,0.24445736743540972,psi_Vel,2-4,0.7314966965373888,2,1.6290000530716497
126.9667301014244,0,1.021749129134976,False,0.005382106229982059,False,59278.158456201505,0.7437359799865588,2021-03-04,False,27,0.004421749003601039,False,75710632.13255802,0.8215647953897369,psi_Vel,2-4,0.7481577289901599,3,1.6770000001997687
126.9667301014244,0,1.021749129134976,False,0.004080665347575547,False,59278.158456201505,0.7562109634160326,2021-03-04,False,28,0.007771195303103773,False,73603903.75553478,1.904394171337987,psi_Vel,2-4,0.7639821587191363,4,1.7249999473278876
126.9667301014244,0,1.021749129134976,False,0.005553849518374055,False,59278.158456201505,0.7678394229462554,2021-03-04,False,29,0.0033536715002495665,False,71611240.56305991,0.6038463032090555,psi_Vel,2-4,0.771193094446505,5,1.7730000081428443
101.19976149137818,0,1.021749129134976,True,0.0033153484607765524,False,59278.158456201505,0.7995207552820216,2021-03-04,False,30,-0.02584821001430393,True,66014193.419603236,-7.796528877766748,psi_Vel,3-4,0.7736725452677177,0,1.5330000451285741
101.19976149137818,0,1.021749129134976,False,0.007689313988136717,False,59278.158456201505,0.8104816626391512,2021-03-04,False,31,-0.011306494993066463,False,64009969.63126314,-1.470416608101897,psi_Vel,3-4,0.7991751676460848,1,1.580999992256693
101.19976149137818,0,1.021749129134976,True,0.0036944586125941996,False,59278.158456201505,0.8205968917146166,2021-03-04,False,32,-0.02134094084567184,True,62123854.01741115,-5.776473113793124,psi_Vel,3-4,0.7992559508689447,2,1.6290000530716497
101.19976149137818,0,1.021749129134976,False,0.0038235763034662343,False,59278.158456201505,0.829947908654296,2021-03-04,False,33,-0.009499767326494046,False,60345713.464116275,-2.4845240613825608,psi_Vel,3-4,0.820448141327802,3,1.6770000001997687
101.19976149137818,0,1.021749129134976,True,0.0046878330878463844,False,59278.158456201505,0.8386071307050446,2021-03-04,False,34,-0.014263683866062582,True,58666530.19215551,-3.04270301411593,psi_Vel,3-4,0.824343446838982,4,1.7249999473278876
101.19976149137818,0,1.021749129134976,False,0.009507787328838871,False,59278.158456201505,0.8466389646138713,2021-03-04,False,35,-0.015360431285904586,False,57078263.4103772,-1.615563196214283,psi_Vel,3-4,0.8312785333279668,5,1.7730000081428443
90.5068286748968,0,1.021749129134976,True,0.0017923195064386028,False,59278.168731811245,0.8367009222117822,2021-03-04,False,36,-0.013955535617625525,True,59039025.44719488,-7.786299020622517,psi_Vel,1-2,0.8227453865941566,0,1.5330000451285741
90.5068286748968,0,1.021749129134976,True,0.002970155827047091,False,59278.168731811245,0.8457952861192091,2021-03-04,False,37,-0.01925304957871188,True,57246571.23224198,-6.482168175618291,psi_Vel,1-2,0.8265422365404972,1,1.580999992256693
90.5068286748968,0,1.021749129134976,True,0.0026553191297356933,False,59278.168731811245,0.8541694122769798,2021-03-04,False,38,-0.010716178940284649,True,55559745.68830536,-4.03574049547533,psi_Vel,1-2,0.8434532333366952,2,1.6290000530716497
90.5068286748968,0,1.021749129134976,False,0.002475393820690774,False,59278.168731811245,0.8618952553387315,2021-03-04,False,39,-0.007187026386343054,False,53969486.382895276,-2.9033870595740074,psi_Vel,1-2,0.8547082289523884,3,1.6770000001997687
90.5068286748968,0,1.021749129134976,False,0.003364544269221839,False,59278.168731811245,0.8690363470846276,2021-03-04,False,40,-0.00815229327234468,False,52467728.370135,-2.423000745426412,psi_Vel,1-2,0.860884053812283,4,1.7249999473278876
90.5068286748968,0,1.021749129134976,False,0.003447239712004057,False,59278.168731811245,0.8756488536383908,2021-03-04,False,41,-0.0034737018480067716,False,51047280.462056816,-1.0076763260502506,psi_Vel,1-2,0.8721751517903841,5,1.7730000081428443
128.1844834379101,0,1.021749129134976,False,0.0048439516679868126,False,59278.168731811245,0.6954760748598164,2021-03-04,False,42,-0.009963154304280186,False,83616751.2487967,-2.0568236405259093,psi_Vel,1-3,0.6855129205555363,0,1.5330000451285741
128.1844834379101,0,1.021749129134976,True,0.004113707703108994,False,59278.168731811245,0.7111977078074306,2021-03-04,False,43,-0.017626885497403322,True,81078105.03840782,-4.284914429890473,psi_Vel,1-3,0.6935708223100273,1,1.580999992256693
128.1844834379101,0,1.021749129134976,True,0.0022221684569728754,False,59278.168731811245,0.7258060819749593,2021-03-04,False,44,-0.010895690162192051,True,78689060.32028966,-4.903179202280004,psi_Vel,1-3,0.7149103918127673,2,1.6290000530716497
128.1844834379101,0,1.021749129134976,False,0.004143685500716556,False,59278.168731811245,0.7393952267654724,2021-03-04,False,45,-0.010516996915435617,False,76436782.00515231,-2.5380779775919144,psi_Vel,1-3,0.7288782298500368,3,1.6770000001997687
128.1844834379101,0,1.021749129134976,True,0.002400122046036042,False,59278.168731811245,0.7520508333935,2021-03-04,False,46,-0.009383093712192703,True,74309847.74027058,-3.9094235760591816,psi_Vel,1-3,0.7426677396813073,4,1.7249999473278876
128.1844834379101,0,1.021749129134976,False,0.002752010842144637,False,59278.168731811245,0.7638507877203476,2021-03-04,False,47,0.0029250120580744943,False,72298072.6729826,1.0628635662623471,psi_Vel,1-3,0.7667757997784221,5,1.7730000081428443
126.52981596750962,0,1.021749129134976,True,0.006289987513899725,False,59278.168731811245,0.7021841083423158,2021-03-04,False,48,0.023914125373555528,True,82537385.67691787,3.8019352694595456,psi_Vel,1-4,0.7260982337158713,0,1.5330000451285741
126.52981596750962,0,1.021749129134976,True,0.006164934234298223,False,59278.168731811245,0.717620801885388,2021-03-04,False,49,0.020692266765737433,True,80031509.5428325,3.356445661758614,psi_Vel,1-4,0.7383130686511254,1,1.580999992256693
126.52981596750962,0,1.021749129134976,True,0.0042452029146820905,False,59278.168731811245,0.7319576102639337,2021-03-04,False,50,0.01916667276073747,True,77673303.77241206,4.514901441919132,psi_Vel,1-4,0.7511242830246712,2,1.6290000530716497
126.52981596750962,0,1.021749129134976,True,0.0040972942819462255,False,59278.168731811245,0.7452883867611803,2021-03-04,False,51,0.019597532214609026,True,75450098.95792311,4.783042385059085,psi_Vel,1-4,0.7648859189757893,3,1.6770000001997687
126.52981596750962,0,1.021749129134976,True,0.00566986228886788,False,59278.168731811245,0.7576984938586987,2021-03-04,False,52,0.022756946052138183,True,73350620.19190826,4.013668214979193,psi_Vel,1-4,0.7804554399108369,4,1.7249999473278876
126.52981596750962,0,1.021749129134976,False,0.008609455650958952,False,59278.168731811245,0.7692653872735326,2021-03-04,False,53,0.013375971589406288,False,71364814.09272254,1.5536373182799803,psi_Vel,1-4,0.7826413588629388,5,1.7730000081428443
55.98060232865234,0,1.021749129134976,False,0.013046651689477455,False,59278.168731811245,0.9346419313385503,2021-03-04,False,54,0.019953734087383435,False,36517025.88433857,1.52941417938495,psi_Vel,2-3,0.9545956654259338,0,1.5330000451285741
55.98060232865234,0,1.021749129134976,False,0.005136630456604184,False,59278.168731811245,0.9384471114340049,2021-03-04,False,55,-0.012925543315253862,False,35408350.79242888,-2.5163467421790964,psi_Vel,2-3,0.9255215681187511,1,1.580999992256693
55.98060232865234,0,1.021749129134976,False,0.004572051137166755,False,59278.168731811245,0.9419322108158947,2021-03-04,False,56,0.0010732814105470778,False,34365009.518013865,0.2347483390599558,psi_Vel,2-3,0.9430054922264418,2,1.6290000530716497
55.98060232865234,0,1.021749129134976,False,0.002832751129507031,False,59278.168731811245,0.9451318287716619,2021-03-04,False,57,0.0005173037255855606,False,33381396.73344292,0.1826153099709766,psi_Vel,2-3,0.9456491324972475,3,1.6770000001997687
55.98060232865234,0,1.021749129134976,False,0.006117784022873146,False,59278.168731811245,0.948076074165,2021-03-04,False,58,0.0014378768723841695,False,32452524.079997294,0.23503230369170294,psi_Vel,2-3,0.9495139510373841,4,1.7249999473278876
55.98060232865234,0,1.021749129134976,True,0.003692355545604531,False,59278.168731811245,0.9507912204153653,2021-03-04,False,59,0.020754848649422453,True,31573943.63877644,5.621031992471452,psi_Vel,2-3,0.9715460690647878,5,1.7730000081428443
126.64558143190932,0,1.021749129134976,False,0.007851865174053342,False,59278.168731811245,0.7017159040181483,2021-03-04,False,60,0.01874533229910824,False,82612901.3070495,2.3873731761279595,psi_Vel,2-4,0.7204612363172566,0,1.5330000451285741
126.64558143190932,0,1.021749129134976,True,0.004996143700248262,False,59278.168731811245,0.7171725892247102,2021-03-04,False,61,0.018949301996424306,True,80104732.48082533,3.792785622936086,psi_Vel,2-4,0.7361218912211345,1,1.580999992256693
126.64558143190932,0,1.021749129134976,False,0.004367677930486048,False,59278.168731811245,0.7315284378764805,2021-03-04,False,62,0.012379957336653868,False,77744369.12577495,2.8344483118232553,psi_Vel,2-4,0.7439083952131343,2,1.6290000530716497
126.64558143190932,0,1.021749129134976,False,0.00523553885490671,False,59278.168731811245,0.7448773184143282,2021-03-04,False,63,0.011065966716861775,False,75519130.24258973,2.1136251727920667,psi_Vel,2-4,0.75594328513119,3,1.6770000001997687
126.64558143190932,0,1.021749129134976,True,0.0035513150203229315,False,59278.168731811245,0.7573046186621988,2021-03-04,False,64,0.014909436238476403,True,73417730.60810219,4.198286030147966,psi_Vel,2-4,0.7722140549006752,4,1.7249999473278876
126.64558143190932,0,1.021749129134976,False,0.005699709350344536,False,59278.168731811245,0.7688878263681003,2021-03-04,False,65,0.011144219423137591,False,71430107.64256349,1.95522591383786,psi_Vel,2-4,0.7800320457912379,5,1.7730000081428443
101.49802208047416,0,1.021749129134976,True,0.0044151989035508795,False,59278.168731811245,0.7984454504075114,2021-03-04,False,66,-0.02371951089655877,True,66208753.485040784,-5.372240620345007,psi_Vel,3-4,0.7747259395109526,0,1.5330000451285741
101.49802208047416,0,1.021749129134976,True,0.007345326031151888,False,59278.168731811245,0.8094591106945936,2021-03-04,False,67,-0.024574795952521766,True,64198622.75621998,-3.3456371913648018,psi_Vel,3-4,0.7848843147420719,1,1.580999992256693
101.49802208047416,0,1.021749129134976,True,0.0035004650361018528,False,59278.168731811245,0.8196236906251498,2021-03-04,False,68,-0.021939121364982994,True,62306948.29572844,-6.267487644845779,psi_Vel,3-4,0.7976845692601668,2,1.6290000530716497
101.49802208047416,0,1.021749129134976,True,0.003547131895217009,False,59278.168731811245,0.8290208925538011,2021-03-04,False,69,-0.017187866158521192,True,60523567.12485596,-4.845567254405594,psi_Vel,3-4,0.8118330263952799,3,1.6770000001997687
101.49802208047416,0,1.021749129134976,False,0.004841771477865775,False,59278.168731811245,0.837723358833234,2021-03-04,False,70,-0.01140843859399232,False,58839434.886766076,-2.356253004947911,psi_Vel,3-4,0.8263149202392417,4,1.7249999473278876
101.49802208047416,0,1.021749129134976,False,0.008655910733492568,False,59278.168731811245,0.8457957083346508,2021-03-04,False,71,-0.008864254246233605,False,57246487.09211784,-1.024069508010854,psi_Vel,3-4,0.8369314540884172,5,1.7730000081428443
87.92338494493991,0,1.0479097319046875,False,0.022515685519648408,False,59263.16979944762,0.5864431806111672,2021-02-17,False,0,0.012273849643253731,False,57353804.53792857,0.5451244037203711,rho_Pup,1-2,0.5987170302544209,0,1.5330000451285741
87.92338494493991,0,1.0479097319046875,False,0.020691457877195455,False,59263.16979944762,0.6063180595152187,2021-02-17,False,1,0.0024783467688858085,False,55612514.46904787,0.11977632429744127,rho_Pup,1-2,0.6087964062841045,1,1.580999992256693
87.92338494493991,0,1.0479097319046875,False,0.021264462468067614,False,59263.16979944762,0.6249431571538904,2021-02-17,False,2,0.010464182788937682,False,53973837.986776724,0.492097216407493,rho_Pup,1-2,0.635407339942828,2,1.6290000530716497
87.92338494493991,0,1.0479097319046875,False,0.021640484788080606,False,59263.16979944762,0.6424028774626085,2021-02-17,False,3,-5.334690062996916e-05,False,52428971.33838178,-0.0024651435100637017,rho_Pup,1-2,0.6423495305619785,3,1.6770000001997687
87.92338494493991,0,1.0479097319046875,False,0.021712550285613873,False,59263.16979944762,0.6587777094815407,2021-02-17,False,4,0.009812518771989076,False,50970079.785299525,0.45192843046588477,rho_Pup,1-2,0.6685902282535298,4,1.7249999473278876
87.92338494493991,0,1.0479097319046875,False,0.022307909397239208,False,59263.16979944762,0.674143628557074,2021-02-17,False,5,-0.0021616774780349735,False,49590177.40616741,-0.09690184048813195,rho_Pup,1-2,0.671981951079039,5,1.7730000081428443
124.48136725042899,0,1.0479097319046875,True,0.008261107363858669,False,59263.16979944762,0.324227616662384,2021-02-17,False,6,-0.03647928006751683,True,81201150.41483161,-4.415785736801969,rho_Pup,1-3,0.28774833659486715,0,1.5330000451285741
124.48136725042899,0,1.0479097319046875,True,0.008231580589884121,False,59263.16979944762,0.34924064910648506,2021-02-17,False,7,-0.0419470270355255,True,78735843.04876964,-5.095865438901813,rho_Pup,1-3,0.30729362207095956,1,1.580999992256693
124.48136725042899,0,1.0479097319046875,True,0.00850789758227109,False,59263.16979944762,0.37341110281964757,2021-02-17,False,8,-0.041840002330906456,True,76415815.34371737,-4.917783967932737,rho_Pup,1-3,0.3315711004887411,2,1.6290000530716497
124.48136725042899,0,1.0479097319046875,True,0.008585009716521678,False,59263.16979944762,0.3967037931296142,2021-02-17,False,9,-0.04178753025836679,True,74228603.00274326,-4.867499471543699,rho_Pup,1-3,0.3549162628712474,3,1.6770000001997687
124.48136725042899,0,1.0479097319046875,True,0.008582735183666238,False,59263.16979944762,0.41910156964968953,2021-02-17,False,10,-0.040659024686152956,True,72163113.65299283,-4.737303879948545,rho_Pup,1-3,0.3784425449635366,4,1.7249999473278876
124.48136725042899,0,1.0479097319046875,True,0.009016096981597919,False,59263.16979944762,0.440601140178637,2021-02-17,False,11,-0.04571416977174331,True,70209456.67158732,-5.0702837231062485,rho_Pup,1-3,0.3948869704068937,5,1.7730000081428443
129.69365015028563,0,1.0479097319046875,False,0.016737862649881155,False,59263.16979944762,0.29098326099142696,2021-02-17,False,12,-0.02446335007524658,False,84601204.3916203,-1.4615575827670135,rho_Pup,1-4,0.2665199109161804,0,1.5330000451285741
129.69365015028563,0,1.0479097319046875,False,0.01555135901520523,False,59263.16979944762,0.3159583759737828,2021-02-17,False,13,-0.03365908020651187,False,82032669.69354191,-2.164381915021185,rho_Pup,1-4,0.2822992957672709,1,1.580999992256693
129.69365015028563,0,1.0479097319046875,False,0.018924441312965265,False,59263.16979944762,0.3402329401928881,2021-02-17,False,14,-0.03302192748822119,False,79615497.80537742,-1.7449353955615927,rho_Pup,1-4,0.3072110127046669,2,1.6290000530716497
129.69365015028563,0,1.0479097319046875,False,0.016617995558468636,False,59263.16979944762,0.36374772175174586,2021-02-17,False,15,-0.03181941046973086,False,77336702.52524519,-1.9147562266326088,rho_Pup,1-4,0.331928311282015,3,1.6770000001997687
129.69365015028563,0,1.0479097319046875,False,0.01719870866165036,False,59263.16979944762,0.3864646517824812,2021-02-17,False,16,-0.04652790511002369,False,75184727.02053566,-2.705313871254271,rho_Pup,1-4,0.3399367466724575,4,1.7249999473278876
129.69365015028563,0,1.0479097319046875,False,0.019053380298537002,False,59263.16979944762,0.40836237684032095,2021-02-17,False,17,-0.04434421398046595,False,73149266.52828118,-2.3273672852617593,rho_Pup,1-4,0.364018162859855,5,1.7730000081428443
56.700015253880025,0,1.0479097319046875,True,0.025747907406148775,False,59263.16979944762,0.8056424108870543,2021-02-17,False,18,-0.08958550741483151,True,36986310.23140286,-3.479331582241044,rho_Pup,2-3,0.7160569034722228,0,1.5330000451285741
56.700015253880025,0,1.0479097319046875,True,0.025349430005917956,False,59263.16979944762,0.816301743345652,2021-02-17,False,19,-0.08706708399383123,True,35863387.433005214,-3.434676202719547,rho_Pup,2-3,0.7292346593518207,1,1.580999992256693
56.700015253880025,0,1.0479097319046875,True,0.024691101681180817,False,59263.16979944762,0.8261349946594185,2021-02-17,False,20,-0.08677032615450198,True,34806638.06423224,-3.5142346937332896,rho_Pup,2-3,0.7393646685049166,2,1.6290000530716497
56.700015253880025,0,1.0479097319046875,True,0.024164098082984288,False,59263.16979944762,0.8352222470197118,2021-02-17,False,21,-0.08625846293930528,True,33810384.76274643,-3.5696951172386684,rho_Pup,2-3,0.7489637840804065,3,1.6770000001997687
56.700015253880025,0,1.0479097319046875,True,0.024310180594441635,False,59263.16979944762,0.8436346039394993,2021-02-17,False,22,-0.09425596205548514,True,32869575.063878246,-3.877221795589464,rho_Pup,2-3,0.7493786418840142,4,1.7249999473278876
56.700015253880025,0,1.0479097319046875,True,0.02374072296367643,False,59263.16979944762,0.8514352380246697,2021-02-17,False,23,-0.09643198952422216,True,31979703.888028357,-4.061880915411219,rho_Pup,2-3,0.7550032485004475,5,1.7730000081428443
132.30265046975757,0,1.0479097319046875,False,0.01727105123830166,False,59263.16979944762,0.27493126924242434,2021-02-17,False,24,-0.016645864694322998,False,86303096.26550677,-0.9638014770871505,rho_Pup,2-4,0.25828540454810134,0,1.5330000451285741
132.30265046975757,0,1.0479097319046875,False,0.018200757601928942,False,59263.16979944762,0.2998114097108582,2021-02-17,False,25,-0.010563107641591019,False,83682891.28256792,-0.580366371148832,rho_Pup,2-4,0.28924830206926716,1,1.580999992256693
132.30265046975757,0,1.0479097319046875,False,0.017296424846585803,False,59263.16979944762,0.3240682449385731,2021-02-17,False,26,-0.02107966249059967,False,81217094.02052327,-1.2187294586927688,rho_Pup,2-4,0.30298858244797344,2,1.6290000530716497
132.30265046975757,0,1.0479097319046875,False,0.01771402145303781,False,59263.16979944762,0.3476303924231758,2021-02-17,False,27,-0.020708924129967,False,78892457.0387581,-1.169069608776814,rho_Pup,2-4,0.3269214682932088,3,1.6770000001997687
132.30265046975757,0,1.0479097319046875,False,0.019339709574023978,False,59263.16979944762,0.3704490724640849,2021-02-17,False,28,-0.026743697527969623,False,76697191.02003515,-1.3828386318629247,rho_Pup,2-4,0.3437053749361153,4,1.7249999473278876
132.30265046975757,0,1.0479097319046875,False,0.01775308157563593,False,59263.16979944762,0.39249357348535874,2021-02-17,False,29,-0.0294023174002081,False,74620783.90419185,-1.6561810565079254,rho_Pup,2-4,0.36309125608515064,5,1.7730000081428443
103.67803143662402,0,1.0479097319046875,True,0.020743981194853007,False,59263.16979944762,0.4693726038472697,2021-02-17,False,30,-0.08727259750290495,True,67630807.81770521,-4.207128645322866,rho_Pup,3-4,0.38210000634436475,0,1.5330000451285741
103.67803143662402,0,1.0479097319046875,True,0.02294950230032116,False,59263.16979944762,0.4925399737151809,2021-02-17,False,31,-0.09285462107269632,True,65577502.811138995,-4.04604073141041,rho_Pup,3-4,0.39968535264248456,1,1.580999992256693
103.67803143662402,0,1.0479097319046875,True,0.021338108851549076,False,59263.16979944762,0.5144974332978632,2021-02-17,False,32,-0.08100232808171104,True,63645198.3172918,-3.796134354982004,rho_Pup,3-4,0.4334951052161522,2,1.6290000530716497
103.67803143662402,0,1.0479097319046875,True,0.020916186680682444,False,59263.16979944762,0.5352925288268706,2021-02-17,False,33,-0.09401068017670189,True,61823513.07350842,-4.49463765130416,rho_Pup,3-4,0.44128184865016873,3,1.6770000001997687
103.67803143662402,0,1.0479097319046875,True,0.020004835943419057,False,59263.16979944762,0.5549772594749164,2021-02-17,False,34,-0.09105070768268958,True,60103208.46515187,-4.55143486006154,rho_Pup,3-4,0.4639265517922268,4,1.7249999473278876
103.67803143662402,0,1.0479097319046875,True,0.021252689028527904,False,59263.16979944762,0.5736058324807558,2021-02-17,False,35,-0.08653292436706245,True,58476046.7910111,-4.071622383920811,rho_Pup,3-4,0.48707290811369336,5,1.7730000081428443
86.81614296175475,0,1.0479097319046875,False,0.018470079650776253,False,59263.17977957303,0.5946951827923663,2021-02-17,False,36,0.038653333766459075,False,56631533.20681957,2.092754037735542,rho_Pup,1-2,0.6333485165588254,0,1.5330000451285741
86.81614296175475,0,1.0479097319046875,False,0.015517374961456217,False,59263.17977957303,0.6142893738787674,2021-02-17,False,37,0.03660047090469032,False,54912171.655253984,2.358676708889399,rho_Pup,1-2,0.6508898447834577,1,1.580999992256693
86.81614296175475,0,1.0479097319046875,False,0.0184496078779557,False,59263.17977957303,0.6326385581707417,2021-02-17,False,38,0.03796495732727867,False,53294131.45079636,2.057764998498459,rho_Pup,1-2,0.6706035154980203,2,1.6290000530716497
86.81614296175475,0,1.0479097319046875,False,0.018832431223844145,False,59263.17977957303,0.6498286985344978,2021-02-17,False,39,0.03344779137013487,False,51768719.708654135,1.7760739955755636,rho_Pup,1-2,0.6832764899046326,3,1.6770000001997687
86.81614296175475,0,1.0479097319046875,False,0.019584197457063864,False,59263.17977957303,0.6659413853747386,2021-02-17,False,40,0.038490460103900004,False,50328200.3551579,1.965383579709405,rho_Pup,1-2,0.7044318454786386,4,1.7249999473278876
86.81614296175475,0,1.0479097319046875,False,0.01883479357066165,False,59263.17977957303,0.6810533407746922,2021-02-17,False,41,0.031460253468354904,False,48965675.44446412,1.6703264280719023,rho_Pup,1-2,0.712513594243047,5,1.7730000081428443
122.32397180721242,0,1.0479097319046875,True,0.0053497405307829935,False,59263.17977957303,0.33841762570038497,2021-02-17,False,42,0.019813389345369692,True,79793847.4926483,3.70361688223219,rho_Pup,1-3,0.35823101504575466,0,1.5330000451285741
122.32397180721242,0,1.0479097319046875,False,0.0056454831250729864,False,59263.17977957303,0.36338676539852377,2021-02-17,False,43,0.01418837134676687,False,77371266.54416311,2.5132253577648305,rho_Pup,1-3,0.37757513674529064,1,1.580999992256693
122.32397180721242,0,1.0479097319046875,True,0.006013661422800177,False,59263.17977957303,0.38745978435995115,2021-02-17,False,44,0.019603407472317647,True,75091447.40453371,3.259812299707022,rho_Pup,1-3,0.4070631918322688,2,1.6290000530716497
122.32397180721242,0,1.0479097319046875,True,0.005250395261557553,False,59263.17977957303,0.4106112489219485,2021-02-17,False,45,0.017404950669757502,True,72942141.79644655,3.314979121132729,rho_Pup,1-3,0.428016199591706,3,1.6770000001997687
122.32397180721242,0,1.0479097319046875,True,0.0049390149366962816,False,59263.17977957303,0.43283238971917476,2021-02-17,False,46,0.01653276838001616,True,70912449.58975126,3.3473817333856792,rho_Pup,1-3,0.4493651580991909,4,1.7249999473278876
122.32397180721242,0,1.0479097319046875,False,0.005574770061323704,False,59263.17977957303,0.45412707172771716,2021-02-17,False,47,0.016067853872737403,False,68992651.57665877,2.8822451322632965,rho_Pup,1-3,0.47019492560045456,5,1.7730000081428443
128.33682758405004,0,1.0479097319046875,True,0.013786543359750523,False,59263.17977957303,0.299489900134053,2021-02-17,False,48,0.047390207054816835,True,83716127.72737154,3.437424872805419,rho_Pup,1-4,0.34688010718886986,0,1.5330000451285741
128.33682758405004,0,1.0479097319046875,True,0.007904740660569494,False,59263.17977957303,0.32449443993491894,2021-02-17,False,49,0.047408777346519104,True,81174464.39760205,5.997512047802408,rho_Pup,1-4,0.37190321728143805,1,1.580999992256693
128.33682758405004,0,1.0479097319046875,True,0.011522234606340392,False,59263.17977957303,0.3487598180257181,2021-02-17,False,50,0.05243822327915376,True,78782580.3578444,4.551046309220118,rho_Pup,1-4,0.40119804130487186,2,1.6290000530716497
128.33682758405004,0,1.0479097319046875,True,0.01207517049034166,False,59263.17977957303,0.3722331066064971,2021-02-17,False,51,0.053875346937350965,True,76527625.26461671,4.461663458950185,rho_Pup,1-4,0.4261084535438481,3,1.6770000001997687
128.33682758405004,0,1.0479097319046875,True,0.008314082609757896,False,59263.17977957303,0.39488175578680973,2021-02-17,False,52,0.0516554424244563,True,74398163.1900049,6.21300567350996,rho_Pup,1-4,0.44653719821126603,4,1.7249999473278876
128.33682758405004,0,1.0479097319046875,True,0.013972647430723087,False,59263.17977957303,0.41668920467754056,2021-02-17,False,53,0.047764994914434644,True,72383997.17689702,3.418464192362635,rho_Pup,1-4,0.4644541995919752,5,1.7730000081428443
55.95564100567868,0,1.0479097319046875,False,0.025255235528968082,False,59263.17977957303,0.8102776481393067,2021-02-17,False,54,0.02337727881269802,False,36500743.221429996,0.9256408947714615,rho_Pup,2-3,0.8336549269520047,0,1.5330000451285741
55.95564100567868,0,1.0479097319046875,False,0.02439520614780502,False,59263.17977957303,0.8207070615588155,2021-02-17,False,55,0.020589750744168356,False,35392562.47927524,0.8440080653313494,rho_Pup,2-3,0.8412968123029838,1,1.580999992256693
55.95564100567868,0,1.0479097319046875,False,0.024445649859103347,False,59263.17977957303,0.8303255199492232,2021-02-17,False,56,0.01975172325492547,False,34349686.42276498,0.8079851985432123,rho_Pup,2-3,0.8500772432041487,2,1.6290000530716497
55.95564100567868,0,1.0479097319046875,False,0.02341300625125264,False,59263.17977957303,0.8392120083049923,2021-02-17,False,57,0.02250132489987411,False,33366512.223621406,0.9610609017229578,rho_Pup,2-3,0.8617133332048664,3,1.6770000001997687
55.95564100567868,0,1.0479097319046875,False,0.024387055196226495,False,59263.17977957303,0.8474365949464047,2021-02-17,False,58,0.03097078989045121,False,32438053.747396804,1.2699684173119616,rho_Pup,2-3,0.8784073848368559,4,1.7249999473278876
55.95564100567868,0,1.0479097319046875,False,0.022066414749766606,False,59263.17977957303,0.8550614847143234,2021-02-17,False,59,0.01857417006438744,False,31559865.058483705,0.8417393706688985,rho_Pup,2-3,0.8736356547787109,5,1.7730000081428443
132.21957260627525,0,1.0479097319046875,False,0.013727108659811974,False,59263.17977957303,0.27543608785942225,2021-02-17,False,60,0.0248421043807463,False,86248903.2707014,1.8097113526517807,rho_Pup,2-4,0.30027819224016855,0,1.5330000451285741
132.21957260627525,0,1.0479097319046875,False,0.015062564567200419,False,59263.17977957303,0.3003200272520533,2021-02-17,False,61,0.033956367660118614,False,83630343.6140738,2.254354994371975,rho_Pup,2-4,0.3342763949121719,1,1.580999992256693
132.21957260627525,0,1.0479097319046875,False,0.013307239232431552,False,59263.17977957303,0.32457814338366775,2021-02-17,False,62,0.030254569656892216,False,81166094.71986292,2.2735421771901203,rho_Pup,2-4,0.35483271304055997,2,1.6290000530716497
132.21957260627525,0,1.0479097319046875,False,0.014683517546058547,False,59263.17977957303,0.3481394406357644,2021-02-17,False,63,0.031781502245548265,False,78842917.46602558,2.1644338385443125,rho_Pup,2-4,0.3799209428813127,3,1.6770000001997687
132.21957260627525,0,1.0479097319046875,False,0.016825488397807505,False,59263.17977957303,0.37095548188170707,2021-02-17,False,64,0.031468278422574825,False,76649029.93828496,1.8702742932963177,rho_Pup,2-4,0.4024237603042819,4,1.7249999473278876
132.21957260627525,0,1.0479097319046875,False,0.01481374958826674,False,59263.17977957303,0.39299585603890713,2021-02-17,False,65,0.030968753362834778,False,74573926.67740066,2.0905411677380883,rho_Pup,2-4,0.4239646094017419,5,1.7730000081428443
103.59000275692047,0,1.0479097319046875,False,0.019387902620926923,False,59263.17977957303,0.4700177091098532,2021-02-17,False,66,0.021264344474002772,False,67573385.32774295,1.0967841591617267,rho_Pup,3-4,0.49128205358385596,0,1.5330000451285741
103.59000275692047,0,1.0479097319046875,False,0.023562522893328715,False,59263.17977957303,0.49317080431757454,2021-02-17,False,67,0.024753741197581114,False,65521823.6965693,1.050555634880239,rho_Pup,3-4,0.5179245455151557,1,1.580999992256693
103.59000275692047,0,1.0479097319046875,False,0.019464561279754655,False,59263.17977957303,0.5151131872438117,2021-02-17,False,68,0.02785135628766444,False,63591159.8416407,1.430875111304615,rho_Pup,3-4,0.5429645435314762,2,1.6290000530716497
103.59000275692047,0,1.0479097319046875,False,0.018982039602098353,False,59263.17977957303,0.5358926823755138,2021-02-17,False,69,0.026919232990944453,False,61771021.31459782,1.4181422837179567,rho_Pup,3-4,0.5628119153664582,3,1.6770000001997687
103.59000275692047,0,1.0479097319046875,False,0.017831678776820195,False,59263.17977957303,0.5555615125681054,2021-02-17,False,70,0.022897600097376958,False,60052177.34492493,1.2840967125956795,rho_Pup,3-4,0.5784591126654823,4,1.7249999473278876
103.59000275692047,0,1.0479097319046875,False,0.01865030513607626,False,59263.17977957303,0.574174063756388,2021-02-17,False,71,0.03226944824161737,False,58426397.225698486,1.7302370125407165,rho_Pup,3-4,0.6064435119980054,5,1.7730000081428443
76.55679790791005,0,1.0505069335247075,False,0.009550026191049676,False,59262.250517350025,0.6702694087221013,2021-02-16,False,72,0.012391271230153822,False,49939201.34000333,1.2975117536082752,rho_Pup,1-2,0.6826606799522551,0,1.5330000451285741
76.55679790791005,0,1.0505069335247075,False,0.007854178565260444,False,59262.250517350025,0.6870329717854109,2021-02-16,False,73,0.00020745656351084385,False,48423022.31680226,0.026413527753040664,rho_Pup,1-2,0.6872404283489217,1,1.580999992256693
76.55679790791005,0,1.0505069335247075,False,0.008531436166459034,False,59262.250517350025,0.7026379779396417,2021-02-16,False,74,-0.00550438326223901,False,46996191.16865847,-0.6451883545562059,rho_Pup,1-2,0.6971335946774027,2,1.6290000530716497
76.55679790791005,0,1.0505069335247075,False,0.008589115624496066,False,59262.250517350025,0.7171783336675,2021-02-16,False,75,-0.006299261540387957,False,45651042.277155876,-0.7334004821663515,rho_Pup,1-2,0.710879072127112,3,1.6770000001997687
76.55679790791005,0,1.0505069335247075,False,0.008542682936265544,False,59262.250517350025,0.7307403072629205,2021-02-16,False,76,-0.010775704901293093,False,44380753.765529335,-1.2613958614275482,rho_Pup,1-2,0.7199646023616274,4,1.7249999473278876
76.55679790791005,0,1.0505069335247075,False,0.008062547091046639,False,59262.250517350025,0.743402848616252,2021-02-16,False,77,-0.005646621971745036,False,43179242.84055736,-0.7003521229681302,rho_Pup,1-2,0.737756226644507,5,1.7730000081428443
99.37112533385493,0,1.0505069335247075,False,0.00821054757072922,False,59262.250517350025,0.5011172115622524,2021-02-16,False,78,0.01773347902882705,False,64821345.34152645,2.1598412135199467,rho_Pup,1-3,0.5188506905910795,0,1.5330000451285741
99.37112533385493,0,1.0505069335247075,False,0.006216237075472695,False,59262.250517350025,0.5235279540730765,2021-02-16,False,79,0.0035234876044967223,False,62853337.01489413,0.5668200169519418,rho_Pup,1-3,0.5270514416775732,1,1.580999992256693
99.37112533385493,0,1.0505069335247075,False,0.005236566561937401,False,59262.250517350025,0.544697276858301,2021-02-16,False,80,-0.008449406131223691,False,61001302.69884295,-1.613539335609556,rho_Pup,1-3,0.5362478707270774,2,1.6290000530716497
99.37112533385493,0,1.0505069335247075,False,0.00608378297967071,False,59262.250517350025,0.5646854366077375,2021-02-16,False,81,-0.009703291813625392,False,59255292.38045175,-1.5949437785748548,rho_Pup,1-3,0.5549821447941121,3,1.6770000001997687
99.37112533385493,0,1.0505069335247075,False,0.0057971117443988,False,59262.250517350025,0.5835545569016819,2021-02-16,False,82,-0.012632551781001755,False,57606451.227888934,-2.179111312319862,rho_Pup,1-3,0.5709220051206801,4,1.7249999473278876
99.37112533385493,0,1.0505069335247075,False,0.004477736190202851,False,59262.250517350025,0.601366852645238,2021-02-16,False,83,-0.0076267331632808855,False,56046883.743640095,-1.7032564758879594,rho_Pup,1-3,0.5937401194819572,5,1.7730000081428443
111.6261012770226,0,1.0505069335247075,False,0.006250460806324901,False,59262.250517350025,0.41198850632888007,2021-02-16,False,84,0.00963555105203412,False,72815458.57205792,1.541574509559969,rho_Pup,1-4,0.4216240573809142,0,1.5330000451285741
111.6261012770226,0,1.0505069335247075,False,0.004338311634840148,False,59262.250517350025,0.4362285137813388,2021-02-16,False,85,0.010047335947625025,False,70604744.9865508,2.315955328551503,rho_Pup,1-4,0.44627584972896384,1,1.580999992256693
111.6261012770226,0,1.0505069335247075,False,0.005372550936328167,False,59262.250517350025,0.4593579914419294,2021-02-16,False,86,0.011039773751729709,False,68524307.94372286,2.054847665953404,rho_Pup,1-4,0.4703977651936591,2,1.6290000530716497
111.6261012770226,0,1.0505069335247075,True,0.004989123932436234,False,59262.250517350025,0.48139647037051536,2021-02-16,False,87,0.017402876121006716,True,66562970.342114136,3.4881627228908574,rho_Pup,1-4,0.4987993464915221,3,1.6770000001997687
111.6261012770226,0,1.0505069335247075,True,0.003959827497028515,False,59262.250517350025,0.5023730689515226,2021-02-16,False,88,0.017987572823316977,True,64710785.32491383,4.542514247606744,rho_Pup,1-4,0.5203606417748395,4,1.7249999473278876
111.6261012770226,0,1.0505069335247075,False,0.0038631717064474195,False,59262.250517350025,0.5223234064140385,2021-02-16,False,89,0.006097582548553304,False,62958883.679841064,1.578387659646807,rho_Pup,1-4,0.5284209889625918,5,1.7730000081428443
47.01861935869241,0,1.0505069335247075,True,0.0180186753380649,False,59262.250517350025,0.86262185636769,2021-02-16,False,90,-0.05420349471578034,True,30670983.675508577,-3.0081842143675295,rho_Pup,2-3,0.8084183616519096,0,1.5330000451285741
47.01861935869241,0,1.0505069335247075,False,0.01872254873935638,False,59262.250517350025,0.8703674752981356,2021-02-16,False,91,0.006313078242045078,False,29739797.33648121,0.3371911767960552,rho_Pup,2-3,0.8766805535401807,1,1.580999992256693
47.01861935869241,0,1.0505069335247075,False,0.024655769728509906,False,59262.250517350025,0.8774891054752803,2021-02-16,False,92,4.128037318318345e-05,False,28863485.467685465,0.001674268280314535,rho_Pup,2-3,0.8775303858484634,2,1.6290000530716497
47.01861935869241,0,1.0505069335247075,False,0.019594589799403386,False,59262.250517350025,0.8840505379142303,2021-02-16,False,93,-0.0015019830126111744,False,28037340.103214923,-0.07665294491936273,rho_Pup,2-3,0.8825485549016191,3,1.6770000001997687
47.01861935869241,0,1.0505069335247075,False,0.025583434470661557,False,59262.250517350025,0.8901078573992128,2021-02-16,False,94,0.012370621060475262,False,27257171.47500592,0.48354027973302727,rho_Pup,2-3,0.9024784784596881,4,1.7249999473278876
47.01861935869241,0,1.0505069335247075,False,0.013898408263004106,False,59262.250517350025,0.8957104584101949,2021-02-16,False,95,-0.0038173717673821717,False,26519243.735335782,-0.2746625149545763,rho_Pup,2-3,0.8918930866428127,5,1.7730000081428443
130.40135503468474,0,1.0505069335247075,False,0.004495253965716731,False,59262.250517350025,0.28658892819668524,2021-02-16,False,96,0.005158817039525754,False,85062851.39981705,1.1476141456900364,rho_Pup,2-4,0.291747745236211,0,1.5330000451285741
130.40135503468474,0,1.0505069335247075,False,0.006353749809740875,False,59262.250517350025,0.31154326106681507,2021-02-16,False,97,0.0035986555560489353,False,82480300.86866225,0.5663829492517741,rho_Pup,2-4,0.315141916622864,1,1.580999992256693
130.40135503468474,0,1.0505069335247075,False,0.004716667635998599,False,59262.250517350025,0.33581761473649857,2021-02-16,False,98,0.0067551910129517445,False,80049939.09533603,1.432195680143902,rho_Pup,2-4,0.3425728057494503,2,1.6290000530716497
130.40135503468474,0,1.0505069335247075,False,0.004973100366062112,False,59262.250517350025,0.3593494630581603,2021-02-16,False,99,0.007279739915479699,False,77758709.01559392,1.4638232449839075,rho_Pup,2-4,0.36662920297364,3,1.6770000001997687
130.40135503468474,0,1.0505069335247075,False,0.004574642346784531,False,59262.250517350025,0.38209784295647947,2021-02-16,False,100,0.0028978513273894557,False,75594990.73416382,0.6334596472719503,rho_Pup,2-4,0.38499569428386893,4,1.7249999473278876
130.40135503468474,0,1.0505069335247075,False,0.004473237846725451,False,59262.250517350025,0.40403887977974606,2021-02-16,False,101,0.00865875068929911,False,73548423.25763755,1.9356785813742468,rho_Pup,2-4,0.4126976304690452,5,1.7730000081428443
103.36032113011109,0,1.0505069335247075,False,0.011847676470808352,False,59262.250517350025,0.4717017132727826,2021-02-16,False,102,0.0031940470655809627,False,67423560.39620478,0.2695926980662257,rho_Pup,3-4,0.47489576033836356,0,1.5330000451285741
103.36032113011109,0,1.0505069335247075,False,0.006922205292209319,False,59262.250517350025,0.4948173249428387,2021-02-16,False,103,0.01505380806630996,False,65376547.52456784,2.1747127441095184,rho_Pup,3-4,0.5098711330091487,1,1.580999992256693
103.36032113011109,0,1.0505069335247075,False,0.006965530104523591,False,59262.250517350025,0.5167201628284245,2021-02-16,False,104,0.0019116803330005983,False,63450164.372440875,0.2744486498965965,rho_Pup,3-4,0.5186318431614251,2,1.6290000530716497
103.36032113011109,0,1.0505069335247075,False,0.007282990185355261,False,59262.250517350025,0.5374587738963861,2021-02-16,False,105,0.0009586824559366658,False,61634061.48944456,0.13163308360134796,rho_Pup,3-4,0.5384174563523227,3,1.6770000001997687
103.36032113011109,0,1.0505069335247075,False,0.009845139495140489,False,59262.250517350025,0.5570859613991833,2021-02-16,False,106,0.006368168915837802,False,59919028.57169443,0.6468337923481021,rho_Pup,3-4,0.5634541303150211,4,1.7249999473278876
103.36032113011109,0,1.0505069335247075,False,0.0057521278219761504,False,59262.250517350025,0.5756565746067813,2021-02-16,False,107,0.0016732657405075235,False,58296853.16153914,0.2908950900073481,rho_Pup,3-4,0.5773298403472888,5,1.7730000081428443
74.45258790131452,0,1.0505069335247075,False,0.008508418910401735,False,59262.26329974467,0.6854532268740932,2021-02-16,False,108,-0.006233491160294591,False,48566592.1132247,-0.7326262641668955,rho_Pup,1-2,0.6792197357137986,0,1.5330000451285741
74.45258790131452,0,1.0505069335247075,False,0.008589632711724804,False,59262.26329974467,0.7015948273281882,2021-02-16,False,109,-0.01417652147463555,False,47092086.189729914,-1.650422311455142,rho_Pup,1-2,0.6874183058535527,1,1.580999992256693
74.45258790131452,0,1.0505069335247075,False,0.007778305121945206,False,59262.26329974467,0.7166041845161312,2021-02-16,False,110,-0.018461960385093734,False,45704472.36077518,-2.3735196929992313,rho_Pup,1-2,0.6981422241310374,2,1.6290000530716497
74.45258790131452,0,1.0505069335247075,False,0.007119175717429284,False,59262.26329974467,0.7305754323011446,2021-02-16,False,111,-0.014576174180807366,False,44396295.70211421,-2.047452508458491,rho_Pup,1-2,0.7159992581203373,3,1.6770000001997687
74.45258790131452,0,1.0505069335247075,False,0.008537230849455128,False,59262.26329974467,0.7435946201321666,2021-02-16,False,112,-0.01949946295070215,False,43160921.84040084,-2.2840500971045743,rho_Pup,1-2,0.7240951571814644,4,1.7249999473278876
74.45258790131452,0,1.0505069335247075,False,0.006843479159396351,False,59262.26329974467,0.7557401651331764,2021-02-16,False,113,-0.009951453542470068,False,41992435.17167324,-1.454151216169973,rho_Pup,1-2,0.7457887115907064,5,1.7730000081428443
93.7297681292957,0,1.0505069335247075,False,0.009223627761272463,False,59262.26329974467,0.5430942359134912,2021-02-16,False,114,0.01819458449865341,False,61141399.45862461,1.9726061122118983,rho_Pup,1-3,0.5612888204121446,0,1.5330000451285741
93.7297681292957,0,1.0505069335247075,False,0.006520633955479743,False,59262.26329974467,0.5643439775806851,2021-02-16,False,115,0.009544920863586936,False,59285116.12166892,1.46380258863721,rho_Pup,1-3,0.573888898444272,1,1.580999992256693
93.7297681292957,0,1.0505069335247075,False,0.005787980357608062,False,59262.26329974467,0.5843347369303014,2021-02-16,False,116,0.0017846651628447008,False,57538222.88253364,0.3083398789525662,rho_Pup,1-3,0.5861194020931461,2,1.6290000530716497
93.7297681292957,0,1.0505069335247075,False,0.006175011628035704,False,59262.26329974467,0.6031404800186078,2021-02-16,False,117,-0.000791415388467831,False,55891334.59638066,-0.12816419403562862,rho_Pup,1-3,0.6023490646301399,3,1.6770000001997687
93.7297681292957,0,1.0505069335247075,False,0.005374978803967278,False,59262.26329974467,0.6208339656068822,2021-02-16,False,118,-0.004652715883828651,False,54336099.12538715,-0.8656249733290996,rho_Pup,1-3,0.6161812497230535,4,1.7249999473278876
93.7297681292957,0,1.0505069335247075,False,0.004782028890655592,False,59262.26329974467,0.637485570303453,2021-02-16,False,119,6.081768925858544e-05,False,52865069.20407427,0.012717967759966345,rho_Pup,1-3,0.6375463879927116,5,1.7730000081428443
106.91588311612956,0,1.0505069335247075,True,0.007535299591841383,False,59262.26329974467,0.44577580941242195,2021-02-16,False,120,-0.06769961824991416,True,69742909.30771787,-8.98433000901701,rho_Pup,1-4,0.3780761911625078,0,1.5330000451285741
106.91588311612956,0,1.0505069335247075,True,0.007220754056745893,False,59262.26329974467,0.46943245285506247,2021-02-16,False,121,-0.06136412168239386,True,67625479.84805466,-8.498298266379154,rho_Pup,1-4,0.4080683311726686,1,1.580999992256693
106.91588311612956,0,1.0505069335247075,True,0.007509408099399207,False,59262.26329974467,0.4919132565695369,2021-02-16,False,122,-0.05659006134903355,True,65632829.7316679,-7.535888394927032,rho_Pup,1-4,0.43532319522050333,2,1.6290000530716497
106.91588311612956,0,1.0505069335247075,True,0.009673485910734463,False,59262.26329974467,0.5132550241436449,2021-02-16,False,123,-0.04555801062493681,True,63754253.49039562,-4.709575332547086,rho_Pup,1-4,0.46769701351870807,3,1.6770000001997687
106.91588311612956,0,1.0505069335247075,True,0.007859331146581147,False,59262.26329974467,0.5335010603116774,2021-02-16,False,124,-0.04608985196558002,True,61980223.98884573,-5.86434788227868,rho_Pup,1-4,0.4874112083460974,4,1.7249999473278876
106.91588311612956,0,1.0505069335247075,True,0.008447636462672834,False,59262.26329974467,0.5526985760023005,2021-02-16,False,125,-0.050863193322927214,True,60302246.26345051,-6.020996943662759,rho_Pup,1-4,0.5018353826793733,5,1.7730000081428443
44.536548632060224,0,1.0505069335247075,True,0.023456983915608662,False,59262.26329974467,0.8759718974601318,2021-02-16,False,126,0.19275032269354475,True,29051889.968029913,8.21718271142632,rho_Pup,2-3,1.0687222201536766,0,1.5330000451285741
44.536548632060224,0,1.0505069335247075,True,0.025173273369173063,False,59262.26329974467,0.8830081441426404,2021-02-16,False,127,0.2765506354682995,True,28169860.120296076,10.985882980437523,rho_Pup,2-3,1.15955877961094,1,1.580999992256693
44.536548632060224,0,1.0505069335247075,True,0.032691405997665145,False,59262.26329974467,0.8894727348984738,2021-02-16,False,128,0.23957020251304983,True,27339807.968748625,7.3282318457077125,rho_Pup,2-3,1.1290429374115236,2,1.6290000530716497
44.536548632060224,0,1.0505069335247075,True,0.024788477493160162,False,59262.26329974467,0.8954247682885202,2021-02-16,False,129,0.2278202152273171,True,26557274.07677693,9.190569097685774,rho_Pup,2-3,1.1232449835158373,3,1.6770000001997687
44.536548632060224,0,1.0505069335247075,True,0.03213465882235982,False,59262.26329974467,0.9009160964624314,2021-02-16,False,130,0.22425016453923852,True,25818289.850413963,6.978451701600192,rho_Pup,2-3,1.12516626100167,4,1.7249999473278876
44.536548632060224,0,1.0505069335247075,True,0.015389836552370726,False,59262.26329974467,0.9059923018344581,2021-02-16,False,131,0.18476418557309826,True,25119316.653986204,12.005597651694115,rho_Pup,2-3,1.0907564874075564,5,1.7730000081428443
129.69430526821782,0,1.0505069335247075,False,0.007521649269478349,False,59262.26329974467,0.29097917956086716,2021-02-16,False,132,0.012746486314384686,False,84601631.73533386,1.6946398133861267,rho_Pup,2-4,0.30372566587525185,0,1.5330000451285741
129.69430526821782,0,1.0505069335247075,False,0.008845637970447183,False,59262.26329974467,0.3159542770256267,2021-02-16,False,133,0.012090746262774899,False,82033084.06288752,1.3668597226304597,rho_Pup,2-4,0.32804502328840157,1,1.580999992256693
129.69430526821782,0,1.0505069335247075,False,0.008643629631247388,False,59262.26329974467,0.34022884263491204,2021-02-16,False,134,0.01865611734098943,False,79615899.9649298,2.158366118967676,rho_Pup,2-4,0.3588849599759015,2,1.6290000530716497
129.69430526821782,0,1.0505069335247075,False,0.008760376761815028,False,59262.26329974467,0.36374364144372934,2021-02-16,False,135,0.01787181226821749,False,77337093.17398228,2.0400734756200944,rho_Pup,2-4,0.38161545371194683,3,1.6770000001997687
129.69430526821782,0,1.0505069335247075,False,0.008153984725633907,False,59262.26329974467,0.38646060190961806,2021-02-16,False,136,0.01273650283922556,False,75185106.79905868,1.5619973875086455,rho_Pup,2-4,0.3991971047488436,4,1.7249999473278876
129.69430526821782,0,1.0505069335247075,False,0.008031181641181197,False,59262.26329974467,0.40835836826044847,2021-02-16,False,137,0.021515612629549374,False,73149636.02513915,2.6790095892271384,rho_Pup,2-4,0.42987398088999784,5,1.7730000081428443
103.41876771935257,0,1.0505069335247075,False,0.013979631461331545,False,59262.26329974467,0.4712730771821619,2021-02-16,False,138,-0.01857688428679949,False,67461686.02407232,-1.3288536495532237,rho_Pup,3-4,0.4526961928953624,0,1.5330000451285741
103.41876771935257,0,1.0505069335247075,False,0.012487966157688782,False,59262.26329974467,0.4943982598839768,2021-02-16,False,139,-0.007343326771911296,False,65413515.63938615,-0.5880322447374703,rho_Pup,3-4,0.4870549331120655,1,1.580999992256693
103.41876771935257,0,1.0505069335247075,False,0.011069455847466976,False,59262.26329974467,0.5163111891300886,2021-02-16,False,140,-0.019893633177330783,False,63486043.1860304,-1.797164508486932,rho_Pup,3-4,0.49641755595275777,2,1.6290000530716497
103.41876771935257,0,1.0505069335247075,False,0.010984542998273221,False,59262.26329974467,0.5370602285251794,2021-02-16,False,141,-0.01475891171546695,False,61668913.36137928,-1.3436072595634667,rho_Pup,3-4,0.5223013168097125,3,1.6770000001997687
103.41876771935257,0,1.0505069335247075,False,0.012589135553633267,False,59262.26329974467,0.5566980340727519,2021-02-16,False,142,-0.004444090064069539,False,59952910.65344871,-0.3530099461663958,rho_Pup,3-4,0.5522539440086823,4,1.7249999473278876
103.41876771935257,0,1.0505069335247075,False,0.011075867440220278,False,59262.26329974467,0.5752793375387617,2021-02-16,False,143,-0.007477769116138289,False,58329817.960734315,-0.6751407198125124,rho_Pup,3-4,0.5678015684226234,5,1.7730000081428443
87.49299618190601,0,1.0556772361775302,False,0.005667311277242017,False,58816.03364319347,0.7882021866171874,2019-11-28,False,0,0.01326220766584496,False,57073055.190006785,2.3401233878049807,zet_Tuc,1-2,0.8014643942830324,0,1.5330000451285741
87.49299618190601,0,1.0556772361775302,False,0.006079338492978329,False,58816.03364319347,0.7997137420884515,2019-11-28,False,1,0.005284899741549998,False,55340288.81114665,0.8693215137887267,zet_Tuc,1-2,0.8049986418300015,1,1.580999992256693
87.49299618190601,0,1.0556772361775302,True,0.005942492360740352,False,58816.03364319347,0.8103446509764118,2019-11-28,False,2,0.019777736403216672,True,53709633.720962025,3.328188780498935,zet_Tuc,1-2,0.8301223873796285,2,1.6290000530716497
87.49299618190601,0,1.0556772361775302,False,0.005824630102760804,False,58816.03364319347,0.820178722443808,2019-11-28,False,3,0.01401354650604869,False,52172329.26146906,2.4059118362565957,zet_Tuc,1-2,0.8341922689498567,3,1.6770000001997687
87.49299618190601,0,1.0556772361775302,False,0.0058918320795598705,False,58816.03364319347,0.8292906253408104,2019-11-28,False,4,0.01704356465029333,False,50720579.04548756,2.8927444672806275,zet_Tuc,1-2,0.8463341899911038,4,1.7249999473278876
87.49299618190601,0,1.0556772361775302,False,0.005538378555625828,False,58816.03364319347,0.8377469020644486,2019-11-28,False,5,0.013843443830560243,False,49347431.34804149,2.4995481423887527,zet_Tuc,1-2,0.8515903458950088,5,1.7730000081428443
129.23500846316145,0,1.0556772361775302,False,0.0048188726068297185,False,58816.03364319347,0.5873333161070622,2019-11-28,False,6,-0.005650657206423215,False,84302025.21769814,-1.172609792260252,zet_Tuc,1-3,0.581682658900639,0,1.5330000451285741
129.23500846316145,0,1.0556772361775302,True,0.0031194937063889995,False,58816.03364319347,0.6071734128449972,2019-11-28,False,7,-0.01257930992807299,True,81742573.74833605,-4.032484470896495,zet_Tuc,1-3,0.5945941029169242,1,1.580999992256693
129.23500846316145,0,1.0556772361775302,False,0.003345997971661943,False,58816.03364319347,0.6257649633981434,2019-11-28,False,8,-0.001868603478392572,False,79333949.8175432,-0.5584592382357138,zet_Tuc,1-3,0.6238963599197508,2,1.6290000530716497
129.23500846316145,0,1.0556772361775302,True,0.0030936927413914503,False,58816.03364319347,0.6431924376701174,2019-11-28,False,9,-0.011197654569447657,True,77063213.14714767,-3.619510890538951,zet_Tuc,1-3,0.6319947831006697,3,1.6770000001997687
129.23500846316145,0,1.0556772361775302,True,0.003314406030368637,False,58816.03364319347,0.6595363551231094,2019-11-28,False,10,-0.011760057098168852,True,74918847.77350459,-3.5481642835596903,zet_Tuc,1-3,0.6477762980249405,4,1.7249999473278876
129.23500846316145,0,1.0556772361775302,False,0.002381894668185011,False,58816.03364319347,0.6748726954949195,2019-11-28,False,11,-0.006543718825570255,False,72890585.37485886,-2.7472746435746163,zet_Tuc,1-3,0.6683289766693492,5,1.7730000081428443
116.80186939094006,0,1.0556772361775302,False,0.0035716789138093303,False,58816.03364319347,0.6498496471768771,2019-11-28,False,12,-0.00018288108518482726,False,76191693.38063769,-0.05120311472505172,zet_Tuc,1-4,0.6496667660916923,0,1.5330000451285741
116.80186939094006,0,1.0556772361775302,True,0.004144776948349222,False,58816.03364319347,0.6674191040295626,2019-11-28,False,13,-0.01304839841668104,True,73878475.62492332,-3.1481545519302174,zet_Tuc,1-4,0.6543707056128816,1,1.580999992256693
116.80186939094006,0,1.0556772361775302,False,0.004708878390293727,False,58816.03364319347,0.683799800567053,2019-11-28,False,14,-0.00416313809235902,False,71701574.94513148,-0.8841039728144976,zet_Tuc,1-4,0.679636662474694,2,1.6290000530716497
116.80186939094006,0,1.0556772361775302,False,0.003864458052260582,False,58816.03364319347,0.6990845327541596,2019-11-28,False,15,-0.007122306627894481,False,69649295.99107115,-1.8430285777660762,zet_Tuc,1-4,0.6919622261262651,3,1.6770000001997687
116.80186939094006,0,1.0556772361775302,False,0.0034093464873483498,False,58816.03364319347,0.7133591845271038,2019-11-28,False,16,0.008541571329908182,False,67711230.69996151,2.5053397657307244,zet_Tuc,1-4,0.721900755857012,4,1.7249999473278876
116.80186939094006,0,1.0556772361775302,True,0.0033363402766291477,False,58816.03364319347,0.7267028500123407,2019-11-28,False,17,0.012103022489707849,True,65878098.62070218,3.6276343197031653,zet_Tuc,1-4,0.7388058725020485,5,1.7730000081428443
53.48414191981665,0,1.0556772361775302,True,0.006879841463489775,False,58816.03364319347,0.9158979875141595,2019-11-28,False,18,0.025482257673084763,True,34888545.56121744,3.703901871622341,zet_Tuc,2-3,0.9413802451872443,0,1.5330000451285741
53.48414191981665,0,1.0556772361775302,False,0.006577364303016041,False,58816.03364319347,0.9207549179461876,2019-11-28,False,19,0.01170402339594534,False,33829311.942926876,1.7794397355455098,zet_Tuc,2-3,0.9324589413421329,1,1.580999992256693
53.48414191981665,0,1.0556772361775302,True,0.007498545800204504,False,58816.03364319347,0.9252076629845029,2019-11-28,False,20,0.024502703026743622,True,32832498.574181575,3.267660647758579,zet_Tuc,2-3,0.9497103660112465,2,1.6290000530716497
53.48414191981665,0,1.0556772361775302,False,0.006806530411265331,False,58816.03364319347,0.9292993249589447,2019-11-28,False,21,0.00591938183642482,False,31892750.097463015,0.8696621448466296,zet_Tuc,2-3,0.9352187067953696,3,1.6770000001997687
53.48414191981665,0,1.0556772361775302,True,0.0072974500333387125,False,58816.03364319347,0.9330675058073858,2019-11-28,False,22,0.024469819540098525,True,31005300.610394973,3.3532013824427858,zet_Tuc,2-3,0.9575373253474844,4,1.7249999473278876
53.48414191981665,0,1.0556772361775302,True,0.0039562402536721065,False,58816.03364319347,0.9365450914194051,2019-11-28,False,23,0.02716056899386743,True,30165900.54945314,6.865247622071867,zet_Tuc,2-3,0.9637056604132725,5,1.7730000081428443
101.05452036706619,0,1.0556772361775302,False,0.009874730940469466,False,58816.03364319347,0.7264036452925754,2019-11-28,False,24,0.018678787252751516,False,65919450.35369562,1.8915742986171415,zet_Tuc,2-4,0.7450824325453269,0,1.5330000451285741
101.05452036706619,0,1.0556772361775302,False,0.006059776276427938,False,58816.03364319347,0.7407835152493412,2019-11-28,False,25,-0.0017210404861649486,False,63918103.01202004,-0.28401056535035185,zet_Tuc,2-4,0.7390624747631762,1,1.580999992256693
101.05452036706619,0,1.0556772361775302,False,0.004728778066785645,False,58816.03364319347,0.7541166687961001,2019-11-28,False,26,0.009861337372872203,False,62034694.33688313,2.0853880714210344,zet_Tuc,2-4,0.7639780061689723,2,1.6290000530716497
101.05452036706619,0,1.0556772361775302,False,0.004589386264902278,False,58816.03364319347,0.766495538304957,2019-11-28,False,27,-0.0001906709645478344,False,60259105.75732159,-0.04154607033319614,zet_Tuc,2-4,0.7663048673404091,3,1.6770000001997687
101.05452036706619,0,1.0556772361775302,False,0.004239081517493497,False,58816.03364319347,0.7780036436176421,2019-11-28,False,28,-0.00907431160796801,False,58582332.436360225,-2.14063154259263,zet_Tuc,2-4,0.7689293320096741,4,1.7249999473278876
101.05452036706619,0,1.0556772361775302,False,0.0036484667005628577,False,58816.03364319347,0.788716339161025,2019-11-28,False,29,0.010789458204767954,False,56996345.1229294,2.9572582375778405,zet_Tuc,2-4,0.799505797365793,5,1.7730000081428443
83.08271723169614,0,1.0556772361775302,False,0.006439859199616482,False,58816.03364319347,0.8071938916655731,2019-11-28,False,30,-0.014638658263909199,False,54196160.98232268,-2.273133279805401,zet_Tuc,3-4,0.7925552334016639,0,1.5330000451285741
83.08271723169614,0,1.0556772361775302,True,0.0036283201542712095,False,58816.03364319347,0.8177754434403653,2019-11-28,False,31,-0.016388551850428312,True,52550738.54434702,-4.516842823568347,zet_Tuc,3-4,0.801386891589937,1,1.580999992256693
83.08271723169614,0,1.0556772361775302,True,0.0022978039328747164,False,58816.03364319347,0.8275361276851834,2019-11-28,False,32,-0.014160239315701206,True,51002280.24857028,-6.162509826495831,zet_Tuc,3-4,0.8133758883694822,2,1.6290000530716497
83.08271723169614,0,1.0556772361775302,True,0.002885362300498717,False,58816.03364319347,0.8365556335152855,2019-11-28,False,33,-0.016658444232129477,True,49542467.03744729,-5.773432414102786,zet_Tuc,3-4,0.819897189283156,3,1.6770000001997687
83.08271723169614,0,1.0556772361775302,True,0.0031564327482674543,False,58816.03364319347,0.8449046967472505,2019-11-28,False,34,-0.015590131179404776,True,48163895.518023334,-4.9391615227544765,zet_Tuc,3-4,0.8293145655678458,4,1.7249999473278876
83.08271723169614,0,1.0556772361775302,True,0.0025639680311176495,False,58816.03364319347,0.8526461486107655,2019-11-28,False,35,-0.017808438751955147,True,46859964.382471934,-6.9456555369734225,zet_Tuc,3-4,0.8348377098588103,5,1.7730000081428443
88.09777013887395,0,1.0556772361775302,False,0.006539649232280642,False,58816.04523544633,0.7855515222158449,2019-11-28,False,36,-0.012590445143949802,False,57467558.73805934,-1.9252477765629339,zet_Tuc,1-2,0.7729610770718951,0,1.5330000451285741
88.09777013887395,0,1.0556772361775302,False,0.008261312201595181,False,58816.04523544633,0.7971911163871822,2019-11-28,False,37,-0.020529799445867858,False,55722815.03501127,-2.485053093853994,zet_Tuc,1-2,0.7766613169413144,1,1.580999992256693
88.09777013887395,0,1.0556772361775302,False,0.006079200914231113,False,58816.04523544633,0.8079420412340483,2019-11-28,False,38,-0.008101112893878382,False,54080888.43997052,-1.3325950249339633,zet_Tuc,1-2,0.79984092834017,2,1.6290000530716497
88.09777013887395,0,1.0556772361775302,False,0.006481655589451017,False,58816.04523544633,0.8178886263611994,2019-11-28,False,39,-0.013042804493924365,False,52532957.73904563,-2.0122643534395297,zet_Tuc,1-2,0.804845821867275,3,1.6770000001997687
88.09777013887395,0,1.0556772361775302,False,0.006364658741653821,False,58816.04523544633,0.8271060446593875,2019-11-28,False,40,-0.004132956597021065,False,51071172.65443507,-0.6493602822681958,zet_Tuc,1-2,0.8229730880623665,4,1.7249999473278876
88.09777013887395,0,1.0556772361775302,False,0.005658360339053665,False,58816.04523544633,0.8356613194840106,2019-11-28,False,41,-0.006153672121910314,False,49688533.40906259,-1.0875362743227992,zet_Tuc,1-2,0.8295076473621003,5,1.7730000081428443
129.179984262914,0,1.0556772361775302,False,0.0068122231136305165,False,58816.04523544633,0.5876119811189424,2019-11-28,False,42,-0.011593971124505553,False,84266132.06790842,-1.7019364943152375,zet_Tuc,1-3,0.5760180099944369,0,1.5330000451285741
129.179984262914,0,1.0556772361775302,True,0.003982463789919907,False,58816.04523544633,0.6074426807076602,2019-11-28,False,43,-0.020998972388635462,True,81707770.33244929,-5.272859590534477,zet_Tuc,1-3,0.5864437083190247,1,1.580999992256693
129.179984262914,0,1.0556772361775302,False,0.004049003990411518,False,58816.04523544633,0.62602498237582,2019-11-28,False,44,-0.010157500575205924,False,79300171.91793925,-2.5086417793758637,zet_Tuc,1-3,0.6158674818006141,2,1.6290000530716497
129.179984262914,0,1.0556772361775302,True,0.004617916107082341,False,58816.04523544633,0.6434434105011473,2019-11-28,False,45,-0.020808680740782015,True,77030402.05576967,-4.506075956830062,zet_Tuc,1-3,0.6226347297603653,3,1.6770000001997687
129.179984262914,0,1.0556772361775302,True,0.004414225178510568,False,58816.04523544633,0.6597785233225142,2019-11-28,False,46,-0.01957086670992525,True,74886949.68543062,-4.433590475900639,zet_Tuc,1-3,0.6402076566125889,4,1.7249999473278876
129.179984262914,0,1.0556772361775302,True,0.004133019903312404,False,58816.04523544633,0.6751063271611696,2019-11-28,False,47,-0.014792801607244166,True,72859550.85709533,-3.579175022938673,zet_Tuc,1-3,0.6603135255539254,5,1.7730000081428443
115.13518733305185,0,1.0556772361775302,False,0.005243897781354842,False,58816.04523544633,0.6581263829262912,2019-11-28,False,48,-0.014713880622364894,False,75104490.50469229,-2.8059053085819947,zet_Tuc,1-4,0.6434125023039263,0,1.5330000451285741
115.13518733305185,0,1.0556772361775302,True,0.004898559897512165,False,58816.04523544633,0.675371805119941,2019-11-28,False,49,-0.0186440089497395,True,72824280.76973599,-3.806018368624674,zet_Tuc,1-4,0.6567277961702015,1,1.580999992256693
115.13518733305185,0,1.0556772361775302,False,0.00620710138713167,False,58816.04523544633,0.6914402676471976,2019-11-28,False,50,-0.014823244642368949,False,70678442.9601168,-2.388110603944692,zet_Tuc,1-4,0.6766170230048286,2,1.6290000530716497
115.13518733305185,0,1.0556772361775302,True,0.005017978908581072,False,58816.04523544633,0.706425084625582,2019-11-28,False,51,-0.025801359744630825,True,68655448.61021863,-5.141783218839126,zet_Tuc,1-4,0.6806237248809511,3,1.6770000001997687
115.13518733305185,0,1.0556772361775302,False,0.004160088012749223,False,58816.04523544633,0.720412353267111,2019-11-28,False,52,-0.00605432969513231,False,66745038.173132755,-1.4553369247424321,zet_Tuc,1-4,0.7143580235719786,4,1.7249999473278876
115.13518733305185,0,1.0556772361775302,False,0.0046213262842405,False,58816.04523544633,0.733481157792384,2019-11-28,False,53,-0.0023171775606459777,False,64938063.62339047,-0.5014096426274731,zet_Tuc,1-4,0.731163980231738,5,1.7730000081428443
52.81412964610127,0,1.0556772361775302,False,0.0062539462295546355,False,58816.04523544633,0.9179175828136766,2019-11-28,False,54,0.015021277893791707,False,34451486.034804195,2.4018879188319184,zet_Tuc,2-3,0.9329388607074683,0,1.5330000451285741
52.81412964610127,0,1.0556772361775302,False,0.004294592680109042,False,58816.04523544633,0.9226620528451591,2019-11-28,False,55,-0.005119505756461584,False,33405521.76139815,-1.1920817962954282,zet_Tuc,2-3,0.9175425470886975,1,1.580999992256693
52.81412964610127,0,1.0556772361775302,False,0.006987934248133979,False,58816.04523544633,0.9270112334895306,2019-11-28,False,56,0.012711973764217177,False,32421195.779898666,1.8191318511063146,zet_Tuc,2-3,0.9397232072537478,2,1.6290000530716497
52.81412964610127,0,1.0556772361775302,False,0.005479420087990325,False,58816.04523544633,0.9310073411714613,2019-11-28,False,57,-0.004059812580280764,False,31493219.820995774,-0.7409201183860631,zet_Tuc,2-3,0.9269475285911806,3,1.6770000001997687
52.81412964610127,0,1.0556772361775302,True,0.007038996203564098,False,58816.04523544633,0.9346871949026025,2019-11-28,False,58,0.028922970868902498,True,30616887.686236184,4.108962419138364,zet_Tuc,2-3,0.963610165771505,4,1.7249999473278876
52.81412964610127,0,1.0556772361775302,True,0.0039515037380723405,False,58816.04523544633,0.9380829878967489,2019-11-28,False,59,0.018011135634392716,True,29788003.047683135,4.558045956241225,zet_Tuc,2-3,0.9560941235311416,5,1.7730000081428443
100.53801202128008,0,1.0556772361775302,False,0.01139412161381799,False,58816.04523544633,0.7288390090369193,2019-11-28,False,60,0.01727629183500501,False,65582523.84972883,1.5162460451583681,zet_Tuc,2-4,0.7461153008719243,0,1.5330000451285741
100.53801202128008,0,1.0556772361775302,False,0.005651645538610423,False,58816.04523544633,0.7431105993818539,2019-11-28,False,61,-0.002768942239789851,False,63591405.76450845,-0.4899355808628179,zet_Tuc,2-4,0.740341657142064,1,1.580999992256693
100.53801202128008,0,1.0556772361775302,False,0.005285582312180452,False,58816.04523544633,0.7563411723735178,2019-11-28,False,62,0.007577296973362735,False,61717623.53948679,1.4335784641743448,zet_Tuc,2-4,0.7639184693468806,2,1.6290000530716497
100.53801202128008,0,1.0556772361775302,False,0.005260178581351963,False,58816.04523544633,0.7686229602769072,2019-11-28,False,63,0.005100839466756657,False,59951110.32158839,0.9697084210866558,zet_Tuc,2-4,0.7737237997436639,3,1.6770000001997687
100.53801202128008,0,1.0556772361775302,False,0.0045876034288463785,False,58816.04523544633,0.7800392499652863,2019-11-28,False,64,-0.0064894478430890246,False,58282907.299225464,-1.4145616428578032,zet_Tuc,2-4,0.7735498021221973,4,1.7249999473278876
100.53801202128008,0,1.0556772361775302,True,0.00424561872651994,False,58816.04523544633,0.790665144794773,2019-11-28,False,65,0.01812007660586601,True,56705026.26031578,4.267947211717412,zet_Tuc,2-4,0.808785221400639,5,1.7730000081428443
83.74639800743311,0,1.0556772361775302,False,0.005673942002842767,False,58816.04523544633,0.8043750341037038,2019-11-28,False,66,0.0019905684286035674,False,54629090.373189926,0.350826361567716,zet_Tuc,3-4,0.8063656025323074,0,1.5330000451285741
83.74639800743311,0,1.0556772361775302,False,0.004528927370507619,False,58816.04523544633,0.8150960096151139,2019-11-28,False,67,-0.013003846896378457,False,52970523.983301796,-2.8712862522502625,zet_Tuc,3-4,0.8020921627187354,1,1.580999992256693
83.74639800743311,0,1.0556772361775302,True,0.002242873874078678,False,58816.04523544633,0.8249869915997993,2019-11-28,False,68,-0.01360134663203938,True,51409696.30388933,-6.064249438736944,zet_Tuc,3-4,0.8113856449677599,2,1.6290000530716497
83.74639800743311,0,1.0556772361775302,True,0.0024063811033227076,False,58816.04523544633,0.834128323981987,2019-11-28,False,69,-0.009913974820438098,True,49938221.82317056,-4.119868962879146,zet_Tuc,3-4,0.8242143491615489,3,1.6770000001997687
83.74639800743311,0,1.0556772361775302,False,0.0025385016106783346,False,58816.04523544633,0.8425913619009021,2019-11-28,False,70,-0.0022809996339544503,False,48548638.00845938,-0.8985614286629997,zet_Tuc,3-4,0.8403103622669477,4,1.7249999473278876
83.74639800743311,0,1.0556772361775302,True,0.001955350992419637,False,58816.04523544633,0.8504395167058757,2019-11-28,False,71,0.006388584615145909,True,47234290.81940871,3.2672316325369257,zet_Tuc,3-4,0.8568281013210216,5,1.7730000081428443
88.11033117757765,0,1.013593608107546,False,0.0032030534704980723,False,58814.05035752029,0.7854963538621748,2019-11-26,False,72,0.0025886371906664873,False,57475752.50083424,0.8081779509799929,zet_Tuc,1-2,0.7880849910528412,0,1.5330000451285741
88.11033117757765,0,1.013593608107546,False,0.003310259647808634,False,58814.05035752029,0.7971386082746408,2019-11-26,False,73,-0.0032546572133221874,False,55730760.0310677,-0.9832029990386842,zet_Tuc,1-2,0.7938839510613186,1,1.580999992256693
88.11033117757765,0,1.013593608107546,True,0.0021388525788680634,False,58814.05035752029,0.8078920272251594,2019-11-26,False,74,0.010525690893382733,True,54088599.32904018,4.921185778476235,zet_Tuc,1-2,0.8184177181185421,2,1.6290000530716497
88.11033117757765,0,1.013593608107546,True,0.0025858809982441068,False,58814.05035752029,0.8178409510080477,2019-11-26,False,75,0.011444134562988872,True,52540447.92312565,4.425623054873675,zet_Tuc,1-2,0.8292850855710365,3,1.6770000001997687
88.11033117757765,0,1.013593608107546,True,0.0017814703803010804,False,58814.05035752029,0.8270605628874171,2019-11-26,False,76,0.01864263813321343,True,51078454.41622478,10.46474773836133,zet_Tuc,1-2,0.8457032010206306,4,1.7249999473278876
88.11033117757765,0,1.013593608107546,True,0.0016641070851715436,False,58814.05035752029,0.8356178961321022,2019-11-26,False,77,0.015719524034743526,True,49695618.03322841,9.446221445011808,zet_Tuc,1-2,0.8513374201668458,5,1.7730000081428443
129.17740342484757,0,1.013593608107546,True,0.0038050639564148913,False,58814.05035752029,0.587625051294527,2019-11-26,False,78,0.014938527991792294,True,84264448.54671438,3.9259597638582893,zet_Tuc,1-3,0.6025635792863193,0,1.5330000451285741
129.17740342484757,0,1.013593608107546,False,0.0033747376399682915,False,58814.05035752029,0.6074553099648042,2019-11-26,False,79,0.00663252842741513,False,81706137.92379713,1.965346386890522,zet_Tuc,1-3,0.6140878383922194,1,1.580999992256693
129.17740342484757,0,1.013593608107546,True,0.004271313500124952,False,58814.05035752029,0.6260371776951809,2019-11-26,False,80,0.016483391296800654,True,79298587.60978557,3.8590918920651576,zet_Tuc,1-3,0.6425205689919815,2,1.6290000530716497
129.17740342484757,0,1.013593608107546,True,0.0027380389978632607,False,58814.05035752029,0.643455181414544,2019-11-26,False,81,0.010089805931897566,True,77028863.09448993,3.6850482917780036,zet_Tuc,1-3,0.6535449873464416,3,1.6770000001997687
129.17740342484757,0,1.013593608107546,True,0.0019355597306862172,False,58814.05035752029,0.6597898811772045,2019-11-26,False,82,0.007474074289878896,True,74885453.54737541,3.861453703228833,zet_Tuc,1-3,0.6672639554670834,4,1.7249999473278876
129.17740342484757,0,1.013593608107546,False,0.002501391304402481,False,58814.05035752029,0.6751172845484179,2019-11-26,False,83,0.006449761991777936,False,72858095.22367482,2.5784698221450886,zet_Tuc,1-3,0.6815670465401958,5,1.7730000081428443
115.09633699795991,0,1.013593608107546,True,0.005699827065874353,False,58814.05035752029,0.6583189212616146,2019-11-26,False,84,0.04312243990822784,True,75079147.82109916,7.565569869024238,zet_Tuc,1-4,0.7014413611698425,0,1.5330000451285741
115.09633699795991,0,1.013593608107546,True,0.0033234204815934284,False,58814.05035752029,0.6755567431583538,2019-11-26,False,85,0.03297788024094961,True,72799707.50263782,9.922873263734061,zet_Tuc,1-4,0.7085346233993034,1,1.580999992256693
115.09633699795991,0,1.013593608107546,True,0.002842051091339752,False,58814.05035752029,0.6916178904233228,2019-11-26,False,86,0.03559938003628538,True,70654593.76808107,12.525946540779362,zet_Tuc,1-4,0.7272172704596082,2,1.6290000530716497
115.09633699795991,0,1.013593608107546,True,0.0036516241306811677,False,58814.05035752029,0.7065956876097332,2019-11-26,False,87,0.031270734075359075,True,68632282.04188988,8.563513920455412,zet_Tuc,1-4,0.7378664216850923,3,1.6770000001997687
115.09633699795991,0,1.013593608107546,True,0.0029624642749194597,False,58814.05035752029,0.7205762355230496,2019-11-26,False,88,0.05649317978515944,True,66722516.23905843,19.06965773847022,zet_Tuc,1-4,0.777069415308209,4,1.7249999473278876
115.09633699795991,0,1.013593608107546,True,0.002322585901187598,False,58814.05035752029,0.7336386169974483,2019-11-26,False,89,0.05245199411991153,True,64916151.42095758,22.583446361700325,zet_Tuc,1-4,0.7860906111173598,5,1.7730000081428443
52.7984634808433,0,1.013593608107546,True,0.003918030729238906,False,58814.05035752029,0.9179645444178278,2019-11-26,False,90,0.01291296593890956,True,34441266.749222465,3.2957796483178576,zet_Tuc,2-3,0.9308775103567374,0,1.5330000451285741
52.7984634808433,0,1.013593608107546,True,0.003360738269637587,False,58814.05035752029,0.9227063968855725,2019-11-26,False,91,-0.011336108499192421,True,33395612.738416053,-3.373100667078986,zet_Tuc,2-3,0.9113702883863801,1,1.580999992256693
52.7984634808433,0,1.013593608107546,False,0.003899167147936979,False,58814.05035752029,0.9270531673098954,2019-11-26,False,92,-0.002517882375747793,False,32411578.735854726,-0.6457487663948919,zet_Tuc,2-3,0.9245352849341476,2,1.6290000530716497
52.7984634808433,0,1.013593608107546,False,0.003904344304366478,False,58814.05035752029,0.9310470514273015,2019-11-26,False,93,-0.003788343979448272,False,31483878.040878836,-0.9702894222754701,zet_Tuc,2-3,0.9272587074478532,3,1.6770000001997687
52.7984634808433,0,1.013593608107546,True,0.004194641722496274,False,58814.05035752029,0.9347248499728237,2019-11-26,False,94,0.029338495928499908,True,30607805.85102672,6.994279337649909,zet_Tuc,2-3,0.9640633459013236,4,1.7249999473278876
52.7984634808433,0,1.013593608107546,True,0.004638224482792574,False,58814.05035752029,0.9381187399957056,2019-11-26,False,95,0.024156935707574823,True,29779167.083111215,5.20822909654223,zet_Tuc,2-3,0.9622756757032804,5,1.7730000081428443
100.52524203801185,0,1.013593608107546,True,0.00518498934446578,False,58814.05035752029,0.728899147561897,2019-11-26,False,96,-0.04492479521044046,True,65574193.78913372,-8.664394895698509,zet_Tuc,2-4,0.6839743523514565,0,1.5330000451285741
100.52524203801185,0,1.013593608107546,True,0.00347814496386583,False,58814.05035752029,0.7431680589770124,2019-11-26,False,97,-0.0567056847486771,True,63583328.608701505,-16.303427642547373,zet_Tuc,2-4,0.6864623742283353,1,1.580999992256693
100.52524203801185,0,1.013593608107546,True,0.0023001312980804297,False,58814.05035752029,0.7563960946658997,2019-11-26,False,98,-0.05007498092844476,True,61709784.38488139,-21.770488045719276,zet_Tuc,2-4,0.706321113737455,2,1.6290000530716497
100.52524203801185,0,1.013593608107546,True,0.002503766943433108,False,58814.05035752029,0.768675481806178,2019-11-26,False,99,-0.05711810351212809,True,59943495.54325404,-22.81286749229505,zet_Tuc,2-4,0.7115573782940499,3,1.6770000001997687
100.52524203801185,0,1.013593608107546,True,0.0029183698271698483,False,58814.05035752029,0.7800895013967629,2019-11-26,False,100,-0.06457990015467185,True,58275504.41014827,-22.128758169522193,zet_Tuc,2-4,0.7155096012420911,4,1.7249999473278876
100.52524203801185,0,1.013593608107546,True,0.0036623275034646115,False,58814.05035752029,0.7907132504926632,2019-11-26,False,101,-0.04746459991881624,True,56697823.78811636,-12.960228126488984,zet_Tuc,2-4,0.7432486505738469,5,1.7730000081428443
83.76023990584694,0,1.013593608107546,False,0.0045214168206179385,False,58814.05035752029,0.8043160922453976,2019-11-26,False,102,0.012300007492883958,False,54638119.66086531,2.7203878741714695,zet_Tuc,3-4,0.8166160997382815,0,1.5330000451285741
83.76023990584694,0,1.013593608107546,False,0.0028530508641431674,False,58814.05035752029,0.8150399779627819,2019-11-26,False,103,0.0076451796498521185,False,52979279.137306616,2.6796506665674644,zet_Tuc,3-4,0.822685157612634,1,1.580999992256693
83.76023990584694,0,1.013593608107546,True,0.0033476053608329885,False,58814.05035752029,0.8249336802677529,2019-11-26,False,104,0.017025863089054738,True,51418193.478820495,5.0859827410534955,zet_Tuc,3-4,0.8419595433568077,2,1.6290000530716497
83.76023990584694,0,1.013593608107546,True,0.0028380663591437987,False,58814.05035752029,0.8340775566157296,2019-11-26,False,105,0.02554787509367973,True,49946475.787638165,9.001859668068908,zet_Tuc,3-4,0.8596254317094093,3,1.6770000001997687
83.76023990584694,0,1.013593608107546,True,0.003028810095043701,False,58814.05035752029,0.8425429749639378,2019-11-26,False,106,0.027825257486440935,True,48556662.29763995,9.186861048823683,zet_Tuc,3-4,0.8703682324503788,4,1.7249999473278876
83.76023990584694,0,1.013593608107546,True,0.0023966237228754106,False,58814.05035752029,0.8503933586833367,2019-11-26,False,107,0.03955456751587516,True,47242097.868675634,16.504287735422462,zet_Tuc,3-4,0.8899479261992118,5,1.7730000081428443
88.6215375415282,0,1.013593608107546,False,0.0036380388732303137,False,58814.06183377453,0.7832471996446779,2019-11-26,False,108,0.0005110433180084417,False,57809220.438800074,0.14047219829585617,zet_Tuc,1-2,0.7837582429626864,0,1.5330000451285741
88.6215375415282,0,1.013593608107546,False,0.0035514203817203858,False,58814.06183377453,0.7949977480077977,2019-11-26,False,109,-0.007174361084972047,False,56054103.71636453,-2.0201385118752486,zet_Tuc,1-2,0.7878233869228256,1,1.580999992256693
88.6215375415282,0,1.013593608107546,False,0.0026208061155600757,False,58814.06183377453,0.8058527168766212,2019-11-26,False,110,0.005936529305595406,False,54402415.38017327,2.265153942655063,zet_Tuc,1-2,0.8117892461822166,2,1.6290000530716497
88.6215375415282,0,1.013593608107546,True,0.003016829710582232,False,58814.06183377453,0.815896877400022,2019-11-26,False,111,0.011966633899741286,True,52845281.771598905,3.9666255797486794,zet_Tuc,1-2,0.8278635112997633,3,1.6770000001997687
88.6215375415282,0,1.013593608107546,True,0.0024703089716436805,False,58814.06183377453,0.8252058316784757,2019-11-26,False,112,0.01609236884436349,True,51374805.94060739,6.5143142129529,zet_Tuc,1-2,0.8412982005228392,4,1.7249999473278876
88.6215375415282,0,1.013593608107546,True,0.002243818733694267,False,58814.06183377453,0.833847013777491,2019-11-26,False,113,0.016320222416423613,True,49983946.49436926,7.273413922145877,zet_Tuc,1-2,0.8501672361939147,5,1.7730000081428443
129.00800913788171,0,1.013593608107546,False,0.003863732044117686,False,58814.06183377453,0.5884828691426461,2019-11-26,False,114,0.0029768034436107316,False,84153949.99356422,0.7704476939964682,zet_Tuc,1-3,0.5914596725862569,0,1.5330000451285741
129.00800913788171,0,1.013593608107546,False,0.003946534100482838,False,58814.06183377453,0.6082841571616974,2019-11-26,False,115,-0.006811578026508225,False,81598994.16175064,-1.7259645686768204,zet_Tuc,1-3,0.6014725791351891,1,1.580999992256693
129.00800913788171,0,1.013593608107546,False,0.004939410283285301,False,58814.06183377453,0.6268375176114787,2019-11-26,False,116,-0.0008700102834344747,False,79194600.94223057,-0.1761364684319792,zet_Tuc,1-3,0.6259675073280442,2,1.6290000530716497
129.00800913788171,0,1.013593608107546,False,0.003427327666706702,False,58814.06183377453,0.6442276441080756,2019-11-26,False,117,-0.007366176334672625,False,76927852.78623371,-2.1492477670659187,zet_Tuc,1-3,0.636861467773403,3,1.6770000001997687
129.00800913788171,0,1.013593608107546,False,0.002781603925664471,False,58814.06183377453,0.6605352152102288,2019-11-26,False,118,-0.0049226647909739185,False,74787253.95773007,-1.7697216866696757,zet_Tuc,1-3,0.6556125504192549,4,1.7249999473278876
129.00800913788171,0,1.013593608107546,False,0.0027288727504674905,False,58814.06183377453,0.6758363195747346,2019-11-26,False,119,-0.0075649662599290846,False,72762554.17111538,-2.7721945842410975,zet_Tuc,1-3,0.6682713533148055,5,1.7730000081428443
113.32382787733184,0,1.013593608107546,True,0.010032467033482399,False,58814.06183377453,0.6670830921273612,2019-11-26,False,120,0.03659413801594624,True,73922912.29047371,3.6475712199020247,zet_Tuc,1-4,0.7036772301433074,0,1.5330000451285741
113.32382787733184,0,1.013593608107546,True,0.006674696589229417,False,58814.06183377453,0.6839719811271638,2019-11-26,False,121,0.030811971769002966,True,71678575.85854588,4.616235563234817,zet_Tuc,1-4,0.7147839528961668,1,1.580999992256693
113.32382787733184,0,1.013593608107546,True,0.003460341905150262,False,58814.06183377453,0.6996976732253722,2019-11-26,False,122,0.036350826283487625,True,69566497.35133398,10.504981091430365,zet_Tuc,1-4,0.7360484995088599,2,1.6290000530716497
113.32382787733184,0,1.013593608107546,True,0.004043540226514552,False,58814.06183377453,0.7143538902207032,2019-11-26,False,123,0.035376792761787734,True,67575329.67431867,8.748965208708162,zet_Tuc,1-4,0.7497306829824909,3,1.6770000001997687
113.32382787733184,0,1.013593608107546,True,0.004251102052220182,False,58814.06183377453,0.7280268308203252,2019-11-26,False,124,0.05966550530704828,True,65694974.68847822,14.03530298123221,zet_Tuc,1-4,0.7876923361273734,4,1.7249999473278876
113.32382787733184,0,1.013593608107546,True,0.0032361537436502463,False,58814.06183377453,0.7407954593220125,2019-11-26,False,125,0.061331312445696895,True,63916428.28926696,18.95191554666922,zet_Tuc,1-4,0.8021267717677094,5,1.7730000081428443
52.081927337142794,0,1.013593608107546,True,0.002247284891307518,False,58814.06183377453,0.9200996932015305,2019-11-26,False,126,-0.021397998728890588,True,33973858.97191845,-9.5217116493142,zet_Tuc,2-3,0.8987016944726399,0,1.5330000451285741
52.081927337142794,0,1.013593608107546,True,0.0032514802628981826,False,58814.06183377453,0.9247224149465038,2019-11-26,False,127,-0.053606607149638275,True,32942395.694007512,-16.48683147836685,zet_Tuc,2-3,0.8711158077968655,1,1.580999992256693
52.081927337142794,0,1.013593608107546,True,0.0031238750429075416,False,58814.06183377453,0.9289595049614716,2019-11-26,False,128,-0.04516856729268015,True,31971716.169644613,-14.459146627913638,zet_Tuc,2-3,0.8837909376687915,2,1.6290000530716497
52.081927337142794,0,1.013593608107546,True,0.0029444803622230495,False,58814.06183377453,0.9328522141446683,2019-11-26,False,129,-0.035246279280541915,True,31056605.4448054,-11.970288453182745,zet_Tuc,2-3,0.8976059348641264,3,1.6770000001997687
52.081927337142794,0,1.013593608107546,False,0.004193233372870273,False,58814.06183377453,0.9364365088511201,2019-11-26,False,130,0.0009937736302807476,False,30192422.566632736,0.23699459150314556,zet_Tuc,2-3,0.9374302824814008,4,1.7249999473278876
52.081927337142794,0,1.013593608107546,True,0.0037277766817678873,False,58814.06183377453,0.9397438284237134,2019-11-26,False,131,-0.01161504299154148,True,29375029.38406458,-3.115809766274164,zet_Tuc,2-3,0.9281287854321719,5,1.7730000081428443
99.9124519208529,0,1.013593608107546,True,0.006938449257286878,False,58814.06183377453,0.7317808355770038,2019-11-26,False,132,-0.03852330666749637,True,65174461.17392198,-5.552149369261228,zet_Tuc,2-4,0.6932575289095074,0,1.5330000451285741
99.9124519208529,0,1.013593608107546,True,0.004863434453891947,False,58814.06183377453,0.7459210927351446,2019-11-26,False,133,-0.05279030042394994,True,63195732.07476082,-10.85453107766358,zet_Tuc,2-4,0.6931307923111947,1,1.580999992256693
99.9124519208529,0,1.013593608107546,True,0.003411856149808678,False,58814.06183377453,0.7590273110639207,2019-11-26,False,134,-0.04716640431244179,True,61333608.757383116,-13.82426522146506,zet_Tuc,2-4,0.711860906751479,2,1.6290000530716497
99.9124519208529,0,1.013593608107546,True,0.0031013918308202804,False,58814.06183377453,0.7711914657263684,2019-11-26,False,135,-0.0549242836239906,True,59578087.00593385,-17.70955964937323,zet_Tuc,2-4,0.7162671821023778,3,1.6770000001997687
99.9124519208529,0,1.013593608107546,True,0.003746640356881879,False,58814.06183377453,0.7824965493825816,2019-11-26,False,136,-0.0637171659265684,True,57920263.75167278,-17.00648043507348,zet_Tuc,2-4,0.7187793834560132,4,1.7249999473278876
99.9124519208529,0,1.013593608107546,True,0.0030870738795114082,False,58814.06183377453,0.7930173514443081,2019-11-26,False,137,-0.04866721113070416,True,56352200.486173555,-15.764835255062547,zet_Tuc,2-4,0.7443501403136039,5,1.7730000081428443
84.32540038196856,0,1.013593608107546,False,0.004996559578038231,False,58814.06183377453,0.8019042851053306,2019-11-26,False,138,-0.014695862625728084,False,55006782.71336653,-2.9411963164257977,zet_Tuc,3-4,0.7872084224796025,0,1.5330000451285741
84.32540038196856,0,1.013593608107546,True,0.002316015727877944,False,58814.06183377453,0.8127470714343721,2019-11-26,False,139,-0.016780955093865235,True,53336749.39593383,-7.245613616467464,zet_Tuc,3-4,0.7959661163405068,1,1.580999992256693
84.32540038196856,0,1.013593608107546,False,0.002300186597955385,False,58814.06183377453,0.8227519375184404,2019-11-26,False,140,-0.0037608092526357773,False,51765130.530821174,-1.6350018107134119,zet_Tuc,3-4,0.8189911282658047,2,1.6290000530716497
84.32540038196856,0,1.013593608107546,True,0.002167441542070938,False,58814.06183377453,0.8319997888368944,2019-11-26,False,141,0.017988160504031514,True,50283482.63084287,8.299259820795102,zet_Tuc,3-4,0.8499879493409259,3,1.6770000001997687
84.32540038196856,0,1.013593608107546,True,0.0022212211092407846,False,58814.06183377453,0.8405625131997854,2019-11-26,False,142,0.0224274512379814,True,48884291.56916375,10.096901719814433,zet_Tuc,3-4,0.8629899644377668,4,1.7249999473278876
84.32540038196856,0,1.013593608107546,True,0.003332711443757104,False,58814.06183377453,0.8485040220651422,2019-11-26,False,143,0.0543166223856989,True,47560857.30100841,16.298027387713326,zet_Tuc,3-4,0.9028206444508411,5,1.7730000081428443
