baseline_m,c_scale,candidate_remove,e_vis2_corrected,highlighted,large_raw_residual,large_sigma_residual,mjd,model_vis2,night,oifits_flag,period,point_id,raw_residual,sequence,spatial_frequency_rad_inv,standardized_residual,star,telescope_pair,vis2_corrected,wavelength_index,wavelength_um
84.7062792654349,1.0611501112936517,False,0.003653507320399238,False,False,False,59672.29721848933,0.7946579944389279,2022-04-02,False,,0,0.004819656808510042,combined,55255235.989461765,1.3191863012288623,HD124850,1-2,0.799477651247438,0,1.5330000451285741
84.7062792654349,1.0611501112936517,False,0.0034691392562399585,False,False,False,59672.29721848933,0.8058565415300271,2022-04-02,False,,1,0.0032788902247157248,combined,53577659.50683312,0.9451595864357327,HD124850,1-2,0.8091354317547428,1,1.580999992256693
84.7062792654349,1.0611501112936517,False,0.00331277382065083,False,False,True,59672.29721848933,0.8161941931193951,2022-04-02,False,,2,0.01251976279612621,combined,51998941.99248942,3.779238630202218,HD124850,1-2,0.8287139559155213,2,1.6290000530716497
84.7062792654349,1.0611501112936517,False,0.0031388734069253592,False,False,False,59672.29721848933,0.8257534549474863,2022-04-02,False,,3,0.005136630438907108,combined,50510601.82191083,1.6364567069108482,HD124850,1-2,0.8308900853863934,3,1.6770000001997687
84.7062792654349,1.0611501112936517,False,0.0030261728079342305,False,False,True,59672.29721848933,0.8346077387339705,2022-04-02,False,,4,0.015223989273917105,combined,49105090.92863987,5.030773270449655,HD124850,1-2,0.8498317280078876,4,1.7249999473278876
84.7062792654349,1.0611501112936517,False,0.002860354266853097,False,False,False,59672.29721848933,0.8428223911264752,2022-04-02,False,,5,0.002585603195558006,combined,47775679.00530456,0.9039450901313121,HD124850,1-2,0.8454079943220332,5,1.7730000081428443
124.89210591677195,1.0611501112936517,False,0.006222908122039964,False,False,False,59672.29721848933,0.5995619683751053,2022-04-02,False,,6,-0.003726880183212211,combined,81469081.6961438,-0.5988968678506671,HD124850,1-3,0.5958350881918931,0,1.5330000451285741
124.89210591677195,1.0611501112936517,False,0.006020879212507222,False,False,False,59672.29721848933,0.6189860460411907,2022-04-02,False,,7,-0.01793190544194745,combined,78995639.80294715,-2.9782868596163423,HD124850,1-3,0.6010541405992432,1,1.580999992256693
124.89210591677195,1.0611501112936517,False,0.005775606558800407,False,False,False,59672.29721848933,0.6371686716155748,2022-04-02,False,,8,-0.010476373608172551,combined,76667956.93546776,-1.813900150835152,HD124850,1-3,0.6266922980074022,2,1.6290000530716497
124.89210591677195,1.0611501112936517,False,0.005660447089272483,False,False,False,59672.29721848933,0.6541966206101427,2022-04-02,False,,9,-0.0153884584201327,combined,74473527.66958526,-2.7185941635770194,HD124850,1-3,0.63880816219001,3,1.6770000001997687
124.89210591677195,1.0611501112936517,False,0.00547405253637618,False,False,False,59672.29721848933,0.670152041141072,2022-04-02,False,,10,-0.011666581226061457,combined,72401223.0320564,-2.1312512345350503,HD124850,1-3,0.6584854599150105,4,1.7249999473278876
124.89210591677195,1.0611501112936517,False,0.005185507365567753,False,False,False,59672.29721848933,0.685112016910647,2022-04-02,False,,11,-0.011046932362278605,combined,70441119.76490743,-2.130347444038216,HD124850,1-3,0.6740650845483684,5,1.7730000081428443
132.32000183425518,1.0611501112936517,False,0.006774027477168404,False,False,False,59672.29721848933,0.5613395348603007,2022-04-02,False,,12,-0.0018239831252506722,combined,86314414.83301286,-0.2692612528364162,HD124850,1-4,0.5595155517350501,0,1.5330000451285741
132.32000183425518,1.0611501112936517,False,0.006686703302866052,False,False,False,59672.29721848933,0.5820292372784244,2022-04-02,False,,13,-0.011087523180528636,combined,83693866.21272768,-1.6581449300698456,HD124850,1-4,0.5709417140978957,1,1.580999992256693
132.32000183425518,1.0611501112936517,False,0.006403615368287947,False,False,False,59672.29721848933,0.6014608823332465,2022-04-02,False,,14,-0.012358887410303776,combined,81227745.5637598,-1.929985906322168,HD124850,1-4,0.5891019949229427,2,1.6290000530716497
132.32000183425518,1.0611501112936517,False,0.0065876245309675055,False,False,False,59672.29721848933,0.6197132420383669,2022-04-02,False,,15,-0.005210403082936632,combined,78902803.70810547,-0.7909380776702213,HD124850,1-4,0.6145028389554302,3,1.6770000001997687
132.32000183425518,1.0611501112936517,False,0.006467202829946314,False,False,False,59672.29721848933,0.6368626867967867,2022-04-02,False,,16,0.005299307678332421,combined,76707249.7823699,0.8194126297993984,HD124850,1-4,0.6421619944751191,4,1.7249999473278876
132.32000183425518,1.0611501112936517,False,0.0060344121500884905,False,False,False,59672.29721848933,0.6529822590603952,2022-04-02,False,,17,0.007181786070471152,combined,74630570.34774397,1.190138474443751,HD124850,1-4,0.6601640451308664,5,1.7730000081428443
58.213192576452705,1.0611501112936517,False,0.0019393243737805892,False,False,True,59672.29721848933,0.8981057744365862,2022-04-02,False,,18,0.012164192472081892,combined,37973379.55823107,6.272386732482805,HD124850,2-3,0.9102699669086681,0,1.5330000451285741
58.213192576452705,1.0611501112936517,False,0.0017937603149144297,False,False,False,59672.29721848933,0.9039443665530584,2022-04-02,False,,19,0.00339768687836417,combined,36820488.84349465,1.8941699457356178,HD124850,2-3,0.9073420534314226,1,1.580999992256693
58.213192576452705,1.0611501112936517,False,0.0017109211841501346,False,False,False,59672.29721848933,0.9093021434985187,2022-04-02,False,,20,-0.0006609855705703716,combined,35735537.5567273,-0.38633315005606333,HD124850,2-3,0.9086411579279483,2,1.6290000530716497
58.213192576452705,1.0611501112936517,False,0.001627597579336028,False,False,True,59672.29721848933,0.9142296962920053,2022-04-02,False,,21,-0.013188875771213415,combined,34712696.82141812,-8.10327806987386,HD124850,2-3,0.9010408205207919,3,1.6770000001997687
58.213192576452705,1.0611501112936517,False,0.0015628907670157542,False,False,True,59672.29721848933,0.9187712689255959,2022-04-02,False,,22,0.009802236315697654,combined,33746779.335632965,6.271862706319799,HD124850,2-3,0.9285735052412936,4,1.7249999473278876
58.213192576452705,1.0611501112936517,False,0.0014852528583533344,False,False,False,59672.29721848933,0.9229656423859351,2022-04-02,False,,23,-0.0035620439645401847,combined,32833159.790805075,-2.39827443825918,HD124850,2-3,0.919403598421395,5,1.7730000081428443
127.12418740038348,1.0611501112936517,False,0.006123610012460305,False,False,False,59672.29721848933,0.5880924198617132,2022-04-02,False,,24,0.0032068820688251343,combined,82925103.49516751,0.5236914274912641,HD124850,2-4,0.5912993019305384,0,1.5330000451285741
127.12418740038348,1.0611501112936517,False,0.0060992868177176035,False,False,False,59672.29721848933,0.6079097223870531,2022-04-02,False,,25,-0.006685829660619924,combined,80407456.05503042,-1.0961658076479521,HD124850,2-4,0.6012238927264332,1,1.580999992256693
127.12418740038348,1.0611501112936517,False,0.005833043348733438,False,False,False,59672.29721848933,0.626478433900983,2022-04-02,False,,26,-0.0034093833078598923,combined,78038172.6573167,-0.5844947661155632,HD124850,2-4,0.6230690505931231,2,1.6290000530716497
127.12418740038348,1.0611501112936517,False,0.005578878786351416,False,False,False,59672.29721848933,0.6438832364858353,2022-04-02,False,,27,-9.5514922108908e-05,combined,75804524.37998813,-0.017120809712263835,HD124850,2-4,0.6437877215637264,3,1.6770000001997687
127.12418740038348,1.0611501112936517,False,0.005561112309280616,False,False,False,59672.29721848933,0.6602048103731669,2022-04-02,False,,28,-0.007408842126978121,combined,73695183.35192142,-1.3322590364905842,HD124850,2-4,0.6527959682461888,4,1.7249999473278876
127.12418740038348,1.0611501112936517,False,0.005406663082828545,False,False,False,59672.29721848933,0.6755192552095908,2022-04-02,False,,29,0.00843713845976568,combined,71700048.96590024,1.5605075312648693,HD124850,2-4,0.6839563936693565,5,1.7730000081428443
96.64932137080929,1.0611501112936517,False,0.00442596077340104,False,False,False,59672.29721848933,0.7400821708310676,2022-04-02,False,,30,-0.006753900647042066,combined,63045869.87973847,-1.5259739055147947,HD124850,3-4,0.7333282701840256,0,1.5330000451285741
96.64932137080929,1.0611501112936517,False,0.00416849327755752,False,False,False,59672.29721848933,0.7538497541056859,2022-04-02,False,,31,-0.006205771210769484,combined,61131765.872341126,-1.4887324502069685,HD124850,3-4,0.7476439828949164,1,1.580999992256693
96.64932137080929,1.0611501112936517,False,0.004025991735955372,False,False,False,59672.29721848933,0.7666033564382254,2022-04-02,False,,32,-0.007043383527753577,combined,59330459.31371635,-1.7494778900936256,HD124850,3-4,0.7595599729104718,2,1.6290000530716497
96.64932137080929,1.0611501112936517,False,0.0038834558877703118,False,False,False,59672.29721848933,0.778434167703374,2022-04-02,False,,33,-0.004253534827915906,combined,57632272.724684656,-1.0952962904280792,HD124850,3-4,0.7741806328754581,3,1.6770000001997687
96.64932137080929,1.0611501112936517,False,0.003749449674242597,False,False,False,59672.29721848933,0.7894243006311756,2022-04-02,False,,34,-0.002944146474917919,combined,56028593.80982822,-0.7852209605967436,HD124850,3-4,0.7864801541562577,4,1.7249999473278876
96.64932137080929,1.0611501112936517,False,0.003665544498249663,False,False,False,59672.29721848933,0.7996476173466146,2022-04-02,False,,35,-0.005072209156881113,combined,54511743.331601046,-1.3837532621151232,HD124850,3-4,0.7945754081897335,5,1.7730000081428443
82.82894517615058,1.0611501112936517,False,0.0033177108451142192,False,False,False,59672.30718056,0.802854083456041,2022-04-02,False,,36,-0.0035660318517701795,combined,54030621.485861495,-1.074847091337585,HD124850,1-2,0.7992880516042709,0,1.5330000451285741
82.82894517615058,1.0611501112936517,False,0.0031522615407651787,False,False,False,59672.30718056,0.8136506863134444,2022-04-02,False,,37,-0.0009604351365414265,combined,52390224.909439705,-0.30468129757668866,HD124850,1-2,0.812690251176903,1,1.580999992256693
82.82894517615058,1.0611501112936517,False,0.0030024135710801543,False,False,False,59672.30718056,0.8236122987015919,2022-04-02,False,,38,0.0005068335816721392,combined,50846496.30303446,0.16880871661188226,HD124850,1-2,0.824119132283264,2,1.6290000530716497
82.82894517615058,1.0611501112936517,False,0.0028583634907825713,False,False,False,59672.30718056,0.8328196303042816,2022-04-02,False,,39,0.004012421614675521,combined,49391142.019250914,1.4037478534883567,HD124850,1-2,0.8368320519189572,3,1.6770000001997687
82.82894517615058,1.0611501112936517,False,0.002740627088539643,False,False,True,59672.30718056,0.8413443806539801,2022-04-02,False,,40,0.011140925455696227,combined,48016781.27843239,4.06510083122353,HD124850,1-2,0.8524853061096763,4,1.7249999473278876
82.82894517615058,1.0611501112936517,False,0.002602675537600514,False,False,False,59672.30718056,0.8492502825386281,2022-04-02,False,,41,0.005272701012497327,combined,46716832.936121084,2.0258771930358983,HD124850,1-2,0.8545229835511254,5,1.7730000081428443
122.58364548148492,1.0611501112936517,False,0.005670270190758345,False,False,False,59672.30718056,0.6113981593453656,2022-04-02,False,,42,0.0016266520303810372,combined,79963236.70766997,0.2868738130031663,HD124850,1-3,0.6130248113757466,0,1.5330000451285741
122.58364548148492,1.0611501112936517,False,0.005548336136001296,False,False,False,59672.30718056,0.6304047466244286,2022-04-02,False,,43,-0.008610332820434108,combined,77535513.01825818,-1.551876564320705,HD124850,1-3,0.6217944138039945,1,1.580999992256693
122.58364548148492,1.0611501112936517,False,0.005296229484197173,False,False,False,59672.30718056,0.6481791479538841,2022-04-02,False,,44,-0.002008807990335093,combined,75250854.19754325,-0.3792902094459748,HD124850,1-3,0.646170339963549,2,1.6290000530716497
122.58364548148492,1.0611501112936517,False,0.005239957319812553,False,False,False,59672.30718056,0.6648100226218249,2022-04-02,False,,45,-0.010812019986132904,combined,73096985.96713324,-2.063379399151228,HD124850,1-3,0.653998002635692,3,1.6770000001997687
122.58364548148492,1.0611501112936517,False,0.005046602041528481,False,False,False,59672.30718056,0.6803807962071143,2022-04-02,False,,46,-0.009929495256588927,combined,71062985.05769418,-1.9675605833150949,HD124850,1-3,0.6704513009505254,4,1.7249999473278876
122.58364548148492,1.0611501112936517,False,0.004743234966998575,False,False,False,59672.30718056,0.6949693647259925,2022-04-02,False,,47,-0.013099904169439625,combined,69139111.6291573,-2.761807977168161,HD124850,1-3,0.6818694605565528,5,1.7730000081428443
132.41428612114154,1.0611501112936517,False,0.006166220657709481,False,False,False,59672.30718056,0.56085377585044,2022-04-02,False,,48,0.00046139642674969394,combined,86375917.95376356,0.07482645405704398,HD124850,1-4,0.5613151722771897,0,1.5330000451285741
132.41428612114154,1.0611501112936517,False,0.00616266130658028,False,False,False,59672.30718056,0.5815587237382991,2022-04-02,False,,49,-0.003934506077860389,combined,83753502.06810285,-0.6384426925522027,HD124850,1-4,0.5776242176604387,1,1.580999992256693
132.41428612114154,1.0611501112936517,False,0.005815204164277837,False,False,False,59672.30718056,0.6010055368605475,2022-04-02,False,,50,-0.004704132714969833,combined,81285624.19102478,-0.8089368115167488,HD124850,1-4,0.5963014041455776,2,1.6290000530716497
132.41428612114154,1.0611501112936517,False,0.006127687096259424,False,False,False,59672.30718056,0.6192728666166905,2022-04-02,False,,51,0.004140097902680662,combined,78959025.70385689,0.6756379426109954,HD124850,1-4,0.6234129645193711,3,1.6770000001997687
132.41428612114154,1.0611501112936517,False,0.005943776274469745,False,False,False,59672.30718056,0.6364369936318841,2022-04-02,False,,52,0.013337065703126316,combined,76761907.34165412,2.2438707460125826,HD124850,1-4,0.6497740593350104,4,1.7249999473278876
132.41428612114154,1.0611501112936517,False,0.005571578019867035,False,False,True,59672.30718056,0.6525708949031098,2022-04-02,False,,53,0.020456536686801252,combined,74683748.1742828,3.6715875850356388,HD124850,1-4,0.6730274315899111,5,1.7730000081428443
58.05885183299665,1.0611501112936517,False,0.0017767354921996244,False,False,True,59672.30718056,0.8986215417992237,2022-04-02,False,,54,0.018789051254216926,combined,37872700.66787715,10.575041325344273,HD124850,2-3,0.9174105930534406,0,1.5330000451285741
58.05885183299665,1.0611501112936517,False,0.0016407784180068044,False,False,True,59672.30718056,0.9044319156747788,2022-04-02,False,,55,0.011620269197750832,combined,36722866.61439157,7.082168481876413,HD124850,2-3,0.9160521848725296,1,1.580999992256693
58.05885183299665,1.0611501112936517,False,0.0015573616089865554,False,False,False,59672.30718056,0.9097636501566017,2022-04-02,False,,56,0.004370151938676403,combined,35640791.860946,2.806125381195351,HD124850,2-3,0.9141338020952781,2,1.6290000530716497
58.05885183299665,1.0611501112936517,False,0.0014832450563325452,False,False,True,59672.30718056,0.9146671274225073,2022-04-02,False,,57,-0.009445594724640904,combined,34620662.98514044,-6.368195656081251,HD124850,2-3,0.9052215326978664,3,1.6770000001997687
58.05885183299665,1.0611501112936517,False,0.0014260675614847088,False,False,True,59672.30718056,0.9191864055906726,2022-04-02,False,,58,0.016500895121971837,combined,33657306.43814381,11.570906994611398,HD124850,2-3,0.9356873007126444,4,1.7249999473278876
58.05885183299665,1.0611501112936517,False,0.001364034638901271,False,False,True,59672.30718056,0.9233601001742232,2022-04-02,False,,59,0.009879652343284584,combined,32746109.17447839,7.242962943552986,HD124850,2-3,0.9332397525175078,5,1.7730000081428443
127.62800971505276,1.0611501112936517,False,0.00584854499247946,False,False,True,59672.30718056,0.5855008927966537,2022-04-02,False,,60,0.022240581412021343,combined,83253754.70184574,3.8027546065936244,HD124850,2-4,0.6077414742086751,0,1.5330000451285741
127.62800971505276,1.0611501112936517,False,0.005742800087426135,False,False,False,59672.30718056,0.6054054728218239,2022-04-02,False,,61,0.014551991444901602,combined,80726129.24740034,2.5339540334623867,HD124850,2-4,0.6199574642667255,1,1.580999992256693
127.62800971505276,1.0611501112936517,False,0.005440736454946302,False,False,False,59672.30718056,0.6240601023111034,2022-04-02,False,,62,0.015630582787563685,combined,78347455.83611052,2.8728799707535098,HD124850,2-4,0.6396906850986671,2,1.6290000530716497
127.62800971505276,1.0611501112936517,False,0.005135042762532216,False,False,False,59672.30718056,0.6415489537651743,2022-04-02,False,,63,0.012578718536247813,combined,76104955.09830016,2.449583989451519,HD124850,2-4,0.6541276723014221,3,1.6770000001997687
127.62800971505276,1.0611501112936517,False,0.005126387396219725,False,False,False,59672.30718056,0.6579523442810677,2022-04-02,False,,64,0.008469161814655624,combined,73987254.26789433,1.6520721436114856,HD124850,2-4,0.6664215060957234,4,1.7249999473278876
127.62800971505276,1.0611501112936517,False,0.004922826823267275,False,False,True,59672.30718056,0.6733461241582489,2022-04-02,False,,65,0.017263689643123192,combined,71984212.70665342,3.5068651128510147,HD124850,2-4,0.6906098138013721,5,1.7730000081428443
96.11129529729526,1.0611501112936517,False,0.0039802019494557415,False,False,True,59672.30718056,0.742622420902042,2022-04-02,False,,66,-0.0182840214357447,combined,62694907.024111874,-4.5937421437233565,HD124850,3-4,0.7243383994662973,0,1.5330000451285741
96.11129529729526,1.0611501112936517,False,0.0037390674764167246,False,False,True,59672.30718056,0.7562746980392427,2022-04-02,False,,67,-0.01974558083797706,combined,60791458.423796445,-5.280883793223203,HD124850,3-4,0.7365291172012657,1,1.580999992256693
96.11129529729526,1.0611501112936517,False,0.0036017526536217207,False,False,True,59672.30718056,0.7689193557414404,2022-04-02,False,,68,-0.01729574617205354,combined,59000179.353013135,-4.802036073926927,HD124850,3-4,0.7516236095693869,2,1.6290000530716497
96.11129529729526,1.0611501112936517,False,0.0035110813762707434,False,False,False,59672.30718056,0.7806473069204368,2022-04-02,False,,69,-0.009124156644523485,combined,57311446.205036506,-2.598674216492985,HD124850,3-4,0.7715231502759133,3,1.6770000001997687
96.11129529729526,1.0611501112936517,False,0.003392552844084513,False,False,False,59672.30718056,0.7915403645791909,2022-04-02,False,,70,-0.0038949377372079486,combined,55716694.6272529,-1.1480846183426232,HD124850,3-4,0.7876454268419829,4,1.7249999473278876
96.11129529729526,1.0611501112936517,False,0.0033760091048691647,False,False,False,59672.30718056,0.8016720817366912,2022-04-02,False,,71,0.008353331643462525,combined,54208288.13078714,2.4743214203464814,HD124850,3-4,0.8100254133801538,5,1.7730000081428443
83.69191395396498,1.115794119532392,False,0.0012903909199597449,False,False,True,59669.31094945932,0.7991006545204057,2022-03-30,False,,72,0.02015300799911035,combined,54593549.56962553,15.617754036690714,HD124850,1-2,0.819253662519516,0,1.5330000451285741
83.69191395396498,1.115794119532392,False,0.0010195112930946552,False,False,True,59669.31094945932,0.8100818370933136,2022-03-30,False,,73,0.013325610878643812,combined,52936062.2162335,13.0705868281212,HD124850,1-2,0.8234074479719574,1,1.580999992256693
83.69191395396498,1.115794119532392,False,0.0009517608207970157,False,False,True,59669.31094945932,0.8202160732128084,2022-03-30,False,,74,0.00821179085191448,combined,51376249.98609125,8.62799841354872,HD124850,1-2,0.8284278640647229,2,1.6290000530716497
83.69191395396498,1.115794119532392,False,0.0008609889932896654,False,False,True,59669.31094945932,0.829584910907659,2022-03-30,False,,75,0.00598577568194103,combined,49905732.82289528,6.952209294883768,HD124850,1-2,0.8355706865896,3,1.6770000001997687
83.69191395396498,1.115794119532392,False,0.0007922777812479712,False,False,True,59669.31094945932,0.8382608468216511,2022-03-30,False,,76,0.01917693297587475,combined,48517053.0489627,24.20480976466088,HD124850,1-2,0.8574377797975259,4,1.7249999473278876
83.69191395396498,1.115794119532392,False,0.0008029112026820875,False,False,True,59669.31094945932,0.846308363531223,2022-03-30,False,,77,0.012722385419196236,combined,47203560.95295755,15.845320599211593,HD124850,1-2,0.8590307489504192,5,1.7730000081428443
123.66838489602443,1.115794119532392,False,0.001958845945034935,False,False,True,59669.31094945932,0.6058401392357264,2022-03-30,False,,78,0.020318586222639934,combined,80670829.25992495,10.372733125921018,HD124850,1-3,0.6261587254583664,0,1.5330000451285741
123.66838489602443,1.115794119532392,False,0.0015698382610204043,False,False,False,59669.31094945932,0.6250442336235775,2022-03-30,False,,79,0.0036606358631161573,combined,78221622.70823433,2.3318554235878555,HD124850,1-3,0.6287048694866937,1,1.580999992256693
123.66838489602443,1.115794119532392,False,0.0015537286202950424,False,False,True,59669.31094945932,0.6430115523764136,2022-03-30,False,,80,0.012355098239571594,combined,75916747.00245391,7.95190233235547,HD124850,1-3,0.6553666506159852,2,1.6290000530716497
123.66838489602443,1.115794119532392,False,0.0014949012676776195,False,False,False,59669.31094945932,0.6598299051588792,2022-03-30,False,,81,-0.00021438830197595404,combined,73743819.24942918,-0.14341301770986764,HD124850,1-3,0.6596155168569032,3,1.6770000001997687
123.66838489602443,1.115794119532392,False,0.0014900749811343245,False,False,False,59669.31094945932,0.6755821476277424,2022-03-30,False,,82,-0.0032721187477521285,combined,71691819.52010667,-2.1959423446337025,HD124850,1-3,0.6723100288799903,4,1.7249999473278876
123.66838489602443,1.115794119532392,False,0.0013779397199245498,False,False,True,59669.31094945932,0.6903458199538565,2022-03-30,False,,83,-0.0052098374954611115,combined,69750921.78683223,-3.7808892654218433,HD124850,1-3,0.6851359824583954,5,1.7730000081428443
132.41024247937844,1.115794119532392,False,0.0023771986603753205,False,False,True,59669.31094945932,0.5608746089757981,2022-03-30,False,,84,0.02094978940975012,combined,86373280.22274981,8.812805492008183,HD124850,1-4,0.5818243983855482,0,1.5330000451285741
132.41024247937844,1.115794119532392,False,0.0016620335335320602,False,False,True,59669.31094945932,0.5815789034629267,2022-03-30,False,,85,0.011450561984612362,combined,83750944.41991632,6.8894891430248535,HD124850,1-4,0.5930294654475391,1,1.580999992256693
132.41024247937844,1.115794119532392,False,0.001994373113118027,False,False,True,59669.31094945932,0.6010250664341004,2022-03-30,False,,86,0.014662456610418095,combined,81283141.90641375,7.351912495197368,HD124850,1-4,0.6156875230445185,2,1.6290000530716497
132.41024247937844,1.115794119532392,False,0.0016174120253130279,False,False,True,59669.31094945932,0.6192917544714359,2022-03-30,False,,87,0.007408982103592643,combined,78956614.46845879,4.580763582587273,HD124850,1-4,0.6267007365750286,3,1.6770000001997687
132.41024247937844,1.115794119532392,False,0.0018059953741769031,False,False,True,59669.31094945932,0.6364552520589285,2022-03-30,False,,88,0.027038070714731965,combined,76759563.20143002,14.971284589837216,HD124850,1-4,0.6634933227736605,4,1.7249999473278876
132.41024247937844,1.115794119532392,False,0.0018277749716144325,False,False,True,59669.31094945932,0.6525885390080969,2022-03-30,False,,89,0.031317070353761634,combined,74681467.49647991,17.13398576964864,HD124850,1-4,0.6839056093618585,5,1.7730000081428443
58.14794709889314,1.115794119532392,False,0.000532251615957425,False,False,True,59669.31094945932,0.8983239450614223,2022-03-30,False,,90,0.023538846779805223,combined,37930818.90876019,44.225035817811595,HD124850,2-3,0.9218627918412275,0,1.5330000451285741
58.14794709889314,1.115794119532392,False,0.0005103472797034803,False,False,True,59669.31094945932,0.9041506025342576,2022-03-30,False,,91,0.008425258535858737,combined,36779220.356537595,16.508873214243337,HD124850,2-3,0.9125758610701163,1,1.580999992256693
58.14794709889314,1.115794119532392,False,0.000466243575370086,False,False,True,59669.31094945932,0.9094973648645901,2022-03-30,False,,92,0.004487436664064703,combined,35695485.08561993,9.624661659954779,HD124850,2-3,0.9139848015286548,2,1.6290000530716497
58.14794709889314,1.115794119532392,False,0.0004592999155051923,False,False,False,59669.31094945932,0.9144147347906322,2022-03-30,False,,93,-0.0006239516511794552,combined,34673790.75251425,-1.3584841410065565,HD124850,2-3,0.9137907831394527,3,1.6770000001997687
58.14794709889314,1.115794119532392,False,0.00045394280524989523,False,False,True,59669.31094945932,0.9189468777275346,2022-03-30,False,,94,0.015731666029247582,combined,33708955.86922612,34.65561266157156,HD124850,2-3,0.9346785437567822,4,1.7249999473278876
58.14794709889314,1.115794119532392,False,0.0004219888035112125,False,False,True,59669.31094945932,0.9231325047054144,2022-03-30,False,,95,0.01392780742709987,combined,32796360.311245058,33.00515869428701,HD124850,2-3,0.9370603121325143,5,1.7730000081428443
127.40074296021226,1.115794119532392,False,0.0015314746613618385,False,False,True,59669.31094945932,0.5866699951755356,2022-03-30,False,,96,0.005994245930116104,combined,83105505.02921025,3.9140353290506424,HD124850,2-4,0.5926642411056517,0,1.5330000451285741
127.40074296021226,1.115794119532392,False,0.002128321785017543,False,False,True,59669.31094945932,0.6065352744510879,2022-03-30,False,,97,0.015494782256531336,combined,80582380.50865677,7.280281753261112,HD124850,2-4,0.6220300567076192,1,1.580999992256693
127.40074296021226,1.115794119532392,False,0.001673775508209424,False,False,True,59669.31094945932,0.6251512048761463,2022-03-30,False,,98,0.009245862189188991,combined,78207942.79287152,5.523955956961071,HD124850,2-4,0.6343970670653353,2,1.6290000530716497
127.40074296021226,1.115794119532392,False,0.0016037653819332375,False,False,True,59669.31094945932,0.6426021905062621,2022-03-30,False,,99,0.008600765835270696,combined,75969435.26835775,5.36285789190874,HD124850,2-4,0.6512029563415328,3,1.6770000001997687
127.40074296021226,1.115794119532392,False,0.001561850423165609,False,False,True,59669.31094945932,0.6589687136961517,2022-03-30,False,,100,0.007189367741647246,combined,73855505.42048565,4.603109001357251,HD124850,2-4,0.666158081437799,4,1.7249999473278876
127.40074296021226,1.115794119532392,False,0.0015246790514113974,False,False,True,59669.31094945932,0.6743267384678313,2022-03-30,False,,101,0.0149552650928787,combined,71856030.668415,9.808795548830156,HD124850,2-4,0.68928200356071,5,1.7730000081428443
96.34342628272202,1.115794119532392,False,0.0011565301470499998,False,False,True,59669.31094945932,0.7415272855434087,2022-03-30,False,,102,-0.017812376077234182,combined,62846329.71073501,-15.401566593546054,HD124850,3-4,0.7237149094661746,0,1.5330000451285741
96.34342628272202,1.115794119532392,False,0.0011005981546563831,False,False,True,59669.31094945932,0.7552293251985882,2022-03-30,False,,103,-0.024769415747175394,combined,60938283.84224279,-22.505412754311436,HD124850,3-4,0.7304599094514128,1,1.580999992256693
96.34342628272202,1.115794119532392,False,0.0012558635010352498,False,False,True,59669.31094945932,0.7679209935796367,2022-03-30,False,,104,-0.019295866583102006,combined,59142678.41861419,-15.364620890085416,HD124850,3-4,0.7486251269965347,2,1.6290000530716497
96.34342628272202,1.115794119532392,False,0.0010608074246379147,False,False,True,59669.31094945932,0.7796933245331022,2022-03-30,False,,105,-0.008154071944782126,combined,57449866.589889884,-7.686665605272658,HD124850,3-4,0.7715392525883201,3,1.6770000001997687
96.34342628272202,1.115794119532392,False,0.0009740391746985528,False,False,True,59669.31094945932,0.7906282615500577,2022-03-30,False,,106,-0.016678798923709492,combined,55851263.318565816,-17.12333482775092,HD124850,3-4,0.7739494626263482,4,1.7249999473278876
96.34342628272202,1.115794119532392,False,0.0008693364616014129,False,False,True,59669.31094945932,0.800799491966391,2022-03-30,False,,107,-0.009671525040083617,combined,54339213.671881706,-11.1251804879639,HD124850,3-4,0.7911279669263074,5,1.7730000081428443
81.41892591378343,1.115794119532392,False,0.0011091592477616395,False,False,False,59669.32216997062,0.808934024673643,2022-03-30,False,,108,-0.0013212993865859834,combined,53110843.78145256,-1.1912621106955177,HD124850,1-2,0.807612725287057,0,1.5330000451285741
81.41892591378343,1.115794119532392,False,0.0009320201111461012,False,False,False,59669.32216997062,0.8194298299993317,2022-03-30,False,,109,-0.0011965101163006198,combined,51498372.114200585,-1.2837814356058008,HD124850,1-2,0.818233319883031,1,1.580999992256693
81.41892591378343,1.115794119532392,False,0.0009024569968055279,False,False,True,59669.32216997062,0.8291103423783514,2022-03-30,False,,110,-0.01160651933239143,combined,49980922.81228569,-12.861022047006788,HD124850,1-2,0.8175038230459599,2,1.6290000530716497
81.41892591378343,1.115794119532392,False,0.0008306701121555224,False,False,False,59669.32216997062,0.838054856837337,2022-03-30,False,,111,-0.0016461486364729438,combined,48550343.41328836,-1.9817116474809957,HD124850,1-2,0.8364087082008641,3,1.6770000001997687
81.41892591378343,1.115794119532392,False,0.0007786343145012425,False,False,True,59669.32216997062,0.846333735192294,2022-03-30,False,,112,0.008312927342287502,combined,47199378.78253589,10.676292050668717,HD124850,1-2,0.8546466625345815,4,1.7249999473278876
81.41892591378343,1.115794119532392,False,0.0007587088159609933,False,False,True,59669.32216997062,0.8540094573992181,2022-03-30,False,,113,0.004554926098012335,combined,45921559.80815077,6.00352335730143,HD124850,1-2,0.8585643834972304,5,1.7730000081428443
120.73801450780986,1.115794119532392,False,0.0018124365147264485,False,False,False,59669.32216997062,0.6208370025565971,2022-03-30,False,,114,0.003871531373171422,combined,78759302.64417145,2.136092128863202,HD124850,1-3,0.6247085339297686,0,1.5330000451285741
120.73801450780986,1.115794119532392,False,0.001588667582304937,False,False,True,59669.32216997062,0.6395023217123788,2022-03-30,False,,115,-0.0054270461260615965,combined,76368130.99250585,-3.416099243485351,HD124850,1-3,0.6340752755863172,1,1.580999992256693
120.73801450780986,1.115794119532392,False,0.001554660791210843,False,False,True,59669.32216997062,0.6569442086610828,2022-03-30,False,,116,-0.004883340109859247,combined,74117870.21132733,-3.1410968472780945,HD124850,1-3,0.6520608685512236,2,1.6290000530716497
120.73801450780986,1.115794119532392,False,0.0014605348312559014,False,False,True,59669.32216997062,0.6732526239005058,2022-03-30,False,,117,-0.013842953972712069,combined,71996430.8249417,-9.478003315270907,HD124850,1-3,0.6594096699277937,3,1.6770000001997687
120.73801450780986,1.115794119532392,False,0.001436229780969677,False,False,True,59669.32216997062,0.6885118397681351,2022-03-30,False,,118,-0.019395816789912423,combined,69993054.02579239,-13.504675259426282,HD124850,1-3,0.6691160229782227,4,1.7249999473278876
120.73801450780986,1.115794119532392,False,0.001378038110825837,False,False,True,59669.32216997062,0.7028002532470246,2022-03-30,False,,119,-0.023969601160337417,combined,68098146.61776495,-17.394004543149247,HD124850,1-3,0.6788306520866871,5,1.7730000081428443
132.30167808772936,1.115794119532392,False,0.0019774706388598477,False,False,True,59669.32216997062,0.5614339399584483,2022-03-30,False,,120,0.01038898501541019,combined,86302461.96544182,5.253673461063461,HD124850,1-4,0.5718229249738584,0,1.5330000451285741
132.30167808772936,1.115794119532392,False,0.0016056705922941979,False,False,False,59669.32216997062,0.5821206769799503,2022-03-30,False,,121,0.0025480768348633553,combined,83682276.24016882,1.586923773214678,HD124850,1-4,0.5846687538148136,1,1.580999992256693
132.30167808772936,1.115794119532392,False,0.0017018301173038714,False,False,False,59669.32216997062,0.6015493720764443,2022-03-30,False,,122,0.0015947795730910652,combined,81216497.10094284,0.9370968094145605,HD124850,1-4,0.6031441516495354,2,1.6290000530716497
132.30167808772936,1.115794119532392,False,0.0016829146975893894,False,False,False,59669.32216997062,0.6197988206472479,2022-03-30,False,,123,-0.0013618650206170813,combined,78891877.20451355,-0.8092299761644601,HD124850,1-4,0.6184369556266308,3,1.6770000001997687
132.30167808772936,1.115794119532392,False,0.001681014981145265,False,False,True,59669.32216997062,0.6369454104954242,2022-03-30,False,,124,0.013201175404834675,combined,76696627.32029143,7.853098010965254,HD124850,1-4,0.6501465859002589,4,1.7249999473278876
132.30167808772936,1.115794119532392,False,0.0016545655010203556,False,False,True,59669.32216997062,0.6530621967523201,2022-03-30,False,,125,0.024121655692255994,combined,74620235.46537417,14.578846033826032,HD124850,1-4,0.6771838524445761,5,1.7730000081428443
57.85821495906764,1.115794119532392,False,0.0005614397818500238,False,False,True,59669.32216997062,0.8992903400210552,2022-03-30,False,,126,0.02078556666470721,combined,37741822.08469212,37.02189858405797,HD124850,2-3,0.9200759066857624,0,1.5330000451285741
57.85821495906764,1.115794119532392,False,0.0005036128384340859,False,False,True,59669.32216997062,0.9050641020725932,2022-03-30,False,,127,0.0031139621498227354,combined,36595961.57017166,6.183246160890512,HD124850,2-3,0.908178064222416,1,1.580999992256693
57.85821495906764,1.115794119532392,False,0.0004937283594359926,False,False,False,59669.32216997062,0.9103620500930782,2022-03-30,False,,128,8.085797308088338e-05,combined,35517626.19649394,0.16377016133578182,HD124850,2-3,0.9104429080661591,2,1.6290000530716497
57.85821495906764,1.115794119532392,False,0.0004483467250906786,False,False,True,59669.32216997062,0.9152342947298022,2022-03-30,False,,129,-0.0023039825762705135,combined,34501022.63099309,-5.1388410962621185,HD124850,2-3,0.9129303121535317,3,1.6770000001997687
57.85821495906764,1.115794119532392,False,0.0005263506616494204,False,False,True,59669.32216997062,0.9197246524903736,2022-03-30,False,,130,0.010451917651255305,combined,33540995.203329105,19.857327847755,HD124850,2-3,0.9301765701416289,4,1.7249999473278876
57.85821495906764,1.115794119532392,False,0.0004115274590362387,False,False,True,59669.32216997062,0.9238715238405529,2022-03-30,False,,131,0.01879350741174235,combined,32632946.809555914,45.667687535979006,HD124850,2-3,0.9426650312522953,5,1.7730000081428443
127.98503039597355,1.115794119532392,False,0.0016944155981309654,False,False,False,59669.32216997062,0.583663989602057,2022-03-30,False,,132,0.0021851954974146937,combined,83486644.89780842,1.2896455272396488,HD124850,2-4,0.5858491850994717,0,1.5330000451285741
127.98503039597355,1.115794119532392,False,0.0018383934903744704,False,False,True,59669.32216997062,0.6036300785049851,2022-03-30,False,,133,0.0102985054037662,combined,80951948.78103058,5.601904846643279,HD124850,2-4,0.6139285839087513,1,1.580999992256693
127.98503039597355,1.115794119532392,False,0.0016533014983654188,False,False,True,59669.32216997062,0.6223453101857702,2022-03-30,False,,134,0.00693518348366251,combined,78566621.37895232,4.194748199598903,HD124850,2-4,0.6292804936694327,2,1.6290000530716497
127.98503039597355,1.115794119532392,False,0.001609329534908013,False,False,True,59669.32216997062,0.6398934877785932,2022-03-30,False,,135,0.006445871366116629,combined,76317847.573481,4.005314776308425,HD124850,2-4,0.6463393591447099,3,1.6770000001997687
127.98503039597355,1.115794119532392,False,0.0015493776607862966,False,False,True,59669.32216997062,0.6563546639463927,2022-03-30,False,,136,0.00519797790088683,combined,74194222.78489275,3.3548811451488842,HD124850,2-4,0.6615526418472796,4,1.7249999473278876
127.98503039597355,1.115794119532392,False,0.0015329215839216166,False,False,True,59669.32216997062,0.6718045061991709,2022-03-30,False,,137,0.011239299508141065,combined,72185578.00799641,7.33194680408112,HD124850,2-4,0.6830438057073119,5,1.7730000081428443
95.77896348336513,1.115794119532392,False,0.0012634341317354092,False,False,True,59669.32216997062,0.7441880047182017,2022-03-30,False,,138,-0.024519960753091485,combined,62478121.76374206,-19.40739143987801,HD124850,3-4,0.7196680439651102,0,1.5330000451285741
95.77896348336513,1.115794119532392,False,0.0011347289335356104,False,False,True,59669.32216997062,0.7577690044019441,2022-03-30,False,,139,-0.03153154142937942,combined,60581254.87189398,-27.787730177226408,HD124850,3-4,0.7262374629725646,1,1.580999992256693
95.77896348336513,1.115794119532392,False,0.0014482258063238144,False,False,True,59669.32216997062,0.7703463430947034,2022-03-30,False,,140,-0.026104802808555427,combined,58796169.65190633,-18.02536779455686,HD124850,3-4,0.744241540286148,2,1.6290000530716497
95.77896348336513,1.115794119532392,False,0.0010438620306059783,False,False,True,59669.32216997062,0.7820107567907296,2022-03-30,False,,141,-0.012675365306811681,combined,57113275.77337847,-12.142759229831775,HD124850,3-4,0.7693353914839179,3,1.6770000001997687
95.77896348336513,1.115794119532392,False,0.0011393244742379685,False,False,True,59669.32216997062,0.7928438686045541,2022-03-30,False,,142,-0.013850759620462227,combined,55524038.49735277,-12.156992967017793,HD124850,3-4,0.7789931089840919,4,1.7249999473278876
95.77896348336513,1.115794119532392,False,0.0009403912876547807,False,False,False,59669.32216997062,0.8029190367582525,2022-03-30,False,,143,0.001015826590399116,combined,54020847.74026045,1.0802169306911185,HD124850,3-4,0.8039348633486516,5,1.7730000081428443
86.3877613957401,1.0590691564860701,False,0.0014896744343459454,False,False,False,59669.34082757713,0.81205529080321,2022-03-30,False,,0,0.0016593176741508397,combined,56352093.18502967,1.1138794060592023,HD141004,1-2,0.8137146084773609,0,1.5330000451285741
86.3877613957401,1.0590691564860701,False,0.0014167960954845702,False,False,False,59669.34082757713,0.8223945601014256,2022-03-30,False,,1,0.0013012017523620356,combined,54641215.57169121,0.9184114471440583,HD141004,1-2,0.8236957618537877,1,1.580999992256693
86.3877613957401,1.0590691564860701,False,0.0013523505107633632,False,False,True,59669.34082757713,0.8319290364772122,2022-03-30,False,,2,0.005272340889027283,combined,53031159.35008532,3.8986496822123407,HD141004,1-2,0.8372013773662395,2,1.6290000530716497
86.3877613957401,1.0590691564860701,False,0.0012825326995454308,False,False,False,59669.34082757713,0.8407372220443113,2022-03-30,False,,3,0.0026878485050058076,combined,51513274.52918865,2.0957348736281456,HD141004,1-2,0.8434250705493171,3,1.6770000001997687
86.3877613957401,1.0590691564860701,False,0.0012305436260819256,False,False,True,59669.34082757713,0.8488887371887653,2022-03-30,False,,4,0.00581028911963799,combined,50079863.207856394,4.721725419957732,HD141004,1-2,0.8546990263084033,4,1.7249999473278876
86.3877613957401,1.0590691564860701,False,0.0011646937313971855,False,False,False,59669.34082757713,0.8564453737203906,2022-03-30,False,,5,-0.002040743505955289,combined,48724061.477150396,-1.752171794989555,HD141004,1-2,0.8544046302144354,5,1.7730000081428443
128.58798508670384,1.0590691564860701,False,0.0027398584161894457,False,False,False,59669.34082757713,0.6241161444146935,2022-03-30,False,,6,-0.005159716712250906,combined,83879961.70992875,-1.8832055998816768,HD141004,1-3,0.6189564277024426,0,1.5330000451285741
128.58798508670384,1.0590691564860701,False,0.0025787027418315823,False,False,False,59669.34082757713,0.6426558539336138,2022-03-30,False,,7,-0.00748772344308235,combined,81333324.29885688,-2.903678396744568,HD141004,1-3,0.6351681304905314,1,1.580999992256693
128.58798508670384,1.0590691564860701,False,0.0024598308394301518,False,False,False,59669.34082757713,0.6599763315428867,2022-03-30,False,,8,0.0017004581769114457,combined,78936759.29858796,0.6912906975771458,HD141004,1-3,0.6616767897197982,2,1.6290000530716497
128.58798508670384,1.0590691564860701,False,0.002343033166496547,False,False,False,59669.34082757713,0.6761678179907673,2022-03-30,False,,9,-0.006401160793713223,combined,76677391.2172845,-2.731997517254375,HD141004,1-3,0.6697666571970541,3,1.6770000001997687
128.58798508670384,1.0590691564860701,False,0.002256393791310713,False,False,False,59669.34082757713,0.6913147330116989,2022-03-30,False,,10,-0.0057503767063251665,combined,74543761.74671376,-2.54848100028889,HD141004,1-3,0.6855643563053737,4,1.7249999473278876
128.58798508670384,1.0590691564860701,False,0.0021747573080225266,False,False,False,59669.34082757713,0.7054955224711448,2022-03-30,False,,11,-0.006178188970551668,combined,72525653.97413352,-2.840863643846954,HD141004,1-3,0.6993173335005931,5,1.7730000081428443
125.73076787545422,1.0590691564860701,False,0.0027643341366453346,False,False,False,59669.34082757713,0.6376971264259202,2022-03-30,False,,12,-0.003109879909955704,combined,82016154.06013185,-1.125001449256676,HD141004,1-4,0.6345872465159645,0,1.5330000451285741
125.73076787545422,1.0590691564860701,False,0.0024842443148401783,False,False,True,59669.34082757713,0.6557299374670872,2022-03-30,False,,13,-0.01114996165029325,combined,79526102.77751376,-4.488270973867791,HD141004,1-4,0.6445799758167939,1,1.580999992256693
125.73076787545422,1.0590691564860701,False,0.0023843514634139407,False,False,True,59669.34082757713,0.6725587403778142,2022-03-30,False,,14,-0.007451211281476633,combined,77182789.30585405,-3.1250473748563503,HD141004,1-4,0.6651075290963375,2,1.6290000530716497
125.73076787545422,1.0590691564860701,False,0.002274214561067575,False,False,True,59669.34082757713,0.6882752538808801,2022-03-30,False,,15,-0.013891631859807796,combined,74973624.24596114,-6.1083206912925165,HD141004,1-4,0.6743836220210723,3,1.6770000001997687
125.73076787545422,1.0590691564860701,False,0.0022456567037647695,False,False,False,59669.34082757713,0.7029647804487518,2022-03-30,False,,16,0.0026400210567366633,combined,72887403.89251463,1.175612039146836,HD141004,1-4,0.7056048015054884,4,1.7249999473278876
125.73076787545422,1.0590691564860701,False,0.0021416788377851717,False,False,False,59669.34082757713,0.7167062014423294,2022-03-30,False,,17,0.0013018532564113006,combined,70914138.3519523,0.6078657702746967,HD141004,1-4,0.7180080546987407,5,1.7730000081428443
56.50023984644995,1.0590691564860701,False,0.0007266036883371499,False,False,True,59669.34082757713,0.9155893809118544,2022-03-30,False,,18,0.018123896527384997,combined,36855993.5963415,24.943303782096088,HD141004,2-3,0.9337132774392394,0,1.5330000451285741
56.50023984644995,1.0590691564860701,False,0.0006800192474294535,False,False,True,59669.34082757713,0.9204633388911545,2022-03-30,False,,19,0.007469662038984359,combined,35737027.27588408,10.984486199795803,HD141004,2-3,0.9279330009301389,1,1.580999992256693
56.50023984644995,1.0590691564860701,False,0.0006450385930995417,False,False,True,59669.34082757713,0.9249317822700305,2022-03-30,False,,20,0.008849532668361526,combined,34684001.23125401,13.719384798105986,HD141004,2-3,0.933781314938392,2,1.6290000530716497
56.50023984644995,1.0590691564860701,False,0.000599001425718568,False,False,True,59669.34082757713,0.9290379432697471,2022-03-30,False,,21,-0.007600398415926191,combined,33691258.10358944,-12.688447956210918,HD141004,2-3,0.9214375448538209,3,1.6770000001997687
56.50023984644995,1.0590691564860701,False,0.0005823909946556449,False,False,True,59669.34082757713,0.9328195390371611,2022-03-30,False,,22,0.01789532169226038,combined,32753763.22994774,30.72733242182341,HD141004,2-3,0.9507148607294215,4,1.7249999473278876
56.50023984644995,1.0590691564860701,False,0.0005503990013778765,False,False,True,59669.34082757713,0.9363095577162315,2022-03-30,False,,23,0.011647373110828974,combined,31867027.40381371,21.16169012238536,HD141004,2-3,0.9479569308270605,5,1.7730000081428443
113.27977339282407,1.0590691564860701,False,0.0024633267731852967,False,False,False,59669.34082757713,0.6958955449568135,2022-03-30,False,,24,-0.0013990836885159341,combined,73894174.85850315,-0.5679651208868228,HD141004,2-4,0.6944964612682976,0,1.5330000451285741
113.27977339282407,1.0590691564860701,False,0.002117620328118328,False,False,True,59669.34082757713,0.7115952308457754,2022-03-30,False,,25,-0.008354854871703288,combined,71650710.90932164,-3.9453979359591966,HD141004,2-4,0.7032403759740721,1,1.580999992256693
113.27977339282407,1.0590691564860701,False,0.002038995000338389,False,False,True,59669.34082757713,0.7261832057567511,2022-03-30,False,,26,-0.0073230521065319465,combined,69539453.46976706,-3.5915007664641756,HD141004,2-4,0.7188601536502192,2,1.6290000530716497
113.27977339282407,1.0590691564860701,False,0.0019450590485545097,False,False,True,59669.34082757713,0.7397533753706107,2022-03-30,False,,27,-0.015048048048764251,combined,67549059.8564877,-7.736550754049015,HD141004,2-4,0.7247053273218464,3,1.6770000001997687
113.27977339282407,1.0590691564860701,False,0.0018639393480365711,False,False,True,59669.34082757713,0.7523913157985086,2022-03-30,False,,28,-0.01776169456676835,combined,65669435.856099695,-9.529116162217452,HD141004,2-4,0.7346296212317402,4,1.7249999473278876
113.27977339282407,1.0590691564860701,False,0.0018035702531979843,False,False,True,59669.34082757713,0.7641748066630488,2022-03-30,False,,29,-0.008347001428050893,combined,63891580.86439079,-4.628043411810814,HD141004,2-4,0.7558278052349979,5,1.7730000081428443
88.57806094927713,1.0590691564860701,False,0.0015046384067502476,False,False,True,59669.34082757713,0.803263332570157,2022-03-30,False,,30,-0.027129069820348684,combined,57780859.97502238,-18.03029199483394,HD141004,3-4,0.7761342627498083,0,1.5330000451285741
88.57806094927713,1.0590691564860701,False,0.0014302322818239837,False,False,True,59669.34082757713,0.8140383827435822,2022-03-30,False,,31,-0.023051994592878877,combined,56026604.290391095,-16.117657869867497,HD141004,3-4,0.7909863881507033,1,1.580999992256693
88.57806094927713,1.0590691564860701,False,0.001379770072720199,False,False,True,59669.34082757713,0.823980006778012,2022-03-30,False,,32,-0.017932814283224685,combined,54375726.25136135,-12.996958433712344,HD141004,3-4,0.8060471924947873,2,1.6290000530716497
88.57806094927713,1.0590691564860701,False,0.0012978871077337043,False,False,True,59669.34082757713,0.8331687783558729,2022-03-30,False,,33,-0.01915356791182976,combined,52819356.55260911,-14.757499167454261,HD141004,3-4,0.8140152104440431,3,1.6770000001997687
88.57806094927713,1.0590691564860701,False,0.001230352790159618,False,False,True,59669.34082757713,0.8416762734697738,2022-03-30,False,,34,-0.022102531247186863,combined,51349602.11824298,-17.96438503164562,HD141004,3-4,0.8195737422225869,4,1.7249999473278876
88.57806094927713,1.0590691564860701,False,0.0011768170549908493,False,False,True,59669.34082757713,0.8495661129918975,2022-03-30,False,,35,-0.018766125476965878,combined,49959425.00985071,-15.946510460040708,HD141004,3-4,0.8307999875149317,5,1.7730000081428443
84.742334186574,1.0590691564860701,False,0.001582841381800545,False,False,False,59669.35051926783,0.8185663024714956,2022-03-30,False,,36,0.00043786851171057073,combined,55278755.180640966,0.2766344857704427,HD141004,1-2,0.8190041709832062,0,1.5330000451285741
84.742334186574,1.0590691564860701,False,0.0014973909985401713,False,False,False,59669.35051926783,0.8285798624844455,2022-03-30,False,,37,-0.002504382122194837,combined,53600464.64365519,-1.6724971130695967,HD141004,1-2,0.8260754803622506,1,1.580999992256693
84.742334186574,1.0590691564860701,False,0.001428921417263388,False,False,False,59669.35051926783,0.8378103822010567,2022-03-30,False,,38,0.0027490483380041564,combined,52021075.153916344,1.9238625055176384,HD141004,1-2,0.8405594305390609,2,1.6290000530716497
84.742334186574,1.0590691564860701,False,0.001360459597997234,False,False,True,59669.35051926783,0.8463347353338428,2022-03-30,False,,39,0.00582241695214647,combined,50532101.47673182,4.279742640441357,HD141004,1-2,0.8521571522859893,3,1.6770000001997687
84.742334186574,1.0590691564860701,False,0.0013091053015589665,False,False,True,59669.35051926783,0.8542210167158971,2022-03-30,False,,40,0.010940458150706545,combined,49125992.33283698,8.357202539534402,HD141004,1-2,0.8651614748666037,4,1.7249999473278876
84.742334186574,1.0590691564860701,False,0.0012427946487714588,False,False,True,59669.35051926783,0.861529600057272,2022-03-30,False,,41,0.006501021130189022,combined,47796014.55012888,5.230969683217967,HD141004,1-2,0.868030621187461,5,1.7730000081428443
127.57168341681498,1.0590691564860701,False,0.002771213899153588,False,False,False,59669.35051926783,0.6289540680575705,2022-03-30,False,,42,0.001514750454324476,combined,83217012.17309189,0.5466017815467533,HD141004,1-3,0.630468818511895,0,1.5330000451285741
127.57168341681498,1.0590691564860701,False,0.002692094806885898,False,False,False,59669.35051926783,0.6473149012692475,2022-03-30,False,,43,2.6235597490376072e-05,combined,80690502.24011783,0.009745421083711502,HD141004,1-3,0.6473411368667379,1,1.580999992256693
127.57168341681498,1.0590691564860701,False,0.0026473078924066913,False,False,False,59669.35051926783,0.6644616447263652,2022-03-30,False,,44,0.004802154928996161,combined,78312878.6130272,1.813976735675607,HD141004,1-3,0.6692637996553613,2,1.6290000530716497
127.57168341681498,1.0590691564860701,False,0.0025329362892374504,False,False,False,59669.35051926783,0.6804851078585851,2022-03-30,False,,45,-0.0016353475297478104,combined,76071367.56208605,-0.6456331083795785,HD141004,1-3,0.6788497603288373,3,1.6770000001997687
127.57168341681498,1.0590691564860701,False,0.0024297169922239256,False,False,False,59669.35051926783,0.6954700607576679,2022-03-30,False,,46,-0.00031224907144611347,combined,73954601.34038264,-0.12851252736241975,HD141004,1-3,0.6951578116862218,4,1.7249999473278876
127.57168341681498,1.0590691564860701,False,0.0023307225799327085,False,False,False,59669.35051926783,0.7094951349388375,2022-03-30,False,,47,-0.004081037625284112,combined,71952443.78506342,-1.7509752814090545,HD141004,1-3,0.7054140973135534,5,1.7730000081428443
127.5513498161976,1.0590691564860701,False,0.002792089021003338,False,False,False,59669.35051926783,0.6290507847121135,2022-03-30,False,,48,0.002488096983090937,combined,83203748.24613899,0.8911238017034423,HD141004,1-4,0.6315388816952044,0,1.5330000451285741
127.5513498161976,1.0590691564860701,False,0.002664951640324978,False,False,False,59669.35051926783,0.6474080227171276,2022-03-30,False,,49,-0.0017978864175475229,combined,80677641.01259288,-0.6746412919253871,HD141004,1-4,0.6456101362995801,1,1.580999992256693
127.5513498161976,1.0590691564860701,False,0.0024797211636765175,False,False,False,59669.35051926783,0.6645512769471976,2022-03-30,False,,50,-4.1589168046862746e-05,combined,78300396.35400024,-0.01677171153598627,HD141004,1-4,0.6645096877791508,2,1.6290000530716497
127.5513498161976,1.0590691564860701,False,0.002498799134455615,False,False,False,59669.35051926783,0.6805713677244499,2022-03-30,False,,51,-0.0002715089700756623,combined,76059242.57662693,-0.10865578042342844,HD141004,1-4,0.6802998587543743,3,1.6770000001997687
127.5513498161976,1.0590691564860701,False,0.002337184152866037,False,False,True,59669.35051926783,0.6955530717391487,2022-03-30,False,,52,0.013451560331543044,combined,73942813.74546191,5.755455904083422,HD141004,1-4,0.7090046320706918,4,1.7249999473278876
127.5513498161976,1.0590691564860701,False,0.002330195213692846,False,False,True,59669.35051926783,0.7095750238729289,2022-03-30,False,,53,0.01538382511171088,combined,71940975.31325068,6.6019469190012225,HD141004,1-4,0.7249588489846398,5,1.7730000081428443
57.157006221315235,1.0590691564860701,False,0.0007669448223122661,False,False,True,59669.35051926783,0.9136893924057627,2022-03-30,False,,54,0.02265693744967101,combined,37284412.61495294,29.54180899398015,HD141004,2-3,0.9363463298554338,0,1.5330000451285741
57.157006221315235,1.0590691564860701,False,0.0007244229113738133,False,False,True,59669.35051926783,0.918668919495479,2022-03-30,False,,55,0.009196671395779066,combined,36152439.279730976,12.695169149659105,HD141004,2-3,0.9278655908912581,1,1.580999992256693
57.157006221315235,1.0590691564860701,False,0.0006908227498210318,False,False,True,59669.35051926783,0.9232346071681297,2022-03-30,False,,56,0.01394565665320302,combined,35087172.71895709,20.18702577009205,HD141004,2-3,0.9371802638213327,2,1.6290000530716497
57.157006221315235,1.0590691564860701,False,0.0006375114292373682,False,False,False,59669.35051926783,0.9274305130286663,2022-03-30,False,,57,-0.0018382644266686787,combined,34082889.81187033,-2.883500345817686,HD141004,2-3,0.9255922486019976,3,1.6770000001997687
57.157006221315235,1.0590691564860701,False,0.0006131933481629478,False,False,True,59669.35051926783,0.9312950842753006,2022-03-30,False,,58,0.030301881501820893,combined,33134497.371929973,49.41652024210898,HD141004,2-3,0.9615969657771215,4,1.7249999473278876
57.157006221315235,1.0590691564860701,False,0.0005848684840739929,False,False,True,59669.35051926783,0.9348619554266863,2022-03-30,False,,59,0.01737380847555836,combined,32237454.009481482,29.705496104933506,HD141004,2-3,0.9522357639022446,5,1.7730000081428443
113.99032430677423,1.0590691564860701,False,0.002439510534654775,False,False,True,59669.35051926783,0.6926285018108352,2022-03-30,False,,60,0.009499798057151843,combined,74357678.3764633,3.8941410263252654,HD141004,2-4,0.7021282998679871,0,1.5330000451285741
113.99032430677423,1.0590691564860701,False,0.0023312926735192226,False,False,False,59669.35051926783,0.7084658033195406,2022-03-30,False,,61,0.003122912686418289,combined,72100142.22964437,1.3395626906441007,HD141004,2-4,0.7115887160059589,1,1.580999992256693
113.99032430677423,1.0590691564860701,False,0.0022570652862647016,False,False,False,59669.35051926783,0.7231850794512078,2022-03-30,False,,62,0.003837533381122249,combined,69975641.86191005,1.7002314485431305,HD141004,2-4,0.72702261283233,2,1.6290000530716497
113.99032430677423,1.0590691564860701,False,0.0021600971606910366,False,False,False,59669.35051926783,0.7368802902969622,2022-03-30,False,,63,-0.004293855301303329,combined,67972763.44257328,-1.9878065577058033,HD141004,2-4,0.7325864349956589,3,1.6770000001997687
113.99032430677423,1.0590691564860701,False,0.0020788973259562265,False,False,False,59669.35051926783,0.7496371457288439,2022-03-30,False,,64,-0.006173908459401134,combined,66081349.44198173,-2.9697996059335603,HD141004,2-4,0.7434632372694427,4,1.7249999473278876
113.99032430677423,1.0590691564860701,False,0.0020022831628209695,False,False,False,59669.35051926783,0.7615336127332357,2022-03-30,False,,65,0.004389546547577283,combined,64292342.79935233,2.19227061840392,HD141004,2-4,0.765923159280813,5,1.7730000081428443
87.46244269335658,1.0590691564860701,False,0.0016524520456029713,False,False,True,59669.35051926783,0.8077590151634513,2022-03-30,False,,66,-0.009642602445071757,combined,57053124.66968716,-5.835329667042302,HD141004,3-4,0.7981164127183795,0,1.5330000451285741
87.46244269335658,1.0590691564860701,False,0.0015859591279637083,False,False,True,59669.35051926783,0.8183118146954628,2022-03-30,False,,67,-0.00895134216368243,combined,55320963.391349636,-5.64411907334302,HD141004,3-4,0.8093604725317803,1,1.580999992256693
87.46244269335658,1.0590691564860701,False,0.001537906689782742,False,False,True,59669.35051926783,0.8280457228380976,2022-03-30,False,,68,-0.005396295886846758,combined,53690877.74333525,-3.508857801775403,HD141004,3-4,0.8226494269512509,2,1.6290000530716497
87.46244269335658,1.0590691564860701,False,0.0014346965229480428,False,False,False,59669.35051926783,0.8370402722949304,2022-03-30,False,,69,0.0021973876850945873,combined,52154110.12697545,1.5316045239862655,HD141004,3-4,0.839237659980025,3,1.6770000001997687
87.46244269335658,1.0590691564860701,False,0.0013528456919292271,False,False,False,59669.35051926783,0.845366054090528,2022-03-30,False,,70,-0.000593772542971438,combined,50702866.877671696,-0.43890633389583994,HD141004,3-4,0.8447722815475566,4,1.7249999473278876
87.46244269335658,1.0590691564860701,False,0.0012850684027714218,False,False,True,59669.35051926783,0.8530857661744149,2022-03-30,False,,71,0.012697210791376423,combined,49330198.69806455,9.88057193219691,HD141004,3-4,0.8657829769657913,5,1.7730000081428443
88.74817035328546,1.0619182093460233,False,0.002705883696255353,False,False,False,59671.317120989945,0.8025746752087155,2022-04-01,False,,72,0.0021504052038919808,combined,57891825.01024784,0.7947145721258849,HD141004,1-2,0.8047250804126075,0,1.5330000451285741
88.74817035328546,1.0619182093460233,False,0.002598840464478979,False,False,False,59671.317120989945,0.8133836621596937,2022-04-01,False,,73,0.0006628165393810503,combined,56134200.371884756,0.25504318115730634,HD141004,1-2,0.8140464786990748,1,1.580999992256693
88.74817035328546,1.0619182093460233,False,0.0025054269087163776,False,False,False,59671.317120989945,0.8233570162682675,2022-04-01,False,,74,0.00435700470453082,combined,54480151.910333894,1.73902686578994,HD141004,1-2,0.8277140209727983,2,1.6290000530716497
88.74817035328546,1.0619182093460233,False,0.0024119903755420178,False,False,True,59671.317120989945,0.8325754672899971,2022-04-01,False,,75,0.012459369643943341,combined,52920793.287247196,5.165596749590469,HD141004,1-2,0.8450348369339404,3,1.6770000001997687
88.74817035328546,1.0619182093460233,False,0.0022971663679154184,False,False,True,59671.317120989945,0.8411107393173035,2022-04-01,False,,76,0.012847739728587548,combined,51448216.26850533,5.592864281852746,HD141004,1-2,0.8539584790458911,4,1.7249999473278876
88.74817035328546,1.0619182093460233,False,0.0021971137751397927,False,False,True,59671.317120989945,0.8490265923097023,2022-04-01,False,,77,0.008685729590523716,combined,50055369.399713695,3.953245247834779,HD141004,1-2,0.8577123219002261,5,1.7730000081428443
129.22251390190021,1.0619182093460233,False,0.0038100624032883787,False,False,False,59671.317120989945,0.6210918729198672,2022-04-01,False,,78,0.010464435478585332,combined,84293874.81920277,2.746526006910993,HD141004,1-3,0.6315563083984526,0,1.5330000451285741
129.22251390190021,1.0619182093460233,False,0.0033920311606364033,False,False,False,59671.317120989945,0.6397424385850319,2022-04-01,False,,79,0.0034752969228804,combined,81734670.79999802,1.0245474638353187,HD141004,1-3,0.6432177355079123,1,1.580999992256693
129.22251390190021,1.0619182093460233,False,0.0037922316093442665,False,False,False,59671.317120989945,0.6571707168570352,2022-04-01,False,,80,0.00829704283371524,combined,79326279.73721528,2.1879050881994844,HD141004,1-3,0.6654677596907504,2,1.6290000530716497
129.22251390190021,1.0619182093460233,False,0.003892582667707392,False,False,False,59671.317120989945,0.6734665692531985,2022-04-01,False,,81,-0.0008980798361724052,combined,77055762.60376081,-0.23071567461439318,HD141004,1-3,0.6725684894170261,3,1.6770000001997687
129.22251390190021,1.0619182093460233,False,0.0034615424930531697,False,False,False,59671.317120989945,0.6887141762614517,2022-04-01,False,,82,0.0008396418668696892,combined,74911604.54936387,0.24256292348128983,HD141004,1-3,0.6895538181283214,4,1.7249999473278876
129.22251390190021,1.0619182093460233,False,0.003258008570980668,False,False,False,59671.317120989945,0.7029918504760104,2022-04-01,False,,83,0.000749864112418841,combined,72883538.24502026,0.2301602638795791,HD141004,1-3,0.7037417145884293,5,1.7730000081428443
121.57303951992385,1.0619182093460233,False,0.004562611358985476,False,False,False,59671.317120989945,0.6573312787204216,2022-04-01,False,,84,0.00019645531187240106,combined,79304002.5708071,0.04305764756524958,HD141004,1-4,0.657527734032294,0,1.5330000451285741
121.57303951992385,1.0619182093460233,False,0.0032439574403271203,False,False,False,59671.317120989945,0.6746055710426564,2022-04-01,False,,85,0.00804629524441558,combined,76896293.5580996,2.4803948240468263,HD141004,1-4,0.682651866287072,1,1.580999992256693
121.57303951992385,1.0619182093460233,False,0.003942587769508406,False,False,False,59671.317120989945,0.6907021497259743,2022-04-01,False,,86,0.004277476357732679,combined,74630469.95651424,1.084941314639656,HD141004,1-4,0.694979626083707,2,1.6290000530716497
121.57303951992385,1.0619182093460233,False,0.0037356910850414697,False,False,True,59671.317120989945,0.7057142210164936,2022-04-01,False,,87,0.01452019800921489,combined,72494358.67945245,3.8868840272572225,HD141004,1-4,0.7202344190257085,3,1.6770000001997687
121.57303951992385,1.0619182093460233,False,0.0035902966156397794,False,False,True,59671.317120989945,0.7197278124364684,2022-04-01,False,,88,0.01910520664855897,combined,70477126.51136404,5.3213449176690055,HD141004,1-4,0.7388330190850274,4,1.7249999473278876
121.57303951992385,1.0619182093460233,False,0.00347989378750992,False,False,True,59671.317120989945,0.7328219675216696,2022-04-01,False,,89,0.017159960177171363,combined,68569113.90951847,4.931173542928843,HD141004,1-4,0.749981927698841,5,1.7730000081428443
54.84855126527084,1.0619182093460233,False,0.0010735247257331786,False,False,True,59671.317120989945,0.9202846871565581,2022-04-01,False,,90,0.01986011016947342,combined,35778571.20067511,18.49990940442446,HD141004,2-3,0.9401447973260315,0,1.5330000451285741
54.84855126527084,1.0619182093460233,False,0.0010917685808097752,False,False,True,59671.317120989945,0.9248969527817669,2022-04-01,False,,91,0.008390841668703075,combined,34692315.96072365,7.6855496816729305,HD141004,2-3,0.9332877944504699,1,1.580999992256693
54.84855126527084,1.0619182093460233,False,0.001036709285251005,False,False,True,59671.317120989945,0.929124431315332,2022-04-01,False,,92,0.004227040538859361,combined,33670073.34459454,4.07736344122347,HD141004,2-3,0.9333514718541913,2,1.6290000530716497
54.84855126527084,1.0619182093460233,False,0.0009587926972560254,False,False,True,59671.317120989945,0.9330082870864963,2022-04-01,False,,93,-0.009239543374285009,combined,32706351.3767067,-9.636643458724409,HD141004,2-3,0.9237687437122113,3,1.6770000001997687
54.84855126527084,1.0619182093460233,False,0.000937970560280549,False,False,True,59671.317120989945,0.9365844103584392,2022-04-01,False,,94,0.01723704698226891,combined,31796262.57394038,18.376959482729685,HD141004,2-3,0.9538214573407081,4,1.7249999473278876
54.84855126527084,1.0619182093460233,False,0.0008837192388497978,False,False,False,59671.317120989945,0.9398841734775334,2022-04-01,False,,95,-0.001853531279358278,combined,30935448.964110713,-2.0974209883341866,HD141004,2-3,0.9380306421981751,5,1.7730000081428443
112.23536248956206,1.0619182093460233,False,0.0043339708133294285,False,False,False,59671.317120989945,0.7006834624187018,2022-04-01,False,,96,-0.0022718024320432795,combined,73212889.22737688,-0.5241849864461923,HD141004,2-4,0.6984116599866586,0,1.5330000451285741
112.23536248956206,1.0619182093460233,False,0.0038791730491895154,False,False,False,59671.317120989945,0.7161800925282928,2022-04-01,False,,97,0.004517990186565624,combined,70990109.44924748,1.1646786903485984,HD141004,2-4,0.7206980827148585,1,1.580999992256693
112.23536248956206,1.0619182093460233,False,0.003732464500957707,False,False,False,59671.317120989945,0.7305745035271758,2022-04-01,False,,98,0.0036439341981787665,combined,68898317.27011338,0.9762810060869367,HD141004,2-4,0.7342184377253546,2,1.6290000530716497
112.23536248956206,1.0619182093460233,False,0.0035081893314498932,False,False,False,59671.317120989945,0.7439604834899912,2022-04-01,False,,99,-0.003017079569756498,combined,66926274.58329892,-0.8600104739813386,HD141004,2-4,0.7409434039202347,3,1.6770000001997687
112.23536248956206,1.0619182093460233,False,0.0031856650969144897,False,False,False,59671.317120989945,0.7564233807790246,2022-04-01,False,,100,-0.007018412952311537,combined,65063980.24151846,-2.2031232847135427,HD141004,2-4,0.7494049678267131,4,1.7249999473278876
112.23536248956206,1.0619182093460233,False,0.0032540796050711707,False,False,False,59671.317120989945,0.7680406738453527,2022-04-01,False,,101,-0.0009471297288297098,combined,63302516.6238576,-0.29105917610426585,HD141004,2-4,0.767093544116523,5,1.7730000081428443
90.78944521604605,1.0619182093460233,False,0.0029043912815312125,False,False,True,59671.317120989945,0.794247096578952,2022-04-01,False,,102,-0.01972511728695736,combined,59223380.65452011,-6.791480683882979,HD141004,3-4,0.7745219792919946,0,1.5330000451285741
90.78944521604605,1.0619182093460233,False,0.0027005978047979157,False,False,True,59671.317120989945,0.8054641773972048,2022-04-01,False,,103,-0.017456622826062085,combined,57425329.32366097,-6.463984675929319,HD141004,3-4,0.7880075545711427,1,1.580999992256693
90.78944521604605,1.0619182093460233,False,0.0026172240727846486,False,False,True,59671.317120989945,0.8158193581430132,2022-04-01,False,,104,-0.019532464586444975,combined,55733236.49981046,-7.463046358756365,HD141004,3-4,0.7962868935565682,2,1.6290000530716497
90.78944521604605,1.0619182093460233,False,0.0024889006471733293,False,False,True,59671.317120989945,0.8253951845618648,2022-04-01,False,,105,-0.009686372679789668,combined,54138011.45213534,-3.8918277797832483,HD141004,3-4,0.8157088118820751,3,1.6770000001997687
90.78944521604605,1.0619182093460233,False,0.0023881522999451483,False,False,True,59671.317120989945,0.8342651130511227,2022-04-01,False,,106,-0.014706946033202772,combined,52631564.05116621,-6.1582948598129885,HD141004,3-4,0.81955816701792,4,1.7249999473278876
90.78944521604605,1.0619182093460233,False,0.0022467388100375824,False,False,True,59671.317120989945,0.8424945372255392,2022-04-01,False,,107,-0.016530066293482415,combined,51206680.653738305,-7.357360018722384,HD141004,3-4,0.8259644709320568,5,1.7730000081428443
86.14851598970019,1.0619182093460233,False,0.001889745872744359,False,False,True,59671.33688624496,0.8130070626214855,2022-04-01,False,,108,-0.012511632641716286,combined,56196029.650132746,-6.620801676125071,HD141004,1-2,0.8004954299797692,0,1.5330000451285741
86.14851598970019,1.0619182093460233,False,0.0018057876270925416,False,False,True,59671.33688624496,0.8232988779416597,2022-04-01,False,,109,-0.012989787776224171,combined,54489890.20343588,-7.193419415071936,HD141004,1-2,0.8103090901654355,1,1.580999992256693
86.14851598970019,1.0619182093460233,False,0.0017450624233065167,False,False,False,59671.33688624496,0.8327890511063819,2022-04-01,False,,110,-0.0016354627896907337,combined,52884292.93004513,-0.9371944337623663,HD141004,1-2,0.8311535883166912,2,1.6290000530716497
86.14851598970019,1.0619182093460233,False,0.0016715778927182368,False,False,False,59671.33688624496,0.8415558511920372,2022-04-01,False,,111,0.002007656843055483,combined,51370611.79453664,1.20105491452195,HD141004,1-2,0.8435635080350927,3,1.6770000001997687
86.14851598970019,1.0619182093460233,False,0.0016032693436208187,False,False,True,59671.33688624496,0.8496686796792315,2022-04-01,False,,112,0.006626232683907829,combined,49941170.21461282,4.132950405540197,HD141004,1-2,0.8562949123631394,4,1.7249999473278876
86.14851598970019,1.0619182093460233,False,0.0015253868747810142,False,False,True,59671.33688624496,0.8571891244497576,2022-04-01,False,,113,0.005125386753765393,combined,48589123.290494375,3.3600569393264235,HD141004,1-2,0.862314511203523,5,1.7730000081428443
128.46021550260912,1.0619182093460233,False,0.0033546749460279216,False,False,False,59671.33688624496,0.6247247787270722,2022-04-01,False,,114,0.001103433331996695,combined,83796615.6040361,0.32892406857576684,HD141004,1-3,0.6258282120590689,0,1.5330000451285741
128.46021550260912,1.0619182093460233,False,0.003280327861349545,False,False,False,59671.33688624496,0.6432420887115172,2022-04-01,False,,115,-0.004564763958720519,combined,81252508.62224683,-1.3915572319781933,HD141004,1-3,0.6386773247527967,1,1.580999992256693
128.46021550260912,1.0619182093460233,False,0.002962032894734393,False,False,False,59671.33688624496,0.6605407965091965,2022-04-01,False,,116,-0.0005133430568688979,combined,78858324.93398878,-0.17330768263292012,HD141004,1-3,0.6600274534523276,2,1.6290000530716497
128.46021550260912,1.0619182093460233,False,0.0028057681766962372,False,False,False,59671.33688624496,0.6767112169805409,2022-04-01,False,,117,-0.008243492423206211,combined,76601201.84096995,-2.938051864610154,HD141004,1-3,0.6684677245573347,3,1.6770000001997687
128.46021550260912,1.0619182093460233,False,0.002720534872986211,False,False,False,59671.33688624496,0.6918378161257265,2022-04-01,False,,118,-0.006764397849263748,combined,74469692.4203392,-2.486422032825761,HD141004,1-3,0.6850734182764627,4,1.7249999473278876
128.46021550260912,1.0619182093460233,False,0.0026397607795150824,False,False,False,59671.33688624496,0.7059990650283294,2022-04-01,False,,119,-0.007881471198431522,combined,72453589.9112413,-2.9856763005166433,HD141004,1-3,0.6981175938298979,5,1.7730000081428443
126.03321120886721,1.0619182093460233,False,0.002993368191972297,False,False,False,59671.33688624496,0.6362626357257357,2022-04-01,False,,120,0.004302927893097386,combined,82213442.5953632,1.4374870103307387,HD141004,1-4,0.6405655636188331,0,1.5330000451285741
126.03321120886721,1.0619182093460233,False,0.003177591950332391,False,False,False,59671.33688624496,0.6543496830349038,2022-04-01,False,,121,0.0020439063520711898,combined,79717401.53456263,0.6432249275610695,HD141004,1-4,0.656393589386975,1,1.580999992256693
126.03321120886721,1.0619182093460233,False,0.002745669791567694,False,False,False,59671.33688624496,0.6712309987842209,2022-04-01,False,,122,0.002085324484482176,combined,77368451.26015706,0.7594957306543113,HD141004,1-4,0.673316323268703,2,1.6290000530716497
126.03321120886721,1.0619182093460233,False,0.002680712068437206,False,False,False,59671.33688624496,0.6869981629551416,2022-04-01,False,,123,0.0064795743716874465,combined,75153972.08935826,2.4171094120768033,HD141004,1-4,0.693477737326829,3,1.6770000001997687
126.03321120886721,1.0619182093460233,False,0.002601193812693604,False,False,True,59671.33688624496,0.7017363995535968,2022-04-01,False,,124,0.013907848901042574,combined,73062733.36651346,5.346717662164756,HD141004,1-4,0.7156442484546394,4,1.7249999473278876
126.03321120886721,1.0619182093460233,False,0.0025298118669038086,False,False,True,59671.33688624496,0.7155245564901035,2022-04-01,False,,125,0.02127198131026553,combined,71084721.16753265,8.408523016496055,HD141004,1-4,0.736796537800369,5,1.7730000081428443
56.61297058619901,1.0619182093460233,False,0.0008582774036439752,False,False,True,59671.33688624496,0.9152645842731726,2022-04-01,False,,126,0.017062716899476693,combined,36929529.627933465,19.880188884192663,HD141004,2-3,0.9323273011726493,0,1.5330000451285741
56.61297058619901,1.0619182093460233,False,0.0007888057678432454,False,False,False,59671.33688624496,0.9201566022959816,2022-04-01,False,,127,-0.0007589660036567691,combined,35808330.71693479,-0.9621709609603081,HD141004,2-3,0.9193976362923248,1,1.580999992256693
56.61297058619901,1.0619182093460233,False,0.0007452707200874969,False,False,False,59671.33688624496,0.9246416800548176,2022-04-01,False,,128,-0.000998833006465305,combined,34753203.64750716,-1.3402284291378563,HD141004,2-3,0.9236428470483523,2,1.6290000530716497
56.61297058619901,1.0619182093460233,False,0.0006954601992333818,False,False,True,59671.33688624496,0.9287631913333795,2022-04-01,False,,129,-0.013701362279448848,combined,33758479.77307998,-19.70114507566659,HD141004,2-3,0.9150618290539306,3,1.6770000001997687
56.61297058619901,1.0619182093460233,False,0.0006784551065496786,False,False,True,59671.33688624496,0.9325589784546916,2022-04-01,False,,130,0.012581511862735706,combined,32819114.385420922,18.54435428560585,HD141004,2-3,0.9451404903174273,4,1.7249999473278876
56.61297058619901,1.0619182093460233,False,0.0006374096619125988,False,False,False,59671.33688624496,0.9360621403635596,2022-04-01,False,,131,0.0003880678211967137,combined,31930609.321033858,0.6088201111233317,HD141004,2-3,0.9364502081847563,5,1.7730000081428443
113.38403038536208,1.0619182093460233,False,0.002828649268892051,False,False,True,59671.33688624496,0.6954166639622668,2022-04-01,False,,132,0.008672904035825435,combined,73962183.3317379,3.066093817711982,HD141004,2-4,0.7040895679980922,0,1.5330000451285741
113.38403038536208,1.0619182093460233,False,0.002772524299370437,False,False,True,59671.33688624496,0.7111365692789032,2022-04-01,False,,133,0.014322344050252678,combined,71716654.61143969,5.165813714781466,HD141004,2-4,0.7254589133291559,1,1.580999992256693
113.38403038536208,1.0619182093460233,False,0.002649909789494928,False,False,True,59671.33688624496,0.7257438298023642,2022-04-01,False,,134,0.015632241965243487,combined,69603454.0769748,5.899160049604174,HD141004,2-4,0.7413760717676077,2,1.6290000530716497
113.38403038536208,1.0619182093460233,False,0.0025218244715783625,False,False,True,59671.33688624496,0.7393323605005551,2022-04-01,False,,135,0.010061127721680885,combined,67611228.6057576,3.9896225272902575,HD141004,2-4,0.749393488222236,3,1.6770000001997687
113.38403038536208,1.0619182093460233,False,0.0023672025466329547,False,False,False,59671.33688624496,0.7519877581903173,2022-04-01,False,,136,0.0033580222232775236,combined,65729874.694199085,1.4185614273074707,HD141004,2-4,0.7553457804135948,4,1.7249999473278876
113.38403038536208,1.0619182093460233,False,0.002320326405449554,False,False,True,59671.33688624496,0.7637878308794507,2022-04-01,False,,137,0.011116302345109852,combined,63950383.45438469,4.790835599251008,HD141004,2-4,0.7749041332245605,5,1.7730000081428443
88.40047563449193,1.0619182093460233,False,0.0020138775266659403,False,False,True,59671.33688624496,0.8039813688193709,2022-04-01,False,,138,-0.020547506499304702,combined,57665018.285813354,-10.202957343350452,HD141004,3-4,0.7834338623200662,0,1.5330000451285741
88.40047563449193,1.0619182093460233,False,0.0019127707294695475,False,False,True,59671.33688624496,0.814721003823728,2022-04-01,False,,139,-0.02129552289215164,combined,55914279.61255746,-11.133337918683724,HD141004,3-4,0.7934254809315764,1,1.580999992256693
88.40047563449193,1.0619182093460233,False,0.001816611111207247,False,False,True,59671.33688624496,0.824629519129254,2022-04-01,False,,140,-0.02502982610332527,combined,54266711.328709655,-13.77830728266957,HD141004,3-4,0.7995996930259287,2,1.6290000530716497
88.40047563449193,1.0619182093460233,False,0.0017396966194503027,False,False,True,59671.33688624496,0.8337873247286224,2022-04-01,False,,141,-0.017597895476641368,combined,52713461.91053156,-10.115496736552737,HD141004,3-4,0.816189429251981,3,1.6770000001997687
88.40047563449193,1.0619182093460233,False,0.001645830452663426,False,False,True,59671.33688624496,0.8422658414096698,2022-04-01,False,,142,-0.023199227953698665,combined,51246654.10652838,-14.095758111751824,HD141004,3-4,0.8190666134559711,4,1.7249999473278876
88.40047563449193,1.0619182093460233,False,0.0015830734370963766,False,False,True,59671.33688624496,0.8501285443758546,2022-04-01,False,,143,-0.018537441259281362,combined,49859264.088266045,-11.709779739139679,HD141004,3-4,0.8315911031165732,5,1.7730000081428443
77.61711082689538,1.0689710426582555,False,0.0024557685684808038,False,False,False,59672.371858660925,0.8170983531603215,2022-04-02,False,,0,0.005428806254131557,combined,50630860.1056731,2.2106343096857635,HD142860,1-2,0.8225271594144531,0,1.5330000451285741
77.61711082689538,1.0689710426582555,False,0.0023714447317329684,False,False,False,59672.371858660925,0.8271869981790055,2022-04-02,False,,1,0.0066923683015488455,combined,49093681.9778892,2.822063787528499,HD142860,1-2,0.8338793664805544,1,1.580999992256693
77.61711082689538,1.0689710426582555,False,0.0023245307445742196,False,False,True,59672.371858660925,0.8364873948845176,2022-04-02,False,,2,0.012975833979098517,combined,47647089.194711946,5.5821305050001735,HD142860,1-2,0.8494632288636161,2,1.6290000530716497
77.61711082689538,1.0689710426582555,False,0.0022325617963547136,False,False,True,59672.371858660925,0.8450768365126058,2022-04-02,False,,3,0.010148212456389749,combined,46283309.9687832,4.545546050711593,HD142860,1-2,0.8552250489689955,3,1.6770000001997687
77.61711082689538,1.0689710426582555,False,0.002175390959585576,False,False,True,59672.371858660925,0.8530238047742534,2022-04-02,False,,4,0.01473759091010629,combined,44995427.940231666,6.774686106498247,HD142860,1-2,0.8677613956843597,4,1.7249999473278876
77.61711082689538,1.0689710426582555,False,0.0020835497269385663,False,False,False,59672.371858660925,0.8603890283807357,2022-04-02,False,,5,0.0015519820686360486,combined,43777276.06904898,0.744874023677098,HD142860,1-2,0.8619410104493718,5,1.7730000081428443
123.47970402766148,1.0689710426582555,False,0.00543416695400828,False,False,False,59672.371858660925,0.591412452140413,2022-04-02,False,,6,0.000697083501801754,combined,80547749.76689914,0.1282778957108744,HD142860,1-3,0.5921095356422148,0,1.5330000451285741
123.47970402766148,1.0689710426582555,False,0.004244890855430703,False,False,False,59672.371858660925,0.6111184304852708,2022-04-02,False,,7,0.005551293762369625,combined,78102279.96991234,1.307758892143852,HD142860,1-3,0.6166697242476404,1,1.580999992256693
123.47970402766148,1.0689710426582555,False,0.004205441191768225,False,False,False,59672.371858660925,0.6295774817229638,2022-04-02,False,,8,0.008971805658759324,combined,75800920.81324835,2.1333803635920128,HD142860,1-3,0.6385492873817231,2,1.6290000530716497
123.47970402766148,1.0689710426582555,False,0.004022500569134302,False,False,False,59672.371858660925,0.6468749517272561,2022-04-02,False,,9,-0.005537494009679733,combined,73631308.29633409,-1.3766297641249254,HD142860,1-3,0.6413374577175763,3,1.6770000001997687
123.47970402766148,1.0689710426582555,False,0.003921803294717013,False,False,False,59672.371858660925,0.663091995453397,2022-04-02,False,,10,-0.00647697764259203,combined,71582439.30322306,-1.6515304710251646,HD142860,1-3,0.656615017810805,4,1.7249999473278876
123.47970402766148,1.0689710426582555,False,0.0038354566624686872,False,False,False,59672.371858660925,0.6783050402010892,2022-04-02,False,,11,-0.007925301586479416,combined,69644502.79783256,-2.0663254167440663,HD142860,1-3,0.6703797386146098,5,1.7730000081428443
128.27745026603665,1.0689710426582555,False,0.004413335022693358,False,False,False,59672.371858660925,0.5661147565826071,2022-04-02,False,,12,-0.005365635600652063,combined,83677394.97051215,-1.215777993980058,HD142860,1-4,0.5607491209819551,0,1.5330000451285741
128.27745026603665,1.0689710426582555,False,0.004389880353957724,False,False,True,59672.371858660925,0.586654966941961,2022-04-02,False,,13,-0.018870861292402563,combined,81136907.58653045,-4.298718819384091,HD142860,1-4,0.5677841056495584,1,1.580999992256693
128.27745026603665,1.0689710426582555,False,0.004433681908705057,False,False,False,59672.371858660925,0.60593782228623,2022-04-02,False,,14,-0.00966676721229065,combined,78746130.19450559,-2.180302378777105,HD142860,1-4,0.5962710550739394,2,1.6290000530716497
128.27745026603665,1.0689710426582555,False,0.004325888788814147,False,False,False,59672.371858660925,0.6240432881743921,2022-04-02,False,,15,-0.010792856615470803,combined,76492218.39639589,-2.494945464936338,HD142860,1-4,0.6132504315589213,3,1.6770000001997687
128.27745026603665,1.0689710426582555,False,0.004370956253985675,False,False,False,59672.371858660925,0.6410486244832501,2022-04-02,False,,16,0.0011528192366667689,combined,74363741.5553229,0.26374531559668796,HD142860,1-4,0.6422014437199168,4,1.7249999473278876
128.27745026603665,1.0689710426582555,False,0.004201555833124018,False,False,False,59672.371858660925,0.6570275231640241,2022-04-02,False,,17,0.001706049612731242,combined,72350507.43197842,0.4060518723281439,HD142860,1-4,0.6587335727767554,5,1.7730000081428443
57.61707096813957,1.0689710426582555,False,0.0016094333107475245,False,False,True,59672.371858660925,0.8954091182238533,2022-04-02,False,,18,0.041227290619525014,combined,37584520.073061824,25.61602916021193,HD142860,2-3,0.9366364088433783,0,1.5330000451285741
57.61707096813957,1.0689710426582555,False,0.0014698761297551534,False,False,True,59672.371858660925,0.9013950956723844,2022-04-02,False,,19,0.016769548732935347,combined,36443435.32595337,11.408817650320477,HD142860,2-3,0.9181646444053198,1,1.580999992256693
57.61707096813957,1.0689710426582555,False,0.0014070687886306005,False,False,True,59672.371858660925,0.9068889110115017,2022-04-02,False,,20,0.032114079066260404,combined,35369594.285461545,22.82338953557114,HD142860,2-3,0.9390029900777621,2,1.6290000530716497
57.61707096813957,1.0689710426582555,False,0.0013119826059923383,False,False,False,59672.371858660925,0.9119422419487303,2022-04-02,False,,21,0.0034884988013307305,combined,34357227.76462497,2.658952020703164,HD142860,2-3,0.915430740750061,3,1.6770000001997687
57.61707096813957,1.0689710426582555,False,0.0012887279453884567,False,False,True,59672.371858660925,0.9166003000766949,2022-04-02,False,,22,0.02842778361049647,combined,33401201.581131253,22.05879348874334,HD142860,2-3,0.9450280836871914,4,1.7249999473278876
57.61707096813957,1.0689710426582555,False,0.0012358408191334442,False,False,True,59672.371858660925,0.9209027281126865,2022-04-02,False,,23,0.026060036258506725,combined,32496937.791044597,21.086887449452988,HD142860,2-3,0.9469627643711932,5,1.7730000081428443
105.94664185776442,1.0689710426582555,False,0.004126806413478486,False,False,True,59672.371858660925,0.6824716789982809,2022-04-02,False,,24,0.01933216845514485,combined,69110658.01624198,4.684534848061787,HD142860,2-4,0.7018038474534257,0,1.5330000451285741
105.94664185776442,1.0689710426582555,False,0.0039937851099510644,False,False,True,59672.371858660925,0.6987364081011843,2022-04-02,False,,25,0.015462433476439053,combined,67012424.02065919,3.871623798163871,HD142860,2-4,0.7141988415776234,1,1.580999992256693
105.94664185776442,1.0689710426582555,False,0.003789452396812327,False,False,True,59672.371858660925,0.7138635560352024,2022-04-02,False,,26,0.014712161289230363,combined,65037838.186678365,3.882397705168741,HD142860,2-4,0.7285757173244327,2,1.6290000530716497
105.94664185776442,1.0689710426582555,False,0.003721117343523012,False,False,False,59672.371858660925,0.7279472388720016,2022-04-02,False,,27,0.00872776693408206,combined,63176292.0960905,2.345469419090918,HD142860,2-4,0.7366750058060837,3,1.6770000001997687
105.94664185776442,1.0689710426582555,False,0.003583759000701774,False,False,False,59672.371858660925,0.7410735716043134,2022-04-02,False,,28,-0.006442627097272502,combined,61418344.9813324,-1.7977288919290897,HD142860,2-4,0.7346309445070409,4,1.7249999473278876
105.94664185776442,1.0689710426582555,False,0.00353023851269229,False,False,False,59672.371858660925,0.7533210949447056,2022-04-02,False,,29,0.006492599327644677,combined,59755578.889556706,1.839138999900939,HD142860,2-4,0.7598136942723502,5,1.7730000081428443
75.9744615514171,1.0689710426582555,False,0.003268920082830456,False,False,True,59672.371858660925,0.8241528974303446,2022-04-02,False,,30,-0.023471391472462022,combined,49559334.19104697,-7.18016680669014,HD142860,3-4,0.8006815059578826,0,1.5330000451285741
75.9744615514171,1.0689710426582555,False,0.0024806780277821018,False,False,True,59672.371858660925,0.8338863062910764,2022-04-02,False,,31,-0.011936397502039009,combined,48054688.12366812,-4.8117479851712055,HD142860,3-4,0.8219499087890374,1,1.580999992256693
75.9744615514171,1.0689710426582555,False,0.0023910639488088454,False,False,False,59672.371858660925,0.8428554647539762,2022-04-02,False,,32,-0.002093034445777686,combined,46638710.29847992,-0.8753569501227149,HD142860,3-4,0.8407624303081985,2,1.6290000530716497
75.9744615514171,1.0689710426582555,False,0.002297928450473726,False,False,False,59672.371858660925,0.8511358277207252,2022-04-02,False,,33,-0.0012124672706186335,combined,45303793.40630102,-0.5276349097678299,HD142860,3-4,0.8499233604501065,3,1.6770000001997687
75.9744615514171,1.0689710426582555,False,0.002170029446486567,False,False,True,59672.371858660925,0.8587941633474947,2022-04-02,False,,34,-0.008689912074020034,combined,44043167.46160218,-4.0045134355617265,HD142860,3-4,0.8501042512734747,4,1.7249999473278876
75.9744615514171,1.0689710426582555,False,0.0021699182913325708,False,False,True,59672.371858660925,0.8658896140121034,2022-04-02,False,,35,-0.010471696060585955,combined,42850795.940490544,-4.825848098711206,HD142860,3-4,0.8554179179515174,5,1.7730000081428443
74.93932990447813,1.0689710426582555,False,0.002151750374111272,False,False,True,59672.381403564825,0.8285462413414514,2022-04-02,False,,36,-0.023654629680045947,combined,48884101.56451946,-10.993203470368126,HD142860,1-2,0.8048916116614054,0,1.5330000451285741
74.93932990447813,1.0689710426582555,False,0.002091746915359826,False,False,True,59672.381403564825,0.8380569410539196,2022-04-02,False,,37,-0.014861507185547906,combined,47399955.895958595,-7.1048304536361195,HD142860,1-2,0.8231954338683717,1,1.580999992256693
74.93932990447813,1.0689710426582555,False,0.002065254922847883,False,False,False,59672.381403564825,0.8468186086005275,2022-04-02,False,,38,-0.0038831261712110043,combined,46003270.38858728,-1.880216397623383,HD142860,1-2,0.8429354824293165,2,1.6290000530716497
74.93932990447813,1.0689710426582555,False,0.0019943429368318014,False,False,False,59672.381403564825,0.8549055066941446,2022-04-02,False,,39,-0.003205427184474141,combined,44686541.38076992,-1.607259777280962,HD142860,1-2,0.8517000795096704,3,1.6770000001997687
74.93932990447813,1.0689710426582555,False,0.0019408928575797998,False,False,False,59672.381403564825,0.8623832976086393,2022-04-02,False,,40,0.002301539210144421,combined,43443091.126213044,1.185814663161948,HD142860,1-2,0.8646848368187837,4,1.7249999473278876
74.93932990447813,1.0689710426582555,False,0.0018697865089349506,False,False,True,59672.381403564825,0.8693101040108836,2022-04-02,False,,41,-0.006951393559391561,combined,42266965.34704163,-3.7177472006422514,HD142860,1-2,0.862358710451492,5,1.7730000081428443
121.0674562215352,1.0689710426582555,False,0.005143215189719314,False,False,False,59672.381403564825,0.6041012418347123,2022-04-02,False,,42,0.00879677828358505,combined,78974202.64679846,1.7103655902185042,HD142860,1-3,0.6128980201182973,0,1.5330000451285741
121.0674562215352,1.0689710426582555,False,0.003936431099842158,False,False,True,59672.381403564825,0.6233678493521301,2022-04-02,False,,43,0.018830484593061247,combined,76576506.52402946,4.783643893529931,HD142860,1-3,0.6421983339451913,1,1.580999992256693
121.0674562215352,1.0689710426582555,False,0.0038557422226789774,False,False,True,59672.381403564825,0.6413961292010685,2022-04-02,False,,44,0.01636592328933817,combined,74320105.75644234,4.244558464794644,HD142860,1-3,0.6577620524904066,2,1.6290000530716497
121.0674562215352,1.0689710426582555,False,0.003707860693406201,False,False,False,59672.381403564825,0.6582736418914878,2022-04-02,False,,45,0.004261236406964186,combined,72192877.8814033,1.1492439331774438,HD142860,1-3,0.662534878298452,3,1.6770000001997687
121.0674562215352,1.0689710426582555,False,0.003631951028159617,False,False,False,59672.381403564825,0.6740830791417813,2022-04-02,False,,46,0.007321946123134193,combined,70184034.73523279,2.015981511414919,HD142860,1-3,0.6814050252649155,4,1.7249999473278876
121.0674562215352,1.0689710426582555,False,0.0035305356579018307,False,False,False,59672.381403564825,0.6889018821431058,2022-04-02,False,,47,0.0016166046736142414,combined,68283956.94614188,0.4578921813170347,HD142860,1-3,0.69051848681672,5,1.7730000081428443
129.65257552023186,1.0689710426582555,False,0.0038384498957991908,False,False,False,59672.381403564825,0.5588574946679639,2022-04-02,False,,48,-0.0045809858229484135,combined,84574410.76549856,-1.1934468202807222,HD142860,1-4,0.5542765088450154,0,1.5330000451285741
129.65257552023186,1.0689710426582555,False,0.0039390771665434605,False,False,False,59672.381403564825,0.5796264480407166,2022-04-02,False,,49,-0.00951576423054068,combined,82006689.5352529,-2.415734403825036,HD142860,1-4,0.5701106838101759,1,1.580999992256693
129.65257552023186,1.0689710426582555,False,0.003973563233620877,False,False,False,59672.381403564825,0.5991367375196464,2022-04-02,False,,50,-0.002239320679857104,combined,79590283.17755938,-0.5635548116888884,HD142860,1-4,0.5968974168397893,2,1.6290000530716497
129.65257552023186,1.0689710426582555,False,0.0038868896208346902,False,False,False,59672.381403564825,0.6174665476350193,2022-04-02,False,,51,-0.0014091008748412515,combined,77312209.60333173,-0.3625265989772702,HD142860,1-4,0.616057446760178,3,1.6770000001997687
129.65257552023186,1.0689710426582555,False,0.003932172681338558,False,False,False,59672.381403564825,0.6346918152515153,2022-04-02,False,,52,0.010118761297859602,combined,75160915.64006728,2.573325771241322,HD142860,1-4,0.6448105765493749,4,1.7249999473278876
129.65257552023186,1.0689710426582555,False,0.0037705875140834387,False,False,False,59672.381403564825,0.6508852702831623,2022-04-02,False,,53,0.00976854244955816,combined,73126099.78836854,2.590721582000654,HD142860,1-4,0.6606538127327205,5,1.7730000081428443
57.9646671625362,1.0689710426582555,False,0.0014017738390062686,False,False,True,59672.381403564825,0.8942017263890333,2022-04-02,False,,54,0.011160748096716855,combined,37811262.528485216,7.961875008759487,HD142860,2-3,0.9053624744857501,0,1.5330000451285741
57.9646671625362,1.0689710426582555,False,0.001297532307472731,False,False,False,59672.381403564825,0.9002535342471775,2022-04-02,False,,55,0.0004971771313284634,combined,36663293.76750875,0.3831712925105043,HD142860,2-3,0.9007507113785059,1,1.580999992256693
57.9646671625362,1.0689710426582555,False,0.0012353760419426582,False,False,True,59672.381403564825,0.9058081299261047,2022-04-02,False,,56,0.011253475887529896,combined,35582974.38556725,9.1093525416225,HD142860,2-3,0.9170616058136346,2,1.6290000530716497
57.9646671625362,1.0689710426582555,False,0.0011591738867498189,False,False,True,59672.381403564825,0.9109176722139517,2022-04-02,False,,57,-0.012092524320835407,combined,34564500.39095486,-10.432019267395127,HD142860,2-3,0.8988251478931163,3,1.6770000001997687
57.9646671625362,1.0689710426582555,False,0.0011307925506677246,False,False,True,59672.381403564825,0.9156278015043308,2022-04-02,False,,58,0.00641092500397733,combined,33602706.62751405,5.669408593284176,HD142860,2-3,0.9220387265083081,4,1.7249999473278876
57.9646671625362,1.0689710426582555,False,0.0010853078639272964,False,False,True,59672.381403564825,0.9199785427421852,2022-04-02,False,,59,0.0035160423065090374,combined,32692987.5331767,3.239672744824572,HD142860,2-3,0.9234945850486942,5,1.7730000081428443
107.2242432327746,1.0689710426582555,False,0.003618567390531446,False,False,True,59672.381403564825,0.6759622875154054,2022-04-02,False,,60,0.011448236023936298,combined,69944057.45355448,3.16374818771993,HD142860,2-4,0.6874105235393417,0,1.5330000451285741
107.2242432327746,1.0689710426582555,False,0.0035429484594633105,False,False,True,59672.381403564825,0.6924942956557841,2022-04-02,False,,61,0.015429784799525836,combined,67820521.03600867,4.355068942172293,HD142860,2-4,0.70792408045531,1,1.580999992256693
107.2242432327746,1.0689710426582555,False,0.003373628958246561,False,False,True,59672.381403564825,0.7078773324651418,2022-04-02,False,,62,0.01898461731372736,combined,65822123.84253278,5.62735782407873,HD142860,2-4,0.7268619497788692,2,1.6290000530716497
107.2242432327746,1.0689710426582555,False,0.003320331580270151,False,False,True,59672.381403564825,0.7222054336683194,2022-04-02,False,,63,0.013177563874310683,combined,63938129.52892174,3.968749372084857,HD142860,2-4,0.73538299754263,3,1.6770000001997687
107.2242432327746,1.0689710426582555,False,0.003229456606729681,False,False,False,59672.381403564825,0.7355648224898136,2022-04-02,False,,64,0.0030954900020943033,combined,62158983.482214235,0.9585172922416073,HD142860,2-4,0.7386603124919079,4,1.7249999473278876
107.2242432327746,1.0689710426582555,False,0.0031777584075374683,False,False,True,59672.381403564825,0.7480342801666047,2022-04-02,False,,65,0.015300513054366749,combined,60476166.23819887,4.814876114582774,HD142860,2-4,0.7633347932209714,5,1.7730000081428443
74.88754074476965,1.0689710426582555,False,0.0029949650138663846,False,False,True,59672.381403564825,0.8287649709545762,2022-04-02,False,,66,-0.04354676456434081,combined,48850318.68246864,-14.5399910725914,HD142860,3-4,0.7852182063902354,0,1.5330000451285741
74.88754074476965,1.0689710426582555,False,0.0021940660467984823,False,False,True,59672.381403564825,0.8382645532233768,2022-04-02,False,,67,-0.02786227602137037,combined,47367198.67903125,-12.698923107636707,HD142860,3-4,0.8104022772020064,1,1.580999992256693
74.88754074476965,1.0689710426582555,False,0.0021063614520811097,False,False,True,59672.381403564825,0.8470158664481506,2022-04-02,False,,68,-0.01998385217558507,combined,45971478.394712985,-9.487380314447357,HD142860,3-4,0.8270320142725656,2,1.6290000530716497
74.88754074476965,1.0689710426582555,False,0.002042323311196765,False,False,True,59672.381403564825,0.8550931130386923,2022-04-02,False,,69,-0.010819915623765275,combined,44655659.3535175,-5.297846606581109,HD142860,3-4,0.844273197414927,3,1.6770000001997687
74.88754074476965,1.0689710426582555,False,0.0019248816155199057,False,False,True,59672.381403564825,0.8625618994353872,2022-04-02,False,,70,-0.021665574452085612,combined,43413068.42401604,-11.255536069024066,HD142860,3-4,0.8408963249833016,4,1.7249999473278876
74.88754074476965,1.0689710426582555,False,0.0019522202686010938,False,False,True,59672.381403564825,0.8694802969011095,2022-04-02,False,,71,-0.014206434109533261,combined,42237755.44322289,-7.277065164226162,HD142860,3-4,0.8552738627915762,5,1.7730000081428443
68.28740749649265,1.0753256181563633,False,0.0022787751813157166,False,False,False,58813.207256921625,0.8944146525423206,2019-11-25,False,,0,0.006537314671067107,combined,44544948.13192606,2.8687843911362068,HR_2998,1-2,0.9009519672133877,0,1.5330000451285741
68.28740749649265,1.0753256181563633,False,0.0020982419100320686,False,False,False,58813.207256921625,0.9004540009906196,2019-11-25,False,,1,0.002124837044465533,combined,43192541.32254633,1.012674961026328,HR_2998,1-2,0.9025788380350851,1,1.580999992256693
68.28740749649265,1.0753256181563633,False,0.0019735429896963986,False,False,True,58813.207256921625,0.9059971896211032,2019-11-25,False,,2,0.012130935856070169,combined,41919831.35158873,6.1467806474974935,HR_2998,1-2,0.9181281254771734,2,1.6290000530716497
68.28740749649265,1.0753256181563633,False,0.0019124609749140956,False,False,True,58813.207256921625,0.9110962632890055,2019-11-25,False,,3,0.0061869031887324955,combined,40719980.61321292,3.2350480715092242,HR_2998,1-2,0.917283166477738,3,1.6770000001997687
68.28740749649265,1.0753256181563633,False,0.0018580418771713015,False,False,True,58813.207256921625,0.9157967631991734,2019-11-25,False,,4,0.018538030193423705,combined,39586904.10528609,9.977186424692514,HR_2998,1-2,0.9343347933925971,4,1.7249999473278876
68.28740749649265,1.0753256181563633,False,0.0017930295895358212,False,False,True,58813.207256921625,0.9201386277227537,2019-11-25,False,,5,0.01834846886683328,combined,38515176.076068565,10.233221455973474,HR_2998,1-2,0.938487096589587,5,1.7730000081428443
109.18144417909548,1.0753256181563633,False,0.005451101937668923,False,False,False,58813.207256921625,0.7487154323378783,2019-11-25,False,,6,0.01607046572947135,combined,71220770.36203761,2.9481132279730633,HR_2998,1-3,0.7647858980673496,0,1.5330000451285741
109.18144417909548,1.0753256181563633,False,0.004598188056256892,False,False,False,58813.207256921625,0.7620847936698457,2019-11-25,False,,7,-0.00088113754541852,combined,69058472.30476688,-0.19162712238781313,HR_2998,1-3,0.7612036561244272,1,1.580999992256693
109.18144417909548,1.0753256181563633,False,0.004312608982951272,False,False,False,58813.207256921625,0.7744629206545406,2019-11-25,False,,8,0.0017751661006825126,combined,67023597.6808119,0.4116223167229279,HR_2998,1-3,0.7762380867552231,2,1.6290000530716497
109.18144417909548,1.0753256181563633,False,0.004022834643417536,False,False,False,58813.207256921625,0.7859398760954585,2019-11-25,False,,9,-0.0056751498205284134,combined,65105214.17178861,-1.4107340528685464,HR_2998,1-3,0.78026472627493,3,1.6770000001997687
109.18144417909548,1.0753256181563633,False,0.003859352848856976,False,False,False,58813.207256921625,0.7965965999481933,2019-11-25,False,,10,-0.010662501277444725,combined,63293592.76110302,-2.7627692245353095,HR_2998,1-3,0.7859340986707486,4,1.7249999473278876
109.18144417909548,1.0753256181563633,False,0.0037117772124153963,False,False,False,58813.207256921625,0.8065057757488004,2019-11-25,False,,11,-0.007945895525157454,combined,61580058.4758368,-2.140725337334229,HR_2998,1-3,0.798559880223643,5,1.7730000081428443
132.1682029289339,1.0753256181563633,False,0.00585082507563073,False,False,False,58813.207256921625,0.6511747265564244,2019-11-25,False,,12,0.004646896186757066,combined,86215394.0235852,0.7942292115537435,HR_2998,1-4,0.6558216227431815,0,1.5330000451285741
132.1682029289339,1.0753256181563633,False,0.005906187519655319,False,False,False,58813.207256921625,0.6686854548013137,2019-11-25,False,,13,-0.00843732674462283,combined,83597851.7243882,-1.4285572065810783,HR_2998,1-4,0.6602481280566909,1,1.580999992256693
132.1682029289339,1.0753256181563633,False,0.005996405446417124,False,False,False,58813.207256921625,0.6850104588667881,2019-11-25,False,,14,-0.005013316846909532,combined,81134560.23510678,-0.8360536811107409,HR_2998,1-4,0.6799971420198786,2,1.6290000530716497
132.1682029289339,1.0753256181563633,False,0.005861786501747786,False,False,False,58813.207256921625,0.7002424432560007,2019-11-25,False,,15,-0.005685987659245106,combined,78812285.57733433,-0.9700093405909168,HR_2998,1-4,0.6945564555967556,3,1.6770000001997687
132.1682029289339,1.0753256181563633,False,0.0056208527660531055,False,False,False,58813.207256921625,0.7144671780855685,2019-11-25,False,,16,0.005911783864293918,combined,76619250.41427924,1.05175924550059,HR_2998,1-4,0.7203789619498624,4,1.7249999473278876
132.1682029289339,1.0753256181563633,False,0.005679848425642045,False,False,False,58813.207256921625,0.7277636304966233,2019-11-25,False,,17,0.01665920125369691,combined,74544953.36826055,2.9330362371094028,HR_2998,1-4,0.7444228317503202,5,1.7730000081428443
57.407452371282275,1.0753256181563633,False,0.0021068564488470358,False,False,True,58813.207256921625,0.924360932360031,2019-11-25,False,,18,0.031011058736016617,combined,37447782.5709832,14.719113280350557,HR_2998,2-3,0.9553719910960476,0,1.5330000451285741
57.407452371282275,1.0753256181563633,False,0.0018678750451915375,False,False,True,58813.207256921625,0.9287448828305477,2019-11-25,False,,19,0.0194429967971953,combined,36310849.24253531,10.409152821676868,HR_2998,2-3,0.948187879627743,1,1.580999992256693
57.407452371282275,1.0753256181563633,False,0.0017639799076224385,False,False,True,58813.207256921625,0.9327622575071806,2019-11-25,False,,20,0.024572627826053628,combined,35240914.97912141,13.930219794381662,HR_2998,2-3,0.9573348853332342,2,1.6290000530716497
57.407452371282275,1.0753256181563633,False,0.0017002071078699502,False,False,True,58813.207256921625,0.9364523860025391,2019-11-25,False,,21,0.030265523588953402,combined,34232231.582852565,17.80108049711108,HR_2998,2-3,0.9667179095914925,3,1.6770000001997687
57.407452371282275,1.0753256181563633,False,0.0016498223417110507,False,False,True,58813.207256921625,0.9398495407044035,2019-11-25,False,,22,0.032485002557862575,combined,33279683.550257105,19.690000393722382,HR_2998,2-3,0.9723345432622661,4,1.7249999473278876
57.407452371282275,1.0753256181563633,False,0.001550239262200363,False,False,True,58813.207256921625,0.9429836653737582,2019-11-25,False,,23,0.03733030114372948,combined,32378709.592570495,24.080348146223557,HR_2998,2-3,0.9803139665174877,5,1.7730000081428443
122.09107839723717,1.0753256181563633,False,0.006646007322433741,False,False,False,58813.207256921625,0.6948197153245175,2019-11-25,False,,24,-0.0005996389433782223,combined,79641927.4645209,-0.09022544127421109,HR_2998,2-4,0.6942200763811393,0,1.5330000451285741
122.09107839723717,1.0753256181563633,False,0.006064595835465513,False,False,False,58813.207256921625,0.7105613174427612,2019-11-25,False,,25,-0.010874198679485358,combined,77223958.88374825,-1.7930623861022168,HR_2998,2-4,0.6996871187632758,1,1.580999992256693
122.09107839723717,1.0753256181563633,False,0.005815495567026364,False,False,False,58813.207256921625,0.7251897145961679,2019-11-25,False,,26,-0.0017098510087466545,combined,74948480.3066898,-0.2940163893239716,HR_2998,2-4,0.7234798635874212,2,1.6290000530716497
122.09107839723717,1.0753256181563633,False,0.005521802698583243,False,False,False,58813.207256921625,0.7387987377893439,2019-11-25,False,,27,-0.007828946136039905,combined,72803266.77560724,-1.4178243163321678,HR_2998,2-4,0.730969791653304,3,1.6770000001997687
122.09107839723717,1.0753256181563633,False,0.005350794480356899,False,False,False,58813.207256921625,0.7514739294794116,2019-11-25,False,,28,-0.01455328545079071,combined,70777438.91317935,-2.719836372751136,HR_2998,2-4,0.7369206440286209,4,1.7249999473278876
122.09107839723717,1.0753256181563633,False,0.005047569804842397,False,False,False,58813.207256921625,0.7632930657618053,2019-11-25,False,,29,-0.002232886358083719,combined,68861296.01608029,-0.44236859407899515,HR_2998,2-4,0.7610601794037216,5,1.7730000081428443
84.22673032155245,1.0753256181563633,False,0.0035380341561619044,False,False,True,58813.207256921625,0.8431861419239315,2019-11-25,False,,30,-0.02367092289745476,combined,54942418.683678694,-6.690416726539808,HR_2998,3-4,0.8195152190264767,0,1.5330000451285741
84.22673032155245,1.0753256181563633,False,0.003226417980370792,False,False,True,58813.207256921625,0.8519446927322925,2019-11-25,False,,31,-0.026709443330456772,combined,53274339.490241624,-8.278358071692628,HR_2998,3-4,0.8252352494018357,1,1.580999992256693
84.22673032155245,1.0753256181563633,False,0.003410414757788212,False,False,False,58813.207256921625,0.8600067809170457,2019-11-25,False,,32,0.0013059805682611447,combined,51704559.59331257,0.38293892708467064,HR_2998,3-4,0.8613127614853069,2,1.6290000530716497
84.22673032155245,1.0753256181563633,False,0.0030779307881535376,False,False,True,58813.207256921625,0.867442372554122,2019-11-25,False,,33,-0.011899732380433403,combined,50224645.385521255,-3.8661468367753966,HR_2998,3-4,0.8555426401736886,3,1.6770000001997687
84.22673032155245,1.0753256181563633,False,0.003049118133476363,False,False,False,58813.207256921625,0.8743131801419028,2019-11-25,False,,34,-0.005067358359434837,combined,48827091.53239334,-1.6619094891077362,HR_2998,3-4,0.869245821782468,4,1.7249999473278876
84.22673032155245,1.0753256181563633,False,0.0031266982351871595,False,False,True,58813.207256921625,0.8806737114661272,2019-11-25,False,,35,0.009852048530892277,combined,47505205.82894809,3.1509431962507723,HR_2998,3-4,0.8905257599970194,5,1.7730000081428443
72.93307731528179,1.0753256181563633,False,0.001528276715558252,False,False,True,58813.22582773278,0.880339427700828,2019-11-25,False,,36,0.01198095079995587,combined,47575391.49919909,7.8395166778284935,HR_2998,1-2,0.8923203785007838,0,1.5330000451285741
72.93307731528179,1.0753256181563633,False,0.0014120612059897188,False,False,False,58813.22582773278,0.8871403229841011,2019-11-25,False,,37,-0.0032892953874781306,combined,46130978.91997983,-2.329428337472561,HR_2998,1-2,0.8838510275966229,1,1.580999992256693
72.93307731528179,1.0753256181563633,False,0.0013391987097947174,False,False,False,58813.22582773278,0.8933873021485331,2019-11-25,False,,38,0.001452342614605029,combined,44771685.04553383,1.084486270769821,HR_2998,1-2,0.8948396447631382,2,1.6290000530716497
72.93307731528179,1.0753256181563633,False,0.0012759595135859436,False,False,False,58813.22582773278,0.8991378183017933,2019-11-25,False,,39,-0.0022053049535323277,combined,43490207.09993668,-1.728350257238618,HR_2998,1-2,0.896932513348261,3,1.6770000001997687
72.93307731528179,1.0753256181563633,False,0.0012275517462580782,False,False,True,58813.22582773278,0.9044422492937597,2019-11-25,False,,40,0.006487016477312202,combined,42280046.11145573,5.284515701343301,HR_2998,1-2,0.9109292657710719,4,1.7249999473278876
72.93307731528179,1.0753256181563633,False,0.0011820078810087643,False,False,True,58813.22582773278,0.9093448573924764,2019-11-25,False,,41,0.011756220845168808,combined,41135407.208303764,9.945975009181549,HR_2998,1-2,0.9211010782376452,5,1.7730000081428443
113.78876599327695,1.0753256181563633,False,0.003346991619126801,False,False,True,58813.22582773278,0.7297923287725869,2019-11-25,False,,42,0.01192148507467472,combined,74226198.72377981,3.5618508891829626,HR_2998,1-3,0.7417138138472616,0,1.5330000451285741
113.78876599327695,1.0753256181563633,False,0.0029751719021869722,False,False,True,58813.22582773278,0.7440172179571293,2019-11-25,False,,43,-0.009461311899451763,combined,71972654.36469533,-3.1800891546794308,HR_2998,1-3,0.7345559060576775,1,1.580999992256693
113.78876599327695,1.0753256181563633,False,0.0028287932927726057,False,False,True,58813.22582773278,0.7572040790388271,2019-11-25,False,,44,-0.010346670680768888,combined,69851910.55010486,-3.6576269843413445,HR_2998,1-3,0.7468574083580583,2,1.6290000530716497
113.78876599327695,1.0753256181563633,False,0.002663288546132795,False,False,True,58813.22582773278,0.7694449425790482,2019-11-25,False,,45,-0.0211809142325301,combined,67852573.6313191,-7.952917554985044,HR_2998,1-3,0.7482640283465181,3,1.6770000001997687
113.78876599327695,1.0753256181563633,False,0.002563315920130057,False,False,True,58813.22582773278,0.7808229015202534,2019-11-25,False,,46,-0.01983347808373781,combined,65964504.03928506,-7.737430227769781,HR_2998,1-3,0.7609894234365155,4,1.7249999473278876
113.78876599327695,1.0753256181563633,False,0.002475281759236497,False,False,True,58813.22582773278,0.7914128752837304,2019-11-25,False,,47,-0.014852918967512951,combined,64178660.72796397,-6.000496271622164,HR_2998,1-3,0.7765599563162174,5,1.7730000081428443
132.3390104934106,1.0753256181563633,False,0.00394174739961221,False,False,False,58813.22582773278,0.6504260324403082,2019-11-25,False,,48,0.0019339882415917442,combined,86326814.47984642,0.49064235871177597,HR_2998,1-4,0.6523600206818999,0,1.5330000451285741
132.3390104934106,1.0753256181563633,False,0.003822504276291324,False,False,False,58813.22582773278,0.66796585580893,2019-11-25,False,,49,-0.008496772431707211,combined,83705889.40010816,-2.2228287576831605,HR_2998,1-4,0.6594690833772228,1,1.580999992256693
132.3390104934106,1.0753256181563633,False,0.003819636603225686,False,False,False,58813.22582773278,0.6843189233107173,2019-11-25,False,,50,-0.002852984721869234,combined,81239414.47630501,-0.7469256943081669,HR_2998,1-4,0.6814659385888481,2,1.6290000530716497
132.3390104934106,1.0753256181563633,False,0.003654773792042884,False,False,True,58813.22582773278,0.6995778872276007,2019-11-25,False,,51,-0.011732383265849577,combined,78914138.6270996,-3.210153058280416,HR_2998,1-4,0.6878455039617511,3,1.6770000001997687
132.3390104934106,1.0753256181563633,False,0.0035462372433313584,False,False,False,58813.22582773278,0.7138284938250797,2019-11-25,False,,52,0.00026203654568079937,combined,76718269.29526024,0.07389143131175299,HR_2998,1-4,0.7140905303707605,4,1.7249999473278876
132.3390104934106,1.0753256181563633,False,0.0035187996954803586,False,False,False,58813.22582773278,0.7271497072618998,2019-11-25,False,,53,0.008106424604989892,combined,74641291.53165154,2.3037471031391763,HR_2998,1-4,0.7352561318668897,5,1.7730000081428443
57.7207868848722,1.0753256181563633,False,0.0012543160642293576,False,False,True,58813.22582773278,0.9235603534353789,2019-11-25,False,,54,0.021578430439695206,combined,37652175.59405297,17.203343762445417,HR_2998,2-3,0.9451387838750741,0,1.5330000451285741
57.7207868848722,1.0753256181563633,False,0.0011123745346945124,False,False,False,58813.22582773278,0.9279891697935374,2019-11-25,False,,55,-0.000835325231755224,combined,36509036.791633695,-0.750938830134786,HR_2998,2-3,0.9271538445617822,1,1.580999992256693
57.7207868848722,1.0753256181563633,False,0.001066164175451729,False,False,True,58813.22582773278,0.9320478289045385,2019-11-25,False,,56,0.012708051104448725,combined,35433262.74055892,11.919412973207791,HR_2998,2-3,0.9447558800089872,2,1.6290000530716497
57.7207868848722,1.0753256181563633,False,0.000999254448708728,False,False,False,58813.22582773278,0.9357760215866453,2019-11-25,False,,57,0.001991096964008565,combined,34419073.868811175,1.9925825364916128,HR_2998,2-3,0.9377671185506539,3,1.6770000001997687
57.7207868848722,1.0753256181563633,False,0.0009941238682790016,False,False,True,58813.22582773278,0.9392083386780045,2019-11-25,False,,58,0.021672992690221826,combined,33461326.75208751,21.80109881854208,HR_2998,2-3,0.9608813313682263,4,1.7249999473278876
57.7207868848722,1.0753256181563633,False,0.0009282448584137024,False,False,True,58813.22582773278,0.9423750050805569,2019-11-25,False,,59,0.020944042090765724,combined,32555435.205740754,22.563057474465786,HR_2998,2-3,0.9633190471713227,5,1.7730000081428443
123.020806440715,1.0753256181563633,False,0.004114796656444228,False,False,False,58813.22582773278,0.6908421091771769,2019-11-25,False,,60,0.007090493083363514,combined,80248403.66550487,1.723169739690299,HR_2998,2-4,0.6979326022605404,0,1.5330000451285741
123.020806440715,1.0753256181563633,False,0.003803773069745046,False,False,False,58813.22582773278,0.7067507524795048,2019-11-25,False,,61,-0.0030370085625184284,combined,77812022.16523553,-0.7984200179223596,HR_2998,2-4,0.7037137439169864,1,1.580999992256693
123.020806440715,1.0753256181563633,False,0.0036565199224828752,False,False,False,58813.22582773278,0.7215385886557398,2019-11-25,False,,62,0.009365389264655466,combined,75519215.73528892,2.5612849001780127,HR_2998,2-4,0.7309039779203953,2,1.6290000530716497
123.020806440715,1.0753256181563633,False,0.0034544581017793546,False,False,False,58813.22582773278,0.7352995017029136,2019-11-25,False,,63,-0.004766861853889748,combined,73357666.32442483,-1.37991595597422,HR_2998,2-4,0.7305326398490238,3,1.6770000001997687
123.020806440715,1.0753256181563633,False,0.003337518743608192,False,False,False,58813.22582773278,0.7481191857466949,2019-11-25,False,,64,-0.007690961879277869,combined,71316411.70846438,-2.3043951120895185,HR_2998,2-4,0.740428223867417,4,1.7249999473278876
123.020806440715,1.0753256181563633,False,0.003155600891491941,False,False,False,58813.22582773278,0.7600756355599219,2019-11-25,False,,65,-0.003819765574248901,combined,69385677.31286985,-1.2104716995573381,HR_2998,2-4,0.756255869985673,5,1.7730000081428443
87.20809704346408,1.0753256181563633,False,0.002266073324405523,False,False,True,58813.22582773278,0.8327338182936879,2019-11-25,False,,66,-0.012314939413058168,combined,56887211.00862711,-5.434484083293662,HR_2998,3-4,0.8204188788806297,0,1.5330000451285741
87.20809704346408,1.0753256181563633,False,0.002082462515216626,False,False,True,58813.22582773278,0.8420289999900559,2019-11-25,False,,67,-0.019028340044846548,combined,55160086.951667026,-9.137422597432513,HR_2998,3-4,0.8230006599452093,1,1.580999992256693
87.20809704346408,1.0753256181563633,False,0.00211581347394942,False,False,False,58813.22582773278,0.8505902548639978,2019-11-25,False,,68,-0.0031450245952402422,combined,53534741.68341745,-1.486437549416715,HR_2998,3-4,0.8474452302687575,2,1.6290000530716497
87.20809704346408,1.0753256181563633,False,0.0019575803190965604,False,False,True,58813.22582773278,0.8584906049201428,2019-11-25,False,,69,-0.007940050827142775,combined,52002443.07279405,-4.0560536646624925,HR_2998,3-4,0.8505505540930001,3,1.6770000001997687
87.20809704346408,1.0753256181563633,False,0.0019188110045147736,False,False,False,58813.22582773278,0.8657945730291983,2019-11-25,False,,70,0.002108086696480771,combined,50555420.11960861,1.0986421755559304,HR_2998,3-4,0.867902659725679,4,1.7249999473278876
87.20809704346408,1.0753256181563633,False,0.0019765860487242592,False,False,True,58813.22582773278,0.8725592399438776,2019-11-25,False,,71,0.02032488671041477,combined,49186743.73544505,10.282824126747727,HR_2998,3-4,0.8928841266542924,5,1.7730000081428443
63.314171316183796,1.0737424650392111,False,0.0030610695925555663,False,False,False,58812.19167447991,0.9086433000632691,2019-11-24,False,,72,-0.003680206624131488,combined,41300828.0837158,-1.2022616647075406,HR_2998,1-2,0.9049630934391376,0,1.5330000451285741
63.314171316183796,1.0737424650392111,False,0.0029070908751374944,False,False,False,58812.19167447991,0.9139019945313531,2019-11-24,False,,73,-0.0034344875031552258,combined,40046914.37462324,-1.1814173174042204,HR_2998,1-2,0.9104675070281979,1,1.580999992256693
63.314171316183796,1.0737424650392111,False,0.002669429488261373,False,False,False,58812.19167447991,0.9187249717835274,2019-11-24,False,,74,-0.004069956237808814,combined,38866893.34159217,-1.524653959097312,HR_2998,1-2,0.9146550155457186,2,1.6290000530716497
63.314171316183796,1.0737424650392111,False,0.0025185132026299423,False,False,True,58812.19167447991,0.9231584394934884,2019-11-24,False,,75,-0.016145898861654517,combined,37754425.348027214,-6.410885138419866,HR_2998,1-2,0.9070125406318339,3,1.6770000001997687
63.314171316183796,1.0737424650392111,False,0.002403921066178099,False,False,True,58812.19167447991,0.9272427498015007,2019-11-24,False,,76,-0.007967577116519076,combined,36703868.55040816,-3.3144087917938245,HR_2998,1-2,0.9192751726849816,4,1.7249999473278876
63.314171316183796,1.0737424650392111,False,0.0022969450705369967,False,False,True,58812.19167447991,0.9310132263391765,2019-11-24,False,,77,-0.012956767629809018,combined,35710192.343711935,-5.640869603721037,HR_2998,1-2,0.9180564587093675,5,1.7730000081428443
104.48692107025968,1.0737424650392111,False,0.0077139729542918594,False,False,False,58812.19167447991,0.7675846986409647,2019-11-24,False,,78,0.004594630249823983,combined,68158459.22659205,0.5956243659459095,HR_2998,1-3,0.7721793288907887,0,1.5330000451285741
104.48692107025968,1.0737424650392111,False,0.007032973373727151,False,False,False,58812.19167447991,0.7800775014017107,2019-11-24,False,,79,0.013272402514612591,combined,66089134.4604732,1.8871680311195078,HR_2998,1-3,0.7933499039163233,1,1.580999992256693
104.48692107025968,1.0737424650392111,False,0.006321996310657947,False,False,False,58812.19167447991,0.7916299026407115,2019-11-24,False,,80,0.004554837040820381,combined,64141754.24564209,0.7204744857477379,HR_2998,1-3,0.7961847396815319,2,1.6290000530716497
104.48692107025968,1.0737424650392111,False,0.005949277642841137,False,False,False,58812.19167447991,0.8023293134321109,2019-11-24,False,,81,-0.007836017594829991,combined,62305856.325469844,-1.3171376535534862,HR_2998,1-3,0.7944932958372809,3,1.6770000001997687
104.48692107025968,1.0737424650392111,False,0.005620169452738323,False,False,False,58812.19167447991,0.8122539551983893,2019-11-24,False,,82,-0.01301749491716453,combined,60572130.00621549,-2.316210396613931,HR_2998,1-3,0.7992364602812247,4,1.7249999473278876
104.48692107025968,1.0737424650392111,False,0.005368163335421875,False,False,True,58812.19167447991,0.8214738072102935,2019-11-24,False,,83,-0.018343261132666377,combined,58932273.31662908,-3.417046014905732,HR_2998,1-3,0.8031305460776271,5,1.7730000081428443
118.2382670908157,1.0737424650392111,False,0.008677711404660324,False,False,False,58812.19167447991,0.7111775975485699,2019-11-24,False,,84,0.014919292865472666,combined,77128678.15401724,1.7192658489956616,HR_2998,1-4,0.7260968904140426,0,1.5330000451285741
118.2382670908157,1.0737424650392111,False,0.008057671979728913,False,False,False,58812.19167447991,0.7262203981160056,2019-11-24,False,,85,0.007584285873040497,combined,74787013.07394971,0.941250263366474,HR_2998,1-4,0.7338046839890461,1,1.580999992256693
118.2382670908157,1.0737424650392111,False,0.007642528658356647,False,False,False,58812.19167447991,0.7401833064547149,2019-11-24,False,,86,0.012498479795055917,combined,72583341.46021979,1.6353854010595796,HR_2998,1-4,0.7526817862497708,2,1.6290000530716497
118.2382670908157,1.0737424650392111,False,0.007212881483117736,False,False,False,58812.19167447991,0.7531596091812969,2019-11-24,False,,87,0.00181733953277885,combined,70505824.13639286,0.25195749258218963,HR_2998,1-4,0.7549769487140757,3,1.6770000001997687
118.2382670908157,1.0737424650392111,False,0.006929279821070357,False,False,False,58812.19167447991,0.7652339516617398,2019-11-24,False,,88,0.005417682899281462,combined,68543925.04415596,0.7818536758766078,HR_2998,1-4,0.7706516345610213,4,1.7249999473278876
118.2382670908157,1.0737424650392111,False,0.006757997773474767,False,False,False,58812.19167447991,0.7764829816439629,2019-11-24,False,,89,0.013558980808931032,combined,66688249.6039389,2.006360650509566,HR_2998,1-4,0.7900419624528939,5,1.7730000081428443
57.1039124473716,1.0737424650392111,False,0.0027981756079542928,False,False,True,58812.19167447991,0.9251328805198159,2019-11-24,False,,90,0.043127187249497934,combined,37249778.71255199,15.41260924686125,HR_2998,2-3,0.9682600677693138,0,1.5330000451285741
57.1039124473716,1.0737424650392111,False,0.0024703030128458464,False,False,True,58812.19167447991,0.9294735382525436,2019-11-24,False,,91,0.025734975788716752,combined,36118856.87985515,10.417740518022306,HR_2998,2-3,0.9552085140412604,1,1.580999992256693
57.1039124473716,1.0737424650392111,False,0.0023163208226255998,False,False,True,58812.19167447991,0.9334510796058596,2019-11-24,False,,92,0.017616632246609254,combined,35054579.85694734,7.605437068359304,HR_2998,2-3,0.9510677118524689,2,1.6290000530716497
57.1039124473716,1.0737424650392111,False,0.002192225170689141,False,False,True,58812.19167447991,0.9371044848016382,2019-11-24,False,,93,0.01964478691047189,combined,34051229.83933765,8.961117303610019,HR_2998,2-3,0.9567492717121101,3,1.6770000001997687
57.1039124473716,1.0737424650392111,False,0.0021001928117070686,False,False,True,58812.19167447991,0.9404677182761498,2019-11-24,False,,94,0.027151050761235362,combined,33103718.371602535,12.927884816045331,HR_2998,2-3,0.9676187690373852,4,1.7249999473278876
57.1039124473716,1.0737424650392111,False,0.0019781608399464454,False,False,True,58812.19167447991,0.9435704519828229,2019-11-24,False,,95,0.025196272704751665,combined,32207508.282634445,12.737221461442843,HR_2998,2-3,0.9687667246875745,5,1.7730000081428443
89.10651670626203,1.0737424650392111,False,0.005800395853249792,False,False,True,58812.19167447991,0.8259475687105888,2019-11-24,False,,96,0.032711771574030823,combined,58125579.96290769,5.639575712009962,HR_2998,2-4,0.8586593402846197,0,1.5330000451285741
89.10651670626203,1.0737424650392111,False,0.005394172499805573,False,False,True,58812.19167447991,0.8355877611224368,2019-11-24,False,,97,0.020816799208008496,combined,56360858.40776815,3.8591274581520736,HR_2998,2-4,0.8564045603304453,1,1.580999992256693
89.10651670626203,1.0737424650392111,False,0.005117692555017381,False,False,True,58812.19167447991,0.8444703333673367,2019-11-24,False,,98,0.0208843715432645,combined,54700131.24814968,4.080817930883613,HR_2998,2-4,0.8653547049106012,2,1.6290000530716497
89.10651670626203,1.0737424650392111,False,0.0048582920754238245,False,False,True,58812.19167447991,0.8526701816469574,2019-11-24,False,,99,0.018871954907748734,combined,53134476.26454826,3.8844833976150754,HR_2998,2-4,0.8715421365547061,3,1.6770000001997687
89.10651670626203,1.0737424650392111,False,0.004559747831180269,False,False,False,58812.19167447991,0.8602535636950773,2019-11-24,False,,100,0.007909786215325343,combined,51655953.29106679,1.7346981693235286,HR_2998,2-4,0.8681633499104027,4,1.7249999473278876
89.10651670626203,1.0737424650392111,False,0.0043988434342067196,False,False,True,58812.19167447991,0.8672791571825345,2019-11-24,False,,101,0.01632201649780185,combined,50257482.4010283,3.710524537171971,HR_2998,2-4,0.8836011736803363,5,1.7730000081428443
40.41449482143319,1.0737424650392111,False,0.0013131856778406262,False,False,True,58812.19167447991,0.9618886334239874,2019-11-24,False,,102,-0.02110743122116865,combined,26363009.544493254,-16.073455245017023,HR_2998,3-4,0.9407812022028188,0,1.5330000451285741
40.41449482143319,1.0737424650392111,False,0.0012254527717693215,False,False,True,58812.19167447991,0.9641328440548619,2019-11-24,False,,103,-0.02603257582008056,combined,25562615.445523318,-21.243230599980166,HR_2998,3-4,0.9381002682347813,1,1.580999992256693
40.41449482143319,1.0737424650392111,False,0.0011602031324825885,False,False,True,58812.19167447991,0.9661854500282306,2019-11-24,False,,104,-0.021449113041277612,combined,24809388.27793617,-18.48737728830387,HR_2998,3-4,0.944736336986953,2,1.6290000530716497
40.41449482143319,1.0737424650392111,False,0.0011000581152161733,False,False,True,58812.19167447991,0.9680675486148372,2019-11-24,False,,105,-0.024854528016137856,combined,24099281.345628448,-22.593831791562824,HR_2998,3-4,0.9432130205986994,3,1.6770000001997687
40.41449482143319,1.0737424650392111,False,0.0010334347190771348,False,False,True,58812.19167447991,0.969797436841585,2019-11-24,False,,106,-0.028724288638942497,combined,23428693.365490988,-27.794971572653868,HR_2998,3-4,0.9410731482026425,4,1.7249999473278876
40.41449482143319,1.0737424650392111,False,0.0010235659296434464,False,False,True,58812.19167447991,0.9713910320168749,2019-11-24,False,,107,-0.003159379137432805,combined,22794413.21817362,-3.0866396056513503,HR_2998,3-4,0.9682316528794421,5,1.7730000081428443
71.40405974445201,1.0737424650392111,False,0.0031445176508023277,False,False,False,58812.222245516394,0.8850533594582589,2019-11-24,False,,108,0.008513259552322294,combined,46577989.32971544,2.7073340008602353,HR_2998,1-2,0.8935666190105812,0,1.5330000451285741
71.40405974445201,1.0737424650392111,False,0.002947471372444675,False,False,False,58812.222245516394,0.8916004012360821,2019-11-24,False,,109,-0.0046139045259285805,combined,45163858.37708389,-1.565377214198943,HR_2998,1-2,0.8869864967101535,1,1.580999992256693
71.40405974445201,1.0737424650392111,False,0.002668177026673718,False,False,False,58812.222245516394,0.8976126431425617,2019-11-24,False,,110,0.004509715102424039,combined,43833061.64405102,1.6901858674819916,HR_2998,1-2,0.9021223582449858,2,1.6290000530716497
71.40405974445201,1.0737424650392111,False,0.00252517333708986,False,False,False,58812.222245516394,0.9031457676676142,2019-11-24,False,,111,-0.002987715552181469,combined,42578449.45494703,-1.1831724611921757,HR_2998,1-2,0.9001580521154328,3,1.6770000001997687
71.40405974445201,1.0737424650392111,False,0.002424764414891513,False,False,False,58812.222245516394,0.9082485657920788,2019-11-24,False,,112,0.005342572074827134,combined,41393659.08680781,2.203336555921111,HR_2998,1-2,0.9135911378669059,4,1.7249999473278876
71.40405974445201,1.0737424650392111,False,0.002334364792847589,False,False,False,58812.222245516394,0.9129638785061094,2019-11-24,False,,113,0.0021509792613501055,combined,40273017.15539487,0.921440928144834,HR_2998,1-2,0.9151148577674595,5,1.7730000081428443
112.24691277249399,1.0737424650392111,False,0.006965236159497665,False,False,False,58812.222245516394,0.7361669271072288,2019-11-24,False,,114,0.010387540298024578,combined,73220423.65829137,1.4913407184134488,HR_2998,1-3,0.7465544674052533,0,1.5330000451285741
112.24691277249399,1.0737424650392111,False,0.006504871638627469,False,False,False,58812.222245516394,0.7501062906726026,2019-11-24,False,,115,-0.0030796609544208042,combined,70997415.13108714,-0.4734391584505754,HR_2998,1-3,0.7470266297181818,1,1.580999992256693
112.24691277249399,1.0737424650392111,False,0.005709294993059215,False,False,False,58812.222245516394,0.7630229165118902,2019-11-24,False,,116,-0.01175036121610562,combined,68905407.68297748,-2.0581107177664713,HR_2998,1-3,0.7512725552957846,2,1.6290000530716497
112.24691277249399,1.0737424650392111,False,0.005369842214341724,False,False,True,58812.222245516394,0.7750082499165457,2019-11-24,False,,117,-0.025454159214957195,combined,66933162.050758995,-4.740206173465296,HR_2998,1-3,0.7495540907015885,3,1.6770000001997687
112.24691277249399,1.0737424650392111,False,0.005078009023833992,False,False,True,58812.222245516394,0.7861447230201417,2019-11-24,False,,118,-0.030300076273692134,combined,65070676.05791533,-5.966920525638415,HR_2998,1-3,0.7558446467464496,4,1.7249999473278876
112.24691277249399,1.0737424650392111,False,0.004870134288455978,False,False,True,58812.222245516394,0.796506555673855,2019-11-24,False,,119,-0.034662290421738406,combined,63309031.16580846,-7.11731717622261,HR_2998,1-3,0.7618442652521166,5,1.7730000081428443
121.662067990976,1.0737424650392111,False,0.007621057503837934,False,False,False,58812.222245516394,0.6966513080932821,2019-11-24,False,,120,0.012787041483552142,combined,79362077.24036439,1.6778565805483872,HR_2998,1-4,0.7094383495768343,0,1.5330000451285741
121.662067990976,1.0737424650392111,False,0.007158739889691151,False,False,False,58812.222245516394,0.7123156098033574,2019-11-24,False,,121,0.008524795167958565,combined,76952605.051767,1.190823426932243,HR_2998,1-4,0.720840404971316,1,1.580999992256693
121.662067990976,1.0737424650392111,False,0.006665943829046659,False,False,False,58812.222245516394,0.7268702730370661,2019-11-24,False,,122,0.00850810486147846,combined,74685122.17760181,1.2763541187377903,HR_2998,1-4,0.7353783778985445,2,1.6290000530716497
121.662067990976,1.0737424650392111,False,0.006256852629402717,False,False,False,58812.222245516394,0.7404090939412801,2019-11-24,False,,123,-0.005417378276124096,combined,72547446.61686541,-0.8658312089158543,HR_2998,1-4,0.734991715665156,3,1.6770000001997687
121.662067990976,1.0737424650392111,False,0.006084085689402037,False,False,False,58812.222245516394,0.753017536369044,2019-11-24,False,,124,0.005651786908765111,combined,70528737.22079627,0.9289459743491197,HR_2998,1-4,0.7586693232778091,4,1.7249999473278876
121.662067990976,1.0737424650392111,False,0.005819398101024819,False,False,False,58812.222245516394,0.7647732683698352,2019-11-24,False,,125,-0.00026255928406826445,combined,68619327.37293825,-0.04511794510535836,HR_2998,1-4,0.7645107090857669,5,1.7730000081428443
57.61236085154044,1.0737424650392111,False,0.0024465471127629933,False,False,True,58812.222245516394,0.9238378123720408,2019-11-24,False,,126,0.046141173818197156,combined,37581447.590047814,18.85971194974778,HR_2998,2-3,0.9699789861902379,0,1.5330000451285741
57.61236085154044,1.0737424650392111,False,0.002154150182749334,False,False,True,58812.222245516394,0.9282510831835183,2019-11-24,False,,127,0.028835131445885676,combined,36440456.12505381,13.385850103117464,HR_2998,2-3,0.957086214629404,1,1.580999992256693
57.61236085154044,1.0737424650392111,False,0.0020343414150527286,False,False,True,58812.222245516394,0.9322954372595497,2019-11-24,False,,128,0.02267745167287183,combined,35366702.869595565,11.14731849092501,HR_2998,2-3,0.9549728889324215,2,1.6290000530716497
57.61236085154044,1.0737424650392111,False,0.001941958797260865,False,False,True,58812.222245516394,0.9360104403661894,2019-11-24,False,,129,0.029392735743294485,combined,34354419.108334824,15.135612446954575,HR_2998,2-3,0.9654031761094839,3,1.6770000001997687
57.61236085154044,1.0737424650392111,False,0.0018412463904493928,False,False,True,58812.222245516394,0.9394305730817345,2019-11-24,False,,130,0.03667609743019584,combined,33398471.07867157,19.919168678584246,HR_2998,2-3,0.9761066705119303,4,1.7249999473278876
57.61236085154044,1.0737424650392111,False,0.0017295522207458796,False,False,True,58812.222245516394,0.9425859629585206,2019-11-24,False,,131,0.026082822477722978,combined,32494281.21091064,15.080679360160984,HR_2998,2-3,0.9686687854362436,5,1.7730000081428443
89.07071527149928,1.0737424650392111,False,0.004965618761179419,False,False,True,58812.222245516394,0.8260764663190232,2019-11-24,False,,132,0.02206280400316618,combined,58102226.124871925,4.443112744709763,HR_2998,2-4,0.8481392703221894,0,1.5330000451285741
89.07071527149928,1.0737424650392111,False,0.0045591847483044436,False,False,False,58812.222245516394,0.8357101307615596,2019-11-24,False,,133,0.0016378572468702668,combined,56338213.60388575,0.35924344752192466,HR_2998,2-4,0.8373479880084299,1,1.580999992256693
89.07071527149928,1.0737424650392111,False,0.004409183608062843,False,False,True,58812.222245516394,0.8445866204173725,2019-11-24,False,,134,0.01593890904387818,combined,54678153.6952974,3.6149342963925415,HR_2998,2-4,0.8605255294612507,2,1.6290000530716497
89.07071527149928,1.0737424650392111,False,0.004132265324154497,False,False,False,58812.222245516394,0.852780796697449,2019-11-24,False,,135,0.002269058127349566,combined,53113127.76439412,0.5491075594991804,HR_2998,2-4,0.8550498548247986,3,1.6770000001997687
89.07071527149928,1.0737424650392111,False,0.003880682115356282,False,False,False,58812.222245516394,0.8603588850442586,2019-11-24,False,,136,-0.005327345245662141,combined,51635198.83549813,-1.3727857854116046,HR_2998,2-4,0.8550315397985965,4,1.7249999473278876
89.07071527149928,1.0737424650392111,False,0.0037315298610807986,False,False,False,58812.222245516394,0.8673795333387615,2019-11-24,False,,137,-0.0034150132522124954,combined,50237289.82652276,-0.9151777901687145,HR_2998,2-4,0.863964520086549,5,1.7730000081428443
42.12309542008682,1.0737424650392111,False,0.0011153291719833243,False,False,True,58812.222245516394,0.9586560640159806,2019-11-24,False,,138,-0.03573973688734311,combined,27477556.542768344,-32.044115571539514,HR_2998,3-4,0.9229163271286375,0,1.5330000451285741
42.12309542008682,1.0737424650392111,False,0.0010556212980376946,False,False,True,58812.222245516394,0.9610873707165121,2019-11-24,False,,139,-0.03567791081691396,combined,26643324.2418686,-33.7980210168514,HR_2998,3-4,0.9254094598995981,1,1.580999992256693
42.12309542008682,1.0737424650392111,False,0.0009969139055975111,False,False,True,58812.222245516394,0.9633114600242724,2019-11-24,False,,140,-0.03151939468974274,combined,25858252.945209745,-31.616967636589692,HR_2998,3-4,0.9317920653345296,2,1.6290000530716497
42.12309542008682,1.0737424650392111,False,0.0009487203464692093,False,False,True,58812.222245516394,0.9653510995068038,2019-11-24,False,,141,-0.03248362156847351,combined,25118124.874817535,-34.23940646932016,HR_2998,3-4,0.9328674779383302,3,1.6770000001997687
42.12309542008682,1.0737424650392111,False,0.0008941249287074188,False,False,True,58812.222245516394,0.9672260425615948,2019-11-24,False,,142,-0.03226192543002149,combined,24419186.496404033,-36.08212274839553,HR_2998,3-4,0.9349641171315733,4,1.7249999473278876
42.12309542008682,1.0737424650392111,False,0.0008585466087586624,False,False,True,58812.222245516394,0.9689534795812581,2019-11-24,False,,143,-0.0252728061572961,combined,23758090.934364572,-29.436731680574717,HR_2998,3-4,0.943680673423962,5,1.7730000081428443
84.95600719507036,1.1137989306250182,False,0.006002197245189133,False,False,False,59462.25978115296,0.3591906547461827,2021-09-04,False,,0,0.00027623586410618906,combined,55418137.43909252,0.04602245691402378,bet_Hyi,1-2,0.3594668906102889,0,1.5330000451285741
84.95600719507036,1.1137989306250182,False,0.006254058337572332,False,False,False,59462.25978115296,0.3840026086139685,2021-09-04,False,,1,0.00136175649887188,combined,53735615.18732557,0.2177396540564538,bet_Hyi,1-2,0.3853643651128404,1,1.580999992256693
84.95600719507036,1.1137989306250182,False,0.006064197649826584,False,False,False,59462.25978115296,0.4078514541951339,2021-09-04,False,,2,0.0004873921376921664,combined,52152243.35620919,0.0803720732463435,bet_Hyi,1-2,0.4083388463328261,2,1.6290000530716497
84.95600719507036,1.1137989306250182,False,0.005850927912636502,False,False,False,59462.25978115296,0.4307251058994444,2021-09-04,False,,3,-0.003667518673488579,combined,50659515.31601083,-0.6268268432375795,bet_Hyi,1-2,0.4270575872259558,3,1.6770000001997687
84.95600719507036,1.1137989306250182,False,0.006001075737871807,False,False,False,59462.25978115296,0.4526261123248837,2021-09-04,False,,4,-0.003996057539996434,combined,49249860.747341774,-0.6658902027811395,bet_Hyi,1-2,0.44863005478488727,4,1.7249999473278876
84.95600719507036,1.1137989306250182,False,0.005860099200944761,False,False,False,59462.25978115296,0.4735678819894743,2021-09-04,False,,5,-0.009553538385649929,combined,47916529.50078596,-1.6302690548497394,bet_Hyi,1-2,0.4640143436038244,5,1.7730000081428443
129.15592341806123,1.1137989306250182,False,0.00315672378220914,False,False,False,59462.25978115296,0.061449891594110545,2021-09-04,False,,6,0.007699956538805161,combined,84250436.80101706,2.4392240405071406,bet_Hyi,1-3,0.0691498481329157,0,1.5330000451285741
129.15592341806123,1.1137989306250182,False,0.003492352011886951,False,False,False,59462.25978115296,0.07687131026571041,2021-09-04,False,,7,0.006503747681247493,combined,81692551.58167726,1.8622829712212936,bet_Hyi,1-3,0.0833750579469579,1,1.580999992256693
129.15592341806123,1.1137989306250182,False,0.0039015961375065177,False,False,False,59462.25978115296,0.09333022255214887,2021-09-04,False,,8,0.007948714931636805,combined,79285401.60236597,2.0372982367972026,bet_Hyi,1-3,0.10127893748378568,2,1.6290000530716497
129.15592341806123,1.1137989306250182,False,0.004189505700206764,False,False,False,59462.25978115296,0.110619516115748,2021-09-04,False,,9,0.008126560343453604,combined,77016054.50368267,1.939742042373289,bet_Hyi,1-3,0.1187460764592016,3,1.6770000001997687
129.15592341806123,1.1137989306250182,False,0.0045107780653185015,False,False,False,59462.25978115296,0.12854948010515893,2021-09-04,False,,10,0.00799687110686384,combined,74873001.36914805,1.7728363025324743,bet_Hyi,1-3,0.13654635121202277,4,1.7249999473278876
129.15592341806123,1.1137989306250182,False,0.004823236480754587,False,False,False,59462.25978115296,0.1469493567921007,2021-09-04,False,,11,0.0065569498727285624,combined,72845980.1606812,1.3594502154086252,bet_Hyi,1-3,0.15350630666482926,5,1.7730000081428443
110.15701492480073,1.1137989306250182,False,0.006309530663957504,False,False,False,59462.25978115296,0.15643279291450038,2021-09-04,False,,12,0.016073667767169897,combined,71857150.47748858,2.5475219351875005,bet_Hyi,1-4,0.17250646068167028,0,1.5330000451285741
110.15701492480073,1.1137989306250182,False,0.006072030669823642,False,False,False,59462.25978115296,0.17852399569215247,2021-09-04,False,,13,0.010427237784018328,combined,69675531.60298531,1.717257100798073,bet_Hyi,1-4,0.1889512334761708,1,1.580999992256693
110.15701492480073,1.1137989306250182,False,0.005823026658613362,False,False,False,59462.25978115296,0.20076131255324464,2021-09-04,False,,14,0.005669937893491295,combined,67622474.73048769,0.973709760559722,bet_Hyi,1-4,0.20643125044673594,2,1.6290000530716497
110.15701492480073,1.1137989306250182,False,0.005828661244079704,False,False,False,59462.25978115296,0.22298003025889085,2021-09-04,False,,15,0.0049429735239541195,combined,65686949.857888214,0.8480461150448233,bet_Hyi,1-4,0.22792300378284497,3,1.6770000001997687
110.15701492480073,1.1137989306250182,False,0.005994464963328386,False,False,False,59462.25978115296,0.24504432636155146,2021-09-04,False,,16,0.005807601886952646,combined,63859141.03675164,0.9688273970206032,bet_Hyi,1-4,0.2508519282485041,4,1.7249999473278876
110.15701492480073,1.1137989306250182,False,0.005830273316692855,False,False,False,59462.25978115296,0.26684372265281536,2021-09-04,False,,17,0.004053718645387061,combined,62130295.7805321,0.6952879265163643,bet_Hyi,1-4,0.2708974412982024,5,1.7730000081428443
51.7497140390989,1.1137989306250182,False,0.0037258238088463402,False,False,False,59462.25978115296,0.6983050348787833,2021-09-04,False,,18,-0.009718026231880672,combined,33757151.021322116,-2.608289261775304,bet_Hyi,2-3,0.6885870086469026,0,1.5330000451285741
51.7497140390989,1.1137989306250182,False,0.003335748161797001,False,False,True,59462.25978115296,0.7139006335172751,2021-09-04,False,,19,-0.013322828602482795,combined,32732267.1047153,-3.9939551657597714,bet_Hyi,2-3,0.7005778049147923,1,1.580999992256693
51.7497140390989,1.1137989306250182,False,0.0033040090078419286,False,False,False,59462.25978115296,0.7283896257318322,2021-09-04,False,,20,-0.007934562099110365,combined,31767779.2223023,-2.4014952986744316,bet_Hyi,2-3,0.7204550636327218,2,1.6290000530716497
51.7497140390989,1.1137989306250182,False,0.003129965090359892,False,False,True,59462.25978115296,0.7418658060223697,2021-09-04,False,,21,-0.013869244103971612,combined,30858505.684516598,-4.431117825143822,bet_Hyi,2-3,0.7279965619183981,3,1.6770000001997687
51.7497140390989,1.1137989306250182,False,0.0033374810177558842,False,False,False,59462.25978115296,0.7544145922841307,2021-09-04,False,,22,0.003572349021922161,combined,29999835.14159628,1.0703728359552442,bet_Hyi,2-3,0.7579869413060528,4,1.7249999473278876
51.7497140390989,1.1137989306250182,False,0.0029401722981593813,False,False,False,59462.25978115296,0.7661135759981462,2021-09-04,False,,23,-0.004309194120137749,combined,29187655.838369068,-1.4656263929958828,bet_Hyi,2-3,0.7618043818780085,5,1.7730000081428443
81.05391563918816,1.1137989306250182,False,0.007224285582356943,False,False,False,59462.25978115296,0.3969430188920394,2021-09-04,False,,24,-0.012849655572703511,combined,52872741.84808657,-1.778674918954585,bet_Hyi,2-4,0.3840933633193359,0,1.5330000451285741
81.05391563918816,1.1137989306250182,False,0.006691183517036918,False,False,False,59462.25978115296,0.421366393671767,2021-09-04,False,,25,-0.014529054731601432,combined,51267499.07411015,-2.1713729259716055,bet_Hyi,2-4,0.40683733894016555,1,1.580999992256693
81.05391563918816,1.1137989306250182,False,0.007104160705063242,False,False,False,59462.25978115296,0.44471859437353795,2021-09-04,False,,26,-0.0011086726945664371,combined,49756852.66943518,-0.15605963048897098,bet_Hyi,2-4,0.4436099216789715,2,1.6290000530716497
81.05391563918816,1.1137989306250182,False,0.006276837888701318,False,False,False,59462.25978115296,0.46701040093981944,2021-09-04,False,,27,-0.01531023321709174,combined,48332686.72005534,-2.4391633954177903,bet_Hyi,2-4,0.4517001677227277,3,1.6770000001997687
81.05391563918816,1.1137989306250182,False,0.006083277856382706,False,False,True,59462.25978115296,0.488263608897836,2021-09-04,False,,28,-0.029486016587677022,combined,46987778.61688911,-4.847060628134824,bet_Hyi,2-4,0.45877759231015897,4,1.7249999473278876
81.05391563918816,1.1137989306250182,False,0.006160249738991545,False,False,True,59462.25978115296,0.5085077416981287,2021-09-04,False,,29,-0.03308233704173463,combined,45715688.24982089,-5.370291537425613,bet_Hyi,2-4,0.4754254046563941,5,1.7730000081428443
68.76166707322834,1.1137989306250182,False,0.007318224533743325,False,False,True,59462.25978115296,0.5222748142403166,2021-09-04,False,,30,-0.030549674248537995,combined,44854315.10046775,-4.174465282894459,bet_Hyi,3-4,0.49172513999177864,0,1.5330000451285741
68.76166707322834,1.1137989306250182,False,0.006847595503648453,False,False,False,59462.25978115296,0.544105018176907,2021-09-04,False,,31,-0.02043231706925963,combined,43492515.75585341,-2.9838674113231614,bet_Hyi,3-4,0.5236727011076474,1,1.580999992256693
68.76166707322834,1.1137989306250182,False,0.007258586066547788,False,False,False,59462.25978115296,0.5646842153844663,2021-09-04,False,,32,-0.012610604416462667,combined,42210966.74832578,-1.7373362113291466,bet_Hyi,3-4,0.5520736109680037,2,1.6290000530716497
68.76166707322834,1.1137989306250182,False,0.00680662025017218,False,False,False,59462.25978115296,0.5840796767091563,2021-09-04,False,,33,-0.014594900256284515,combined,41002782.98451835,-2.144221319812182,bet_Hyi,3-4,0.5694847764528718,3,1.6770000001997687
68.76166707322834,1.1137989306250182,False,0.006327285583643576,False,False,False,59462.25978115296,0.602358975991598,2021-09-04,False,,34,-0.016743047175142745,combined,39861837.20164377,-2.6461658722066463,bet_Hyi,3-4,0.5856159288164553,4,1.7249999473278876
68.76166707322834,1.1137989306250182,False,0.006561463930615821,False,False,True,59462.25978115296,0.6195885191182435,2021-09-04,False,,35,-0.02273258504541298,combined,38782665.965835944,-3.464559934459539,bet_Hyi,3-4,0.5968559340728306,5,1.7730000081428443
85.36394574776882,1.1137989306250182,False,0.00553463653353899,False,False,False,59462.26992284091,0.35532070064202403,2021-09-04,False,,36,0.007157189147363741,combined,55684242.162308134,1.2931633548097239,bet_Hyi,1-2,0.3624778897893878,0,1.5330000451285741
85.36394574776882,1.1137989306250182,False,0.005643450529378483,False,False,False,59462.26992284091,0.38016047570153916,2021-09-04,False,,37,0.0050785369122369195,combined,53993640.83861996,0.8998992523810113,bet_Hyi,1-2,0.3852390126137761,1,1.580999992256693
85.36394574776882,1.1137989306250182,False,0.005380197025828355,False,False,False,59462.26992284091,0.40404975911558444,2021-09-04,False,,38,0.005494223765869666,combined,52402666.03233449,1.0211937851892616,bet_Hyi,1-2,0.4095439828814541,2,1.6290000530716497
85.36394574776882,1.1137989306250182,False,0.0051164537258942076,False,False,False,59462.26992284091,0.4269739791082731,2021-09-04,False,,39,0.001576245870248405,combined,50902770.26690521,0.30807390327231443,bet_Hyi,1-2,0.4285502249785215,3,1.6770000001997687
85.36394574776882,1.1137989306250182,False,0.005208107024245636,False,False,False,59462.26992284091,0.4489335717144294,2021-09-04,False,,40,0.0011677768790099297,combined,49486346.87206913,0.22422290355660948,bet_Hyi,1-2,0.4501013485934393,4,1.7249999473278876
85.36394574776882,1.1137989306250182,False,0.005013689064233881,False,False,False,59462.26992284091,0.4699401606235914,2021-09-04,False,,41,-0.0052901998871472955,combined,48146613.28579721,-1.055151170998209,bet_Hyi,1-2,0.4646499607364441,5,1.7730000081428443
129.20668410933294,1.1137989306250182,False,0.0031307035125934268,False,False,True,59462.26992284091,0.06126391711760001,2021-09-04,False,,42,0.010128017849694464,combined,84283548.79695797,3.2350613237420776,bet_Hyi,1-3,0.07139193496729447,0,1.5330000451285741
129.20668410933294,1.1137989306250182,False,0.003455838118659801,False,False,False,59462.26992284091,0.07666466856448359,2021-09-04,False,,43,0.009388458216841825,combined,81724658.28093109,2.716695022879931,bet_Hyi,1-3,0.08605312678132541,1,1.580999992256693
129.20668410933294,1.1137989306250182,False,0.0038320072452222866,False,False,False,59462.26992284091,0.09310487479293066,2021-09-04,False,,44,0.010923228647523014,combined,79316562.24669866,2.850524007004945,bet_Hyi,1-3,0.10402810344045367,2,1.6290000530716497
129.20668410933294,1.1137989306250182,False,0.004094170220135304,False,False,False,59462.26992284091,0.110377458898802,2021-09-04,False,,45,0.011199738501068535,combined,77046323.25220124,2.7355331847190283,bet_Hyi,1-3,0.12157719739987054,3,1.6770000001997687
129.20668410933294,1.1137989306250182,False,0.0044000700660481885,False,False,False,59462.26992284091,0.12829268524851517,2021-09-04,False,,46,0.011430918654890626,combined,74902427.85774031,2.5978946887900394,bet_Hyi,1-3,0.1397236039034058,4,1.7249999473278876
129.20668410933294,1.1137989306250182,False,0.004650975891205849,False,False,False,59462.26992284091,0.14667972880039615,2021-09-04,False,,47,0.009688892160074847,combined,72874609.99206223,2.0831955242758373,bet_Hyi,1-3,0.156368620960471,5,1.7730000081428443
109.23071330092914,1.1137989306250182,False,0.0063919394173849575,False,False,False,59462.26992284091,0.16239092024841048,2021-09-04,False,,48,0.018498408305709063,combined,71252909.38381405,2.894021219193134,bet_Hyi,1-4,0.18088932855411954,0,1.5330000451285741
109.23071330092914,1.1137989306250182,False,0.00614190276267785,False,False,False,59462.26992284091,0.18472818982021774,2021-09-04,False,,49,0.01342248531139506,combined,69089635.56983642,2.185395280589382,bet_Hyi,1-4,0.1981506751316128,1,1.580999992256693
109.23071330092914,1.1137989306250182,False,0.005840506650792877,False,False,False,59462.26992284091,0.20716420869588034,2021-09-04,False,,50,0.009394605718341997,combined,67053842.690160275,1.6085258146340156,bet_Hyi,1-4,0.21655881441422234,2,1.6290000530716497
109.23071330092914,1.1137989306250182,False,0.005825795897212933,False,False,False,59462.26992284091,0.22953873768881064,2021-09-04,False,,51,0.009051584581221767,combined,65134593.49309319,1.553707809357354,bet_Hyi,1-4,0.2385903222700324,3,1.6770000001997687
109.23071330092914,1.1137989306250182,False,0.005957746856612677,False,False,False,59462.26992284091,0.2517204122605328,2021-09-04,False,,52,0.009309912138678988,combined,63322154.57173379,1.562656548313335,bet_Hyi,1-4,0.2610303243992118,4,1.7249999473278876
109.23071330092914,1.1137989306250182,False,0.005765910422665508,False,False,False,59462.26992284091,0.27360305192867207,2021-09-04,False,,53,0.008264082470055778,combined,61607847.03850312,1.4332658442923567,bet_Hyi,1-4,0.28186713439872785,5,1.7730000081428443
51.39187101208266,1.1137989306250182,False,0.003374421621513976,False,False,True,59462.26992284091,0.7018740270267206,2021-09-04,False,,54,-0.011081370837833227,combined,33523724.396089222,-3.283931909155274,bet_Hyi,2-3,0.6907926561888874,0,1.5330000451285741
51.39187101208266,1.1137989306250182,False,0.003026619209744872,False,False,True,59462.26992284091,0.7173178596957483,2021-09-04,False,,55,-0.018368384392165482,combined,32505927.428074658,-6.068944627399573,bet_Hyi,2-3,0.6989494753035829,1,1.580999992256693
51.39187101208266,1.1137989306250182,False,0.002986759141419904,False,False,True,59462.26992284091,0.7316622321830983,2021-09-04,False,,56,-0.013332175030097648,combined,31548108.86296653,-4.463759680253139,bet_Hyi,2-3,0.7183300571530007,2,1.6290000530716497
51.39187101208266,1.1137989306250182,False,0.0028537085172695834,False,False,True,59462.26992284091,0.7450008398557335,2021-09-04,False,,57,-0.016188971447961054,combined,30645122.841956306,-5.672959011052255,bet_Hyi,2-3,0.7288118684077725,3,1.6770000001997687
51.39187101208266,1.1137989306250182,False,0.002903731063850283,False,False,False,59462.26992284091,0.7574189212802988,2021-09-04,False,,58,0.0024603900873931828,combined,29792389.90220914,0.8473202349981959,bet_Hyi,2-3,0.7598793113676919,4,1.7249999473278876
51.39187101208266,1.1137989306250182,False,0.0026759760764687684,False,False,True,59462.26992284091,0.7689938354593708,2021-09-04,False,,59,-0.0084042495838349,combined,28985826.720843535,-3.1406295660629335,bet_Hyi,2-3,0.7605895858755359,5,1.7730000081428443
80.74779629376351,1.1137989306250182,False,0.007042818641994202,False,False,False,59462.26992284091,0.3999571578246316,2021-09-04,False,,60,-0.008964723354974669,combined,52673055.392500736,-1.2728885707095634,bet_Hyi,2-4,0.3909924344696569,0,1.5330000451285741
80.74779629376351,1.1137989306250182,False,0.006694908540446901,False,False,False,59462.26992284091,0.4243407607222646,2021-09-04,False,,61,-0.004205395961024094,combined,51073875.19876294,-0.6281483810596424,bet_Hyi,2-4,0.4201353647612405,1,1.580999992256693
80.74779629376351,1.1137989306250182,False,0.006997659810305296,False,False,False,59462.26992284091,0.4476457066938759,2021-09-04,False,,62,0.008410832168220306,combined,49568934.10869147,1.2019492796482993,bet_Hyi,2-4,0.4560565388620962,2,1.6290000530716497
80.74779629376351,1.1137989306250182,False,0.006255588703852241,False,False,False,59462.26992284091,0.4698844896773452,2021-09-04,False,,63,-0.0013454837559063737,combined,48150146.85995505,-0.21508507346044253,bet_Hyi,2-4,0.4685390059214388,3,1.6770000001997687
80.74779629376351,1.1137989306250182,False,0.006026094262226192,False,False,False,59462.26992284091,0.4910803342194925,2021-09-04,False,,64,-0.01473900887548224,combined,46810318.12136919,-2.445864308474537,bet_Hyi,2-4,0.47634132534401025,4,1.7249999473278876
80.74779629376351,1.1137989306250182,False,0.005999382936106759,False,False,False,59462.26992284091,0.5112639491327845,2021-09-04,False,,65,-0.016146112892602316,combined,45543032.10542227,-2.6912955989904153,bet_Hyi,2-4,0.4951178362401822,5,1.7730000081428443
69.26473556636451,1.1137989306250182,False,0.006477782349766358,False,False,True,59462.26992284091,0.5170252685247354,2021-09-04,False,,66,-0.028154654406681245,combined,45182474.577523716,-4.346341523453121,bet_Hyi,3-4,0.48887061411805416,0,1.5330000451285741
69.26473556636451,1.1137989306250182,False,0.006012043413021998,False,False,True,59462.26992284091,0.5389990435393911,2021-09-04,False,,67,-0.019578554622895816,combined,43810712.14775731,-3.2565557628025363,bet_Hyi,3-4,0.5194204889164953,1,1.580999992256693
69.26473556636451,1.1137989306250182,False,0.006344253764339128,False,False,False,59462.26992284091,0.5597242464328105,2021-09-04,False,,68,-0.006579403150700602,combined,42519787.17604006,-1.0370649401956842,bet_Hyi,3-4,0.5531448432821099,2,1.6290000530716497
69.26473556636451,1.1137989306250182,False,0.005937312993276048,False,False,False,59462.26992284091,0.5792664041821022,2021-09-04,False,,69,-0.005250934912138572,combined,41302764.19684765,-0.8843958400180699,bet_Hyi,3-4,0.5740154692699636,3,1.6770000001997687
69.26473556636451,1.1137989306250182,False,0.0053933856836266975,False,False,False,59462.26992284091,0.5976917341642985,2021-09-04,False,,70,-0.00867940328013117,combined,40153471.11961313,-1.6092680533639943,bet_Hyi,3-4,0.5890123308841674,4,1.7249999473278876
69.26473556636451,1.1137989306250182,False,0.0055872653655820725,False,False,False,59462.26992284091,0.615065598026021,2021-09-04,False,,71,-0.014571727974692972,combined,39066404.53934171,-2.6080250393073845,bet_Hyi,3-4,0.600493870051328,5,1.7730000081428443
81.57108026326986,1.0236472992362238,False,0.003437049588153528,False,False,False,59468.173461918195,0.3918672577772535,2021-09-10,False,,72,0.000664277247443612,combined,53210096.45269021,0.19326961407050255,bet_Hyi,1-2,0.3925315350246971,0,1.5330000451285741
81.57108026326986,1.0236472992362238,False,0.0029428069178933074,False,False,False,59468.173461918195,0.41635478068304166,2021-09-10,False,,73,-0.001189048667467496,combined,51594611.42491004,-0.40405255956062197,bet_Hyi,1-2,0.41516573201557416,1,1.580999992256693
81.57108026326986,1.0236472992362238,False,0.0030716893761485804,False,False,False,59468.173461918195,0.43978410631985404,2021-09-10,False,,74,0.006643833151098899,combined,50074326.33870028,2.1629248070093694,bet_Hyi,1-2,0.44642793947095294,2,1.6290000530716497
81.57108026326986,1.0236472992362238,False,0.0030981924915106296,False,False,False,59468.173461918195,0.4621630903340371,2021-09-10,False,,75,0.005659677909455929,combined,48641073.496453725,1.8267676798533456,bet_Hyi,1-2,0.467822768243493,3,1.6770000001997687
81.57108026326986,1.0236472992362238,False,0.003289662740962184,False,False,True,59468.173461918195,0.4835110855959041,2021-09-10,False,,76,0.011324590556921421,combined,47287584.20522134,3.4424776789152327,bet_Hyi,1-2,0.49483567615282553,4,1.7249999473278876
81.57108026326986,1.0236472992362238,False,0.0032380796500635508,False,False,False,59468.173461918195,0.5038555856499197,2021-09-10,False,,77,0.009162013707475603,combined,46007377.26375575,2.829459030538606,bet_Hyi,1-2,0.5130175993573953,5,1.7730000081428443
128.14269855765937,1.0236472992362238,False,0.0011392463475638913,False,False,False,59468.173461918195,0.06523440318071357,2021-09-10,False,,78,0.0027206457596694322,combined,83589494.31531943,2.3881101444714994,bet_Hyi,1-3,0.067955048940383,0,1.5330000451285741
128.14269855765937,1.0236472992362238,False,0.0012570122812408362,False,False,False,59468.173461918195,0.08106655700465586,2021-09-10,False,,79,0.0007376774434776634,combined,81051675.6390053,0.5868498299391943,bet_Hyi,1-3,0.08180423444813352,1,1.580999992256693
128.14269855765937,1.0236472992362238,False,0.0015127828951946717,False,False,False,59468.173461918195,0.09789638994767845,2021-09-10,False,,80,0.0032699622847437854,combined,78663409.68868168,2.161554242271487,bet_Hyi,1-3,0.10116635223242224,2,1.6290000530716497
128.14269855765937,1.0236472992362238,False,0.0016886237905900504,False,False,False,59468.173461918195,0.11551626292046986,2021-09-10,False,,81,0.0029992915074057297,combined,76411865.55897118,1.776175086552403,bet_Hyi,1-3,0.11851555442787559,3,1.6770000001997687
128.14269855765937,1.0236472992362238,False,0.0018545270322153499,False,False,False,59468.173461918195,0.1337371102893312,2021-09-10,False,,82,0.004039594384137396,combined,74285624.62054501,2.1782342958419134,bet_Hyi,1-3,0.1377767046734686,4,1.7249999473278876
128.14269855765937,1.0236472992362238,False,0.001923389642312359,False,False,False,59468.173461918195,0.15238964110457986,2021-09-10,False,,83,0.003311118023016091,combined,72274505.34074412,1.7215014317303703,bet_Hyi,1-3,0.15570075912759596,5,1.7730000081428443
115.24416410623485,1.0236472992362238,False,0.0015003848061970592,False,False,True,59468.173461918195,0.12592309519255138,2021-09-10,False,,84,-0.005562935120155155,combined,75175577.76494992,-3.7076722565961013,bet_Hyi,1-4,0.12036016007239622,0,1.5330000451285741
115.24416410623485,1.0236472992362238,False,0.0014996621487077559,False,False,True,59468.173461918195,0.14650471040804358,2021-09-10,False,,85,-0.009900473889101508,combined,72893209.7853696,-6.601802877823281,bet_Hyi,1-4,0.13660423651894207,1,1.580999992256693
115.24416410623485,1.0236472992362238,False,0.0016149493650624287,False,False,True,59468.173461918195,0.16749105314789842,2021-09-10,False,,86,-0.010348223564946385,combined,70745340.91569239,-6.40776967304257,bet_Hyi,1-4,0.15714282958295203,2,1.6290000530716497
115.24416410623485,1.0236472992362238,False,0.0017377414971329243,False,False,True,59468.173461918195,0.188696211752967,2021-09-10,False,,87,-0.01139824058375058,combined,68720431.77847743,-6.55922679095618,bet_Hyi,1-4,0.17729797116921642,3,1.6770000001997687
115.24416410623485,1.0236472992362238,False,0.0018908177061129994,False,False,True,59468.173461918195,0.20996231963765277,2021-09-10,False,,88,-0.005972387764702325,combined,66808213.11603742,-3.1586269503366933,bet_Hyi,1-4,0.20398993187295045,4,1.7249999473278876
115.24416410623485,1.0236472992362238,False,0.0019507968956155135,False,False,True,59468.173461918195,0.2311569953302569,2021-09-10,False,,89,-0.007929668995649675,combined,64999528.24419279,-4.064835767102097,bet_Hyi,1-4,0.22322732633460723,5,1.7730000081428443
53.72734848359325,1.0236472992362238,True,0.0025222351878802143,False,True,True,59468.173461918195,0.6784160626573781,2021-09-10,False,,90,0.05124864293993492,combined,35047193.02150255,20.318740768582447,bet_Hyi,2-3,0.729664705597313,0,1.5330000451285741
53.72734848359325,1.0236472992362238,False,0.003597636829774837,False,False,True,59468.173461918195,0.6948406351806191,2021-09-10,False,,91,0.03127417084159201,combined,33983142.78730877,8.692976062163936,bet_Hyi,2-3,0.7261148060222111,1,1.580999992256693
53.72734848359325,1.0236472992362238,False,0.0029746288193940647,False,False,True,59468.173461918195,0.7101216688549598,2021-09-10,False,,92,0.04386053785989774,combined,32981796.644072987,14.744877604202122,bet_Hyi,2-3,0.7539822067148575,2,1.6290000530716497
53.72734848359325,1.0236472992362238,False,0.0033070256371146617,False,False,True,59468.173461918195,0.724353052026883,2021-09-10,False,,93,0.03846299504001782,combined,32037774.882047173,11.630691521816052,bet_Hyi,2-3,0.7628160470669009,3,1.6770000001997687
53.72734848359325,1.0236472992362238,True,0.003311882363015006,False,True,True,59468.173461918195,0.7376208174563551,2021-09-10,False,,94,0.05450981032428859,combined,31146289.92703428,16.458860656712766,bet_Hyi,2-3,0.7921306277806437,4,1.7249999473278876
53.72734848359325,1.0236472992362238,False,0.003193592423515089,False,False,True,59468.173461918195,0.7500035296505626,2021-09-10,False,,95,0.04961991544988409,combined,30303072.891618755,15.537335035154227,bet_Hyi,2-3,0.7996234451004467,5,1.7730000081428443
81.39207236837743,1.0236472992362238,False,0.0027987983667638466,False,False,True,59468.173461918195,0.3936217911513931,2021-09-10,False,,96,-0.018692903618975076,combined,53093326.79214044,-6.678903289696082,bet_Hyi,2-4,0.37492888753241804,0,1.5330000451285741
81.39207236837743,1.0236472992362238,False,0.003048613419726015,False,False,True,59468.173461918195,0.41808754375011253,2021-09-10,False,,97,-0.018806624179741327,combined,51481386.94940772,-6.168910776962831,bet_Hyi,2-4,0.3992809195703712,1,1.580999992256693
81.39207236837743,1.0236472992362238,False,0.0029284027423812646,False,False,False,59468.173461918195,0.44149055988361313,2021-09-10,False,,98,-0.006856508878353429,combined,49964438.13178776,-2.341381798043933,bet_Hyi,2-4,0.4346340510052597,2,1.6290000530716497
81.39207236837743,1.0236472992362238,False,0.0030073217876735573,False,False,False,59468.173461918195,0.4638397114067032,2021-09-10,False,,99,-0.008696652227140667,combined,48534330.56570172,-2.8918262963366934,bet_Hyi,2-4,0.45514305917956255,3,1.6770000001997687
81.39207236837743,1.0236472992362238,False,0.0030720026336064883,False,False,True,59468.173461918195,0.48515520067392987,2021-09-10,False,,100,-0.015152974207775005,combined,47183811.509361416,-4.932604562902221,bet_Hyi,2-4,0.47000222646615486,4,1.7249999473278876
81.39207236837743,1.0236472992362238,False,0.0033166106726247235,False,False,True,59468.173461918195,0.5054652277008236,2021-09-10,False,,101,-0.011499581742000553,combined,45906413.98452828,-3.4672691120842143,bet_Hyi,2-4,0.49396564595882303,5,1.7730000081428443
63.96138281357272,1.0236472992362238,False,0.0033546487509909435,False,False,False,59468.173461918195,0.5725201866456574,2021-09-10,False,,102,0.00761843564020126,combined,41723014.30572249,2.271008444013943,bet_Hyi,3-4,0.5801386222858587,0,1.5330000451285741
63.96138281357272,1.0236472992362238,False,0.004001473729616111,False,False,False,59468.173461918195,0.5928415892812251,2021-09-10,False,,103,0.006896338490994358,combined,40456282.81267434,1.7234496480515373,bet_Hyi,3-4,0.5997379277722195,1,1.580999992256693
63.96138281357272,1.0236472992362238,False,0.00481885660580747,False,False,False,59468.173461918195,0.6119094655399696,2021-09-10,False,,104,0.007575116880666477,combined,39264199.34300607,1.5719739142138585,bet_Hyi,3-4,0.6194845824206361,2,1.6290000530716497
63.96138281357272,1.0236472992362238,False,0.005021535401961889,False,False,False,59468.173461918195,0.6298049799551894,2021-09-10,False,,105,0.010333637294111964,combined,38140359.45495138,2.0578640728241533,bet_Hyi,3-4,0.6401386172493013,3,1.6770000001997687
63.96138281357272,1.0236472992362238,False,0.004988229584454494,False,False,True,59468.173461918195,0.646606236051429,2021-09-10,False,,106,0.01648330828738509,combined,37079063.63281468,3.304440585243769,bet_Hyi,3-4,0.6630895443388141,4,1.7249999473278876
63.96138281357272,1.0236472992362238,False,0.004685889256359249,False,False,True,59468.173461918195,0.6623874945330981,2021-09-10,False,,107,0.017984187062520696,combined,36075229.84761294,3.837945388511742,bet_Hyi,3-4,0.6803716815956188,5,1.7730000081428443
82.09958260674534,1.0236472992362238,False,0.003259100420004379,False,False,False,59468.18334378655,0.38670199730424887,2021-09-10,False,,108,-0.0005622948708533526,combined,53554846.8296748,-0.17253069816504676,bet_Hyi,1-2,0.3861397024333955,0,1.5330000451285741
82.09958260674534,1.0236472992362238,False,0.002763521103878901,False,False,False,59468.18334378655,0.4112511092125668,2021-09-10,False,,109,-0.0016089898250377654,combined,51928895.0087582,-0.5822245477985944,bet_Hyi,1-2,0.40964211938752904,1,1.580999992256693
82.09958260674534,1.0236472992362238,False,0.002875853668097422,False,False,False,59468.18334378655,0.43475571710956723,2021-09-10,False,,110,0.003046833548823513,combined,50398759.933701664,1.0594536094178972,bet_Hyi,1-2,0.43780255065839074,2,1.6290000530716497
82.09958260674534,1.0236472992362238,False,0.0029163780740281767,False,False,False,59468.18334378655,0.4572206522059341,2021-09-10,False,,111,0.002255602004773427,combined,48956220.98805332,0.7734257862040265,bet_Hyi,1-2,0.45947625421070754,3,1.6770000001997687
82.09958260674534,1.0236472992362238,False,0.003129488091632887,False,False,True,59468.18334378655,0.4786627351020564,2021-09-10,False,,112,0.009414480472872744,combined,47593962.384707175,3.008313243959496,bet_Hyi,1-2,0.48807721557492917,4,1.7249999473278876
82.09958260674534,1.0236472992362238,False,0.0031167773917477356,False,False,True,59468.18334378655,0.4991073500920175,2021-09-10,False,,113,0.0118159150183062,combined,46305460.93044963,3.79106799529254,bet_Hyi,1-2,0.5109232651103237,5,1.7730000081428443
128.34810606693745,1.0236472992362238,False,0.001031774779581372,False,False,False,59468.18334378655,0.06445601888154573,2021-09-10,False,,114,0.002044658619686418,combined,83723484.85884929,1.9816908303535092,bet_Hyi,1-3,0.06650067750123215,0,1.5330000451285741
128.34810606693745,1.0236472992362238,False,0.001141613961869858,False,False,False,59468.18334378655,0.08020519315773844,2021-09-10,False,,115,0.00027980094686483326,combined,81181598.16290416,0.24509243598120087,bet_Hyi,1-3,0.08048499410460327,1,1.580999992256693
128.34810606693745,1.0236472992362238,False,0.0013700646524258582,False,False,False,59468.18334378655,0.09696021952527763,2021-09-10,False,,116,0.002141299050945067,combined,78789503.91985789,1.5629182514516005,bet_Hyi,1-3,0.0991015185762227,2,1.6290000530716497
128.34810606693745,1.0236472992362238,False,0.0015310868484458408,False,False,False,59468.18334378655,0.11451353794042658,2021-09-10,False,,117,0.001594500839458765,combined,76534350.65691608,1.0414176315845791,bet_Hyi,1-3,0.11610803877988535,3,1.6770000001997687
128.34810606693745,1.0236472992362238,False,0.0016821962668492072,False,False,False,59468.18334378655,0.1326759288788335,2021-09-10,False,,118,0.002518910181962153,combined,74404701.44115376,1.4973937533936694,bet_Hyi,1-3,0.13519483906079566,4,1.7249999473278876
128.34810606693745,1.0236472992362238,False,0.0017478593678596252,False,False,False,59468.18334378655,0.15127778518459462,2021-09-10,False,,119,0.0017386906471046626,combined,72390358.41933109,0.9947543143781697,bet_Hyi,1-3,0.15301647583169928,5,1.7730000081428443
114.66693781999686,1.0236472992362238,False,0.0014590829991581863,False,False,True,59468.18334378655,0.12919618479359257,2021-09-10,False,,120,-0.0050655889647916175,combined,74799043.99505718,-3.471762036645067,bet_Hyi,1-4,0.12413059582880095,0,1.5330000451285741
114.66693781999686,1.0236472992362238,False,0.001505808642049839,False,False,True,59468.18334378655,0.14996171953214663,2021-09-10,False,,121,-0.006751800743351882,combined,72528107.76825064,-4.483837158857541,bet_Hyi,1-4,0.14320991878879474,1,1.580999992256693
114.66693781999686,1.0236472992362238,False,0.0016257755636789766,False,False,True,59468.18334378655,0.17110293538069718,2021-09-10,False,,122,-0.007357129011821895,combined,70390996.98233917,-4.525304215529852,bet_Hyi,1-4,0.16374580636887529,2,1.6290000530716497
114.66693781999686,1.0236472992362238,False,0.0017732386415359447,False,False,True,59468.18334378655,0.19243601488795323,2021-09-10,False,,123,-0.007620052745139744,combined,68376230.05744629,-4.29725168775896,bet_Hyi,1-4,0.18481596214281348,3,1.6770000001997687
114.66693781999686,1.0236472992362238,False,0.001925564375100114,False,False,False,59468.18334378655,0.21380536303013536,2021-09-10,False,,124,-0.0027396629446403142,combined,66473589.17176882,-1.4227843950934507,bet_Hyi,1-4,0.21106570008549505,4,1.7249999473278876
114.66693781999686,1.0236472992362238,False,0.0020270270548959682,False,False,False,59468.18334378655,0.23508091909222067,2021-09-10,False,,125,-0.003704200796893986,combined,64673963.50443702,-1.8274057013432878,bet_Hyi,1-4,0.2313767182953267,5,1.7730000081428443
53.50124849530933,1.0236472992362238,False,0.002556356635513745,False,False,True,59468.18334378655,0.680703275133167,2021-09-10,False,,126,0.028044117415721992,combined,34899704.449012026,10.970346244386997,bet_Hyi,2-3,0.708747392548889,0,1.5330000451285741
53.50124849530933,1.0236472992362238,False,0.003526426057311652,False,False,False,59468.18334378655,0.697033981082242,2021-09-10,False,,127,0.008542884370471016,combined,33840132.04133072,2.422533248005667,bet_Hyi,2-3,0.705576865452713,1,1.580999992256693
53.50124849530933,1.0236472992362238,False,0.002984369025737261,False,False,True,59468.18334378655,0.7122251439627084,2021-09-10,False,,128,0.024872347856189414,combined,32842999.847929496,8.334206541379356,bet_Hyi,2-3,0.7370974918188978,2,1.6290000530716497
53.50124849530933,1.0236472992362238,False,0.0032497316512230625,False,False,True,59468.18334378655,0.7263706809753526,2021-09-10,False,,129,0.017742581718538708,combined,31902950.798411522,5.459706715125584,bet_Hyi,2-3,0.7441132626938913,3,1.6770000001997687
53.50124849530933,1.0236472992362238,False,0.0032629726901440242,False,False,True,59468.18334378655,0.739556587462559,2021-09-10,False,,130,0.03548381542725221,combined,31015217.466055855,10.874689676206266,bet_Hyi,2-3,0.7750404028898112,4,1.7249999473278876
53.50124849530933,1.0236472992362238,False,0.0031396078468298536,False,False,True,59468.18334378655,0.751861343998255,2021-09-10,False,,131,0.030705944115543393,combined,30175548.928141307,9.780184536915337,bet_Hyi,2-3,0.7825672881137984,5,1.7730000081428443
81.53207892604564,1.0236472992362238,False,0.002726640410491276,False,False,True,59468.18334378655,0.39224931233045535,2021-09-10,False,,132,-0.013769835674739273,combined,53184655.26803522,-5.050110612956944,bet_Hyi,2-4,0.3784794766557161,0,1.5330000451285741
81.53207892604564,1.0236472992362238,False,0.0030027012732856233,False,False,True,59468.18334378655,0.4167321311888741,2021-09-10,False,,133,-0.01123707213738978,combined,51569942.647291295,-3.7423210351837377,bet_Hyi,2-4,0.4054950590514843,1,1.580999992256693
81.53207892604564,1.0236472992362238,False,0.002962863484769815,False,False,False,59468.18334378655,0.4401557595277475,2021-09-10,False,,134,0.002006407582478331,combined,50050384.45045376,0.677185294831162,bet_Hyi,2-4,0.4421621671102258,2,1.6290000530716497
81.53207892604564,1.0236472992362238,False,0.002961917394965704,False,False,False,59468.18334378655,0.4625282747577467,2021-09-10,False,,135,-0.001724538820502608,combined,48617816.8851123,-0.582237311355733,bet_Hyi,2-4,0.4608037359372441,3,1.6770000001997687
81.53207892604564,1.0236472992362238,False,0.0030172367651857815,False,False,False,59468.18334378655,0.4838692151883128,2021-09-10,False,,136,-0.007062109526135674,combined,47264974.73367635,-2.340588450870489,bet_Hyi,2-4,0.4768071056621771,4,1.7249999473278876
81.53207892604564,1.0236472992362238,False,0.0032146063166869792,False,False,False,59468.18334378655,0.5042062286316222,2021-09-10,False,,137,-0.004574237622862853,combined,45985379.89373596,-1.4229542196560885,bet_Hyi,2-4,0.4996319910087594,5,1.7730000081428443
64.7770778738911,1.0236472992362238,False,0.0030259958809704906,False,False,True,59468.18334378655,0.5639753214212812,2021-09-10,False,,138,-0.009315226040636282,combined,42255105.00129058,-3.0784001059673365,bet_Hyi,3-4,0.5546600953806449,0,1.5330000451285741
64.7770778738911,1.0236472992362238,False,0.003709811831897783,False,False,False,59468.18334378655,0.584569952142419,2021-09-10,False,,139,-0.005461409418555108,combined,40972218.96973534,-1.472152676746756,bet_Hyi,3-4,0.5791085427238639,1,1.580999992256693
64.7770778738911,1.0236472992362238,False,0.0045952725508635476,False,False,False,59468.18334378655,0.6039088826599991,2021-09-10,False,,140,-0.0010957101895644472,combined,39764932.94260313,-0.23844291659230102,bet_Hyi,3-4,0.6028131724704346,2,1.6290000530716497
64.7770778738911,1.0236472992362238,False,0.00482392001576579,False,False,False,59468.18334378655,0.6220712725116313,2021-09-10,False,,141,0.005668923585633423,combined,38626760.8027279,1.1751694818956258,bet_Hyi,3-4,0.6277401960972647,3,1.6770000001997687
64.7770778738911,1.0236472992362238,False,0.004812906225474697,False,False,False,59468.18334378655,0.6391337464755106,2021-09-10,False,,142,0.013435601159853983,combined,37551930.3488873,2.791577589594285,bet_Hyi,3-4,0.6525693476353646,4,1.7249999473278876
64.7770778738911,1.0236472992362238,False,0.004581497292256388,False,False,True,59468.18334378655,0.6551695001829381,2021-09-10,False,,143,0.02263992740191023,combined,36535294.74133665,4.941600083487131,bet_Hyi,3-4,0.6778094275848483,5,1.7730000081428443
89.64235103887721,1.0495954503407368,False,0.004048067320050028,False,False,False,58851.1218724465,0.7045003258169247,2020-01-02,False,,0,0.0031821751696050615,combined,58475113.111532114,0.7860973936485164,gam_Lep,1-2,0.7076825009865297,0,1.5330000451285741
89.64235103887721,1.0495954503407368,False,0.003812296468958952,False,False,False,58851.1218724465,0.7198362321019547,2020-01-02,False,,1,-0.006386544421911999,combined,56699779.55592726,-1.6752486261006907,gam_Lep,1-2,0.7134496876800427,1,1.580999992256693
89.64235103887721,1.0495954503407368,False,0.0037146643608178933,False,False,False,58851.1218724465,0.7340772869326947,2020-01-02,False,,2,0.006872985428663436,combined,55029065.757147886,1.8502305352697181,gam_Lep,1-2,0.7409502723613581,2,1.6290000530716497
89.64235103887721,1.0495954503407368,False,0.0035516069723524587,False,False,False,58851.1218724465,0.7473172163825975,2020-01-02,False,,3,0.00482704105787235,combined,53453995.84269456,1.3591146473831504,gam_Lep,1-2,0.7521442574404699,3,1.6770000001997687
89.64235103887721,1.0495954503407368,False,0.003434908878199256,False,False,False,58851.1218724465,0.7596412138484985,2020-01-02,False,,4,0.010056785842445404,combined,51966581.89916919,2.92781735966098,gam_Lep,1-2,0.7696979996909439,4,1.7249999473278876
89.64235103887721,1.0495954503407368,False,0.003281947850427612,False,False,False,58851.1218724465,0.7711265399740436,2020-01-02,False,,5,0.0034282508792232713,combined,50559701.42536798,1.0445781089350938,gam_Lep,1-2,0.7745547908532668,5,1.7730000081428443
127.41527827613875,1.0495954503407368,False,0.007207285041819097,False,False,False,58851.1218724465,0.48153190227811254,2020-01-02,False,,6,0.009815890458502174,combined,83114986.6440169,1.3619400927737795,gam_Lep,1-3,0.4913477927366147,0,1.5330000451285741
127.41527827613875,1.0495954503407368,False,0.006805726323724315,False,False,False,58851.1218724465,0.5044161966138792,2020-01-02,False,,7,-0.004711714850346271,combined,80591574.2569159,-0.6923162387417111,gam_Lep,1-3,0.4997044817635329,1,1.580999992256693
127.41527827613875,1.0495954503407368,False,0.0063109124579840475,False,False,False,58851.1218724465,0.5260775041199599,2020-01-02,False,,8,-0.0010236391096198894,combined,78216865.63845344,-0.1622014433625783,gam_Lep,1-3,0.52505386501034,2,1.6290000530716497
127.41527827613875,1.0495954503407368,False,0.005789701014953462,False,False,False,58851.1218724465,0.5465683685396969,2020-01-02,False,,9,-0.005141275103654697,combined,75978102.7197142,-0.8880035584524951,gam_Lep,1-3,0.5414270934360422,3,1.6770000001997687
127.41527827613875,1.0495954503407368,False,0.005589832216005514,False,False,False,58851.1218724465,0.5659447816147426,2020-01-02,False,,10,-0.009267129936081808,combined,73863931.69084525,-1.6578547580635767,gam_Lep,1-3,0.5566776516786608,4,1.7249999473278876
127.41527827613875,1.0495954503407368,False,0.005445913839895558,False,False,False,58851.1218724465,0.5842641188445147,2020-01-02,False,,11,-0.008201909153016662,combined,71864228.81610802,-1.5060666389782544,gam_Lep,1-3,0.576062209691498,5,1.7730000081428443
126.1148254286879,1.0495954503407368,False,0.006818601019539295,False,False,True,58851.1218724465,0.4892064593650507,2020-01-02,False,,12,0.02260596789923386,combined,82266680.83242655,3.3153381220655804,gam_Lep,1-4,0.5118124272642846,0,1.5330000451285741
126.1148254286879,1.0495954503407368,False,0.006401861075272044,False,False,False,58851.1218724465,0.5119078503304394,2020-01-02,False,,13,0.0018492813019962417,combined,79769023.43223524,0.2888662031638444,gam_Lep,1-4,0.5137571316324356,1,1.580999992256693
126.1148254286879,1.0495954503407368,False,0.006179777421966948,False,False,False,58851.1218724465,0.5333786369818966,2020-01-02,False,,14,0.010973514535904116,combined,77418552.06872782,1.7757135551350294,gam_Lep,1-4,0.5443521515178007,2,1.6290000530716497
126.1148254286879,1.0495954503407368,False,0.0056405555481316184,False,False,False,58851.1218724465,0.5536744352201595,2020-01-02,False,,15,0.008833674838542915,combined,75202638.88709885,1.5661001408751285,gam_Lep,1-4,0.5625081100587024,3,1.6770000001997687
126.1148254286879,1.0495954503407368,False,0.005188035785518216,False,False,True,58851.1218724465,0.5728536840010892,2020-01-02,False,,16,0.01686860080815067,combined,73110045.95915852,3.2514426471839997,gam_Lep,1-4,0.5897222848092398,4,1.7249999473278876
126.1148254286879,1.0495954503407368,False,0.005688433949590985,False,False,True,58851.1218724465,0.5909756944795198,2020-01-02,False,,17,0.02039463012445175,combined,71130752.87618795,3.5852802907060535,gam_Lep,1-4,0.6113703246039716,5,1.7730000081428443
57.50739921325985,1.0495954503407368,False,0.0020948215243915594,False,False,True,58851.1218724465,0.8678888455182816,2020-01-02,False,,18,0.010961615474991193,combined,37512979.4653311,5.232720471580505,gam_Lep,2-3,0.8788504609932728,0,1.5330000451285741
57.50739921325985,1.0495954503407368,False,0.0019052972092143982,False,False,True,58851.1218724465,0.8753554218976278,2020-01-02,False,,19,-0.012772057380138535,combined,36374066.726701714,-6.703446222652462,gam_Lep,2-3,0.8625833645174893,1,1.580999992256693
57.50739921325985,1.0495954503407368,False,0.0018439504110938213,False,False,False,58851.1218724465,0.8822185007505798,2020-01-02,False,,20,0.0024036533775770863,combined,35302269.69902404,1.3035347171571996,gam_Lep,2-3,0.8846221541281569,2,1.6290000530716497
57.50739921325985,1.0495954503407368,False,0.0017344877516025682,False,False,True,58851.1218724465,0.8885400494409443,2020-01-02,False,,21,-0.007179486339472629,combined,34291830.1767498,-4.139254562529595,gam_Lep,2-3,0.8813605631014717,3,1.6770000001997687
57.50739921325985,1.0495954503407368,False,0.0016916776458604352,False,False,True,58851.1218724465,0.8943745053336652,2020-01-02,False,,22,0.011833636920440926,combined,33337623.750274155,6.995207951939332,gam_Lep,2-3,0.9062081422541062,4,1.7249999473278876
57.50739921325985,1.0495954503407368,False,0.0016059647518848299,False,False,True,58851.1218724465,0.8997697772717587,2020-01-02,False,,23,0.016413969878528722,combined,32435081.189591672,10.220628976610213,gam_Lep,2-3,0.9161837471502874,5,1.7730000081428443
90.0029286168039,1.0495954503407368,False,0.0043099858891944304,False,False,True,58851.1218724465,0.7024539044894846,2020-01-02,False,,24,0.016203285523409106,combined,58710323.527260736,3.7594753068756854,gam_Lep,2-4,0.7186571900128937,0,1.5330000451285741
90.0029286168039,1.0495954503407368,False,0.003952077952975237,False,False,False,58851.1218724465,0.717877386304878,2020-01-02,False,,25,-0.0077300788714461666,combined,56927848.86629583,-1.955953036206369,gam_Lep,2-4,0.7101473074334318,1,1.580999992256693
90.0029286168039,1.0495954503407368,False,0.0038633490234948466,False,False,False,58851.1218724465,0.7322018239281611,2020-01-02,False,,26,0.005425880399520744,combined,55250414.784882285,1.404449964661077,gam_Lep,2-4,0.7376277043276819,2,1.6290000530716497
90.0029286168039,1.0495954503407368,False,0.0036348040168630333,False,False,False,58851.1218724465,0.7455210152696885,2020-01-02,False,,27,-0.0046256551232986,combined,53669009.3059526,-1.272600971562342,gam_Lep,2-4,0.7408953601463899,3,1.6770000001997687
90.0029286168039,1.0495954503407368,False,0.0033925622795745207,False,False,True,58851.1218724465,0.7579202691461744,2020-01-02,False,,28,-0.01980799301713021,combined,52175612.38550934,-5.83865273052981,gam_Lep,2-4,0.7381122761290442,4,1.7249999473278876
90.0029286168039,1.0495954503407368,False,0.0033181547610094146,False,False,False,58851.1218724465,0.7694769900834932,2020-01-02,False,,29,-0.0040668726599090155,combined,50763072.872785166,-1.2256428505678962,gam_Lep,2-4,0.7654101174235842,5,1.7730000081428443
48.64825715679964,1.0495954503407368,False,0.0015015724887132904,False,False,False,58851.1218724465,0.9038765198794757,2020-01-02,False,,30,-0.0038804811518998727,combined,31734021.999144472,-2.584278268993253,gam_Lep,3-4,0.8999960387275758,0,1.5330000451285741
48.64825715679964,1.0495954503407368,False,0.0014003831181312765,False,False,True,58851.1218724465,0.9093984935840466,2020-01-02,False,,31,-0.010782404621122899,combined,30770561.28720148,-7.699610543371404,gam_Lep,3-4,0.8986160889629237,1,1.580999992256693
48.64825715679964,1.0495954503407368,False,0.0013395040525885115,False,False,False,58851.1218724465,0.9144641667924219,2020-01-02,False,,32,0.0009812456780107226,combined,29863876.962476622,0.7325440159098615,gam_Lep,3-4,0.9154454124704327,2,1.6290000530716497
48.64825715679964,1.0495954503407368,False,0.0012891231396169368,False,False,False,58851.1218724465,0.9191217630745738,2020-01-02,False,,33,0.0010458910264539156,combined,29009097.88372363,0.8113197213764252,gam_Lep,3-4,0.9201676541010277,3,1.6770000001997687
48.64825715679964,1.0495954503407368,False,0.0012248590091349727,False,False,True,58851.1218724465,0.9234134218190027,2020-01-02,False,,34,0.011871203662463081,combined,28201889.067972586,9.691893984473229,gam_Lep,3-4,0.9352846254814657,4,1.7249999473278876
48.64825715679964,1.0495954503407368,False,0.0011783581587974496,False,False,False,58851.1218724465,0.9273760523342729,2020-01-02,False,,35,0.0018886923120369215,combined,27438385.185207635,1.6028168498144821,gam_Lep,3-4,0.9292647446463098,5,1.7730000081428443
90.23881654138482,1.0495954503407368,False,0.0037030658668567714,False,False,False,58851.133299091525,0.7011133805771852,2020-01-02,False,,36,-0.0007367898056350741,combined,58864196.924284115,-0.19896751290045903,gam_Lep,1-2,0.7003765907715501,0,1.5330000451285741
90.23881654138482,1.0495954503407368,False,0.0034825469549950162,False,False,True,58851.133299091525,0.7165940690842335,2020-01-02,False,,37,-0.01252513622074769,combined,57077050.59035417,-3.596544822685848,gam_Lep,1-2,0.7040689328634858,1,1.580999992256693
90.23881654138482,1.0495954503407368,False,0.0033833209568213452,False,False,False,58851.133299091525,0.7309729947276178,2020-01-02,False,,38,-0.0017323896215817314,combined,55395220.13595402,-0.5120382144321667,gam_Lep,1-2,0.729240605106036,2,1.6290000530716497
90.23881654138482,1.0495954503407368,False,0.003246592216096311,False,False,False,58851.133299091525,0.7443439980258132,2020-01-02,False,,39,0.0001892960040866809,combined,53809669.964600675,0.05830606109020049,gam_Lep,1-2,0.7445332940298999,3,1.6770000001997687
90.23881654138482,1.0495954503407368,False,0.00313731606871864,False,False,False,58851.133299091525,0.7567924596807124,2020-01-02,False,,40,0.0035652316114561655,combined,52312359.012630306,1.1363954199591682,gam_Lep,1-2,0.7603576912921686,4,1.7249999473278876
90.23881654138482,1.0495954503407368,False,0.003020089182253037,False,False,False,58851.133299091525,0.768395875354163,2020-01-02,False,,41,0.0059521984580822584,combined,50896117.38688418,1.9708684409252508,gam_Lep,1-2,0.7743480738122452,5,1.7730000081428443
128.56996719424615,1.0495954503407368,False,0.007052227303263147,False,False,False,58851.133299091525,0.4747354720967573,2020-01-02,False,,42,0.015534857137929847,combined,83868208.35576874,2.2028298961296513,gam_Lep,1-3,0.49027032923468716,0,1.5330000451285741
128.56996719424615,1.0495954503407368,False,0.006596497295725234,False,False,False,58851.133299091525,0.49777636267687075,2020-01-02,False,,43,-0.0013886371034953493,combined,81321927.78238253,-0.2105112821611002,gam_Lep,1-3,0.4963877255733754,1,1.580999992256693
128.56996719424615,1.0495954503407368,False,0.006062392551220521,False,False,False,58851.133299091525,0.5196018028661419,2020-01-02,False,,44,0.00094162565305278,combined,78925698.59148502,0.15532244820787885,gam_Lep,1-3,0.5205434285191947,2,1.6290000530716497
128.56996719424615,1.0495954503407368,False,0.005504159661094697,False,False,False,58851.133299091525,0.5402615179781415,2020-01-02,False,,45,-0.0015039557311242735,combined,76666647.09536706,-0.273239844722302,gam_Lep,1-3,0.5387575622470172,3,1.6770000001997687
128.56996719424615,1.0495954503407368,False,0.005275393115559273,False,False,False,58851.133299091525,0.5598092447110673,2020-01-02,False,,46,-0.0035479077564416484,combined,74533316.59134689,-0.672539027656049,gam_Lep,1-3,0.5562613369546257,4,1.7249999473278876
128.56996719424615,1.0495954503407368,False,0.005101594249112856,False,False,False,58851.133299091525,0.578300566236513,2020-01-02,False,,47,-0.0032519754624193986,combined,72515491.59828752,-0.6374429842171204,gam_Lep,1-3,0.5750485907740936,5,1.7730000081428443
127.21421181408917,1.0495954503407368,False,0.006214261166829563,False,False,False,58851.133299091525,0.48271713461738547,2020-01-02,False,,48,-0.0029474383712222996,combined,82983827.8337556,-0.47430230112553273,gam_Lep,1-4,0.47976969624616317,0,1.5330000451285741
127.21421181408917,1.0495954503407368,False,0.005877714545602089,False,False,True,58851.133299091525,0.5055735999469767,2020-01-02,False,,49,-0.019881678812850967,combined,80464397.49345332,-3.382552633102459,gam_Lep,1-4,0.48569192113412574,1,1.580999992256693
127.21421181408917,1.0495954503407368,False,0.005702765103235259,False,False,False,58851.133299091525,0.5272058404400318,2020-01-02,False,,50,-0.015368289757497045,combined,78093436.26122877,-2.6948838816416263,gam_Lep,1-4,0.5118375506825348,2,1.6290000530716497
127.21421181408917,1.0495954503407368,False,0.005169548265417333,False,False,True,58851.133299091525,0.5476668819481502,2020-01-02,False,,51,-0.0180596551540132,combined,75858206.20091537,-3.4934687185003503,gam_Lep,1-4,0.529607226794137,3,1.6770000001997687
127.21421181408917,1.0495954503407368,False,0.00477028377526245,False,False,False,58851.133299091525,0.567013101018998,2020-01-02,False,,52,-0.004498582317193578,combined,73747371.4194313,-0.9430429150823583,gam_Lep,1-4,0.5625145187018045,4,1.7249999473278876
127.21421181408917,1.0495954503407368,False,0.005124820791424132,False,False,False,58851.133299091525,0.5853021781903693,2020-01-02,False,,53,0.0008436853534287136,combined,71750824.15670241,0.16462728898550666,gam_Lep,1-4,0.586145863543798,5,1.7730000081428443
57.904192649820985,1.0495954503407368,False,0.001938169267225025,False,False,True,58851.133299091525,0.8661674564661008,2020-01-02,False,,54,0.023699802648289525,combined,37771814.05429411,12.22793233236111,gam_Lep,2-3,0.8898672591143904,0,1.5330000451285741
57.904192649820985,1.0495954503407368,False,0.0017546757062952554,False,False,True,58851.133299091525,0.8737252764872848,2020-01-02,False,,55,-0.007041133790165577,combined,36625042.96864006,-4.012783538806675,gam_Lep,2-3,0.8666841426971192,1,1.580999992256693
57.904192649820985,1.0495954503407368,False,0.0016956620730444625,False,False,True,58851.133299091525,0.880672893360345,2020-01-02,False,,56,0.0077407290113286065,combined,35545850.68345246,4.565018664025774,gam_Lep,2-3,0.8884136223716737,2,1.6290000530716497
57.904192649820985,1.0495954503407368,False,0.0015940981021968703,False,False,False,58851.133299091525,0.8870728719918821,2020-01-02,False,,57,-0.001117429350383281,combined,34528439.26232754,-0.7009790356335793,gam_Lep,2-3,0.8859554426414988,3,1.6770000001997687
57.904192649820985,1.0495954503407368,False,0.0015639059293190243,False,False,True,58851.133299091525,0.8929801894053339,2020-01-02,False,,58,0.023674561732866417,combined,33567648.93791302,15.13809832741992,gam_Lep,2-3,0.9166547511382003,4,1.7249999473278876
57.904192649820985,1.0495954503407368,False,0.001468780190167151,False,False,True,58851.133299091525,0.898443240998172,2020-01-02,False,,59,0.01869183856376444,combined,32658878.953121725,12.726096586063882,gam_Lep,2-3,0.9171350795619364,5,1.7730000081428443
90.2088541431212,1.0495954503407368,False,0.003911165784448074,False,False,False,58851.133299091525,0.7012837302658895,2020-01-02,False,,60,0.008478130021846053,combined,58844651.98143899,2.1676733969082953,gam_Lep,2-4,0.7097618602877356,0,1.5330000451285741
90.2088541431212,1.0495954503407368,False,0.0035978438322540303,False,False,True,58851.133299091525,0.7167571561726197,2020-01-02,False,,61,-0.014812134256997012,combined,57058099.04170751,-4.116947524016707,gam_Lep,2-4,0.7019450219156227,1,1.580999992256693
90.2088541431212,1.0495954503407368,False,0.0035314519427495188,False,False,False,58851.133299091525,0.7311291634736452,2020-01-02,False,,62,0.0016730910936834098,combined,55376827.01300284,0.47376861438493034,gam_Lep,2-4,0.7328022545673286,2,1.6290000530716497
90.2088541431212,1.0495954503407368,False,0.0033026112166071697,False,False,True,58851.133299091525,0.7444935874683313,2020-01-02,False,,63,-0.012210177242492515,combined,53791803.29897155,-3.6971282544835065,gam_Lep,2-4,0.7322834102258388,3,1.6770000001997687
90.2088541431212,1.0495954503407368,False,0.0030720881482194343,False,False,True,58851.133299091525,0.7569357998870994,2020-01-02,False,,64,-0.02866447199151656,combined,52294989.50586015,-9.330615076305781,gam_Lep,2-4,0.7282713278955828,4,1.7249999473278876
90.2088541431212,1.0495954503407368,False,0.003009873280836591,False,False,True,58851.133299091525,0.7685332849473874,2020-01-02,False,,65,-0.012503575896670172,combined,50879218.12116168,-4.154186814534204,gam_Lep,2-4,0.7560297090507172,5,1.7730000081428443
48.640522842690444,1.0495954503407368,False,0.0013748893413679758,False,False,True,58851.133299091525,0.9039058051180966,2020-01-02,False,,66,-0.004756619332339063,combined,31728976.78460989,-3.4596379426480692,gam_Lep,3-4,0.8991491857857575,0,1.5330000451285741
48.640522842690444,1.0495954503407368,False,0.0012763113855801436,False,False,True,58851.133299091525,0.9094261680581879,2020-01-02,False,,67,-0.01578196168195556,combined,30765669.247892767,-12.365290994236421,gam_Lep,3-4,0.8936442063762323,1,1.580999992256693
48.640522842690444,1.0495954503407368,False,0.0012182160692601166,False,False,True,58851.133299091525,0.9144903556720098,2020-01-02,False,,68,-0.0070460629103418215,combined,29859129.071833767,-5.783918869680686,gam_Lep,3-4,0.9074442927616679,2,1.6290000530716497
48.640522842690444,1.0495954503407368,False,0.0011836896190464744,False,False,True,58851.133299091525,0.9191465793773508,2020-01-02,False,,69,0.004062625576970236,combined,29004485.889622096,3.432171332416431,gam_Lep,3-4,0.923209204954321,3,1.6770000001997687
48.640522842690444,1.0495954503407368,False,0.0011190106969034782,False,False,True,58851.133299091525,0.9234369677707351,2020-01-02,False,,70,0.009906763372596994,combined,28197405.407482523,8.85314447843166,gam_Lep,3-4,0.9333437311433321,4,1.7249999473278876
48.640522842690444,1.0495954503407368,False,0.001092098154616372,False,False,True,58851.133299091525,0.927398420571738,2020-01-02,False,,71,0.017300980925608722,combined,27434022.909926377,15.841965168127352,gam_Lep,3-4,0.9446994014973468,5,1.7730000081428443
74.20206745668428,1.007958114221766,True,0.0022112566326628743,False,True,True,59263.154399308216,0.7883843759465776,2021-02-17,False,,72,0.08067372172678355,combined,48403173.69361909,36.48320169406722,gam_Lep,1-2,0.8690580976733612,0,1.5330000451285741
74.20206745668428,1.007958114221766,True,0.0020122818372579608,False,True,True,59263.154399308216,0.7998873624220914,2021-02-17,False,,73,0.05399920287155269,combined,46933629.23472851,26.834811044726614,gam_Lep,1-2,0.853886565293644,1,1.580999992256693
74.20206745668428,1.007958114221766,True,0.001994639476843971,False,True,True,59263.154399308216,0.8105102117595983,2021-02-17,False,,74,0.06895139495753833,combined,45550684.49308429,34.568349698280834,gam_Lep,1-2,0.8794616067171366,2,1.6290000530716497
74.20206745668428,1.007958114221766,True,0.001840308211123633,False,True,True,59263.154399308216,0.8203367044640506,2021-02-17,False,,75,0.06786674421381444,combined,44246909.629007235,36.87792284118387,gam_Lep,1-2,0.888203448677865,3,1.6770000001997687
74.20206745668428,1.007958114221766,True,0.0017508412847446974,False,True,True,59263.154399308216,0.8294414805995033,2021-02-17,False,,76,0.06658951439897742,combined,43015692.59270242,38.03286738734135,gam_Lep,1-2,0.8960309949984807,4,1.7249999473278876
74.20206745668428,1.007958114221766,True,0.0018266568275159799,False,True,True,59263.154399308216,0.8378910543407069,2021-02-17,False,,77,0.07678934144194549,combined,41851137.68522108,42.03818707773873,gam_Lep,1-2,0.9146803957826524,5,1.7730000081428443
95.45634289938724,1.007958114221766,False,0.0034789918491261607,False,False,True,59263.154399308216,0.6711347611608615,2021-02-17,False,,78,-0.039773275756020854,combined,62267671.291152,-11.432414182289891,gam_Lep,1-3,0.6313614854048406,0,1.5330000451285741
95.45634289938724,1.007958114221766,True,0.0030065447377688958,False,True,True,59263.154399308216,0.6878610086292747,2021-02-17,False,,79,-0.05099527911909263,combined,60377193.78045944,-16.961423682966824,gam_Lep,1-3,0.636865729510182,1,1.580999992256693
95.45634289938724,1.007958114221766,False,0.0024370671944391174,False,False,True,59263.154399308216,0.7034305155617852,2021-02-17,False,,80,-0.046661977828865275,combined,58598121.41773374,-19.146775244990472,gam_Lep,1-3,0.6567685377329199,2,1.6290000530716497
95.45634289938724,1.007958114221766,True,0.0022658726356360173,False,True,True,59263.154399308216,0.7179371523910015,2021-02-17,False,,81,-0.05593132540461043,combined,56920896.17651534,-24.684231816459018,gam_Lep,1-3,0.6620058269863911,3,1.6770000001997687
95.45634289938724,1.007958114221766,True,0.002161931130408968,False,True,True,59263.154399308216,0.7314671335585031,2021-02-17,False,,82,-0.056657203536015,combined,55337012.066147566,-26.206756884664163,gam_Lep,1-3,0.6748099300224881,4,1.7249999473278876
95.45634289938724,1.007958114221766,True,0.0023908078256045214,False,True,True,59263.154399308216,0.7440993436675906,2021-02-17,False,,83,-0.05380751750746271,combined,53838884.636765696,-22.505998571364618,gam_Lep,1-3,0.6902918261601279,5,1.7730000081428443
110.73333958195653,1.007958114221766,True,0.010965019769584916,False,True,True,59263.154399308216,0.5808868571811128,2021-02-17,False,,84,0.11595238120713536,combined,72233096.10057397,10.574753501928685,gam_Lep,1-4,0.6968392383882481,0,1.5330000451285741
110.73333958195653,1.007958114221766,True,0.008489115472726683,False,True,True,59263.154399308216,0.6009434952157889,2021-02-17,False,,85,0.0690569423689793,combined,70040063.3297269,8.13476299042477,gam_Lep,1-4,0.6700004375847682,1,1.580999992256693
110.73333958195653,1.007958114221766,True,0.00939390585191196,False,True,True,59263.154399308216,0.6197482947604116,2021-02-17,False,,86,0.09220853010500962,combined,67976265.17762062,9.815781801373094,gam_Lep,1-4,0.7119568248654212,2,1.6290000530716497
110.73333958195653,1.007958114221766,True,0.005835884863113028,False,True,True,59263.154399308216,0.6373844454441403,2021-02-17,False,,87,0.056202950462935886,combined,66030613.934863254,9.630579043493265,gam_Lep,1-4,0.6935873959070762,3,1.6770000001997687
110.73333958195653,1.007958114221766,True,0.008176117883511549,False,True,True,59263.154399308216,0.6539315524698379,2021-02-17,False,,88,0.11413487665995192,combined,64193242.29747838,13.959543916327721,gam_Lep,1-4,0.7680664291297898,4,1.7249999473278876
110.73333958195653,1.007958114221766,True,0.008259240698986477,False,True,True,59263.154399308216,0.6694649658829952,2021-02-17,False,,89,0.12716557581508947,combined,62455351.98724891,15.396763510075985,gam_Lep,1-4,0.7966305416980847,5,1.7730000081428443
46.312023338098584,1.007958114221766,True,0.0009452198895393297,False,True,True,59263.154399308216,0.912545144507262,2021-02-17,False,,90,-0.059024387068140505,combined,30210059.996582944,-62.4451386617638,gam_Lep,2-3,0.8535207574391215,0,1.5330000451285741
46.312023338098584,1.007958114221766,True,0.0009044814110080843,False,True,True,59263.154399308216,0.9175883477182047,2021-02-17,False,,91,-0.09675419563275267,combined,29292867.529995095,-106.97201120464806,gam_Lep,2-3,0.8208341520854521,1,1.580999992256693
46.312023338098584,1.007958114221766,True,0.0008892808102996544,False,True,True,59263.154399308216,0.9222126791563059,2021-02-17,False,,92,-0.10043985148813317,combined,28429724.879856467,-112.94503414988645,gam_Lep,2-3,0.8217728276681727,2,1.6290000530716497
46.312023338098584,1.007958114221766,True,0.0008218559106964535,False,True,True,59263.154399308216,0.9264626969176201,2021-02-17,False,,93,-0.09846928249378928,combined,27615994.831593186,-119.81331668022546,gam_Lep,2-3,0.8279934144238308,3,1.6770000001997687
46.312023338098584,1.007958114221766,False,0.0007805969639162834,False,False,True,59263.154399308216,0.9303772906244738,2021-02-17,False,,94,-0.04700026563366477,combined,26847550.58099466,-60.210669277859765,gam_Lep,2-3,0.8833770249908091,4,1.7249999473278876
46.312023338098584,1.007958114221766,False,0.0007531765334212072,False,False,True,59263.154399308216,0.9339904863065627,2021-02-17,False,,95,-0.04647263276956526,combined,26120712.422674388,-61.7021783173054,gam_Lep,2-3,0.8875178535369974,5,1.7730000081428443
130.7642459876878,1.007958114221766,False,0.005903772747125692,False,False,True,59263.154399308216,0.4618715980476993,2021-02-17,False,,96,0.018697204467107542,combined,85299570.86643168,3.1669925771127376,gam_Lep,2-4,0.4805688025148068,0,1.5330000451285741
130.7642459876878,1.007958114221766,False,0.005887057688540341,False,False,False,59263.154399308216,0.48519473965511983,2021-02-17,False,,97,0.010189424111502698,combined,82709833.4143804,1.7308177786905807,gam_Lep,2-4,0.49538416376662253,1,1.580999992256693
130.7642459876878,1.007958114221766,False,0.006546237742821825,False,False,True,59263.154399308216,0.5073187551418358,2021-02-17,False,,98,0.031014613459697915,combined,80272708.24277638,4.7377768235971125,gam_Lep,2-4,0.5383333686015337,2,1.6290000530716497
130.7642459876878,1.007958114221766,False,0.005772464333352566,False,False,True,59263.154399308216,0.5282877847068207,2021-02-17,False,,99,0.022928284662989906,combined,77975101.95116924,3.9720097585554908,gam_Lep,2-4,0.5512160693698106,3,1.6770000001997687
130.7642459876878,1.007958114221766,False,0.00579811808568082,False,False,False,59263.154399308216,0.5481510706872478,2021-02-17,False,,100,0.015677046392930327,combined,75805362.3075457,2.703816335104792,gam_Lep,2-4,0.5638281170801781,4,1.7249999473278876
130.7642459876878,1.007958114221766,False,0.005363894650214432,False,False,True,59263.154399308216,0.5669606018518308,2021-02-17,False,,101,0.036868692015148086,combined,73753099.48512565,6.873492941117736,gam_Lep,2-4,0.6038292938669789,5,1.7730000081428443
102.96961516339522,1.007958114221766,False,0.006909368059427004,False,False,False,59263.154399308216,0.6270809164293827,2021-02-17,False,,102,0.007545913637086787,combined,67168696.7594049,1.0921279011604097,gam_Lep,3-4,0.6346268300664695,0,1.5330000451285741
102.96961516339522,1.007958114221766,False,0.00656611425656644,False,False,False,59263.154399308216,0.6455150212767881,2021-02-17,False,,103,-0.0006919012408860281,combined,65129421.67470735,-0.1053745356614976,gam_Lep,3-4,0.644823120035902,1,1.580999992256693
102.96961516339522,1.007958114221766,False,0.0064668594157164805,False,False,False,59263.154399308216,0.6627323841043433,2021-02-17,False,,104,0.01138937182036992,combined,63210320.32456675,1.761190569983662,gam_Lep,3-4,0.6741217559247132,2,1.6290000530716497
102.96961516339522,1.007958114221766,False,0.006234912186754786,False,False,True,59263.154399308216,0.6788236924368956,2021-02-17,False,,105,0.021195751383584982,combined,61401082.379922,3.399526849570142,gam_Lep,3-4,0.7000194438204805,3,1.6770000001997687
102.96961516339522,1.007958114221766,False,0.006193529792192865,False,False,True,59263.154399308216,0.6938736646197744,2021-02-17,False,,106,0.03428724132458749,combined,59692532.352189556,5.53597745954296,gam_Lep,3-4,0.7281609059443619,4,1.7249999473278876
102.96961516339522,1.007958114221766,False,0.005196696635820112,False,False,False,59263.154399308216,0.7079609317929595,2021-02-17,False,,107,0.009931009383695066,combined,58076488.82712206,1.9110234981280207,gam_Lep,3-4,0.7178919411766546,5,1.7730000081428443
,1.007958114221766,True,,False,False,False,,,unknown,True,,108,,combined,,,gam_Lep,1-2,,0,1.5330000451285741
,1.007958114221766,True,,False,False,False,,,unknown,True,,109,,combined,,,gam_Lep,1-2,,1,1.580999992256693
,1.007958114221766,True,,False,False,False,,,unknown,True,,110,,combined,,,gam_Lep,1-2,,2,1.6290000530716497
,1.007958114221766,True,,False,False,False,,,unknown,True,,111,,combined,,,gam_Lep,1-2,,3,1.6770000001997687
,1.007958114221766,True,,False,False,False,,,unknown,True,,112,,combined,,,gam_Lep,1-2,,4,1.7249999473278876
,1.007958114221766,True,,False,False,False,,,unknown,True,,113,,combined,,,gam_Lep,1-2,,5,1.7730000081428443
,1.007958114221766,True,,False,False,False,,,unknown,True,,114,,combined,,,gam_Lep,1-3,,0,1.5330000451285741
,1.007958114221766,True,,False,False,False,,,unknown,True,,115,,combined,,,gam_Lep,1-3,,1,1.580999992256693
,1.007958114221766,True,,False,False,False,,,unknown,True,,116,,combined,,,gam_Lep,1-3,,2,1.6290000530716497
,1.007958114221766,True,,False,False,False,,,unknown,True,,117,,combined,,,gam_Lep,1-3,,3,1.6770000001997687
,1.007958114221766,True,,False,False,False,,,unknown,True,,118,,combined,,,gam_Lep,1-3,,4,1.7249999473278876
,1.007958114221766,True,,False,False,False,,,unknown,True,,119,,combined,,,gam_Lep,1-3,,5,1.7730000081428443
,1.007958114221766,True,,False,False,False,,,unknown,True,,120,,combined,,,gam_Lep,1-4,,0,1.5330000451285741
,1.007958114221766,True,,False,False,False,,,unknown,True,,121,,combined,,,gam_Lep,1-4,,1,1.580999992256693
,1.007958114221766,True,,False,False,False,,,unknown,True,,122,,combined,,,gam_Lep,1-4,,2,1.6290000530716497
,1.007958114221766,True,,False,False,False,,,unknown,True,,123,,combined,,,gam_Lep,1-4,,3,1.6770000001997687
,1.007958114221766,True,,False,False,False,,,unknown,True,,124,,combined,,,gam_Lep,1-4,,4,1.7249999473278876
,1.007958114221766,True,,False,False,False,,,unknown,True,,125,,combined,,,gam_Lep,1-4,,5,1.7730000081428443
,1.007958114221766,True,,False,False,False,,,unknown,True,,126,,combined,,,gam_Lep,2-3,,0,1.5330000451285741
,1.007958114221766,True,,False,False,False,,,unknown,True,,127,,combined,,,gam_Lep,2-3,,1,1.580999992256693
,1.007958114221766,True,,False,False,False,,,unknown,True,,128,,combined,,,gam_Lep,2-3,,2,1.6290000530716497
,1.007958114221766,True,,False,False,False,,,unknown,True,,129,,combined,,,gam_Lep,2-3,,3,1.6770000001997687
,1.007958114221766,True,,False,False,False,,,unknown,True,,130,,combined,,,gam_Lep,2-3,,4,1.7249999473278876
,1.007958114221766,True,,False,False,False,,,unknown,True,,131,,combined,,,gam_Lep,2-3,,5,1.7730000081428443
,1.007958114221766,True,,False,False,False,,,unknown,True,,132,,combined,,,gam_Lep,2-4,,0,1.5330000451285741
,1.007958114221766,True,,False,False,False,,,unknown,True,,133,,combined,,,gam_Lep,2-4,,1,1.580999992256693
,1.007958114221766,True,,False,False,False,,,unknown,True,,134,,combined,,,gam_Lep,2-4,,2,1.6290000530716497
,1.007958114221766,True,,False,False,False,,,unknown,True,,135,,combined,,,gam_Lep,2-4,,3,1.6770000001997687
,1.007958114221766,True,,False,False,False,,,unknown,True,,136,,combined,,,gam_Lep,2-4,,4,1.7249999473278876
,1.007958114221766,True,,False,False,False,,,unknown,True,,137,,combined,,,gam_Lep,2-4,,5,1.7730000081428443
,1.007958114221766,True,,False,False,False,,,unknown,True,,138,,combined,,,gam_Lep,3-4,,0,1.5330000451285741
,1.007958114221766,True,,False,False,False,,,unknown,True,,139,,combined,,,gam_Lep,3-4,,1,1.580999992256693
,1.007958114221766,True,,False,False,False,,,unknown,True,,140,,combined,,,gam_Lep,3-4,,2,1.6290000530716497
,1.007958114221766,True,,False,False,False,,,unknown,True,,141,,combined,,,gam_Lep,3-4,,3,1.6770000001997687
,1.007958114221766,True,,False,False,False,,,unknown,True,,142,,combined,,,gam_Lep,3-4,,4,1.7249999473278876
,1.007958114221766,True,,False,False,False,,,unknown,True,,143,,combined,,,gam_Lep,3-4,,5,1.7730000081428443
84.82664248898875,1.076293917566835,False,0.003190278146260717,False,False,False,58814.02272287782,0.8000188575433177,2019-11-26,False,,0,0.0012377134675695123,combined,55333750.810081854,0.38796412438840794,iot_Psc,1-2,0.8012565710108872,0,1.5330000451285741
84.82664248898875,1.076293917566835,False,0.0029929824901808516,False,False,False,58814.02272287782,0.81095452125344,2019-11-26,False,,1,-0.008221668073171706,combined,53653790.57839755,-2.7469816813645678,iot_Psc,1-2,0.8027328531802683,1,1.580999992256693
84.82664248898875,1.076293917566835,False,0.0028865724533243733,False,False,False,58814.02272287782,0.8210462298684067,2019-11-26,False,,2,0.003921308066223705,combined,52072829.78845781,1.358465144953372,iot_Psc,1-2,0.8249675379346304,2,1.6290000530716497
84.82664248898875,1.076293917566835,False,0.0027187897772978143,False,False,False,58814.02272287782,0.8303753149749223,2019-11-26,False,,3,-0.0033220007175391864,combined,50582374.76379486,-1.2218674445807645,iot_Psc,1-2,0.8270533142573832,3,1.6770000001997687
84.82664248898875,1.076293917566835,False,0.0026086718043553947,False,False,False,58814.02272287782,0.8390140688842527,2019-11-26,False,,4,0.000913754768595898,combined,49174866.71254079,0.35027586339926253,iot_Psc,1-2,0.8399278236528486,4,1.7249999473278876
84.82664248898875,1.076293917566835,False,0.0024888765172989737,False,False,False,58814.02272287782,0.8470267830598084,2019-11-26,False,,5,0.002877127667019197,combined,47843565.7639064,1.1559945409190362,iot_Psc,1-2,0.8499039107268276,5,1.7730000081428443
127.38216513202049,1.076293917566835,False,0.005908067848332877,False,False,False,58814.02272287782,0.597167634424413,2019-11-26,False,,6,-0.0027734394940065465,combined,83093386.42017902,-0.46943257342400835,iot_Psc,1-3,0.5943941949304065,0,1.5330000451285741
127.38216513202049,1.076293917566835,False,0.0053446117769539395,False,False,True,58814.02272287782,0.6166727943562479,2019-11-26,False,,7,-0.01740696628214855,combined,80570629.826631,-3.256918745194496,iot_Psc,1-3,0.5992658280740993,1,1.580999992256693
127.38216513202049,1.076293917566835,False,0.005198838916229788,False,False,False,58814.02272287782,0.634935173346319,2019-11-26,False,,8,-0.007775860973738724,combined,78196538.35604739,-1.4956918456280617,iot_Psc,1-3,0.6271593123725803,2,1.6290000530716497
127.38216513202049,1.076293917566835,False,0.004806278379824189,False,False,True,58814.02272287782,0.6520410868630029,2019-11-26,False,,9,-0.015929824414843696,combined,75958357.25512604,-3.314378226969533,iot_Psc,1-3,0.6361112624481592,3,1.6770000001997687
127.38216513202049,1.076293917566835,False,0.004544656702812186,False,False,True,58814.02272287782,0.6680723566964841,2019-11-26,False,,10,-0.020372736184178453,combined,73844735.66468331,-4.482788803733407,iot_Psc,1-3,0.6476996205123057,4,1.7249999473278876
127.38216513202049,1.076293917566835,False,0.004494473825334063,False,False,True,58814.02272287782,0.6831058439932776,2019-11-26,False,,11,-0.016216906832450473,combined,71845552.47997369,-3.6081880688770305,iot_Psc,1-3,0.6668889371608271,5,1.7730000081428443
128.44932594206693,1.076293917566835,False,0.006241465059192922,False,False,False,58814.02272287782,0.5917721624559416,2019-11-26,False,,12,0.005796491962832384,combined,83789512.17271085,0.9287069474649792,iot_Psc,1-4,0.5975686544187739,0,1.5330000451285741
128.44932594206693,1.076293917566835,False,0.005570227043046329,False,False,True,58814.02272287782,0.6114625469433688,2019-11-26,False,,13,-0.01784637238257969,combined,81245620.85463423,-3.2038859896848293,iot_Psc,1-4,0.5936161745607891,1,1.580999992256693
128.44932594206693,1.076293917566835,False,0.005209684237303935,False,False,False,58814.02272287782,0.6299067514858554,2019-11-26,False,,14,-0.007971593186068326,combined,78851640.12110516,-1.5301490115250647,iot_Psc,1-4,0.6219351582997871,2,1.6290000530716497
128.44932594206693,1.076293917566835,False,0.004952741017462139,False,False,True,58814.02272287782,0.6471901129153419,2019-11-26,False,,15,-0.015693641532195768,combined,76594708.36420138,-3.168678006151316,iot_Psc,1-4,0.6314964713831461,3,1.6770000001997687
128.44932594206693,1.076293917566835,False,0.004666099095345158,False,False,False,58814.02272287782,0.6633937677286103,2019-11-26,False,,16,0.0009707466256442254,combined,74463379.63142633,0.20804243669248904,iot_Psc,1-4,0.6643645143542545,4,1.7249999473278876
128.44932594206693,1.076293917566835,False,0.004589081336769257,False,False,False,58814.02272287782,0.6785941185902965,2019-11-26,False,,17,0.010261850001418882,combined,72447448.02715096,2.2361447201202345,iot_Psc,1-4,0.6888559685917154,5,1.7730000081428443
57.40543386975712,1.076293917566835,False,0.001605620930384833,False,False,True,58814.02272287782,0.9037817586481881,2019-11-26,False,,18,0.025510390250467196,combined,37446465.87074462,15.888177444443814,iot_Psc,2-3,0.9292921488986553,0,1.5330000451285741
57.40543386975712,1.076293917566835,False,0.0014858880174108018,False,False,True,58814.02272287782,0.9093089335273082,2019-11-26,False,,19,0.005325667544514245,combined,36309572.51797172,3.5841648106122816,iot_Psc,2-3,0.9146346010718225,1,1.580999992256693
57.40543386975712,1.076293917566835,False,0.001425431697706868,False,False,True,58814.02272287782,0.9143794049752985,2019-11-26,False,,20,0.014648020391728744,combined,35239675.874480896,10.276199424562696,iot_Psc,2-3,0.9290274253670272,2,1.6290000530716497
57.40543386975712,1.076293917566835,False,0.0013282507614910777,False,False,False,58814.02272287782,0.9190414355065237,2019-11-26,False,,21,0.0009304374765854995,combined,34231027.944495425,0.7004983573591195,iot_Psc,2-3,0.9199718729831092,3,1.6770000001997687
57.40543386975712,1.076293917566835,False,0.0012852171316361904,False,False,True,58814.02272287782,0.9233371991246214,2019-11-26,False,,22,0.024419347719046636,combined,33278513.40440969,19.0001729030477,iot_Psc,2-3,0.9477565468436681,4,1.7249999473278876
57.40543386975712,1.076293917566835,False,0.0012306300839928423,False,False,True,58814.02272287782,0.927303635918035,2019-11-26,False,,23,0.025587261889652546,combined,32377571.125838466,20.79200096151832,iot_Psc,2-3,0.9528908978076875,5,1.7730000081428443
116.05246297706984,1.076293917566835,False,0.005054912061478409,False,False,True,58814.02272287782,0.6539858774216757,2019-11-26,False,,24,0.019609908413859123,combined,75702843.80998594,3.8793767676591027,iot_Psc,2-4,0.6735957858355348,0,1.5330000451285741
116.05246297706984,1.076293917566835,False,0.00455536568302783,False,False,False,58814.02272287782,0.6713946016688409,2019-11-26,False,,25,-0.0035798651791670855,combined,73404467.77069144,-0.7858568177094499,iot_Psc,2-4,0.6678147364896738,1,1.580999992256693
116.05246297706984,1.076293917566835,False,0.004320010841022552,False,False,False,58814.02272287782,0.6876202609300133,2019-11-26,False,,26,0.006064079564598868,combined,71241534.19040152,1.4037185988087688,iot_Psc,2-4,0.6936843404946121,2,1.6290000530716497
116.05246297706984,1.076293917566835,False,0.004211593054005438,False,False,False,58814.02272287782,0.702755941040708,2019-11-26,False,,27,-0.0030230487939993944,combined,69202422.75685471,-0.7177922356777378,iot_Psc,2-4,0.6997328922467086,3,1.6770000001997687
116.05246297706984,1.076293917566835,False,0.004030892751150026,False,False,False,58814.02272287782,0.716887658702316,2019-11-26,False,,28,-0.007657561114458145,combined,67276792.18590179,-1.8997183966934914,iot_Psc,2-4,0.7092300975878578,4,1.7249999473278876
116.05246297706984,1.076293917566835,False,0.003974205634512056,False,False,False,58814.02272287782,0.7300945252406935,2019-11-26,False,,29,0.009716046299292236,combined,65455421.57026313,2.444776942319732,iot_Psc,2-4,0.7398105715399858,5,1.7730000081428443
88.8720540692345,1.076293917566835,False,0.003334480969700303,False,False,False,58814.02272287782,0.7824243091059947,2019-11-26,False,,30,-0.004847144723352681,combined,57972636.30333469,-1.4536429409547158,iot_Psc,3-4,0.777577164382642,0,1.5330000451285741
88.8720540692345,1.076293917566835,False,0.003151295916203586,False,False,True,58814.02272287782,0.7942146055352955,2019-11-26,False,,31,-0.014279296712685907,combined,56212558.193868175,-4.531245904030617,iot_Psc,3-4,0.7799353088226096,1,1.580999992256693
88.8720540692345,1.076293917566835,False,0.0030249152768580027,False,False,False,58814.02272287782,0.8051068321340121,2019-11-26,False,,32,-0.0012391484226103033,combined,54556200.84336827,-0.4096473154439598,iot_Psc,3-4,0.8038676837114018,2,1.6290000530716497
88.8720540692345,1.076293917566835,False,0.002884627614214821,False,False,False,58814.02272287782,0.8151859215489897,2019-11-26,False,,33,-0.0015764700013566335,combined,52994665.50903269,-0.5465072835010419,iot_Psc,3-4,0.8136094515476331,3,1.6770000001997687
88.8720540692345,1.076293917566835,False,0.00276335126601658,False,False,False,58814.02272287782,0.824527632304677,2019-11-26,False,,34,0.004937035604277273,combined,51520032.91762519,1.786611664247122,iot_Psc,3-4,0.8294646679089542,4,1.7249999473278876
88.8720540692345,1.076293917566835,False,0.0026247821385887893,False,False,False,58814.02272287782,0.8331995477378785,2019-11-26,False,,35,0.005009904086263894,combined,50125241.77161447,1.908693301668634,iot_Psc,3-4,0.8382094518241424,5,1.7730000081428443
82.43934596153076,1.076293917566835,False,0.003138687348747854,False,False,False,58814.03473527591,0.8101631562095599,2019-11-26,False,,36,-0.0010425740190505017,combined,53776479.80083164,-0.33216880281702016,iot_Psc,1-2,0.8091205821905094,0,1.5330000451285741
82.43934596153076,1.076293917566835,False,0.00296005452927686,False,False,False,58814.03473527591,0.8205974825660022,2019-11-26,False,,37,-0.008105398074943815,combined,52143799.09253397,-2.7382597160883924,iot_Psc,1-2,0.8124920844910584,1,1.580999992256693
82.43934596153076,1.076293917566835,False,0.0028646509486757116,False,False,False,58814.03473527591,0.830220620702227,2019-11-26,False,,38,-0.0010669634574949072,combined,50607331.66096757,-0.3724584518711257,iot_Psc,1-2,0.8291536572447321,2,1.6290000530716497
82.43934596153076,1.076293917566835,False,0.002722313122152716,False,False,False,58814.03473527591,0.8391115585924763,2019-11-26,False,,39,0.0016434856594524927,combined,49158822.86923695,0.6037092669754602,iot_Psc,1-2,0.8407550442519288,3,1.6770000001997687
82.43934596153076,1.076293917566835,False,0.002610465916896103,False,False,True,58814.03473527591,0.8473403703371999,2019-11-26,False,,40,0.008693451483697046,combined,47790926.654365115,3.3302298365319154,iot_Psc,1-2,0.8560338218208969,4,1.7249999473278876
82.43934596153076,1.076293917566835,False,0.0024818806131546452,False,False,False,58814.03473527591,0.8549692684017548,2019-11-26,False,,41,0.006413540089345693,combined,46497092.827361636,2.5841452869860775,iot_Psc,1-2,0.8613828084911005,5,1.7730000081428443
125.38120094554492,1.076293917566835,False,0.00585851466794341,False,False,False,58814.03473527591,0.6072700909491815,2019-11-26,False,,42,0.002491694259045496,combined,81788126.06298983,0.42531160204813273,iot_Psc,1-3,0.609761785208227,0,1.5330000451285741
125.38120094554492,1.076293917566835,False,0.00525859777734526,False,False,False,58814.03473527591,0.6264217848347193,2019-11-26,False,,43,-0.009428034166167998,combined,79304997.82392654,-1.7928798826913948,iot_Psc,1-3,0.6169937506685513,1,1.580999992256693
125.38120094554492,1.076293917566835,False,0.005085448048091064,False,False,False,58814.03473527591,0.6443381412806359,2019-11-26,False,,44,-0.005110658184314332,combined,76968199.42339815,-1.0049573087729666,iot_Psc,1-3,0.6392274830963216,2,1.6290000530716497
125.38120094554492,1.076293917566835,False,0.004714749975318144,False,False,False,58814.03473527591,0.6611071511759358,2019-11-26,False,,45,-0.011889268796456243,combined,74765176.46428692,-2.521717770549216,iot_Psc,1-3,0.6492178823794795,3,1.6770000001997687
125.38120094554492,1.076293917566835,False,0.004472757512808388,False,False,True,58814.03473527591,0.6768117846938008,2019-11-26,False,,46,-0.016630961056269378,combined,72684756.3907273,-3.718279161936281,iot_Psc,1-3,0.6601808236375314,4,1.7249999473278876
125.38120094554492,1.076293917566835,False,0.004471344639059805,False,False,True,58814.03473527591,0.6915296460346173,2019-11-26,False,,47,-0.01939755233804541,combined,70716977.08387342,-4.338192177940495,iot_Psc,1-3,0.6721320936965719,5,1.7730000081428443
130.11412734435427,1.076293917566835,False,0.006042648111341947,False,False,True,58814.03473527591,0.583346760921213,2019-11-26,False,,48,0.021184977078081646,combined,84875488.26747848,3.505909443629161,iot_Psc,1-4,0.6045317379992946,0,1.5330000451285741
130.11412734435427,1.076293917566835,False,0.005447171261523302,False,False,False,58814.03473527591,0.6033213611620639,2019-11-26,False,,49,0.0021793606256497178,combined,82298626.1743313,0.40009034433043683,iot_Psc,1-4,0.6055007217877136,1,1.580999992256693
130.11412734435427,1.076293917566835,False,0.0049581958976132375,False,False,False,58814.03473527591,0.6220452841782076,2019-11-26,False,,50,0.006666998296577797,combined,79873617.62144236,1.344641969428263,iot_Psc,1-4,0.6287122824747854,2,1.6290000530716497
130.11412734435427,1.076293917566835,False,0.004838600551284892,False,False,False,58814.03473527591,0.6396022217337529,2019-11-26,False,,51,0.005649876771582796,combined,77587434.30462417,1.1676675335562612,iot_Psc,1-4,0.6452520985053357,3,1.6770000001997687
130.11412734435427,1.076293917566835,False,0.004530938439723472,False,False,True,58814.03473527591,0.6560721396303739,2019-11-26,False,,52,0.02066459784349428,combined,75428481.92309088,4.560776562825131,iot_Psc,1-4,0.6767367374738682,4,1.7249999473278876
130.11412734435427,1.076293917566835,False,0.004475163693436168,False,False,True,58814.03473527591,0.6715306382812901,2019-11-26,False,,53,0.03153696311291798,combined,73386422.3050085,7.047108278781851,iot_Psc,1-4,0.7030676013942081,5,1.7730000081428443
57.91542919308351,1.076293917566835,False,0.0015774299585008904,False,False,True,58814.03473527591,0.9021376204634205,2019-11-26,False,,54,0.02964589858310296,combined,37779143.827896036,18.793797102266854,iot_Psc,2-3,0.9317835190465235,0,1.5330000451285741
57.91542919308351,1.076293917566835,False,0.0014486840536668177,False,False,False,58814.03473527591,0.9077551457882409,2019-11-26,False,,55,-0.004117052875014959,combined,36632150.206665084,-2.841925998007733,iot_Psc,2-3,0.9036380929132259,1,1.580999992256693
57.91542919308351,1.076293917566835,False,0.0013875100389506925,False,False,False,58814.03473527591,0.9129089559239121,2019-11-26,False,,56,0.00039329282979772007,combined,35552748.4998407,0.2834522408898379,iot_Psc,2-3,0.9133022487537098,2,1.6290000530716497
57.91542919308351,1.076293917566835,False,0.0013114307139263479,False,False,False,58814.03473527591,0.9176479928239729,2019-11-26,False,,57,-0.0026707943517213506,combined,34535139.64590607,-2.03655010010033,iot_Psc,2-3,0.9149771984722516,3,1.6770000001997687
57.91542919308351,1.076293917566835,False,0.0012802840678434967,False,False,True,58814.03473527591,0.9220150341029871,2019-11-26,False,,58,0.027665029023180243,combined,33574162.87623513,21.608508391250282,iot_Psc,2-3,0.9496800631261674,4,1.7249999473278876
57.91542919308351,1.076293917566835,False,0.001213731347759463,False,False,True,58814.03473527591,0.9260475563490032,2019-11-26,False,,59,0.019959572759160826,combined,32665216.540945143,16.444802876687675,iot_Psc,2-3,0.946007129108164,5,1.7730000081428443
117.01562540434153,1.076293917566835,False,0.00495910823983919,False,False,True,58814.03473527591,0.6492006779418138,2019-11-26,False,,60,0.025462893189680202,combined,76331129.78449216,5.134570966836952,iot_Psc,2-4,0.674663571131494,0,1.5330000451285741
117.01562540434153,1.076293917566835,False,0.004507379523822591,False,False,False,58814.03473527591,0.6667958790951558,2019-11-26,False,,61,0.0053903473801045765,combined,74013678.67011522,1.1958938340149274,iot_Psc,2-4,0.6721862264752604,1,1.580999992256693
117.01562540434153,1.076293917566835,False,0.004178059896119934,False,False,False,58814.03473527591,0.6832013384851471,2019-11-26,False,,62,0.01233957858994117,combined,71832794.10193779,2.953423095107049,iot_Psc,2-4,0.6955409170750882,2,1.6290000530716497
117.01562540434153,1.076293917566835,False,0.004226632123708596,False,False,False,58814.03473527591,0.6985098199294576,2019-11-26,False,,63,0.01200890307307989,combined,69776759.32641761,2.8412463449842087,iot_Psc,2-4,0.7105187230025375,3,1.6770000001997687
117.01562540434153,1.076293917566835,False,0.004000891212659071,False,False,False,58814.03473527591,0.7128071978520891,2019-11-26,False,,64,-0.0029013531865434983,combined,67835147.23325334,-0.7251767249665361,iot_Psc,2-4,0.7099058446655456,4,1.7249999473278876
117.01562540434153,1.076293917566835,False,0.003952259418040263,False,False,True,58814.03473527591,0.7261725732785477,2019-11-26,False,,65,0.015791900455497054,combined,65998660.38743639,3.9956639443793156,iot_Psc,2-4,0.7419644737340447,5,1.7730000081428443
87.66436414417836,1.076293917566835,False,0.0032759698415581115,False,False,True,58814.03473527591,0.7877283162453516,2019-11-26,False,,66,-0.018280986966119905,combined,57184841.202549264,-5.580328223481182,iot_Psc,3-4,0.7694473292792317,0,1.5330000451285741
87.66436414417836,1.076293917566835,False,0.0031425291284603242,False,False,True,58814.03473527591,0.7992629891232502,2019-11-26,False,,67,-0.027274536214070055,combined,55448680.944677114,-8.679167351881686,iot_Psc,3-4,0.7719884529091802,1,1.580999992256693
87.66436414417836,1.076293917566835,False,0.003001757658820308,False,False,False,58814.03473527591,0.8099155399337091,2019-11-26,False,,68,-0.005087746176865693,combined,53814831.97552882,-1.6949223605429824,iot_Psc,3-4,0.8048277937568434,2,1.6290000530716497
87.66436414417836,1.076293917566835,False,0.002914547241963012,False,False,False,58814.03473527591,0.8197698778650789,2019-11-26,False,,69,-6.297837319446664e-05,combined,52274516.478077255,-0.02160828697086046,iot_Psc,3-4,0.8197068994918845,3,1.6770000001997687
87.66436414417836,1.076293917566835,False,0.0028188779406380002,False,False,True,58814.03473527591,0.8289007676284442,2019-11-26,False,,70,0.022483759058998798,combined,50819922.79476582,7.9761378578563145,iot_Psc,3-4,0.851384526687443,4,1.7249999473278876
87.66436414417836,1.076293917566835,False,0.002701547005468375,False,False,True,58814.03473527591,0.8373748423513675,2019-11-26,False,,71,0.02796514453346799,combined,49444085.58463783,10.351529874128394,iot_Psc,3-4,0.8653399868848355,5,1.7730000081428443
87.24416957429546,1.0829539254119052,False,0.002134759408985422,False,False,True,58816.002226405275,0.7895636522878237,2019-11-28,False,,72,0.016848314245208496,combined,56910741.68688508,7.892371465511387,iot_Psc,1-2,0.8064119665330322,0,1.5330000451285741
87.24416957429546,1.0829539254119052,False,0.001998446658686674,False,False,False,58816.002226405275,0.8010094657809324,2019-11-28,False,,73,0.004536250553169752,combined,55182903.22681443,2.269888232168706,iot_Psc,1-2,0.8055457163341021,1,1.580999992256693
87.24416957429546,1.0829539254119052,False,0.001881753439417922,False,False,True,58816.002226405275,0.8115787493006592,2019-11-28,False,,74,0.014655534568338457,combined,53556885.65496819,7.788233177281619,iot_Psc,1-2,0.8262342838689977,2,1.6290000530716497
87.24416957429546,1.0829539254119052,False,0.001795369593525711,False,False,True,58816.002226405275,0.8213550453909404,2019-11-28,False,,75,0.008592805426367645,combined,52023953.228326,4.786092767391289,iot_Psc,1-2,0.829947850817308,3,1.6770000001997687
87.24416957429546,1.0829539254119052,False,0.0017395500760583754,False,False,True,58816.002226405275,0.8304127645852721,2019-11-28,False,,76,0.005670655068388375,combined,50576331.7323233,3.2598400853382965,iot_Psc,1-2,0.8360834196536605,4,1.7249999473278876
87.24416957429546,1.0829539254119052,False,0.0016474904859135589,False,False,True,58816.002226405275,0.8388182027199782,2019-11-28,False,,77,0.007229298116550376,combined,49207089.21241387,4.388066685885362,iot_Psc,1-2,0.8460475008365286,5,1.7730000081428443
128.86833662207124,1.0829539254119052,False,0.003356416722617623,False,False,True,58816.002226405275,0.5896524625703368,2019-11-28,False,,78,0.019724662205840016,combined,84062839.41841824,5.876702398996816,iot_Psc,1-3,0.6093771247761768,0,1.5330000451285741
128.86833662207124,1.0829539254119052,False,0.0029525940429280776,False,False,False,58816.002226405275,0.6094149309633261,2019-11-28,False,,79,0.005275382128633765,combined,81510649.74904062,1.7866940229284574,iot_Psc,1-3,0.6146903130919599,1,1.580999992256693
128.86833662207124,1.0829539254119052,False,0.002863559286737783,False,False,True,58816.002226405275,0.6279299946480791,2019-11-28,False,,80,0.009842525069357122,combined,79108859.6830163,3.437164760283311,iot_Psc,1-3,0.6377725197174362,2,1.6290000530716497
128.86833662207124,1.0829539254119052,False,0.0027791012322220697,False,False,False,58816.002226405275,0.6452825900003304,2019-11-28,False,,81,0.003503090934658837,combined,76844565.65695892,1.260512173519455,iot_Psc,1-3,0.6487856809349892,3,1.6770000001997687
128.86833662207124,1.0829539254119052,False,0.0027297564574615798,False,False,False,58816.002226405275,0.6615535705431451,2019-11-28,False,,82,-0.0018583891534154073,combined,74706284.38087481,-0.6807893606536375,iot_Psc,1-3,0.6596951813897297,4,1.7249999473278876
128.86833662207124,1.0829539254119052,False,0.0027093382440826264,False,False,False,58816.002226405275,0.6768191470299816,2019-11-28,False,,83,0.0026613826979978716,combined,72683776.66678993,0.9822999043439877,iot_Psc,1-3,0.6794805297279795,5,1.7730000081428443
125.75735963484188,1.0829539254119052,False,0.005642646213860846,False,False,True,58816.002226405275,0.6053725331027052,2019-11-28,False,,84,0.026691383390006984,combined,82033500.28231375,4.730295393044683,iot_Psc,1-4,0.6320639164927122,0,1.5330000451285741
125.75735963484188,1.0829539254119052,False,0.005206983045414658,False,False,False,58816.002226405275,0.624591274749161,2019-11-28,False,,85,0.011738030677237776,combined,79542922.35975151,2.2542863256630823,iot_Psc,1-4,0.6363293054263988,1,1.580999992256693
125.75735963484188,1.0829539254119052,False,0.004770547441802398,False,False,True,58816.002226405275,0.6425731741001243,2019-11-28,False,,86,0.015035151804801972,combined,77199113.28284688,3.1516617302775263,iot_Psc,1-4,0.6576083259049262,2,1.6290000530716497
125.75735963484188,1.0829539254119052,False,0.004570921831403129,False,False,True,58816.002226405275,0.659405922948474,2019-11-28,False,,87,0.018778153583525525,combined,74989480.98978016,4.108176485214849,iot_Psc,1-4,0.6781840765319995,3,1.6770000001997687
125.75735963484188,1.0829539254119052,False,0.004491658815462334,False,False,True,58816.002226405275,0.6751722891395827,2019-11-28,False,,88,0.02721895905384164,combined,72902819.40567383,6.059890159097034,iot_Psc,1-4,0.7023912481934244,4,1.7249999473278876
125.75735963484188,1.0829539254119052,False,0.004447710842429006,False,False,True,58816.002226405275,0.6899497487456102,2019-11-28,False,,89,0.03450195630838049,combined,70929136.52412689,7.7572390676229555,iot_Psc,1-4,0.7244517050539907,5,1.7730000081428443
56.429069973198715,1.0829539254119052,False,0.000893414994448319,False,False,True,58816.002226405275,0.9068956575114175,2019-11-28,False,,90,-0.011531556013742561,combined,36809568.370538406,-12.907278348135696,iot_Psc,2-3,0.895364101497675,0,1.5330000451285741
56.429069973198715,1.0829539254119052,False,0.0009744250598997597,False,False,True,58816.002226405275,0.9122513223926281,2019-11-28,False,,91,-0.0097035828590879,combined,35692011.543056875,-9.958264887077226,iot_Psc,2-3,0.9025477395335402,1,1.580999992256693
56.429069973198715,1.0829539254119052,False,0.0009197288065611672,False,False,True,58816.002226405275,0.9171636385562727,2019-11-28,False,,92,-0.009028066035296822,combined,34640311.93049737,-9.816008774426056,iot_Psc,2-3,0.9081355725209759,2,1.6290000530716497
56.429069973198715,1.0829539254119052,False,0.0008680885606935183,False,False,True,58816.002226405275,0.9216795681648896,2019-11-28,False,,93,-0.013517292110084678,combined,33648819.30022465,-15.571328459029198,iot_Psc,2-3,0.9081622760548049,3,1.6770000001997687
56.429069973198715,1.0829539254119052,False,0.0008186582901755097,False,False,True,58816.002226405275,0.9258401310705481,2019-11-28,False,,94,-0.009337219839342659,combined,32712505.331150997,-11.405515526314257,iot_Psc,2-3,0.9165029112312054,4,1.7249999473278876
56.429069973198715,1.0829539254119052,False,0.0007912949743943,False,False,False,58816.002226405275,0.9296812423715387,2019-11-28,False,,95,0.0023710966676140366,combined,31826886.47153826,2.9964763385853708,iot_Psc,2-3,0.9320523390391527,5,1.7730000081428443
115.03698974306977,1.0829539254119052,False,0.004112539309201502,False,False,True,58816.002226405275,0.6590192625113406,2019-11-28,False,,96,0.012349918976269247,combined,75040434.67488712,3.0029911078630223,iot_Psc,2-4,0.6713691814876098,0,1.5330000451285741
115.03698974306977,1.0829539254119052,False,0.004061365223803285,False,False,False,58816.002226405275,0.6762299424238247,2019-11-28,False,,97,0.00650297974616576,combined,72762169.70682453,1.6011807330334142,iot_Psc,2-4,0.6827329221699905,1,1.580999992256693
115.03698974306977,1.0829539254119052,False,0.003765565543091774,False,False,True,58816.002226405275,0.692264899743737,2019-11-28,False,,98,0.021045099193169436,combined,70618162.05969761,5.58882827886991,iot_Psc,2-4,0.7133099989369064,2,1.6290000530716497
115.03698974306977,1.0829539254119052,False,0.004048783783967882,False,False,False,58816.002226405275,0.7072175099767217,2019-11-28,False,,99,0.009598008188817952,combined,68596893.10039729,2.3705904540577194,iot_Psc,2-4,0.7168155181655397,3,1.6770000001997687
115.03698974306977,1.0829539254119052,False,0.003990332689801985,False,False,False,58816.002226405275,0.7211738979974502,2019-11-28,False,,100,0.0028418540834471706,combined,66688112.03227449,0.7121847485825032,iot_Psc,2-4,0.7240157520808974,4,1.7249999473278876
115.03698974306977,1.0829539254119052,False,0.003694459196680396,False,False,True,58816.002226405275,0.7342131508999798,2019-11-28,False,,101,0.016548581609035384,combined,64882678.632115185,4.479297436524641,iot_Psc,2-4,0.7507617325090152,5,1.7730000081428443
90.50907303451002,1.0829539254119052,False,0.0037007271517056797,False,False,True,58816.002226405275,0.7751675448841715,2019-11-28,False,,102,-0.014026538542081912,combined,59040489.47821064,-3.7902114819832167,iot_Psc,3-4,0.7611410063420896,0,1.5330000451285741
90.50907303451002,1.0829539254119052,False,0.0034669011310666503,False,False,True,58816.002226405275,0.7873047296177519,2019-11-28,False,,103,-0.017243515358524975,combined,57247990.81454699,-4.97375457407974,iot_Psc,3-4,0.7700612142592269,1,1.580999992256693
90.50907303451002,1.0829539254119052,False,0.003255428957070935,False,False,True,58816.002226405275,0.7985225405408994,2019-11-28,False,,104,-0.012485490547932576,combined,55561123.44124588,-3.835282757688059,iot_Psc,3-4,0.7860370499929669,2,1.6290000530716497
90.50907303451002,1.0829539254119052,False,0.0029906896169256663,False,False,True,58816.002226405275,0.808907223469941,2019-11-28,False,,105,-0.01111875104387361,combined,53970824.70109025,-3.71778835922911,iot_Psc,3-4,0.7977884724260674,3,1.6770000001997687
90.50907303451002,1.0829539254119052,False,0.002711369090345804,False,False,True,58816.002226405275,0.8185358248711702,2019-11-28,False,,106,-0.009204788335062553,combined,52469029.44821139,-3.3948857674292463,iot_Psc,3-4,0.8093310365361076,4,1.7249999473278876
90.50907303451002,1.0829539254119052,False,0.002747138053887743,False,False,True,58816.002226405275,0.8274771688609773,2019-11-28,False,,107,-0.017742791672721414,combined,51048546.31631678,-6.458645806901426,iot_Psc,3-4,0.8097343771882559,5,1.7730000081428443
85.37238897507886,1.0829539254119052,False,0.0020363246077650917,False,False,False,58816.01419498796,0.7976743820357476,2019-11-28,False,,108,-0.003542496760523095,combined,55689749.8120547,-1.7396522867790998,iot_Psc,1-2,0.7941318852752245,0,1.5330000451285741
85.37238897507886,1.0829539254119052,False,0.0019231093640180595,False,False,True,58816.01419498796,0.8087250237578311,2019-11-28,False,,109,-0.015139590134545688,combined,53998981.27337732,-7.87245406725788,iot_Psc,1-2,0.7935854336232854,1,1.580999992256693
85.37238897507886,1.0829539254119052,False,0.0018129034850318318,False,False,True,58816.01419498796,0.818924299754654,2019-11-28,False,,110,-0.00902135563110884,combined,52407849.10602078,-4.976191896365867,iot_Psc,1-2,0.8099029441235451,2,1.6290000530716497
85.37238897507886,1.0829539254119052,False,0.0017421718364891386,False,False,True,58816.01419498796,0.8283540554785755,2019-11-28,False,,111,-0.006688099270925396,combined,50907804.98801973,-3.8389435134041627,iot_Psc,1-2,0.8216659562076501,3,1.6770000001997687
85.37238897507886,1.0829539254119052,False,0.0016890870506008834,False,False,True,58816.01419498796,0.8370870730935536,2019-11-28,False,,112,-0.01200250239628009,combined,49491241.496746145,-7.105911084932104,iot_Psc,1-2,0.8250845706972735,4,1.7249999473278876
85.37238897507886,1.0829539254119052,False,0.0015992487966301691,False,False,True,58816.01419498796,0.845188105771991,2019-11-28,False,,113,-0.006646569627202115,combined,48151375.39931738,-4.156057294654418,iot_Psc,1-2,0.8385415361447889,5,1.7730000081428443
127.77798117958432,1.0829539254119052,False,0.0028798147478658258,False,False,False,58816.01419498796,0.5951669730910597,2019-11-28,False,,114,0.007336456999249452,combined,83351583.44295251,2.547544769914925,iot_Psc,1-3,0.6025034300903092,0,1.5330000451285741
127.77798117958432,1.0829539254119052,False,0.0025662976997913077,False,False,True,58816.01419498796,0.6147411058282425,2019-11-28,False,,115,-0.01197971982906365,combined,80820987.85920686,-4.668094364125349,iot_Psc,1-3,0.6027613859991788,1,1.580999992256693
127.77798117958432,1.0829539254119052,False,0.0025231736612164805,False,False,False,58816.01419498796,0.6330711502145899,2019-11-28,False,,116,-0.005948553809692392,combined,78439519.34724961,-2.3575681298228424,iot_Psc,1-3,0.6271225964048975,2,1.6290000530716497
127.77798117958432,1.0829539254119052,False,0.002498671292378681,False,False,True,58816.01419498796,0.6502430656493665,2019-11-28,False,,117,-0.015832516566005594,combined,76194383.52078895,-6.336374301932841,iot_Psc,1-3,0.6344105490833609,3,1.6770000001997687
127.77798117958432,1.0829539254119052,False,0.002528109281595608,False,False,True,58816.01419498796,0.6663384256691477,2019-11-28,False,,118,-0.018792682239037295,combined,74074194.24998759,-7.4334928382432714,iot_Psc,1-3,0.6475457434301104,4,1.7249999473278876
127.77798117958432,1.0829539254119052,False,0.002534560388332515,False,False,True,58816.01419498796,0.6814339264337155,2019-11-28,False,,119,-0.014091098829477344,combined,72068798.98067643,-5.559582992910209,iot_Psc,1-3,0.6673428276042381,5,1.7730000081428443
127.95389500166229,1.0829539254119052,False,0.005142257619541,False,False,False,58816.01419498796,0.5942775992385464,2019-11-28,False,,120,0.006157710844761577,combined,83466334.7912235,1.197472258364064,iot_Psc,1-4,0.600435310083308,0,1.5330000451285741
127.95389500166229,1.0829539254119052,False,0.004814737026233642,False,False,False,58816.01419498796,0.6138822832543449,2019-11-28,False,,121,-0.013151108046978388,combined,80932255.29939632,-2.7314281081859884,iot_Psc,1-4,0.6007311752073665,1,1.580999992256693
127.95389500166229,1.0829539254119052,False,0.004437187989284653,False,False,False,58816.01419498796,0.6322423155097625,2019-11-28,False,,122,-0.006561477301273322,combined,78547508.18478604,-1.4787467461641486,iot_Psc,1-4,0.6256808382084892,2,1.6290000530716497
127.95389500166229,1.0829539254119052,False,0.004288957474899047,False,False,False,58816.01419498796,0.6494434945390714,2019-11-28,False,,123,-0.006960168765274055,combined,76299281.44688138,-1.622811325597926,iot_Psc,1-4,0.6424833257737973,3,1.6770000001997687
127.95389500166229,1.0829539254119052,False,0.0042435587335415866,False,False,False,58816.01419498796,0.6655672813049212,2019-11-28,False,,124,0.0021516983959435354,combined,74176173.28039306,0.5070504571873269,iot_Psc,1-4,0.6677189797008647,4,1.7249999473278876
127.95389500166229,1.0829539254119052,False,0.004223994118064437,False,False,False,58816.01419498796,0.6806902967251813,2019-11-28,False,,125,0.010670986855824571,combined,72168017.1539816,2.5262788151595115,iot_Psc,1-4,0.6913612835810059,5,1.7730000081428443
57.23652504586723,1.0829539254119052,False,0.000886657559453293,False,False,False,58816.01419498796,0.9043236338252039,2019-11-28,False,,126,0.0007983497012336027,combined,37336283.99278145,0.9004036481974615,iot_Psc,2-3,0.9051219835264375,0,1.5330000451285741
57.23652504586723,1.0829539254119052,False,0.0009103441762595844,False,False,True,58816.01419498796,0.9098209996487912,2019-11-28,False,,127,-0.01939948911104694,combined,36202735.81669584,-21.310060103592274,iot_Psc,2-3,0.8904215105377442,1,1.580999992256693
57.23652504586723,1.0829539254119052,False,0.0008666735812540999,False,False,True,58816.01419498796,0.9148639789668715,2019-11-28,False,,128,-0.010469120935663101,combined,35135987.21985416,-12.07965854977834,iot_Psc,2-3,0.9043948580312084,2,1.6290000530716497
57.23652504586723,1.0829539254119052,False,0.0008211054884195997,False,False,True,58816.01419498796,0.9195006092817287,2019-11-28,False,,129,-0.015228704391552883,combined,34130307.119289845,-18.546587017538897,iot_Psc,2-3,0.9042719048901758,3,1.6770000001997687
57.23652504586723,1.0829539254119052,False,0.0007795904096628041,False,False,True,58816.01419498796,0.9237728647831304,2019-11-28,False,,130,0.004912747103054005,combined,33180595.24264306,6.301702845701903,iot_Psc,2-3,0.9286856118861844,4,1.7249999473278876
57.23652504586723,1.0829539254119052,False,0.0007475131356293996,False,False,False,58816.01419498796,0.9277175080286205,2019-11-28,False,,131,0.00017591324106636108,combined,32282303.882119264,0.23533130413587133,iot_Psc,2-3,0.9278934212696869,5,1.7730000081428443
115.82692663941557,1.0829539254119052,False,0.004240753947618087,False,False,False,58816.01419498796,0.6551048515314865,2019-11-28,False,,132,-0.0016104126425632304,combined,75555722.91565135,-0.3797467767418466,iot_Psc,2-4,0.6534944388889232,0,1.5330000451285741
115.82692663941557,1.0829539254119052,False,0.0041378053805877875,False,False,False,58816.01419498796,0.6724697158894098,2019-11-28,False,,133,-0.010904444159838489,combined,73261813.5399774,-2.6353206970525713,iot_Psc,2-4,0.6615652717295714,1,1.580999992256693
115.82692663941557,1.0829539254119052,False,0.003697335552430604,False,False,False,58816.01419498796,0.688653119313539,2019-11-28,False,,134,0.010785318298509039,combined,71103083.40445527,2.9170515214446366,iot_Psc,2-4,0.699438437612048,2,1.6290000530716497
115.82692663941557,1.0829539254119052,False,0.003905253732957713,False,False,False,58816.01419498796,0.7037482163813137,2019-11-28,False,,135,0.0015673221059225861,combined,69067934.77973641,0.4013368178091586,iot_Psc,2-4,0.7053155384872363,3,1.6770000001997687
115.82692663941557,1.0829539254119052,False,0.003957278626226385,False,False,False,58816.01419498796,0.717841051515374,2019-11-28,False,,136,-0.006432060906704784,combined,67146046.47892155,-1.6253747876323592,iot_Psc,2-4,0.7114089906086692,4,1.7249999473278876
115.82692663941557,1.0829539254119052,False,0.003554653630908074,False,False,False,58816.01419498796,0.7310107337582773,2019-11-28,False,,137,0.009508980783628163,combined,65328215.51464077,2.6750794229138415,iot_Psc,2-4,0.7405197145419055,5,1.7730000081428443
89.19642061642584,1.0829539254119052,False,0.0038189326499900316,False,False,True,58816.01419498796,0.7809924975212461,2019-11-28,False,,138,-0.022586004775525192,combined,58184225.69514331,-5.914219193047081,iot_Psc,3-4,0.7584064927457209,0,1.5330000451285741
89.19642061642584,1.0829539254119052,False,0.0036018998146669684,False,False,True,58816.01419498796,0.7928514988802194,2019-11-28,False,,139,-0.022991167424761483,combined,56417723.6263666,-6.383066883521091,iot_Psc,3-4,0.769860331455458,1,1.580999992256693
89.19642061642584,1.0829539254119052,False,0.0033807811649321762,False,False,True,58816.01419498796,0.8038081797357852,2019-11-28,False,,140,-0.013398358239039565,combined,54755320.878128074,-3.9630953869527836,iot_Psc,3-4,0.7904098214967457,2,1.6290000530716497
89.19642061642584,1.0829539254119052,False,0.003120207459107385,False,False,False,58816.01419498796,0.8139477398075826,2019-11-28,False,,141,0.0017649366094004693,combined,53188086.22886138,0.5656471989543203,iot_Psc,3-4,0.8157126764169831,3,1.6770000001997687
89.19642061642584,1.0829539254119052,False,0.002807654757590933,False,False,False,58816.01419498796,0.8233461983138559,2019-11-28,False,,142,0.0037732249157483855,combined,51708071.50144881,1.3439062995715136,iot_Psc,3-4,0.8271194232296043,4,1.7249999473278876
89.19642061642584,1.0829539254119052,False,0.0028881249645231065,False,False,True,58816.01419498796,0.8320713888369876,2019-11-28,False,,143,0.01114369831409534,combined,50308189.62593011,3.85845434355553,iot_Psc,3-4,0.843215087151083,5,1.7730000081428443
69.61549373028646,0.9868894151000391,False,0.00699440638873784,False,False,False,59636.11766310067,0.791481763139115,2022-02-25,False,,0,0.013121416053961221,combined,45411279.635316476,1.8759870852069573,ksi_Gem,1-2,0.8046031791930762,0,1.5330000451285741
69.61549373028646,0.9868894151000391,False,0.006330034211538934,False,False,False,59636.11766310067,0.8028352891566144,2022-02-25,False,,1,0.014015028026088006,combined,44032570.57004691,2.2140524928822978,ksi_Gem,1-2,0.8168503171827024,1,1.580999992256693
69.61549373028646,0.9868894151000391,False,0.006281590985672557,False,False,False,59636.11766310067,0.8133180242502666,2022-02-25,False,,2,0.014258400226861534,combined,42735108.32551489,2.2698708431324133,ksi_Gem,1-2,0.8275764244771281,2,1.6290000530716497
69.61549373028646,0.9868894151000391,False,0.005380624174551351,False,False,True,59636.11766310067,0.823013145652519,2022-02-25,False,,3,0.024259196029250085,combined,41511922.31484417,4.508621164062787,ksi_Gem,1-2,0.8472723416817691,3,1.6770000001997687
69.61549373028646,0.9868894151000391,False,0.004936600076650427,False,False,False,59636.11766310067,0.8319947084529399,2022-02-25,False,,4,0.014075426463700746,combined,40356809.19186368,2.851238959030925,ksi_Gem,1-2,0.8460701349166406,4,1.7249999473278876
69.61549373028646,0.9868894151000391,False,0.005097223338099283,False,False,True,59636.11766310067,0.8403286681187088,2022-02-25,False,,5,0.02328779090694555,combined,39264237.682213135,4.568720921620318,ksi_Gem,1-2,0.8636164590256543,5,1.7730000081428443
114.61580651574634,0.9868894151000391,False,0.008441035558151403,False,False,False,59636.11766310067,0.5184713739541845,2022-02-25,False,,6,0.0011366136862825948,combined,74765690.24245098,0.1346533465535495,ksi_Gem,1-3,0.5196079876404671,0,1.5330000451285741
114.61580651574634,0.9868894151000391,False,0.007428304357545542,False,False,False,59636.11766310067,0.5404226034266653,2022-02-25,False,,7,0.005000442557111073,combined,72495766.65218426,0.6731606994578394,ksi_Gem,1-3,0.5454230459837763,1,1.580999992256693
114.61580651574634,0.9868894151000391,False,0.00890029513427462,False,False,False,59636.11766310067,0.5611220293590581,2022-02-25,False,,8,0.006794514850633093,combined,70359608.82851186,0.7634033195672056,ksi_Gem,1-3,0.5679165442096912,2,1.6290000530716497
114.61580651574634,0.9868894151000391,False,0.007789724224735746,False,False,False,59636.11766310067,0.5806359885259278,2022-02-25,False,,9,0.004328485912747815,combined,68345740.31132558,0.5556661298744053,ksi_Gem,1-3,0.5849644744386756,3,1.6770000001997687
114.61580651574634,0.9868894151000391,False,0.008222535609762407,False,False,False,59636.11766310067,0.5990313649149294,2022-02-25,False,,10,0.0008598645234693114,combined,66443947.83506633,0.10457413190748803,ksi_Gem,1-3,0.5998912294383987,4,1.7249999473278876
114.61580651574634,0.9868894151000391,False,0.007235920763212695,False,False,False,59636.11766310067,0.6163740662292724,2022-02-25,False,,11,0.003336411374052717,combined,64645124.641484015,0.4610900925028061,ksi_Gem,1-3,0.6197104776033251,5,1.7730000081428443
124.64316274203449,0.9868894151000391,False,0.0072294567566498665,False,False,False,59636.11766310067,0.45589860816381034,2022-02-25,False,,12,0.0010779160605521865,combined,81306692.15445493,0.14910056133342076,ksi_Gem,1-4,0.4569765242243625,0,1.5330000451285741
124.64316274203449,0.9868894151000391,False,0.008309718268211136,False,False,False,59636.11766310067,0.47935215558857563,2022-02-25,False,,13,0.010920434257830292,combined,78838180.48861653,1.3141762338208818,ksi_Gem,1-4,0.4902725898464059,1,1.580999992256693
124.64316274203449,0.9868894151000391,False,0.007203666414995991,False,False,False,59636.11766310067,0.5016142701986418,2022-02-25,False,,14,0.010951075176773184,combined,76515137.31200118,1.5202085363053668,ksi_Gem,1-4,0.512565345375415,2,1.6290000530716497
124.64316274203449,0.9868894151000391,False,0.007623475583862861,False,False,False,59636.11766310067,0.5227264802302569,2022-02-25,False,,15,0.009853221413730573,combined,74325082.12712383,1.2924841570408607,ksi_Gem,1-4,0.5325797016439875,3,1.6770000001997687
124.64316274203449,0.9868894151000391,False,0.007456979536792077,False,False,False,59636.11766310067,0.542735925758056,2022-02-25,False,,16,0.01964167993522914,combined,72256908.14374404,2.6339994415056163,ksi_Gem,1-4,0.5623776056932851,4,1.7249999473278876
124.64316274203449,0.9868894151000391,False,0.006970971314989222,False,False,False,59636.11766310067,0.5616929137939858,2022-02-25,False,,17,0.014922953403491368,combined,70300711.88357966,2.140727988853364,ksi_Gem,1-4,0.5766158671974771,5,1.7730000081428443
58.19621950862688,0.9868894151000391,True,0.0052731101457155405,False,True,True,59636.11766310067,0.8500474340352092,2022-02-25,False,,18,-0.06454140028148359,combined,37962307.75958386,-12.239721624992828,ksi_Gem,2-3,0.7855060337537256,0,1.5330000451285741
58.19621950862688,0.9868894151000391,True,0.004244901303771338,False,True,True,59636.11766310067,0.8584520515494051,2022-02-25,False,,19,0.06765447395411017,combined,36809753.19016831,15.937820248966277,ksi_Gem,2-3,0.9261065255035152,1,1.580999992256693
58.19621950862688,0.9868894151000391,True,0.0026735364937282543,False,True,True,59636.11766310067,0.8661851088291124,2022-02-25,False,,20,0.11091435209749156,combined,35725118.23980106,41.486006403010116,ksi_Gem,2-3,0.9770994609266039,2,1.6290000530716497
58.19621950862688,0.9868894151000391,True,0.005037548367735194,False,True,True,59636.11766310067,0.8733145119696237,2022-02-25,False,,21,0.05965131728300499,combined,34702575.73148145,11.841338867347357,ksi_Gem,2-3,0.9329658292526287,3,1.6770000001997687
58.19621950862688,0.9868894151000391,True,0.0036776813036490156,False,True,True,59636.11766310067,0.8799000845537319,2022-02-25,False,,22,0.05452947386827689,combined,33736939.87572335,14.827134100546571,ksi_Gem,2-3,0.9344295584220088,4,1.7249999473278876
58.19621950862688,0.9868894151000391,True,0.0030404616272307113,False,True,True,59636.11766310067,0.8859946092467025,2022-02-25,False,,23,0.08016682774785666,combined,32823586.712549083,26.366663216491098,ksi_Gem,2-3,0.9661614369945591,5,1.7730000081428443
85.77016452391264,0.9868894151000391,False,0.0078122910096326565,False,False,False,59636.11766310067,0.6985998947520319,2022-02-25,False,,24,-0.020846326796293724,combined,55949225.0482739,-2.668401211704727,ksi_Gem,2-4,0.6777535679557382,0,1.5330000451285741
85.77016452391264,0.9868894151000391,False,0.007852468896786544,False,False,False,59636.11766310067,0.7141891205696547,2022-02-25,False,,25,-0.012346345178656404,combined,54250578.7122021,-1.5722883262497076,ksi_Gem,2-4,0.7018427753909983,1,1.580999992256693
85.77016452391264,0.9868894151000391,False,0.008608888216412116,False,False,False,59636.11766310067,0.7286712661844494,2022-02-25,False,,26,-0.013949319569728669,combined,52652032.98316906,-1.6203392608972984,ksi_Gem,2-4,0.7147219466147208,2,1.6290000530716497
85.77016452391264,0.9868894151000391,False,0.006961532942148577,False,False,False,59636.11766310067,0.7421402868605217,2022-02-25,False,,27,-0.017430242658090123,combined,51144999.710015185,-2.503793748149747,ksi_Gem,2-4,0.7247100442024316,3,1.6770000001997687
85.77016452391264,0.9868894151000391,False,0.00819834803867557,False,False,False,59636.11766310067,0.7546817273170267,2022-02-25,False,,28,-0.014134690714719733,combined,49721836.0248503,-1.7240901030353388,ksi_Gem,2-4,0.7405470366023069,4,1.7249999473278876
85.77016452391264,0.9868894151000391,False,0.007652703207139542,False,False,False,59636.11766310067,0.7663732786217943,2022-02-25,False,,29,-0.010061304423936268,combined,48375727.08967661,-1.3147386160944587,ksi_Gem,2-4,0.756311974197858,5,1.7730000081428443
37.75708245471223,0.9868894151000391,False,0.0022325980197830907,False,False,True,59636.11766310067,0.9343938768895684,2022-02-25,False,,30,0.021039305186287938,combined,24629537.732039344,9.423687112439534,ksi_Gem,3-4,0.9554331820758564,0,1.5330000451285741
37.75708245471223,0.9868894151000391,True,0.002147518634174399,False,True,True,59636.11766310067,0.9382130904972359,2022-02-25,False,,31,0.051745505751518484,combined,23881772.70059211,24.09548626403968,ksi_Gem,3-4,0.9899585962487544,1,1.580999992256693
37.75708245471223,0.9868894151000391,False,0.001992552883104708,False,False,True,59636.11766310067,0.9417110882116655,2022-02-25,False,,32,0.03798133785392033,combined,23178073.18883588,19.06164608024831,ksi_Gem,3-4,0.9796924260655858,2,1.6290000530716497
37.75708245471223,0.9868894151000391,False,0.0018899531643275338,False,False,True,59636.11766310067,0.9449225858975427,2022-02-25,False,,33,0.024520290213270957,combined,22514658.586889986,12.974020031864413,ksi_Gem,3-4,0.9694428761108137,3,1.6770000001997687
37.75708245471223,0.9868894151000391,False,0.0017910947338027196,False,False,True,59636.11766310067,0.9478777948463583,2022-02-25,False,,34,0.025871724500971416,combined,21888164.41020759,14.444643274698535,ksi_Gem,3-4,0.9737495193473297,4,1.7249999473278876
37.75708245471223,0.9868894151000391,False,0.0019012406264977974,False,False,True,59636.11766310067,0.9506030786307587,2022-02-25,False,,35,0.029124455031039886,combined,21295590.68319546,15.318658051552859,ksi_Gem,3-4,0.9797275336617985,5,1.7730000081428443
65.58728668799623,0.9868894151000391,False,0.0069918322811795474,False,False,True,59636.12927580935,0.8129297342912681,2022-02-25,False,,36,-0.0351594926181632,combined,42783616.932310894,-5.028652176455192,ksi_Gem,1-2,0.7777702416731049,0,1.5330000451285741
65.58728668799623,0.9868894151000391,False,0.006528632229238213,False,False,False,59636.12927580935,0.8232269007828851,2022-02-25,False,,37,-0.015918481889236946,combined,41484685.0153225,-2.4382567941178666,ksi_Gem,1-2,0.8073084188936481,1,1.580999992256693
65.58728668799623,0.9868894151000391,False,0.006411965373070565,False,False,False,59636.12927580935,0.8327218946328707,2022-02-25,False,,38,-0.01590985242312082,combined,40262298.68091443,-2.4812754744341206,ksi_Gem,1-2,0.8168120422097499,2,1.6290000530716497
65.58728668799623,0.9868894151000391,False,0.005601326082559487,False,False,False,59636.12927580935,0.8414930510759814,2022-02-25,False,,39,-0.003390232057575271,combined,39109890.68585766,-0.6052552569883822,ksi_Gem,1-2,0.8381028190184061,3,1.6770000001997687
65.58728668799623,0.9868894151000391,False,0.005135419793676328,False,False,False,59636.12927580935,0.849609828105039,2022-02-25,False,,40,-0.009345378367775159,combined,38021616.63227542,-1.8197885943585186,ksi_Gem,1-2,0.8402644497372639,4,1.7249999473278876
65.58728668799623,0.9868894151000391,False,0.005250153357365088,False,False,False,59636.12927580935,0.8571338620160924,2022-02-25,False,,41,-0.006625281960176532,combined,36992265.305569075,-1.2619216067055201,ksi_Gem,1-2,0.8505085800559159,5,1.7730000081428443
110.08206811614991,0.9868894151000391,False,0.0095927391461549,False,False,True,59636.12927580935,0.5470821712328625,2022-02-25,False,,42,-0.0408777236185881,combined,71808261.49742039,-4.261319211934716,ksi_Gem,1-3,0.5062044476142744,0,1.5330000451285741
110.08206811614991,0.9868894151000391,False,0.008228111533143675,False,False,True,59636.12927580935,0.5682118949210834,2022-02-25,False,,43,-0.029877939118904462,combined,69628126.91669947,-3.6312024938593828,ksi_Gem,1-3,0.5383339558021789,1,1.580999992256693
110.08206811614991,0.9868894151000391,False,0.010095358481697193,False,False,False,59636.12927580935,0.5880824629999927,2022-02-25,False,,44,-0.026877257915614905,combined,67576466.86909474,-2.6623381392887797,ksi_Gem,1-3,0.5612052050843778,2,1.6290000530716497
110.08206811614991,0.9868894151000391,False,0.009148437214207794,False,False,False,59636.12927580935,0.6067689439145739,2022-02-25,False,,45,-0.018062948550643276,combined,65642258.85690915,-1.9744299630313886,ksi_Gem,1-3,0.5887059953639306,3,1.6770000001997687
110.08206811614991,0.9868894151000391,False,0.00950274488960761,False,False,False,59636.12927580935,0.6243449310372403,2022-02-25,False,,46,-0.018912126681677743,combined,63815693.61012017,-1.9901751442744104,ksi_Gem,1-3,0.6054328043555626,4,1.7249999473278876
110.08206811614991,0.9868894151000391,False,0.008249757290635491,False,False,True,59636.12927580935,0.6408814228314073,2022-02-25,False,,47,-0.026019350176479494,combined,62088024.59705403,-3.1539534146070842,ksi_Gem,1-3,0.6148620726549278,5,1.7730000081428443
122.45223472090372,0.9868894151000391,False,0.00874022027743339,False,False,False,59636.12927580935,0.4694487241792474,2022-02-25,False,,48,0.007312554120375847,combined,79877515.40518287,0.8366555862735321,ksi_Gem,1-4,0.4767612782996232,0,1.5330000451285741
122.45223472090372,0.9868894151000391,False,0.007915068121938323,False,False,True,59636.12927580935,0.4926133403677486,2022-02-25,False,,49,0.0246171837684801,combined,77452394.25720517,3.110167011734018,ksi_Gem,1-4,0.5172305241362287,1,1.580999992256693
122.45223472090372,0.9868894151000391,False,0.009030229719013029,False,False,False,59636.12927580935,0.5145681047322926,2022-02-25,False,,50,0.026167149443989124,combined,75170184.61110988,2.8977279934412454,ksi_Gem,1-4,0.5407352541762818,2,1.6290000530716497
122.45223472090372,0.9868894151000391,False,0.009899744649972193,False,False,True,59636.12927580935,0.5353605784114736,2022-02-25,False,,51,0.03470264318652194,combined,73018625.34664096,3.5054079083362435,ksi_Gem,1-4,0.5700632215979955,3,1.6770000001997687
122.45223472090372,0.9868894151000391,False,0.009456638547201288,False,False,True,59636.12927580935,0.555042770581625,2022-02-25,False,,52,0.03522706833556799,combined,70986804.90430649,3.725115236216099,ksi_Gem,1-4,0.590269838917193,4,1.7249999473278876
122.45223472090372,0.9868894151000391,False,0.008818928358224475,False,False,True,59636.12927580935,0.5736688947830413,2022-02-25,False,,53,0.03183043734230462,combined,69064993.88523306,3.6093316613259208,ksi_Gem,1-4,0.6054993321253459,5,1.7730000081428443
57.981538268381904,0.9868894151000391,True,0.006669667592047525,False,True,True,59636.12927580935,0.8510787390953112,2022-02-25,False,,54,0.09417001190530272,combined,37822267.81573182,14.119146210162688,ksi_Gem,2-3,0.9452487510006139,0,1.5330000451285741
57.981538268381904,0.9868894151000391,True,0.005019199609876757,False,True,True,59636.12927580935,0.8594296385143856,2022-02-25,False,,55,0.16966838382083105,combined,36673964.92875374,33.803872531181746,ksi_Gem,2-3,1.0290980223352166,1,1.580999992256693
57.981538268381904,0.9868894151000391,True,0.0032515416177043735,False,True,True,59636.12927580935,0.8671128174782233,2022-02-25,False,,56,0.23447000289731956,combined,35593331.11073364,72.110411141795,ksi_Gem,2-3,1.101582820375543,2,1.6290000530716497
57.981538268381904,0.9868894151000391,True,0.0056757807263347676,False,True,True,59636.12927580935,0.8741958554842292,2022-02-25,False,,57,0.1368210699003466,combined,34574560.680664875,24.106123280189003,ksi_Gem,2-3,1.0110169253845758,3,1.6770000001997687
57.981538268381904,0.9868894151000391,True,0.004261222169064553,False,True,True,59636.12927580935,0.8807382783557577,2022-02-25,False,,58,0.149769782297133,combined,33612486.97902759,35.14714238192637,ksi_Gem,2-3,1.0305080606528907,4,1.7249999473278876
57.981538268381904,0.9868894151000391,True,0.0034206262792427214,False,True,True,59636.12927580935,0.8867925981316341,2022-02-25,False,,59,0.12623132025316564,combined,32702503.10326594,36.90298499405538,ksi_Gem,2-3,1.0130239183847998,5,1.7730000081428443
86.90906274450748,0.9868894151000391,False,0.00778421954554469,False,False,True,59636.12927580935,0.691722418129474,2022-02-25,False,,60,-0.04975351712599019,combined,56692146.24009899,-6.391587086526444,ksi_Gem,2-4,0.6419689010034838,0,1.5330000451285741
86.90906274450748,0.9868894151000391,True,0.007798225630511505,False,True,True,59636.12927580935,0.7076019775510418,2022-02-25,False,,61,-0.05774668507787273,combined,54970944.446656786,-7.405105701472885,ksi_Gem,2-4,0.6498552924731691,1,1.580999992256693
86.90906274450748,0.9868894151000391,True,0.008415842590770642,False,True,True,59636.12927580935,0.7223610571209718,2022-02-25,False,,62,-0.05927806542346448,combined,53351172.445102975,-7.043628107834698,ksi_Gem,2-4,0.6630829916975073,2,1.6290000530716497
86.90906274450748,0.9868894151000391,True,0.006833801225399571,False,True,True,59636.12927580935,0.7360937430243788,2022-02-25,False,,63,-0.05728909882944344,combined,51824128.04660384,-8.383196546091192,ksi_Gem,2-4,0.6788046441949354,3,1.6770000001997687
86.90906274450748,0.9868894151000391,True,0.007924490250500951,False,True,True,59636.12927580935,0.7488858754380054,2022-02-25,False,,64,-0.057655897823709945,combined,50382066.89752891,-7.275660137264374,ksi_Gem,2-4,0.6912299776142955,4,1.7249999473278876
86.90906274450748,0.9868894151000391,True,0.007454805967443255,False,True,True,59636.12927580935,0.7608155515958616,2022-02-25,False,,65,-0.05098355023468504,combined,49018083.66912626,-6.839017736657559,ksi_Gem,2-4,0.7098320013611765,5,1.7730000081428443
37.90116729303478,0.9868894151000391,False,0.002266444671930398,False,False,False,59636.12927580935,0.9339064375013648,2022-02-25,False,,66,-0.006035805875171607,combined,24723526.534440495,-2.6631163557285222,ksi_Gem,3-4,0.9278706316261932,0,1.5330000451285741
37.90116729303478,0.9868894151000391,False,0.0021485115077584044,False,False,True,59636.12927580935,0.9377532282205726,2022-02-25,False,,67,0.0075655202528852605,combined,23972907.956144445,3.5212844918752872,ksi_Gem,3-4,0.9453187484734579,1,1.580999992256693
37.90116729303478,0.9868894151000391,False,0.0019901138370753816,False,False,True,59636.12927580935,0.9412765722537104,2022-02-25,False,,68,-0.006507074816401115,combined,23266523.056011062,-3.269699800672578,ksi_Gem,3-4,0.9347694974373093,2,1.6290000530716497
37.90116729303478,0.9868894151000391,False,0.0019116762947982947,False,False,True,59636.12927580935,0.9445114145653696,2022-02-25,False,,69,-0.00848300684519887,combined,22600576.796970718,-4.43747033338295,ksi_Gem,3-4,0.9360284077201707,3,1.6770000001997687
37.90116729303478,0.9868894151000391,False,0.0018287320607506023,False,False,False,59636.12927580935,0.947488167738737,2022-02-25,False,,70,-0.0036701793004736416,combined,21971691.855263885,-2.0069530027090017,ksi_Gem,3-4,0.9438179884382634,4,1.7249999473278876
37.90116729303478,0.9868894151000391,False,0.0018955858306584097,False,False,True,59636.12927580935,0.950233372514902,2022-02-25,False,,71,-0.03158089647068063,combined,21376856.807087626,-16.66023028865508,ksi_Gem,3-4,0.9186524760442214,5,1.7730000081428443
79.26041521153341,1.1246173683385692,False,0.003978312142340752,False,False,True,59639.076677617195,0.7371766858066069,2022-02-28,False,,72,0.01609182522065067,combined,51702813.35829039,4.044887541474457,ksi_Gem,1-2,0.7532685110272576,0,1.5330000451285741
79.26041521153341,1.1246173683385692,False,0.0045515875971087255,False,False,False,59639.076677617195,0.7510761415476468,2022-02-28,False,,73,-0.0001391372779144806,combined,50133090.19590722,-0.030568955325140583,ksi_Gem,1-2,0.7509370042697323,1,1.580999992256693
79.26041521153341,1.1246173683385692,False,0.0038034837776809998,False,False,False,59639.076677617195,0.7639543426675751,2022-02-28,False,,74,-0.011321994043847372,combined,48655870.245111175,-2.9767430875570713,ksi_Gem,1-2,0.7526323486237277,2,1.6290000530716497
79.26041521153341,1.1246173683385692,False,0.0042232486126107345,False,False,True,59639.076677617195,0.7759027953456404,2022-02-28,False,,75,-0.01758822560177986,combined,47263217.174771436,-4.164619991648359,ksi_Gem,1-2,0.7583145697438606,3,1.6770000001997687
79.26041521153341,1.1246173683385692,False,0.004144664340199687,False,False,False,59639.076677617195,0.7870039547531027,2022-02-28,False,,76,-0.008411025846220221,combined,45948068.19229868,-2.0293623695025165,ksi_Gem,1-2,0.7785929289068825,4,1.7249999473278876
79.26041521153341,1.1246173683385692,False,0.00401598155382634,False,False,True,59639.076677617195,0.7973320362606057,2022-02-28,False,,77,-0.016229466581871743,combined,44704125.68951759,-4.0412204001307375,ksi_Gem,1-2,0.7811025696787339,5,1.7730000081428443
124.23439522563567,1.1246173683385692,True,0.0003245272632051488,False,True,True,59639.076677617195,0.45842029271316587,2022-02-28,False,,78,0.21885584757636845,combined,81040046.68520151,674.3835492120719,ksi_Gem,1-3,0.6772761402895343,0,1.5330000451285741
124.23439522563567,1.1246173683385692,True,0.0009040065375833963,False,True,True,59639.076677617195,0.48182166961203665,2022-02-28,False,,79,0.1780731593129421,combined,78579630.50860333,196.9821587673137,ksi_Gem,1-3,0.6598948289249787,1,1.580999992256693
124.23439522563567,1.1246173683385692,True,0.0013850528248005181,False,True,True,59639.076677617195,0.5040279555674997,2022-02-28,False,,80,0.1499071534383407,combined,76264205.75700949,108.2320838267891,ksi_Gem,1-3,0.6539351090058404,2,1.6290000530716497
124.23439522563567,1.1246173683385692,True,0.0015116618552234134,False,True,True,59639.076677617195,0.5250818289792877,2022-02-28,False,,81,0.13883309468012273,combined,74081332.86275285,91.84136928533142,ksi_Gem,1-3,0.6639149236594104,3,1.6770000001997687
124.23439522563567,1.1246173683385692,True,0.0012652767387591715,False,True,True,59639.076677617195,0.5450313609799086,2022-02-28,False,,82,0.12468132879273419,combined,72019941.46033514,98.54075790171119,ksi_Gem,1-3,0.6697126897726428,4,1.7249999473278876
124.23439522563567,1.1246173683385692,True,0.0004909439602854787,False,True,True,59639.076677617195,0.5639276079520344,2022-02-28,False,,83,0.12226977746204903,combined,70070160.54995221,249.05037509973735,ksi_Gem,1-3,0.6861973854140835,5,1.7730000081428443
128.66175153674914,1.1246173683385692,True,0.0007873648434443674,False,True,True,59639.076677617195,0.4312829305896499,2022-02-28,False,,84,0.22567364012420515,combined,83928080.72354503,286.61889339252735,ksi_Gem,1-4,0.656956570713855,0,1.5330000451285741
128.66175153674914,1.1246173683385692,True,0.0014992565542679404,False,True,True,59639.076677617195,0.4552060346494863,2022-02-28,False,,85,0.20439894716389795,combined,81379982.39525573,136.33353583283298,ksi_Gem,1-4,0.6596049818133842,1,1.580999992256693
128.66175153674914,1.1246173683385692,True,0.0014415155326849,False,True,True,59639.076677617195,0.4779790543601725,2022-02-28,False,,86,0.17800044756232813,combined,78982042.56908646,123.48146345034017,ksi_Gem,1-4,0.6559795019225007,2,1.6290000530716497
128.66175153674914,1.1246173683385692,True,0.0015584712847247792,False,True,True,59639.076677617195,0.49963163632849716,2022-02-28,False,,87,0.16723997731342577,combined,76721378.3669783,107.31027190081323,ksi_Gem,1-4,0.6668716136419229,3,1.6770000001997687
128.66175153674914,1.1246173683385692,True,0.0012903155540929484,False,True,True,59639.076677617195,0.5202012333559815,2022-02-28,False,,88,0.15082248939361775,combined,74586524.90746607,116.88806580312927,ksi_Gem,1-4,0.6710237227495992,4,1.7249999473278876
128.66175153674914,1.1246173683385692,True,0.0008530899221685507,False,True,True,59639.076677617195,0.5397302967254163,2022-02-28,False,,89,0.13772101519401592,combined,72567259.41672039,161.43786442105625,ksi_Gem,1-4,0.6774513119194322,5,1.7730000081428443
57.663075735162906,1.1246173683385692,False,0.003476219797467978,False,False,False,59639.076677617195,0.8526034838299033,2022-02-28,False,,90,-0.0038195111903186474,combined,37614529.704939865,-1.0987542252364817,ksi_Gem,2-3,0.8487839726395846,0,1.5330000451285741
57.663075735162906,1.1246173683385692,False,0.0032500159779201695,False,False,True,59639.076677617195,0.8608748527842629,2022-02-28,False,,91,-0.01545764443797315,combined,36472533.85046232,-4.7561749059046745,ksi_Gem,2-3,0.8454172083462898,1,1.580999992256693
57.663075735162906,1.1246173683385692,False,0.0036267111010344836,False,False,True,59639.076677617195,0.8684841988734913,2022-02-28,False,,92,-0.030449039899873354,combined,35397835.393825285,-8.395772106355002,ksi_Gem,2-3,0.8380351589736179,2,1.6290000530716497
57.663075735162906,1.1246173683385692,False,0.002379509372376446,False,False,True,59639.076677617195,0.875498615102355,2022-02-28,False,,93,-0.01816240271953451,combined,34384660.541618325,-7.632835125753462,ksi_Gem,2-3,0.8573362123828205,3,1.6770000001997687
57.663075735162906,1.1246173683385692,False,0.0028616385334696848,False,False,True,59639.076677617195,0.8819771841100724,2022-02-28,False,,94,-0.017290604370379214,combined,33427871.01210405,-6.042204201595885,ksi_Gem,2-3,0.8646865797396932,4,1.7249999473278876
57.663075735162906,1.1246173683385692,False,0.0025940847901925954,False,False,True,59639.076677617195,0.8879720154059156,2022-02-28,False,,95,-0.033742874297141845,combined,32522885.20605421,-13.007621965447258,ksi_Gem,2-3,0.8542291411087738,5,1.7730000081428443
109.10277363663764,1.1246173683385692,True,0.0010988810568421932,False,True,True,59639.076677617195,0.55327254340618,2022-02-28,False,,96,0.1713741677461199,combined,71169452.3319385,155.95333696859825,ksi_Gem,2-4,0.7246467111523,0,1.5330000451285741
109.10277363663764,1.1246173683385692,True,0.0006059718640123918,False,True,True,59639.076677617195,0.57421419870284,2022-02-28,False,,97,0.13534707918233568,combined,69008712.31561877,223.35538532457,ksi_Gem,2-4,0.7095612778851756,1,1.580999992256693
109.10277363663764,1.1246173683385692,True,0.000290774808369209,False,True,True,59639.076677617195,0.5938967075088022,2022-02-28,False,,98,0.11333016780447736,combined,66975303.91783165,389.7523600482517,ksi_Gem,2-4,0.7072268753132795,2,1.6290000530716497
109.10277363663764,1.1246173683385692,True,0.0007976499803232087,False,True,True,59639.076677617195,0.612396810810688,2022-02-28,False,,99,0.09173523363943836,combined,65058302.69746036,115.00687758089975,ksi_Gem,2-4,0.7041320444501263,3,1.6770000001997687
109.10277363663764,1.1246173683385692,True,0.0008168593492691526,False,True,True,59639.076677617195,0.6297893639338886,2022-02-28,False,,100,0.06876121984221162,combined,63247986.64814069,84.17755137862174,ksi_Gem,2-4,0.6985505837761002,4,1.7249999473278876
109.10277363663764,1.1246173683385692,True,0.0008019423866332785,False,True,True,59639.076677617195,0.6461463015626714,2022-02-28,False,,101,0.06900553116683916,combined,61535687.04769437,86.04799087443025,ksi_Gem,2-4,0.7151518327295106,5,1.7730000081428443
79.58627986370064,1.1246173683385692,False,0.0024276750616151733,False,False,False,59639.076677617195,0.7352783617197618,2022-02-28,False,,102,-0.006813355524980302,combined,51915379.987497434,-2.806535204281936,ksi_Gem,3-4,0.7284650061947815,0,1.5330000451285741
79.58627986370064,1.1246173683385692,False,0.004047749912015207,False,False,True,59639.076677617195,0.7492633450087374,2022-02-28,False,,103,-0.024502373248374565,combined,50339203.196389966,-6.053331796918216,ksi_Gem,3-4,0.7247609717603628,1,1.580999992256693
79.58627986370064,1.1246173683385692,False,0.0015313251618309734,False,False,True,59639.076677617195,0.7622224332126312,2022-02-28,False,,104,-0.03217199853374186,combined,48855909.926848926,-21.009253511693416,ksi_Gem,3-4,0.7300504346788893,2,1.6290000530716497
79.58627986370064,1.1246173683385692,False,0.005075856273069738,False,False,False,59639.076677617195,0.7742473208173913,2022-02-28,False,,105,-0.0027417754332034194,combined,47457531.21897443,-0.5401601790322698,ksi_Gem,3-4,0.7715055453841879,3,1.6770000001997687
79.58627986370064,1.1246173683385692,False,0.0041209629607982185,False,False,True,59639.076677617195,0.7854206714842213,2022-02-28,False,,106,-0.03913346492978831,combined,46136975.242801495,-9.496194288096264,ksi_Gem,3-4,0.746287206554433,4,1.7249999473278876
79.58627986370064,1.1246173683385692,False,0.00524680626570489,False,False,True,59639.076677617195,0.7958169186950269,2022-02-28,False,,107,-0.01661096705115117,combined,44887918.49869448,-3.165919649011387,ksi_Gem,3-4,0.7792059516438757,5,1.7730000081428443
76.35938842464851,1.1246173683385692,False,0.003863311452266213,False,False,False,59639.08755957545,0.7539063165635976,2022-02-28,False,,108,0.009918203973855011,combined,49810428.03442591,2.5672804526378545,ksi_Gem,1-2,0.7638245205374526,0,1.5330000451285741
76.35938842464851,1.1246173683385692,False,0.004728105219669874,False,False,False,59639.08755957545,0.7670417033765853,2022-02-28,False,,109,-0.000843600920345966,combined,48298158.632913336,-0.1784226198766507,ksi_Gem,1-2,0.7661981024562393,1,1.580999992256693
76.35938842464851,1.1246173683385692,False,0.004265102095416472,False,False,False,59639.08755957545,0.7791985627721966,2022-02-28,False,,110,-0.005472494679332973,combined,46875006.71388249,-1.2830864436314515,ksi_Gem,1-2,0.7737260680928636,2,1.6290000530716497
76.35938842464851,1.1246173683385692,False,0.004449713254093663,False,False,False,59639.08755957545,0.7904664397616796,2022-02-28,False,,111,-0.004250298682375364,combined,45533326.42549337,-0.955184848925975,ksi_Gem,1-2,0.7862161410793043,3,1.6770000001997687
76.35938842464851,1.1246173683385692,False,0.004339227941700639,False,False,False,59639.08755957545,0.8009257018098815,2022-02-28,False,,112,0.0009390130535734675,combined,44266313.48188333,0.21640095108842053,ksi_Gem,1-2,0.801864714863455,4,1.7249999473278876
76.35938842464851,1.1246173683385692,False,0.004191083925952764,False,False,True,59639.08755957545,0.8106484340535274,2022-02-28,False,,113,-0.015160852585982876,combined,43067900.774931364,-3.617406106353821,ksi_Gem,1-2,0.7954875814675445,5,1.7730000081428443
121.58049075337746,1.1246173683385692,True,0.0003734110057863973,False,True,True,59639.08755957545,0.4748623770014151,2022-02-28,False,,114,0.20956156023868244,combined,79308863.12738523,561.2088476003789,ksi_Gem,1-3,0.6844239372400975,0,1.5330000451285741
121.58049075337746,1.1246173683385692,True,0.0007091592383719111,False,True,True,59639.08755957545,0.4979057321686243,2022-02-28,False,,115,0.17414057366704616,combined,76901006.54575936,245.55919777177036,ksi_Gem,1-3,0.6720463058356705,1,1.580999992256693
121.58049075337746,1.1246173683385692,True,0.0011317095319438905,False,True,True,59639.08755957545,0.519732720096727,2022-02-28,False,,116,0.1473199636578446,combined,74635044.07143803,130.1747131216605,ksi_Gem,1-3,0.6670526837545716,2,1.6290000530716497
121.58049075337746,1.1246173683385692,True,0.0012230689692405582,False,True,True,59639.08755957545,0.5403932106860001,2022-02-28,False,,117,0.13113228044282788,combined,72498801.87173194,107.21576929897257,ksi_Gem,1-3,0.671525491128828,3,1.6770000001997687
121.58049075337746,1.1246173683385692,True,0.0010420525642641982,False,True,True,59639.08755957545,0.5599410665217263,2022-02-28,False,,118,0.11456250853103289,combined,70481446.06712122,109.93927989796408,ksi_Gem,1-3,0.6745035750527592,4,1.7249999473278876
121.58049075337746,1.1246173683385692,True,0.00038693559868015984,False,True,True,59639.08755957545,0.578431979599329,2022-02-28,False,,119,0.10693621268670139,combined,68573316.52284017,276.36695370356614,ksi_Gem,1-3,0.6853681922860304,5,1.7730000081428443
130.13539943026007,1.1246173683385692,True,0.0006496564864964621,False,True,True,59639.08755957545,0.4223436719821804,2022-02-28,False,,120,0.22378988906028202,combined,84889364.38312075,344.4741855302029,ksi_Gem,1-4,0.6461335610424624,0,1.5330000451285741
130.13539943026007,1.1246173683385692,True,0.0011811660604906832,False,True,True,59639.08755957545,0.4464188871575627,2022-02-28,False,,121,0.21017193782927313,combined,82312081.00419214,177.93597772523444,ksi_Gem,1-4,0.6565908249868359,1,1.580999992256693
130.13539943026007,1.1246173683385692,True,0.0011605913114084404,False,True,True,59639.08755957545,0.469361612899075,2022-02-28,False,,122,0.18125055722384315,combined,79886675.99173872,156.17087207372404,ksi_Gem,1-4,0.6506121701229182,2,1.6290000530716497
130.13539943026007,1.1246173683385692,True,0.0011956843300102566,False,True,True,59639.08755957545,0.491196889670598,2022-02-28,False,,123,0.16947852737449293,combined,77600118.91160285,141.74186540776958,ksi_Gem,1-4,0.6606754170450909,3,1.6770000001997687
130.13539943026007,1.1246173683385692,True,0.0010643058949640193,False,True,True,59639.08755957545,0.5119583836391891,2022-02-28,False,,124,0.15863044553502892,combined,75440813.56747077,149.04591460558592,ksi_Gem,1-4,0.670588829174218,4,1.7249999473278876
130.13539943026007,1.1246173683385692,True,0.0007365480109509017,False,True,True,59639.08755957545,0.5316854490887998,2022-02-28,False,,125,0.14636583991313612,combined,73398420.09734245,198.7186683515365,ksi_Gem,1-4,0.6780512890019359,5,1.7730000081428443
58.03261835716019,1.1246173683385692,False,0.003782598126969727,False,False,False,59639.08755957545,0.8508336071333154,2022-02-28,False,,126,-0.003952339808926952,combined,37855588.15968133,-1.0448743631386521,ksi_Gem,2-3,0.8468812673243884,0,1.5330000451285741
58.03261835716019,1.1246173683385692,False,0.003403701218384144,False,False,True,59639.08755957545,0.8591972803219159,2022-02-28,False,,127,-0.029092564477950722,combined,36706273.650466874,-8.547332039843962,ksi_Gem,2-3,0.8301047158439652,1,1.580999992256693
58.03261835716019,1.1246173683385692,False,0.0038454751414878537,False,False,True,59639.08755957545,0.8668923193537932,2022-02-28,False,,128,-0.032721663870569295,combined,35624687.82473864,-8.50913415550229,ksi_Gem,2-3,0.8341706554832239,2,1.6290000530716497
58.03261835716019,1.1246173683385692,False,0.0020760353208529713,False,False,True,59639.08755957545,0.873986381535291,2022-02-28,False,,129,-0.019143884601113603,combined,34605019.88684984,-9.22136748292319,ksi_Gem,2-3,0.8548424969341774,3,1.6770000001997687
58.03261835716019,1.1246173683385692,False,0.0029905519836996076,False,False,True,59639.08755957545,0.8805390636108381,2022-02-28,False,,130,-0.01852590014859301,combined,33642098.62560034,-6.194809603568451,ksi_Gem,2-3,0.8620131634622451,4,1.7249999473278876
58.03261835716019,1.1246173683385692,False,0.002804981764850854,False,False,True,59639.08755957545,0.8866029420643915,2022-02-28,False,,131,-0.031646668616246654,combined,32731313.079883926,-11.282308146459329,ksi_Gem,2-3,0.8549562734481448,5,1.7730000081428443
110.41223709849768,1.1246173683385692,True,0.0008648450394301174,False,True,True,59639.08755957545,0.5449955707672934,2022-02-28,False,,132,0.16226134812218296,combined,72023635.9087891,187.61898458607538,ksi_Gem,2-4,0.7072569188894764,0,1.5330000451285741
110.41223709849768,1.1246173683385692,True,0.0005331125817123306,False,True,True,59639.08755957545,0.566187875101677,2022-02-28,False,,133,0.132929566340657,combined,69836962.45367914,249.3461435738282,ksi_Gem,2-4,0.699117441442334,1,1.580999992256693
110.41223709849768,1.1246173683385692,True,0.00026391505219726673,False,True,True,59639.08755957545,0.5861211475232204,2022-02-28,False,,134,0.10856337309537867,combined,67779148.8651605,411.3572613290415,ksi_Gem,2-4,0.6946845206185991,2,1.6290000530716497
110.41223709849768,1.1246173683385692,True,0.0007088267227370676,False,True,True,59639.08755957545,0.6048698753325841,2022-02-28,False,,135,0.09310594451449528,combined,65839139.58577524,131.35219303664996,ksi_Gem,2-4,0.6979758198470793,3,1.6770000001997687
110.41223709849768,1.1246173683385692,True,0.0007867041374669339,False,True,True,59639.08755957545,0.6225072113688257,2022-02-28,False,,136,0.0686606371145706,combined,64007095.92457196,87.27631373040349,ksi_Gem,2-4,0.6911678484833963,4,1.7249999473278876
110.41223709849768,1.1246173683385692,True,0.0008463676391139763,False,True,True,59639.08755957545,0.6391038253512664,2022-02-28,False,,137,0.06323038899420741,combined,62274245.11641748,74.70794731755154,ksi_Gem,2-4,0.7023342143454738,5,1.7730000081428443
78.40369557383168,1.1246173683385692,False,0.0028450517661348994,False,False,True,59639.08755957545,0.7421494989581082,2022-02-28,False,,138,0.023706039102689647,combined,51143961.68674339,8.332375313822537,ksi_Gem,3-4,0.7658555380607979,0,1.5330000451285741
78.40369557383168,1.1246173683385692,False,0.003674703897434991,False,False,False,59639.08755957545,0.7558237691004444,2022-02-28,False,,139,0.010323224948352805,combined,49591205.53942543,2.8092671509012197,ksi_Gem,3-4,0.7661469940487972,1,1.580999992256693
78.40369557383168,1.1246173683385692,False,0.0016064002638293848,False,False,True,59639.08755957545,0.7684891423064536,2022-02-28,False,,140,0.006488815000282533,combined,48129952.74370515,4.039351303898757,ksi_Gem,3-4,0.7749779573067361,2,1.6290000530716497
78.40369557383168,1.1246173683385692,True,0.00489279635106142,False,True,True,59639.08755957545,0.7802365983550417,2022-02-28,False,,141,0.057589778339431796,combined,46752352.75163508,11.770319916736069,ksi_Gem,3-4,0.8378263766944735,3,1.6770000001997687
78.40369557383168,1.1246173683385692,False,0.004622917357227059,False,False,False,59639.08755957545,0.7911480187605904,2022-02-28,False,,142,0.00916937882615787,combined,45451419.11179938,1.983461549842174,ksi_Gem,3-4,0.8003173975867482,4,1.7249999473278876
78.40369557383168,1.1246173683385692,True,0.0054500019653380615,False,True,True,59639.08755957545,0.801297024661086,2022-02-28,False,,143,0.06455309355084449,combined,44220922.28637766,11.844600049945171,ksi_Gem,3-4,0.8658501182119305,5,1.7730000081428443
86.46585510027293,1.0158307843569478,False,0.008552482487766695,False,False,False,58816.220582631926,0.6549743875265013,2019-11-28,False,,0,0.011612023917681569,combined,56403034.934693016,1.357737234106142,pi3_Ori,1-2,0.6665864114441828,0,1.5330000451285741
86.46585510027293,1.0158307843569478,False,0.007858751614771023,False,False,False,58816.220582631926,0.6723455451797948,2019-11-28,False,,1,0.004681762747854146,combined,54690610.70446497,0.5957387352788291,pi3_Ori,1-2,0.677027307927649,1,1.580999992256693
86.46585510027293,1.0158307843569478,False,0.007509370611365961,False,False,False,58816.220582631926,0.6885348567884699,2019-11-28,False,,2,0.004595602270275112,combined,53079099.00753688,0.6119823495353052,pi3_Ori,1-2,0.693130459058745,2,1.6290000530716497
86.46585510027293,1.0158307843569478,False,0.00710632044174283,False,False,False,58816.220582631926,0.70363549918188,2019-11-28,False,,3,0.006323791328068817,combined,51559842.0333768,0.8898826586713705,pi3_Ori,1-2,0.7099592905099488,3,1.6770000001997687
86.46585510027293,1.0158307843569478,False,0.006779749997729043,False,False,False,58816.220582631926,0.7177335391937711,2019-11-28,False,,4,0.010566830328819443,combined,50125134.922011405,1.558587017568336,pi3_Ori,1-2,0.7283003695225906,4,1.7249999473278876
86.46585510027293,1.0158307843569478,False,0.006462907259216198,False,False,False,58816.220582631926,0.7309081078408513,2019-11-28,False,,5,0.00966567317356093,combined,48768107.55959494,1.495561174853243,pi3_Ori,1-2,0.7405737810144122,5,1.7730000081428443
128.5950176650851,1.0158307843569478,False,0.010863936447969097,False,False,False,58816.220582631926,0.3745776358494232,2019-11-28,False,,6,0.0009394603384672018,combined,83884549.17122962,0.08647513200823485,pi3_Ori,1-3,0.3755170961878904,0,1.5330000451285741
128.5950176650851,1.0158307843569478,False,0.010467153458979545,False,False,False,58816.220582631926,0.399282133023421,2019-11-28,False,,7,-0.012490542184410702,combined,81337772.48254803,-1.1933084036037835,pi3_Ori,1-3,0.3867915908390103,1,1.580999992256693
128.5950176650851,1.0158307843569478,False,0.010567975694746476,False,False,False,58816.220582631926,0.42297298648709974,2019-11-28,False,,8,-0.010670188886549803,combined,78941076.41224797,-1.009671974534739,pi3_Ori,1-3,0.41230279760054994,2,1.6290000530716497
128.5950176650851,1.0158307843569478,False,0.010582389749767154,False,False,False,58816.220582631926,0.4456480170525572,2019-11-28,False,,9,-0.005314549857472761,combined,76681584.76432112,-0.5022069667760723,pi3_Ori,1-3,0.4403334671950844,3,1.6770000001997687
128.5950176650851,1.0158307843569478,False,0.010284557143482446,False,False,False,58816.220582631926,0.4673181993369794,2019-11-28,False,,10,-0.008878201418929532,combined,74547838.60387085,-0.8632555874859276,pi3_Ori,1-3,0.45843999791804985,4,1.7249999473278876
128.5950176650851,1.0158307843569478,False,0.010311410022146434,False,False,False,58816.220582631926,0.4880040669501356,2019-11-28,False,,11,-0.005214658985767229,combined,72529620.45938392,-0.5057173533558837,pi3_Ori,1-3,0.48278940796436837,5,1.7730000081428443
125.8977423689748,1.0158307843569478,False,0.010675618566786735,False,False,False,58816.220582631926,0.3915904323244287,2019-11-28,False,,12,-0.0016492270650648733,combined,82125074.14402303,-0.15448538693540786,pi3_Ori,1-4,0.3899412052593638,0,1.5330000451285741
125.8977423689748,1.0158307843569478,False,0.010328152588950569,False,False,False,58816.220582631926,0.4161055727485946,2019-11-28,False,,13,-0.014395272829649475,combined,79631715.99341406,-1.3937897126975116,pi3_Ori,1-4,0.40171029991894514,1,1.580999992256693
125.8977423689748,1.0158307843569478,False,0.01049319177102295,False,False,False,58816.220582631926,0.4395601105323515,2019-11-28,False,,14,-0.015009521609316234,combined,77285290.52628419,-1.430405727527555,pi3_Ori,1-4,0.42455058892303527,2,1.6290000530716497
125.8977423689748,1.0158307843569478,False,0.010520027881148716,False,False,False,58816.220582631926,0.46196203057206103,2019-11-28,False,,15,-0.007617359611414132,combined,75073191.62431575,-0.7240816942190811,pi3_Ori,1-4,0.4543446709606469,3,1.6770000001997687
125.8977423689748,1.0158307843569478,False,0.010457797263774075,False,False,False,58816.220582631926,0.48333083670699495,2019-11-28,False,,16,0.003923085389234526,combined,72984200.7033083,0.37513496296434595,pi3_Ori,1-4,0.4872539220962295,4,1.7249999473278876
125.8977423689748,1.0158307843569478,False,0.010659661658064265,False,False,False,58816.220582631926,0.5036941826480726,2019-11-28,False,,17,0.008229210859232228,combined,71008314.60280043,0.7719955025970877,pi3_Ori,1-4,0.5119233935073049,5,1.7730000081428443
56.54503427505777,1.0158307843569478,False,0.004520352798650374,False,False,False,58816.220582631926,0.8375186508969384,2019-11-28,False,,18,0.005335402900033315,combined,36885213.705466844,1.1803067454439147,pi3_Ori,2-3,0.8428540537969718,0,1.5330000451285741
56.54503427505777,1.0158307843569478,False,0.0039469008871536315,False,False,True,58816.220582631926,0.8465707839858653,2019-11-28,False,,19,-0.01941864604210919,combined,35765360.247944295,-4.919973061728754,pi3_Ori,2-3,0.8271521379437561,1,1.580999992256693
56.54503427505777,1.0158307843569478,False,0.003978364983470485,False,False,True,58816.220582631926,0.8549056561737273,2019-11-28,False,,20,-0.0200453033481357,combined,34711499.34491175,-5.038578268062623,pi3_Ori,2-3,0.8348603528255916,2,1.6290000530716497
56.54503427505777,1.0158307843569478,False,0.0035488481100231692,False,False,True,58816.220582631926,0.8625949750666322,2019-11-28,False,,21,-0.02432397671698272,combined,33717969.15224924,-6.854048401869732,pi3_Ori,2-3,0.8382709983496495,3,1.6770000001997687
56.54503427505777,1.0158307843569478,False,0.0035614472355078074,False,False,False,58816.220582631926,0.8697020460598269,2019-11-28,False,,22,0.0073917953483061405,combined,32779731.01544084,2.0755032601942185,pi3_Ori,2-3,0.8770938414081331,4,1.7249999473278876
56.54503427505777,1.0158307843569478,False,0.0033422733687669425,False,False,True,58816.220582631926,0.8762828286365333,2019-11-28,False,,23,0.015766837347141238,combined,31892292.168845914,4.71739908963762,pi3_Ori,2-3,0.8920496659836745,5,1.7730000081428443
113.73612018873504,1.0158307843569478,False,0.010697189634613193,False,False,False,58816.220582631926,0.47095465650728563,2019-11-28,False,,24,-0.010618586342316771,combined,74191857.03885344,-0.992651967948471,pi3_Ori,2-4,0.46033607016496886,0,1.5330000451285741
113.73612018873504,1.0158307843569478,False,0.010639228673644916,False,False,False,58816.220582631926,0.49408302820905303,2019-11-28,False,,25,-0.012214574489566088,combined,71939355.31042603,-1.1480695513034282,pi3_Ori,2-4,0.48186845371948694,1,1.580999992256693
113.73612018873504,1.0158307843569478,False,0.01076670098875571,False,False,False,58816.220582631926,0.5160000953083426,2019-11-28,False,,26,-0.012480618421132128,combined,69819592.68464953,-1.1591868701625838,pi3_Ori,2-4,0.5035194768872104,2,1.6290000530716497
113.73612018873504,1.0158307843569478,False,0.010510659946715186,False,False,False,58816.220582631926,0.5367540191312302,2019-11-28,False,,27,-0.00789000267406037,combined,67821180.78424954,-0.750666724454935,pi3_Ori,2-4,0.5288640164571698,3,1.6770000001997687
113.73612018873504,1.0158307843569478,False,0.009839379709724608,False,False,True,58816.220582631926,0.5563972859525431,2019-11-28,False,,28,-0.03407436028577515,combined,65933984.73137234,-3.4630597955375433,pi3_Ori,2-4,0.522322925666768,4,1.7249999473278876
113.73612018873504,1.0158307843569478,False,0.01007762932786153,False,False,False,58816.220582631926,0.5749844858633055,2019-11-28,False,,29,-0.009772317175293144,combined,64148967.66293287,-0.9697039707816705,pi3_Ori,2-4,0.5652121686880124,5,1.7730000081428443
88.93143150613763,1.0158307843569478,False,0.009472497686925428,False,False,False,58816.220582631926,0.6385258933783038,2019-11-28,False,,30,0.0006440052867574542,combined,58011369.13774772,0.06798685078027025,pi3_Ori,3-4,0.6391698986650612,0,1.5330000451285741
88.93143150613763,1.0158307843569478,False,0.008976628214195374,False,False,False,58816.220582631926,0.6565319747895952,2019-11-28,False,,31,0.00105904145224045,combined,56250115.080138855,0.11797764449748664,pi3_Ori,3-4,0.6575910162418357,1,1.580999992256693
88.93143150613763,1.0158307843569478,False,0.008159693309029938,False,False,False,58816.220582631926,0.6733342791627307,2019-11-28,False,,32,0.007986102571510112,combined,54592651.079690345,0.9787258257209592,pi3_Ori,3-4,0.6813203817342408,2,1.6290000530716497
88.93143150613763,1.0158307843569478,False,0.007748137867360026,False,False,False,58816.220582631926,0.6890247203017815,2019-11-28,False,,33,0.005533069178715433,combined,53030072.44814781,0.7141159945054876,pi3_Ori,3-4,0.694557789480497,3,1.6770000001997687
88.93143150613763,1.0158307843569478,False,0.007444343423078724,False,False,False,58816.220582631926,0.7036887438246588,2019-11-28,False,,34,0.015358387162067388,combined,51554454.621228784,2.0630949284867475,pi3_Ori,3-4,0.7190471309867262,4,1.7249999473278876
88.93143150613763,1.0158307843569478,False,0.007054112347460166,False,False,False,58816.220582631926,0.7174053335480826,2019-11-28,False,,35,0.011031640857906866,combined,50158731.58358877,1.5638595353359817,pi3_Ori,3-4,0.7284369744059894,5,1.7730000081428443
84.61865197807903,1.0158307843569478,False,0.009342284332682069,False,False,False,58816.23144268751,0.6672145785820824,2019-11-28,False,,36,0.01769723080433816,combined,55198075.3340304,1.8943151561367086,pi3_Ori,1-2,0.6849118093864206,0,1.5330000451285741
84.61865197807903,1.0158307843569478,False,0.008560277013367739,False,False,False,58816.23144268751,0.684099777232217,2019-11-28,False,,37,0.01078978423447241,combined,53522234.27736756,1.260448022607571,pi3_Ori,1-2,0.6948895614666895,1,1.580999992256693
84.61865197807903,1.0158307843569478,False,0.008149887572509552,False,False,False,58816.23144268751,0.6998217197235602,2019-11-28,False,,38,0.010038315172097856,combined,51945149.92097251,1.231712104343399,pi3_Ori,1-2,0.7098600348956581,2,1.6290000530716497
84.61865197807903,1.0158307843569478,False,0.007713546451633916,False,False,False,58816.23144268751,0.7144741742158585,2019-11-28,False,,39,0.01373167198904468,combined,50458349.414429955,1.780202151519549,pi3_Ori,1-2,0.7282058462049031,3,1.6770000001997687
84.61865197807903,1.0158307843569478,False,0.007350002964891106,False,False,False,58816.23144268751,0.728143375008767,2019-11-28,False,,40,0.018701640856467083,combined,49054292.49963608,2.5444399064598415,pi3_Ori,1-2,0.7468450158652341,4,1.7249999473278876
84.61865197807903,1.0158307843569478,False,0.007014342462969618,False,False,False,58816.23144268751,0.7409083134303098,2019-11-28,False,,41,0.020491508634553735,combined,47726255.831613965,2.921372707810216,pi3_Ori,1-2,0.7613998220648636,5,1.7730000081428443
127.42728742592524,1.0158307843569478,False,0.011966978193339995,False,False,False,58816.23144268751,0.38191212118300744,2019-11-28,False,,42,0.006995804247129311,combined,83122820.40098557,0.5845923786359617,pi3_Ori,1-3,0.38890792543013675,0,1.5330000451285741
127.42728742592524,1.0158307843569478,False,0.011545155502265175,False,False,False,58816.23144268751,0.4065400680904045,2019-11-28,False,,43,-0.005982514222597102,combined,80599170.17712167,-0.5181839448956166,pi3_Ori,1-3,0.4005575538678074,1,1.580999992256693
127.42728742592524,1.0158307843569478,False,0.011627598510626592,False,False,False,58816.23144268751,0.43013346130053093,2019-11-28,False,,44,-0.004582915774873575,combined,78224237.73752971,-0.394141212451152,pi3_Ori,1-3,0.42555054552565735,2,1.6290000530716497
127.42728742592524,1.0158307843569478,False,0.01160762588024563,False,False,False,58816.23144268751,0.45269456824363147,2019-11-28,False,,45,0.00028134883362052054,combined,75985263.81082037,0.024238275468485972,pi3_Ori,1-3,0.452975917077252,3,1.6770000001997687
127.42728742592524,1.0158307843569478,False,0.011240961881024697,False,False,False,58816.23144268751,0.47423810309929376,2019-11-28,False,,46,-0.004355102616604323,combined,73870893.51702102,-0.3874314905342712,pi3_Ori,1-3,0.46988300048268944,4,1.7249999473278876
127.42728742592524,1.0158307843569478,False,0.011270006789830589,False,False,False,58816.23144268751,0.49478772785639225,2019-11-28,False,,47,-0.0001053563550997283,combined,71871002.1662103,-0.009348384350113778,pi3_Ori,1-3,0.4946823715012925,5,1.7730000081428443
127.89201260935378,1.0158307843569478,False,0.011218654070974101,False,False,False,58816.23144268751,0.3789874336593069,2019-11-28,False,,48,0.006194355545313501,combined,83425967.93506771,0.5521478339670075,pi3_Ori,1-4,0.38518178920462043,0,1.5330000451285741
127.89201260935378,1.0158307843569478,False,0.010793985343225352,False,False,False,58816.23144268751,0.40364684140797186,2019-11-28,False,,49,-0.009232365535213949,combined,80893114.00109677,-0.8553250019936774,pi3_Ori,1-4,0.3944144758727579,1,1.580999992256693
127.89201260935378,1.0158307843569478,False,0.010992856867297148,False,False,False,58816.23144268751,0.42727991176955643,2019-11-28,False,,50,-0.010997835549746371,combined,78509520.22266668,-1.0004529015986767,pi3_Ori,1-4,0.41628207621981006,2,1.6290000530716497
127.89201260935378,1.0158307843569478,False,0.011087806280359085,False,False,False,58816.23144268751,0.449887150724059,2019-11-28,False,,51,-0.0012049353506513039,combined,76262380.79553902,-0.10867211422927939,pi3_Ori,1-4,0.4486822153734077,3,1.6770000001997687
127.89201260935378,1.0158307843569478,False,0.010992016368166631,False,False,False,58816.23144268751,0.47148179259163625,2019-11-28,False,,52,0.009145744834890945,combined,74140299.42868404,0.8320352270742091,pi3_Ori,1-4,0.4806275374265272,4,1.7249999473278876
127.89201260935378,1.0158307843569478,False,0.011250574423074419,False,False,False,58816.23144268751,0.49208626258284605,2019-11-28,False,,53,0.013491390115406121,combined,72133114.50760579,1.1991734473340216,pi3_Ori,1-4,0.5055776526982522,5,1.7730000081428443
57.26024714135357,1.0158307843569478,False,0.0047892159429234644,False,False,True,58816.23144268751,0.8336896254712056,2019-11-28,False,,54,0.02137765578480666,combined,37351758.28814219,4.463706802862844,pi3_Ori,2-3,0.8550672812560123,0,1.5330000451285741
57.26024714135357,1.0158307843569478,False,0.0042029223846629885,False,False,False,58816.23144268751,0.8429379120011062,2019-11-28,False,,55,-0.006345191620352297,combined,36217740.30474298,-1.5097094449106956,pi3_Ori,2-3,0.8365927203807539,1,1.580999992256693
57.26024714135357,1.0158307843569478,False,0.004211251974490653,False,False,False,58816.23144268751,0.8514552941556048,2019-11-28,False,,56,-0.004456170173656626,combined,35150549.58616078,-1.0581580491145024,pi3_Ori,2-3,0.8469991239819482,2,1.6290000530716497
57.26024714135357,1.0158307843569478,False,0.0037981161533486517,False,False,False,58816.23144268751,0.8593145847589875,2019-11-28,False,,57,-0.00720662232859004,combined,34144452.67413988,-1.8974202045496267,pi3_Ori,2-3,0.8521079624303974,3,1.6770000001997687
57.26024714135357,1.0158307843569478,False,0.0037975455054256213,False,False,True,58816.23144268751,0.866580107117547,2019-11-28,False,,58,0.02385561131262559,combined,33194347.182475336,6.281850020899723,pi3_Ori,2-3,0.8904357184301726,4,1.7249999473278876
57.26024714135357,1.0158307843569478,False,0.0035824339042301785,False,False,True,58816.23144268751,0.8733087537806032,2019-11-28,False,,59,0.033783214121984595,combined,32295683.518541932,9.430240731613496,pi3_Ori,2-3,0.9070919679025878,5,1.7730000081428443
114.52729035328419,1.0158307843569478,False,0.011523247876953618,False,False,False,58816.23144268751,0.46568446124354823,2019-11-28,False,,60,-0.00195555731899949,combined,74707949.75983101,-0.16970539381614672,pi3_Ori,2-4,0.46372890392454874,0,1.5330000451285741
114.52729035328419,1.0158307843569478,False,0.011422024749871479,False,False,False,58816.23144268751,0.4889285437237502,2019-11-28,False,,61,-0.005791757456117375,combined,72439779.19937232,-0.5070692441095038,pi3_Ori,2-4,0.48313678626763285,1,1.580999992256693
114.52729035328419,1.0158307843569478,False,0.011596613395910766,False,False,False,58816.23144268751,0.5109680014114976,2019-11-28,False,,62,-0.006805312996417623,combined,70305271.1001028,-0.5868362395194905,pi3_Ori,2-4,0.5041626884150799,2,1.6290000530716497
114.52729035328419,1.0158307843569478,False,0.011316545916118997,False,False,False,58816.23144268751,0.531848707790504,2019-11-28,False,,63,-0.0016569465576876663,combined,68292957.8650217,-0.14641804751815252,pi3_Ori,2-4,0.5301917612328163,3,1.6770000001997687
114.52729035328419,1.0158307843569478,False,0.010521313179306352,False,False,True,58816.23144268751,0.5516213083063822,2019-11-28,False,,64,-0.03271125227260263,combined,66392634.11613013,-3.109046533938382,pi3_Ori,2-4,0.5189100560337796,4,1.7249999473278876
114.52729035328419,1.0158307843569478,False,0.010850166373726787,False,False,False,58816.23144268751,0.5703389210005524,2019-11-28,False,,65,-0.00514493501350477,combined,64595200.128198266,-0.4741802877754031,pi3_Ori,2-4,0.5651939859870476,5,1.7730000081428443
87.70086302300051,1.0158307843569478,False,0.010188991510703512,False,False,False,58816.23144268751,0.6467499565307566,2019-11-28,False,,66,-0.004528639761516962,combined,57208649.99429596,-0.44446398416954574,pi3_Ori,3-4,0.6422213167692397,0,1.5330000451285741
87.70086302300051,1.0158307843569478,False,0.00959735698962067,False,False,False,58816.23144268751,0.6644412108807374,2019-11-28,False,,67,-0.007748118713501451,combined,55471766.88964923,-0.8073179649231419,pi3_Ori,3-4,0.6566930921672359,1,1.580999992256693
87.70086302300051,1.0158307843569478,False,0.008755790462100904,False,False,False,58816.23144268751,0.6809392128443905,2019-11-28,False,,68,0.003627347565831718,combined,53837237.67082228,0.4142798507493469,pi3_Ori,3-4,0.6845665604102222,2,1.6290000530716497
87.70086302300051,1.0158307843569478,False,0.008317889882579938,False,False,False,58816.23144268751,0.6963365749663946,2019-11-28,False,,69,0.0018100954351519816,combined,52296280.86616181,0.21761473891868222,pi3_Ori,3-4,0.6981466704015465,3,1.6770000001997687
87.70086302300051,1.0158307843569478,False,0.008015980008688363,False,False,False,58816.23144268751,0.7107191104360088,2019-11-28,False,,70,0.014500663369674927,combined,50841081.56574357,1.8089695026631731,pi3_Ori,3-4,0.7252197738056837,4,1.7249999473278876
87.70086302300051,1.0158307843569478,False,0.007625599507854334,False,False,False,58816.23144268751,0.7241659249007613,2019-11-28,False,,71,0.014161228416979643,combined,49464671.52860541,1.8570642744080172,pi3_Ori,3-4,0.7383271533177409,5,1.7730000081428443
88.89741683405359,1.1199144842153035,False,0.004580555362749765,False,False,True,58815.20407746205,0.6387535844905897,2019-11-27,False,,72,0.023403763441088743,combined,57989180.83306232,5.109372464180669,pi3_Ori,1-2,0.6621573479316785,0,1.5330000451285741
88.89741683405359,1.1199144842153035,False,0.004292130321777575,False,False,False,58815.20407746205,0.656751021032868,2019-11-27,False,,73,0.006220896697289091,combined,56228600.42343384,1.4493727428837069,pi3_Ori,1-2,0.6629719177301571,1,1.580999992256693
88.89741683405359,1.1199144842153035,False,0.004065652225291478,False,False,False,58815.20407746205,0.6735449599885174,2019-11-27,False,,74,0.004321064940228991,combined,54571770.373136714,1.0628220764551997,pi3_Ori,1-2,0.6778660249287464,2,1.6290000530716497
88.89741683405359,1.1199144842153035,False,0.003923427833980354,False,False,False,58815.20407746205,0.6892273363190944,2019-11-27,False,,75,-0.001494076762030505,combined,53009789.39979958,-0.38080903364412094,pi3_Ori,1-2,0.6877332595570639,3,1.6770000001997687
88.89741683405359,1.1199144842153035,False,0.0038601543792443345,False,False,False,58815.20407746205,0.7038836073565273,2019-11-27,False,,76,0.0031206821014589936,combined,51534735.970143184,0.8084345326286924,pi3_Ori,1-2,0.7070042894579863,4,1.7249999473278876
88.89741683405359,1.1199144842153035,False,0.003676576968145787,False,False,False,58815.20407746205,0.7175927615937402,2019-11-27,False,,77,-0.00475671919277465,combined,50139546.771446735,-1.2937901841814596,pi3_Ori,1-2,0.7128360424009655,5,1.7730000081428443
129.20744044686174,1.1199144842153035,True,0.006348114342668502,False,True,True,58815.20407746205,0.3707504946080565,2019-11-27,False,,78,0.06582502495976134,combined,84284042.16780372,10.369224844820774,pi3_Ori,1-3,0.4365755195678178,0,1.5330000451285741
129.20744044686174,1.1199144842153035,False,0.005604057917231725,False,False,True,58815.20407746205,0.39549180961122116,2019-11-27,False,,79,0.036519780158532245,combined,81725136.67279226,6.516667154034726,pi3_Ori,1-3,0.4320115897697534,1,1.580999992256693
129.20744044686174,1.1199144842153035,False,0.005297281895412707,False,False,True,58815.20407746205,0.41923079679230446,2019-11-27,False,,80,0.03557992243709579,combined,79317026.54228133,6.716637539698798,pi3_Ori,1-3,0.45481071922940025,2,1.6290000530716497
129.20744044686174,1.1199144842153035,False,0.0044670156198652585,False,False,True,58815.20407746205,0.4419629182334794,2019-11-27,False,,81,0.0372994854457071,combined,77046774.25847955,8.34997873744444,pi3_Ori,1-3,0.4792624036791865,3,1.6770000001997687
129.20744044686174,1.1199144842153035,False,0.004316372223539528,False,False,True,58815.20407746205,0.46369715981495463,2019-11-27,False,,82,0.028964594237174235,combined,74902866.31429213,6.710402332591831,pi3_Ori,1-3,0.49266175405212886,4,1.7249999473278876
129.20744044686174,1.1199144842153035,False,0.004209911656164403,False,False,True,58815.20407746205,0.4844523873399143,2019-11-27,False,,83,0.027631317383874532,combined,72875036.57837093,6.563396014121843,pi3_Ori,1-3,0.5120837047237888,5,1.7730000081428443
121.54143174710634,1.1199144842153035,True,0.0062021979968664735,False,True,True,58815.20407746205,0.419565292221142,2019-11-27,False,,84,0.06415533183807887,combined,79283384.32430544,10.34396706949568,pi3_Ori,1-4,0.4837206240592209,0,1.5330000451285741
121.54143174710634,1.1199144842153035,False,0.0051937316043474515,False,False,True,58815.20407746205,0.4436822261108584,2019-11-27,False,,85,0.048141208948084435,combined,76876301.29182994,9.269098331493964,pi3_Ori,1-4,0.4918234350589428,1,1.580999992256693
121.54143174710634,1.1199144842153035,False,0.004759130405020628,False,False,True,58815.20407746205,0.46667289452900673,2019-11-27,False,,86,0.04441346931175938,combined,74611066.78169057,9.332265672927463,pi3_Ori,1-4,0.5110863638407661,2,1.6290000530716497
121.54143174710634,1.1199144842153035,False,0.005044073906018253,False,False,True,58815.20407746205,0.48856082675782586,2019-11-27,False,,87,0.045111592891510455,combined,72475510.87216936,8.943483726058476,pi3_Ori,1-4,0.5336724196493363,3,1.6770000001997687
121.54143174710634,1.1199144842153035,False,0.0055695916791199855,False,False,True,58815.20407746205,0.5093784369783627,2019-11-27,False,,88,0.04827461656096377,combined,70458803.16424368,8.667532440832597,pi3_Ori,1-4,0.5576530535393265,4,1.7249999473278876
121.54143174710634,1.1199144842153035,False,0.005041829264054278,False,False,True,58815.20407746205,0.5291640475010491,2019-11-27,False,,89,0.04301961856545333,combined,68551286.62656733,8.532541724917523,pi3_Ori,1-4,0.5721836660665024,5,1.7730000081428443
54.808431833324526,1.1199144842153035,False,0.0024811790913057507,False,False,True,58815.20407746205,0.8466743747725279,2019-11-27,False,,90,-0.016090009025524488,combined,35752400.66527701,-6.484823720264757,pi3_Ori,2-3,0.8305843657470035,0,1.5330000451285741
54.808431833324526,1.1199144842153035,False,0.002793960841400072,False,False,True,58815.20407746205,0.8552540562956746,2019-11-27,False,,91,-0.04262208536295675,combined,34666939.97581359,-15.255076138289235,pi3_Ori,2-3,0.8126319709327179,1,1.580999992256693
54.808431833324526,1.1199144842153035,False,0.0027046271543709277,False,False,True,58815.20407746205,0.8631497365607401,2019-11-27,False,,92,-0.031850076309365316,combined,33645445.08760298,-11.77614306574296,pi3_Ori,2-3,0.8312996602513748,2,1.6290000530716497
54.808431833324526,1.1199144842153035,False,0.0025445625383368657,False,False,True,58815.20407746205,0.8704303691899092,2019-11-27,False,,93,-0.048434644453949405,combined,32682428.042215623,-19.034566344597074,pi3_Ori,2-3,0.8219957247359598,3,1.6770000001997687
54.808431833324526,1.1199144842153035,False,0.0024342182312228834,False,False,True,58815.20407746205,0.8771567347887734,2019-11-27,False,,94,-0.035403921809735506,combined,31773004.93152221,-14.544267788163578,pi3_Ori,2-3,0.8417528129790379,4,1.7249999473278876
54.808431833324526,1.1199144842153035,False,0.0023730080493165055,False,False,True,58815.20407746205,0.883382487368885,2019-11-27,False,,95,-0.027696909633951217,combined,30912820.971013106,-11.67164588503133,pi3_Ori,2-3,0.8556855777349338,5,1.7730000081428443
112.66405713958514,1.1199144842153035,True,0.005582176986897943,False,True,True,58815.20407746205,0.47811423029400435,2019-11-27,False,,96,0.054082341229726216,combined,73492533.4787814,9.688396006909873,pi3_Ori,2-4,0.5321965715237306,0,1.5330000451285741
112.66405713958514,1.1199144842153035,False,0.005351786883447993,False,False,True,58815.20407746205,0.5010804189599143,2019-11-27,False,,97,0.040370074133461276,combined,71261263.56191206,7.54328881411886,pi3_Ori,2-4,0.5414504930933756,1,1.580999992256693
112.66405713958514,1.1199144842153035,False,0.005385972757237463,False,False,True,58815.20407746205,0.5228269544554824,2019-11-27,False,,98,0.04063908023183671,combined,69161481.56480737,7.545355697766476,pi3_Ori,2-4,0.5634660346873192,2,1.6290000530716497
112.66405713958514,1.1199144842153035,False,0.005572117595233768,False,False,True,58815.20407746205,0.5434050179742991,2019-11-27,False,,99,0.024908096512709532,combined,67181906.4556734,4.4701311641404,pi3_Ori,2-4,0.5683131144870086,3,1.6770000001997687
112.66405713958514,1.1199144842153035,False,0.0051703243563359855,False,False,False,58815.20407746205,0.5628695169431733,2019-11-27,False,,100,0.002896484495916063,combined,65312498.8868014,0.5602133050640352,pi3_Ori,2-4,0.5657660014390894,4,1.7249999473278876
112.66405713958514,1.1199144842153035,False,0.005338019996153647,False,False,False,58815.20407746205,0.581276970095599,2019-11-27,False,,101,0.014229265004883973,combined,63544307.175495625,2.6656447550097195,pi3_Ori,2-4,0.595506235100483,5,1.7730000081428443
91.23257390105552,1.1199144842153035,False,0.004803005317247882,False,False,True,58815.20407746205,0.623078759690614,2019-11-27,False,,102,0.017340605088388417,combined,59512440.453583784,3.6103655821735727,pi3_Ori,3-4,0.6404193647790024,0,1.5330000451285741
91.23257390105552,1.1199144842153035,False,0.003804783993625974,False,False,False,58815.20407746205,0.6416616952184504,2019-11-27,False,,103,0.007578284154861947,combined,57705613.123268686,1.9917777638776841,pi3_Ori,3-4,0.6492399793733123,1,1.580999992256693
91.23257390105552,1.1199144842153035,False,0.004435912907531121,False,False,True,58815.20407746205,0.6590234965670352,2019-11-27,False,,104,0.016246890447641604,combined,56005261.466398954,3.662581025893963,pi3_Ori,3-4,0.6752703870146768,2,1.6290000530716497
91.23257390105552,1.1199144842153035,False,0.004135693150970567,False,False,False,58815.20407746205,0.6752544007751939,2019-11-27,False,,105,0.0004675190416698616,combined,54402250.38174576,0.11304490555836907,pi3_Ori,3-4,0.6757219198168638,3,1.6770000001997687
91.23257390105552,1.1199144842153035,False,0.004052221421389071,False,False,False,58815.20407746205,0.6904388535391965,2019-11-27,False,,106,-9.011669353109486e-05,combined,52888450.2532185,-0.02223883745725907,pi3_Ori,3-4,0.6903487368456654,4,1.7249999473278876
91.23257390105552,1.1199144842153035,False,0.003832996075725489,False,False,False,58815.20407746205,0.7046553471718405,2019-11-27,False,,107,-0.004118751356634087,combined,51456612.22901993,-1.0745514149409903,pi3_Ori,3-4,0.7005365958152064,5,1.7730000081428443
87.41284181408643,1.1199144842153035,False,0.004139359213523491,False,False,False,58815.21677949159,0.6486707404990294,2019-11-27,False,,108,0.001322828235646556,combined,57020769.23732578,0.31957319174543025,pi3_Ori,1-2,0.649993568734676,0,1.5330000451285741
87.41284181408643,1.1199144842153035,False,0.003913717002288059,False,False,True,58815.21677949159,0.6662877050581077,2019-11-27,False,,109,-0.016695349174894458,combined,55289590.28602827,-4.265854982650491,pi3_Ori,1-2,0.6495923558832133,1,1.580999992256693
87.41284181408643,1.1199144842153035,False,0.003784252089557921,False,False,True,58815.21677949159,0.6827140025694178,2019-11-27,False,,110,-0.022829719483782873,combined,53660429.07688087,-6.0328220592856585,pi3_Ori,1-2,0.659884283085635,2,1.6290000530716497
87.41284181408643,1.1199144842153035,False,0.003702481377822494,False,False,True,58815.21677949159,0.6980423893921203,2019-11-27,False,,111,-0.02710742994664206,combined,52124532.97774215,-7.32142235988355,pi3_Ori,1-2,0.6709349594454782,3,1.6770000001997687
87.41284181408643,1.1199144842153035,False,0.003670774598801715,False,False,True,58815.21677949159,0.7123587481351489,2019-11-27,False,,112,-0.02116307536546813,combined,50674112.743883476,-5.765288713825303,pi3_Ori,1-2,0.6911956727696807,4,1.7249999473278876
87.41284181408643,1.1199144842153035,False,0.003568499603829706,False,False,True,58815.21677949159,0.7257421989848054,2019-11-27,False,,113,-0.02872550778883287,combined,49302223.018965654,-8.049743863780934,pi3_Ori,1-2,0.6970166911959725,5,1.7730000081428443
129.01161009303362,1.1199144842153035,True,0.006159861228030513,False,True,True,58815.21677949159,0.3719727945257951,2019-11-27,False,,114,0.054957708161359864,combined,84156298.95315059,8.921906862329015,pi3_Ori,1-3,0.426930502687155,0,1.5330000451285741
129.01161009303362,1.1199144842153035,False,0.00547142873927981,False,False,True,58815.21677949159,0.3967025862105269,2019-11-27,False,,115,0.02703681788129053,combined,81601271.80575415,4.941454813656098,pi3_Ori,1-3,0.42373940409181743,1,1.580999992256693
129.01161009303362,1.1199144842153035,False,0.005101320572952387,False,False,True,58815.21677949159,0.4204264056822201,2019-11-27,False,,116,0.022143916259778906,combined,79196811.47325242,4.340820370550272,pi3_Ori,1-3,0.442570321941999,2,1.6290000530716497
129.01161009303362,1.1199144842153035,False,0.00430785007473133,False,False,True,58815.21677949159,0.44314047119703265,2019-11-27,False,,117,0.020950761105060722,combined,76930000.04631212,4.863391423009857,pi3_Ori,1-3,0.46409123230209337,3,1.6770000001997687
129.01161009303362,1.1199144842153035,False,0.00420311242371524,False,False,True,58815.21677949159,0.4648544065746967,2019-11-27,False,,118,0.01753039344528179,combined,74789341.4680268,4.170812407103358,pi3_Ori,1-3,0.48238480001997847,4,1.7249999473278876
129.01161009303362,1.1199144842153035,False,0.004047580470054991,False,False,True,58815.21677949159,0.4855876129176753,2019-11-27,False,,119,0.012662355969681294,combined,72764585.1666796,3.1283765853107948,pi3_Ori,1-3,0.4982499688873566,5,1.7730000081428443
124.53398822117626,1.1199144842153035,False,0.005526849832256834,False,False,True,58815.21677949159,0.40028497105110317,2019-11-27,False,,120,0.041861543155093606,combined,81235475.9002838,7.574213960142981,pi3_Ori,1-4,0.4421465142061968,0,1.5330000451285741
124.53398822117626,1.1199144842153035,False,0.004729466467550938,False,False,True,58815.21677949159,0.42468762364008467,2019-11-27,False,,121,0.027650198740642506,combined,78769126.39538886,5.846367434963678,pi3_Ori,1-4,0.4523378223807272,1,1.580999992256693
124.53398822117626,1.1199144842153035,False,0.004336064752258259,False,False,True,58815.21677949159,0.4480077483144534,2019-11-27,False,,122,0.026051448667759658,combined,76448117.96436372,6.008085708173948,pi3_Ori,1-4,0.47405919698221305,2,1.6290000530716497
124.53398822117626,1.1199144842153035,False,0.0045574643084694035,False,False,True,58815.21677949159,0.47025831866231327,2019-11-27,False,,123,0.024173649389017948,combined,74259981.0413485,5.304188415495572,pi3_Ori,1-4,0.4944319680513312,3,1.6770000001997687
124.53398822117626,1.1199144842153035,False,0.00504723119420076,False,False,True,58815.21677949159,0.49146300006035165,2019-11-27,False,,124,0.029162042482207273,combined,72193618.5645024,5.777829736770191,pi3_Ori,1-4,0.5206250425425589,4,1.7249999473278876
124.53398822117626,1.1199144842153035,False,0.004543234388501554,False,False,True,58815.21677949159,0.511652900122287,2019-11-27,False,,125,0.029620489124396965,combined,70239135.7299661,6.5196920500873325,pi3_Ori,1-4,0.541273389246684,5,1.7730000081428443
56.021670872938934,1.1199144842153035,False,0.00274157478175145,False,False,False,58815.21677949159,0.840299211219038,2019-11-27,False,,126,-0.007437561513803481,combined,36543815.540618815,-2.712879314221007,pi3_Ori,2-3,0.8328616497052345,0,1.5330000451285741
56.021670872938934,1.1199144842153035,False,0.0032503485317756657,False,False,True,58815.21677949159,0.8492083711566704,2019-11-27,False,,127,-0.040310071973516326,combined,35434327.10140279,-12.401769096280555,pi3_Ori,2-3,0.808898299183154,1,1.580999992256693
56.021670872938934,1.1199144842153035,False,0.0031350403544918863,False,False,True,58815.21677949159,0.8574102763526164,2019-11-27,False,,128,-0.03404736052249124,combined,34390220.40994058,-10.860262284569377,pi3_Ori,2-3,0.8233629158301251,2,1.6290000530716497
56.021670872938934,1.1199144842153035,False,0.002969434138838933,False,False,True,58815.21677949159,0.8649758146135642,2019-11-27,False,,129,-0.048277652698777596,combined,33405886.026395638,-16.25819952270585,pi3_Ori,2-3,0.8166981619147866,3,1.6770000001997687
56.021670872938934,1.1199144842153035,False,0.002852189665826596,False,False,True,58815.21677949159,0.8719675380924019,2019-11-27,False,,130,-0.02789854344358833,combined,32476331.9324846,-9.781447488522131,pi3_Ori,2-3,0.8440689946488136,4,1.7249999473278876
56.021670872938934,1.1199144842153035,False,0.002784129984886642,False,False,True,58815.21677949159,0.8784407171838984,2019-11-27,False,,131,-0.024032817246497862,combined,31597106.946220312,-8.63207442790297,pi3_Ori,2-3,0.8544078999374005,5,1.7730000081428443
113.32260146392218,1.1199144842153035,True,0.005306674724318206,False,True,True,58815.21677949159,0.4737138440854539,2019-11-27,False,,132,0.0543869466015231,combined,73922112.28174993,10.248780908370195,pi3_Ori,2-4,0.528100790686977,0,1.5330000451285741
113.32260146392218,1.1199144842153035,False,0.005036377151801595,False,False,True,58815.21677949159,0.4967803892413723,2019-11-27,False,,133,0.03975382037301095,combined,71677800.13848539,7.893336653469321,pi3_Ori,2-4,0.5365342096143833,1,1.580999992256693
113.32260146392218,1.1199144842153035,False,0.005009707709501584,False,False,True,58815.21677949159,0.5186323137251672,2019-11-27,False,,134,0.03787762712110454,combined,69565744.48861471,7.560845725443129,pi3_Ori,2-4,0.5565099408462717,2,1.6290000530716497
113.32260146392218,1.1199144842153035,False,0.005160350987599647,False,False,True,58815.21677949159,0.5393189547159454,2019-11-27,False,,135,0.02528762549097996,combined,67574598.36041914,4.900369287233808,pi3_Ori,2-4,0.5646065802069253,3,1.6770000001997687
113.32260146392218,1.1199144842153035,False,0.004781572881659517,False,False,False,58815.21677949159,0.5588937424220121,2019-11-27,False,,136,0.003364142004867343,combined,65694263.72416106,0.7035638874754048,pi3_Ori,2-4,0.5622578844268794,4,1.7249999473278876
113.32260146392218,1.1199144842153035,False,0.0048979788023329985,False,False,False,58815.21677949159,0.5774120198946122,2019-11-27,False,,137,0.013089940028990554,combined,63915736.57273903,2.672518717875131,pi3_Ori,2-4,0.5905019599236028,5,1.7730000081428443
89.69932719272754,1.1199144842153035,False,0.004371886406271616,False,False,False,58815.21677949159,0.6333804437924486,2019-11-27,False,,138,0.0004494316013043953,combined,58512279.5513058,0.10280038398519932,pi3_Ori,3-4,0.633829875393753,0,1.5330000451285741
89.69932719272754,1.1199144842153035,False,0.003580259657271961,False,False,True,58815.21677949159,0.6515807919128778,2019-11-27,False,,139,-0.01772397941864745,combined,56735817.60407994,-4.950473182202805,pi3_Ori,3-4,0.6338568124942303,1,1.580999992256693
89.69932719272754,1.1199144842153035,False,0.004116954662245196,False,False,False,58815.21677949159,0.6685712299858898,2019-11-27,False,,140,0.007293418015952735,combined,55064041.90938489,1.7715565543719745,pi3_Ori,3-4,0.6758646480018425,2,1.6290000530716497
89.69932719272754,1.1199144842153035,False,0.0038341185939989282,False,False,False,58815.21677949159,0.684443166147211,2019-11-27,False,,141,-0.011271764887490376,combined,53487970.88970919,-2.9398581736967335,pi3_Ori,3-4,0.6731714012597206,3,1.6770000001997687
89.69932719272754,1.1199144842153035,False,0.0037912354708966632,False,False,False,58815.21677949159,0.6992817579022984,2019-11-27,False,,142,-0.0007440042387070189,combined,51999611.55458372,-0.1962432152838702,pi3_Ori,3-4,0.6985377536635914,4,1.7249999473278876
89.69932719272754,1.1199144842153035,False,0.0035558335644950306,False,False,False,58815.21677949159,0.7131658635431662,2019-11-27,False,,143,0.0006016140526178271,combined,50591836.8757846,0.16919072327370396,pi3_Ori,3-4,0.7137674775957841,5,1.7730000081428443
31.58522954477342,1.0813744054852148,False,0.0004919948399383536,False,False,True,59585.31404005307,0.9788613784806196,2022-01-05,False,,0,0.005553278536818862,combined,20603541.17088388,11.287269877697662,psi Vel A,1-2,0.9844146570174385,0,1.5330000451285741
31.58522954477342,1.0813744054852148,False,0.000461003870242553,False,False,True,59585.31404005307,0.9801148513054379,2022-01-05,False,,1,0.002750000922930429,combined,19978007.400043808,5.965244763527779,psi Vel A,1-2,0.9828648522283683,1,1.580999992256693
31.58522954477342,1.0813744054852148,False,0.0004351329297151262,False,False,False,59585.31404005307,0.9812603356480566,2022-01-05,False,,2,-0.0010936751520799204,combined,19389336.10543239,-2.5134276847213797,psi Vel A,1-2,0.9801666604959767,2,1.6290000530716497
31.58522954477342,1.0813744054852148,False,0.0004062038549237888,False,False,True,59585.31404005307,0.9823098537526981,2022-01-05,False,,3,-0.007263997375240416,combined,18834364.663691655,-17.88264017485327,psi Vel A,1-2,0.9750458563774577,3,1.6770000001997687
31.58522954477342,1.0813744054852148,False,0.0003866345166841675,False,False,True,59585.31404005307,0.9832738110365304,2022-01-05,False,,4,-0.005509884877280546,combined,18310278.55606636,-14.250887180312045,psi Vel A,1-2,0.9777639261592499,4,1.7249999473278876
31.58522954477342,1.0813744054852148,False,0.00036641310843549,False,False,True,59585.31404005307,0.9841612429557841,2022-01-05,False,,5,-0.0050371782169496004,combined,17814568.18934696,-13.74726531607271,psi Vel A,1-2,0.9791240647388345,5,1.7730000081428443
90.38541522342202,1.0813744054852148,False,0.0034898410407657398,False,False,False,59585.31404005307,0.8376014777995099,2022-01-05,False,,6,-0.006838919142724276,combined,58959825.546411715,-1.9596649425681814,psi Vel A,1-3,0.8307625586567856,0,1.5330000451285741
90.38541522342202,1.0813744054852148,False,0.0033084369567820617,False,False,False,59585.31404005307,0.8466500733826301,2022-01-05,False,,7,-0.0037010351805685238,combined,57169775.8798894,-1.118665771454905,psi Vel A,1-3,0.8429490382020616,1,1.580999992256693
90.38541522342202,1.0813744054852148,False,0.003132584267516209,False,False,False,59585.31404005307,0.8549815721853984,2022-01-05,False,,8,-0.006629967107738555,combined,55485213.1852242,-2.116452916044101,psi Vel A,1-3,0.8483516050776598,2,1.6290000530716497
90.38541522342202,1.0813744054852148,False,0.002964787920781192,False,False,True,59585.31404005307,0.8626676807739332,2022-01-05,False,,9,-0.013908648757812503,combined,53897087.18703343,-4.691279487589019,psi Vel A,1-3,0.8487590320161207,3,1.6770000001997687
90.38541522342202,1.0813744054852148,False,0.0028680263337760967,False,False,False,59585.31404005307,0.8697717012027052,2022-01-05,False,,10,0.0006748839433667886,combined,52397343.75843524,0.23531302185716818,psi Vel A,1-3,0.870446585146072,4,1.7249999473278876
90.38541522342202,1.0813744054852148,False,0.0026854377453557525,False,False,True,59585.31404005307,0.8763495880754202,2022-01-05,False,,11,-0.01315347909222253,combined,50978801.35832463,-4.898076343408224,psi Vel A,1-3,0.8631961089831977,5,1.7730000081428443
128.36964702434054,1.0813744054852148,False,0.006382911434189847,False,False,False,59585.31404005307,0.6955638078734322,2022-01-05,False,,12,0.008095948437278233,combined,83737536.36359094,1.2683786263918002,psi Vel A,1-4,0.7036597563107104,0,1.5330000451285741
128.36964702434054,1.0813744054852148,False,0.00547060902658295,False,False,False,59585.31404005307,0.7112833903776808,2022-01-05,False,,13,-0.00139711248714125,combined,81195223.056964,-0.2553851829572098,psi Vel A,1-4,0.7098862778905396,1,1.580999992256693
128.36964702434054,1.0813744054852148,False,0.005122877113539644,False,False,False,59585.31404005307,0.7258896001008928,2022-01-05,False,,14,-0.0031845247502063634,combined,78802727.34324726,-0.6216281748765238,psi Vel A,1-4,0.7227050753506864,2,1.6290000530716497
128.36964702434054,1.0813744054852148,False,0.004965264532931469,False,False,False,59585.31404005307,0.7394765099229019,2022-01-05,False,,15,-0.0021807645914896368,combined,76547195.5927542,-0.4392041102797243,psi Vel A,1-4,0.7372957453314123,3,1.6770000001997687
128.36964702434054,1.0813744054852148,False,0.004925638080409399,False,False,False,59585.31404005307,0.7521298451585905,2022-01-05,False,,16,0.008727811021606136,combined,74417188.95307308,1.7719148015196267,psi Vel A,1-4,0.7608576561801966,4,1.7249999473278876
128.36964702434054,1.0813744054852148,False,0.005086294799906984,False,False,True,59585.31404005307,0.7639275182648763,2022-01-05,False,,17,0.021146285776585172,combined,72402507.85943496,4.157502977800635,psi Vel A,1-4,0.7850738040414614,5,1.7730000081428443
100.65436436871707,1.0813744054852148,False,0.0038900635442366176,False,False,False,59585.31404005307,0.8020712149959108,2022-01-05,False,,18,-0.010416488137860558,combined,65658422.31288069,-2.6777167055004187,psi Vel A,2-4,0.7916547268580503,0,1.5330000451285741
100.65436436871707,1.0813744054852148,False,0.0037390155809691613,False,False,False,59585.31404005307,0.8129073940664795,2022-01-05,False,,19,-0.0031597976374249104,combined,63664999.91252037,-0.8450881171791971,psi Vel A,2-4,0.8097475964290546,1,1.580999992256693
100.65436436871707,1.0813744054852148,False,0.003679597484397042,False,False,True,59585.31404005307,0.8229058921811495,2022-01-05,False,,20,-0.011301292006216546,combined,61789049.16480681,-3.0713392033064815,psi Vel A,2-4,0.811604600174933,2,1.6290000530716497
100.65436436871707,1.0813744054852148,False,0.003474420952533957,False,False,True,59585.31404005307,0.8321476275202617,2022-01-05,False,,21,-0.01586891469194185,combined,60020491.5663249,-4.567355225154387,psi Vel A,2-4,0.8162787128283199,3,1.6770000001997687
100.65436436871707,1.0813744054852148,False,0.003338815637190938,False,False,True,59585.31404005307,0.840704493507332,2022-01-05,False,,22,-0.010695296692821987,combined,58350357.93748039,-3.2033205348889267,psi Vel A,2-4,0.83000919681451,4,1.7249999473278876
100.65436436871707,1.0813744054852148,False,0.0031899696824519708,False,False,True,59585.31404005307,0.8486404020767385,2022-01-05,False,,23,-0.010311760214804289,combined,56770650.82145657,-3.2325574351158575,psi Vel A,2-4,0.8383286418619342,5,1.7730000081428443
70.86028049699765,1.0813744054852148,False,0.0022922212328810006,False,False,False,59585.31404005307,0.8973563322868642,2022-01-05,False,,24,0.005184577870193552,combined,46223273.58839349,2.26181391037778,psi Vel A,3-2,0.9025409101570577,0,1.5330000451285741
70.86028049699765,1.0813744054852148,False,0.0021398071769479794,False,False,True,59585.31404005307,0.9032361646322039,2022-01-05,False,,25,-0.00834413179519311,combined,44819911.982322566,-3.8994783665948813,psi Vel A,3-2,0.8948920328370108,1,1.580999992256693
70.86028049699765,1.0813744054852148,False,0.0020552944875180533,False,False,True,59585.31404005307,0.9086319750372809,2022-01-05,False,,26,-0.007810119283016448,combined,43499249.962198086,-3.800000112124003,psi Vel A,3-2,0.9008218557542644,2,1.6290000530716497
70.86028049699765,1.0813744054852148,False,0.00191033284659496,False,False,True,59585.31404005307,0.9135946661270659,2022-01-05,False,,27,-0.017243014251049793,combined,42254192.30086856,-9.026183202463544,psi Vel A,3-2,0.8963516518760161,3,1.6770000001997687
70.86028049699765,1.0813744054852148,False,0.0018392115373165093,False,False,False,59585.31404005307,0.918168758576886,2022-01-05,False,,28,0.00023245249100722898,combined,41078424.73083191,0.12638703394955178,psi Vel A,3-2,0.9184012110678932,4,1.7249999473278876
70.86028049699765,1.0813744054852148,False,0.0017555868008998115,False,False,False,59585.31404005307,0.9223932791795214,2022-01-05,False,,29,0.004395193820308618,combined,39966317.07363686,2.5035468585523075,psi Vel A,3-2,0.92678847299983,5,1.7730000081428443
127.07041559125119,1.0813744054852148,False,0.005777373792490142,False,False,False,59585.31404005307,0.7008255302088483,2022-01-05,False,,30,0.006414929844769102,combined,82890027.29976676,1.110353955824652,psi Vel A,3-4,0.7072404600536174,0,1.5330000451285741
127.07041559125119,1.0813744054852148,False,0.0053119848597386185,False,False,False,59585.31404005307,0.716321786217278,2022-01-05,False,,31,-0.00032918978970475354,combined,80373444.79039054,-0.061971146077579684,psi Vel A,3-4,0.7159925964275733,1,1.580999992256693
127.07041559125119,1.0813744054852148,False,0.005056779981087226,False,False,False,59585.31404005307,0.7307151279295838,2022-01-05,False,,32,-0.0031105181168922247,combined,78005163.56745763,-0.6151183418155068,psi Vel A,3-4,0.7276046098126916,2,1.6290000530716497
127.07041559125119,1.0813744054852148,False,0.00471003122330774,False,False,False,59585.31404005307,0.7440994953339228,2022-01-05,False,,33,-0.00967950316166244,combined,75772460.09309137,-2.055082589211534,psi Vel A,3-4,0.7344199921722604,3,1.6770000001997687
127.07041559125119,1.0813744054852148,False,0.004542999235846204,False,False,True,59585.31404005307,0.7565603602417764,2022-01-05,False,,34,-0.015138906657228723,combined,73664011.2877045,-3.3323594989354794,psi Vel A,3-4,0.7414214535845477,4,1.7249999473278876
127.07041559125119,1.0813744054852148,False,0.004820848441061265,False,False,False,59585.31404005307,0.7681753013189914,2022-01-05,False,,35,0.008937423217324492,combined,71669720.81650074,1.853910847144782,psi Vel A,3-4,0.7771127245363159,5,1.7730000081428443
31.320795181622344,1.0813744054852148,False,0.0005048208735271559,False,False,True,59585.32371335742,0.9792107549712189,2022-01-05,False,,36,0.015919239758616865,combined,20431046.483756263,31.534432495609792,psi Vel A,1-2,0.9951299947298358,0,1.5330000451285741
31.320795181622344,1.0813744054852148,False,0.00047096027519170843,False,False,True,59585.32371335742,0.9804436842461529,2022-01-05,False,,37,0.008175735852343102,combined,19810749.73752249,17.359714360229425,psi Vel A,1-2,0.988619420098496,1,1.580999992256693
31.320795181622344,1.0813744054852148,False,0.0004460949481736155,False,False,True,59585.32371335742,0.9815703756110241,2022-01-05,False,,38,0.004984103998713296,combined,19227006.851573586,11.172742527390234,psi Vel A,1-2,0.9865544796097374,2,1.6290000530716497
31.320795181622344,1.0813744054852148,False,0.0004128754030532999,False,False,True,59585.32371335742,0.9826026590281739,2022-01-05,False,,39,-0.007794843571227172,combined,18676681.680316832,-18.87940892962544,psi Vel A,1-2,0.9748078154569467,3,1.6770000001997687
31.320795181622344,1.0813744054852148,False,0.00039481165160436406,False,False,True,59585.32371335742,0.9835507730770693,2022-01-05,False,,40,-0.0027352559624429507,combined,18156983.268399425,-6.928002127920777,psi Vel A,1-2,0.9808155171146263,4,1.7249999473278876
31.320795181622344,1.0813744054852148,False,0.00037382160434788146,False,False,True,59585.32371335742,0.9844236080146268,2022-01-05,False,,41,-0.0032772224713577547,combined,17665423.03315034,-8.766808641450119,psi Vel A,1-2,0.981146385543269,5,1.7730000081428443
90.50169131678526,1.0813744054852148,False,0.0034902375446912125,False,False,False,59585.32371335742,0.8372137212395129,2022-01-05,False,,42,-0.0039031605769480615,combined,59035674.267833956,-1.1183080025269114,psi Vel A,1-3,0.8333105606625648,0,1.5330000451285741
90.50169131678526,1.0813744054852148,False,0.003306277680818903,False,False,False,59585.32371335742,0.8462822247650464,2022-01-05,False,,43,0.001018199754303839,combined,57243321.79635539,0.307959540183464,psi Vel A,1-3,0.8473004245193503,1,1.580999992256693
90.50169131678526,1.0813744054852148,False,0.00315148794747711,False,False,False,59585.32371335742,0.8546322417329268,2022-01-05,False,,44,-0.002755911308063519,combined,55556592.00018739,-0.8744794059167303,psi Vel A,1-3,0.8518763304248633,2,1.6290000530716497
90.50169131678526,1.0813744054852148,False,0.00299910152205867,False,False,False,59585.32371335742,0.8623355920470335,2022-01-05,False,,45,-0.004923555572664995,combined,53966422.96124297,-1.641676861037143,psi Vel A,1-3,0.8574120364743685,3,1.6770000001997687
90.50169131678526,1.0813744054852148,False,0.0028806444076608538,False,False,False,59585.32371335742,0.8694556820000705,2022-01-05,False,,46,0.0012157855963005337,combined,52464750.191428676,0.4220533409355368,psi Vel A,1-3,0.870671467596371,4,1.7249999473278876
90.50169131678526,1.0813744054852148,False,0.0027106220352999828,False,False,False,59585.32371335742,0.8760485616337819,2022-01-05,False,,47,-0.0021447989278950974,combined,51044382.91096379,-0.7912570989107797,psi Vel A,1-3,0.8739037627058868,5,1.7730000081428443
127.11314291231668,1.0813744054852148,False,0.0058336429740499735,False,False,False,59585.32371335742,0.7006528217277591,2022-01-05,False,,48,0.0014640990614046556,combined,82917899.00218534,0.2509750884511558,psi Vel A,1-4,0.7021169207891638,0,1.5330000451285741
127.11314291231668,1.0813744054852148,False,0.005171189648369338,False,False,False,59585.32371335742,0.7161564392927926,2022-01-05,False,,49,-0.0026698590836186087,combined,80400470.29404314,-0.5162949466493675,psi Vel A,1-4,0.713486580209174,1,1.580999992256693
127.11314291231668,1.0813744054852148,False,0.004897306501977282,False,False,False,59585.32371335742,0.730556793876132,2022-01-05,False,,50,-0.005839857219485212,combined,78031392.7385279,-1.1924630849891416,psi Vel A,1-4,0.7247169366566468,2,1.6290000530716497
127.11314291231668,1.0813744054852148,False,0.004847694752106922,False,False,False,59585.32371335742,0.7439478306898887,2022-01-05,False,,51,-0.006511625366809715,combined,75797938.51948397,-1.3432416230373434,psi Vel A,1-4,0.737436205323079,3,1.6770000001997687
127.11314291231668,1.0813744054852148,False,0.004889415443040226,False,False,False,59585.32371335742,0.7564150305878747,2022-01-05,False,,52,0.002662825507289357,combined,73688780.74994807,0.5446101969264486,psi Vel A,1-4,0.7590778560951641,4,1.7249999473278876
127.11314291231668,1.0813744054852148,False,0.004916462460527971,False,False,False,59585.32371335742,0.7680359837963932,2022-01-05,False,,53,0.014543886390524952,combined,71693819.70023975,2.958201452221219,psi Vel A,1-4,0.7825798701869181,5,1.7730000081428443
,1.0813744054852148,True,,False,False,False,,,unknown,True,,54,,combined,,,psi Vel A,2-3,,0,1.5330000451285741
,1.0813744054852148,True,,False,False,False,,,unknown,True,,55,,combined,,,psi Vel A,2-3,,1,1.580999992256693
,1.0813744054852148,True,,False,False,False,,,unknown,True,,56,,combined,,,psi Vel A,2-3,,2,1.6290000530716497
,1.0813744054852148,True,,False,False,False,,,unknown,True,,57,,combined,,,psi Vel A,2-3,,3,1.6770000001997687
,1.0813744054852148,True,,False,False,False,,,unknown,True,,58,,combined,,,psi Vel A,2-3,,4,1.7249999473278876
,1.0813744054852148,True,,False,False,False,,,unknown,True,,59,,combined,,,psi Vel A,2-3,,5,1.7730000081428443
,1.0813744054852148,True,,False,False,False,,,unknown,True,,60,,combined,,,psi Vel A,2-3,,0,1.5330000451285741
,1.0813744054852148,True,,False,False,False,,,unknown,True,,61,,combined,,,psi Vel A,2-3,,1,1.580999992256693
,1.0813744054852148,True,,False,False,False,,,unknown,True,,62,,combined,,,psi Vel A,2-3,,2,1.6290000530716497
,1.0813744054852148,True,,False,False,False,,,unknown,True,,63,,combined,,,psi Vel A,2-3,,3,1.6770000001997687
,1.0813744054852148,True,,False,False,False,,,unknown,True,,64,,combined,,,psi Vel A,2-3,,4,1.7249999473278876
,1.0813744054852148,True,,False,False,False,,,unknown,True,,65,,combined,,,psi Vel A,2-3,,5,1.7730000081428443
99.73185327505583,1.0813744054852148,False,0.003736594974595246,False,False,False,59585.32371335742,0.8053648043170355,2022-01-05,False,,66,-0.009033411931068436,combined,65056653.84157978,-2.4175518065205743,psi Vel A,2-4,0.7963313923859671,0,1.5330000451285741
99.73185327505583,1.0813744054852148,False,0.0037165501517246956,False,False,False,59585.32371335742,0.8160384354256218,2022-01-05,False,,67,-0.007123350174671583,combined,63081501.43169845,-1.9166565454164353,psi Vel A,2-4,0.8089150852509502,1,1.580999992256693
99.73185327505583,1.0813744054852148,False,0.0037502456975978845,False,False,False,59585.32371335742,0.8258849828006308,2022-01-05,False,,68,-0.004939924187280509,combined,61222744.03061007,-1.3172268127511324,psi Vel A,2-4,0.8209450586133503,2,1.6290000530716497
99.73185327505583,1.0813744054852148,False,0.0035564782838212374,False,False,False,59585.32371335742,0.834984610902267,2022-01-05,False,,69,-0.0025728589623266185,combined,59470395.50576953,-0.7234288408369599,psi Vel A,2-4,0.8324117519399404,3,1.6770000001997687
99.73185327505583,1.0813744054852148,False,0.003403851849397524,False,False,False,59585.32371335742,0.8434084988365331,2022-01-05,False,,70,-0.0021600964552509483,combined,57815568.881347224,-0.6346035464596621,psi Vel A,2-4,0.8412484023812822,4,1.7249999473278876
99.73185327505583,1.0813744054852148,False,0.003286763372655093,False,False,True,59585.32371335742,0.8512198883611892,2022-01-05,False,,71,0.020196395917000842,combined,56250339.99831814,6.144767245804469,psi Vel A,2-4,0.8714162842781901,5,1.7730000081428443
71.13425825934213,1.0813744054852148,False,0.0023681567802438866,False,False,True,59585.32371335742,0.8965968574768323,2022-01-05,False,,72,0.029559449248825587,combined,46401993.58466166,12.482049117449641,psi Vel A,3-2,0.9261563067256579,0,1.5330000451285741
71.13425825934213,1.0813744054852148,False,0.002185834406474638,False,False,False,59585.32371335742,0.9025181894055516,2022-01-05,False,,73,0.003975954713693719,combined,44993205.95049863,1.8189642828919628,psi Vel A,3-2,0.9064941441192453,1,1.580999992256693
71.13425825934213,1.0813744054852148,False,0.0021185345045595994,False,False,True,59585.32371335742,0.9079523054941064,2022-01-05,False,,74,0.006470909055939611,combined,43667437.656132095,3.054427030578283,psi Vel A,3-2,0.914423214550046,2,1.6290000530716497
71.13425825934213,1.0813744054852148,False,0.0019627225512327444,False,False,False,59585.32371335742,0.9129504140900825,2022-01-05,False,,75,-0.0021493435725762344,combined,42417566.041066445,-1.0950827314977745,psi Vel A,3-2,0.9108010705175063,3,1.6770000001997687
71.13425825934213,1.0813744054852148,False,0.0018971668131771348,False,False,True,59585.32371335742,0.9175573081149733,2022-01-05,False,,76,0.022062651504686337,combined,41237252.42399729,11.629262830999348,psi Vel A,3-2,0.9396199596196596,4,1.7249999473278876
71.13425825934213,1.0813744054852148,False,0.0017983395902999065,False,False,True,59585.32371335742,0.9218122568409731,2022-01-05,False,,77,0.021888235808715684,combined,40120844.857667424,12.171358472437019,psi Vel A,3-2,0.9437004926496888,5,1.7730000081428443
126.78145681198403,1.0813744054852148,False,0.005409527388646989,False,False,True,59585.32371335742,0.7019929311950747,2022-01-05,False,,78,0.019437125252631415,combined,82701534.9509339,3.593128171127156,psi Vel A,3-4,0.7214300564477061,0,1.5330000451285741
126.78145681198403,1.0813744054852148,False,0.00504678802200272,False,False,False,59585.32371335742,0.7174393723863314,2022-01-05,False,,79,0.010427207296509367,combined,80190675.16314045,2.0661076413452237,psi Vel A,3-4,0.7278665796828407,1,1.580999992256693
126.78145681198403,1.0813744054852148,False,0.0047947437931141045,False,False,False,59585.32371335742,0.7317852657684346,2022-01-05,False,,80,0.006900438532855491,combined,77827779.4239014,1.439167311247255,psi Vel A,3-4,0.7386857043012901,2,1.6290000530716497
126.78145681198403,1.0813744054852148,False,0.004597414993669606,False,False,False,59585.32371335742,0.7451245144855545,2022-01-05,False,,81,-0.0026800848321231197,combined,75600153.12873076,-0.5829547334346481,psi Vel A,3-4,0.7424444296534314,3,1.6770000001997687
126.78145681198403,1.0813744054852148,False,0.0045288799934896625,False,False,False,59585.32371335742,0.7575425279459228,2022-01-05,False,,82,-0.0051767545307739304,combined,73496498.94678254,-1.1430540306247015,psi Vel A,3-4,0.7523657734151489,4,1.7249999473278876
126.78145681198403,1.0813744054852148,False,0.004856730491121428,False,False,False,59585.32371335742,0.7691168056000292,2022-01-05,False,,83,0.010929032127821148,combined,71506743.50237775,2.2502858966130552,psi Vel A,3-4,0.7800458377278503,5,1.7730000081428443
90.44731775994808,1.0216049577495485,False,0.0032145213277180733,False,False,False,59278.15871949012,0.8307579402512784,2021-03-04,False,,0,-0.009294848306321657,combined,59000205.5429569,-2.8915186302154328,psi_Vel,1-2,0.8214630919449567,0,1.5330000451285741
90.44731775994808,1.0216049577495485,False,0.0030702311695059797,False,False,False,59278.15871949012,0.840156614783074,2021-03-04,False,,1,-0.008133704316767076,combined,57208929.91962959,-2.6492156022492086,psi_Vel,1-2,0.8320229104663069,1,1.580999992256693
90.44731775994808,1.0216049577495485,False,0.002976744425421923,False,False,False,59278.15871949012,0.8488139013956455,2021-03-04,False,,2,-0.0002995891664454575,combined,55523213.51334532,-0.10064322750952791,psi_Vel,1-2,0.8485143122292,2,1.6290000530716497
90.44731775994808,1.0216049577495485,False,0.00281857156562021,False,False,False,59278.15871949012,0.8568034655809526,2021-03-04,False,,3,0.0012362988072215364,combined,53933999.85043158,0.43862601265882567,psi_Vel,1-2,0.8580397643881741,3,1.6770000001997687
90.44731775994808,1.0216049577495485,False,0.002701201003068918,False,False,False,59278.15871949012,0.8641904153007824,2021-03-04,False,,4,-0.0035529119468050707,combined,52433229.287951894,-1.3153082435437045,psi_Vel,1-2,0.8606375033539774,4,1.7249999473278876
90.44731775994808,1.0216049577495485,False,0.002516486030104248,False,False,False,59278.15871949012,0.8710323618553524,2021-03-04,False,,5,-0.0006836180803274639,combined,51013715.366357215,-0.2716558217091093,psi_Vel,1-2,0.8703487437750249,5,1.7730000081428443
128.81962727893932,1.0216049577495485,False,0.004623662655709446,False,False,False,59278.15871949012,0.682260429754646,2021-03-04,False,,6,-0.01016843908716869,combined,84031065.54907838,-2.1992173400912756,psi_Vel,1-3,0.6720919906674773,0,1.5330000451285741
128.81962727893932,1.0216049577495485,False,0.0049768990174557624,False,False,False,59278.15871949012,0.6985358027646408,2021-03-04,False,,7,-0.010318345931120132,combined,81479840.55019781,-2.073247999392796,psi_Vel,1-3,0.6882174568335206,1,1.580999992256693
128.81962727893932,1.0216049577495485,False,0.0044005117131670326,False,False,False,59278.15871949012,0.7136728881944185,2021-03-04,False,,8,-0.004699472577636921,combined,79078958.30699113,-1.067937749961067,psi_Vel,1-3,0.7089734156167816,2,1.6290000530716497
128.81962727893932,1.0216049577495485,False,0.004527439435958933,False,False,False,59278.15871949012,0.7277658522727772,2021-03-04,False,,9,-0.003579423024815842,combined,76815520.13332975,-0.7906064952269656,psi_Vel,1-3,0.7241864292479614,3,1.6770000001997687
128.81962727893932,1.0216049577495485,False,0.004302964581841981,False,False,False,59278.15871949012,0.7409008579006027,2021-03-04,False,,10,-0.002345632016657606,combined,74678047.07964626,-0.5451199915881031,psi_Vel,1-3,0.7385552258839451,4,1.7249999473278876
128.81962727893932,1.0216049577495485,False,0.003956993463913001,False,False,False,59278.15871949012,0.7531564909509577,2021-03-04,False,,11,0.005623284424500996,combined,72656303.82815023,1.4211002559858237,psi_Vel,1-3,0.7587797753754587,5,1.7730000081428443
127.91152432123701,1.0216049577495485,False,0.004509906827023305,False,False,True,59278.15871949012,0.6860556747576461,2021-03-04,False,,12,0.020359043218174278,combined,83438695.73109436,4.514293531782774,psi_Vel,1-4,0.7064147179758203,0,1.5330000451285741
127.91152432123701,1.0216049577495485,False,0.004808889265746287,False,False,True,59278.15871949012,0.7021737936011502,2021-03-04,False,,13,0.01932272608091734,combined,80905455.37489739,4.018126642789031,psi_Vel,1-4,0.7214965196820675,1,1.580999992256693
127.91152432123701,1.0216049577495485,False,0.004293552529606005,False,False,True,59278.15871949012,0.7171605082619391,2021-03-04,False,,14,0.013884004008470341,combined,78521497.94596168,3.233686769343986,psi_Vel,1-4,0.7310445122704095,2,1.6290000530716497
127.91152432123701,1.0216049577495485,False,0.004175646873264384,False,False,True,59278.15871949012,0.7311099938398625,2021-03-04,False,,15,0.01907823978253631,combined,76274015.68634458,4.56893036254801,psi_Vel,1-4,0.7501882336223988,3,1.6770000001997687
127.91152432123701,1.0216049577495485,False,0.0044047927092816345,False,False,True,59278.15871949012,0.7441083181845931,2021-03-04,False,,16,0.024481117398826857,combined,74151610.56635302,5.557836432856659,psi_Vel,1-4,0.76858943558342,4,1.7249999473278876
127.91152432123701,1.0216049577495485,False,0.004738466977025507,False,False,False,59278.15871949012,0.7562339000535733,2021-03-04,False,,17,-0.007718751110679545,combined,72144119.42119497,-1.6289553452844492,psi_Vel,1-4,0.7485151489428937,5,1.7730000081428443
56.60375874839714,1.0216049577495485,False,0.002364045366340392,False,False,True,59278.15871949012,0.93058355472764,2021-03-04,False,,18,0.030995882098331706,combined,36923520.601494655,13.111373639294492,psi_Vel,2-3,0.9615794368259717,0,1.5330000451285741
56.60375874839714,1.0216049577495485,False,0.0015535944711038301,False,False,True,59278.15871949012,0.9346181015574561,2021-03-04,False,,19,0.007809412276664207,combined,35802504.12753126,5.0266735766094826,psi_Vel,2-3,0.9424275138341203,1,1.580999992256693
56.60375874839714,1.0216049577495485,False,0.0012477637771801963,False,False,True,59278.15871949012,0.9383140402870754,2021-03-04,False,,20,0.00928059044268903,combined,34747548.74419116,7.4377783779411395,psi_Vel,2-3,0.9475946307297645,2,1.6290000530716497
56.60375874839714,1.0216049577495485,False,0.001191685569199677,False,False,True,59278.15871949012,0.9417078692378074,2021-03-04,False,,21,0.01487330591351621,combined,33752986.727283455,12.480897896166486,psi_Vel,2-3,0.9565811751513236,3,1.6770000001997687
56.60375874839714,1.0216049577495485,False,0.0013754488511407343,False,False,True,59278.15871949012,0.9448313664156043,2021-03-04,False,,22,0.004399674826076505,combined,32813774.18943069,3.1987193289140605,psi_Vel,2-3,0.9492310412416808,4,1.7249999473278876
56.60375874839714,1.0216049577495485,False,0.001068773864467798,False,False,True,59278.15871949012,0.9477122748297112,2021-03-04,False,,23,0.02672546523509689,combined,31925413.69906005,25.005724899911346,psi_Vel,2-3,0.9744377400648081,5,1.7730000081428443
126.9661031046001,1.0216049577495485,False,0.005770679004903071,False,False,False,59278.15871949012,0.6899966782537459,2021-03-04,False,,24,-0.00017585943631526213,combined,82821982.6268507,-0.030474652318356773,psi_Vel,2-4,0.6898208188174306,0,1.5330000451285741
126.9661031046001,1.0216049577495485,False,0.004439239545101908,False,False,True,59278.15871949012,0.7059503982118932,2021-03-04,False,,25,0.023233266252969287,combined,80307465.98763153,5.233614004588693,psi_Vel,2-4,0.7291836644648625,1,1.580999992256693
126.9661031046001,1.0216049577495485,False,0.004355693835714362,False,False,False,59278.15871949012,0.7207800517244913,2021-03-04,False,,26,0.002968064048415431,combined,77941128.89388324,0.6814216426505673,psi_Vel,2-4,0.7237481157729068,2,1.6290000530716497
126.9661031046001,1.0216049577495485,False,0.0049654925526371315,False,False,False,59278.15871949012,0.7345797930920629,2021-03-04,False,,27,-0.005454967066739758,combined,75710258.25251971,-1.0985752186543247,psi_Vel,2-4,0.7291248260253231,3,1.6770000001997687
126.9661031046001,1.0216049577495485,False,0.004124786021191942,False,False,False,59278.15871949012,0.7474355662738961,2021-03-04,False,,28,0.004068067416626242,combined,73603540.27910379,0.9862493219589339,psi_Vel,2-4,0.7515036336905223,4,1.7249999473278876
126.9661031046001,1.0216049577495485,False,0.0035698507976375557,False,False,False,59278.15871949012,0.7594255953445627,2021-03-04,False,,29,0.007969312680963792,combined,71610886.92695081,2.2323937701367513,psi_Vel,2-4,0.7673949080255265,5,1.7730000081428443
101.20038881516648,1.0216049577495485,False,0.00398084997749769,False,False,True,59278.15871949012,0.7921193769121334,2021-03-04,False,,30,-0.020630241058420262,combined,66014602.63276033,-5.182370894415911,psi_Vel,3-4,0.7714891358537131,0,1.5330000451285741
101.20038881516648,1.0216049577495485,False,0.00497633187533678,False,False,False,59278.15871949012,0.8034427020673138,2021-03-04,False,,31,-0.005127507735524617,combined,64010366.42050499,-1.0303789747096812,psi_Vel,3-4,0.7983151943317892,1,1.580999992256693
101.20038881516648,1.0216049577495485,False,0.003507134142266208,False,False,True,59278.15871949012,0.8138970573024038,2021-03-04,False,,32,-0.01897866036293272,combined,62124239.114874534,-5.411444100244555,psi_Vel,3-4,0.7949183969394711,2,1.6290000530716497
101.20038881516648,1.0216049577495485,False,0.0033252943477190006,False,False,False,59278.15871949012,0.823565513166269,2021-03-04,False,,33,-0.00976539819983413,combined,60346087.53912416,-2.9367018912273872,psi_Vel,3-4,0.8138001149664349,3,1.6770000001997687
101.20038881516648,1.0216049577495485,False,0.00380922217459996,False,False,False,59278.15871949012,0.8325220187294243,2021-03-04,False,,34,-0.00707604540910689,combined,58666893.85813084,-1.8576090038250415,psi_Vel,3-4,0.8254459733203174,4,1.7249999473278876
101.20038881516648,1.0216049577495485,False,0.003376101796277064,False,False,False,59278.15871949012,0.8408324263236644,2021-03-04,False,,35,-0.0031333389959776747,combined,57078617.23089915,-0.9280937557726808,psi_Vel,3-4,0.8376990873276867,5,1.7730000081428443
90.50675742634218,1.0216049577495485,False,0.0033133824659565304,False,False,True,59278.16873100014,0.8305522826955878,2021-03-04,False,,36,-0.013542580537035942,combined,59038978.97064399,-4.087237340144002,psi_Vel,1-2,0.8170097021585518,0,1.5330000451285741
90.50675742634218,1.0216049577495485,False,0.0031380448406664887,False,False,True,59278.16873100014,0.8399614355268399,2021-03-04,False,,37,-0.020466338887362823,combined,57246526.16674232,-6.52200332580843,psi_Vel,1-2,0.8194950966394771,1,1.580999992256693
90.50675742634218,1.0216049577495485,False,0.003045561528389976,False,False,True,59278.16873100014,0.8486284782540547,2021-03-04,False,,38,-0.01006582703006531,combined,55559701.950704195,-3.3050808319694562,psi_Vel,1-2,0.8385626512239894,2,1.6290000530716497
90.50675742634218,1.0216049577495485,False,0.0028906953649669395,False,False,False,59278.16873100014,0.8566271338786559,2021-03-04,False,,39,-0.007069419253798559,combined,53969443.897173986,-2.445577399636994,psi_Vel,1-2,0.8495577146248573,3,1.6770000001997687
90.50675742634218,1.0216049577495485,False,0.0027811421988327067,False,False,True,59278.16873100014,0.8640225635220288,2021-03-04,False,,40,-0.009527367894118122,combined,52467687.066623814,-3.4257032589404894,psi_Vel,1-2,0.8544951956279107,4,1.7249999473278876
90.50675742634218,1.0216049577495485,False,0.0026030405184862488,False,False,False,59278.16873100014,0.8708724273602593,2021-03-04,False,,41,-0.004715251676366439,combined,51047240.27674701,-1.8114399844642097,psi_Vel,1-2,0.8661571756838928,5,1.7730000081428443
128.18353924387836,1.0216049577495485,False,0.004907285937581988,False,False,False,59278.16873100014,0.684919833244493,2021-03-04,False,,42,-0.007571640380637068,combined,83616135.33620444,-1.5429384953198615,psi_Vel,1-3,0.677348192863856,0,1.5330000451285741
128.18353924387836,1.0216049577495485,False,0.005234419508065661,False,False,False,59278.16873100014,0.7010851249575354,2021-03-04,False,,43,-0.014192814326807857,combined,81077507.82522859,-2.7114399801044415,psi_Vel,1-3,0.6868923106307275,1,1.580999992256693
128.18353924387836,1.0216049577495485,False,0.004674706593869055,False,False,False,59278.16873100014,0.7161169335667075,2021-03-04,False,,44,-0.0084328074985347,combined,78688480.7045739,-1.8039223059677045,psi_Vel,1-3,0.7076841260681728,2,1.6290000530716497
128.18353924387836,1.0216049577495485,False,0.004752215101213064,False,False,False,59278.16873100014,0.7301094344916758,2021-03-04,False,,45,-0.008506905933415632,combined,76436218.97949243,-1.7900927782591607,psi_Vel,1-3,0.7216025285582601,3,1.6770000001997687
128.18353924387836,1.0216049577495485,False,0.004494770761762549,False,False,False,59278.16873100014,0.7431487265267348,2021-03-04,False,,46,-0.006863937869962089,combined,74309300.38139488,-1.527094090838686,psi_Vel,1-3,0.7362847886567727,4,1.7249999473278876
128.18353924387836,1.0216049577495485,False,0.0042081180012999864,False,False,False,59278.16873100014,0.755313280541528,2021-03-04,False,,47,0.004435884374460186,combined,72297540.13264002,1.0541254720256983,psi_Vel,1-3,0.7597491649159882,5,1.7730000081428443
126.52810747613844,1.0216049577495485,False,0.004912697408352005,False,False,True,59278.16873100014,0.6918188474137505,2021-03-04,False,,48,0.026179413604687007,combined,82536271.20117038,5.328928576016054,psi_Vel,1-4,0.7179982610184376,0,1.5330000451285741
126.52810747613844,1.0216049577495485,False,0.005188739949905897,False,False,True,59278.16873100014,0.707696176946652,2021-03-04,False,,49,0.0233009620736091,combined,80030428.90312374,4.4906783339626966,psi_Vel,1-4,0.7309971390202611,1,1.580999992256693
126.52810747613844,1.0216049577495485,False,0.004605192014510034,False,False,True,59278.16873100014,0.7224528979328928,2021-03-04,False,,50,0.01939960898432136,combined,77672254.97479664,4.212551598977218,psi_Vel,1-4,0.7418525069172142,2,1.6290000530716497
126.52810747613844,1.0216049577495485,False,0.004455342442313341,False,False,True,59278.16873100014,0.7361831447283846,2021-03-04,False,,51,0.016913792027442698,combined,75449080.17952658,3.796294504056253,psi_Vel,1-4,0.7530969367558273,3,1.6770000001997687
126.52810747613844,1.0216049577495485,False,0.004766385685055867,False,False,True,59278.16873100014,0.7489727953480646,2021-03-04,False,,52,0.02402286745650617,combined,73349629.76209761,5.040059500813266,psi_Vel,1-4,0.7729956628045708,4,1.7249999473278876
126.52810747613844,1.0216049577495485,False,0.004928273235020675,False,False,False,59278.16873100014,0.7608999765841198,2021-03-04,False,,53,0.006321700508187034,combined,71363850.47661236,1.282741480984569,psi_Vel,1-4,0.7672216770923068,5,1.7730000081428443
55.97982148958956,1.0216049577495485,False,0.002450628895332187,False,False,True,59278.16873100014,0.9320610544419347,2021-03-04,False,,54,0.022668947956368535,combined,36516516.530757494,9.250257352121737,psi_Vel,2-3,0.9547300023983032,0,1.5330000451285741
55.97982148958956,1.0216049577495485,False,0.0015252596642375417,False,False,True,59278.16873100014,0.9360122204844715,2021-03-04,False,,55,-0.013357834204151708,combined,35407856.903076194,-8.757744348290442,psi_Vel,2-3,0.9226543862803198,1,1.580999992256693
55.97982148958956,1.0216049577495485,False,0.0012865011949409531,False,False,False,59278.16873100014,0.9396314997867329,2021-03-04,False,,56,0.0017120892705835278,combined,34364530.18158825,1.3308104783082677,psi_Vel,2-3,0.9413435890573164,2,1.6290000530716497
55.97982148958956,1.0216049577495485,False,0.001218793912638849,False,False,False,59278.16873100014,0.9429547036565695,2021-03-04,False,,57,0.0011751943033604384,combined,33380931.116828322,0.9642272505414704,psi_Vel,2-3,0.94412989795993,3,1.6770000001997687
55.97982148958956,1.0216049577495485,False,0.0013611916230874502,False,False,False,59278.16873100014,0.9460130059366864,2021-03-04,False,,58,0.001187093849353782,combined,32452071.419657227,0.8720989970987477,psi_Vel,2-3,0.9472000997860401,4,1.7249999473278876
55.97982148958956,1.0216049577495485,False,0.0011058381916127771,False,False,True,59278.16873100014,0.9488336174540005,2021-03-04,False,,59,0.021693479682776573,combined,31573503.2332157,19.617227771034347,psi_Vel,2-3,0.9705270971367771,5,1.7730000081428443
126.64515866425268,1.0216049577495485,False,0.006025281093235258,False,False,False,59278.16873100014,0.6913321135883945,2021-03-04,False,,60,0.012034528078374906,combined,82612625.52906893,1.9973388613995768,psi_Vel,2-4,0.7033666416667694,0,1.5330000451285741
126.64515866425268,1.0216049577495485,False,0.004667015656327633,False,False,True,59278.16873100014,0.7072298717335566,2021-03-04,False,,61,0.022272544195838462,combined,80104465.07560161,4.772331150344632,psi_Vel,2-4,0.729502415929395,1,1.580999992256693
126.64515866425268,1.0216049577495485,False,0.004699580949250508,False,False,True,59278.16873100014,0.7220060936371288,2021-03-04,False,,62,0.014230228557641889,combined,77744109.59990455,3.027978177482257,psi_Vel,2-4,0.7362363221947706,2,1.6290000530716497
126.64515866425268,1.0216049577495485,False,0.005158685420209576,False,False,False,59278.16873100014,0.735754919621518,2021-03-04,False,,63,0.0031361171014819833,combined,75518878.14500082,0.6079295103353242,psi_Vel,2-4,0.7388910367229999,3,1.6770000001997687
126.64515866425268,1.0216049577495485,False,0.004401118622110112,False,False,False,59278.16873100014,0.7485622458522555,2021-03-04,False,,64,0.011766390363252888,combined,73417485.5253952,2.6734999379797455,psi_Vel,2-4,0.7603286362155084,4,1.7249999473278876
126.64515866425268,1.0216049577495485,False,0.003783598694864193,False,False,True,59278.16873100014,0.760506225556728,2021-03-04,False,,65,0.015882517361377357,combined,71429869.1949297,4.197727783059043,psi_Vel,2-4,0.7763887429181053,5,1.7730000081428443
101.49829371991125,1.0216049577495485,False,0.00410334845215717,False,False,True,59278.16873100014,0.7910101363548525,2021-03-04,False,,66,-0.018284460699340754,combined,66208930.67971077,-4.45598537694951,psi_Vel,3-4,0.7727256756555118,0,1.5330000451285741
101.49829371991125,1.0216049577495485,False,0.004716797972378261,False,False,True,59278.16873100014,0.8023873838489138,2021-03-04,False,,67,-0.01884904732972459,combined,64198794.571171544,-3.9961532039543113,psi_Vel,3-4,0.7835383365191892,1,1.580999992256693
101.49829371991125,1.0216049577495485,False,0.0036162812721967884,False,False,True,59278.16873100014,0.8128922423167818,2021-03-04,False,,68,-0.019556741032089264,combined,62307115.04798641,-5.407970110745588,psi_Vel,3-4,0.7933355012846925,2,1.6290000530716497
101.49829371991125,1.0216049577495485,False,0.0034074711762586796,False,False,True,59278.16873100014,0.8226080105521839,2021-03-04,False,,69,-0.017533329949982246,combined,60523729.104245976,-5.145554883088818,psi_Vel,3-4,0.8050746806022017,3,1.6770000001997687
101.49829371991125,1.0216049577495485,False,0.00379487776674257,False,False,False,59278.16873100014,0.8316088571649023,2021-03-04,False,,70,-0.004799449280133983,combined,58839592.358908325,-1.2647177524913304,psi_Vel,3-4,0.8268094078847683,4,1.7249999473278876
101.49829371991125,1.0216049577495485,False,0.0035510860712279785,False,False,False,59278.16873100014,0.8399608428658845,2021-03-04,False,,71,0.0026794617590192304,combined,57246640.3010495,0.7545471174943003,psi_Vel,3-4,0.8426403046249037,5,1.7730000081428443
87.92242165100164,0.9733041176235933,False,0.002937069081359777,False,False,True,59263.17015158003,0.5910913741231817,2021-02-17,False,,0,-0.015040996841485299,combined,57353176.16616737,-5.121090592299503,rho_Pup,1-2,0.5760503772816964,0,1.5330000451285741
87.92242165100164,0.9733041176235933,False,0.0030504312238631747,False,False,True,59263.17015158003,0.6108077494146594,2021-02-17,False,,1,-0.021711818298179808,combined,55611905.17496628,-7.1176226260506175,rho_Pup,1-2,0.5890959311164796,1,1.580999992256693
87.92242165100164,0.9733041176235933,False,0.0032240169782056217,False,False,True,59263.17015158003,0.6292770959156709,2021-02-17,False,,2,-0.017971367541853467,combined,53973246.64613407,-5.574216160566164,rho_Pup,1-2,0.6113057283738175,2,1.6290000530716497
87.92242165100164,0.9733041176235933,False,0.0031384279488084633,False,False,True,59263.17015158003,0.6465846868499578,2021-02-17,False,,3,-0.022971625961833775,combined,52428396.92339183,-7.319468962336762,rho_Pup,1-2,0.6236130608881241,3,1.6770000001997687
87.92242165100164,0.9733041176235933,False,0.004161199888648078,False,False,True,59263.17015158003,0.662811623961709,2021-02-17,False,,4,-0.015653945955554582,combined,50969521.35401391,-3.7618827199960236,rho_Pup,1-2,0.6471576780061544,4,1.7249999473278876
87.92242165100164,0.9733041176235933,False,0.004674767869036844,False,False,True,59263.17015158003,0.6780342965809646,2021-02-17,False,,5,-0.024346705676028146,combined,49589634.093175955,-5.20811008334503,rho_Pup,1-2,0.6536875909049364,5,1.7730000081428443
124.47954991075838,0.9733041176235933,False,0.0024810601976667135,False,False,True,59263.17015158003,0.3300341473950335,2021-02-17,False,,6,-0.023600154795279105,combined,81199964.93562932,-9.51212502521044,rho_Pup,1-3,0.3064339925997544,0,1.5330000451285741
124.47954991075838,0.9733041176235933,False,0.0025687783074118255,False,False,True,59263.17015158003,0.3550300180930192,2021-02-17,False,,7,-0.029311863586670817,combined,78734693.56130631,-11.410818715689018,rho_Pup,1-3,0.3257181545063484,1,1.580999992256693
124.47954991075838,0.9733041176235933,False,0.0022298693163803947,False,False,True,59263.17015158003,0.3791612876160274,2021-02-17,False,,8,-0.03077357714833795,combined,76414699.727013,-13.800619131479303,rho_Pup,1-3,0.34838771046768946,2,1.6290000530716497
124.47954991075838,0.9733041176235933,False,0.0024602757714784667,False,False,True,59263.17015158003,0.4023967751543313,2021-02-17,False,,9,-0.02812532248573263,combined,74227519.31778774,-11.431776393437037,rho_Pup,1-3,0.3742714526685987,3,1.6770000001997687
124.47954991075838,0.9733041176235933,False,0.00279997389091192,False,False,True,59263.17015158003,0.42472277206840503,2021-02-17,False,,10,-0.025660093536518325,combined,72162060.12271683,-9.164404575273064,rho_Pup,1-3,0.3990626785318867,4,1.7249999473278876
124.47954991075838,0.9733041176235933,False,0.0029764411591071266,False,False,True,59263.17015158003,0.4461389257172131,2021-02-17,False,,11,-0.02959274231956227,combined,70208431.66331758,-9.942323982792761,rho_Pup,1-3,0.4165461833976508,5,1.7730000081428443
129.69253682752105,0.9733041176235933,False,0.000976584591059158,False,False,True,59263.17015158003,0.2967671929586049,2021-02-17,False,,12,-0.04393308191674822,combined,84600478.15370001,-44.9864582330758,rho_Pup,1-4,0.25283411104185666,0,1.5330000451285741
129.69253682752105,0.9733041176235933,False,0.004104613835472338,False,False,True,59263.17015158003,0.3217601132938119,2021-02-17,False,,13,-0.03988322547850731,combined,82031965.50456657,-9.716681538670922,rho_Pup,1-4,0.28187688781530457,1,1.580999992256693
129.69253682752105,0.9733041176235933,False,0.0015946743202313667,False,False,True,59263.17015158003,0.3460264575269345,2021-02-17,False,,14,-0.048079698599914844,combined,79614814.36601076,-30.150167962157376,rho_Pup,1-4,0.29794675892701966,2,1.6290000530716497
129.69253682752105,0.9733041176235933,False,0.0025499235189519664,False,False,True,59263.17015158003,0.3695112725767042,2021-02-17,False,,15,-0.04945622996316146,combined,77336038.64762774,-19.395181696856643,rho_Pup,1-4,0.32005504261354273,3,1.6770000001997687
129.69253682752105,0.9733041176235933,False,0.004090153936179409,False,False,True,59263.17015158003,0.39218023023079507,2021-02-17,False,,16,-0.047980124147737835,combined,75184081.61601475,-11.730640190172355,rho_Pup,1-4,0.34420010608305723,4,1.7249999473278876
129.69253682752105,0.9733041176235933,True,0.004138860761317378,False,True,True,59263.17015158003,0.41401522133554697,2021-02-17,False,,17,-0.06770470109129495,combined,73148638.59666276,-16.358293983715676,rho_Pup,1-4,0.346310520244252,5,1.7730000081428443
56.69940294257176,0.9733041176235933,True,0.0036477125077718185,False,True,True,59263.17015158003,0.8081452171546916,2021-02-17,False,,18,-0.08496873177173758,combined,36985910.81112221,-23.293702996248513,rho_Pup,2-3,0.723176485382954,0,1.5330000451285741
56.69940294257176,0.9733041176235933,True,0.0030388797822950495,False,True,True,59263.17015158003,0.8186803363076153,2021-02-17,False,,19,-0.0897124901148788,combined,35863000.1393232,-29.521566018358698,rho_Pup,2-3,0.7289678461927365,1,1.580999992256693
56.69940294257176,0.9733041176235933,True,0.0022863267931613066,False,True,True,59263.17015158003,0.8283975541251026,2021-02-17,False,,20,-0.0803785309947258,combined,34806262.18253285,-35.15618643631706,rho_Pup,2-3,0.7480190231303768,2,1.6290000530716497
56.69940294257176,0.9733041176235933,True,0.0025222682327812346,False,True,True,59263.17015158003,0.8373763582386865,2021-02-17,False,,21,-0.08393585331641251,combined,33810019.639724255,-33.27792509358086,rho_Pup,2-3,0.753440504922274,3,1.6770000001997687
56.69940294257176,0.9733041176235933,True,0.0037277913734107774,False,True,True,59263.17015158003,0.8456872914603126,2021-02-17,False,,22,-0.11013104652752481,combined,32869220.100790154,-29.543243034751537,rho_Pup,2-3,0.7355562449327878,4,1.7249999473278876
56.69940294257176,0.9733041176235933,True,0.0020980665934168478,False,True,True,59263.17015158003,0.853393002410657,2021-02-17,False,,23,-0.08370023972003182,combined,31979358.53478219,-39.893986197892865,rho_Pup,2-3,0.7696927626906251,5,1.7730000081428443
132.30256303981443,0.9733041176235933,False,0.0009548054827244333,False,False,True,59263.17015158003,0.2806820938309169,2021-02-17,False,,24,-0.03125401333608138,combined,86303039.23358208,-32.7333827691285,rho_Pup,2-4,0.24942808049483553,0,1.5330000451285741
132.30256303981443,0.9733041176235933,False,0.001220815373160072,False,False,True,59263.17015158003,0.30559841420231465,2021-02-17,False,,25,-0.032656364162307217,combined,83682835.98216085,-26.7496337941555,rho_Pup,2-4,0.27294205004000743,1,1.580999992256693
132.30256303981443,0.9733041176235933,False,0.0025585441512295543,False,False,True,59263.17015158003,0.32986349158582995,2021-02-17,False,,26,-0.036347839871583576,combined,81217040.34959614,-14.206454031334957,rho_Pup,2-4,0.2935156517142464,2,1.6290000530716497
132.30256303981443,0.9733041176235933,False,0.0020142839489851625,False,False,True,59263.17015158003,0.35341031939369905,2021-02-17,False,,27,-0.03668429472781859,combined,78892404.90402755,-18.2120771732808,rho_Pup,2-4,0.31672602466588046,3,1.6770000001997687
132.30256303981443,0.9733041176235933,False,0.0020388729907472227,False,False,True,59263.17015158003,0.3761939777444983,2021-02-17,False,,28,-0.04942965936079746,combined,76697140.3360086,-24.2436186977405,rho_Pup,2-4,0.32676431838370085,4,1.7249999473278876
132.30256303981443,0.9733041176235933,False,0.0015855908635874982,False,False,True,59263.17015158003,0.39818712937510453,2021-02-17,False,,29,-0.04032380958812454,combined,74620734.59232341,-25.431408892511783,rho_Pup,2-4,0.35786331978698,5,1.7730000081428443
103.67791541276327,0.9733041176235933,True,0.0035103924055863724,False,True,True,59263.17015158003,0.47476771738217133,2021-02-17,False,,30,-0.09714338845525755,combined,67630732.13351908,-27.67308529401596,rho_Pup,3-4,0.3776243289269138,0,1.5330000451285741
103.67791541276327,0.9733041176235933,True,0.0028220644320958305,False,True,True,59263.17015158003,0.49781233604731157,2021-02-17,False,,31,-0.10349371822542325,combined,65577429.42476245,-36.67305290707439,rho_Pup,3-4,0.3943186178218883,1,1.580999992256693
103.67791541276327,0.9733041176235933,True,0.0035269850344176027,False,True,True,59263.17015158003,0.519640824744133,2021-02-17,False,,32,-0.09790319706202039,combined,63645127.093315765,-27.75832505855437,rho_Pup,3-4,0.4217376276821126,2,1.6290000530716497
103.67791541276327,0.9733041176235933,True,0.0038031266101517416,False,True,True,59263.17015158003,0.5403029984061596,2021-02-17,False,,33,-0.10890714209073654,combined,61823443.88814125,-28.63621258362241,rho_Pup,3-4,0.43139585631542304,3,1.6770000001997687
103.67791541276327,0.9733041176235933,True,0.0034948681339300623,False,True,True,59263.17015158003,0.5598526739064795,2021-02-17,False,,34,-0.10269959404945433,combined,60103141.204940684,-29.38582805239241,rho_Pup,3-4,0.4571530798570252,4,1.7249999473278876
103.67791541276327,0.9733041176235933,True,0.0031340292488957248,False,True,True,59263.17015158003,0.5783455054182766,2021-02-17,False,,35,-0.09164711164588746,combined,58475981.35172164,-29.242583386284387,rho_Pup,3-4,0.4866983937723891,5,1.7730000081428443
86.81824905474586,0.9733041176235933,False,0.003408969248348465,False,False,True,59263.1801321849,0.5992559590780334,2021-02-17,False,,36,0.01388531875267729,combined,56632907.04434672,4.073172194030285,rho_Pup,1-2,0.6131412778307107,0,1.5330000451285741
86.81824905474586,0.9733041176235933,False,0.003522692867944907,False,False,True,59263.1801321849,0.6186914385505198,2021-02-17,False,,37,0.015695390150256783,combined,54913503.78238961,4.455509105854371,rho_Pup,1-2,0.6343868287007766,1,1.580999992256693
86.81824905474586,0.9733041176235933,False,0.003659467963777867,False,False,True,59263.1801321849,0.6368851284157178,2021-02-17,False,,38,0.011557473906471105,combined,53295424.32551858,3.158238853535337,rho_Pup,1-2,0.6484426023221889,2,1.6290000530716497
86.81824905474586,0.9733041176235933,False,0.003613060292138308,False,False,True,59263.1801321849,0.6539237695441746,2021-02-17,False,,39,0.01146378255617242,combined,51769975.57805835,3.1728733066305517,rho_Pup,1-2,0.6653875521003471,3,1.6770000001997687
86.81824905474586,0.9733041176235933,False,0.00466998233288609,False,False,False,59263.1801321849,0.6698894891481554,2021-02-17,False,,40,0.013438380414944606,combined,50329421.278668284,2.8776084055631896,rho_Pup,1-2,0.6833278695631,4,1.7249999473278876
86.81824905474586,0.9733041176235933,False,0.005158820276119475,False,False,False,59263.1801321849,0.6848593603472718,2021-02-17,False,,41,0.009936376068563013,combined,48966863.314166,1.9260946372873589,rho_Pup,1-2,0.6947957364158348,5,1.7730000081428443
122.32817561140948,0.9733041176235933,False,0.003900264442770799,False,False,True,59263.1801321849,0.34417775883357565,2021-02-17,False,,42,0.0357129128737797,combined,79796589.70013253,9.156536280501221,rho_Pup,1-3,0.37989067170735535,0,1.5330000451285741
122.32817561140948,0.9733041176235933,False,0.0038611448280434324,False,False,True,59263.1801321849,0.36911629280910513,2021-02-17,False,,43,0.029789906244615638,combined,77373925.49686244,7.71530402803128,rho_Pup,1-3,0.39890619905372077,1,1.580999992256693
122.32817561140948,0.9733041176235933,False,0.0035037703630211928,False,False,True,59263.1801321849,0.393138520386425,2021-02-17,False,,44,0.03370764474165272,combined,75094028.00862217,9.620392106001965,rho_Pup,1-3,0.4268461651280777,2,1.6290000530716497
122.32817561140948,0.9733041176235933,False,0.0037374458767918954,False,False,True,59263.1801321849,0.41622284458431263,2021-02-17,False,,45,0.034298245016512074,combined,72944648.53717199,9.176920856430595,rho_Pup,1-3,0.4505210896008247,3,1.6770000001997687
122.32817561140948,0.9733041176235933,False,0.00403774321756786,False,False,True,59263.1801321849,0.438363771863912,2021-02-17,False,,46,0.03475359042424453,combined,70914886.577766,8.60718192108769,rho_Pup,1-3,0.47311736228815654,4,1.7249999473278876
122.32817561140948,0.9733041176235933,False,0.004133034538665101,False,False,True,59263.1801321849,0.4595679475011669,2021-02-17,False,,47,0.035565117843000316,combined,68995022.58860336,8.605086047620409,rho_Pup,1-3,0.49513306534416723,5,1.7730000081428443
128.33953129936438,0.9733041176235933,False,0.0020549166651102242,False,False,True,59263.1801321849,0.3052590146690183,2021-02-17,False,,48,0.02715582439548725,combined,83717891.40332375,13.21504898790172,rho_Pup,1-4,0.33241483906450553,0,1.5330000451285741
128.33953129936438,0.9733041176235933,False,0.006055578227566007,False,False,True,59263.1801321849,0.3302719729489158,2021-02-17,False,,49,0.04501116657204429,combined,81176174.52747402,7.433008852424021,rho_Pup,1-4,0.3752831395209601,1,1.580999992256693
128.33953129936438,0.9733041176235933,False,0.003061617394198355,False,False,True,59263.1801321849,0.35452088001338494,2021-02-17,False,,50,0.040059523657862584,combined,78784240.09708704,13.084431690835638,rho_Pup,1-4,0.3945804036712475,2,1.6290000530716497
128.33953129936438,0.9733041176235933,False,0.00411965630579775,False,False,True,59263.1801321849,0.3779570060729402,2021-02-17,False,,51,0.03779567528573097,combined,76529237.49795839,9.174472936623296,rho_Pup,1-4,0.41575268135867116,3,1.6770000001997687
128.33953129936438,0.9733041176235933,True,0.006021429093391512,False,True,True,59263.1801321849,0.40055145478683457,2021-02-17,False,,52,0.0558400576901637,combined,74399730.56124948,9.273555633404017,rho_Pup,1-4,0.4563915124769983,4,1.7249999473278876
128.33953129936438,0.9733041176235933,False,0.00553720959374417,False,False,True,59263.1801321849,0.42229082121140354,2021-02-17,False,,53,0.023189843681389766,combined,72385522.11502558,4.188001788407864,rho_Pup,1-4,0.4454806648927933,5,1.7730000081428443
55.95711961938834,0.9733041176235933,False,0.00432519249541129,False,False,True,59263.1801321849,0.8127138766915374,2021-02-17,False,,54,0.03182694468031044,combined,36501707.74436942,7.358503630549734,rho_Pup,2-3,0.8445408213718478,0,1.5330000451285741
55.95711961938834,0.9733041176235933,False,0.0036050220265893868,False,False,True,59263.1801321849,0.8230217133500951,2021-02-17,False,,55,0.02047846942028564,combined,35393497.71881787,5.680539333530719,rho_Pup,2-3,0.8435001827703807,1,1.580999992256693
55.95711961938834,0.9733041176235933,False,0.0027658013228023357,False,False,True,59263.1801321849,0.8325266797331395,2021-02-17,False,,56,0.029992839234670776,combined,34350594.10457068,10.844177051836013,rho_Pup,2-3,0.8625195189678103,2,1.6290000530716497
55.95711961938834,0.9733041176235933,False,0.0030002393236417835,False,False,True,59263.1801321849,0.8413071610058359,2021-02-17,False,,57,0.028114328402376487,combined,33367393.925296705,9.370695257820447,rho_Pup,2-3,0.8694214894082124,3,1.6770000001997687
55.95711961938834,0.9733041176235933,False,0.004414080920974491,False,False,True,59263.1801321849,0.8494326624134053,2021-02-17,False,,58,0.01624252430937989,combined,32438910.9147909,3.679706965089813,rho_Pup,2-3,0.8656751867227852,4,1.7249999473278876
55.95711961938834,0.9733041176235933,False,0.002527159310750404,False,False,True,59263.1801321849,0.8569648645339248,2021-02-17,False,,59,0.03608271738369295,combined,31560699.019963045,14.27797496984023,rho_Pup,2-3,0.8930475819176178,5,1.7730000081428443
132.2197246043891,0.9733041176235933,False,0.0012311570901799285,False,False,True,59263.1801321849,0.2811864860356554,2021-02-17,False,,60,0.012176875439838752,combined,86249002.42145768,9.890594414770542,rho_Pup,2-4,0.29336336147549413,0,1.5330000451285741
132.2197246043891,0.9733041176235933,False,0.002123910295157027,False,False,True,59263.1801321849,0.30610600218103584,2021-02-17,False,,61,0.01377343516641033,combined,83630439.75456375,6.484942041957577,rho_Pup,2-4,0.31987943734744617,1,1.580999992256693
132.2197246043891,0.9733041176235933,False,0.003731644660729138,False,False,True,59263.1801321849,0.3303718252602601,2021-02-17,False,,62,0.018011792921492464,combined,81166188.02748042,4.826770649157437,rho_Pup,2-4,0.34838361818175256,2,1.6290000530716497
132.2197246043891,0.9733041176235933,False,0.003132559586086165,False,False,True,59263.1801321849,0.3539173316401093,2021-02-17,False,,63,0.01825222709692903,combined,78843008.10294499,5.826617689253104,rho_Pup,2-4,0.37216955873703833,3,1.6770000001997687
132.2197246043891,0.9733041176235933,False,0.0030069732666378355,False,False,True,59263.1801321849,0.37669793942607915,2021-02-17,False,,64,0.010267935082445723,combined,76649118.05313627,3.4147078048108264,rho_Pup,2-4,0.3869658745085249,4,1.7249999473278876
132.2197246043891,0.9733041176235933,False,0.0027189780475093167,False,False,True,59263.1801321849,0.39868660697321023,2021-02-17,False,,65,0.022985426379336982,combined,74574012.40673691,8.453700610195243,rho_Pup,2-4,0.4216720333525472,5,1.7730000081428443
103.59011689620237,0.9733041176235933,False,0.004797060438216826,False,False,False,59263.1801321849,0.4754079185848515,2021-02-17,False,,66,0.013145929269124224,combined,67573459.7825887,2.740413517493821,rho_Pup,3-4,0.4885538478539757,0,1.5330000451285741
103.59011689620237,0.9733041176235933,False,0.004040482366754866,False,False,True,59263.1801321849,0.4984379900911234,2021-02-17,False,,67,0.01590684396251768,combined,65521895.89092886,3.9368675615068565,rho_Pup,3-4,0.5143448340536411,1,1.580999992256693
103.59011689620237,0.9733041176235933,False,0.00469222815895301,False,False,False,59263.1801321849,0.5202511914406813,2021-02-17,False,,68,0.011384662367307175,combined,63591229.90872369,2.4262806457065946,rho_Pup,3-4,0.5316358538079885,2,1.6290000530716497
103.59011689620237,0.9733041176235933,False,0.00505980465104218,False,False,False,59263.1801321849,0.5408976068784221,2021-02-17,False,,69,0.012966609550141617,combined,61771089.37618512,2.5626699930936767,rho_Pup,3-4,0.5538642164285638,3,1.6770000001997687
103.59011689620237,0.9733041176235933,False,0.004610691580649632,False,False,False,59263.1801321849,0.5604312691098213,2021-02-17,False,,70,0.013106168486092029,combined,60052243.5126266,2.842560222656535,rho_Pup,3-4,0.5735374375959134,4,1.7249999473278876
103.59011689620237,0.9733041176235933,False,0.0042022660541173274,False,False,True,59263.1801321849,0.5789080041625272,2021-02-17,False,,71,0.030272578407640527,combined,58426461.60205572,7.203870011509585,rho_Pup,3-4,0.6091805825701677,5,1.7730000081428443
76.55848918334962,1.02327242554616,False,0.003042861970334272,False,False,True,59262.25007790611,0.67417842653496,2021-02-16,False,,72,0.015071880422685369,combined,49940304.5855283,4.953192280696733,rho_Pup,1-2,0.6892503069576453,0,1.5330000451285741
76.55848918334962,1.02327242554616,False,0.002773880729334935,False,False,True,59262.25007790611,0.6907828023531268,2021-02-16,False,,73,0.008341728931146708,combined,48424092.06724366,3.007241386743661,rho_Pup,1-2,0.6991245312842735,1,1.580999992256693
76.55848918334962,1.02327242554616,False,0.002667267973882312,False,False,False,59262.25007790611,0.706235235337157,2021-02-16,False,,74,0.0063334520001113725,combined,46997229.39786932,2.3745090715023984,rho_Pup,1-2,0.7125686873372684,2,1.6290000530716497
76.55848918334962,1.02327242554616,False,0.002572799625681347,False,False,False,59262.25007790611,0.7206297157589363,2021-02-16,False,,75,0.007663222210519294,combined,45652050.78964208,2.9785538422914937,rho_Pup,1-2,0.7282929379694556,3,1.6770000001997687
76.55848918334962,1.02327242554616,False,0.002803241165972357,False,False,True,59262.25007790611,0.7340524767764843,2021-02-16,False,,76,0.017856237152349963,combined,44381734.215089455,6.369854070745351,rho_Pup,1-2,0.7519087139288343,4,1.7249999473278876
76.55848918334962,1.02327242554616,False,0.002611515345619758,False,False,True,59262.25007790611,0.7465823489352594,2021-02-16,False,,77,0.017903123434650392,combined,43180196.74661027,6.855454043063135,rho_Pup,1-2,0.7644854723699098,5,1.7730000081428443
99.37562616075873,1.02327242554616,False,0.004249885820633855,False,False,False,59262.25007790611,0.5063066521004254,2021-02-16,False,,78,0.001072704709934924,combined,64824281.301586,0.25240788934299746,rho_Pup,1-3,0.5073793568103603,0,1.5330000451285741
99.37562616075873,1.02327242554616,False,0.004043358529951173,False,False,False,59262.25007790611,0.5285817976101241,2021-02-16,False,,79,-0.0001921345002358077,combined,62856183.83774412,-0.04751854153238493,rho_Pup,1-3,0.5283896631098883,1,1.580999992256693
99.37562616075873,1.02327242554616,False,0.00401501555575214,False,False,False,59262.25007790611,0.549612141695102,2021-02-16,False,,80,-0.0033378715318574947,combined,61004065.63730652,-0.8313470982884412,rho_Pup,1-3,0.5462742701632445,2,1.6290000530716497
99.37562616075873,1.02327242554616,False,0.0038705023205575888,False,False,False,59262.25007790611,0.5694597958449108,2021-02-16,False,,81,-0.005710010040154367,combined,59257976.23668505,-1.475263303635425,rho_Pup,1-3,0.5637497858047564,3,1.6770000001997687
99.37562616075873,1.02327242554616,False,0.003541685410572035,False,False,False,59262.25007790611,0.5881883394181866,2021-02-16,False,,82,-0.003884445037108386,combined,57609060.40298529,-1.0967786764779288,rho_Pup,1-3,0.5843038943810782,4,1.7249999473278876
99.37562616075873,1.02327242554616,False,0.0033361857443942795,False,False,False,59262.25007790611,0.6058611198159571,2021-02-16,False,,83,-0.0022768000738079275,combined,56049422.28108122,-0.6824560286049975,rho_Pup,1-3,0.6035843197421492,5,1.7730000081428443
111.6298235525999,1.02327242554616,False,0.00436402003560651,False,False,False,59262.25007790611,0.41759637444574355,2021-02-16,False,,84,-0.0094527982463955,combined,72817886.67086269,-2.166075812958946,rho_Pup,1-4,0.40814357619934805,0,1.5330000451285741
111.6298235525999,1.02327242554616,False,0.004469658893579941,False,False,False,59262.25007790611,0.44174712861311816,2021-02-16,False,,85,0.003302312837106358,combined,70607099.36706664,0.7388288269267443,rho_Pup,1-4,0.4450494414502245,1,1.580999992256693
111.6298235525999,1.02327242554616,False,0.004311323637406349,False,False,False,59262.25007790611,0.464775456580837,2021-02-16,False,,86,-0.0017816301032968496,combined,68526592.95014153,-0.4132443428368234,rho_Pup,1-4,0.46299382647754017,2,1.6290000530716497
111.6298235525999,1.02327242554616,False,0.004501616798056356,False,False,False,59262.25007790611,0.4867038749777175,2021-02-16,False,,87,0.006051068498130696,combined,66565189.945916675,1.3441989333128799,rho_Pup,1-4,0.4927549434758482,3,1.6770000001997687
111.6298235525999,1.02327242554616,False,0.0042618855319132625,False,False,True,59262.25007790611,0.5075639663731085,2021-02-16,False,,88,0.016163141954878446,combined,64712943.1658941,3.7924861739828155,rho_Pup,1-4,0.523727108327987,4,1.7249999473278876
111.6298235525999,1.02327242554616,False,0.004259567978547598,False,False,False,59262.25007790611,0.5273933736097491,2021-02-16,False,,89,0.007461665016756491,combined,62960983.10204084,1.7517422082088066,rho_Pup,1-4,0.5348550386265056,5,1.7730000081428443
47.020583533277815,1.02327242554616,False,0.0016522170652012874,False,False,True,59262.25007790611,0.8644286422955041,2021-02-16,False,,90,0.01629611526910013,combined,30672264.93743133,9.863180578585052,rho_Pup,2-3,0.8807247575646042,0,1.5330000451285741
47.020583533277815,1.02327242554616,False,0.0016613070619942891,False,False,False,59262.25007790611,0.8720787208492218,2021-02-16,False,,91,-0.000754474443081965,combined,29741039.6986539,-0.45414508873288506,rho_Pup,2-3,0.8713242464061398,1,1.580999992256693
47.020583533277815,1.02327242554616,False,0.001646095546185786,False,False,True,59262.25007790611,0.8791118056435953,2021-02-16,False,,92,0.02605954332291116,combined,28864691.222456127,15.831124373852086,rho_Pup,2-3,0.9051713489665064,2,1.6290000530716497
47.020583533277815,1.02327242554616,False,0.0014321914023042496,False,False,True,59262.25007790611,0.8855910681988608,2021-02-16,False,,93,0.02404599332245594,combined,28038511.34625915,16.789650659659312,rho_Pup,2-3,0.9096370615213167,3,1.6770000001997687
47.020583533277815,1.02327242554616,False,0.0013963378590071333,False,False,True,59262.25007790611,0.8915720331203061,2021-02-16,False,,94,0.023008320596885956,combined,27258310.126974255,16.477617109977977,rho_Pup,2-3,0.914580353717192,4,1.7249999473278876
47.020583533277815,1.02327242554616,True,0.0013814244956343665,False,True,True,59262.25007790611,0.8971035892952938,2021-02-16,False,,95,0.05037231621980576,combined,26520351.560815975,36.46403866370865,rho_Pup,2-3,0.9474759055150995,5,1.7730000081428443
130.4018737410252,1.02327242554616,False,0.004469811386296807,False,False,False,59262.25007790611,0.29235662707943877,2021-02-16,False,,96,0.008294781848784738,combined,85063189.76010747,1.8557341981395954,rho_Pup,2-4,0.3006514089282235,0,1.5330000451285741
130.4018737410252,1.02327242554616,False,0.004746647261994888,False,False,False,59262.25007790611,0.31733366482992853,2021-02-16,False,,97,0.010033244132310437,combined,82480628.95616575,2.1137538937523104,rho_Pup,2-4,0.32736690896223897,1,1.580999992256693
130.4018737410252,1.02327242554616,False,0.004733575152344895,False,False,False,59262.25007790611,0.3416042118649402,2021-02-16,False,,98,0.010576769244721063,combined,80050257.51542418,2.2344145607325143,rho_Pup,2-4,0.3521809811096613,2,1.6290000530716497
130.4018737410252,1.02327242554616,False,0.004749281458087967,False,False,False,59262.25007790611,0.36511004358826765,2021-02-16,False,,99,0.012817989912403904,combined,77759018.32170029,2.6989324649468873,rho_Pup,2-4,0.37792803350067156,3,1.6770000001997687
130.4018737410252,1.02327242554616,False,0.00465591317165238,False,False,False,59262.25007790611,0.38781396641484084,2021-02-16,False,,100,0.009790938851089115,combined,75595291.43350081,2.102904089943395,rho_Pup,2-4,0.39760490526592995,4,1.7249999473278876
130.4018737410252,1.02327242554616,False,0.004577297843186835,False,False,False,59262.25007790611,0.4096953819598227,2021-02-16,False,,101,0.010580250304829897,combined,73548715.81620388,2.3114620606518472,rho_Pup,2-4,0.4202756322646526,5,1.7730000081428443
103.36024643788934,1.02327242554616,False,0.00413603295493697,False,False,True,59262.25007790611,0.47708482686602904,2021-02-16,False,,102,-0.0269585261943992,combined,67423511.67329577,-6.5179669717622035,rho_Pup,3-4,0.45012630067162984,0,1.5330000451285741
103.36024643788934,1.02327242554616,False,0.003954488233372597,False,False,False,59262.25007790611,0.500076578749775,2021-02-16,False,,103,-0.0020820257158630784,combined,65376500.280910596,-0.5264968797460339,rho_Pup,3-4,0.4979945530339119,1,1.580999992256693
103.36024643788934,1.02327242554616,False,0.004069059289598709,False,False,False,59262.25007790611,0.5218495531744052,2021-02-16,False,,104,-0.007045124982634987,combined,63450118.520863645,-1.7313891199972609,rho_Pup,3-4,0.5148044281917702,2,1.6290000530716497
103.36024643788934,1.02327242554616,False,0.0037555436757010724,False,False,False,59262.25007790611,0.5424545359464163,2021-02-16,False,,105,-0.00469201121846019,combined,61634016.9502545,-1.2493560516465838,rho_Pup,3-4,0.5377625247279562,3,1.6770000001997687
103.36024643788934,1.02327242554616,False,0.003931412872845138,False,False,False,59262.25007790611,0.5619461216353087,2021-02-16,False,,106,-0.006219879175193177,combined,59918985.271854416,-1.582097677441823,rho_Pup,3-4,0.5557262424601155,4,1.7249999473278876
103.36024643788934,1.02327242554616,False,0.003682934162557217,False,False,False,59262.25007790611,0.5803805833153892,2021-02-16,False,,107,-0.0057340191038014465,combined,58296811.03394669,-1.5569159943440516,rho_Pup,3-4,0.5746465642115878,5,1.7730000081428443
74.45259074062027,1.02327242554616,False,0.002948619934489617,False,False,False,59262.263036065095,0.6892299469299307,2021-02-16,False,,108,-0.0024219295136457264,combined,48566593.96534842,-0.8213773112352452,rho_Pup,1-2,0.6868080174162849,0,1.5330000451285741
74.45259074062027,1.02327242554616,False,0.002759548734810817,False,False,False,59262.263036065095,0.7052136033846157,2021-02-16,False,,109,-0.005572280502480598,combined,47092087.985622235,-2.0192723658720273,rho_Pup,1-2,0.6996413228821351,1,1.580999992256693
74.45259074062027,1.02327242554616,False,0.0026454700554677133,False,False,False,59262.263036065095,0.7200721173366272,2021-02-16,False,,110,-0.0060823693056141215,combined,45704474.1037498,-2.299163920998823,rho_Pup,1-2,0.7139897480310131,2,1.6290000530716497
74.45259074062027,1.02327242554616,False,0.002599961919639296,False,False,False,59262.263036065095,0.7338995917431781,2021-02-16,False,,111,-0.00131005591810196,combined,44396297.39520052,-0.5038750407097153,rho_Pup,1-2,0.7325895358250761,3,1.6770000001997687
74.45259074062027,1.02327242554616,False,0.0026526880026325013,False,False,False,59262.263036065095,0.7467819481344111,2021-02-16,False,,112,0.006804164434952575,combined,43160923.486375235,2.565007429520618,rho_Pup,1-2,0.7535861125693637,4,1.7249999473278876
74.45259074062027,1.02327242554616,False,0.002507206813989363,False,False,True,59262.263036065095,0.7587974093621277,2021-02-16,False,,113,0.010670384548517875,combined,41992436.77308652,4.255885270006747,rho_Pup,1-2,0.7694677939106456,5,1.7730000081428443
93.72996954384547,1.02327242554616,False,0.004426091980631516,False,False,False,59262.263036065095,0.548049960360546,2021-02-16,False,,114,0.00021144292132635467,combined,61141530.84449796,0.047771922104561854,rho_Pup,1-3,0.5482614032818723,0,1.5330000451285741
93.72996954384547,1.02327242554616,False,0.004291983697398651,False,False,False,59262.263036065095,0.5691498823196111,2021-02-16,False,,115,0.005933099150042698,combined,59285243.518601716,1.3823675876585269,rho_Pup,1-3,0.5750829814696538,1,1.580999992256693
93.72996954384547,1.02327242554616,False,0.00416656756602283,False,False,False,59262.263036065095,0.5889907116018923,2021-02-16,False,,116,0.008641165648258564,combined,57538346.52559269,2.0739290822318126,rho_Pup,1-3,0.5976318772501509,2,1.6290000530716497
93.72996954384547,1.02327242554616,False,0.003992056544206814,False,False,False,59262.263036065095,0.6076477699327426,2021-02-16,False,,117,0.004877174082506985,combined,55891454.70046518,1.2217196897134723,rho_Pup,1-3,0.6125249440152496,3,1.6770000001997687
93.72996954384547,1.02327242554616,False,0.0036674212692482345,False,False,False,59262.263036065095,0.6251948407530932,2021-02-16,False,,118,0.005626621463633463,combined,54336215.88744854,1.5342173834277935,rho_Pup,1-3,0.6308214622167266,4,1.7249999473278876
93.72996954384547,1.02327242554616,False,0.0035265529489298154,False,False,False,59262.263036065095,0.6417030625745949,2021-02-16,False,,119,0.006772985854721081,combined,52865182.80506064,1.920568314953684,rho_Pup,1-3,0.6484760484293159,5,1.7730000081428443
106.9161477544393,1.02327242554616,True,0.004040075984594113,False,True,True,59262.263036065095,0.4512783179742049,2021-02-16,False,,120,-0.08465614896352597,combined,69743081.93544257,-20.954098211603554,rho_Pup,1-4,0.36662216901067896,0,1.5330000451285741
106.9161477544393,1.02327242554616,True,0.004337862335964233,False,True,True,59262.263036065095,0.47482455080109387,2021-02-16,False,,121,-0.0677156717153376,combined,67625647.23471564,-15.610378216459829,rho_Pup,1-4,0.40710887908575627,1,1.580999992256693
106.9161477544393,1.02327242554616,True,0.004134724036133122,False,True,True,59262.263036065095,0.49718646575530084,2021-02-16,False,,122,-0.06735085551303721,combined,65632992.18611917,-16.28908118763474,rho_Pup,1-4,0.42983561024226363,2,1.6290000530716497
106.9161477544393,1.02327242554616,True,0.004276909601740531,False,True,True,59262.263036065095,0.5184034359351203,2021-02-16,False,,123,-0.0545008379343247,combined,63754411.29499294,-12.743041824439084,rho_Pup,1-4,0.4639025980007956,3,1.6770000001997687
106.9161477544393,1.02327242554616,False,0.004021167721078542,False,False,True,59262.263036065095,0.5385208517362591,2021-02-16,False,,124,-0.04738754298812353,combined,61980377.4023633,-11.784522873722219,rho_Pup,1-4,0.49113330874813554,4,1.7249999473278876
106.9161477544393,1.02327242554616,False,0.004016793548893951,False,False,True,59262.263036065095,0.5575876075972008,2021-02-16,False,,125,-0.04944680100313603,combined,60302395.523635805,-12.310018028372783,rho_Pup,1-4,0.5081408065940648,5,1.7730000081428443
44.53668697856577,1.02327242554616,True,0.002233023179266551,False,True,True,59262.263036065095,0.8776224734306841,2021-02-16,False,,126,0.29088901890928853,combined,29051980.21362774,130.26690524763504,rho_Pup,2-3,1.1685114923399726,0,1.5330000451285741
44.53668697856577,1.02327242554616,True,0.0022156400591423417,False,True,True,59262.263036065095,0.8845702419636307,2021-02-16,False,,127,0.2867601849826794,combined,28169947.62599261,129.42543794486286,rho_Pup,2-3,1.17133042694631,1,1.580999992256693
44.53668697856577,1.02327242554616,True,0.002117520803208616,False,True,True,59262.263036065095,0.8909529706681826,2021-02-16,False,,128,0.28762265600759973,combined,27339892.896005247,135.82990805652238,rho_Pup,2-3,1.1785756266757823,2,1.6290000530716497
44.53668697856577,1.02327242554616,True,0.0018189674309899756,False,True,True,59262.263036065095,0.8968291519944338,2021-02-16,False,,129,0.2704578594710212,combined,26557356.57320241,148.687576733479,rho_Pup,2-3,1.167287011465455,3,1.6770000001997687
44.53668697856577,1.02327242554616,True,0.0017229178974756127,False,True,True,59262.263036065095,0.9022500936994297,2021-02-16,False,,130,0.25296838357242313,combined,25818370.051289193,146.82555909545528,rho_Pup,2-3,1.1552184772718528,4,1.7249999473278876
44.53668697856577,1.02327242554616,True,0.001676670205599732,False,True,True,59262.263036065095,0.9072608896950242,2021-02-16,False,,131,0.2549558948327856,combined,25119394.6835998,152.06084892621433,rho_Pup,2-3,1.1622167845278097,5,1.7730000081428443
129.69433433787518,1.02327242554616,False,0.0046471113295930054,False,False,True,59262.263036065095,0.2967559799692908,2021-02-16,False,,132,0.017475785130663612,combined,84601650.6979278,3.760569500320997,rho_Pup,2-4,0.31423176509995443,0,1.5330000451285741
129.69433433787518,1.02327242554616,False,0.004901728670211117,False,False,True,59262.263036065095,0.3217488647260189,2021-02-16,False,,133,0.019848396834848736,combined,82033102.44976766,4.049264692162953,rho_Pup,2-4,0.3415972615608676,1,1.580999992256693
129.69433433787518,1.02327242554616,False,0.004926757401560862,False,False,True,59262.263036065095,0.34601522390234224,2021-02-16,False,,134,0.024584350801653443,combined,79615917.81002276,4.989965772186143,rho_Pup,2-4,0.3705995747039957,2,1.6290000530716497
129.69433433787518,1.02327242554616,False,0.0049138587390150515,False,False,True,59262.263036065095,0.36950009613320084,2021-02-16,False,,135,0.025018104970918498,combined,77337110.5083039,5.091335811564905,rho_Pup,2-4,0.39451820110411934,3,1.6770000001997687
129.69433433787518,1.02327242554616,False,0.004793972454238429,False,False,True,59262.263036065095,0.39216914595954505,2021-02-16,False,,136,0.021408864687184836,combined,75185123.65103447,4.465788005990087,rho_Pup,2-4,0.4135780106467299,4,1.7249999473278876
129.69433433787518,1.02327242554616,False,0.004768189452776104,False,False,True,59262.263036065095,0.4140042579390144,2021-02-16,False,,137,0.024981767399021804,combined,73149652.4208849,5.2392564612710775,rho_Pup,2-4,0.4389860253380362,5,1.7730000081428443
103.4187200115339,1.02327242554616,False,0.0038430061022807884,False,False,True,59262.263036065095,0.4766581577579111,2021-02-16,False,,138,-0.04421842541265286,combined,67461654.90351312,-11.506207441723717,rho_Pup,3-4,0.43243973234525823,0,1.5330000451285741
103.4187200115339,1.02327242554616,False,0.003758978051717454,False,False,True,59262.263036065095,0.4996596891590382,2021-02-16,False,,139,-0.022550461188112714,combined,65413485.46366262,-5.999093604127203,rho_Pup,3-4,0.4771092279709255,1,1.580999992256693
103.4187200115339,1.02327242554616,False,0.0038225475359311436,False,False,True,59262.263036065095,0.521442924069623,2021-02-16,False,,140,-0.02613588627447072,combined,63486013.89946373,-6.8372952929424375,rho_Pup,3-4,0.4953070377951523,2,1.6290000530716497
103.4187200115339,1.02327242554616,False,0.003649625253547447,False,False,True,59262.263036065095,0.5420584703220479,2021-02-16,False,,141,-0.018864338804285175,combined,61668884.91306762,-5.168842687601687,rho_Pup,3-4,0.5231941315177627,3,1.6770000001997687
103.4187200115339,1.02327242554616,False,0.0038156332154955248,False,False,True,59262.263036065095,0.5615607800033978,2021-02-16,False,,142,-0.015990913724380773,combined,59952882.99674139,-4.190893836294504,rho_Pup,3-4,0.545569866279017,4,1.7249999473278876
103.4187200115339,1.02327242554616,False,0.00368883826911842,False,False,True,59262.263036065095,0.5800060128677246,2021-02-16,False,,143,-0.012955153748318016,combined,58329791.05277129,-3.5119874614112896,rho_Pup,3-4,0.5670508591194066,5,1.7730000081428443
87.49356200787274,1.0568578499200014,False,0.0019850508690791163,False,False,True,58816.033555051545,0.7763713005165477,2019-11-28,False,,0,0.008330272459017296,combined,57073424.28716926,4.196503267889446,zet_Tuc,1-2,0.784701572975565,0,1.5330000451285741
87.49356200787274,1.0568578499200014,False,0.0018871283550429558,False,False,False,58816.033555051545,0.7884505004917272,2019-11-28,False,,1,0.002433744221865042,combined,55340646.702335455,1.2896548426933279,zet_Tuc,1-2,0.7908842447135922,1,1.580999992256693
87.49356200787274,1.0568578499200014,False,0.001848743067206395,False,False,True,58816.033555051545,0.7996139402794006,2019-11-28,False,,2,0.017916744084850222,combined,53709981.06654109,9.691311033243746,zet_Tuc,1-2,0.8175306843642508,2,1.6290000530716497
87.49356200787274,1.0568578499200014,False,0.0017313957282396662,False,False,True,58816.033555051545,0.8099476344862518,2019-11-28,False,,3,0.012805905316340849,combined,52172666.66514626,7.3962902342151375,zet_Tuc,1-2,0.8227535398025927,3,1.6770000001997687
87.49356200787274,1.0568578499200014,False,0.0016667249428234064,False,False,True,58816.033555051545,0.8195284048868011,2019-11-28,False,,4,0.013999986629793959,combined,50720907.06055076,8.399698276596375,zet_Tuc,1-2,0.8335283915165951,4,1.7249999473278876
87.49356200787274,1.0568578499200014,False,0.0015807891957564213,False,False,True,58816.033555051545,0.8284248606362671,2019-11-28,False,,5,0.01189243341700319,combined,49347750.48282103,7.523098872973103,zet_Tuc,1-2,0.8403172940532703,5,1.7730000081428443
129.23484715243845,1.0568578499200014,False,0.003088335834859406,False,False,False,58816.033555051545,0.5672815711209748,2019-11-28,False,,6,0.00687526546356787,combined,84301919.99218069,2.226203959415204,zet_Tuc,1-3,0.5741568365845426,0,1.5330000451285741
129.23484715243845,1.0568578499200014,False,0.002790569320550344,False,False,False,58816.033555051545,0.5877780740529016,2019-11-28,False,,7,-0.0006539818782217433,combined,81742471.7175177,-0.23435428512944725,zet_Tuc,1-3,0.5871240921746799,1,1.580999992256693
129.23484715243845,1.0568578499200014,False,0.0027480725258608846,False,False,True,58816.033555051545,0.6070185231769383,2019-11-28,False,,8,0.009276025179442926,combined,79333850.79316151,3.3754659282644077,zet_Tuc,1-3,0.6162945483563812,2,1.6290000530716497
129.23484715243845,1.0568578499200014,False,0.0028320333855851197,False,False,False,58816.033555051545,0.6250830193095718,2019-11-28,False,,9,-0.0008162472134356502,combined,77063116.95709223,-0.28821948836842803,zet_Tuc,1-3,0.6242667720961361,3,1.6770000001997687
129.23484715243845,1.0568578499200014,False,0.002811546793469185,False,False,False,58816.033555051545,0.6420489034823512,2019-11-28,False,,10,-0.001404261516033456,combined,74918754.26003912,-0.499462260167731,zet_Tuc,1-3,0.6406446419663178,4,1.7249999473278876
129.23484715243845,1.0568578499200014,False,0.002649760237503762,False,False,False,58816.033555051545,0.6579899083045391,2019-11-28,False,,11,0.0014680476884461058,combined,72890494.39306402,0.5540303864734183,zet_Tuc,1-3,0.6594579559929852,5,1.7730000081428443
116.8001088238226,1.0568578499200014,False,0.0026819717143455146,False,False,False,58816.033555051545,0.6319990770425994,2019-11-28,False,,12,0.0077815981197773,combined,76190544.93506324,2.901446752087113,zet_Tuc,1-4,0.6397806751623767,0,1.5330000451285741
116.8001088238226,1.0568578499200014,False,0.0027810141351871146,False,False,False,58816.033555051545,0.6502479602653551,2019-11-28,False,,13,-0.007390173353992169,combined,73877362.04672845,-2.657366340029385,zet_Tuc,1-4,0.642857786911363,1,1.580999992256693
116.8001088238226,1.0568578499200014,False,0.002687127219784492,False,False,False,58816.033555051545,0.667285885475341,2019-11-28,False,,14,-0.0012822527242579707,combined,71700494.17959428,-0.4771834823513892,zet_Tuc,1-4,0.666003632751083,2,1.6290000530716497
116.8001088238226,1.0568578499200014,False,0.0026134965656346865,False,False,False,58816.033555051545,0.6832040355802981,2019-11-28,False,,15,-0.0016756165053636307,combined,69648246.15975496,-0.6411397387685902,zet_Tuc,1-4,0.6815284190749344,3,1.6770000001997687
116.8001088238226,1.0568578499200014,False,0.002545896203272367,False,False,True,58816.033555051545,0.6980874144748163,2019-11-28,False,,16,0.011979437616953859,combined,67710210.08131152,4.705391210197844,zet_Tuc,1-4,0.7100668520917701,4,1.7249999473278876
116.8001088238226,1.0568578499200014,False,0.00248145161607497,False,False,True,58816.033555051545,0.7120147818528811,2019-11-28,False,,17,0.015054564012097038,combined,65877105.63304883,6.0668376181799415,zet_Tuc,1-4,0.7270693458649782,5,1.7730000081428443
53.48342381008003,1.0568578499200014,False,0.0008726887412786999,False,False,True,58816.033555051545,0.9108685153201681,2019-11-28,False,,18,0.02741478768268979,combined,34888077.12696077,31.414164507863937,zet_Tuc,2-3,0.9382833030028579,0,1.5330000451285741
53.48342381008003,1.0568578499200014,False,0.0008276864311138716,False,False,True,58816.033555051545,0.9160045159874683,2019-11-28,False,,19,0.013355436938551901,combined,33828857.73056753,16.135865511989387,zet_Tuc,2-3,0.9293599529260202,1,1.580999992256693
53.48342381008003,1.0568578499200014,False,0.0007784223565235471,False,False,True,58816.033555051545,0.9207143679876337,2019-11-28,False,,20,0.023491269464409714,combined,32832057.74562834,30.17805085830562,zet_Tuc,2-3,0.9442056374520434,2,1.6290000530716497
53.48342381008003,1.0568578499200014,False,0.0007333602497390889,False,False,True,58816.033555051545,0.9250433451935292,2019-11-28,False,,21,0.007417635452877214,combined,31892321.886528887,10.11458618805181,zet_Tuc,2-3,0.9324609806464064,3,1.6770000001997687
53.48342381008003,1.0568578499200014,False,0.0006727682541123114,False,False,True,58816.033555051545,0.9290309712937337,2019-11-28,False,,22,0.018971096890509687,combined,31004884.314882774,28.198561353851673,zet_Tuc,2-3,0.9480020681842434,4,1.7249999473278876
53.48342381008003,1.0568578499200014,False,0.0006520554675257238,False,False,True,58816.033555051545,0.9327118344618958,2019-11-28,False,,23,0.02278969019920596,combined,30165495.524222843,34.95053923201234,zet_Tuc,2-3,0.9555015246611017,5,1.7730000081428443
101.05399280649192,1.0568578499200014,False,0.002452122326137531,False,False,False,58816.033555051545,0.7116974274094579,2019-11-28,False,,24,0.0066438858418848,combined,65919106.217649475,2.7094430694042657,zet_Tuc,2-4,0.7183413132513427,0,1.5330000451285741
101.05399280649192,1.0568578499200014,False,0.002063404347538676,False,False,True,58816.033555051545,0.7267217588654594,2019-11-28,False,,25,-0.006493704939318556,combined,63917769.32411564,-3.147083094529944,zet_Tuc,2-4,0.7202280539261409,1,1.580999992256693
101.05399280649192,1.0568578499200014,False,0.001991063432014862,False,False,False,58816.033555051545,0.740666606620598,2019-11-28,False,,26,0.0021604069744985965,combined,62034370.48141531,1.0850518068690391,zet_Tuc,2-4,0.7428270135950966,2,1.6290000530716497
101.05399280649192,1.0568578499200014,False,0.0018784595753343549,False,False,True,58816.033555051545,0.7536253442838715,2019-11-28,False,,27,-0.007669565792353894,combined,60258791.17140972,-4.082901699382461,zet_Tuc,2-4,0.7459557784915176,3,1.6770000001997687
101.05399280649192,1.0568578499200014,False,0.0017919821592141776,False,False,True,58816.033555051545,0.7656826758957889,2019-11-28,False,,28,-0.015448585388121994,combined,58582026.60413392,-8.620948210163279,zet_Tuc,2-4,0.7502340905076669,4,1.7249999473278876
101.05399280649192,1.0568578499200014,False,0.0017706701089639256,False,False,False,58816.033555051545,0.7769152862829533,2019-11-28,False,,29,-0.0017979685169150494,combined,56996047.570435405,-1.0154169925910688,zet_Tuc,2-4,0.7751173177660382,5,1.7730000081428443
83.08339736932815,1.0568578499200014,False,0.0016470987116786128,False,False,True,58816.033555051545,0.7963038901415102,2019-11-28,False,,30,-0.0166030819063272,combined,54196604.6467793,-10.080198465704857,zet_Tuc,3-4,0.779700808235183,0,1.5330000451285741
83.08339736932815,1.0568578499200014,False,0.001566305642459373,False,False,True,58816.033555051545,0.8074210348024004,2019-11-28,False,,31,-0.011571988698428792,combined,52551168.73892978,-7.388078280978897,zet_Tuc,3-4,0.7958490461039716,1,1.580999992256693
83.08339736932815,1.0568578499200014,False,0.0014949111771868772,False,False,True,58816.033555051545,0.8176826108623408,2019-11-28,False,,32,-0.007279839675845778,combined,51002697.767053925,-4.869747304682661,zet_Tuc,3-4,0.8104027711864951,2,1.6290000530716497
83.08339736932815,1.0568578499200014,False,0.0013986238849237446,False,False,True,58816.033555051545,0.827170742162568,2019-11-28,False,,33,-0.00709454108422547,combined,49542872.6055045,-5.072515320737766,zet_Tuc,3-4,0.8200762010783426,3,1.6770000001997687
83.08339736932815,1.0568578499200014,False,0.0013556121258556722,False,False,True,58816.033555051545,0.8359584791297731,2019-11-28,False,,34,-0.00943229238499066,combined,48164289.8007206,-6.957958109910627,zet_Tuc,3-4,0.8265261867447824,4,1.7249999473278876
83.08339736932815,1.0568578499200014,False,0.0012504040375949839,False,False,True,58816.033555051545,0.8441108299256022,2019-11-28,False,,35,-0.010707709826725087,combined,46860347.99083567,-8.563399912975491,zet_Tuc,3-4,0.8334031200988771,5,1.7730000081428443
88.09711872496186,1.0568578499200014,False,0.0023101572461070334,False,False,True,58816.04497057594,0.7735968940182698,2019-11-28,False,,36,-0.0166802889950165,combined,57467133.810536236,-7.22041281957119,zet_Tuc,1-2,0.7569166050232533,0,1.5330000451285741
88.09711872496186,1.0568578499200014,False,0.0021948413511151304,False,False,True,58816.04497057594,0.7858080339621457,2019-11-28,False,,37,-0.02267468480326562,combined,55722403.008499384,-10.33089922045861,zet_Tuc,1-2,0.7631333491588801,1,1.580999992256693
88.09711872496186,1.0568578499200014,False,0.002145905957244835,False,False,True,58816.04497057594,0.7970953918070763,2019-11-28,False,,38,-0.00915863490213309,combined,54080488.554217994,-4.267957256566833,zet_Tuc,1-2,0.7879367569049432,2,1.6290000530716497
88.09711872496186,1.0568578499200014,False,0.002013812138943251,False,False,True,58816.04497057594,0.8075454635113016,2019-11-28,False,,39,-0.01370438728856238,combined,52532569.299026534,-6.805196484590547,zet_Tuc,1-2,0.7938410762227393,3,1.6770000001997687
88.09711872496186,1.0568578499200014,False,0.0019534172815650398,False,False,True,58816.04497057594,0.8172355461779639,2019-11-28,False,,40,-0.007371952709353202,combined,51070795.02317015,-3.7738750337290647,zet_Tuc,1-2,0.8098635934686107,4,1.7249999473278876
88.09711872496186,1.0568578499200014,False,0.0018579838503981995,False,False,True,58816.04497057594,0.8262347092171825,2019-11-28,False,,41,-0.00725274646816354,combined,49688166.001330435,-3.903557324574778,zet_Tuc,1-2,0.8189819627490189,5,1.7730000081428443
129.1799529743772,1.0568578499200014,False,0.0032004168510191915,False,False,False,58816.04497057594,0.5675685127006377,2019-11-28,False,,42,0.002160918122676825,combined,84266111.65790458,0.6751989579072075,zet_Tuc,1-3,0.5697294308233145,0,1.5330000451285741
129.1799529743772,1.0568578499200014,False,0.0033209546116034824,False,False,False,58816.04497057594,0.5880558519122525,2019-11-28,False,,43,-0.007740307574255256,combined,81707750.54210334,-2.3307477757180015,zet_Tuc,1-3,0.5803155443379973,1,1.580999992256693
129.1799529743772,1.0568578499200014,False,0.003278890421171507,False,False,False,58816.04497057594,0.6072872082268271,2019-11-28,False,,44,0.0023249544849572867,combined,79300152.71073496,0.7090674546319877,zet_Tuc,1-3,0.6096121627117844,2,1.6290000530716497
129.1799529743772,1.0568578499200014,False,0.00336988788125736,False,False,False,58816.04497057594,0.6253427501437434,2019-11-28,False,,45,-0.008954387479300663,combined,77030383.39832374,-2.657176676144975,zet_Tuc,1-3,0.6163883626644427,3,1.6770000001997687
129.1799529743772,1.0568578499200014,False,0.003351917644314428,False,False,False,58816.04497057594,0.6422998686437534,2019-11-28,False,,46,-0.007811054863649636,combined,74886931.54714786,-2.330324218108062,zet_Tuc,1-3,0.6344888137801038,4,1.7249999473278876
129.1799529743772,1.0568578499200014,False,0.0031713012270163593,False,False,False,58816.04497057594,0.6582323323432085,2019-11-28,False,,47,-0.005302073330409329,combined,72859533.20986652,-1.671892056560535,zet_Tuc,1-3,0.6529302590127992,5,1.7730000081428443
115.13682547118478,1.0568578499200014,False,0.0032413934589747436,False,False,False,58816.04497057594,0.6405751823754533,2019-11-28,False,,48,-0.007374042226448996,combined,75105559.0879178,-2.274960543907994,zet_Tuc,1-4,0.6332011401490043,0,1.5330000451285741
115.13682547118478,1.0568578499200014,False,0.00340094828225951,False,False,True,58816.04497057594,0.6585002097921656,2019-11-28,False,,49,-0.013358104921548541,combined,72825316.9102426,-3.9277589110157627,zet_Tuc,1-4,0.6451421048706171,1,1.580999992256693
115.13682547118478,1.0568578499200014,False,0.0032215133780993817,False,False,True,58816.04497057594,0.6752245154498905,2019-11-28,False,,50,-0.012912681186430741,combined,70679448.56974207,-4.008265579219455,zet_Tuc,1-4,0.6623118342634597,2,1.6290000530716497
115.13682547118478,1.0568578499200014,False,0.003126500129445588,False,False,True,58816.04497057594,0.6908401221870419,2019-11-28,False,,51,-0.02076723993522811,combined,68656425.43677363,-6.642328186601002,zet_Tuc,1-4,0.6700728822518138,3,1.6770000001997687
115.13682547118478,1.0568578499200014,False,0.0030733804419866314,False,False,False,58816.04497057594,0.7054325118305187,2019-11-28,False,,52,-0.0022414969933658435,combined,66745987.8184562,-0.7293262372415376,zet_Tuc,1-4,0.7031910148371529,4,1.7249999473278876
115.13682547118478,1.0568578499200014,False,0.0029941673449207546,False,False,False,58816.04497057594,0.7190806514901456,2019-11-28,False,,53,0.0009214355716481437,combined,64938987.5591634,0.3077435111338211,zet_Tuc,1-4,0.7200020870617937,5,1.7730000081428443
52.81477908069833,1.0568578499200014,False,0.001056042883375822,False,False,True,58816.04497057594,0.9129996711138347,2019-11-28,False,,54,0.01840416970219605,combined,34451909.671189025,17.42748328871264,zet_Tuc,2-3,0.9314038408160308,0,1.5330000451285741
52.81477908069833,1.0568578499200014,False,0.0009927163470324256,False,False,False,58816.04497057594,0.918017555913334,2019-11-28,False,,55,-0.0026497680481148977,combined,33405932.53597136,-2.6692096448658025,zet_Tuc,2-3,0.9153677878652191,1,1.580999992256693
52.81477908069833,1.0568578499200014,False,0.0009406710660945551,False,False,True,58816.04497057594,0.9226185726259001,2019-11-28,False,,56,0.011982047113256789,combined,32421594.450602103,12.73776513930999,zet_Tuc,2-3,0.9346006197391569,2,1.6290000530716497
52.81477908069833,1.0568578499200014,False,0.0008864136820636987,False,False,False,58816.04497057594,0.9268470796873859,2019-11-28,False,,57,-0.0013896847217675923,combined,31493607.080743525,-1.5677609110592767,zet_Tuc,2-3,0.9254573949656183,3,1.6770000001997687
52.81477908069833,1.0568578499200014,False,0.0008310181590779262,False,False,True,58816.04497057594,0.9307417902889183,2019-11-28,False,,58,0.02420527421938079,combined,30617264.170072064,29.127250656277194,zet_Tuc,2-3,0.9549470645082991,4,1.7249999473278876
52.81477908069833,1.0568578499200014,False,0.0007938885893441317,False,False,True,58816.04497057594,0.934336574382727,2019-11-28,False,,59,0.014845913256859022,combined,29788369.339050353,18.70024768730323,zet_Tuc,2-3,0.949182487639586,5,1.7730000081428443
100.53853986569052,1.0568578499200014,False,0.002759724208730331,False,False,False,58816.04497057594,0.7142356315520427,2019-11-28,False,,60,0.002109053445335518,combined,65582868.170925766,0.7642261638549137,zet_Tuc,2-4,0.7163446849973782,0,1.5330000451285741
100.53853986569052,1.0568578499200014,False,0.0024743985104509337,False,False,True,58816.04497057594,0.729149678982569,2019-11-28,False,,61,-0.007997158007223337,combined,63591739.63194237,-3.231960403082338,zet_Tuc,2-4,0.7211525209753457,1,1.580999992256693
100.53853986569052,1.0568578499200014,False,0.0023948263600190025,False,False,False,58816.04497057594,0.74298973272919,2019-11-28,False,,62,-0.0010736243824484015,combined,61717947.56919412,-0.4483099068777089,zet_Tuc,2-4,0.7419161083467416,2,1.6290000530716497
100.53853986569052,1.0568578499200014,False,0.002282121448892368,False,False,False,58816.04497057594,0.7558490306908163,2019-11-28,False,,63,-0.003125750071542588,combined,59951425.076752596,-1.3696685919409226,zet_Tuc,2-4,0.7527232806192737,3,1.6770000001997687
100.53853986569052,1.0568578499200014,False,0.002166672239203283,False,False,True,58816.04497057594,0.7678120948257394,2019-11-28,False,,64,-0.014318802576259393,combined,58283213.29599448,-6.608661115040005,zet_Tuc,2-4,0.75349329224948,4,1.7249999473278876
100.53853986569052,1.0568578499200014,False,0.0021671852636813453,False,False,False,58816.04497057594,0.7789553989633179,2019-11-28,False,,65,0.005165408061455157,combined,56705323.97289786,2.383464001910387,zet_Tuc,2-4,0.784120807024773,5,1.7730000081428443
83.74573535124657,1.0568578499200014,False,0.0019878484989745188,False,False,False,58816.04497057594,0.7933496979017404,2019-11-28,False,,66,-0.0007201828872425153,combined,54628658.11215468,-0.36229264333476097,zet_Tuc,3-4,0.7926295150144979,0,1.5330000451285741
83.74573535124657,1.0568578499200014,False,0.00184971230696082,False,False,True,58816.04497057594,0.8046109797944014,2019-11-28,False,,67,-0.007888525599685114,combined,52970104.84592684,-4.264731098992578,zet_Tuc,3-4,0.7967224541947163,1,1.580999992256693
83.74573535124657,1.0568578499200014,False,0.0017560514791117353,False,False,True,58816.04497057594,0.8150074904131461,2019-11-28,False,,68,-0.00627467281074745,combined,51409289.516802184,-3.5731713365950823,zet_Tuc,3-4,0.8087328176023987,2,1.6290000530716497
83.74573535124657,1.0568578499200014,False,0.0016423740091427654,False,False,False,58816.04497057594,0.8246219780686503,2019-11-28,False,,69,0.0003581141019826095,combined,49937826.67935036,0.21804662031246258,zet_Tuc,3-4,0.824980092170633,3,1.6770000001997687
83.74573535124657,1.0568578499200014,False,0.0016187537114655361,False,False,True,58816.04497057594,0.8335280914947159,2019-11-28,False,,70,0.004886428117374941,combined,48548253.85993371,3.0186359313122573,zet_Tuc,3-4,0.8384145196120908,4,1.7249999473278876
83.74573535124657,1.0568578499200014,False,0.0014885636632774855,False,False,True,58816.04497057594,0.8417914050252064,2019-11-28,False,,71,0.015592003909048802,combined,47233917.07085625,10.474529436462719,zet_Tuc,3-4,0.8573834089342552,5,1.7730000081428443
88.11085957721865,1.0315375928359845,False,0.0030613754800385366,False,False,False,58814.05071088539,0.7735336050260643,2019-11-26,False,,72,0.0019202738819195098,combined,57476097.18421679,0.627258529520638,zet_Tuc,1-2,0.7754538789079838,0,1.5330000451285741
88.11085957721865,1.0315375928359845,False,0.0028879819467947715,False,False,False,58814.05071088539,0.7857477490747078,2019-11-26,False,,73,-0.004471449321364673,combined,55731094.24969109,-1.5482954546607586,zet_Tuc,1-2,0.7812762997533431,1,1.580999992256693
88.11085957721865,1.0315375928359845,False,0.002795338467574184,False,False,False,58814.05071088539,0.7970379290535451,2019-11-26,False,,74,0.008155669873435634,combined,54088923.69958885,2.917596551559349,zet_Tuc,1-2,0.8051935989269807,2,1.6290000530716497
88.11085957721865,1.0315375928359845,False,0.0026128569446535487,False,False,False,58814.05071088539,0.807490651729205,2019-11-26,False,,75,0.0035402648355875588,combined,52540763.00937546,1.354940171076599,zet_Tuc,1-2,0.8110309165647925,3,1.6770000001997687
88.11085957721865,1.0315375928359845,False,0.0025127093878776056,False,False,True,58814.05071088539,0.817183224905934,2019-11-26,False,,76,0.010037828183109276,combined,51078760.73486659,3.9948225734086447,zet_Tuc,1-2,0.8272210530890433,4,1.7249999473278876
88.11085957721865,1.0315375928359845,False,0.002362279529204492,False,False,False,58814.05071088539,0.8261847283756804,2019-11-26,False,,77,0.003406085378958479,combined,49695916.05896928,1.4418638170671922,zet_Tuc,1-2,0.8295908137546388,5,1.7730000081428443
129.17713768455442,1.0315375928359845,False,0.005186519772187354,False,False,True,58814.05071088539,0.5675832286496706,2019-11-26,False,,78,0.017205391444777507,combined,84264275.20014863,3.317328806310775,zet_Tuc,1-3,0.5847886200944481,0,1.5330000451285741
129.17713768455442,1.0315375928359845,False,0.005087408484622988,False,False,False,58814.05071088539,0.5880700976943002,2019-11-26,False,,79,0.009009597662242852,combined,81705969.84011944,1.7709601439465548,zet_Tuc,1-3,0.597079695356543,1,1.580999992256693
129.17713768455442,1.0315375928359845,False,0.00515842137594037,False,False,False,58814.05071088539,0.607300987510399,2019-11-26,False,,80,0.015133902439389058,combined,79298424.47885588,2.9338243885960513,zet_Tuc,1-3,0.622434889949788,2,1.6290000530716497
129.17713768455442,1.0315375928359845,False,0.004512934323331129,False,False,False,58814.05071088539,0.6253560700640406,2019-11-26,False,,81,0.012901679557125956,combined,77028704.63277668,2.8588228041401784,zet_Tuc,1-3,0.6382577496211665,3,1.6770000001997687
129.17713768455442,1.0315375928359845,False,0.004292764852392819,False,False,False,58814.05071088539,0.6423127388937773,2019-11-26,False,,82,0.007746394732917272,combined,74885299.49502686,1.8045234247106208,zet_Tuc,1-3,0.6500591336266945,4,1.7249999473278876
129.17713768455442,1.0315375928359845,False,0.0042510277752505895,False,False,False,58814.05071088539,0.6582447644592633,2019-11-26,False,,83,0.008811630118425007,combined,72857945.34195349,2.072823463945864,zet_Tuc,1-3,0.6670563945776883,5,1.7730000081428443
115.09434841689965,1.0315375928359845,False,0.003617252037998106,False,False,True,58814.05071088539,0.6407938319093358,2019-11-26,False,,84,0.02979507520583069,combined,75077850.63844964,8.236936462497694,zet_Tuc,1-4,0.6705889071151665,0,1.5330000451285741
115.09434841689965,1.0315375928359845,False,0.00369697344839705,False,False,True,58814.05071088539,0.6587105265782306,2019-11-26,False,,85,0.01365456649842467,combined,72798449.70309955,3.6934445672973597,zet_Tuc,1-4,0.6723650930766553,1,1.580999992256693
115.09434841689965,1.0315375928359845,False,0.003520150241357244,False,False,True,58814.05071088539,0.675426773124156,2019-11-26,False,,86,0.013276306820534933,combined,70653373.03082173,3.771517097354363,zet_Tuc,1-4,0.6887030799446909,2,1.6290000530716497
115.09434841689965,1.0315375928359845,False,0.0034360909954046803,False,False,True,58814.05071088539,0.6910346138845523,2019-11-26,False,,87,0.011847661547347843,combined,68631096.24519338,3.4480057609628303,zet_Tuc,1-4,0.7028822754319002,3,1.6770000001997687
115.09434841689965,1.0315375928359845,False,0.003317005428748763,False,False,True,58814.05071088539,0.705619541244754,2019-11-26,False,,88,0.029785127094630104,combined,66721363.43840858,8.97952316763787,zet_Tuc,1-4,0.7354046683393841,4,1.7249999473278876
115.09434841689965,1.0315375928359845,False,0.0032740382230776,False,False,True,58814.05071088539,0.7192605262227071,2019-11-26,False,,89,0.03048452703483806,combined,64915029.8298402,9.31098690906014,zet_Tuc,1-4,0.7497450532575451,5,1.7730000081428443
52.79765075779974,1.0315375928359845,False,0.001286528146678259,False,False,True,58814.05071088539,0.9130539659872481,2019-11-26,False,,90,0.025022812735760458,combined,34440736.59722009,19.449875854148942,zet_Tuc,2-3,0.9380767787230085,0,1.5330000451285741
52.79765075779974,1.0315375928359845,False,0.0011969059367171859,False,False,True,58814.05071088539,0.9180688384741115,2019-11-26,False,,91,0.004016116594180552,combined,33395098.682092495,3.355415384767626,zet_Tuc,2-3,0.922084955068292,1,1.580999992256693
52.79765075779974,1.0315375928359845,False,0.0011354698071592033,False,False,True,58814.05071088539,0.9226670799085996,2019-11-26,False,,92,0.010940294679988694,combined,32411079.82669752,9.63503794729679,zet_Tuc,2-3,0.9336073745885883,2,1.6290000530716497
52.79765075779974,1.0315375928359845,False,0.001057767628383657,False,False,True,58814.05071088539,0.9268930252961132,2019-11-26,False,,93,0.004842056591684019,combined,31483393.411753334,4.57761843126455,zet_Tuc,2-3,0.9317350818877972,3,1.6770000001997687
52.79765075779974,1.0315375928359845,False,0.0009956996434346177,False,False,True,58814.05071088539,0.9307853670915908,2019-11-26,False,,94,0.026548328833010393,combined,30607334.707218964,26.662989193641987,zet_Tuc,2-3,0.9573336959246012,4,1.7249999473278876
52.79765075779974,1.0315375928359845,False,0.00096183809296778,False,False,True,58814.05071088539,0.934377956878445,2019-11-26,False,,95,0.027469346112702908,combined,29778708.694481865,28.559220427572612,zet_Tuc,2-3,0.961847302991148,5,1.7730000081428443
100.52458076064255,1.0315375928359845,False,0.0033417981978392775,False,False,True,58814.05071088539,0.7143042927486316,2019-11-26,False,,96,-0.03152948525602173,combined,65573762.42752261,-9.434886067150284,zet_Tuc,2-4,0.6827748074926099,0,1.5330000451285741
100.52458076064255,1.0315375928359845,False,0.00310843309849352,False,False,True,58814.05071088539,0.729215350661223,2019-11-26,False,,97,-0.045487329554444234,combined,63582910.34344373,-14.633523744322934,zet_Tuc,2-4,0.6837280211067788,1,1.580999992256693
100.52458076064255,1.0315375928359845,False,0.0030544731762484653,False,False,True,58814.05071088539,0.743052564485367,2019-11-26,False,,98,-0.03584851672491063,combined,61709378.44421364,-11.736399259835746,zet_Tuc,2-4,0.7072040477604564,2,1.6290000530716497
100.52458076064255,1.0315375928359845,False,0.0029461015010837973,False,False,True,58814.05071088539,0.7559091682739958,2019-11-26,False,,99,-0.03999550644817618,combined,59943101.221626595,-13.575739475867627,zet_Tuc,2-4,0.7159136618258196,3,1.6770000001997687
100.52458076064255,1.0315375928359845,True,0.002732937143324837,False,True,True,58814.05071088539,0.7678696789139253,2019-11-26,False,,100,-0.05262325267113077,combined,58275121.06093697,-19.255200508237948,zet_Tuc,2-4,0.7152464262427946,4,1.7249999473278876
100.52458076064255,1.0315375928359845,False,0.002748313854454045,False,False,True,58814.05071088539,0.7790105644048722,2019-11-26,False,,101,-0.030460373517070427,combined,56697450.8172386,-11.083295114822834,zet_Tuc,2-4,0.7485501908878017,5,1.7730000081428443
83.76087655988042,1.0315375928359845,False,0.0027726140055769014,False,False,True,58814.05071088539,0.7932819973599472,2019-11-26,False,,102,0.014887005253083951,combined,54638534.960287824,5.369303200207413,zet_Tuc,3-4,0.8081690026130312,0,1.5330000451285741
83.76087655988042,1.0315375928359845,False,0.002599599833854511,False,False,False,58814.05071088539,0.8045465761344182,2019-11-26,False,,103,0.0077889514880211674,combined,52979681.828031845,2.996211719429231,zet_Tuc,3-4,0.8123355276224393,1,1.580999992256693
83.76087655988042,1.0315375928359845,False,0.0025133721273484983,False,False,True,58814.05071088539,0.8149461738823214,2019-11-26,False,,104,0.01772275198771589,combined,51418584.30387435,7.051383993190314,zet_Tuc,3-4,0.8326689258700373,2,1.6290000530716497
83.76087655988042,1.0315375928359845,False,0.002307677539651326,False,False,True,58814.05071088539,0.8245635530304773,2019-11-26,False,,105,0.014610976295257094,combined,49946855.42629851,6.331463579380641,zet_Tuc,3-4,0.8391745293257344,3,1.6770000001997687
83.76087655988042,1.0315375928359845,False,0.0022051155748909865,False,False,True,58814.05071088539,0.8334723758638822,2019-11-26,False,,106,0.016354724994523062,combined,48557031.372453235,7.416720094288747,zet_Tuc,3-4,0.8498271008584053,4,1.7249999473278876
83.76087655988042,1.0315375928359845,False,0.0019682800024668394,False,False,True,58814.05071088539,0.8417382295592883,2019-11-26,False,,107,0.00870405328145829,combined,47242456.95160318,4.422162126602681,zet_Tuc,3-4,0.8504422828407466,5,1.7730000081428443
88.62138620021676,1.0315375928359845,False,0.003580487460660995,False,False,False,58814.061922160574,0.771178242522914,2019-11-26,False,,108,0.0013512355694785816,combined,57809121.71648632,0.3773887171299099,zet_Tuc,1-2,0.7725294780923926,0,1.5330000451285741
88.62138620021676,1.0315375928359845,False,0.0033792848858180445,False,False,False,58814.061922160574,0.7835040068848866,2019-11-26,False,,109,-0.0067988135523637805,combined,56054007.99130939,-2.01190896360842,zet_Tuc,1-2,0.7767051933325229,1,1.580999992256693
88.62138620021676,1.0315375928359845,False,0.0032696039833795335,False,False,False,58814.061922160574,0.7948990674487052,2019-11-26,False,,110,0.005238470743094692,combined,54402322.47574939,1.6021728532640505,zet_Tuc,1-2,0.8001375381917999,2,1.6290000530716497
88.62138620021676,1.0315375928359845,False,0.0030740245105721742,False,False,False,58814.061922160574,0.8054503277646398,2019-11-26,False,,111,0.004643577156458467,combined,52845191.526332706,1.5105855989398564,zet_Tuc,1-2,0.8100939049210982,3,1.6770000001997687
88.62138620021676,1.0315375928359845,False,0.0029495414769497848,False,False,False,58814.061922160574,0.8152354893820373,2019-11-26,False,,112,0.008209276780164254,combined,51374718.206511125,2.78323829121187,zet_Tuc,1-2,0.8234447661622015,4,1.7249999473278876
88.62138620021676,1.0315375928359845,False,0.002776686826018335,False,False,False,58814.061922160574,0.824324014735239,2019-11-26,False,,113,0.0038143557665994976,combined,49983861.13547996,1.373707589512045,zet_Tuc,1-2,0.8281383705018385,5,1.7730000081428443
129.00787340992525,1.0315375928359845,False,0.006204187854743708,False,False,False,58814.061922160574,0.5684679857216042,2019-11-26,False,,114,0.007124255467292451,combined,84153861.45608707,1.1482978327042856,zet_Tuc,1-3,0.5755922411888966,0,1.5330000451285741
129.00787340992525,1.0315375928359845,False,0.005950096458340157,False,False,False,58814.061922160574,0.5889265512663666,2019-11-26,False,,115,-0.002942913708527395,combined,81598908.3123154,-0.4945993277810411,zet_Tuc,1-3,0.5859836375578392,1,1.580999992256693
129.00787340992525,1.0315375928359845,False,0.005885615784973725,False,False,False,58814.061922160574,0.6081293638415372,2019-11-26,False,,116,-0.0008735337377029362,combined,79194517.62243189,-0.14841841017436305,zet_Tuc,1-3,0.6072558301038342,2,1.6290000530716497
129.00787340992525,1.0315375928359845,False,0.005213394971181552,False,False,False,58814.061922160574,0.6261568030388852,2019-11-26,False,,117,-0.002603453852318305,combined,76927771.8512567,-0.49937782706079215,zet_Tuc,1-3,0.6235533491865669,3,1.6770000001997687
129.00787340992525,1.0315375928359845,False,0.004998808926051522,False,False,False,58814.061922160574,0.6430864154845295,2019-11-26,False,,118,-0.003103799784057504,combined,74787175.27485435,-0.6209078662482794,zet_Tuc,1-3,0.639982615700472,4,1.7249999473278876
129.00787340992525,1.0315375928359845,False,0.004897840997646418,False,False,False,58814.061922160574,0.6589920818627218,2019-11-26,False,,119,-0.003207333444194216,combined,72762477.6184048,-0.6548463794017507,zet_Tuc,1-3,0.6557847484185276,5,1.7730000081428443
113.32392815691883,1.0315375928359845,False,0.004480703376457692,False,False,True,58814.061922160574,0.6498894321706147,2019-11-26,False,,120,0.022000702900380253,combined,73922977.70442286,4.910100279339031,zet_Tuc,1-4,0.6718901350709949,0,1.5330000451285741
113.32392815691883,1.0315375928359845,False,0.004393372432004748,False,False,False,58814.061922160574,0.6674561813918873,2019-11-26,False,,121,0.009341352792942126,combined,71678639.28649496,2.126237403615599,zet_Tuc,1-4,0.6767975341848295,1,1.580999992256693
113.32392815691883,1.0315375928359845,False,0.004212647564726014,False,False,False,58814.061922160574,0.6838344194551548,2019-11-26,False,,122,0.011481446821428265,combined,69566558.91031724,2.7254705372380243,zet_Tuc,1-4,0.695315866276583,2,1.6290000530716497
113.32392815691883,1.0315375928359845,False,0.004113904331303806,False,False,True,58814.061922160574,0.6991169155663819,2019-11-26,False,,123,0.013541105551437171,combined,67575389.47132939,3.291546049916439,zet_Tuc,1-4,0.7126580211178191,3,1.6770000001997687
113.32392815691883,1.0315375928359845,False,0.003981480066901509,False,False,True,58814.061922160574,0.7133895298698817,2019-11-26,False,,124,0.030239730712089852,combined,65695032.8215739,7.595097854055864,zet_Tuc,1-4,0.7436292605819715,4,1.7249999473278876
113.32392815691883,1.0315375928359845,False,0.0039313030278698815,False,False,True,58814.061922160574,0.7267313354094417,2019-11-26,False,,125,0.036660622318439806,combined,63916484.848537415,9.32531073248348,zet_Tuc,1-4,0.7633919577278815,5,1.7730000081428443
52.081955709049886,1.0315375928359845,False,0.0014529352687391234,False,False,True,58814.061922160574,0.9153092796764318,2019-11-26,False,,126,-0.005812785355454708,combined,33973877.47935893,-4.000718738488,zet_Tuc,2-3,0.9094964943209771,0,1.5330000451285741
52.081955709049886,1.0315375928359845,False,0.0013383306650309554,False,False,True,58814.061922160574,0.92019888984924,2019-11-26,False,,127,-0.034869734018600385,combined,32942413.63955288,-26.054647726235768,zet_Tuc,2-3,0.8853291558306396,1,1.580999992256693
52.081955709049886,1.0315375928359845,False,0.0012716010218918254,False,False,True,58814.061922160574,0.9246817410883285,2019-11-26,False,,128,-0.02824837494144794,combined,31971733.586407144,-22.214809877567884,zet_Tuc,2-3,0.8964333661468805,2,1.6290000530716497
52.081955709049886,1.0315375928359845,False,0.0011984274756317581,False,False,True,58814.061922160574,0.9288011903959542,2019-11-26,False,,129,-0.023777510450659234,combined,31056622.363056496,-19.8405918874021,zet_Tuc,2-3,0.905023679945295,3,1.6770000001997687
52.081955709049886,1.0315375928359845,False,0.0011405939837485894,False,False,False,58814.061922160574,0.9325950650499811,2019-11-26,False,,130,0.00048226142018903406,combined,30192439.01411561,0.42281603012149016,zet_Tuc,2-3,0.9330773264701702,4,1.7249999473278876
52.081955709049886,1.0315375928359845,False,0.0010903957182205588,False,False,True,58814.061922160574,0.9360964505164948,2019-11-26,False,,131,-0.005501543926822783,combined,29375045.38626817,-5.045456282422748,zet_Tuc,2-3,0.930594906589672,5,1.7730000081428443
99.91248163582154,1.0315375928359845,False,0.003957792482755975,False,False,True,58814.061922160574,0.7173110294368112,2019-11-26,False,,132,-0.02290912877869855,combined,65174480.557462595,-5.788360273691251,zet_Tuc,2-4,0.6944019006581127,0,1.5330000451285741
99.91248163582154,1.0315375928359845,False,0.003687275951914242,False,False,True,58814.061922160574,0.7320908535378223,2019-11-26,False,,133,-0.039626122169159284,combined,63195750.86980748,-10.746719986766236,zet_Tuc,2-4,0.692464731368663,1,1.580999992256693
99.91248163582154,1.0315375928359845,False,0.003614216290710968,False,False,True,58814.061922160574,0.745803440389368,2019-11-26,False,,134,-0.030375079273714523,combined,61333626.99861557,-8.404333562377728,zet_Tuc,2-4,0.7154283611156534,2,1.6290000530716497
99.91248163582154,1.0315375928359845,False,0.003467702581592928,False,False,True,58814.061922160574,0.7585418465964241,2019-11-26,False,,135,-0.03529980390989762,combined,59578104.72505647,-10.179593860579088,zet_Tuc,2-4,0.7232420426865265,3,1.6770000001997687
99.91248163582154,1.0315375928359845,False,0.003217023668336464,False,False,True,58814.061922160574,0.7703903594282262,2019-11-26,False,,136,-0.049863233113697,combined,57920280.977742076,-15.49980300253168,zet_Tuc,2-4,0.7205271263145292,4,1.7249999473278876
99.91248163582154,1.0315375928359845,False,0.0032228178599367874,False,False,True,58814.061922160574,0.7814251853076823,2019-11-26,False,,137,-0.0290147498782396,combined,56352217.24588506,-9.002913332126283,zet_Tuc,2-4,0.7524104354294427,5,1.7730000081428443
84.3252943949323,1.0315375928359845,False,0.0031635200832660936,False,False,True,58814.061922160574,0.7907530490770837,2019-11-26,False,,138,-0.009575739996474097,combined,55006713.57635861,-3.0269256222289807,zet_Tuc,3-4,0.7811773090806096,0,1.5330000451285741
84.3252943949323,1.0315375928359845,False,0.002984711039460264,False,False,True,58814.061922160574,0.8021405805569114,2019-11-26,False,,139,-0.01414826218280496,combined,53336682.3579599,-4.740245201546693,zet_Tuc,3-4,0.7879923183741064,1,1.580999992256693
84.3252943949323,1.0315375928359845,False,0.002900770149223989,False,False,False,58814.061922160574,0.8126553324666598,2019-11-26,False,,140,-0.0004942979355220256,combined,51765065.468185924,-0.17040231045340137,zet_Tuc,3-4,0.8121610345311377,2,1.6290000530716497
84.3252943949323,1.0315375928359845,False,0.00270766945157053,False,False,False,58814.061922160574,0.8223805882876987,2019-11-26,False,,141,0.007671314243451688,combined,50283419.43046348,2.833179743931481,zet_Tuc,3-4,0.8300519025311504,3,1.6770000001997687
84.3252943949323,1.0315375928359845,False,0.0025958568267994836,False,False,True,58814.061922160574,0.8313905113658551,2019-11-26,False,,142,0.01139953302872121,combined,48884230.12740172,4.391433653440766,zet_Tuc,3-4,0.8427900443945763,4,1.7249999473278876
84.3252943949323,1.0315375928359845,False,0.0023770695351206027,False,False,True,58814.061922160574,0.8397511643823641,2019-11-26,False,,143,0.020371505229167752,combined,47560797.522646435,8.570008124787224,zet_Tuc,3-4,0.8601226696115318,5,1.7730000081428443
