baseline_m,c_scale,candidate_remove,e_vis2_corrected,highlighted,large_raw_residual,large_sigma_residual,mjd,model_vis2,night,oifits_flag,period,point_id,raw_residual,sequence,spatial_frequency_rad_inv,standardized_residual,star,telescope_pair,vis2_corrected,wavelength_index,wavelength_um
84.67564352684344,1.063946067343655,False,0.0,False,False,False,59672.297394721514,0.7916241805430388,2022-04-02,False,105,0,0.003183103860908476,bright,55235251.816148266,,HD124850,1-2,0.7948072844039473,0,1.5330000451285741
84.67564352684344,1.063946067343655,False,0.0,False,False,False,59672.297394721514,0.8029697159809459,2022-04-02,False,105,1,-0.0039867143529110916,bright,53558282.06297385,,HD124850,1-2,0.7989830016280348,1,1.580999992256693
84.67564352684344,1.063946067343655,False,0.0,False,False,False,59672.297394721514,0.8134450933672955,2022-04-02,False,105,2,0.007110241360617442,bright,51980135.52373966,,HD124850,1-2,0.820555334727913,2,1.6290000530716497
84.67564352684344,1.063946067343655,False,0.0,False,False,False,59672.297394721514,0.8231334277035165,2022-04-02,False,105,3,0.0008636670295172344,bright,50492333.64147684,,HD124850,1-2,0.8239970947330337,3,1.6770000001997687
84.67564352684344,1.063946067343655,False,0.0,False,False,False,59672.297394721514,0.8321087187944273,2022-04-02,False,105,4,0.012302066890185426,bright,49087331.079638764,,HD124850,1-2,0.8444107856846127,4,1.7249999473278876
84.67564352684344,1.063946067343655,False,0.0,False,False,False,59672.297394721514,0.8404368729982469,2022-04-02,False,105,5,0.004839447420469933,bright,47758399.965005204,,HD124850,1-2,0.8452763204187168,5,1.7730000081428443
124.85635349959944,1.063946067343655,False,0.0,False,False,False,59672.297394721514,0.5943275642240505,2022-04-02,False,105,6,-0.009100523148086626,bright,81445759.83305182,,HD124850,1-3,0.5852270410759639,0,1.5330000451285741
124.85635349959944,1.063946067343655,False,0.0,False,False,False,59672.297394721514,0.6139294450948053,2022-04-02,False,105,7,-0.023216581123366442,bright,78973026.00323328,,HD124850,1-3,0.5907128639714389,1,1.580999992256693
124.85635349959944,1.063946067343655,False,0.0,False,False,False,59672.297394721514,0.6322868805838786,2022-04-02,False,105,8,-0.013958715017526657,bright,76646009.47321625,,HD124850,1-3,0.618328165566352,2,1.6290000530716497
124.85635349959944,1.063946067343655,False,0.0,False,False,False,59672.297394721514,0.6494856532387787,2022-04-02,False,105,9,-0.020175317729365982,bright,74452208.3987634,,HD124850,1-3,0.6293103355094127,3,1.6770000001997687
124.85635349959944,1.063946067343655,False,0.0,False,False,False,59672.297394721514,0.6656072087604156,2022-04-02,False,105,10,-0.01472195816015498,bright,72380496.99248296,,HD124850,1-3,0.6508852506002606,4,1.7249999473278876
124.85635349959944,1.063946067343655,False,0.0,False,False,False,59672.297394721514,0.6807281537337929,2022-04-02,False,105,11,-0.011713787023461375,bright,70420954.83709677,,HD124850,1-3,0.6690143667103315,5,1.7730000081428443
132.32485092471143,1.063946067343655,False,0.0,False,False,False,59672.297394721514,0.5555615257426598,2022-04-02,False,105,12,-0.007441507178320372,bright,86317577.97085598,,HD124850,1-4,0.5481200185643395,0,1.5330000451285741
132.32485092471143,1.063946067343655,False,0.0,False,False,False,59672.297394721514,0.5764274454132635,2022-04-02,False,105,13,-0.009991037271745773,bright,83696933.3161306,,HD124850,1-4,0.5664364081415177,1,1.580999992256693
132.32485092471143,1.063946067343655,False,0.0,False,False,False,59672.297394721514,0.5960351877645265,2022-04-02,False,105,14,-0.010532657992033956,bright,81230722.29199693,,HD124850,1-4,0.5855025297724925,2,1.6290000530716497
132.32485092471143,1.063946067343655,False,0.0,False,False,False,59672.297394721514,0.6144619804465394,2022-04-02,False,105,15,-0.0043293624542164455,bright,78905695.23491266,,HD124850,1-4,0.610132617992323,3,1.6770000001997687
132.32485092471143,1.063946067343655,False,0.0,False,False,False,59672.297394721514,0.6317830301841165,2022-04-02,False,105,16,0.004492848447739006,bright,76710060.84938689,,HD124850,1-4,0.6362758786318555,4,1.7249999473278876
132.32485092471143,1.063946067343655,False,0.0,False,False,False,59672.297394721514,0.648070517623704,2022-04-02,False,105,17,0.00460145678854984,bright,74633305.31132771,,HD124850,1-4,0.6526719744122539,5,1.7730000081428443
58.21219481805919,1.063946067343655,False,0.0,False,False,False,59672.297394721514,0.896446014288462,2022-04-02,False,105,18,0.013881933219223153,bright,37972728.70476457,,HD124850,2-3,0.9103279475076852,0,1.5330000451285741
58.21219481805919,1.063946067343655,False,0.0,False,False,False,59672.297394721514,0.902375138231454,2022-04-02,False,105,19,0.005435316652951494,bright,36819857.750263534,,HD124850,2-3,0.9078104548844055,1,1.580999992256693
58.21219481805919,1.063946067343655,False,0.0,False,False,False,59672.297394721514,0.9078164977766935,2022-04-02,False,105,20,0.004673815274061077,bright,35734925.05926812,,HD124850,2-3,0.9124903130507546,2,1.6290000530716497
58.21219481805919,1.063946067343655,False,0.0,False,False,False,59672.297394721514,0.912821346545022,2022-04-02,False,105,21,-0.011012745829071302,bright,34712101.855172805,,HD124850,2-3,0.9018086007159507,3,1.6770000001997687
58.21219481805919,1.063946067343655,False,0.0,False,False,False,59672.297394721514,0.9174345190195564,2022-04-02,False,105,22,0.009124532463474666,bright,33746200.924952395,,HD124850,2-3,0.9265590514830311,4,1.7249999473278876
58.21219481805919,1.063946067343655,False,0.0,False,False,False,59672.297394721514,0.9216953224613463,2022-04-02,False,105,23,-0.0015146741673052189,bright,32832597.039316673,,HD124850,2-3,0.9201806482940411,5,1.7730000081428443
127.13290015900544,1.063946067343655,False,0.0,False,False,False,59672.297394721514,0.5825234555979338,2022-04-02,False,105,24,0.0051709201931162685,bright,82930786.96442093,,HD124850,2-4,0.5876943757910501,0,1.5330000451285741
127.13290015900544,1.063946067343655,False,0.0,False,False,False,59672.297394721514,0.6025243388396281,2022-04-02,False,105,25,0.00022193049465735193,bright,80412966.97132684,,HD124850,2-4,0.6027462693342854,1,1.580999992256693
127.13290015900544,1.063946067343655,False,0.0,False,False,False,59672.297394721514,0.6212743431659676,2022-04-02,False,105,26,-0.0015266219897516198,bright,78043521.18913876,,HD124850,2-4,0.619747721176216,2,1.6290000530716497
127.13290015900544,1.063946067343655,False,0.0,False,False,False,59672.297394721514,0.6388569659053284,2022-04-02,False,105,27,0.0010615024385515204,bright,75809719.82341146,,HD124850,2-4,0.6399184683438799,3,1.6770000001997687
127.13290015900544,1.063946067343655,False,0.0,False,False,False,59672.297394721514,0.6553520293208188,2022-04-02,False,105,28,-0.0066280644143604794,bright,73700234.2266391,,HD124850,2-4,0.6487239649064583,4,1.7249999473278876
127.13290015900544,1.063946067343655,False,0.0,False,False,False,59672.297394721514,0.6708350303121478,2022-04-02,False,105,29,0.008606562242241877,bright,71704963.0993362,,HD124850,2-4,0.6794415925543896,5,1.7730000081428443
96.63942238081718,1.063946067343655,False,0.0,False,False,False,59672.297394721514,0.7362460785224157,2022-04-02,False,105,30,-0.005491948992216611,bright,63039412.61313658,,HD124850,3-4,0.7307541295301991,0,1.5330000451285741
96.63942238081718,1.063946067343655,False,0.0,False,False,False,59672.297394721514,0.7501857476796191,2022-04-02,False,105,31,-0.007276213651492003,bright,61125504.65156908,,HD124850,3-4,0.7429095340281271,1,1.580999992256693
96.63942238081718,1.063946067343655,False,0.0,False,False,False,59672.297394721514,0.7631021897926644,2022-04-02,False,105,32,-0.008806309249381306,bright,59324382.58586515,,HD124850,3-4,0.7542958805432831,2,1.6290000530716497
96.63942238081718,1.063946067343655,False,0.0,False,False,False,59672.297394721514,0.7750869538993033,2022-04-02,False,105,33,-0.011157586722988166,bright,57626369.92802936,,HD124850,3-4,0.7639293671763151,3,1.6770000001997687
96.63942238081718,1.063946067343655,False,0.0,False,False,False,59672.297394721514,0.7862225562527269,2022-04-02,False,105,34,-0.00983703883299436,bright,56022855.264730036,,HD124850,3-4,0.7763855174197325,4,1.7249999473278876
96.63942238081718,1.063946067343655,False,0.0,False,False,False,59672.297394721514,0.7965832849025016,2022-04-02,False,105,35,-0.008298917852489596,bright,54506160.14494191,,HD124850,3-4,0.788284367050012,5,1.7730000081428443
82.8640299342775,1.063946067343655,False,0.0,False,False,False,59672.30700538548,0.7996417576108377,2022-04-02,False,105,36,-0.0021052630796507543,bright,54053507.82447473,,HD124850,1-2,0.7975364945311869,0,1.5330000451285741
82.8640299342775,1.063946067343655,False,0.0,False,False,False,59672.30700538548,0.8105956906618088,2022-04-02,False,105,37,-0.00613305579180945,bright,52412416.407414876,,HD124850,1-2,0.8044626348699994,1,1.580999992256693
82.8640299342775,1.063946067343655,False,0.0,False,False,False,59672.30700538548,0.8207045175675881,2022-04-02,False,105,38,-0.006415812733405413,bright,50868033.90707613,,HD124850,1-2,0.8142887048341827,2,1.6290000530716497
82.8640299342775,1.063946067343655,False,0.0,False,False,False,59672.30700538548,0.8300496455856472,2022-04-02,False,105,39,-0.002948794560867718,bright,49412063.163033105,,HD124850,1-2,0.8271008510247795,3,1.6770000001997687
82.8640299342775,1.063946067343655,False,0.0,False,False,False,59672.30700538548,0.8387034400791418,2022-04-02,False,105,40,0.005065122145163858,bright,48037120.26927194,,HD124850,1-2,0.8437685622243056,4,1.7249999473278876
82.8640299342775,1.063946067343655,False,0.0,False,False,False,59672.30700538548,0.8467302620466417,2022-04-02,False,105,41,0.0016495544685238839,bright,46736621.2936878,,HD124850,1-2,0.8483798165151656,5,1.7730000081428443
122.62841884907694,1.063946067343655,False,0.0,False,False,False,59672.30700538548,0.6058581368074367,2022-04-02,False,105,42,-0.0007888754450980917,bright,79992443.07836401,,HD124850,1-3,0.6050692613623386,0,1.5330000451285741
122.62841884907694,1.063946067343655,False,0.0,False,False,False,59672.30700538548,0.6250587258212377,2022-04-02,False,105,43,-0.011976675202431397,bright,77563832.66899273,,HD124850,1-3,0.6130820506188063,1,1.580999992256693
122.62841884907694,1.063946067343655,False,0.0,False,False,False,59672.30700538548,0.6430230189162812,2022-04-02,False,105,44,-0.0014448543248208878,bright,75278339.38240103,,HD124850,1-3,0.6415781645914603,2,1.6290000530716497
122.62841884907694,1.063946067343655,False,0.0,False,False,False,59672.30700538548,0.6598387610239981,2022-04-02,False,105,45,-0.009323446352922482,bright,73123684.45704778,,HD124850,1-3,0.6505153146710756,3,1.6770000001997687
122.62841884907694,1.063946067343655,False,0.0,False,False,False,59672.30700538548,0.6755887516535354,2022-04-02,False,105,46,-0.007483119144968464,bright,71088940.63390239,,HD124850,1-3,0.6681056325085669,4,1.7249999473278876
122.62841884907694,1.063946067343655,False,0.0,False,False,False,59672.30700538548,0.6903504824265867,2022-04-02,False,105,47,-0.008626269555383259,bright,69164364.51544404,,HD124850,1-3,0.6817242128712034,5,1.7730000081428443
132.41521397592217,1.063946067343655,False,0.0,False,False,False,59672.30700538548,0.5550921584555787,2022-04-02,False,105,48,-0.0003365557291405974,bright,86376523.20800577,,HD124850,1-4,0.5547556027264381,0,1.5330000451285741
132.41521397592217,1.063946067343655,False,0.0,False,False,False,59672.30700538548,0.5759725510931731,2022-04-02,False,105,49,0.0023449030703742713,bright,83754088.94652484,,HD124850,1-4,0.5783174541635474,1,1.580999992256693
132.41521397592217,1.063946067343655,False,0.0,False,False,False,59672.30700538548,0.5955947319766409,2022-04-02,False,105,50,0.0019990173044284187,bright,81286193.77650692,,HD124850,1-4,0.5975937492810693,2,1.6290000530716497
132.41521397592217,1.063946067343655,False,0.0,False,False,False,59672.30700538548,0.6140358066668027,2022-04-02,False,105,51,0.008900921916796034,bright,78959578.98637359,,HD124850,1-4,0.6229367285835987,3,1.6770000001997687
132.41521397592217,1.063946067343655,False,0.0,False,False,False,59672.30700538548,0.631370890304116,2022-04-02,False,105,52,0.017850317490280432,bright,76762445.22849989,,HD124850,1-4,0.6492212077943964,4,1.7249999473278876
132.41521397592217,1.063946067343655,False,0.0,False,False,False,59672.30700538548,0.6476720960910506,2022-04-02,False,105,53,0.020505309487228174,bright,74684271.49902977,,HD124850,1-4,0.6681774055782788,5,1.7730000081428443
58.06297959927619,1.063946067343655,False,0.0,False,False,False,59672.30700538548,0.8969523896396583,2022-04-02,False,105,54,0.019148683772106323,bright,37875393.274633855,,HD124850,2-3,0.9161010734117646,0,1.5330000451285741
58.06297959927619,1.063946067343655,False,0.0,False,False,False,59672.30700538548,0.9028538558954935,2022-04-02,False,105,55,0.007480954519273664,bright,36725477.47226618,,HD124850,2-3,0.9103348104147672,1,1.580999992256693
58.06297959927619,1.063946067343655,False,0.0,False,False,False,59672.30700538548,0.9082696850146963,2022-04-02,False,105,56,8.968081231219838e-05,bright,35643325.78737022,,HD124850,2-3,0.9083593658270085,2,1.6290000530716497
58.06297959927619,1.063946067343655,False,0.0,False,False,False,59672.30700538548,0.9132509271813563,2022-04-02,False,105,57,-0.014027784368334961,bright,34623124.3842335,,HD124850,2-3,0.8992231428130213,3,1.6770000001997687
58.06297959927619,1.063946067343655,False,0.0,False,False,False,59672.30700538548,0.9178422356864286,2022-04-02,False,105,58,0.01148559276606631,bright,33659699.34620502,,HD124850,2-3,0.929327828452495,4,1.7249999473278876
58.06297959927619,1.063946067343655,False,0.0,False,False,False,59672.30700538548,0.9220827563851802,2022-04-02,False,105,59,0.006493532505261301,bright,32748437.299836867,,HD124850,2-3,0.9285762888904415,5,1.7730000081428443
127.61887838980032,1.063946067343655,False,0.0,False,False,False,59672.30700538548,0.5800014880003471,2022-04-02,False,105,60,0.020317300299053653,bright,83247798.1950071,,HD124850,2-4,0.6003187882994008,0,1.5330000451285741
127.61887838980032,1.063946067343655,False,0.0,False,False,False,59672.30700538548,0.6000860433904455,2022-04-02,False,105,61,0.01220118450659391,bright,80720353.58307576,,HD124850,2-4,0.6122872278970394,1,1.580999992256693
127.61887838980032,1.063946067343655,False,0.0,False,False,False,59672.30700538548,0.6189185984175386,2022-04-02,False,105,62,0.016113079923397944,bright,78341850.3573168,,HD124850,2-4,0.6350316783409365,2,1.6290000530716497
127.61887838980032,1.063946067343655,False,0.0,False,False,False,59672.30700538548,0.6365821258960065,2022-04-02,False,105,63,0.012004178525553466,bright,76099510.0623721,,HD124850,2-4,0.64858630442156,3,1.6770000001997687
127.61887838980032,1.063946067343655,False,0.0,False,False,False,59672.30700538548,0.6531560699729615,2022-04-02,False,105,64,0.005852365192764997,bright,73981960.74584723,,HD124850,2-4,0.6590084351657265,4,1.7249999473278876
127.61887838980032,1.063946067343655,False,0.0,False,False,False,59672.30700538548,0.6687156635922628,2022-04-02,False,105,65,0.016132474490282767,bright,71979062.49502878,,HD124850,2-4,0.6848481380825455,5,1.7730000081428443
96.12028486521895,1.063946067343655,False,0.0,False,False,False,59672.30700538548,0.7387278735885233,2022-04-02,False,105,66,-0.016941456401351584,bright,62700771.06041915,,HD124850,3-4,0.7217864171871717,0,1.5330000451285741
96.12028486521895,1.063946067343655,False,0.0,False,False,False,59672.30700538548,0.7525555526430876,2022-04-02,False,105,67,-0.020382166167225435,bright,60797144.42504105,,HD124850,3-4,0.7321733864758622,1,1.580999992256693
96.12028486521895,1.063946067343655,False,0.0,False,False,False,59672.30700538548,0.7653661027425388,2022-04-02,False,105,68,-0.01786723839901383,bright,59005697.81073617,,HD124850,3-4,0.747498864343525,2,1.6290000530716497
96.12028486521895,1.063946067343655,False,0.0,False,False,False,59672.30700538548,0.7772508215055545,2022-04-02,False,105,69,-0.01346687856560047,bright,57316806.71065524,,HD124850,3-4,0.763783942939954,3,1.6770000001997687
96.12028486521895,1.063946067343655,False,0.0,False,False,False,59672.30700538548,0.7882919482872409,2022-04-02,False,105,70,-0.006740357791076734,bright,55721905.97113591,,HD124850,3-4,0.7815515904961642,4,1.7249999473278876
96.12028486521895,1.063946067343655,False,0.0,False,False,False,59672.30700538548,0.7985634824036784,2022-04-02,False,105,71,0.004111634568686462,bright,54213358.38904005,,HD124850,3-4,0.8026751169723648,5,1.7730000081428443
83.70780371164065,1.1088234848398608,False,0.0,False,False,False,59669.31086128335,0.80378295333074,2022-03-30,False,105,0,0.03023442435410817,faint,54603914.70805208,,HD124850,1-2,0.8340173776848482,0,1.5330000451285741
83.70780371164065,1.1088234848398608,False,0.0,False,False,False,59669.31086128335,0.8145330822868911,2022-03-30,False,105,1,0.021285326343300603,faint,52946112.66389541,,HD124850,1-2,0.8358184086301917,1,1.580999992256693
83.70780371164065,1.1088234848398608,False,0.0,False,False,False,59669.31086128335,0.8244513249127939,2022-03-30,False,105,2,0.01705849057272002,faint,51386004.28760014,,HD124850,1-2,0.841509815485514,2,1.6290000530716497
83.70780371164065,1.1088234848398608,False,0.0,False,False,False,59669.31086128335,0.8336181585523003,2022-03-30,False,105,3,0.012540908709316345,faint,49915207.931824185,,HD124850,1-2,0.8461590672616166,3,1.6770000001997687
83.70780371164065,1.1088234848398608,False,0.0,False,False,False,59669.31086128335,0.8421050650475791,2022-03-30,False,105,4,0.027223913074746364,faint,48526264.50296899,,HD124850,1-2,0.8693289781223255,4,1.7249999473278876
83.70780371164065,1.1088234848398608,False,0.0,False,False,False,59669.31086128335,0.8499755748143135,2022-03-30,False,105,5,0.016439075339449105,faint,47212523.02718355,,HD124850,1-2,0.8664146501537626,5,1.7730000081428443
123.68778457421877,1.1088234848398608,False,0.0,False,False,False,59669.31086128335,0.6140405148999984,2022-03-30,False,105,6,0.015982337958096116,faint,80683483.97461721,,HD124850,1-3,0.6300228528580946,0,1.5330000451285741
123.68778457421877,1.1088234848398608,False,0.0,False,False,False,59669.31086128335,0.6329495610467871,2022-03-30,False,105,7,0.00014308955371811205,faint,78233893.21948628,,HD124850,1-3,0.6330926506005052,1,1.580999992256693
123.68778457421877,1.1088234848398608,False,0.0,False,False,False,59669.31086128335,0.6506291982582219,2022-03-30,False,105,8,0.011841128086545805,faint,75928655.95123371,,HD124850,1-3,0.6624703263447677,2,1.6290000530716497
123.68778457421877,1.1088234848398608,False,0.0,False,False,False,59669.31086128335,0.6671684024489284,2022-03-30,False,105,9,-0.0013830386411484152,faint,73755387.3342187,,HD124850,1-3,0.66578536380778,3,1.6770000001997687
123.68778457421877,1.1088234848398608,False,0.0,False,False,False,59669.31086128335,0.6826507953564737,2022-03-30,False,105,10,-0.0027097280923830125,faint,71703065.71070765,,HD124850,1-3,0.6799410672640906,4,1.7249999473278876
123.68778457421877,1.1088234848398608,False,0.0,False,False,False,59669.31086128335,0.6971543782399018,2022-03-30,False,105,11,-0.0056485119679741125,faint,69761863.51165187,,HD124850,1-3,0.6915058662719277,5,1.7730000081428443
132.4091425108311,1.1088234848398608,False,0.0,False,False,False,59669.31086128335,0.5698240313688977,2022-03-30,False,105,12,0.021789103530590936,faint,86372562.6959951,,HD124850,1-4,0.5916131348994886,0,1.5330000451285741
132.4091425108311,1.1088234848398608,False,0.0,False,False,False,59669.31086128335,0.590240519504711,2022-03-30,False,105,13,0.014857419980004893,faint,83750248.67763123,,HD124850,1-4,0.6050979394847159,1,1.580999992256693
132.4091425108311,1.1088234848398608,False,0.0,False,False,False,59669.31086128335,0.6094013962242013,2022-03-30,False,105,14,0.01421615479737215,faint,81282466.66484745,,HD124850,1-4,0.6236175510215735,2,1.6290000530716497
132.4091425108311,1.1088234848398608,False,0.0,False,False,False,59669.31086128335,0.627387387805177,2022-03-30,False,105,15,0.005604928439211343,faint,78955958.5540001,,HD124850,1-4,0.6329923162443883,3,1.6770000001997687
132.4091425108311,1.1088234848398608,False,0.0,False,False,False,59669.31086128335,0.6442763002842313,2022-03-30,False,105,16,0.024787000682851223,faint,76758925.53848454,,HD124850,1-4,0.6690633009670826,4,1.7249999473278876
132.4091425108311,1.1088234848398608,False,0.0,False,False,False,59669.31086128335,0.6601422047525203,2022-03-30,False,105,17,0.03224938879023698,faint,74680847.09685086,,HD124850,1-4,0.6923915935427573,5,1.7730000081428443
58.14912049059338,1.1088234848398608,False,0.0,False,False,False,59669.31086128335,0.9008416716676692,2022-03-30,False,105,18,0.043713720236128184,faint,37931584.33059039,,HD124850,2-3,0.9445553919037973,0,1.5330000451285741
58.14912049059338,1.1088234848398608,False,0.0,False,False,False,59669.31086128335,0.9065302538109701,2022-03-30,False,105,19,0.009183408376028157,faint,36779962.539779834,,HD124850,2-3,0.9157136621869982,1,1.580999992256693
58.14912049059338,1.1088234848398608,False,0.0,False,False,False,59669.31086128335,0.9117496243922578,2022-03-30,False,105,20,0.002372036724134552,faint,35696205.3997157,,HD124850,2-3,0.9141216611163924,2,1.6290000530716497
58.14912049059338,1.1088234848398608,False,0.0,False,False,False,59669.31086128335,0.9165492554155138,2022-03-30,False,105,21,0.0006734485326234108,faint,34674490.44941354,,HD124850,2-3,0.9172227039481372,3,1.6770000001997687
58.14912049059338,1.1088234848398608,False,0.0,False,False,False,59669.31086128335,0.920972395825268,2022-03-30,False,105,22,0.021231844136905487,faint,33709636.09631949,,HD124850,2-3,0.9422042399621735,4,1.7249999473278876
58.14912049059338,1.1088234848398608,False,0.0,False,False,False,59669.31086128335,0.9250569414755354,2022-03-30,False,105,23,0.016635160026618467,faint,32797022.122691672,,HD124850,2-3,0.9416921015021539,5,1.7730000081428443
127.39633633714502,1.1088234848398608,False,0.0,False,False,False,59669.31086128335,0.5952752726671491,2022-03-30,False,105,24,0.012218960759283526,faint,83102630.51979242,,HD124850,2-4,0.6074942334264326,0,1.5330000451285741
127.39633633714502,1.1088234848398608,False,0.0,False,False,False,59669.31086128335,0.6148445974237152,2022-03-30,False,105,25,0.014094442492651904,faint,80579593.27077644,,HD124850,2-4,0.6289390399163671,1,1.580999992256693
127.39633633714502,1.1088234848398608,False,0.0,False,False,False,59669.31086128335,0.6331700774504756,2022-03-30,False,105,26,0.005087086180711298,faint,78205237.68364888,,HD124850,2-4,0.6382571636311869,2,1.6290000530716497
127.39633633714502,1.1088234848398608,False,0.0,False,False,False,59669.31086128335,0.650337666640067,2022-03-30,False,105,27,0.005912062863631995,faint,75966807.58614743,,HD124850,2-4,0.656249729503699,3,1.6770000001997687
127.39633633714502,1.1088234848398608,False,0.0,False,False,False,59669.31086128335,0.666428930597065,2022-03-30,False,105,28,0.0037962807777988106,faint,73852950.8563107,,HD124850,2-4,0.6702252113748638,4,1.7249999473278876
127.39633633714502,1.1088234848398608,False,0.0,False,False,False,59669.31086128335,0.6815205560424081,2022-03-30,False,105,29,0.01439765338986776,faint,71853545.26342514,,HD124850,2-4,0.6959182094322759,5,1.7730000081428443
96.347978420883,1.1088234848398608,False,0.0,False,False,False,59669.31086128335,0.7474316804980665,2022-03-30,False,105,30,-0.0135491554815238,faint,62849299.14193329,,HD124850,3-4,0.7338825250165427,0,1.5330000451285741
96.347978420883,1.1088234848398608,False,0.0,False,False,False,59669.31086128335,0.7608633674460517,2022-03-30,False,105,31,-0.02265342335416698,faint,60941163.12003107,,HD124850,3-4,0.7382099440918847,1,1.580999992256693
96.347978420883,1.1088234848398608,False,0.0,False,False,False,59669.31086128335,0.773299885120933,2022-03-30,False,105,32,-0.003947136300313847,faint,59145472.85569993,,HD124850,3-4,0.7693527488206191,2,1.6290000530716497
96.347978420883,1.1088234848398608,False,0.0,False,False,False,59669.31086128335,0.7848315550903472,2022-03-30,False,105,33,-0.004007763339561099,faint,57452581.04317577,,HD124850,3-4,0.7808237917507861,3,1.6770000001997687
96.347978420883,1.1088234848398608,False,0.0,False,False,False,59669.31086128335,0.7955395673250665,2022-03-30,False,105,34,0.0002842887495707602,faint,55853902.23931943,,HD124850,3-4,0.7958238560746372,4,1.7249999473278876
96.347978420883,1.1088234848398608,False,0.0,False,False,False,59669.31086128335,0.8054968434478805,2022-03-30,False,105,35,-0.0020500214320039456,faint,54341781.14968208,,HD124850,3-4,0.8034468220158766,5,1.7730000081428443
81.51404505943755,1.1088234848398608,False,0.0,False,False,False,59669.321728165414,0.8130751353851398,2022-03-30,False,105,36,-0.0006843420992918015,faint,53172891.49368609,,HD124850,1-2,0.812390793285848,0,1.5330000451285741
81.51404505943755,1.1088234848398608,False,0.0,False,False,False,59669.321728165414,0.8233641920457903,2022-03-30,False,105,37,-0.004277419435032459,faint,51558536.02698995,,HD124850,1-2,0.8190867726107578,1,1.580999992256693
81.51404505943755,1.1088234848398608,False,0.0,False,False,False,59669.321728165414,0.8328517152977205,2022-03-30,False,105,38,-0.011825545818106353,faint,50039313.93724285,,HD124850,1-2,0.8210261694796142,2,1.6290000530716497
81.51404505943755,1.1088234848398608,False,0.0,False,False,False,59669.321728165414,0.8416159776106094,2022-03-30,False,105,39,-0.003336420737774959,faint,48607063.2377623,,HD124850,1-2,0.8382795568728344,3,1.6770000001997687
81.51404505943755,1.1088234848398608,False,0.0,False,False,False,59669.321728165414,0.8497263812592164,2022-03-30,False,105,40,0.008631188888796437,faint,47254520.317932144,,HD124850,1-2,0.8583575701480128,4,1.7249999473278876
81.51404505943755,1.1088234848398608,False,0.0,False,False,False,59669.321728165414,0.8572445130676768,2022-03-30,False,105,41,0.0017154531881259372,faint,45975208.50821691,,HD124850,1-2,0.8589599662558027,5,1.7730000081428443
120.86528592859366,1.1088234848398608,False,0.0,False,False,False,59669.321728165414,0.6282634270483852,2022-03-30,False,105,42,-0.0009406114217255235,faint,78842323.79031442,,HD124850,1-3,0.6273228156266597,0,1.5330000451285741
120.86528592859366,1.1088234848398608,False,0.0,False,False,False,59669.321728165414,0.6466525989995616,2022-03-30,False,105,43,-0.008552338550334548,faint,76448631.57530606,,HD124850,1-3,0.6381002604492271,1,1.580999992256693
120.86528592859366,1.1088234848398608,False,0.0,False,False,False,59669.321728165414,0.6638264849858962,2022-03-30,False,105,44,-0.007363596682796403,faint,74195998.76666029,,HD124850,1-3,0.6564628883030998,2,1.6290000530716497
120.86528592859366,1.1088234848398608,False,0.0,False,False,False,59669.321728165414,0.6798758820034619,2022-03-30,False,105,45,-0.016245493239755215,faint,72072323.14501841,,HD124850,1-3,0.6636303887637067,3,1.6770000001997687
120.86528592859366,1.1088234848398608,False,0.0,False,False,False,59669.321728165414,0.6948855688066501,2022-03-30,False,105,46,-0.020154728651189835,faint,70066834.56183295,,HD124850,1-3,0.6747308401554603,4,1.7249999473278876
120.86528592859366,1.1088234848398608,False,0.0,False,False,False,59669.321728165414,0.7089342004017891,2022-03-30,False,105,47,-0.025053351508209754,faint,68169929.7086839,,HD124850,1-3,0.6838808488935794,5,1.7730000081428443
132.31376894350328,1.1088234848398608,False,0.0,False,False,False,59669.321728165414,0.5703087714860035,2022-03-30,False,105,48,0.006664439262487609,faint,86310349.020509,,HD124850,1-4,0.5769732107484911,0,1.5330000451285741
132.31376894350328,1.1088234848398608,False,0.0,False,False,False,59669.321728165414,0.5907096600037302,2022-03-30,False,105,49,0.00030417376367986027,faint,83689923.84031628,,HD124850,1-4,0.59101383376741,1,1.580999992256693
132.31376894350328,1.1088234848398608,False,0.0,False,False,False,59669.321728165414,0.6098550756791495,2022-03-30,False,105,50,-0.0037513399355713073,faint,81223919.35716137,,HD124850,1-4,0.6061037357435782,2,1.6290000530716497
132.31376894350328,1.1088234848398608,False,0.0,False,False,False,59669.321728165414,0.6278258565114991,2022-03-30,False,105,51,-0.006846377398402437,faint,78899087.01713876,,HD124850,1-4,0.6209794791130967,3,1.6770000001997687
132.31376894350328,1.1088234848398608,False,0.0,False,False,False,59669.321728165414,0.6446998906444171,2022-03-30,False,105,52,0.008435940559512134,faint,76703636.51225846,,HD124850,1-4,0.6531358312039293,4,1.7249999473278876
132.31376894350328,1.1088234848398608,False,0.0,False,False,False,59669.321728165414,0.6605513080299035,2022-03-30,False,105,53,0.02117293500370898,faint,74627054.89894348,,HD124850,1-4,0.6817242430336125,5,1.7730000081428443
57.873820842652556,1.1088234848398608,False,0.0,False,False,False,59669.321728165414,0.9017382929608126,2022-03-30,False,105,54,0.03269803666392812,faint,37752002.047592,,HD124850,2-3,0.9344363296247408,0,1.5330000451285741
57.873820842652556,1.1088234848398608,False,0.0,False,False,False,59669.321728165414,0.9073776834461479,2022-03-30,False,105,55,0.0005058846216511315,faint,36605832.46432812,,HD124850,2-3,0.907883568067799,1,1.580999992256693
57.873820842652556,1.1088234848398608,False,0.0,False,False,False,59669.321728165414,0.9125516708340883,2022-03-30,False,105,56,-0.0035599759540337894,faint,35527206.23521493,,HD124850,2-3,0.9089916948800545,2,1.6290000530716497
57.873820842652556,1.1088234848398608,False,0.0,False,False,False,59669.321728165414,0.9173093593730992,2022-03-30,False,105,57,-0.004246446800255432,faint,34510328.46497226,,HD124850,2-3,0.9130629125728438,3,1.6770000001997687
57.873820842652556,1.1088234848398608,False,0.0,False,False,False,59669.321728165414,0.9216936710757315,2022-03-30,False,105,58,0.011959700805023288,faint,33550042.092640083,,HD124850,2-3,0.9336533718807548,4,1.7249999473278876
57.873820842652556,1.1088234848398608,False,0.0,False,False,False,59669.321728165414,0.9257422110419368,2022-03-30,False,105,59,0.019180379760430633,faint,32641748.774312396,,HD124850,2-3,0.9449225908023674,5,1.7730000081428443
127.96160442388023,1.1088234848398608,False,0.0,False,False,False,59669.321728165414,0.592409115031584,2022-03-30,False,105,60,0.002901579428560064,faint,83471363.76838656,,HD124850,2-4,0.5953106944601441,0,1.5330000451285741
127.96160442388023,1.1088234848398608,False,0.0,False,False,False,59669.321728165414,0.6120766635177147,2022-03-30,False,105,61,0.0037536268776072745,faint,80937131.59430821,,HD124850,2-4,0.615830290395322,1,1.580999992256693
127.96160442388023,1.1088234848398608,False,0.0,False,False,False,59669.321728165414,0.6304985888437048,2022-03-30,False,105,62,-0.0011130994542246642,faint,78552240.79495594,,HD124850,2-4,0.6293854893894801,2,1.6290000530716497
127.96160442388023,1.1088234848398608,False,0.0,False,False,False,59669.321728165414,0.6477603211869979,2022-03-30,False,105,63,-0.0012176429136387945,faint,76303878.59787543,,HD124850,2-4,0.6465426782733591,3,1.6770000001997687
127.96160442388023,1.1088234848398608,False,0.0,False,False,False,59669.321728165414,0.6639430587852437,2022-03-30,False,105,64,-0.004200411525246861,faint,74180642.5108008,,HD124850,2-4,0.6597426472599969,4,1.7249999473278876
127.96160442388023,1.1088234848398608,False,0.0,False,False,False,59669.321728165414,0.6791232419379557,2022-03-30,False,105,65,0.005024535707039868,faint,72172365.38984315,,HD124850,2-4,0.6841477776449956,5,1.7730000081428443
95.79969816330193,1.1088234848398608,False,0.0,False,False,False,59669.321728165414,0.7499655236932237,2022-03-30,False,105,66,-0.022888059814261896,faint,62491647.321032606,,HD124850,3-4,0.7270774638789618,0,1.5330000451285741
95.79969816330193,1.1088234848398608,False,0.0,False,False,False,59669.321728165414,0.7632809900708787,2022-03-30,False,105,67,-0.032821641478008146,faint,60594369.78652924,,HD124850,3-4,0.7304593485928705,1,1.580999992256693
95.79969816330193,1.1088234848398608,False,0.0,False,False,False,59669.321728165414,0.7756078469564495,2022-03-30,False,105,68,-0.0164155425683975,faint,58808898.12290773,,HD124850,3-4,0.759192304388052,2,1.6290000530716497
95.79969816330193,1.1088234848398608,False,0.0,False,False,False,59669.321728165414,0.7870361042281797,2022-03-30,False,105,69,-0.014584603741642055,faint,57125639.92360764,,HD124850,3-4,0.7724515004865377,3,1.6770000001997687
95.79969816330193,1.1088234848398608,False,0.0,False,False,False,59669.321728165414,0.7976466235180024,2022-03-30,False,105,70,-0.0017290157176937937,faint,55536058.602030985,,HD124850,3-4,0.7959176078003086,4,1.7249999473278876
95.79969816330193,1.1088234848398608,False,0.0,False,False,False,59669.321728165414,0.8075119937345505,2022-03-30,False,105,71,0.005818779255015838,faint,54032542.42714233,,HD124850,3-4,0.8133307729895664,5,1.7730000081428443
86.37387473579001,1.0678857171548,False,0.0,False,False,False,59669.34091583225,0.810586505998439,2022-03-30,False,105,0,0.003593475463572249,bright,56343034.69870137,,HD141004,1-2,0.8141799814620112,0,1.5330000451285741
86.37387473579001,1.0678857171548,False,0.0,False,False,False,59669.34091583225,0.8209978966086856,2022-03-30,False,105,1,0.0019454962598081105,bright,54632432.1055191,,HD141004,1-2,0.8229433928684937,1,1.580999992256693
86.37387473579001,1.0678857171548,False,0.0,False,False,False,59669.34091583225,0.8305998355080536,2022-03-30,False,105,2,0.004694062119546039,bright,53022634.69723224,,HD141004,1-2,0.8352938976275996,2,1.6290000530716497
86.37387473579001,1.0678857171548,False,0.0,False,False,False,59669.34091583225,0.8394711494742811,2022-03-30,False,105,3,0.0017099813672336595,bright,51504993.87328618,,HD141004,1-2,0.8411811308415148,3,1.6770000001997687
86.37387473579001,1.0678857171548,False,0.0,False,False,False,59669.34091583225,0.8476817680290376,2022-03-30,False,105,4,0.007025611431509593,bright,50071812.96995836,,HD141004,1-2,0.8547073794605472,4,1.7249999473278876
86.37387473579001,1.0678857171548,False,0.0,False,False,False,59669.34091583225,0.855293774092372,2022-03-30,False,105,5,-0.002067257137059575,bright,48716229.18167024,,HD141004,1-2,0.8532265169553124,5,1.7730000081428443
128.58059478291946,1.0678857171548,False,0.0,False,False,False,59669.34091583225,0.6214789063713843,2022-03-30,False,105,6,-0.0012811257874628668,bright,83875140.89873056,,HD141004,1-3,0.6201977805839214,0,1.5330000451285741
128.58059478291946,1.0678857171548,False,0.0,False,False,False,59669.34091583225,0.6401110465799759,2022-03-30,False,105,7,-0.0012556580213407553,bright,81328649.84988752,,HD141004,1-3,0.6388553885586351,1,1.580999992256693
128.58059478291946,1.0678857171548,False,0.0,False,False,False,59669.34091583225,0.6575219854738464,2022-03-30,False,105,8,0.005792519614770897,bright,78932222.58677483,,HD141004,1-3,0.6633145050886173,2,1.6290000530716497
128.58059478291946,1.0678857171548,False,0.0,False,False,False,59669.34091583225,0.6738015305265599,2022-03-30,False,105,9,-0.003022213895037762,bright,76672984.35754478,,HD141004,1-3,0.6707793166315221,3,1.6770000001997687
128.58059478291946,1.0678857171548,False,0.0,False,False,False,59669.34091583225,0.689033805098962,2022-03-30,False,105,10,-0.0012690971904790738,bright,74539477.51250504,,HD141004,1-3,0.6877647079084829,4,1.7249999473278876
128.58059478291946,1.0678857171548,False,0.0,False,False,False,59669.34091583225,0.7032970639385374,2022-03-30,False,105,11,-0.003553858811725763,bright,72521485.72610733,,HD141004,1-3,0.6997432051268117,5,1.7730000081428443
125.7483780171471,1.0678857171548,False,0.0,False,False,False,59669.34091583225,0.6350087765343668,2022-03-30,False,105,12,0.0035127673647895596,bright,82027641.43206562,,HD141004,1-4,0.6385215438991564,0,1.5330000451285741
125.7483780171471,1.0678857171548,False,0.0,False,False,False,59669.34091583225,0.6531391370908478,2022-03-30,False,105,13,-0.005003614158372471,bright,79537241.38711472,,HD141004,1-4,0.6481355229324753,1,1.580999992256693
125.7483780171471,1.0678857171548,False,0.0,False,False,False,59669.34091583225,0.6700629375878343,2022-03-30,False,105,14,-0.005389838577251949,bright,77193599.70555888,,HD141004,1-4,0.6646730990105824,2,1.6290000530716497
125.7483780171471,1.0678857171548,False,0.0,False,False,False,59669.34091583225,0.6858715352193434,2022-03-30,False,105,15,-0.011457943850204155,bright,74984125.22490616,,HD141004,1-4,0.6744135913691393,3,1.6770000001997687
125.7483780171471,1.0678857171548,False,0.0,False,False,False,59669.34091583225,0.700649998918718,2022-03-30,False,105,16,0.005086431544099046,bright,72897612.67061934,,HD141004,1-4,0.7057364304628171,4,1.7249999473278876
125.7483780171471,1.0678857171548,False,0.0,False,False,False,59669.34091583225,0.7144770737890274,2022-03-30,False,105,17,0.006390565049034569,bright,70924070.74992862,,HD141004,1-4,0.7208676388380619,5,1.7730000081428443
56.506809147515,1.0678857171548,False,0.0,False,False,False,59669.34091583225,0.9148444240990238,2022-03-30,False,105,18,0.015287886936025119,bright,36860278.8545748,,HD141004,2-3,0.9301323110350489,0,1.5330000451285741
56.506809147515,1.0678857171548,False,0.0,False,False,False,59669.34091583225,0.9197596003648223,2022-03-30,False,105,19,0.0026923768407877136,bright,35741182.43154329,,HD141004,2-3,0.92245197720561,1,1.580999992256693
56.506809147515,1.0678857171548,False,0.0,False,False,False,59669.34091583225,0.9242660313391687,2022-03-30,False,105,20,0.0074892947504868745,bright,34688033.951236226,,HD141004,2-3,0.9317553260896556,2,1.6290000530716497
56.506809147515,1.0678857171548,False,0.0,False,False,False,59669.34091583225,0.9284072668077199,2022-03-30,False,105,21,-0.01135064136715691,bright,33695175.3970088,,HD141004,2-3,0.917056625440563,3,1.6770000001997687
56.506809147515,1.0678857171548,False,0.0,False,False,False,59669.34091583225,0.9322213052666763,2022-03-30,False,105,22,0.012319711411295842,bright,32757571.520536516,,HD141004,2-3,0.9445410166779722,4,1.7249999473278876
56.506809147515,1.0678857171548,False,0.0,False,False,False,59669.34091583225,0.9357413843246467,2022-03-30,False,105,23,0.007757827320185373,bright,31870732.593342688,,HD141004,2-3,0.9434992116448321,5,1.7730000081428443
113.28577385205384,1.0678857171548,False,0.0,False,False,False,59669.34091583225,0.6935831964453953,2022-03-30,False,105,24,0.002748487201261418,bright,73898089.05227557,,HD141004,2-4,0.6963316836466568,0,1.5330000451285741
113.28577385205384,1.0678857171548,False,0.0,False,False,False,59669.34091583225,0.709377629881389,2022-03-30,False,105,25,-0.0034433167958176636,bright,71654506.2662218,,HD141004,2-4,0.7059343130855713,1,1.580999992256693
113.28577385205384,1.0678857171548,False,0.0,False,False,False,59669.34091583225,0.7240563396715222,2022-03-30,False,105,26,-0.006811643108395882,bright,69543136.99280837,,HD141004,2-4,0.7172446965631263,2,1.6290000530716497
113.28577385205384,1.0678857171548,False,0.0,False,False,False,59669.34091583225,0.7377131978611533,2022-03-30,False,105,27,-0.014241881979109139,bright,67552637.94785863,,HD141004,2-4,0.7234713158820442,3,1.6770000001997687
113.28577385205384,1.0678857171548,False,0.0,False,False,False,59669.34091583225,0.7504338146751419,2022-03-30,False,105,28,-0.015000252216042287,bright,65672914.38329563,,HD141004,2-4,0.7354335624590996,4,1.7249999473278876
113.28577385205384,1.0678857171548,False,0.0,False,False,False,59669.34091583225,0.7622960514994749,2022-03-30,False,105,29,-0.004348460553787681,bright,63894965.21814274,,HD141004,2-4,0.7579475909456872,5,1.7730000081428443
88.56769264141299,1.0678857171548,False,0.0,False,False,False,59669.34091583225,0.8017183084156436,2022-03-30,False,105,30,-0.026771954659474684,bright,57774096.565003514,,HD141004,3-4,0.7749463537561689,0,1.5330000451285741
88.56769264141299,1.0678857171548,False,0.0,False,False,False,59669.34091583225,0.8125683535010387,2022-03-30,False,105,31,-0.02340310674383206,bright,56020046.22086869,,HD141004,3-4,0.7891652467572067,1,1.580999992256693
88.56769264141299,1.0678857171548,False,0.0,False,False,False,59669.34091583225,0.822580230297284,2022-03-30,False,105,32,-0.019250764799466302,bright,54369361.421695076,,HD141004,3-4,0.8033294654978177,2,1.6290000530716497
88.56769264141299,1.0678857171548,False,0.0,False,False,False,59669.34091583225,0.8318348269941856,2022-03-30,False,105,33,-0.01896067736675655,bright,52813173.90033546,,HD141004,3-4,0.8128741496274291,3,1.6770000001997687
88.56769264141299,1.0678857171548,False,0.0,False,False,False,59669.34091583225,0.8404040225619772,2022-03-30,False,105,34,-0.02409693143805336,bright,51343591.50480487,,HD141004,3-4,0.8163070911239239,4,1.7249999473278876
88.56769264141299,1.0678857171548,False,0.0,False,False,False,59669.34091583225,0.8483517257930541,2022-03-30,False,105,35,-0.020164700579090034,bright,49953577.12050129,,HD141004,3-4,0.828187025213964,5,1.7730000081428443
84.79062895972501,1.0678857171548,False,0.0,False,False,False,59669.350255195866,0.8168975488024647,2022-03-30,False,105,36,-0.0036600113128786305,bright,55310258.61947287,,HD141004,1-2,0.813237537489586,0,1.5330000451285741
84.79062895972501,1.0678857171548,False,0.0,False,False,False,59669.350255195866,0.8269938916980296,2022-03-30,False,105,37,-0.008267737042014445,bright,53631011.622394934,,HD141004,1-2,0.8187261546560152,1,1.580999992256693
84.79062895972501,1.0678857171548,False,0.0,False,False,False,59669.350255195866,0.8363017469989723,2022-03-30,False,105,38,-0.004444606004601281,bright,52050722.036407195,,HD141004,1-2,0.831857140994371,2,1.6290000530716497
84.79062895972501,1.0678857171548,False,0.0,False,False,False,59669.350255195866,0.8448983837368527,2022-03-30,False,105,39,-0.001635166477854444,bright,50560899.79107008,,HD141004,1-2,0.8432632172589982,3,1.6770000001997687
84.79062895972501,1.0678857171548,False,0.0,False,False,False,59669.350255195866,0.8528522696785555,2022-03-30,False,105,40,0.005169505585576495,bright,49153989.30363447,,HD141004,1-2,0.858021775264132,4,1.7249999473278876
84.79062895972501,1.0678857171548,False,0.0,False,False,False,59669.350255195866,0.8602241271440586,2022-03-30,False,105,41,0.001416002741381872,bright,47823253.56475336,,HD141004,1-2,0.8616401298854405,5,1.7730000081428443
127.60546106655111,1.0678857171548,False,0.0,False,False,False,59669.350255195866,0.6261439827442881,2022-03-30,False,105,42,0.0029108339263628213,bright,83239045.86437812,,HD141004,1-3,0.6290548166706509,0,1.5330000451285741
127.60546106655111,1.0678857171548,False,0.0,False,False,False,59669.350255195866,0.6446047772876738,2022-03-30,False,105,43,0.004295220945595868,bright,80711866.97756349,,HD141004,1-3,0.6488999982332697,1,1.580999992256693
127.60546106655111,1.0678857171548,False,0.0,False,False,False,59669.350255195866,0.6618491430865856,2022-03-30,False,105,44,0.006218360596955352,bright,78333613.81783733,,HD141004,1-3,0.668067503683541,2,1.6290000530716497
127.60546106655111,1.0678857171548,False,0.0,False,False,False,59669.350255195866,0.6779674632125475,2022-03-30,False,105,45,-0.0004297783785487397,bright,76091509.2733157,,HD141004,1-3,0.6775376848339988,3,1.6770000001997687
127.60546106655111,1.0678857171548,False,0.0,False,False,False,59669.350255195866,0.693044222201031,2022-03-30,False,105,46,0.0004363595647669527,bright,73974182.5872044,,HD141004,1-3,0.693480581765798,4,1.7249999473278876
127.60546106655111,1.0678857171548,False,0.0,False,False,False,59669.350255195866,0.7071578737663458,2022-03-30,False,105,47,-0.004818952172669033,bright,71971494.91285868,,HD141004,1-3,0.7023389215936767,5,1.7730000081428443
127.50537216929702,1.0678857171548,False,0.0,False,False,False,59669.350255195866,0.6266224289142492,2022-03-30,False,105,48,0.005100309607599662,bright,83173756.30514285,,HD141004,1-4,0.6317227385218489,0,1.5330000451285741
127.50537216929702,1.0678857171548,False,0.0,False,False,False,59669.350255195866,0.6450655506799189,2022-03-30,False,105,49,0.0019461013781456593,bright,80648559.64186184,,HD141004,1-4,0.6470116520580645,1,1.580999992256693
127.50537216929702,1.0678857171548,False,0.0,False,False,False,59669.350255195866,0.6622927496316551,2022-03-30,False,105,50,0.0034703362549106664,bright,78272171.89396177,,HD141004,1-4,0.6657630858865657,2,1.6290000530716497
127.50537216929702,1.0678857171548,False,0.0,False,False,False,59669.350255195866,0.6783944654175378,2022-03-30,False,105,51,0.001418634494880333,bright,76031825.971442,,HD141004,1-4,0.6798130999124181,3,1.6770000001997687
127.50537216929702,1.0678857171548,False,0.0,False,False,False,59669.350255195866,0.6934552175209587,2022-03-30,False,105,52,0.014260622685731916,bright,73916160.03629988,,HD141004,1-4,0.7077158402066906,4,1.7249999473278876
127.50537216929702,1.0678857171548,False,0.0,False,False,False,59669.350255195866,0.707553478279867,2022-03-30,False,105,53,0.017623264308079367,bright,71915043.1944185,,HD141004,1-4,0.7251767425879464,5,1.7730000081428443
57.141131506434924,1.0678857171548,False,0.0,False,False,False,59669.350255195866,0.9129944312050461,2022-03-30,False,105,54,0.017467643215571482,bright,37274057.28917799,,HD141004,2-3,0.9304620744206176,0,1.5330000451285741
57.141131506434924,1.0678857171548,False,0.0,False,False,False,59669.350255195866,0.9180123203295526,2022-03-30,False,105,55,0.0002836733041166051,bright,36142398.34680367,,HD141004,2-3,0.9182959936336692,1,1.580999992256693
57.141131506434924,1.0678857171548,False,0.0,False,False,False,59669.350255195866,0.9226133734065776,2022-03-30,False,105,56,0.007766893069309,bright,35077427.651821956,,HD141004,2-3,0.9303802664758866,2,1.6290000530716497
57.141131506434924,1.0678857171548,False,0.0,False,False,False,59669.350255195866,0.9268419411675682,2022-03-30,False,105,57,-0.008830496668352783,bright,34073423.67300425,,HD141004,2-3,0.9180114444992155,3,1.6770000001997687
57.141131506434924,1.0678857171548,False,0.0,False,False,False,59669.350255195866,0.9307367307516786,2022-03-30,False,105,58,0.02378376455055753,bright,33125294.638385024,,HD141004,2-3,0.9545204953022361,4,1.7249999473278876
57.141131506434924,1.0678857171548,False,0.0,False,False,False,59669.350255195866,0.9343316073496001,2022-03-30,False,105,59,0.008607297516315615,bright,32228500.41962959,,HD141004,2-3,0.9429389048659157,5,1.7730000081428443
113.96966237477874,1.0678857171548,False,0.0,False,False,False,59669.350255195866,0.6904204417698686,2022-03-30,False,105,60,0.008881358010843554,bright,74344200.27379712,,HD141004,2-4,0.6993017997807122,0,1.5330000451285741
113.96966237477874,1.0678857171548,False,0.0,False,False,False,59669.350255195866,0.7063475247828431,2022-03-30,False,105,61,0.0058016007579205775,bright,72087073.32888746,,HD141004,2-4,0.7121491255407637,1,1.580999992256693
113.96966237477874,1.0678857171548,False,0.0,False,False,False,59669.350255195866,0.721152869208698,2022-03-30,False,105,62,0.005625507792781814,bright,69962958.04894361,,HD141004,2-4,0.7267783770014798,2,1.6290000530716497
113.96966237477874,1.0678857171548,False,0.0,False,False,False,59669.350255195866,0.7349303844384341,2022-03-30,False,105,63,-0.0036644100386364897,bright,67960442.67215407,,HD141004,2-4,0.7312659743997976,3,1.6770000001997687
113.96966237477874,1.0678857171548,False,0.0,False,False,False,59669.350255195866,0.7477657972914397,2022-03-30,False,105,64,-0.003416103549932936,bright,66069371.510024406,,HD141004,2-4,0.7443496937415067,4,1.7249999473278876
113.96966237477874,1.0678857171548,False,0.0,False,False,False,59669.350255195866,0.7597371396848186,2022-03-30,False,105,65,0.005703443851408974,bright,64280689.14345803,,HD141004,2-4,0.7654405835362276,5,1.7730000081428443
87.49209288867335,1.0678857171548,False,0.0,False,False,False,59669.350255195866,0.8060838881231064,2022-03-30,False,105,66,-0.010913749615672708,bright,57072465.95764797,,HD141004,3-4,0.7951701385074337,0,1.5330000451285741
87.49209288867335,1.0678857171548,False,0.0,False,False,False,59669.350255195866,0.8167185891028015,2022-03-30,False,105,67,-0.010539709870467373,bright,55339717.468175694,,HD141004,3-4,0.8061788792323341,1,1.580999992256693
87.49209288867335,1.0678857171548,False,0.0,False,False,False,59669.350255195866,0.826529149499144,2022-03-30,False,105,68,-0.0064693870790677455,bright,53709079.21316385,,HD141004,3-4,0.8200597624200763,2,1.6290000530716497
87.49209288867335,1.0678857171548,False,0.0,False,False,False,59669.350255195866,0.8355954613665707,2022-03-30,False,105,69,0.001131738002412952,bright,52171790.62507517,,HD141004,3-4,0.8367271993689837,3,1.6770000001997687
87.49209288867335,1.0678857171548,False,0.0,False,False,False,59669.350255195866,0.8439884593141177,2022-03-30,False,105,70,-0.00205015631562655,bright,50720055.39722076,,HD141004,3-4,0.8419383029984912,4,1.7249999473278876
87.49209288867335,1.0678857171548,False,0.0,False,False,False,59669.350255195866,0.8517711658970034,2022-03-30,False,105,71,0.009160219100582956,bright,49346921.876395404,,HD141004,3-4,0.8609313849975864,5,1.7730000081428443
88.78456753581281,1.052263354545149,False,0.0,False,False,False,59671.3167677435,0.8062567676472465,2022-04-01,False,105,0,0.002035588981072478,faint,57915567.46390465,,HD141004,1-2,0.808292356628319,0,1.5330000451285741
88.78456753581281,1.052263354545149,False,0.0,False,False,False,59671.3167677435,0.816882917118232,2022-04-01,False,105,1,0.0006174072881579562,faint,56157221.99282443,,HD141004,1-2,0.81750032440639,1,1.580999992256693
88.78456753581281,1.052263354545149,False,0.0,False,False,False,59671.3167677435,0.8266854858563617,2022-04-01,False,105,2,0.007572932473759897,faint,54502495.176964685,,HD141004,1-2,0.8342584183301216,2,1.6290000530716497
88.78456753581281,1.052263354545149,False,0.0,False,False,False,59671.3167677435,0.8357443257239816,2022-04-01,False,105,3,0.01507904019338313,faint,52942497.03353403,,HD141004,1-2,0.8508233659173647,3,1.6770000001997687
88.78456753581281,1.052263354545149,False,0.0,False,False,False,59671.3167677435,0.8441303333216719,2022-04-01,False,105,4,0.01420444488440975,faint,51469316.08510748,,HD141004,1-2,0.8583347782060816,4,1.7249999473278876
88.78456753581281,1.052263354545149,False,0.0,False,False,False,59671.3167677435,0.8519064956060521,2022-04-01,False,105,5,0.01151202477897073,faint,50075897.98536524,,HD141004,1-2,0.8634185203850229,5,1.7730000081428443
129.21875383385452,1.052263354545149,False,0.0,False,False,False,59671.3167677435,0.6277213736348847,2022-04-01,False,105,6,0.004206419670960138,faint,84291422.06777745,,HD141004,1-3,0.6319277933058448,0,1.5330000451285741
129.21875383385452,1.052263354545149,False,0.0,False,False,False,59671.3167677435,0.646123832763904,2022-04-01,False,105,7,-0.004091775842305578,faint,81732292.51532748,,HD141004,1-3,0.6420320569215984,1,1.580999992256693
129.21875383385452,1.052263354545149,False,0.0,False,False,False,59671.3167677435,0.6633115427189942,2022-04-01,False,105,8,0.0065498846559681745,faint,79323971.53100091,,HD141004,1-3,0.6698614273749623,2,1.6290000530716497
129.21875383385452,1.052263354545149,False,0.0,False,False,False,59671.3167677435,0.6793750713695479,2022-04-01,False,105,9,-0.004377344724109777,faint,77053520.46419895,,HD141004,1-3,0.6749977266454381,3,1.6770000001997687
129.21875383385452,1.052263354545149,False,0.0,False,False,False,59671.3167677435,0.6943990169974081,2022-04-01,False,105,10,-0.0026526205921606483,faint,74909424.7997056,,HD141004,1-3,0.6917463964052475,4,1.7249999473278876
129.21875383385452,1.052263354545149,False,0.0,False,False,False,59671.3167677435,0.7084618934636063,2022-04-01,False,105,11,-0.001668460234710345,faint,72881417.50727156,,HD141004,1-3,0.706793433228896,5,1.7730000081428443
121.48366154910737,1.052263354545149,False,0.0,False,False,False,59671.3167677435,0.6638677188632318,2022-04-01,False,105,12,-0.003402146056935451,faint,79245699.91706583,,HD141004,1-4,0.6604655728062964,0,1.5330000451285741
121.48366154910737,1.052263354545149,False,0.0,False,False,False,59671.3167677435,0.6808795867653442,2022-04-01,False,105,13,0.007162004511455544,faint,76839761.00196156,,HD141004,1-4,0.6880415912767998,1,1.580999992256693
121.48366154910737,1.052263354545149,False,0.0,False,False,False,59671.3167677435,0.6967241631826211,2022-04-01,False,105,14,0.000736898928064611,faint,74575603.18677537,,HD141004,1-4,0.6974610621106857,2,1.6290000530716497
121.48366154910737,1.052263354545149,False,0.0,False,False,False,59671.3167677435,0.711494893363138,2022-04-01,False,105,15,0.013924568765961265,faint,72441062.33430883,,HD141004,1-4,0.7254194621290992,3,1.6770000001997687
121.48366154910737,1.052263354545149,False,0.0,False,False,False,59671.3167677435,0.7252778294821484,2022-04-01,False,105,16,0.019465121663417184,faint,70425313.1933666,,HD141004,1-4,0.7447429511455655,4,1.7249999473278876
121.48366154910737,1.052263354545149,False,0.0,False,False,False,59671.3167677435,0.7381518858456839,2022-04-01,False,105,17,0.013930308848674855,faint,68518703.32271305,,HD141004,1-4,0.7520821946943588,5,1.7730000081428443
54.811420384693086,1.052263354545149,False,0.0,False,False,False,59671.3167677435,0.922018675283651,2022-04-01,False,105,18,0.019719164772195263,faint,35754350.14425978,,HD141004,2-3,0.9417378400558463,0,1.5330000451285741
54.811420384693086,1.052263354545149,False,0.0,False,False,False,59671.3167677435,0.9265338435788059,2022-04-01,False,105,19,0.011003747338550252,faint,34668830.26764357,,HD141004,2-3,0.9375375909173561,1,1.580999992256693
54.811420384693086,1.052263354545149,False,0.0,False,False,False,59671.3167677435,0.9306719667654502,2022-04-01,False,105,20,0.0073252853517488115,faint,33647279.68015742,,HD141004,2-3,0.937997252117199,2,1.6290000530716497
54.811420384693086,1.052263354545149,False,0.0,False,False,False,59671.3167677435,0.9344734296019305,2022-04-01,False,105,21,-0.003646257197562952,faint,32684210.124128684,,HD141004,2-3,0.9308271724043675,3,1.6770000001997687
54.811420384693086,1.052263354545149,False,0.0,False,False,False,59671.3167677435,0.9379734348483716,2022-04-01,False,105,22,0.021879081725846516,faint,31774737.4251221,,HD141004,2-3,0.9598525165742181,4,1.7249999473278876
54.811420384693086,1.052263354545149,False,0.0,False,False,False,59671.3167677435,0.9412027477322081,2022-04-01,False,105,23,0.0012760996157126225,faint,30914506.56117376,,HD141004,2-3,0.9424788473479208,5,1.7730000081428443
112.21918069690666,1.052263354545149,False,0.0,False,False,False,59671.3167677435,0.7062467883473906,2022-04-01,False,105,24,-0.002536291514492195,faint,73202333.58994764,,HD141004,2-4,0.7037104968328984,0,1.5330000451285741
112.21918069690666,1.052263354545149,False,0.0,False,False,False,59671.3167677435,0.7215029354215395,2022-04-01,False,105,25,-0.002889613224054677,faint,70979874.28622746,,HD141004,2-4,0.7186133221974849,1,1.580999992256693
112.21918069690666,1.052263354545149,False,0.0,False,False,False,59671.3167677435,0.7356686796335855,2022-04-01,False,105,26,0.0030401402804889344,faint,68888383.69606292,,HD141004,2-4,0.7387088199140744,2,1.6290000530716497
112.21918069690666,1.052263354545149,False,0.0,False,False,False,59671.3167677435,0.7488375466993242,2022-04-01,False,105,27,-0.004065934858237474,faint,66916625.33305833,,HD141004,2-4,0.7447716118410868,3,1.6770000001997687
112.21918069690666,1.052263354545149,False,0.0,False,False,False,59671.3167677435,0.7610945151431019,2022-04-01,False,105,28,-0.004337610715577589,faint,65054599.49186657,,HD141004,2-4,0.7567569044275243,4,1.7249999473278876
112.21918069690666,1.052263354545149,False,0.0,False,False,False,59671.3167677435,0.7725166253636438,2022-04-01,False,105,29,0.000249101913464278,faint,63293389.837291844,,HD141004,2-4,0.7727657272771081,5,1.7730000081428443
90.83326730286817,1.052263354545149,False,0.0,False,False,False,59671.3167677435,0.7980418263382595,2022-04-01,False,105,30,-0.023055765919745563,faint,59251966.48983131,,HD141004,3-4,0.7749860604185139,0,1.5330000451285741
90.83326730286817,1.052263354545149,False,0.0,False,False,False,59671.3167677435,0.8090723252207169,2022-04-01,False,105,31,-0.01742595341113662,faint,57453047.27877593,,HD141004,3-4,0.7916463718095803,1,1.580999992256693
90.83326730286817,1.052263354545149,False,0.0,False,False,False,59671.3167677435,0.8192530065156045,2022-04-01,False,105,32,-0.01509690321606505,faint,55760137.71859157,,HD141004,3-4,0.8041561032995395,2,1.6290000530716497
90.83326730286817,1.052263354545149,False,0.0,False,False,False,59671.3167677435,0.8286655692267212,2022-04-01,False,105,33,-0.00420889470747432,faint,54164142.690547325,,HD141004,3-4,0.8244566745192469,3,1.6770000001997687
90.83326730286817,1.052263354545149,False,0.0,False,False,False,59671.3167677435,0.8373826645557584,2022-04-01,False,105,34,-0.007083669945019855,faint,52656968.160244584,,HD141004,3-4,0.8302989946107385,4,1.7249999473278876
90.83326730286817,1.052263354545149,False,0.0,False,False,False,59671.3167677435,0.845468928649481,2022-04-01,False,105,35,-0.012690346079355375,faint,51231397.00265024,,HD141004,3-4,0.8327785825701256,5,1.7730000081428443
86.16289855395425,1.052263354545149,False,0.0,False,False,False,59671.33679794586,0.8165945333267971,2022-04-01,False,105,36,-0.012828697586685478,faint,56205411.62262502,,HD141004,1-2,0.8037658357401116,0,1.5330000451285741
86.16289855395425,1.052263354545149,False,0.0,False,False,False,59671.33679794586,0.8267060571212081,2022-04-01,False,105,37,-0.01428762564728736,faint,54498987.33457093,,HD141004,1-2,0.8124184314739208,1,1.580999992256693
86.16289855395425,1.052263354545149,False,0.0,False,False,False,59671.33679794586,0.836028076772357,2022-04-01,False,105,38,-0.003343415098325475,faint,52893122.005419895,,HD141004,1-2,0.8326846616740315,2,1.6290000530716497
86.16289855395425,1.052263354545149,False,0.0,False,False,False,59671.33679794586,0.8446379378262117,2022-04-01,False,105,39,0.0009580063949954365,faint,51379188.15962451,,HD141004,1-2,0.8455959442212071,3,1.6770000001997687
86.16289855395425,1.052263354545149,False,0.0,False,False,False,59671.33679794586,0.8526041796445855,2022-04-01,False,105,40,0.005208300680837663,faint,49949507.93327556,,HD141004,1-2,0.8578124803254231,4,1.7249999473278876
86.16289855395425,1.052263354545149,False,0.0,False,False,False,59671.33679794586,0.8599875910343062,2022-04-01,False,105,41,0.006993220364773567,faint,48597235.28383222,,HD141004,1-2,0.8669808113990798,5,1.7730000081428443
128.46847346917755,1.052263354545149,False,0.0,False,False,False,59671.33679794586,0.6312503346812235,2022-04-01,False,105,42,-0.004953594861312971,faint,83802002.40529202,,HD141004,1-3,0.6262967398199105,0,1.5330000451285741
128.46847346917755,1.052263354545149,False,0.0,False,False,False,59671.33679794586,0.649521559692357,2022-04-01,False,105,43,-0.009102066676869969,faint,81257731.87753391,,HD141004,1-3,0.6404194930154871,1,1.580999992256693
128.46847346917755,1.052263354545149,False,0.0,False,False,False,59671.33679794586,0.6665819131103882,2022-04-01,False,105,44,-0.0010684552154274218,faint,78863394.28101112,,HD141004,1-3,0.6655134578949607,2,1.6290000530716497
128.46847346917755,1.052263354545149,False,0.0,False,False,False,59671.33679794586,0.6825223582621736,2022-04-01,False,105,45,-0.009296580793514475,faint,76606126.09056294,,HD141004,1-3,0.6732257774686591,3,1.6770000001997687
128.46847346917755,1.052263354545149,False,0.0,False,False,False,59671.33679794586,0.6974277325969163,2022-04-01,False,105,46,-0.010116030514392693,faint,74474479.64748158,,HD141004,1-3,0.6873117020825236,4,1.7249999473278876
128.46847346917755,1.052263354545149,False,0.0,False,False,False,59671.33679794586,0.7113766715184099,2022-04-01,False,105,47,-0.01040746029926265,faint,72458247.53477795,,HD141004,1-3,0.7009692112191472,5,1.7730000081428443
126.01610428723096,1.052263354545149,False,0.0,False,False,False,59671.33679794586,0.6427539668263847,2022-04-01,False,105,48,0.003852515422160918,faint,82202283.48177372,,HD141004,1-4,0.6466064822485457,0,1.5330000451285741
126.01610428723096,1.052263354545149,False,0.0,False,False,False,59671.33679794586,0.6605905072412884,2022-04-01,False,105,49,-0.001277143394403657,faint,79706581.21721916,,HD141004,1-4,0.6593133638468848,1,1.580999992256693
126.01610428723096,1.052263354545149,False,0.0,False,False,False,59671.33679794586,0.6772299605714868,2022-04-01,False,105,50,0.00016390864490201107,faint,77357949.77392077,,HD141004,1-4,0.6773938692163888,2,1.6290000530716497
126.01610428723096,1.052263354545149,False,0.0,False,False,False,59671.33679794586,0.6927644069270009,2022-04-01,False,105,51,0.007022780830384656,faint,75143771.18200333,,HD141004,1-4,0.6997871877573856,3,1.6770000001997687
126.01610428723096,1.052263354545149,False,0.0,False,False,False,59671.33679794586,0.7072793168551775,2022-04-01,False,105,52,0.01860396153213406,faint,73052816.31018963,,HD141004,1-4,0.7258832783873116,4,1.7249999473278876
126.01610428723096,1.052263354545149,False,0.0,False,False,False,59671.33679794586,0.7208535975024056,2022-04-01,False,105,53,0.02203062656490573,faint,71075072.59361404,,HD141004,1-4,0.7428842240673114,5,1.7730000081428443
56.606684148684735,1.052263354545149,False,0.0,False,False,False,59671.33679794586,0.9170132497102483,2022-04-01,False,105,54,0.0226455463191938,faint,36925428.88603573,,HD141004,2-3,0.9396587960294421,0,1.5330000451285741
56.606684148684735,1.052263354545149,False,0.0,False,False,False,59671.33679794586,0.9218077834917624,2022-04-01,False,105,55,-0.00022738326153670663,faint,35804354.47560331,,HD141004,2-3,0.9215804002302257,1,1.580999992256693
56.606684148684735,1.052263354545149,False,0.0,False,False,False,59671.33679794586,0.9262031008452591,2022-04-01,False,105,56,0.002551605639289134,faint,34749344.56996912,,HD141004,2-3,0.9287547064845483,2,1.6290000530716497
56.606684148684735,1.052263354545149,False,0.0,False,False,False,59671.33679794586,0.9302418046296119,2022-04-01,False,105,57,-0.010182370842407695,faint,33754731.15202242,,HD141004,2-3,0.9200594337872042,3,1.6770000001997687
56.606684148684735,1.052263354545149,False,0.0,False,False,False,59671.33679794586,0.9339610561513038,2022-04-01,False,105,58,0.015035385571147808,faint,32815470.073707167,,HD141004,2-3,0.9489964417224516,4,1.7249999473278876
56.606684148684735,1.052263354545149,False,0.0,False,False,False,59671.33679794586,0.9373933520722313,2022-04-01,False,105,59,0.0032421429986937422,faint,31927063.671013888,,HD141004,2-3,0.940635495070925,5,1.7730000081428443
113.37788336101424,1.052263354545149,False,0.0,False,False,False,59671.33679794586,0.7010141952114621,2022-04-01,False,105,60,0.008141860330225792,faint,73958173.53123766,,HD141004,2-4,0.7091560555416879,0,1.5330000451285741
113.37788336101424,1.052263354545149,False,0.0,False,False,False,59671.33679794586,0.7164941432563767,2022-04-01,False,105,61,0.012552129554851188,faint,71712766.55047958,,HD141004,2-4,0.7290462728112279,1,1.580999992256693
113.37788336101424,1.052263354545149,False,0.0,False,False,False,59671.33679794586,0.7308729867875433,2022-04-01,False,105,62,0.008907956276532403,faint,69599680.58148825,,HD141004,2-4,0.7397809430640757,2,1.6290000530716497
113.37788336101424,1.052263354545149,False,0.0,False,False,False,59671.33679794586,0.744244432768128,2022-04-01,False,105,63,0.011996100007805044,faint,67607563.11717851,,HD141004,2-4,0.7562405327759331,3,1.6770000001997687
113.37788336101424,1.052263354545149,False,0.0,False,False,False,59671.33679794586,0.7566937526700848,2022-04-01,False,105,64,0.004455042011769161,faint,65726311.20171472,,HD141004,2-4,0.7611487946818539,4,1.7249999473278876
113.37788336101424,1.052263354545149,False,0.0,False,False,False,59671.33679794586,0.7682983528687738,2022-04-01,False,105,65,0.013029230533115443,faint,63946916.435591914,,HD141004,2-4,0.7813275834018892,5,1.7730000081428443
88.41079082679317,1.052263354545149,False,0.0,False,False,False,59671.33679794586,0.8077427996903409,2022-04-01,False,105,66,-0.02461333418599132,faint,57671747.04771654,,HD141004,3-4,0.7831294655043496,0,1.5330000451285741
88.41079082679317,1.052263354545149,False,0.0,False,False,False,59671.33679794586,0.8182953679628989,2022-04-01,False,105,67,-0.02039638720441217,faint,55920804.08589824,,HD141004,3-4,0.7978989807584868,1,1.580999992256693
88.41079082679317,1.052263354545149,False,0.0,False,False,False,59671.33679794586,0.8280291814729472,2022-04-01,False,105,68,-0.021750182932472883,faint,54273043.552138254,,HD141004,3-4,0.8062789985404744,2,1.6290000530716497
88.41079082679317,1.052263354545149,False,0.0,False,False,False,59671.33679794586,0.8370237442633442,2022-04-01,False,105,69,-0.01338697757861318,faint,52719612.88983986,,HD141004,3-4,0.8236367666847311,3,1.6770000001997687
88.41079082679317,1.052263354545149,False,0.0,False,False,False,59671.33679794586,0.8453496243044466,2022-04-01,False,105,70,-0.01848322769517341,faint,51252633.92833488,,HD141004,3-4,0.8268663966092732,4,1.7249999473278876
88.41079082679317,1.052263354545149,False,0.0,False,False,False,59671.33679794586,0.8530695009770797,2022-04-01,False,105,71,-0.016220615694722218,faint,49865082.01959931,,HD141004,3-4,0.8368488852823575,5,1.7730000081428443
77.6411505419134,1.0724755849520669,False,0.0,False,False,False,59672.371769898964,0.8193227028257787,2022-04-02,False,105,0,0.017212456907621854,faint,50646541.58924148,,HD142860,1-2,0.8365351597334005,0,1.5330000451285741
77.6411505419134,1.0724755849520669,False,0.0,False,False,False,59672.371769898964,0.8292997314428865,2022-04-02,False,105,1,0.01677575300285372,faint,49108887.36380683,,HD142860,1-2,0.8460754844457402,1,1.580999992256693
77.6411505419134,1.0724755849520669,False,0.0,False,False,False,59672.371769898964,0.8384960061929851,2022-04-02,False,105,2,0.018179465740348455,faint,47661846.53923915,,HD142860,1-2,0.8566754719333336,2,1.6290000530716497
77.6411505419134,1.0724755849520669,False,0.0,False,False,False,59672.371769898964,0.8469882531718346,2022-04-02,False,105,3,0.012137531961231574,faint,46297644.921088,,HD142860,1-2,0.8591257851330661,3,1.6770000001997687
77.6411505419134,1.0724755849520669,False,0.0,False,False,False,59672.371769898964,0.8548444240295163,2022-04-02,False,105,4,0.015682419135928494,faint,45009364.00733431,,HD142860,1-2,0.8705268431654448,4,1.7249999473278876
77.6411505419134,1.0724755849520669,False,0.0,False,False,False,59672.371769898964,0.862124755700246,2022-04-02,False,105,5,0.0013166421765901104,faint,43790834.84790268,,HD142860,1-2,0.8634413978768362,5,1.7730000081428443
123.50089735474846,1.0724755849520669,False,0.0,False,False,False,59672.371769898964,0.595813856692487,2022-04-02,False,105,6,-0.006570576138735018,faint,80561574.50692725,,HD142860,1-3,0.589243280553752,0,1.5330000451285741
123.50089735474846,1.0724755849520669,False,0.0,False,False,False,59672.371769898964,0.6153693873668298,2022-04-02,False,105,7,0.0020310918563969382,faint,78115684.98394825,,HD142860,1-3,0.6174004792232267,1,1.580999992256693
123.50089735474846,1.0724755849520669,False,0.0,False,False,False,59672.371769898964,0.6336806568332193,2022-04-02,False,105,8,0.007437433398981397,faint,75813930.83559121,,HD142860,1-3,0.6411180902322007,2,1.6290000530716497
123.50089735474846,1.0724755849520669,False,0.0,False,False,False,59672.371769898964,0.6508338251049828,2022-04-02,False,105,9,-0.008182221710402837,faint,73643945.93919899,,HD142860,1-3,0.6426516033945799,3,1.6770000001997687
123.50089735474846,1.0724755849520669,False,0.0,False,False,False,59672.371769898964,0.6669106196833035,2022-04-02,False,105,10,-0.005197901007508499,faint,71594725.29031529,,HD142860,1-3,0.661712718675795,4,1.7249999473278876
123.50089735474846,1.0724755849520669,False,0.0,False,False,False,59672.371769898964,0.6819878534052891,2022-04-02,False,105,11,-0.008088420743000868,faint,69656456.16894911,,HD142860,1-3,0.6738994326622882,5,1.7730000081428443
128.2640368502138,1.0724755849520669,False,0.0,False,False,False,59672.371769898964,0.5708834236202104,2022-04-02,False,105,12,-0.004687073164655109,faint,83668645.18875875,,HD142860,1-4,0.5661963504555553,0,1.5330000451285741
128.2640368502138,1.0724755849520669,False,0.0,False,False,False,59672.371769898964,0.5912711868777126,2022-04-02,False,105,13,-0.01633331978021968,faint,81128423.4525086,,HD142860,1-4,0.574937867097493,1,1.580999992256693
128.2640368502138,1.0724755849520669,False,0.0,False,False,False,59672.371769898964,0.6104027944335262,2022-04-02,False,105,14,-0.0067396307979883385,faint,78737896.0536917,,HD142860,1-4,0.6036631636355378,2,1.6290000530716497
128.2640368502138,1.0724755849520669,False,0.0,False,False,False,59672.371769898964,0.6283593345673442,2022-04-02,False,105,15,-0.008542664993789972,faint,76484219.93734923,,HD142860,1-4,0.6198166695735542,3,1.6770000001997687
128.2640368502138,1.0724755849520669,False,0.0,False,False,False,59672.371769898964,0.645218895244236,2022-04-02,False,105,16,0.0030587739494497557,faint,74355965.66185483,,HD142860,1-4,0.6482776691936858,4,1.7249999473278876
128.2640368502138,1.0724755849520669,False,0.0,False,False,False,59672.371769898964,0.6610557649295936,2022-04-02,False,105,17,0.0018870038488931762,faint,72342942.05365849,,HD142860,1-4,0.6629427687784868,5,1.7730000081428443
57.61349144789442,1.0724755849520669,False,0.0,False,False,False,59672.371769898964,0.8968049657398675,2022-04-02,False,105,18,0.04304386762504375,faint,37582185.09580169,,HD142860,2-3,0.9398488333649112,0,1.5330000451285741
57.61349144789442,1.0724755849520669,False,0.0,False,False,False,59672.371769898964,0.9027147643591993,2022-04-02,False,105,19,0.012783225997255454,faint,36441171.23976571,,HD142860,2-3,0.9154979903564547,1,1.580999992256693
57.61349144789442,1.0724755849520669,False,0.0,False,False,False,59672.371769898964,0.9081382531356812,2022-04-02,False,105,20,0.0291099183497604,faint,35367396.9127614,,HD142860,2-3,0.9372481714854416,2,1.6290000530716497
57.61349144789442,1.0724755849520669,False,0.0,False,False,False,59672.371769898964,0.9131265510942629,2022-04-02,False,105,21,0.0008736301775490452,faint,34355093.286244094,,HD142860,2-3,0.9140001812718119,3,1.6770000001997687
57.61349144789442,1.0724755849520669,False,0.0,False,False,False,59672.371769898964,0.9177243720623748,2022-04-02,False,105,22,0.029573697528083143,faint,33399126.496867806,,HD142860,2-3,0.9472980695904579,4,1.7249999473278876
57.61349144789442,1.0724755849520669,False,0.0,False,False,False,59672.371769898964,0.9219709152152876,2022-04-02,False,105,23,0.02522937055733021,faint,32494918.885106236,,HD142860,2-3,0.9472002857726178,5,1.7730000081428443
105.93522034572324,1.0724755849520669,False,0.0,False,False,False,59672.371769898964,0.686265716448674,2022-04-02,False,105,24,0.01101264476762498,faint,69103207.58460145,,HD142860,2-4,0.6972783612162989,0,1.5330000451285741
105.93522034572324,1.0724755849520669,False,0.0,False,False,False,59672.371769898964,0.7023734672958989,2022-04-02,False,105,25,0.010277588470399168,faint,67005199.78783369,,HD142860,2-4,0.7126510557662981,1,1.580999992256693
105.93522034572324,1.0724755849520669,False,0.0,False,False,False,59672.371769898964,0.7173504802663767,2022-04-02,False,105,26,0.012843452348689,faint,65030826.8228545,,HD142860,2-4,0.7301939326150657,2,1.6290000530716497
105.93522034572324,1.0724755849520669,False,0.0,False,False,False,59672.371769898964,0.7312908860867334,2022-04-02,False,105,27,0.011863184358599677,faint,63169481.41508882,,HD142860,2-4,0.7431540704453331,3,1.6770000001997687
105.93522034572324,1.0724755849520669,False,0.0,False,False,False,59672.371769898964,0.7442807096336481,2022-04-02,False,105,28,-0.004424182522487108,faint,61411723.81472954,,HD142860,2-4,0.739856527111161,4,1.7249999473278876
105.93522034572324,1.0724755849520669,False,0.0,False,False,False,59672.371769898964,0.7563983287108673,2022-04-02,False,105,29,0.004621630948697719,faint,59749136.9764215,,HD142860,2-4,0.761019959659565,5,1.7730000081428443
75.98501782514336,1.0724755849520669,False,0.0,False,False,False,59672.371769898964,0.8263540340467381,2022-04-02,False,105,30,-0.031600860590841995,faint,49566220.214149065,,HD142860,3-4,0.7947531734558961,0,1.5330000451285741
75.98501782514336,1.0724755849520669,False,0.0,False,False,False,59672.371769898964,0.8359760722437317,2022-04-02,False,105,31,-0.01722378184367701,faint,48061365.08367948,,HD142860,3-4,0.8187522904000547,1,1.580999992256693
75.98501782514336,1.0724755849520669,False,0.0,False,False,False,59672.371769898964,0.8448414457707655,2022-04-02,False,105,32,-0.005516234395541497,faint,46645190.515411995,,HD142860,3-4,0.839325211375224,2,1.6290000530716497
75.98501782514336,1.0724755849520669,False,0.0,False,False,False,59672.371769898964,0.8530250189669791,2022-04-02,False,105,33,-0.003366059753768802,faint,45310088.14316746,,HD142860,3-4,0.8496589592132103,3,1.6770000001997687
75.98501782514336,1.0724755849520669,False,0.0,False,False,False,59672.371769898964,0.8605930114400189,2022-04-02,False,105,34,-0.00481594512579675,faint,44049287.040760785,,HD142860,3-4,0.8557770663142221,4,1.7249999473278876
75.98501782514336,1.0724755849520669,False,0.0,False,False,False,59672.371769898964,0.867604059202264,2022-04-02,False,105,35,-0.009406655438380485,faint,42856749.84555416,,HD142860,3-4,0.8581974037638835,5,1.7730000081428443
74.99111527060495,1.0724755849520669,False,0.0,False,False,False,59672.381228638675,0.830524483761657,2022-04-02,False,105,36,-0.03178959316928498,faint,48917881.97195739,,HD142860,1-2,0.798734890592372,0,1.5330000451285741
74.99111527060495,1.0724755849520669,False,0.0,False,False,False,59672.381228638675,0.8399345986853334,2022-04-02,False,105,37,-0.021464584028346945,faint,47432710.71340354,,HD142860,1-2,0.8184700146569864,1,1.580999992256693
74.99111527060495,1.0724755849520669,False,0.0,False,False,False,59672.381228638675,0.8486025899626732,2022-04-02,False,105,38,-0.010697680750711314,faint,46035060.05368224,,HD142860,1-2,0.8379049092119619,2,1.6290000530716497
74.99111527060495,1.0724755849520669,False,0.0,False,False,False,59672.381228638675,0.8566021737514343,2022-04-02,False,105,39,-0.009396129873753822,faint,44717421.14589851,,HD142860,1-2,0.8472060438776805,3,1.6770000001997687
74.99111527060495,1.0724755849520669,False,0.0,False,False,False,59672.381228638675,0.8639985064061917,2022-04-02,False,105,40,-0.0045931587595872125,faint,43473111.62923221,,HD142860,1-2,0.8594053476466045,4,1.7249999473278876
74.99111527060495,1.0724755849520669,False,0.0,False,False,False,59672.381228638675,0.8708492449065688,2022-04-02,False,105,41,-0.01249822386467403,faint,42296173.11122042,,HD142860,1-2,0.8583510210418948,5,1.7730000081428443
121.11620541056801,1.0724755849520669,False,0.0,False,False,False,59672.381228638675,0.6082608546815806,2022-04-02,False,105,42,0.009939182255173207,faint,79006002.50824513,,HD142860,1-3,0.6182000369367538,0,1.5330000451285741
121.11620541056801,1.0724755849520669,False,0.0,False,False,False,59672.381228638675,0.6273808454173202,2022-04-02,False,105,43,0.025664216196377154,faint,76607340.92584577,,HD142860,1-3,0.6530450616136974,1,1.580999992256693
121.11620541056801,1.0724755849520669,False,0.0,False,False,False,59672.381228638675,0.6452657475258027,2022-04-02,False,105,44,0.021337844367883996,faint,74350031.59281103,,HD142860,1-3,0.6666035918936867,2,1.6290000530716497
121.11620541056801,1.0724755849520669,False,0.0,False,False,False,59672.381228638675,0.6620037862103926,2022-04-02,False,105,45,0.0040352447380731515,faint,72221947.16525958,,HD142860,1-3,0.6660390309484657,3,1.6770000001997687
121.11620541056801,1.0724755849520669,False,0.0,False,False,False,59672.381228638675,0.6776781043949033,2022-04-02,False,105,46,0.008465511842899343,faint,70212295.13553502,,HD142860,1-3,0.6861436162378026,4,1.7249999473278876
121.11620541056801,1.0724755849520669,False,0.0,False,False,False,59672.381228638675,0.692366430658407,2022-04-02,False,105,47,-0.000604155630541614,faint,68311452.25849886,,HD142860,1-3,0.6917622750278654,5,1.7730000081428443
129.63020268215217,1.0724755849520669,False,0.0,False,False,False,59672.381228638675,0.56372402464848,2022-04-02,False,105,48,-0.008673591303032135,faint,84559816.6119297,,HD142860,1-4,0.5550504333454479,0,1.5330000451285741
129.63020268215217,1.0724755849520669,False,0.0,False,False,False,59672.381228638675,0.5843405968277534,2022-04-02,False,105,49,-0.009773554112622707,faint,81992538.4674545,,HD142860,1-4,0.5745670427151307,1,1.580999992256693
129.63020268215217,1.0724755849520669,False,0.0,False,False,False,59672.381228638675,0.6036992241046715,2022-04-02,False,105,50,-0.0005347225091613117,faint,79576549.08464913,,HD142860,1-4,0.6031645015955102,2,1.6290000530716497
129.63020268215217,1.0724755849520669,False,0.0,False,False,False,59672.381228638675,0.6218793073456665,2022-04-02,False,105,51,0.002641374136362895,faint,77298868.61461554,,HD142860,1-4,0.6245206814820294,3,1.6770000001997687
129.63020268215217,1.0724755849520669,False,0.0,False,False,False,59672.381228638675,0.638957689753941,2022-04-02,False,105,52,0.01500493194142638,faint,75147945.87846564,,HD142860,1-4,0.6539626216953673,4,1.7249999473278876
129.63020268215217,1.0724755849520669,False,0.0,False,False,False,59672.381228638675,0.6550077629569206,2022-04-02,False,105,53,0.008330764920946643,faint,73113481.1544278,,HD142860,1-4,0.6633385278778673,5,1.7730000081428443
57.95980437408437,1.0724755849520669,False,0.0,False,False,False,59672.381228638675,0.8956172202752832,2022-04-02,False,105,54,0.02107428085998908,faint,37808090.4552245,,HD142860,2-3,0.9166915011352723,0,1.5330000451285741
57.95980437408437,1.0724755849520669,False,0.0,False,False,False,59672.381228638675,0.9015918678894255,2022-04-02,False,105,55,0.005360200845562546,faint,36660217.99997197,,HD142860,2-3,0.906952068734988,1,1.580999992256693
57.95980437408437,1.0724755849520669,False,0.0,False,False,False,59672.381228638675,0.9070752206700935,2022-04-02,False,105,56,0.013602394463940959,faint,35579989.248493336,,HD142860,2-3,0.9206776151340345,2,1.6290000530716497
57.95980437408437,1.0724755849520669,False,0.0,False,False,False,59672.381228638675,0.9121188739719555,2022-04-02,False,105,57,-0.009472904716342434,faint,34561600.69599287,,HD142860,2-3,0.902645969255613,3,1.6770000001997687
57.95980437408437,1.0724755849520669,False,0.0,False,False,False,59672.381228638675,0.9167679659382322,2022-04-02,False,105,58,0.0076491962619525955,faint,33599887.619629815,,HD142860,2-3,0.9244171622001848,4,1.7249999473278876
57.95980437408437,1.0724755849520669,False,0.0,False,False,False,59672.381228638675,0.9210620737785677,2022-04-02,False,105,59,0.004433661019918156,faint,32690244.843707163,,HD142860,2-3,0.9254957347984859,5,1.7730000081428443
107.19998881093939,1.0724755849520669,False,0.0,False,False,False,59672.381228638675,0.6798820415324767,2022-04-02,False,105,60,0.007876098751588456,faint,69928235.913358,,HD142860,2-4,0.6877581402840651,0,1.5330000451285741
107.19998881093939,1.0724755849520669,False,0.0,False,False,False,59672.381228638675,0.6962537210726114,2022-04-02,False,105,61,0.012201884356716985,faint,67805179.84565194,,HD142860,2-4,0.7084556054293284,1,1.580999992256693
107.19998881093939,1.0724755849520669,False,0.0,False,False,False,59672.381228638675,0.7114831823308577,2022-04-02,False,105,62,0.01960424605079003,faint,65807234.69517549,,HD142860,2-4,0.7310874283816478,2,1.6290000530716497
107.19998881093939,1.0724755849520669,False,0.0,False,False,False,59672.381228638675,0.7256645259932974,2022-04-02,False,105,63,0.012470967610632488,faint,63923666.546314515,,HD142860,2-4,0.7381354936039299,3,1.6770000001997687
107.19998881093939,1.0724755849520669,False,0.0,False,False,False,59672.381228638675,0.738883924055811,2022-04-02,False,105,64,0.0009326464777260624,faint,62144922.94738768,,HD142860,2-4,0.7398165705335371,4,1.7249999473278876
107.19998881093939,1.0724755849520669,False,0.0,False,False,False,59672.381228638675,0.7512200246500421,2022-04-02,False,105,65,0.011012120125650893,faint,60462486.36131008,,HD142860,2-4,0.762232144775693,5,1.7730000081428443
74.90632133196988,1.0724755849520669,False,0.0,False,False,False,59672.381228638675,0.8308785434137094,2022-04-02,False,105,66,-0.04573709482641053,faint,48862569.55438472,,HD142860,3-4,0.7851414485872988,0,1.5330000451285741
74.90632133196988,1.0724755849520669,False,0.0,False,False,False,59672.381228638675,0.8402706199089133,2022-04-02,False,105,67,-0.02986071142914004,faint,47379077.608374834,,HD142860,3-4,0.8104099084797732,1,1.580999992256693
74.90632133196988,1.0724755849520669,False,0.0,False,False,False,59672.381228638675,0.8489218159000851,2022-04-02,False,105,68,-0.021517912366176617,faint,45983007.29992377,,HD142860,3-4,0.8274039035339085,2,1.6290000530716497
74.90632133196988,1.0724755849520669,False,0.0,False,False,False,59672.381228638675,0.856905748563304,2022-04-02,False,105,69,-0.012232718365141615,faint,44666858.272538364,,HD142860,3-4,0.8446730301981624,3,1.6770000001997687
74.90632133196988,1.0724755849520669,False,0.0,False,False,False,59672.381228638675,0.8642874827560395,2022-04-02,False,105,70,-0.025690108829466873,faint,43423955.72127615,,HD142860,3-4,0.8385973739265726,4,1.7249999473278876
74.90632133196988,1.0724755849520669,False,0.0,False,False,False,59672.381228638675,0.8711245913321453,2022-04-02,False,105,71,-0.018473329454491316,faint,42248347.99094651,,HD142860,3-4,0.8526512618776539,5,1.7730000081428443
68.40230913400539,1.0927781793779585,False,0.0,False,False,False,58813.20769811821,0.886077366110514,2019-11-25,False,104,0,0.002324714578061715,bright,44619900.27421586,,HR_2998,1-2,0.8884020806885757,0,1.5330000451285741
68.40230913400539,1.0927781793779585,False,0.0,False,False,False,58813.20769811821,0.892569074633473,2019-11-25,False,104,1,-0.0016585791897166802,bright,43265217.88046885,,HR_2998,1-2,0.8909104954437563,1,1.580999992256693
68.40230913400539,1.0927781793779585,False,0.0,False,False,False,58813.20769811821,0.8985301716653367,2019-11-25,False,104,2,0.010243621825966498,bright,41990366.42449808,,HR_2998,1-2,0.9087737934913032,2,1.6290000530716497
68.40230913400539,1.0927781793779585,False,0.0,False,False,False,58813.20769811821,0.904015948665255,2019-11-25,False,104,3,0.004521520854899763,bright,40788496.7953829,,HR_2998,1-2,0.9085374695201548,3,1.6770000001997687
68.40230913400539,1.0927781793779585,False,0.0,False,False,False,58813.20769811821,0.9090748467072886,2019-11-25,False,104,4,0.02057967805748817,bright,39653513.75225491,,HR_2998,1-2,0.9296545247647767,4,1.7249999473278876
68.40230913400539,1.0927781793779585,False,0.0,False,False,False,58813.20769811821,0.9137493938105009,2019-11-25,False,104,5,0.019885338426747556,bright,38579982.41390558,,HR_2998,1-2,0.9336347322372485,5,1.7730000081428443
109.29297469720633,1.0927781793779585,False,0.0,False,False,False,58813.20769811821,0.7307715987989799,2019-11-25,False,104,6,0.031378308625196194,bright,71293523.47020957,,HR_2998,1-3,0.7621499074241761,0,1.5330000451285741
109.29297469720633,1.0927781793779585,False,0.0,False,False,False,58813.20769811821,0.7449526339901913,2019-11-25,False,104,7,0.014572529087308883,bright,69129016.59234253,,HR_2998,1-3,0.7595251630775002,1,1.580999992256693
109.29297469720633,1.0927781793779585,False,0.0,False,False,False,58813.20769811821,0.7580979883941593,2019-11-25,False,104,8,0.01345081598450737,bright,67092063.31278075,,HR_2998,1-3,0.7715488043786667,2,1.6290000530716497
109.29297469720633,1.0927781793779585,False,0.0,False,False,False,58813.20769811821,0.7702996029437537,2019-11-25,False,104,9,0.0016100134710659297,bright,65171720.14560946,,HR_2998,1-3,0.7719096164148196,3,1.6770000001997687
109.29297469720633,1.0927781793779585,False,0.0,False,False,False,58813.20769811821,0.7816404692963387,2019-11-25,False,104,10,-0.0037425151501562226,bright,63358248.135895126,,HR_2998,1-3,0.7778979541461825,4,1.7249999473278876
109.29297469720633,1.0927781793779585,False,0.0,False,False,False,58813.20769811821,0.7921953995917935,2019-11-25,False,104,11,7.569655797090569e-05,bright,61642963.44910168,,HR_2998,1-3,0.7922710961497644,5,1.7730000081428443
132.17258426793455,1.0927781793779585,False,0.0,False,False,False,58813.20769811821,0.628475916779075,2019-11-25,False,104,12,0.021157751627142174,bright,86218252.03980938,,HR_2998,1-4,0.6496336684062172,0,1.5330000451285741
132.17258426793455,1.0927781793779585,False,0.0,False,False,False,58813.20769811821,0.6468488896317258,2019-11-25,False,104,13,0.007099948396537048,bright,83600622.96981646,,HR_2998,1-4,0.6539488380282629,1,1.580999992256693
132.17258426793455,1.0927781793779585,False,0.0,False,False,False,58813.20769811821,0.6640081773792155,2019-11-25,False,104,14,0.010066641849603153,bright,81137249.8231104,,HR_2998,1-4,0.6740748192288186,2,1.6290000530716497
132.17258426793455,1.0927781793779585,False,0.0,False,False,False,58813.20769811821,0.680044397533442,2019-11-25,False,104,15,0.010512389521643573,bright,78814898.18258187,,HR_2998,1-4,0.6905567870550856,3,1.6770000001997687
132.17258426793455,1.0927781793779585,False,0.0,False,False,False,58813.20769811821,0.695042169704673,2019-11-25,False,104,16,0.019675814251401524,bright,76621790.32102382,,HR_2998,1-4,0.7147179839560746,4,1.7249999473278876
132.17258426793455,1.0927781793779585,False,0.0,False,False,False,58813.20769811821,0.7090800083362061,2019-11-25,False,104,17,0.028666927139213927,bright,74547424.51263762,,HR_2998,1-4,0.73774693547542,5,1.7730000081428443
57.414882434785966,1.0927781793779585,False,0.0,False,False,False,58813.20769811821,0.918540955397378,2019-11-25,False,104,18,0.03283056433279585,bright,37452629.31807058,,HR_2998,2-3,0.9513715197301739,0,1.5330000451285741
57.414882434785966,1.0927781793779585,False,0.0,False,False,False,58813.20769811821,0.9232502962911218,2019-11-25,False,104,19,0.02009509640375262,bright,36315548.83996737,,HR_2998,2-3,0.9433453926948744,1,1.580999992256693
57.414882434785966,1.0927781793779585,False,0.0,False,False,False,58813.20769811821,0.9275671737704492,2019-11-25,False,104,20,0.02120782332914206,bright,35245476.09837348,,HR_2998,2-3,0.9487749970995912,2,1.6290000530716497
57.414882434785966,1.0927781793779585,False,0.0,False,False,False,58813.20769811821,0.9315335162383566,2019-11-25,False,104,21,0.02873282596582305,bright,34236662.15142907,,HR_2998,2-3,0.9602663422041796,3,1.6770000001997687
57.414882434785966,1.0927781793779585,False,0.0,False,False,False,58813.20769811821,0.935185889276285,2019-11-25,False,104,22,0.032966818703937695,bright,33283990.83357917,,HR_2998,2-3,0.9681527079802227,4,1.7249999473278876
57.414882434785966,1.0927781793779585,False,0.0,False,False,False,58813.20769811821,0.9385562627510767,2019-11-25,False,104,23,0.03097156545530544,bright,32382900.265706178,,HR_2998,2-3,0.9695278282063822,5,1.7730000081428443
122.1158950835058,1.0927781793779585,False,0.0,False,False,False,58813.20769811821,0.674239100045245,2019-11-25,False,104,24,0.014997367531186856,bright,79658115.77863576,,HR_2998,2-4,0.6892364675764319,0,1.5330000451285741
122.1158950835058,1.0927781793779585,False,0.0,False,False,False,58813.20769811821,0.6908323202439062,2019-11-25,False,104,25,-0.0012796984956995328,bright,77239655.71258454,,HR_2998,2-4,0.6895526217482066,1,1.580999992256693
122.1158950835058,1.0927781793779585,False,0.0,False,False,False,58813.20769811821,0.7062751766548746,2019-11-25,False,104,26,0.008220130021592609,bright,74963714.61329515,,HR_2998,2-4,0.7144953066764672,2,1.6290000530716497
122.1158950835058,1.0927781793779585,False,0.0,False,False,False,58813.20769811821,0.7206614313320813,2019-11-25,False,104,27,0.0031223669410378463,bright,72818065.03813896,,HR_2998,2-4,0.7237837982731191,3,1.6770000001997687
122.1158950835058,1.0927781793779585,False,0.0,False,False,False,58813.20769811821,0.7340771233588733,2019-11-25,False,104,28,-0.006324543034589292,bright,70791825.39841205,,HR_2998,2-4,0.727752580324284,4,1.7249999473278876
122.1158950835058,1.0927781793779585,False,0.0,False,False,False,58813.20769811821,0.7466009182837664,2019-11-25,False,104,29,0.006039921914075097,bright,68875293.0189876,,HR_2998,2-4,0.7526408401978415,5,1.7730000081428443
84.3015454001011,1.0927781793779585,False,0.0,False,False,False,58813.20769811821,0.831386201784568,2019-11-25,False,104,30,-0.015742588492819842,bright,54991221.73413286,,HR_2998,3-4,0.8156436132917482,0,1.5330000451285741
84.3015454001011,1.0927781793779585,False,0.0,False,False,False,58813.20769811821,0.8407500457236557,2019-11-25,False,104,31,-0.021106037679364587,bright,53321660.85577931,,HR_2998,3-4,0.8196440080442912,1,1.580999992256693
84.3015454001011,1.0927781793779585,False,0.0,False,False,False,58813.20769811821,0.8493752300688999,2019-11-25,False,104,32,0.0027745955649408627,bright,51750486.58908374,,HR_2998,3-4,0.8521498256338408,2,1.6290000530716497
84.3015454001011,1.0927781793779585,False,0.0,False,False,False,58813.20769811821,0.8573351538271113,2019-11-25,False,104,33,-0.00965755831529036,bright,50269257.83545551,,HR_2998,3-4,0.847677595511821,3,1.6770000001997687
84.3015454001011,1.0927781793779585,False,0.0,False,False,False,58813.20769811821,0.8646946883223595,2019-11-25,False,104,34,-0.0008811786188797077,bright,48870462.59374586,,HR_2998,3-4,0.8638135097034798,4,1.7249999473278876
84.3015454001011,1.0927781793779585,False,0.0,False,False,False,58813.20769811821,0.8715112346581004,2019-11-25,False,104,35,0.012871777129752182,bright,47547402.71456853,,HR_2998,3-4,0.8843830117878526,5,1.7730000081428443
72.95440920720647,1.0927781793779585,False,0.0,False,False,False,58813.22591577769,0.8712975314343402,2019-11-25,False,104,36,0.0025124764259322196,bright,47589306.62724652,,HR_2998,1-2,0.8738100078602724,0,1.5330000451285741
72.95440920720647,1.0927781793779585,False,0.0,False,False,False,58813.22591577769,0.878581906732643,2019-11-25,False,104,37,-0.01168494564191147,bright,46144471.57780979,,HR_2998,1-2,0.8668969610907316,1,1.580999992256693
72.95440920720647,1.0927781793779585,False,0.0,False,False,False,58813.22591577769,0.8852763494758263,2019-11-25,False,104,38,-0.00600924673044867,bright,44784780.12916163,,HR_2998,1-2,0.8792671027453777,2,1.6290000530716497
72.95440920720647,1.0927781793779585,False,0.0,False,False,False,58813.22591577769,0.8914415928630989,2019-11-25,False,104,39,-0.0106453756779894,bright,43502927.369419165,,HR_2998,1-2,0.8807962171851095,3,1.6770000001997687
72.95440920720647,1.0927781793779585,False,0.0,False,False,False,58813.22591577769,0.8971309642480096,2019-11-25,False,104,40,0.0007889868200489092,bright,42292412.42599256,,HR_2998,1-2,0.8979199510680586,4,1.7249999473278876
72.95440920720647,1.0927781793779585,False,0.0,False,False,False,58813.22591577769,0.9023913752449071,2019-11-25,False,104,41,0.0034984165887936847,bright,41147438.73217669,,HR_2998,1-2,0.9058897918337008,5,1.7730000081428443
113.81054443534792,1.0927781793779585,False,0.0,False,False,False,58813.22591577769,0.7111444854861542,2019-11-25,False,104,42,0.012259325662950626,bright,74240405.14349921,,HR_2998,1-3,0.7234038111491048,0,1.5330000451285741
113.81054443534792,1.0927781793779585,False,0.0,False,False,False,58813.22591577769,0.7261885229704748,2019-11-25,False,104,43,-0.010863698988670012,bright,71986429.47043702,,HR_2998,1-3,0.7153248239818047,1,1.580999992256693
113.81054443534792,1.0927781793779585,False,0.0,False,False,False,58813.22591577769,0.7401526316680876,2019-11-25,False,104,44,-0.012050674383698001,bright,69865279.75904375,,HR_2998,1-3,0.7281019572843896,2,1.6290000530716497
113.81054443534792,1.0927781793779585,False,0.0,False,False,False,58813.22591577769,0.7531300943483245,2019-11-25,False,104,45,-0.024908426008662277,bright,67865560.17995857,,HR_2998,1-3,0.7282216683396622,3,1.6770000001997687
113.81054443534792,1.0927781793779585,False,0.0,False,False,False,58813.22591577769,0.765205554054929,2019-11-25,False,104,46,-0.024553085036452704,bright,65977129.223479815,,HR_2998,1-3,0.7406524690184763,4,1.7249999473278876
113.81054443534792,1.0927781793779585,False,0.0,False,False,False,58813.22591577769,0.7764556573572821,2019-11-25,False,104,47,-0.018378031057964317,bright,64190944.11317036,,HR_2998,1-3,0.7580776262993177,5,1.7730000081428443
132.34010148789932,1.0927781793779585,False,0.0,False,False,False,58813.22591577769,0.6277062684028856,2019-11-25,False,104,48,0.006336330643763377,bright,86327526.15268177,,HR_2998,1-4,0.634042599046649,0,1.5330000451285741
132.34010148789932,1.0927781793779585,False,0.0,False,False,False,58813.22591577769,0.6461077697637391,2019-11-25,False,104,49,-0.006410277180956658,bright,83706579.46620181,,HR_2998,1-4,0.6396974925827824,1,1.580999992256693
132.34010148789932,1.0927781793779585,False,0.0,False,False,False,58813.22591577769,0.663294755591092,2019-11-25,False,104,50,-0.0007957678951402425,bright,81240084.20893434,,HR_2998,1-4,0.6624989876959517,2,1.6290000530716497
132.34010148789932,1.0927781793779585,False,0.0,False,False,False,58813.22591577769,0.6793577548948688,2019-11-25,False,104,51,-0.010398599694336541,bright,78914789.1903009,,HR_2998,1-4,0.6689591552005323,3,1.6770000001997687
132.34010148789932,1.0927781793779585,False,0.0,False,False,False,58813.22591577769,0.6943813331970414,2019-11-25,False,104,52,-4.93180658628356e-05,bright,76718901.75585271,,HR_2998,1-4,0.6943320151311786,4,1.7249999473278876
132.34010148789932,1.0927781793779585,False,0.0,False,False,False,58813.22591577769,0.708443976788991,2019-11-25,False,104,53,0.007569135061867516,bright,74641906.86976983,,HR_2998,1-4,0.7160131118508585,5,1.7730000081428443
57.72243711445995,1.0927781793779585,False,0.0,False,False,False,58813.22591577769,0.9176971244520531,2019-11-25,False,104,54,0.012921517965011176,bright,37653252.06472431,,HR_2998,2-3,0.9306186424170643,0,1.5330000451285741
57.72243711445995,1.0927781793779585,False,0.0,False,False,False,58813.22591577769,0.9224534990311263,2019-11-25,False,104,55,-0.010152585192446884,bright,36510080.580119364,,HR_2998,2-3,0.9123009138386794,1,1.580999992256693
57.72243711445995,1.0927781793779585,False,0.0,False,False,False,58813.22591577769,0.9268136845259843,2019-11-25,False,104,56,0.00012290034883088996,bright,35434275.77280815,,HR_2998,2-3,0.9269365848748152,2,1.6290000530716497
57.72243711445995,1.0927781793779585,False,0.0,False,False,False,58813.22591577769,0.9308199810824537,2019-11-25,False,104,57,-0.012722740285726064,bright,34420057.90553602,,HR_2998,2-3,0.9180972407967276,3,1.6770000001997687
57.72243711445995,1.0927781793779585,False,0.0,False,False,False,58813.22591577769,0.9345092826903342,2019-11-25,False,104,58,0.008226391618430973,bright,33462283.406950206,,HR_2998,2-3,0.9427356743087651,4,1.7249999473278876
57.72243711445995,1.0927781793779585,False,0.0,False,False,False,58813.22591577769,0.9379138496723964,2019-11-25,False,104,59,0.007310007616718739,bright,32556365.96128513,,HR_2998,2-3,0.9452238572891152,5,1.7730000081428443
123.02486275656929,1.0927781793779585,False,0.0,False,False,False,58813.22591577769,0.6701449217577911,2019-11-25,False,104,60,0.008749498987909887,bright,80251049.6640273,,HR_2998,2-4,0.6788944207457009,0,1.5330000451285741
123.02486275656929,1.0927781793779585,False,0.0,False,False,False,58813.22591577769,0.6869038861386066,2019-11-25,False,104,61,-0.002430167976136932,bright,77814587.82992506,,HR_2998,2-4,0.6844737181624697,1,1.580999992256693
123.02486275656929,1.0927781793779585,False,0.0,False,False,False,58813.22591577769,0.7025057223089444,2019-11-25,False,104,62,0.007675686934701442,bright,75521705.80018893,,HR_2998,2-4,0.7101814092436458,2,1.6290000530716497
123.02486275656929,1.0927781793779585,False,0.0,False,False,False,58813.22591577769,0.7170440801540165,2019-11-25,False,104,63,-0.0006105212745319832,bright,73360085.11742054,,HR_2998,2-4,0.7164335588794846,3,1.6770000001997687
123.02486275656929,1.0927781793779585,False,0.0,False,False,False,58813.22591577769,0.7306050147605326,2019-11-25,False,104,64,-0.008671605835154916,bright,71318763.19598794,,HR_2998,2-4,0.7219334089253777,4,1.7249999473278876
123.02486275656929,1.0927781793779585,False,0.0,False,False,False,58813.22591577769,0.7432672989847703,2019-11-25,False,104,65,-0.005956272798494422,bright,69387965.13906029,,HR_2998,2-4,0.7373110261862759,5,1.7730000081428443
87.221554624834,1.0927781793779585,False,0.0,False,False,False,58813.22591577769,0.8204626501451872,2019-11-25,False,104,66,-0.013164051996316317,bright,56895989.60026035,,HR_2998,3-4,0.8072985981488708,0,1.5330000451285741
87.221554624834,1.0927781793779585,False,0.0,False,False,False,58813.22591577769,0.8303796435683835,2019-11-25,False,104,67,-0.021991738367846847,bright,55168599.0208864,,HR_2998,3-4,0.8083879052005366,1,1.580999992256693
87.221554624834,1.0927781793779585,False,0.0,False,False,False,58813.22591577769,0.8395202457321528,2019-11-25,False,104,68,-0.009578633473464992,bright,53543002.936291285,,HR_2998,3-4,0.8299416122586878,2,1.6290000530716497
87.221554624834,1.0927781793779585,False,0.0,False,False,False,58813.22591577769,0.8479608019155173,2019-11-25,False,104,69,-0.012492111619213708,bright,52010467.86788547,,HR_2998,3-4,0.8354686902963036,3,1.6770000001997687
87.221554624834,1.0927781793779585,False,0.0,False,False,False,58813.22591577769,0.855768918268087,2019-11-25,False,104,70,-0.006399057279599996,bright,50563221.616293155,,HR_2998,3-4,0.849369860988487,4,1.7249999473278876
87.221554624834,1.0927781793779585,False,0.0,False,False,False,58813.22591577769,0.8630045190316339,2019-11-25,False,104,71,0.01002997845999487,bright,49194334.023830906,,HR_2998,3-4,0.8730344974916288,5,1.7730000081428443
63.46366506233312,1.065347065632837,False,0.0,False,False,False,58812.19220330801,0.9102289343827412,2019-11-24,False,104,0,0.004614769532205076,faint,41398345.20162089,,HR_2998,1-2,0.9148437039149463,0,1.5330000451285741
63.46366506233312,1.065347065632837,False,0.0,False,False,False,58812.19220330801,0.9153999509605533,2019-11-24,False,104,1,0.004047267076851879,faint,40141470.82426366,,HR_2998,1-2,0.9194472180374051,1,1.580999992256693
63.46366506233312,1.065347065632837,False,0.0,False,False,False,58812.19220330801,0.9201421163940464,2019-11-24,False,104,2,0.005554639957606633,faint,38958663.59406542,,HR_2998,1-2,0.925696756351653,2,1.6290000530716497
63.46366506233312,1.065347065632837,False,0.0,False,False,False,58812.19220330801,0.9245009642955823,2019-11-24,False,104,3,-0.013812354602178889,faint,37843568.90564887,,HR_2998,1-2,0.9106886096934034,3,1.6770000001997687
63.46366506233312,1.065347065632837,False,0.0,False,False,False,58812.19220330801,0.928516249472757,2019-11-24,False,104,4,-0.010122350226123955,faint,36790531.59430037,,HR_2998,1-2,0.9183938992466331,4,1.7249999473278876
63.46366506233312,1.065347065632837,False,0.0,False,False,False,58812.19220330801,0.9322227658080153,2019-11-24,False,104,5,-0.015423855227696515,faint,35794509.17702425,,HR_2998,1-2,0.9167989105803188,5,1.7730000081428443
104.62369181785041,1.065347065632837,False,0.0,False,False,False,58812.19220330801,0.7717709665241638,2019-11-24,False,104,6,-0.005064931927872496,faint,68247676.93276586,,HR_2998,1-3,0.7667060345962913,0,1.5330000451285741
104.62369181785041,1.065347065632837,False,0.0,False,False,False,58812.19220330801,0.7840660701375576,2019-11-24,False,104,7,0.00931939858521691,faint,66175643.47265574,,HR_2998,1-3,0.7933854687227745,1,1.580999992256693
104.62369181785041,1.065347065632837,False,0.0,False,False,False,58812.19220330801,0.7954326282684857,2019-11-24,False,104,8,0.005422699820728738,faint,64225714.18617913,,HR_2998,1-3,0.8008553280892144,2,1.6290000530716497
104.62369181785041,1.065347065632837,False,0.0,False,False,False,58812.19220330801,0.8059573671547198,2019-11-24,False,104,9,-0.002204432673674206,faint,62387413.12187678,,HR_2998,1-3,0.8037529344810456,3,1.6770000001997687
104.62369181785041,1.065347065632837,False,0.0,False,False,False,58812.19220330801,0.8157178252762441,2019-11-24,False,104,10,-0.006865092127070982,faint,60651417.39854416,,HR_2998,1-3,0.8088527331491732,4,1.7249999473278876
104.62369181785041,1.065347065632837,False,0.0,False,False,False,58812.19220330801,0.8247833158168989,2019-11-24,False,104,11,-0.01206971867905482,faint,59009414.17786009,,HR_2998,1-3,0.8127135971378441,5,1.7730000081428443
118.2959249412189,1.065347065632837,False,0.0,False,False,False,58812.19220330801,0.7166156027221483,2019-11-24,False,104,12,0.010802533100724654,faint,77166289.2751561,,HR_2998,1-4,0.727418135822873,0,1.5330000451285741
118.2959249412189,1.065347065632837,False,0.0,False,False,False,58812.19220330801,0.7314217433534171,2019-11-24,False,104,13,0.008046243314837165,faint,74823482.30271985,,HR_2998,1-4,0.7394679866682543,1,1.580999992256693
118.2959249412189,1.065347065632837,False,0.0,False,False,False,58812.19220330801,0.7451598226028812,2019-11-24,False,104,14,0.014220035919871643,faint,72618736.08792067,,HR_2998,1-4,0.7593798585227528,2,1.6290000530716497
118.2959249412189,1.065347065632837,False,0.0,False,False,False,58812.19220330801,0.7579228247655004,2019-11-24,False,104,15,0.006068691858803099,faint,70540205.68105377,,HR_2998,1-4,0.7639915166243035,3,1.6770000001997687
118.2959249412189,1.065347065632837,False,0.0,False,False,False,58812.19220330801,0.76979499556021,2019-11-24,False,104,16,0.011808977453980352,faint,68577349.88599002,,HR_2998,1-4,0.7816039730141904,4,1.7249999473278876
118.2959249412189,1.065347065632837,False,0.0,False,False,False,58812.19220330801,0.7808525227921143,2019-11-24,False,104,17,0.017607440741841063,faint,66720769.541975215,,HR_2998,1-4,0.7984599635339553,5,1.7730000081428443
57.11229689633221,1.065347065632837,False,0.0,False,False,False,58812.19220330801,0.9267564344627849,2019-11-24,False,104,18,0.03888665026456395,faint,37255248.02025831,,HR_2998,2-3,0.9656430847273488,0,1.5330000451285741
57.11229689633221,1.065347065632837,False,0.0,False,False,False,58812.19220330801,0.9310059271675155,2019-11-24,False,104,19,0.02836894528131184,faint,36124160.1366557,,HR_2998,2-3,0.9593748724488274,1,1.580999992256693
57.11229689633221,1.065347065632837,False,0.0,False,False,False,58812.19220330801,0.9348996009165472,2019-11-24,False,104,20,0.025643345754262192,faint,35059726.84816124,,HR_2998,2-3,0.9605429466708094,2,1.6290000530716497
57.11229689633221,1.065347065632837,False,0.0,False,False,False,58812.19220330801,0.9384756971499594,2019-11-24,False,104,21,0.019233422585363313,faint,34056229.51075065,,HR_2998,2-3,0.9577091197353227,3,1.6770000001997687
57.11229689633221,1.065347065632837,False,0.0,False,False,False,58812.19220330801,0.9417675294395005,2019-11-24,False,104,22,0.02589820717805702,faint,33108578.921873044,,HR_2998,2-3,0.9676657366175575,4,1.7249999473278876
57.11229689633221,1.065347065632837,False,0.0,False,False,False,58812.19220330801,0.9448041954961601,2019-11-24,False,104,23,0.033024798548696443,faint,32212237.244237438,,HR_2998,2-3,0.9778289940448566,5,1.7730000081428443
89.10816098236391,1.065347065632837,False,0.0,False,False,False,58812.19220330801,0.8295878989141059,2019-11-24,False,104,24,0.03246674109497505,faint,58126652.55002672,,HR_2998,2-4,0.8620546400090809,0,1.5330000451285741
89.10816098236391,1.065347065632837,False,0.0,False,False,False,58812.19220330801,0.83904328735283,2019-11-24,False,104,25,0.021670467471436083,faint,56361898.430608094,,HR_2998,2-4,0.860713754824266,1,1.580999992256693
89.10816098236391,1.065347065632837,False,0.0,False,False,False,58812.19220330801,0.8477537155615037,2019-11-24,False,104,26,0.0197871746654551,faint,54701140.62571156,,HR_2998,2-4,0.8675408902269588,2,1.6290000530716497
89.10816098236391,1.065347065632837,False,0.0,False,False,False,58812.19220330801,0.8557930830333833,2019-11-24,False,104,27,0.02411485986864126,faint,53135456.75119208,,HR_2998,2-4,0.8799079429020246,3,1.6770000001997687
89.10816098236391,1.065347065632837,False,0.0,False,False,False,58812.19220330801,0.8632267239567553,2019-11-24,False,104,28,0.010611242379493402,faint,51656906.49463321,,HR_2998,2-4,0.8738379663362487,4,1.7249999473278876
89.10816098236391,1.065347065632837,False,0.0,False,False,False,58812.19220330801,0.8701124651805351,2019-11-24,False,104,29,0.024568143738923576,faint,50258409.79871264,,HR_2998,2-4,0.8946806089194587,5,1.7730000081428443
40.44755318054365,1.065347065632837,False,0.0,False,False,False,58812.19220330801,0.9626792646186757,2019-11-24,False,104,30,-0.01141033001972891,faint,26384574.031210337,,HR_2998,3-4,0.9512689345989468,0,1.5330000451285741
40.44755318054365,1.065347065632837,False,0.0,False,False,False,58812.19220330801,0.9648776331000483,2019-11-24,False,104,31,-0.0250603522068249,faint,25583525.22368421,,HR_2998,3-4,0.9398172808932234,1,1.580999992256693
40.44755318054365,1.065347065632837,False,0.0,False,False,False,58812.19220330801,0.9668882314847949,2019-11-24,False,104,32,-0.010140781084458705,faint,24829681.92927653,,HR_2998,3-4,0.9567474504003362,2,1.6290000530716497
40.44755318054365,1.065347065632837,False,0.0,False,False,False,58812.19220330801,0.9687317455583915,2019-11-24,False,104,33,-0.012386880308778103,faint,24118994.141756367,,HR_2998,3-4,0.9563448652496134,3,1.6770000001997687
40.44755318054365,1.065347065632837,False,0.0,False,False,False,58812.19220330801,0.9704261137675274,2019-11-24,False,104,34,-0.017424268689309685,faint,23447857.632227156,,HR_2998,3-4,0.9530018450782177,4,1.7249999473278876
40.44755318054365,1.065347065632837,False,0.0,False,False,False,58812.19220330801,0.9719869401281339,2019-11-24,False,104,35,0.011154734234948727,faint,22813058.654698513,,HR_2998,3-4,0.9831416743630826,5,1.7730000081428443
71.42580258585856,1.065347065632837,False,0.0,False,False,False,58812.22233358929,0.8874669095565192,2019-11-24,False,104,36,0.02015453724836025,faint,46592172.52656246,,HR_2998,1-2,0.9076214468048794,0,1.5330000451285741
71.42580258585856,1.065347065632837,False,0.0,False,False,False,58812.22233358929,0.8938834816152923,2019-11-24,False,104,37,-5.802755222616973e-05,faint,45177610.96501118,,HR_2998,1-2,0.8938254540630661,1,1.580999992256693
71.42580258585856,1.065347065632837,False,0.0,False,False,False,58812.22233358929,0.8997751353672255,2019-11-24,False,104,38,0.011415058916186771,faint,43846408.99868465,,HR_2998,1-2,0.9111901942834123,2,1.6290000530716497
71.42580258585856,1.065347065632837,False,0.0,False,False,False,58812.22233358929,0.9051966299182772,2019-11-24,False,104,39,-0.0032543951576271546,faint,42591414.77480628,,HR_2998,1-2,0.90194223476065,3,1.6770000001997687
71.42580258585856,1.065347065632837,False,0.0,False,False,False,58812.22233358929,0.9101959301219585,2019-11-24,False,104,40,-0.0009359729763211977,faint,41406263.63293561,,HR_2998,1-2,0.9092599571456373,4,1.7249999473278876
71.42580258585856,1.065347065632837,False,0.0,False,False,False,58812.22233358929,0.9148151381594819,2019-11-24,False,104,41,-0.0032718086547431913,faint,40285280.46126441,,HR_2998,1-2,0.9115433295047387,5,1.7730000081428443
112.26867548648731,1.065347065632837,False,0.0,False,False,False,58812.22233358929,0.7413422290698879,2019-11-24,False,104,42,-0.008202178861753895,faint,73234619.81833878,,HR_2998,1-3,0.733140050208134,0,1.5330000451285741
112.26867548648731,1.065347065632837,False,0.0,False,False,False,58812.22233358929,0.7550476224330082,2019-11-24,False,104,43,-0.018807502646495444,faint,71011180.2886456,,HR_2998,1-3,0.7362401197865127,1,1.580999992256693
112.26867548648731,1.065347065632837,False,0.0,False,False,False,58812.22233358929,0.7677430736697188,2019-11-24,False,104,44,-0.01861081571005818,faint,68918767.23686595,,HR_2998,1-3,0.7491322579596607,2,1.6290000530716497
112.26867548648731,1.065347065632837,False,0.0,False,False,False,58812.22233358929,0.7795194903506957,2019-11-24,False,104,45,-0.029889266703134076,faint,66946139.2206998,,HR_2998,1-3,0.7496302236475616,3,1.6770000001997687
112.26867548648731,1.065347065632837,False,0.0,False,False,False,58812.22233358929,0.7904587161314646,2019-11-24,False,104,46,-0.03304526237215688,faint,65083292.12438364,,HR_2998,1-3,0.7574134537593077,4,1.7249999473278876
112.26867548648731,1.065347065632837,False,0.0,False,False,False,58812.22233358929,0.8006343596377189,2019-11-24,False,104,47,-0.03482384766316038,faint,63321305.68013073,,HR_2998,1-3,0.7658105119745585,5,1.7730000081428443
121.67207451126312,1.065347065632837,False,0.0,False,False,False,58812.22233358929,0.7025193709810174,2019-11-24,False,104,48,-0.0007987028770243265,faint,79368604.65066612,,HR_2998,1-4,0.701720668103993,0,1.5330000451285741
121.67207451126312,1.065347065632837,False,0.0,False,False,False,58812.22233358929,0.7179341967886269,2019-11-24,False,104,49,-0.001663889395188689,faint,76958934.28664123,,HR_2998,1-4,0.7162703073934382,1,1.580999992256693
121.67207451126312,1.065347065632837,False,0.0,False,False,False,58812.22233358929,0.7322511251919431,2019-11-24,False,104,50,0.0008450558747167269,faint,74691264.91545394,,HR_2998,1-4,0.7330961810666599,2,1.6290000530716497
121.67207451126312,1.065347065632837,False,0.0,False,False,False,58812.22233358929,0.7455637905488771,2019-11-24,False,104,51,-0.012176067820488079,faint,72553413.5341498,,HR_2998,1-4,0.733387722728389,3,1.6770000001997687
121.67207451126312,1.065347065632837,False,0.0,False,False,False,58812.22233358929,0.7579573629104874,2019-11-24,False,104,52,0.0038633668648918595,faint,70534538.10229927,,HR_2998,1-4,0.7618207297753793,4,1.7249999473278876
121.67207451126312,1.065347065632837,False,0.0,False,False,False,58812.22233358929,0.7695091289957201,2019-11-24,False,104,53,-0.005414248643865416,faint,68624971.20838165,,HR_2998,1-4,0.7640948803518547,5,1.7730000081428443
57.61387815468086,1.065347065632837,False,0.0,False,False,False,58812.22233358929,0.9255058676198217,2019-11-24,False,104,54,0.039782529930741384,faint,37582437.35071041,,HR_2998,2-3,0.9652883975505631,0,1.5330000451285741
57.61387815468086,1.065347065632837,False,0.0,False,False,False,58812.22233358929,0.9298255841027173,2019-11-24,False,104,55,0.02460103998254648,faint,36441415.836089775,,HR_2998,2-3,0.9544266240852638,1,1.580999992256693
57.61387815468086,1.065347065632837,False,0.0,False,False,False,58812.22233358929,0.933783860188395,2019-11-24,False,104,56,0.021052390113768693,faint,35367634.30181839,,HR_2998,2-3,0.9548362503021637,2,1.6290000530716497
57.61387815468086,1.065347065632837,False,0.0,False,False,False,58812.22233358929,0.9374195064645721,2019-11-24,False,104,57,0.028023061853466813,faint,34355323.88063074,,HR_2998,2-3,0.9654425683180389,3,1.6770000001997687
57.61387815468086,1.065347065632837,False,0.0,False,False,False,58812.22233358929,0.9407663379136266,2019-11-24,False,104,58,0.039775664014584766,faint,33399350.674721863,,HR_2998,2-3,0.9805420019282114,4,1.7249999473278876
57.61387815468086,1.065347065632837,False,0.0,False,False,False,58812.22233358929,0.9438538946240832,2019-11-24,False,104,59,0.026999129111282327,faint,32495136.99383983,,HR_2998,2-3,0.9708530237353655,5,1.7730000081428443
89.07029499039919,1.065347065632837,False,0.0,False,False,False,58812.22233358929,0.8297216274490774,2019-11-24,False,104,60,0.014988919785903443,faint,58101951.968911245,,HR_2998,2-4,0.8447105472349808,0,1.5330000451285741
89.07029499039919,1.065347065632837,False,0.0,False,False,False,58812.22233358929,0.8391702148010267,2019-11-24,False,104,61,-0.001307137677359127,faint,56337947.771436565,,HR_2998,2-4,0.8378630771236676,1,1.580999992256693
89.07029499039919,1.065347065632837,False,0.0,False,False,False,58812.22233358929,0.8478743092577766,2019-11-24,False,104,62,0.009763788355704017,faint,54677895.69585823,,HR_2998,2-4,0.8576380976134806,2,1.6290000530716497
89.07029499039919,1.065347065632837,False,0.0,False,False,False,58812.22233358929,0.8559077733039262,2019-11-24,False,104,63,-0.003364747538859514,faint,53112877.149546154,,HR_2998,2-4,0.8525430257650667,3,1.6770000001997687
89.07029499039919,1.065347065632837,False,0.0,False,False,False,58812.22233358929,0.8633359068786384,2019-11-24,False,104,64,-0.01021829287009246,faint,51634955.19427325,,HR_2998,2-4,0.8531176140085459,4,1.7249999473278876
89.07029499039919,1.065347065632837,False,0.0,False,False,False,58812.22233358929,0.8702165053112006,2019-11-24,False,104,65,-0.0054024004150833305,faint,50237052.781346135,,HR_2998,2-4,0.8648141048961173,5,1.7730000081428443
42.12749105819957,1.065347065632837,False,0.0,False,False,False,58812.22233358929,0.9595692896203484,2019-11-24,False,104,66,-0.03230550221138284,faint,27480423.886527866,,HR_2998,3-4,0.9272637874089655,0,1.5330000451285741
42.12749105819957,1.065347065632837,False,0.0,False,False,False,58812.22233358929,0.9619477891125081,2019-11-24,False,104,67,-0.03644444359727106,faint,26646104.5316436,,HR_2998,3-4,0.925503345515237,1,1.580999992256693
42.12749105819957,1.065347065632837,False,0.0,False,False,False,58812.22233358929,0.9641234723859086,2019-11-24,False,104,68,-0.02540809325477822,faint,25860951.31105968,,HR_2998,3-4,0.9387153791311303,2,1.6290000530716497
42.12749105819957,1.065347065632837,False,0.0,False,False,False,58812.22233358929,0.9661186369059243,2019-11-24,False,104,69,-0.02756643275411197,faint,25120746.006667398,,HR_2998,3-4,0.9385522041518123,3,1.6770000001997687
42.12749105819957,1.065347065632837,False,0.0,False,False,False,58812.22233358929,0.9679526260556175,2019-11-24,False,104,70,-0.025696550878771096,faint,24421734.69248923,,HR_2998,3-4,0.9422560751768464,4,1.7249999473278876
42.12749105819957,1.065347065632837,False,0.0,False,False,False,58812.22233358929,0.9696422717186067,2019-11-24,False,104,71,-0.018898002639530564,faint,23760570.143666636,,HR_2998,3-4,0.9507442690790762,5,1.7730000081428443
84.9379321199809,1.0518199266251362,False,0.0,False,False,False,59462.25934025059,0.3849574572668889,2021-09-04,False,106,0,-0.00042524711680341776,bright,55406346.78380396,,bet_Hyi,1-2,0.3845322101500855,0,1.5330000451285741
84.9379321199809,1.0518199266251362,False,0.0,False,False,False,59462.25934025059,0.40952707344119954,2021-09-04,False,106,1,0.00031386582339920643,bright,53724182.5022035,,bet_Hyi,1-2,0.40984093926459875,1,1.580999992256693
84.9379321199809,1.0518199266251362,False,0.0,False,False,False,59462.25934025059,0.43305685157031004,2021-09-04,False,106,2,-4.7226502238872925e-05,bright,52141147.54620269,,bet_Hyi,1-2,0.43300962506807117,2,1.6290000530716497
84.9379321199809,1.0518199266251362,False,0.0,False,False,False,59462.25934025059,0.45555059674833126,2021-09-04,False,106,3,-0.004560620778094715,bright,50648737.095923,,bet_Hyi,1-2,0.45098997597023655,3,1.6770000001997687
84.9379321199809,1.0518199266251362,False,0.0,False,False,False,59462.25934025059,0.47702427006394554,2021-09-04,False,106,4,-0.002742499765637396,bright,49239382.44262213,,bet_Hyi,1-2,0.47428177029830815,4,1.7249999473278876
84.9379321199809,1.0518199266251362,False,0.0,False,False,False,59462.25934025059,0.49750253956711565,2021-09-04,False,106,5,-0.007784956709146529,bright,47906334.873032756,,bet_Hyi,1-2,0.4897175828579691,5,1.7730000081428443
129.1535286983671,1.0518199266251362,False,0.0,False,False,False,59462.25934025059,0.07738699933094631,2021-09-04,False,106,6,-0.0016891083542842633,bright,84248874.68775962,,bet_Hyi,1-3,0.07569789097666205,0,1.5330000451285741
129.1535286983671,1.0518199266251362,False,0.0,False,False,False,59462.25934025059,0.09442489980640052,2021-09-04,False,106,7,-0.003458134762225673,bright,81691036.89495628,,bet_Hyi,1-3,0.09096676504417485,1,1.580999992256693
129.1535286983671,1.0518199266251362,False,0.0,False,False,False,59462.25934025059,0.11233429280205207,2021-09-04,False,106,8,-0.0023896784095075174,bright,79283931.54735301,,bet_Hyi,1-3,0.10994461439254455,2,1.6290000530716497
129.1535286983671,1.0518199266251362,False,0.0,False,False,False,59462.25934025059,0.13090795745025977,2021-09-04,False,106,9,-0.0020632743506022733,bright,77014626.52533214,,bet_Hyi,1-3,0.1288446830996575,3,1.6770000001997687
129.1535286983671,1.0518199266251362,False,0.0,False,False,False,59462.25934025059,0.14996040876494304,2021-09-04,False,106,10,-0.002121418264586644,bright,74871613.1258047,,bet_Hyi,1-3,0.1478389905003564,4,1.7249999473278876
129.1535286983671,1.0518199266251362,False,0.0,False,False,False,59462.25934025059,0.16932808435125074,2021-09-04,False,106,11,-0.003252834649130648,bright,72844629.50096144,,bet_Hyi,1-3,0.1660752497021201,5,1.7730000081428443
110.19670906709202,1.0518199266251362,False,0.0,False,False,False,59462.25934025059,0.17896981541688797,2021-09-04,False,106,12,0.003653661343665293,bright,71883043.58976696,,bet_Hyi,1-4,0.18262347676055327,0,1.5330000451285741
110.19670906709202,1.0518199266251362,False,0.0,False,False,False,59462.25934025059,0.20192002877126,2021-09-04,False,106,13,-0.0004294690124029832,bright,69700638.58747973,,bet_Hyi,1-4,0.20149055975885702,1,1.580999992256693
110.19670906709202,1.0518199266251362,False,0.0,False,False,False,59462.25934025059,0.22484239055779567,2021-09-04,False,106,14,-0.003901180491688666,bright,67646841.91342083,,bet_Hyi,1-4,0.220941210066107,2,1.6290000530716497
110.19670906709202,1.0518199266251362,False,0.0,False,False,False,59462.25934025059,0.24758945023759138,2021-09-04,False,106,15,-0.0035577415798858925,bright,65710619.59091538,,bet_Hyi,1-4,0.2440317086577055,3,1.6770000001997687
110.19670906709202,1.0518199266251362,False,0.0,False,False,False,59462.25934025059,0.2700423471360574,2021-09-04,False,106,16,-0.001791212137650322,bright,63882152.13443473,,bet_Hyi,1-4,0.2682511349984071,4,1.7249999473278876
110.19670906709202,1.0518199266251362,False,0.0,False,False,False,59462.25934025059,0.29210678783535954,2021-09-04,False,106,17,-0.002468450017423074,bright,62152683.90354901,,bet_Hyi,1-4,0.28963833781793646,5,1.7730000081428443
51.765093293082266,1.0518199266251362,False,0.0,False,False,False,59462.25934025059,0.7142412046942253,2021-09-04,False,106,18,0.00774541244331628,bright,33767183.150174454,,bet_Hyi,2-3,0.7219866171375415,0,1.5330000451285741
51.765093293082266,1.0518199266251362,False,0.0,False,False,False,59462.25934025059,0.7291522998273731,2021-09-04,False,106,19,0.00257440543560139,bright,32741994.65313952,,bet_Hyi,2-3,0.7317267052629745,1,1.580999992256693
51.765093293082266,1.0518199266251362,False,0.0,False,False,False,59462.25934025059,0.7429898853788809,2021-09-04,False,106,20,0.005283790826914103,bright,31777220.139111582,,bet_Hyi,2-3,0.748273676205795,2,1.6290000530716497
51.765093293082266,1.0518199266251362,False,0.0,False,False,False,59462.25934025059,0.7558471230706498,2021-09-04,False,106,21,0.002627111000615634,bright,30867676.378602188,,bet_Hyi,2-3,0.7584742340712655,3,1.6770000001997687
51.765093293082266,1.0518199266251362,False,0.0,False,False,False,59462.25934025059,0.7678084710659032,2021-09-04,False,106,22,0.018212503846227857,bright,30008750.651424088,,bet_Hyi,2-3,0.7860209749121311,4,1.7249999473278876
51.765093293082266,1.0518199266251362,False,0.0,False,False,False,59462.25934025059,0.7789503497212695,2021-09-04,False,106,23,0.014191799787143133,bright,29196329.98045183,,bet_Hyi,2-3,0.7931421495084127,5,1.7730000081428443
81.0659638874366,1.0518199266251362,False,0.0,False,False,False,59462.25934025059,0.4220202163634113,2021-09-04,False,106,24,-0.0011392644131518193,bright,52880601.10959587,,bet_Hyi,2-4,0.4208809519502595,0,1.5330000451285741
81.0659638874366,1.0518199266251362,False,0.0,False,False,False,59462.25934025059,0.44607617952866097,2021-09-04,False,106,25,0.0010412784809363251,bright,51275119.72452599,,bet_Hyi,2-4,0.4471174580095973,1,1.580999992256693
81.0659638874366,1.0518199266251362,False,0.0,False,False,False,59462.25934025059,0.4690036302794491,2021-09-04,False,106,26,0.024538032190063064,bright,49764248.77002198,,bet_Hyi,2-4,0.49354166246951214,2,1.6290000530716497
81.0659638874366,1.0518199266251362,False,0.0,False,False,False,59462.25934025059,0.49082709722717066,2021-09-04,False,106,27,0.00327698345207289,bright,48339871.12568861,,bet_Hyi,2-4,0.49410408067924355,3,1.6770000001997687
81.0659638874366,1.0518199266251362,False,0.0,False,False,False,59462.25934025059,0.511579781553176,2021-09-04,False,106,28,-0.008768261926937582,bright,46994763.1088406,,bet_Hyi,2-4,0.5028115196262384,4,1.7249999473278876
81.0659638874366,1.0518199266251362,False,0.0,False,False,False,59462.25934025059,0.5313006207800358,2021-09-04,False,106,29,-0.017041364964339722,bright,45722483.652073056,,bet_Hyi,2-4,0.5142592558156961,5,1.7730000081428443
68.73874662327931,1.0518199266251362,False,0.0,False,False,False,59462.25934025059,0.545023133202408,2021-09-04,False,106,30,-0.02534777310706604,bright,44839363.731078126,,bet_Hyi,3-4,0.519675360095342,0,1.5330000451285741
68.73874662327931,1.0518199266251362,False,0.0,False,False,False,59462.25934025059,0.5662001162497866,2021-09-04,False,106,31,-0.01142437024402354,bright,43478018.317484476,,bet_Hyi,3-4,0.5547757460057631,1,1.580999992256693
68.73874662327931,1.0518199266251362,False,0.0,False,False,False,59462.25934025059,0.586120302478888,2021-09-04,False,106,32,-0.0045630414008766,bright,42196896.49098858,,bet_Hyi,3-4,0.5815572610780114,2,1.6290000530716497
68.73874662327931,1.0518199266251362,False,0.0,False,False,False,59462.25934025059,0.6048578869020801,2021-09-04,False,106,33,-0.005588866325740516,bright,40989115.45324446,,bet_Hyi,3-4,0.5992690205763396,3,1.6770000001997687
68.73874662327931,1.0518199266251362,False,0.0,False,False,False,59462.25934025059,0.6224857645830014,2021-09-04,False,106,34,-0.006953304813192784,bright,39848549.983876295,,bet_Hyi,3-4,0.6155324597698086,4,1.7249999473278876
68.73874662327931,1.0518199266251362,False,0.0,False,False,False,59462.25934025059,0.6390743793611837,2021-09-04,False,106,35,-0.017273950475130917,bright,38769738.47015418,,bet_Hyi,3-4,0.6218004288860528,5,1.7730000081428443
85.36084157374891,1.0518199266251362,False,0.0,False,False,False,59462.26983520286,0.38097504505279084,2021-09-04,False,106,36,0.010510711537873696,bright,55682217.26085443,,bet_Hyi,1-2,0.39148575659066454,0,1.5330000451285741
85.36084157374891,1.0518199266251362,False,0.0,False,False,False,59462.26983520286,0.4055885833421364,2021-09-04,False,106,37,0.008630356456495347,bright,53991677.41418283,,bet_Hyi,1-2,0.4142189397986317,1,1.580999992256693
85.36084157374891,1.0518199266251362,False,0.0,False,False,False,59462.26983520286,0.4291733087335638,2021-09-04,False,106,38,0.008115381828456059,bright,52400760.462095834,,bet_Hyi,1-2,0.43728869056201985,2,1.6290000530716497
85.36084157374891,1.0518199266251362,False,0.0,False,False,False,59462.26983520286,0.4517306486233421,2021-09-04,False,106,39,0.0035914819007916154,bright,50900919.23886733,,bet_Hyi,1-2,0.45532213052413373,3,1.6770000001997687
85.36084157374891,1.0518199266251362,False,0.0,False,False,False,59462.26983520286,0.47327456756563857,2021-09-04,False,106,40,0.005133312925854228,bright,49484547.35084322,,bet_Hyi,1-2,0.4784078804914928,4,1.7249999473278876
85.36084157374891,1.0518199266251362,False,0.0,False,False,False,59462.26983520286,0.49382806590989264,2021-09-04,False,106,41,-0.0035944069340700935,bright,48144862.48263553,,bet_Hyi,1-2,0.49023365897582255,5,1.7730000081428443
129.20687017218893,1.0518199266251362,False,0.0,False,False,False,59462.26983520286,0.07716917242455723,2021-09-04,False,106,42,0.0016113599709893234,bright,84283670.16868041,,bet_Hyi,1-3,0.07878053239554655,0,1.5330000451285741
129.20687017218893,1.0518199266251362,False,0.0,False,False,False,59462.26983520286,0.09418688332073334,2021-09-04,False,106,43,0.0006020107974308436,bright,81724775.9677476,,bet_Hyi,1-3,0.09478889411816419,1,1.580999992256693
129.20687017218893,1.0518199266251362,False,0.0,False,False,False,59462.26983520286,0.11207832278056551,2021-09-04,False,106,44,0.001850143230016199,bright,79316676.4657594,,bet_Hyi,1-3,0.11392846601058171,2,1.6290000530716497
129.20687017218893,1.0518199266251362,False,0.0,False,False,False,59462.26983520286,0.1306362368389841,2021-09-04,False,106,45,0.002435441073444261,bright,77046434.20202592,,bet_Hyi,1-3,0.13307167791242835,3,1.6770000001997687
129.20687017218893,1.0518199266251362,False,0.0,False,False,False,59462.26983520286,0.14967505824518834,2021-09-04,False,106,46,0.0029328079298071574,bright,74902535.72026882,,bet_Hyi,1-3,0.1526078661749955,4,1.7249999473278876
129.20687017218893,1.0518199266251362,False,0.0,False,False,False,59462.26983520286,0.16903110992295184,2021-09-04,False,106,47,0.0014179026331049838,bright,72874714.93445091,,bet_Hyi,1-3,0.17044901255605682,5,1.7730000081428443
109.23934011594456,1.0518199266251362,False,0.0,False,False,False,59462.26983520286,0.18538662741556092,2021-09-04,False,106,48,0.010065203462018585,bright,71258536.79070346,,bet_Hyi,1-4,0.1954518308775795,0,1.5330000451285741
109.23934011594456,1.0518199266251362,False,0.0,False,False,False,59462.26983520286,0.20854679479029417,2021-09-04,False,106,49,0.006508669639234882,bright,69095092.12585014,,bet_Hyi,1-4,0.21505546442952905,1,1.580999992256693
109.23934011594456,1.0518199266251362,False,0.0,False,False,False,59462.26983520286,0.23163217908723396,2021-09-04,False,106,50,0.0029281180615245705,bright,67059138.46347787,,bet_Hyi,1-4,0.23456029714875853,2,1.6290000530716497
109.23934011594456,1.0518199266251362,False,0.0,False,False,False,59462.26983520286,0.2545003839705562,2021-09-04,False,106,51,0.0032496649264050492,bright,65139737.68809283,,bet_Hyi,1-4,0.25775004889696124,3,1.6770000001997687
109.23934011594456,1.0518199266251362,False,0.0,False,False,False,59462.26983520286,0.277037405739978,2021-09-04,False,106,52,0.004220933239456215,bright,63327155.62406934,,bet_Hyi,1-4,0.2812583389794342,4,1.7249999473278876
109.23934011594456,1.0518199266251362,False,0.0,False,False,False,59462.26983520286,0.29915350800785645,2021-09-04,False,106,53,0.004281433113625888,bright,61612712.69838795,,bet_Hyi,1-4,0.30343494112148234,5,1.7730000081428443
51.39524183950414,1.0518199266251362,False,0.0,False,False,False,59462.26983520286,0.7177684355057857,2021-09-04,False,106,54,0.007485651314595776,bright,33525923.239743657,,bet_Hyi,2-3,0.7252540868203815,0,1.5330000451285741
51.39524183950414,1.0518199266251362,False,0.0,False,False,False,59462.26983520286,0.732525600701512,2021-09-04,False,106,55,0.0015780918067295202,bright,32508059.513740685,,bet_Hyi,2-3,0.7341036925082415,1,1.580999992256693
51.39524183950414,1.0518199266251362,False,0.0,False,False,False,59462.26983520286,0.7462170040596701,2021-09-04,False,106,56,0.004634049430857212,bright,31550178.124667976,,bet_Hyi,2-3,0.7508510534905273,2,1.6290000530716497
51.39524183950414,1.0518199266251362,False,0.0,False,False,False,59462.26983520286,0.7589355993742052,2021-09-04,False,106,57,0.005271422641502821,bright,30647132.87619666,,bet_Hyi,2-3,0.764207022015708,3,1.6770000001997687
51.39524183950414,1.0518199266251362,False,0.0,False,False,False,59462.26983520286,0.7707655756895034,2021-09-04,False,106,58,0.02134507813793085,bright,29794344.00512184,,bet_Hyi,2-3,0.7921106538274343,4,1.7249999473278876
51.39524183950414,1.0518199266251362,False,0.0,False,False,False,59462.26983520286,0.7817830467473871,2021-09-04,False,106,59,0.016334446883653486,bright,28987727.92073411,,bet_Hyi,2-3,0.7981174936310406,5,1.7730000081428443
80.75094897671724,1.0518199266251362,False,0.0,False,False,False,59462.26983520286,0.4250794723517218,2021-09-04,False,106,60,-0.00589599630098403,bright,52675111.93709364,,bet_Hyi,2-4,0.41918347605073775,0,1.5330000451285741
80.75094897671724,1.0518199266251362,False,0.0,False,False,False,59462.26983520286,0.44908492907774683,2021-09-04,False,106,61,0.006309738087413641,bright,51075869.30563781,,bet_Hyi,2-4,0.45539466716516047,1,1.580999992256693
80.75094897671724,1.0518199266251362,False,0.0,False,False,False,59462.26983520286,0.47195565189112365,2021-09-04,False,106,62,0.032254612738942035,bright,49570869.45728018,,bet_Hyi,2-4,0.5042102646300657,2,1.6290000530716497
80.75094897671724,1.0518199266251362,False,0.0,False,False,False,59462.26983520286,0.49371776443095877,2021-09-04,False,106,63,0.023421821351621908,bright,48152026.81401191,,bet_Hyi,2-4,0.5171395857825807,3,1.6770000001997687
80.75094897671724,1.0518199266251362,False,0.0,False,False,False,59462.26983520286,0.5144057820751821,2021-09-04,False,106,64,0.013583514869169089,bright,46812145.76371701,,bet_Hyi,2-4,0.5279892969443511,4,1.7249999473278876
80.75094897671724,1.0518199266251362,False,0.0,False,False,False,59462.26983520286,0.5340597196304627,2021-09-04,False,106,65,0.005929105792260803,bright,45544810.26838858,,bet_Hyi,2-4,0.5399888254227235,5,1.7730000081428443
69.26079517482263,1.0518199266251362,False,0.0,False,False,False,59462.26983520286,0.5397292582185607,2021-09-04,False,106,66,-0.024780379879211,bright,45179904.19825047,,bet_Hyi,3-4,0.5149488783393497,0,1.5330000451285741
69.26079517482263,1.0518199266251362,False,0.0,False,False,False,59462.26983520286,0.5610628032436774,2021-09-04,False,106,67,-0.013671187042399335,bright,43808219.80647889,,bet_Hyi,3-4,0.5473916162012781,1,1.580999992256693
69.26079517482263,1.0518199266251362,False,0.0,False,False,False,59462.26983520286,0.5811401977847147,2021-09-04,False,106,68,-0.0007438800467498563,bright,42517368.27400599,,bet_Hyi,3-4,0.5803963177379649,2,1.6290000530716497
69.26079517482263,1.0518199266251362,False,0.0,False,False,False,59462.26983520286,0.6000341196564489,2021-09-04,False,106,69,0.003344205279910528,bright,41300414.52985814,,bet_Hyi,3-4,0.6033783249363595,3,1.6770000001997687
69.26079517482263,1.0518199266251362,False,0.0,False,False,False,59462.26983520286,0.617816308230611,2021-09-04,False,106,70,0.0022215624643902032,bright,40151186.83459157,,bet_Hyi,3-4,0.6200378706950012,4,1.7249999473278876
69.26079517482263,1.0518199266251362,False,0.0,False,False,False,59462.26983520286,0.634556339770496,2021-09-04,False,106,71,-0.00830194288229369,bright,39064182.0962939,,bet_Hyi,3-4,0.6262543968882023,5,1.7730000081428443
81.5425749772413,1.0298750420511587,False,0.0,False,False,False,59468.17293340067,0.38555141140461424,2021-09-10,False,106,0,-0.0005366222236674045,faint,53191502.007035,,bet_Hyi,1-2,0.38501478918094684,0,1.5330000451285741
81.5425749772413,1.0298750420511587,False,0.0,False,False,False,59468.17293340067,0.41011428257632815,2021-09-10,False,106,1,-0.0021693071876424663,faint,51576581.51588526,,bet_Hyi,1-2,0.4079449753886857,1,1.580999992256693
81.5425749772413,1.0298750420511587,False,0.0,False,False,False,59468.17293340067,0.43363569675497166,2021-09-10,False,106,2,0.0035754510124484384,faint,50056827.69836886,,bet_Hyi,1-2,0.4372111477674201,2,1.6290000530716497
81.5425749772413,1.0298750420511587,False,0.0,False,False,False,59468.17293340067,0.4561198111901936,2021-09-10,False,106,3,0.0025684803040936233,faint,48624075.71110777,,bet_Hyi,1-2,0.45868829149428725,3,1.6770000001997687
81.5425749772413,1.0298750420511587,False,0.0,False,False,False,59468.17293340067,0.47758288236174495,2021-09-10,False,106,4,0.00776606445583472,faint,47271059.401221946,,bet_Hyi,1-2,0.4853489468175797,4,1.7249999473278876
81.5425749772413,1.0298750420511587,False,0.0,False,False,False,59468.17293340067,0.49804982480642523,2021-09-10,False,106,5,0.006870201251643726,faint,45991299.8323414,,bet_Hyi,1-2,0.504920026058069,5,1.7730000081428443
128.13167449796612,1.0298750420511587,False,0.0,False,False,False,59468.17293340067,0.06130597443055871,2021-09-10,False,106,6,0.004730788875710351,faint,83582303.14808607,,bet_Hyi,1-3,0.06603676330626906,0,1.5330000451285741
128.13167449796612,1.0298750420511587,False,0.0,False,False,False,59468.17293340067,0.07671279824888888,2021-09-10,False,106,7,0.0027080017992665434,faint,81044702.79919046,,bet_Hyi,1-3,0.07942080004815542,1,1.580999992256693
128.13167449796612,1.0298750420511587,False,0.0,False,False,False,59468.17293340067,0.09315868762491974,2021-09-10,False,106,8,0.005229752361880433,faint,78656642.31033048,,bet_Hyi,1-3,0.09838843998680018,2,1.6290000530716497
128.13167449796612,1.0298750420511587,False,0.0,False,False,False,59468.17293340067,0.110436510888096,2021-09-10,False,106,9,0.004989819867634068,faint,76405291.87996586,,bet_Hyi,1-3,0.11542633075573007,3,1.6770000001997687
128.13167449796612,1.0298750420511587,False,0.0,False,False,False,59468.17293340067,0.12835650262949888,2021-09-10,False,106,10,0.005930612605579699,faint,74279233.86110741,,bet_Hyi,1-3,0.13428711523507858,4,1.7249999473278876
128.13167449796612,1.0298750420511587,False,0.0,False,False,False,59468.17293340067,0.14674782712436873,2021-09-10,False,106,11,0.005194408697162228,faint,72268287.59700885,,bet_Hyi,1-3,0.15194223582153096,5,1.7730000081428443
115.27435792927416,1.0298750420511587,False,0.0,False,False,False,59468.17293340067,0.120443563246726,2021-09-10,False,106,12,-0.0035298576086726097,faint,75195273.66980997,,bet_Hyi,1-4,0.1169137056380534,0,1.5330000451285741
115.27435792927416,1.0298750420511587,False,0.0,False,False,False,59468.17293340067,0.14070533610397892,2021-09-10,False,106,13,-0.007609583308014561,faint,72912307.71274923,,bet_Hyi,1-4,0.13309575279596436,1,1.580999992256693
115.27435792927416,1.0298750420511587,False,0.0,False,False,False,59468.17293340067,0.1614211324937003,2021-09-10,False,106,14,-0.008661037273095112,faint,70763876.1041857,,bet_Hyi,1-4,0.15276009522060519,2,1.6290000530716497
115.27435792927416,1.0298750420511587,False,0.0,False,False,False,59468.17293340067,0.18240164072128773,2021-09-10,False,106,15,-0.00891317361164462,faint,68738436.4433765,,bet_Hyi,1-4,0.1734884671096431,3,1.6770000001997687
115.27435792927416,1.0298750420511587,False,0.0,False,False,False,59468.17293340067,0.20348524955721672,2021-09-10,False,106,16,-0.0040561874423149236,faint,66825716.78210193,,bet_Hyi,1-4,0.1994290621149018,4,1.7249999473278876
115.27435792927416,1.0298750420511587,False,0.0,False,False,False,59468.17293340067,0.22453571469624412,2021-09-10,False,106,17,-0.004840646528358278,faint,65016558.03714295,,bet_Hyi,1-4,0.21969506816788584,5,1.7730000081428443
53.73923762343478,1.0298750420511587,False,0.0,False,False,False,59468.17293340067,0.6737890560052608,2021-09-10,False,106,18,0.048588240435077146,faint,35054948.494099766,,bet_Hyi,2-3,0.722377296440338,0,1.5330000451285741
53.73923762343478,1.0298750420511587,False,0.0,False,False,False,59468.17293340067,0.6904024790394147,2021-09-10,False,106,19,0.02043296806004935,faint,33990662.799895585,,bet_Hyi,2-3,0.710835447099464,1,1.580999992256693
53.73923762343478,1.0298750420511587,False,0.0,False,False,False,59468.17293340067,0.7058644576785277,2021-09-10,False,106,20,0.03756963054376494,faint,32989095.07222166,,bet_Hyi,2-3,0.7434340882222926,2,1.6290000530716497
53.73923762343478,1.0298750420511587,False,0.0,False,False,False,59468.17293340067,0.7202687940051491,2021-09-10,False,106,21,0.03134717951271104,faint,32044864.410872523,,bet_Hyi,2-3,0.7516159735178601,3,1.6770000001997687
53.73923762343478,1.0298750420511587,False,0.0,False,True,False,59468.17293340067,0.7337015730183465,2021-09-10,False,106,22,0.05090466116167447,faint,31153182.18222533,,bet_Hyi,2-3,0.784606234180021,4,1.7249999473278876
53.73923762343478,1.0298750420511587,False,0.0,False,False,False,59468.17293340067,0.7462415092922151,2021-09-10,False,106,23,0.046271211907215726,faint,30309778.55421713,,bet_Hyi,2-3,0.7925127211994308,5,1.7730000081428443
81.38299027752728,1.0298750420511587,False,0.0,False,False,False,59468.17293340067,0.38712014337043804,2021-09-10,False,106,24,-0.020218012094720683,faint,53087402.40167548,,bet_Hyi,2-4,0.36690213127571736,0,1.5330000451285741
81.38299027752728,1.0298750420511587,False,0.0,False,False,False,59468.17293340067,0.4116649589011283,2021-09-10,False,106,25,-0.018421678978005007,faint,51475642.42638772,,bet_Hyi,2-4,0.3932432799231233,1,1.580999992256693
81.38299027752728,1.0298750420511587,False,0.0,False,False,False,59468.17293340067,0.43516407311092403,2021-09-10,False,106,26,-0.010165165410276067,faint,49958862.87669,,bet_Hyi,2-4,0.42499890770064797,2,1.6290000530716497
81.38299027752728,1.0298750420511587,False,0.0,False,False,False,59468.17293340067,0.4576225702642025,2021-09-10,False,106,27,-0.007892093122173205,faint,48528914.88839161,,bet_Hyi,2-4,0.4497304771420293,3,1.6770000001997687
81.38299027752728,1.0298750420511587,False,0.0,False,False,False,59468.17293340067,0.47905748404249326,2021-09-10,False,106,28,-0.011837677280296444,faint,47178546.528997675,,bet_Hyi,2-4,0.4672198067621968,4,1.7249999473278876
81.38299027752728,1.0298750420511587,False,0.0,False,False,False,59468.17293340067,0.49949437719891926,2021-09-10,False,106,29,-0.006723001578444576,faint,45901291.54188393,,bet_Hyi,2-4,0.4927713756204747,5,1.7730000081428443
63.91636464051902,1.0298750420511587,False,0.0,False,False,False,59468.17293340067,0.5674520405163066,2021-09-10,False,106,30,-0.0051435997619186935,faint,41693648.244581945,,bet_Hyi,3-4,0.5623084407543879,0,1.5330000451285741
63.91636464051902,1.0298750420511587,False,0.0,False,False,False,59468.17293340067,0.5879365526544033,2021-09-10,False,106,31,-0.004035598379256489,faint,40427808.31977479,,bet_Hyi,3-4,0.5839009542751468,1,1.580999992256693
63.91636464051902,1.0298750420511587,False,0.0,False,False,False,59468.17293340067,0.6071660827704838,2021-09-10,False,106,32,-0.0009087682355459759,faint,39236563.8785573,,bet_Hyi,3-4,0.6062573145349378,2,1.6290000530716497
63.91636464051902,1.0298750420511587,False,0.0,False,False,False,59468.17293340067,0.6252206294293285,2021-09-10,False,106,33,0.004643799176446528,faint,38113514.986824766,,bet_Hyi,3-4,0.6298644286057751,3,1.6770000001997687
63.91636464051902,1.0298750420511587,False,0.0,False,False,False,59468.17293340067,0.6421774392526587,2021-09-10,False,106,34,0.01216378476657276,faint,37052966.140392475,,bet_Hyi,3-4,0.6543412240192314,4,1.7249999473278876
63.91636464051902,1.0298750420511587,False,0.0,False,False,False,59468.17293340067,0.6581101586699363,2021-09-10,False,106,35,0.012498989123083004,faint,36049838.88718037,,bet_Hyi,3-4,0.6706091477930193,5,1.7730000081428443
82.09513429470806,1.0298750420511587,False,0.0,False,False,False,59468.18325608513,0.38013608054862424,2021-09-10,False,106,36,-0.0024913484180517087,faint,53551945.12588724,,bet_Hyi,1-2,0.37764473213057254,0,1.5330000451285741
82.09513429470806,1.0298750420511587,False,0.0,False,False,False,59468.18325608513,0.4047585810926194,2021-09-10,False,106,37,8.512025607027018e-05,faint,51926081.402142726,,bet_Hyi,1-2,0.4048437013486897,1,1.580999992256693
82.09513429470806,1.0298750420511587,False,0.0,False,False,False,59468.18325608513,0.4283546292752345,2021-09-10,False,106,38,0.00251785763085155,faint,50396029.23272415,,bet_Hyi,1-2,0.43087248690608604,2,1.6290000530716497
82.09513429470806,1.0298750420511587,False,0.0,False,False,False,59468.18325608513,0.4509251479330651,2021-09-10,False,106,39,0.0021850877198774654,faint,48953568.44658835,,bet_Hyi,1-2,0.45311023565294256,3,1.6770000001997687
82.09513429470806,1.0298750420511587,False,0.0,False,False,False,59468.18325608513,0.4724836774768857,2021-09-10,False,106,40,0.00876271224474251,faint,47591383.65301262,,bet_Hyi,1-2,0.4812463897216282,4,1.7249999473278876
82.09513429470806,1.0298750420511587,False,0.0,False,False,False,59468.18325608513,0.4930528635899374,2021-09-10,False,106,41,0.01009300310096295,faint,46302952.01222241,,bet_Hyi,1-2,0.5031458666909003,5,1.7730000081428443
128.3466680276734,1.0298750420511587,False,0.0,False,False,False,59468.18325608513,0.060515221705303046,2021-09-10,False,106,42,0.004006016444430993,faint,83722546.80325781,,bet_Hyi,1-3,0.06452123814973404,0,1.5330000451285741
128.3466680276734,1.0298750420511587,False,0.0,False,False,False,59468.18325608513,0.07583369384465138,2021-09-10,False,106,43,0.002302688752773868,faint,81180688.58714761,,bet_Hyi,1-3,0.07813638259742525,1,1.580999992256693
128.3466680276734,1.0298750420511587,False,0.0,False,False,False,59468.18325608513,0.09219957616791315,2021-09-10,False,106,44,0.004014904206284808,faint,78788621.14563,,bet_Hyi,1-3,0.09621448037419796,2,1.6290000530716497
128.3466680276734,1.0298750420511587,False,0.0,False,False,False,59468.18325608513,0.10940589677107176,2021-09-10,False,106,45,0.0038358315317754826,faint,76533493.14990124,,bet_Hyi,1-3,0.11324172830284725,3,1.6770000001997687
128.3466680276734,1.0298750420511587,False,0.0,False,False,False,59468.18325608513,0.1272627914305643,2021-09-10,False,106,46,0.004472235482210596,faint,74403867.79517813,,bet_Hyi,1-3,0.1317350269127749,4,1.7249999473278876
128.3466680276734,1.0298750420511587,False,0.0,False,False,False,59468.18325608513,0.14559914268001822,2021-09-10,False,106,47,0.0038908297774577494,faint,72389547.34247974,,bet_Hyi,1-3,0.14948997245747597,5,1.7730000081428443
114.67253376895071,1.0298750420511587,False,0.0,False,False,False,59468.18325608513,0.1237991283706155,2021-09-10,False,106,48,-0.0027076434486639905,faint,74802694.32042517,,bet_Hyi,1-4,0.12109148492195151,0,1.5330000451285741
114.67253376895071,1.0298750420511587,False,0.0,False,False,False,59468.18325608513,0.14425951488067168,2021-09-10,False,106,49,-0.004032751906860671,faint,72531647.26792254,,bet_Hyi,1-4,0.140226762973811,1,1.580999992256693
114.67253376895071,1.0298750420511587,False,0.0,False,False,False,59468.18325608513,0.1651436075541169,2021-09-10,False,106,50,-0.005213425504129593,faint,70394432.1872327,,bet_Hyi,1-4,0.1599301820499873,2,1.6290000530716497
114.67253376895071,1.0298750420511587,False,0.0,False,False,False,59468.18325608513,0.18626414473021194,2021-09-10,False,106,51,-0.005281935601118781,faint,68379566.9381578,,bet_Hyi,1-4,0.18098220912909316,3,1.6770000001997687
114.67253376895071,1.0298750420511587,False,0.0,False,False,False,59468.18325608513,0.2074617890218894,2021-09-10,False,106,52,-0.0008805516106683564,faint,66476833.20024692,,bet_Hyi,1-4,0.20658123741122103,4,1.7249999473278876
114.67253376895071,1.0298750420511587,False,0.0,False,False,False,59468.18325608513,0.22860265202441127,2021-09-10,False,106,53,-0.0010144444016601806,faint,64677119.7080062,,bet_Hyi,1-4,0.2275882076227511,5,1.7730000081428443
53.5034602819909,1.0298750420511587,False,0.0,False,False,False,59468.18325608513,0.6762006128434194,2021-09-10,False,106,54,0.03053530452368336,faint,34901147.23219301,,bet_Hyi,2-3,0.7067359173671027,0,1.5330000451285741
53.5034602819909,1.0298750420511587,False,0.0,False,False,False,59468.18325608513,0.6927158766502134,2021-09-10,False,106,55,0.0029807439315887585,faint,33841531.0208958,,bet_Hyi,2-3,0.6956966205818021,1,1.580999992256693
53.5034602819909,1.0298750420511587,False,0.0,False,False,False,59468.18325608513,0.7080837706350175,2021-09-10,False,106,56,0.01825433723066583,faint,32844357.60520973,,bet_Hyi,2-3,0.7263381078656833,2,1.6290000530716497
53.5034602819909,1.0298750420511587,False,0.0,False,False,False,59468.18325608513,0.7223981489891487,2021-09-10,False,106,57,0.00989106927800254,faint,31904269.693272166,,bet_Hyi,2-3,0.7322892182671512,3,1.6770000001997687
53.5034602819909,1.0298750420511587,False,0.0,False,False,False,59468.18325608513,0.7357450755026145,2021-09-10,False,106,58,0.02875528906386482,faint,31016499.661272727,,bet_Hyi,2-3,0.7645003645664793,4,1.7249999473278876
53.5034602819909,1.0298750420511587,False,0.0,False,False,False,59468.18325608513,0.7482031916013329,2021-09-10,False,106,59,0.023031159077559704,faint,30176796.410753492,,bet_Hyi,2-3,0.7712343506788926,5,1.7730000081428443
81.53123993748099,1.0298750420511587,False,0.0,False,False,False,59468.18325608513,0.38566276656559983,2021-09-10,False,106,60,-0.01103844146770988,faint,53184107.98262102,,bet_Hyi,2-4,0.37462432509788995,0,1.5330000451285741
81.53123993748099,1.0298750420511587,False,0.0,False,False,False,59468.18325608513,0.4102243675904402,2021-09-10,False,106,61,-0.0063364586925045985,faint,51569411.977734834,,bet_Hyi,2-4,0.4038879088979356,1,1.580999992256693
81.53123993748099,1.0298750420511587,False,0.0,False,False,False,59468.18325608513,0.4337442088318623,2021-09-10,False,106,62,0.0004596889567400342,faint,50049869.417588614,,bet_Hyi,2-4,0.43420389778860236,2,1.6290000530716497
81.53123993748099,1.0298750420511587,False,0.0,False,False,False,59468.18325608513,0.4562265134906122,2021-09-10,False,106,63,-0.0017544376150392949,faint,48617316.593779825,,bet_Hyi,2-4,0.4544720758755729,3,1.6770000001997687
81.53123993748099,1.0298750420511587,False,0.0,False,False,False,59468.18325608513,0.47768759335781985,2021-09-10,False,106,64,-0.008474417952338442,faint,47264488.36347909,,bet_Hyi,2-4,0.4692131754054814,4,1.7249999473278876
81.53123993748099,1.0298750420511587,False,0.0,False,False,False,59468.18325608513,0.498152409117158,2021-09-10,False,106,65,-0.005460252910669483,faint,45984906.69093799,,bet_Hyi,2-4,0.49269215620648854,5,1.7730000081428443
64.77013148152524,1.0298750420511587,False,0.0,False,False,False,59468.18325608513,0.5584332634574004,2021-09-10,False,106,66,-0.008042689856995966,faint,42250573.76048081,,bet_Hyi,3-4,0.5503905736004044,0,1.5330000451285741
64.77013148152524,1.0298750420511587,False,0.0,False,False,False,59468.18325608513,0.5792018184596323,2021-09-10,False,106,67,-0.0056903869448763356,faint,40967825.29965319,,bet_Hyi,3-4,0.5735114315147559,1,1.580999992256693
64.77013148152524,1.0298750420511587,False,0.0,False,False,False,59468.18325608513,0.5987137831456552,2021-09-10,False,106,68,-0.007029162399233013,faint,39760668.73625596,,bet_Hyi,3-4,0.5916846207464221,2,1.6290000530716497
64.77013148152524,1.0298750420511587,False,0.0,False,False,False,59468.18325608513,0.6170469439189917,2021-09-10,False,106,69,-0.0015125421920427762,faint,38622618.64866407,,bet_Hyi,3-4,0.615534401726949,3,1.6770000001997687
64.77013148152524,1.0298750420511587,False,0.0,False,False,False,59468.18325608513,0.6342769033669429,2021-09-10,False,106,70,0.005616946403753986,faint,37547903.454639204,,bet_Hyi,3-4,0.6398938497706969,4,1.7249999473278876
64.77013148152524,1.0298750420511587,False,0.0,False,False,False,59468.18325608513,0.6504761117960213,2021-09-10,False,106,71,0.014963599608158185,faint,36531376.8663598,,bet_Hyi,3-4,0.6654397114041795,5,1.7730000081428443
75.84369611984732,1.025408868853086,False,0.0,False,True,False,59263.14512120116,0.7776858804593633,2021-02-17,False,106,0,0.10187120970052854,faint,49474033.846806735,,gam_Lep,1-2,0.8795570901598918,0,1.5330000451285741
75.84369611984732,1.025408868853086,False,0.0,False,True,False,59263.14512120116,0.7897041369399221,2021-02-17,False,106,1,0.06892027676205037,faint,47971977.540359944,,gam_Lep,1-2,0.8586244137019725,1,1.580999992256693
75.84369611984732,1.025408868853086,False,0.0,False,True,False,59263.14512120116,0.8008101505395449,2021-02-17,False,106,2,0.08086317086532668,faint,46558436.8624397,,gam_Lep,1-2,0.8816733214048715,2,1.6290000530716497
75.84369611984732,1.025408868853086,False,0.0,False,True,False,59263.14512120116,0.8110897555244242,2021-02-17,False,106,3,0.0802110853240402,faint,45225817.59738379,,gam_Lep,1-2,0.8913008408484644,3,1.6770000001997687
75.84369611984732,1.025408868853086,False,0.0,False,True,False,59263.14512120116,0.8206195878311732,2021-02-17,False,106,4,0.08302961366415218,faint,43967361.41200065,,gam_Lep,1-2,0.9036492014953253,4,1.7249999473278876
75.84369611984732,1.025408868853086,False,0.0,False,True,False,59263.14512120116,0.8294680710994639,2021-02-17,False,106,5,0.08569630722795751,faint,42777042.17231841,,gam_Lep,1-2,0.9151643783274214,5,1.7730000081428443
99.60347599300103,1.025408868853086,False,0.0,False,False,False,59263.14512120116,0.643682570645307,2021-02-17,False,106,6,0.03799071412662136,faint,64972911.324765936,,gam_Lep,1-3,0.6816732847719283,0,1.5330000451285741
99.60347599300103,1.025408868853086,False,0.0,False,False,False,59263.14512120116,0.6614935130797663,2021-02-17,False,106,7,0.02100674967415006,faint,63000301.379400186,,gam_Lep,1-3,0.6825002627539164,1,1.580999992256693
99.60347599300103,1.025408868853086,False,0.0,False,False,False,59263.14512120116,0.6781068998017054,2021-02-17,False,106,8,0.03489323454411275,faint,61143936.616323784,,gam_Lep,1-3,0.7130001343458181,2,1.6290000530716497
99.60347599300103,1.025408868853086,False,0.0,False,False,False,59263.14512120116,0.6936151399547946,2021-02-17,False,106,9,0.04066180633417982,faint,59393843.757385805,,gam_Lep,1-3,0.7342769462889744,3,1.6770000001997687
99.60347599300103,1.025408868853086,False,0.0,False,False,False,59263.14512120116,0.7081039582238964,2021-02-17,False,106,10,0.03758508727812959,faint,57741147.266289406,,gam_Lep,1-3,0.745689045502026,4,1.7249999473278876
99.60347599300103,1.025408868853086,False,0.0,False,False,False,59263.14512120116,0.7216524560392621,2021-02-17,False,106,11,0.041926800561382094,faint,56177933.184180975,,gam_Lep,1-3,0.7635792566006442,5,1.7730000081428443
113.90219864377937,1.025408868853086,False,0.0,False,True,False,59263.14512120116,0.558156398463291,2021-02-17,False,106,12,0.08086710235605477,faint,74300192.62277731,,gam_Lep,1-4,0.6390235008193458,0,1.5330000451285741
113.90219864377937,1.025408868853086,False,0.0,False,False,False,59263.14512120116,0.5789478562697913,2021-02-17,False,106,13,0.03762252223758189,faint,72044401.77206913,,gam_Lep,1-4,0.6165703785073732,1,1.580999992256693
113.90219864377937,1.025408868853086,False,0.0,False,True,False,59263.14512120116,0.5984804606533725,2021-02-17,False,106,14,0.061536415820296675,faint,69921543.85078433,,gam_Lep,1-4,0.6600168764736691,2,1.6290000530716497
113.90219864377937,1.025408868853086,False,0.0,False,False,False,59263.14512120116,0.6168322326122629,2021-02-17,False,106,15,0.03923359010166061,faint,67920213.85224272,,gam_Lep,1-4,0.6560658227139236,3,1.6770000001997687
113.90219864377937,1.025408868853086,False,0.0,False,True,False,59263.14512120116,0.6340789886797621,2021-02-17,False,106,16,0.07992354517480571,faint,66030262.099555224,,gam_Lep,1-4,0.7140025338545678,4,1.7249999473278876
113.90219864377937,1.025408868853086,False,0.0,False,True,False,59263.14512120116,0.6502933723535952,2021-02-17,False,106,17,0.09171542383571496,faint,64242638.533932075,,gam_Lep,1-4,0.7420087961893101,5,1.7730000081428443
48.005200340077494,1.025408868853086,False,0.0,False,True,False,59263.14512120116,0.905310947655826,2021-02-17,False,106,18,0.11583161315608204,faint,31314545.940571874,,gam_Lep,2-3,1.021142560811908,0,1.5330000451285741
48.005200340077494,1.025408868853086,False,0.0,False,True,False,59263.14512120116,0.9107541482981442,2021-02-17,False,106,19,0.07432427409531628,faint,30363820.730672915,,gam_Lep,2-3,0.9850784223934604,1,1.580999992256693
48.005200340077494,1.025408868853086,False,0.0,False,True,False,59263.14512120116,0.9157471556779452,2021-02-17,False,106,20,0.08583411177241895,faint,29469121.40951664,,gam_Lep,2-3,1.0015812674503641,2,1.6290000530716497
48.005200340077494,1.025408868853086,False,0.0,False,True,False,59263.14512120116,0.9203376024302784,2021-02-17,False,106,21,0.05668997155929867,faint,28625641.225020267,,gam_Lep,2-3,0.9770275739895771,3,1.6770000001997687
48.005200340077494,1.025408868853086,False,0.0,False,True,False,59263.14512120116,0.9245671028126734,2021-02-17,False,106,22,0.10646066083258887,faint,27829102.496171076,,gam_Lep,2-3,1.0310277636452623,4,1.7249999473278876
48.005200340077494,1.025408868853086,False,0.0,False,True,False,59263.14512120116,0.9284720992738542,2021-02-17,False,106,23,0.10077166983637342,faint,27075690.98680449,,gam_Lep,2-3,1.0292437691102276,5,1.7730000081428443
131.1575163783224,1.025408868853086,False,0.0,False,False,False,59263.14512120116,0.45528765171725116,2021-02-17,False,106,24,0.03588723479278977,faint,85556107.31721936,,gam_Lep,2-4,0.49117488651004093,0,1.5330000451285741
131.1575163783224,1.025408868853086,False,0.0,False,False,False,59263.14512120116,0.478754830890762,2021-02-17,False,106,25,0.015959651719358592,faint,82958581.29076292,,gam_Lep,2-4,0.4947144826101206,1,1.580999992256693
131.1575163783224,1.025408868853086,False,0.0,False,False,False,59263.14512120116,0.5010313241230179,2021-02-17,False,106,26,0.030896539319475114,faint,80514126.52259354,,gam_Lep,2-4,0.531927863442493,2,1.6290000530716497
131.1575163783224,1.025408868853086,False,0.0,False,False,False,59263.14512120116,0.5221583967111304,2021-02-17,False,106,27,0.02605073780244682,faint,78209610.23416731,,gam_Lep,2-4,0.5482091345135772,3,1.6770000001997687
131.1575163783224,1.025408868853086,False,0.0,False,False,False,59263.14512120116,0.542182977695779,2021-02-17,False,106,28,0.018242870149686174,faint,76033345.14965758,,gam_Lep,2-4,0.5604258478454651,4,1.7249999473278876
131.1575163783224,1.025408868853086,False,0.0,False,False,False,59263.14512120116,0.5611552057676356,2021-02-17,False,106,29,0.04220625581376569,faint,73974910.19512478,,gam_Lep,2-4,0.6033614615814012,5,1.7730000081428443
102.92611818855453,1.025408868853086,False,0.0,False,True,False,59263.14512120116,0.6239605076141002,2021-02-17,False,106,30,0.05035765972958439,faint,67140322.99974395,,gam_Lep,3-4,0.6743181673436845,0,1.5330000451285741
102.92611818855453,1.025408868853086,False,0.0,False,True,False,59263.14512120116,0.6425128778134889,2021-02-17,False,106,31,0.056206090510062756,faint,65101909.356520295,,gam_Lep,3-4,0.6987189683235516,1,1.580999992256693
102.92611818855453,1.025408868853086,False,0.0,False,True,False,59263.14512120116,0.6598447155613599,2021-02-17,False,106,32,0.06294343221950582,faint,63183618.683422744,,gam_Lep,3-4,0.7227881477808658,2,1.6290000530716497
102.92611818855453,1.025408868853086,False,0.0,False,True,False,59263.14512120116,0.6760464113986866,2021-02-17,False,106,33,0.08460337159202824,faint,61375145.00673446,,gam_Lep,3-4,0.7606497829907148,3,1.6770000001997687
102.92611818855453,1.025408868853086,False,0.0,False,True,False,59263.14512120116,0.6912025174407931,2021-02-17,False,106,34,0.08548144643580746,faint,59667316.71383081,,gam_Lep,3-4,0.7766839638766005,4,1.7249999473278876
102.92611818855453,1.025408868853086,False,0.0,False,True,False,59263.14512120116,0.7053915961092782,2021-02-17,False,106,35,0.0758130632893671,faint,58051955.84650112,,gam_Lep,3-4,0.7812046593986453,5,1.7730000081428443
74.21720348679898,1.025408868853086,False,0.0,False,True,False,59263.15431176689,0.7861976827603757,2021-02-17,False,106,36,0.06193236105449518,faint,48413047.16372289,,gam_Lep,1-2,0.8481300438148709,0,1.5330000451285741
74.21720348679898,1.025408868853086,False,0.0,False,False,False,59263.15431176689,0.7978072980027238,2021-02-17,False,106,37,0.024805175216633724,faint,46943202.94136281,,gam_Lep,1-2,0.8226124732193575,1,1.580999992256693
74.21720348679898,1.025408868853086,False,0.0,False,False,False,59263.15431176689,0.8085299762032992,2021-02-17,False,106,38,0.0406979589790637,faint,45559976.10120066,,gam_Lep,1-2,0.849227935182363,2,1.6290000530716497
74.21720348679898,1.025408868853086,False,0.0,False,False,False,59263.15431176689,0.8184499579126753,2021-02-17,False,106,39,0.040082443331538764,faint,44255935.28798928,,gam_Lep,1-2,0.858532401244214,3,1.6770000001997687
74.21720348679898,1.025408868853086,False,0.0,False,False,False,59263.15431176689,0.8276423243009409,2021-02-17,False,106,40,0.041326577418465904,faint,43024467.103181764,,gam_Lep,1-2,0.8689689017194068,4,1.7249999473278876
74.21720348679898,1.025408868853086,False,0.0,False,True,False,59263.15431176689,0.8361740071991542,2021-02-17,False,106,41,0.052069590972304125,faint,41859674.645201445,,gam_Lep,1-2,0.8882435981714584,5,1.7730000081428443
95.49585388277025,1.025408868853086,False,0.0,False,True,False,59263.15431176689,0.6678377838449011,2021-02-17,False,106,42,-0.09790799636519953,faint,62293444.92599863,,gam_Lep,1-3,0.5699297874797016,0,1.5330000451285741
95.49585388277025,1.025408868853086,False,0.0,False,True,False,59263.15431176689,0.6846993557573311,2021-02-17,False,106,43,-0.10537552880092527,faint,60402184.91491645,,gam_Lep,1-3,0.5793238269564058,1,1.580999992256693
95.49585388277025,1.025408868853086,False,0.0,False,True,False,59263.15431176689,0.7003984290629478,2021-02-17,False,106,44,-0.08298256105274127,faint,58622376.16426276,,gam_Lep,1-3,0.6174158680102065,2,1.6290000530716497
95.49585388277025,1.025408868853086,False,0.0,False,True,False,59263.15431176689,0.7150288312368772,2021-02-17,False,106,45,-0.08722812633200117,faint,56944456.69135035,,gam_Lep,1-3,0.627800704904876,3,1.6770000001997687
95.49585388277025,1.025408868853086,False,0.0,False,True,False,59263.15431176689,0.7286768297739366,2021-02-17,False,106,46,-0.08763691289074238,faint,55359916.98475015,,gam_Lep,1-3,0.6410399168831942,4,1.7249999473278876
95.49585388277025,1.025408868853086,False,0.0,False,True,False,59263.15431176689,0.7414214297150942,2021-02-17,False,106,47,-0.07524509566008819,faint,53861169.45526629,,gam_Lep,1-3,0.666176334055006,5,1.7730000081428443
110.76413175803788,1.025408868853086,False,0.0,False,False,False,59263.15431176689,0.5770244712423248,2021-02-17,False,106,48,-0.010374048992533025,faint,72253182.32051845,,gam_Lep,1-4,0.5666504222497918,0,1.5330000451285741
110.76413175803788,1.025408868853086,False,0.0,False,False,False,59263.15431176689,0.5972124597911624,2021-02-17,False,106,49,-0.04035405929235958,faint,70059539.72203061,,gam_Lep,1-4,0.5568584004988029,1,1.580999992256693
110.76413175803788,1.025408868853086,False,0.0,False,False,False,59263.15431176689,0.6161463854138468,2021-02-17,False,106,50,-0.0196340706567939,faint,67995167.67920329,,gam_Lep,1-4,0.5965123147570529,2,1.6290000530716497
110.76413175803788,1.025408868853086,False,0.0,False,False,False,59263.15431176689,0.6339087051136417,2021-02-17,False,106,51,-0.032288658750462496,faint,66048975.39942955,,gam_Lep,1-4,0.6016200463631792,3,1.6770000001997687
110.76413175803788,1.025408868853086,False,0.0,False,False,False,59263.15431176689,0.6505785064421341,2021-02-17,False,106,52,0.01747794290702509,faint,64211092.834882185,,gam_Lep,1-4,0.6680564493491592,4,1.7249999473278876
110.76413175803788,1.025408868853086,False,0.0,False,False,False,59263.15431176689,0.6662307883647863,2021-02-17,False,106,53,0.026260573520565322,faint,62472719.26076269,,gam_Lep,1-4,0.6924913618853517,5,1.7730000081428443
46.32845558134292,1.025408868853086,False,0.0,False,True,False,59263.15431176689,0.9115608970590449,2021-02-17,False,106,54,-0.10409953141173378,faint,30220779.006863832,,gam_Lep,2-3,0.8074613656473111,0,1.5330000451285741
46.32845558134292,1.025408868853086,False,0.0,False,True,False,59263.15431176689,0.91665881371701,2021-02-17,False,106,55,-0.13067796552874533,faint,29303261.10578562,,gam_Lep,2-3,0.7859808481882646,1,1.580999992256693
46.32845558134292,1.025408868853086,False,0.0,False,True,False,59263.15431176689,0.9213335412276085,2021-02-17,False,106,56,-0.1348993625983519,faint,28439812.198892064,,gam_Lep,2-3,0.7864341786292566,2,1.6290000530716497
46.32845558134292,1.025408868853086,False,0.0,False,True,False,59263.15431176689,0.925630066136968,2021-02-17,False,106,57,-0.14265976562961324,faint,27625793.42625173,,gam_Lep,2-3,0.7829703005073547,3,1.6770000001997687
46.32845558134292,1.025408868853086,False,0.0,False,True,False,59263.15431176689,0.9295876569660678,2021-02-17,False,106,58,-0.0956409346185022,faint,26857076.519398186,,gam_Lep,2-3,0.8339467223475656,4,1.7249999473278876
46.32845558134292,1.025408868853086,False,0.0,False,True,False,59263.15431176689,0.9332406751636154,2021-02-17,False,106,59,-0.08924708672313741,faint,26129980.46732688,,gam_Lep,2-3,0.843993588440478,5,1.7730000081428443
130.76814713577315,1.025408868853086,False,0.0,False,False,False,59263.15431176689,0.45757149009798176,2021-02-17,False,106,60,-0.039296430391028536,faint,85302115.64658207,,gam_Lep,2-4,0.4182750597069532,0,1.5330000451285741
130.76814713577315,1.025408868853086,False,0.0,False,True,False,59263.15431176689,0.48099160317120904,2021-02-17,False,106,61,-0.06527593374737811,faint,82712300.93373807,,gam_Lep,2-4,0.4157156694238309,1,1.580999992256693
130.76814713577315,1.025408868853086,False,0.0,False,False,False,59263.15431176689,0.5032176904431408,2021-02-17,False,106,62,-0.047983468371310345,faint,80275103.05429159,,gam_Lep,2-4,0.45523422207183045,2,1.6290000530716497
130.76814713577315,1.025408868853086,False,0.0,False,False,False,59263.15431176689,0.5242920621524851,2021-02-17,False,106,63,-0.04820007095220169,faint,77977428.21717095,,gam_Lep,2-4,0.47609199120028345,3,1.6770000001997687
130.76814713577315,1.025408868853086,False,0.0,False,True,False,59263.15431176689,0.5442624935223899,2021-02-17,False,106,64,-0.05584687805853983,faint,75807623.8427367,,gam_Lep,2-4,0.48841561546385004,4,1.7249999473278876
130.76814713577315,1.025408868853086,False,0.0,False,False,False,59263.15431176689,0.5631798045600847,2021-02-17,False,106,65,-0.036203963363322544,faint,73755299.79424435,,gam_Lep,2-4,0.5269758411967621,5,1.7730000081428443
102.96898855596658,1.025408868853086,False,0.0,False,True,False,59263.15431176689,0.6237051659765321,2021-02-17,False,106,66,-0.1683894214683645,faint,67168288.01354045,,gam_Lep,3-4,0.45531574450816764,0,1.5330000451285741
102.96898855596658,1.025408868853086,False,0.0,False,True,False,59263.15431176689,0.6422669314142966,2021-02-17,False,106,67,-0.16897088483453204,faint,65129025.33857091,,gam_Lep,3-4,0.47329604657976454,1,1.580999992256693
102.96898855596658,1.025408868853086,False,0.0,False,True,False,59263.15431176689,0.6596079007720783,2021-02-17,False,106,68,-0.15190283420298545,faint,63209935.666857585,,gam_Lep,3-4,0.5077050665690929,2,1.6290000530716497
102.96898855596658,1.025408868853086,False,0.0,False,True,False,59263.15431176689,0.6758184333671804,2021-02-17,False,106,69,-0.13707958852141844,faint,61400708.73208147,,gam_Lep,3-4,0.538738844845762,3,1.6770000001997687
102.96898855596658,1.025408868853086,False,0.0,False,True,False,59263.15431176689,0.6909830618043651,2021-02-17,False,106,70,-0.13681746185057464,faint,59692169.1014952,,gam_Lep,3-4,0.5541655999537904,4,1.7249999473278876
102.96898855596658,1.025408868853086,False,0.0,False,True,False,59263.15431176689,0.7051803378481172,2021-02-17,False,106,71,-0.12865829936787643,faint,58076135.410638265,,gam_Lep,3-4,0.5765220384802408,5,1.7730000081428443
84.90691275256894,1.0906258099760964,False,0.0,False,False,False,58814.02228131079,0.7810598243333332,2019-11-26,False,104,0,-0.002101397561442009,bright,55386112.36338726,,iot_Psc,1-2,0.7789584267718912,0,1.5330000451285741
84.90691275256894,1.0906258099760964,False,0.0,False,False,False,58814.02228131079,0.7929141211364308,2019-11-26,False,104,1,-0.012452663570363454,bright,53704562.40886771,,iot_Psc,1-2,0.7804614575660673,1,1.580999992256693
84.90691275256894,1.0906258099760964,False,0.0,False,False,False,58814.02228131079,0.8038665635701204,2019-11-26,False,104,2,0.0006159264322811442,bright,52122105.57787772,,iot_Psc,1-2,0.8044824900024016,2,1.6290000530716497
84.90691275256894,1.0906258099760964,False,0.0,False,False,False,58814.02228131079,0.8140022938952068,2019-11-26,False,104,3,-0.008531623308843495,bright,50630240.15650245,,iot_Psc,1-2,0.8054706705863633,3,1.6770000001997687
84.90691275256894,1.0906258099760964,False,0.0,False,False,False,58814.02228131079,0.8233972820481628,2019-11-26,False,104,4,-0.0049263196279367705,bright,49221400.20009511,,iot_Psc,1-2,0.818470962420226,4,1.7249999473278876
84.90691275256894,1.0906258099760964,False,0.0,False,False,False,58814.02228131079,0.8321193192481606,2019-11-26,False,104,5,-0.00289094662846201,bright,47888839.4600212,,iot_Psc,1-2,0.8292283726196986,5,1.7730000081428443
127.44256781861493,1.0906258099760964,False,0.0,False,False,False,58814.02228131079,0.5644337979006946,2019-11-26,False,104,6,0.011478490414107423,bright,83132788.04106376,,iot_Psc,1-3,0.575912288314802,0,1.5330000451285741
127.44256781861493,1.0906258099760964,False,0.0,False,False,False,58814.02228131079,0.5850172765450629,2019-11-26,False,104,7,-0.005482267850221989,bright,80608835.19468305,,iot_Psc,1-3,0.5795350086948409,1,1.580999992256693
127.44256781861493,1.0906258099760964,False,0.0,False,False,False,58814.02228131079,0.604344621131043,2019-11-26,False,104,8,0.0022413071588219813,bright,78233617.96600845,,iot_Psc,1-3,0.606585928289865,2,1.6290000530716497
127.44256781861493,1.0906258099760964,False,0.0,False,False,False,58814.02228131079,0.6224951746734843,2019-11-26,False,104,9,-0.007410701550446319,bright,75994375.55362768,,iot_Psc,1-3,0.6150844731230379,3,1.6770000001997687
127.44256781861493,1.0906258099760964,False,0.0,False,False,False,58814.02228131079,0.6395457074636105,2019-11-26,False,104,10,-0.012596401716470362,bright,73879751.71595219,,iot_Psc,1-3,0.6269493057471401,4,1.7249999473278876
127.44256781861493,1.0906258099760964,False,0.0,False,False,False,58814.02228131079,0.6555695296908077,2019-11-26,False,104,11,-0.009173643954887734,bright,71879620.54896241,,iot_Psc,1-3,0.64639588573592,5,1.7730000081428443
128.38052433791702,1.0906258099760964,False,0.0,False,False,False,58814.02228131079,0.5594414784959464,2019-11-26,False,104,12,0.026852407951412194,bright,83744631.80602817,,iot_Psc,1-4,0.5862938864473586,0,1.5330000451285741
128.38052433791702,1.0906258099760964,False,0.0,False,False,False,58814.02228131079,0.5801818084101288,2019-11-26,False,104,13,-0.0028127810347094995,bright,81202103.0782352,,iot_Psc,1-4,0.5773690273754193,1,1.580999992256693
128.38052433791702,1.0906258099760964,False,0.0,False,False,False,58814.02228131079,0.5996651761842274,2019-11-26,False,104,14,0.0037165290239797866,bright,78809404.63804291,,iot_Psc,1-4,0.6033817052082072,2,1.6290000530716497
128.38052433791702,1.0906258099760964,False,0.0,False,False,False,58814.02228131079,0.6179696911301935,2019-11-26,False,104,15,-0.006153299961576875,bright,76553681.76662135,,iot_Psc,1-4,0.6118163911686166,3,1.6770000001997687
128.38052433791702,1.0906258099760964,False,0.0,False,False,False,58814.02228131079,0.635171205647883,2019-11-26,False,104,16,0.005979264433109033,bright,74423494.64229548,,iot_Psc,1-4,0.641150470080992,4,1.7249999473278876
128.38052433791702,1.0906258099760964,False,0.0,False,False,False,58814.02228131079,0.6513423611228986,2019-11-26,False,104,17,0.014714452917995446,bright,72408642.83604327,,iot_Psc,1-4,0.666056814040894,5,1.7730000081428443
57.382446037025,1.0906258099760964,False,0.0,False,False,False,58814.02228131079,0.8943813440082267,2019-11-26,False,104,18,0.01624338308581852,bright,37431470.54650757,,iot_Psc,2-3,0.9106247270940452,0,1.5330000451285741
57.382446037025,1.0906258099760964,False,0.0,False,False,False,58814.02228131079,0.9004228314996068,2019-11-26,False,104,19,-0.0031248405566518533,bright,36295032.45924641,,iot_Psc,2-3,0.8972979909429549,1,1.580999992256693
57.382446037025,1.0906258099760964,False,0.0,False,False,False,58814.02228131079,0.9059679583974284,2019-11-26,False,104,20,0.010721697588501833,bright,35225564.25263732,,iot_Psc,2-3,0.9166896559859302,2,1.6290000530716497
57.382446037025,1.0906258099760964,False,0.0,False,False,False,58814.02228131079,0.9110687938808943,2019-11-26,False,104,21,-0.006778043067487194,bright,34217320.23267111,,iot_Psc,2-3,0.9042907508134072,3,1.6770000001997687
57.382446037025,1.0906258099760964,False,0.0,False,False,False,58814.02228131079,0.9157708999379777,2019-11-26,False,104,22,0.013235593831926185,bright,33265187.12415807,,iot_Psc,2-3,0.9290064937699039,4,1.7249999473278876
57.382446037025,1.0906258099760964,False,0.0,False,False,False,58814.02228131079,0.9201142327660371,2019-11-26,False,104,23,0.010812980958267437,bright,32364605.625203077,,iot_Psc,2-3,0.9309272137243045,5,1.7730000081428443
116.01959274859152,1.0906258099760964,False,0.0,False,False,False,58814.02228131079,0.6250248693496256,2019-11-26,False,104,24,0.04633618398592554,bright,75681402.04383415,,iot_Psc,2-4,0.6713610533355512,0,1.5330000451285741
116.01959274859152,1.0906258099760964,False,0.0,False,False,False,58814.02228131079,0.6435302066511162,2019-11-26,False,104,25,0.009083333939154059,bright,73383676.98723836,,iot_Psc,2-4,0.6526135405902702,1,1.580999992256693
116.01959274859152,1.0906258099760964,False,0.0,False,False,False,58814.02228131079,0.660817404933843,2019-11-26,False,104,26,0.013897924574553189,bright,71221356.02747492,,iot_Psc,2-4,0.6747153295083962,2,1.6290000530716497
116.01959274859152,1.0906258099760964,False,0.0,False,False,False,58814.02228131079,0.6769767929729326,2019-11-26,False,104,27,-0.0015340244130008784,bright,69182822.14357242,,iot_Psc,2-4,0.6754427685599317,3,1.6770000001997687
116.01959274859152,1.0906258099760964,False,0.0,False,False,False,58814.02228131079,0.6920928402474196,2019-11-26,False,104,28,-0.004571536103606055,bright,67257736.98040499,,iot_Psc,2-4,0.6875213041438135,4,1.7249999473278876
116.01959274859152,1.0906258099760964,False,0.0,False,False,False,58814.02228131079,0.7062440137882421,2019-11-26,False,104,29,0.012915687644376894,bright,65436882.24238532,,iot_Psc,2-4,0.719159701432619,5,1.7730000081428443
88.91821034176736,1.0906258099760964,False,0.0,False,False,False,58814.02228131079,0.7621992079893526,2019-11-26,False,104,30,-0.0009627753231445935,bright,58002744.76463548,,iot_Psc,3-4,0.761236432666208,0,1.5330000451285741
88.91821034176736,1.0906258099760964,False,0.0,False,False,False,58814.02228131079,0.7749462559327034,2019-11-26,False,104,31,-0.014138998589912632,bright,56241752.54728939,,iot_Psc,3-4,0.7608072573427908,1,1.580999992256693
88.91821034176736,1.0906258099760964,False,0.0,False,False,False,58814.02228131079,0.7867376669719488,2019-11-26,False,104,32,-0.00528343074717752,bright,54584534.95695276,,iot_Psc,3-4,0.7814542362247713,2,1.6290000530716497
88.91821034176736,1.0906258099760964,False,0.0,False,False,False,58814.02228131079,0.7976617300793821,2019-11-26,False,104,33,-0.004896573134405724,bright,53022188.62920405,,iot_Psc,3-4,0.7927651569449764,3,1.6770000001997687
88.91821034176736,1.0906258099760964,False,0.0,False,False,False,58814.02228131079,0.8077975427471098,2019-11-26,False,104,34,-0.00086153712182091,bright,51546790.17788156,,iot_Psc,3-4,0.8069360056252889,4,1.7249999473278876
88.91821034176736,1.0906258099760964,False,0.0,False,False,False,58814.02228131079,0.8172159391116575,2019-11-26,False,104,35,-0.0027846502705035636,bright,50151274.63812371,,iot_Psc,3-4,0.8144312888411539,5,1.7730000081428443
82.38241592648569,1.0906258099760964,False,0.0,False,False,False,58814.03499946823,0.7926711427648077,2019-11-26,False,104,36,-0.00177152523145796,bright,53739343.44507877,,iot_Psc,1-2,0.7908996175333497,0,1.5330000451285741
82.38241592648569,1.0906258099760964,False,0.0,False,False,False,58814.03499946823,0.8039647111818838,2019-11-26,False,104,37,-0.010455101776919551,bright,52107790.21503624,,iot_Psc,1-2,0.7935096094049643,1,1.580999992256693
82.38241592648569,1.0906258099760964,False,0.0,False,False,False,58814.03499946823,0.8143915436853043,2019-11-26,False,104,38,-0.0032707302285915896,bright,50572383.819843985,,iot_Psc,1-2,0.8111208134567127,2,1.6290000530716497
82.38241592648569,1.0906258099760964,False,0.0,False,False,False,58814.03499946823,0.8240345066780382,2019-11-26,False,104,39,-0.002383360929475886,bright,49124875.32300065,,iot_Psc,1-2,0.8216511457485624,3,1.6770000001997687
82.38241592648569,1.0906258099760964,False,0.0,False,False,False,58814.03499946823,0.8329673654669018,2019-11-26,False,104,40,0.0036966343801777546,bright,47757923.73449068,,iot_Psc,1-2,0.8366639998470795,4,1.7249999473278876
82.38241592648569,1.0906258099760964,False,0.0,False,False,False,58814.03499946823,0.8412558072303681,2019-11-26,False,104,41,0.0014682865910448095,bright,46464983.38867939,,iot_Psc,1-2,0.8427240938214129,5,1.7730000081428443
125.32909333494639,1.0906258099760964,False,0.0,False,False,False,58814.03499946823,0.5756805234508656,2019-11-26,False,104,42,0.014492133957754838,bright,81754135.45042324,,iot_Psc,1-3,0.5901726574086205,0,1.5330000451285741
125.32909333494639,1.0906258099760964,False,0.0,False,False,False,58814.03499946823,0.5959023643179636,2019-11-26,False,104,43,-0.0006543035382727824,bright,79272039.18328534,,iot_Psc,1-3,0.5952480607796908,1,1.580999992256693
125.32909333494639,1.0906258099760964,False,0.0,False,False,False,58814.03499946823,0.6148712471654266,2019-11-26,False,104,44,0.0018735308459201239,bright,76936211.94095439,,iot_Psc,1-3,0.6167447780113468,2,1.6290000530716497
125.32909333494639,1.0906258099760964,False,0.0,False,False,False,58814.03499946823,0.6326691108113087,2019-11-26,False,104,45,-0.005784831660528678,bright,74734104.54383832,,iot_Psc,1-3,0.62688427915078,3,1.6770000001997687
125.32909333494639,1.0906258099760964,False,0.0,False,False,False,58814.03499946823,0.649374634196132,2019-11-26,False,104,46,-0.01144113003157421,bright,72654549.07931302,,iot_Psc,1-3,0.6379335041645577,4,1.7249999473278876
125.32909333494639,1.0906258099760964,False,0.0,False,False,False,58814.03499946823,0.665062496635722,2019-11-26,False,104,47,-0.01658398279641715,bright,70687587.56872441,,iot_Psc,1-3,0.6484785138393049,5,1.7730000081428443
130.14566196519564,1.0906258099760964,False,0.0,False,False,False,58814.03499946823,0.5500474124344746,2019-11-26,False,104,48,0.042768894761893717,bright,84896058.7957975,,iot_Psc,1-4,0.5928163071963684,0,1.5330000451285741
130.14566196519564,1.0906258099760964,False,0.0,False,False,False,58814.03499946823,0.5710766522623454,2019-11-26,False,104,49,0.018286727062211683,bright,82318572.1711661,,iot_Psc,1-4,0.5893633793245571,1,1.580999992256693
130.14566196519564,1.0906258099760964,False,0.0,False,False,False,58814.03499946823,0.5908483520715174,2019-11-26,False,104,50,0.019338365831460202,bright,79892975.89020479,,iot_Psc,1-4,0.6101867179029776,2,1.6290000530716497
130.14566196519564,1.0906258099760964,False,0.0,False,False,False,58814.03499946823,0.6094381639105899,2019-11-26,False,104,51,0.016823549120300263,bright,77606238.49117015,,iot_Psc,1-4,0.6262617130308902,3,1.6770000001997687
130.14566196519564,1.0906258099760964,False,0.0,False,False,False,58814.03499946823,0.6269200948215442,2019-11-26,False,104,52,0.02674374632914489,bright,75446762.86326726,,iot_Psc,1-4,0.6536638411506891,4,1.7249999473278876
130.14566196519564,1.0906258099760964,False,0.0,False,False,False,58814.03499946823,0.6433654253339149,2019-11-26,False,104,53,0.03810390519125262,bright,73404208.32909001,,iot_Psc,1-4,0.6814693305251676,5,1.7730000081428443
57.92388166216863,1.0906258099760964,False,0.0,False,False,False,58814.03499946823,0.8924729031407728,2019-11-26,False,104,54,0.025692134412262813,bright,37784657.506197594,,iot_Psc,2-3,0.9181650375530356,0,1.5330000451285741
57.92388166216863,1.0906258099760964,False,0.0,False,False,False,58814.03499946823,0.8986182836840418,2019-11-26,False,104,55,-0.009097748395264671,bright,36637496.48694751,,iot_Psc,2-3,0.8895205352887772,1,1.580999992256693
57.92388166216863,1.0906258099760964,False,0.0,False,False,False,58814.03499946823,0.9042593518103518,2019-11-26,False,104,56,-0.0036288794216770004,bright,35557937.24680801,,iot_Psc,2-3,0.9006304723886748,2,1.6290000530716497
57.92388166216863,1.0906258099760964,False,0.0,False,False,False,58814.03499946823,0.909448931645519,2019-11-26,False,104,57,-0.0076312302188273895,bright,34540179.87791806,,iot_Psc,2-3,0.9018177014266916,3,1.6770000001997687
57.92388166216863,1.0906258099760964,False,0.0,False,False,False,58814.03499946823,0.9142332585234026,2019-11-26,False,104,58,0.018636063435623074,bright,33579062.85846307,,iot_Psc,2-3,0.9328693219590257,4,1.7249999473278876
57.92388166216863,1.0906258099760964,False,0.0,False,False,False,58814.03499946823,0.9186528891967328,2019-11-26,False,104,59,0.010339063016777894,bright,32669983.866972387,,iot_Psc,2-3,0.9289919522135107,5,1.7730000081428443
117.03811937568312,1.0906258099760964,False,0.0,False,True,False,58814.03499946823,0.6196523773841788,2019-11-26,False,104,60,0.05081381783723693,bright,76345802.95518975,,iot_Psc,2-4,0.6704661952214157,0,1.5330000451285741
117.03811937568312,1.0906258099760964,False,0.0,False,False,False,58814.03499946823,0.6383545010719108,2019-11-26,False,104,61,0.018820345854608678,bright,74027906.35604297,,iot_Psc,2-4,0.6571748469265195,1,1.580999992256693
117.03811937568312,1.0906258099760964,False,0.0,False,False,False,58814.03499946823,0.6558330810446404,2019-11-26,False,104,62,0.02113495143549482,bright,71846602.55535015,,iot_Psc,2-4,0.6769680324801353,2,1.6290000530716497
117.03811937568312,1.0906258099760964,False,0.0,False,False,False,58814.03499946823,0.6721777690705028,2019-11-26,False,104,63,0.016544310775341464,bright,69790172.54725178,,iot_Psc,2-4,0.6887220798458442,3,1.6770000001997687
117.03811937568312,1.0906258099760964,False,0.0,False,False,False,58814.03499946823,0.6874726067524864,2019-11-26,False,104,64,0.001418078730611061,bright,67848187.21703795,,iot_Psc,2-4,0.6888906854830975,4,1.7249999473278876
117.03811937568312,1.0906258099760964,False,0.0,False,False,False,58814.03499946823,0.7017958219063566,2019-11-26,False,104,65,0.021515954874209542,bright,66011347.34244952,,iot_Psc,2-4,0.7233117767805661,5,1.7730000081428443
87.63907237236937,1.0906258099760964,False,0.0,False,False,False,58814.03499946823,0.7682661162773797,2019-11-26,False,104,66,-0.019317485373939847,bright,57168342.98267682,,iot_Psc,3-4,0.7489486309034399,0,1.5330000451285741
87.63907237236937,1.0906258099760964,False,0.0,False,False,False,58814.03499946823,0.7807284604487725,2019-11-26,False,104,67,-0.031129528240436355,bright,55432683.61897638,,iot_Psc,3-4,0.7495989322083362,1,1.580999992256693
87.63907237236937,1.0906258099760964,False,0.0,False,False,False,58814.03499946823,0.7922520239991868,2019-11-26,False,104,68,-0.010204165081862948,bright,53799306.026489526,,iot_Psc,3-4,0.7820478589173239,2,1.6290000530716497
87.63907237236937,1.0906258099760964,False,0.0,False,False,False,58814.03499946823,0.8029241581845029,2019-11-26,False,104,69,-0.003565097291292507,bright,52259434.920649715,,iot_Psc,3-4,0.7993590608932104,3,1.6770000001997687
87.63907237236937,1.0906258099760964,False,0.0,False,False,False,58814.03499946823,0.8128230159552212,2019-11-26,False,104,70,0.018070721294952685,bright,50805260.897617266,,iot_Psc,3-4,0.8308937372501739,4,1.7249999473278876
87.63907237236937,1.0906258099760964,False,0.0,False,False,False,58814.03499946823,0.8220185035168476,2019-11-26,False,104,71,0.02408131628408472,bright,49429820.62598423,,iot_Psc,3-4,0.8460998198009323,5,1.7730000081428443
87.23176086548044,1.0714348727900422,False,0.0,False,False,False,58816.00231469424,0.7963888290906157,2019-11-28,False,104,0,0.022586745417178644,faint,56902647.29128839,,iot_Psc,1-2,0.8189755745077943,0,1.5330000451285741
87.23176086548044,1.0714348727900422,False,0.0,False,False,False,58816.00231469424,0.8075011039518958,2019-11-28,False,104,1,0.010454967986971542,faint,55175054.58109919,,iot_Psc,1-2,0.8179560719388673,1,1.580999992256693
87.23176086548044,1.0714348727900422,False,0.0,False,False,False,58816.00231469424,0.8177582068866129,2019-11-28,False,104,2,0.019657262882444848,faint,53549268.27718381,,iot_Psc,1-2,0.8374154697690578,2,1.6290000530716497
87.23176086548044,1.0714348727900422,False,0.0,False,False,False,58816.00231469424,0.8272422212898953,2019-11-28,False,104,3,0.013960509098640883,faint,52016553.879003674,,iot_Psc,1-2,0.8412027303885362,3,1.6770000001997687
87.23176086548044,1.0714348727900422,False,0.0,False,False,False,58816.00231469424,0.8360261618898787,2019-11-28,False,104,4,0.011588169149149286,faint,50569138.27771813,,iot_Psc,1-2,0.847614331039028,4,1.7249999473278876
87.23176086548044,1.0714348727900422,False,0.0,False,False,False,58816.00231469424,0.8441750053213227,2019-11-28,False,104,5,0.014142987361204673,faint,49200090.504710525,,iot_Psc,1-2,0.8583179926825274,5,1.7730000081428443
128.86268188706322,1.0714348727900422,False,0.0,False,False,False,58816.00231469424,0.6013853448589431,2019-11-28,False,104,6,0.017243697886413667,faint,84059150.74598408,,iot_Psc,1-3,0.6186290427453568,0,1.5330000451285741
128.86268188706322,1.0714348727900422,False,0.0,False,False,False,58816.00231469424,0.6207387678451913,2019-11-28,False,104,7,0.0015428926136408228,faint,81507073.06653859,,iot_Psc,1-3,0.6222816604588322,1,1.580999992256693
128.86268188706322,1.0714348727900422,False,0.0,False,False,False,58816.00231469424,0.6388531899644189,2019-11-28,False,104,8,0.005370070799353144,faint,79105388.39092065,,iot_Psc,1-3,0.644223260763772,2,1.6290000530716497
128.86268188706322,1.0714348727900422,False,0.0,False,False,False,58816.00231469424,0.6558155293403346,2019-11-28,False,104,9,-0.0008764215843840573,faint,76841193.72195156,,iot_Psc,1-3,0.6549391077559505,3,1.6770000001997687
128.86268188706322,1.0714348727900422,False,0.0,False,False,False,58816.00231469424,0.671708003800181,2019-11-28,False,104,10,-0.006832227326036278,faint,74703006.27352369,,iot_Psc,1-3,0.6648757764741448,4,1.7249999473278876
128.86268188706322,1.0714348727900422,False,0.0,False,False,False,58816.00231469424,0.6866077130845977,2019-11-28,False,104,11,-0.0016464349088427532,faint,72680587.30695799,,iot_Psc,1-3,0.6849612781757549,5,1.7730000081428443
125.77485416287985,1.0714348727900422,False,0.0,False,False,False,58816.00231469424,0.6166679410994388,2019-11-28,False,104,12,0.03018680594626333,faint,82044912.2376451,,iot_Psc,1-4,0.6468547470457021,0,1.5330000451285741
125.77485416287985,1.0714348727900422,False,0.0,False,False,False,58816.00231469424,0.6354783623027469,2019-11-28,False,104,13,0.012268231268327323,faint,79553987.84243567,,iot_Psc,1-4,0.6477465935710742,1,1.580999992256693
125.77485416287985,1.0714348727900422,False,0.0,False,False,False,58816.00231469424,0.6530624050645002,2019-11-28,False,104,14,0.014125512007308383,faint,77209852.71039017,,iot_Psc,1-4,0.6671879170718086,2,1.6290000530716497
125.77485416287985,1.0714348727900422,False,0.0,False,False,False,58816.00231469424,0.6695093201568207,2019-11-28,False,104,15,0.019305037512083456,faint,74999913.02796495,,iot_Psc,1-4,0.6888143576689042,3,1.6770000001997687
125.77485416287985,1.0714348727900422,False,0.0,False,False,False,58816.00231469424,0.6849028902342383,2019-11-28,False,104,16,0.027289861222629108,faint,72912961.16136785,,iot_Psc,1-4,0.7121927514568674,4,1.7249999473278876
125.77485416287985,1.0714348727900422,False,0.0,False,False,False,58816.00231469424,0.6993211921137541,2019-11-28,False,104,17,0.03724002482474975,faint,70939003.7141763,,iot_Psc,1-4,0.7365612169385038,5,1.7730000081428443
56.435768502437,1.0714348727900422,False,0.0,False,False,False,58816.00231469424,0.9100427151698828,2019-11-28,False,104,18,0.00925524668122324,faint,36813937.92633821,,iot_Psc,2-3,0.919297961851106,0,1.5330000451285741
56.435768502437,1.0714348727900422,False,0.0,False,False,False,58816.00231469424,0.9152242853973781,2019-11-28,False,104,19,-0.001997693963363134,faint,35696248.43696648,,iot_Psc,2-3,0.913226591434015,1,1.580999992256693
56.435768502437,1.0714348727900422,False,0.0,False,False,False,58816.00231469424,0.9199761489701165,2019-11-28,False,104,20,0.007526617235557143,faint,34644423.98023343,,iot_Psc,2-3,0.9275027662056736,2,1.6290000530716497
56.435768502437,1.0714348727900422,False,0.0,False,False,False,58816.00231469424,0.9243439275695207,2019-11-28,False,104,21,0.002012611797431396,faint,33652813.652781285,,iot_Psc,2-3,0.9263565393669521,3,1.6770000001997687
56.435768502437,1.0714348727900422,False,0.0,False,False,False,58816.00231469424,0.9283674533548336,2019-11-28,False,104,22,0.005902400046063683,faint,32716388.5366251,,iot_Psc,2-3,0.9342698534008973,4,1.7249999473278876
56.435768502437,1.0714348727900422,False,0.0,False,False,False,58816.00231469424,0.9320815882671847,2019-11-28,False,104,23,0.016982542302902748,faint,31830664.547797438,,iot_Psc,2-3,0.9490641305700874,5,1.7730000081428443
115.04225350872123,1.0714348727900422,False,0.0,False,False,False,58816.00231469424,0.6691835853925708,2019-11-28,False,104,24,0.019344035967950424,faint,75043868.31187114,,iot_Psc,2-4,0.6885276213605213,0,1.5330000451285741
115.04225350872123,1.0714348727900422,False,0.0,False,False,False,58816.00231469424,0.6859849771000512,2019-11-28,False,104,25,0.016658350812440936,faint,72765499.0968797,,iot_Psc,2-4,0.7026433279124922,1,1.580999992256693
115.04225350872123,1.0714348727900422,False,0.0,False,False,False,58816.00231469424,0.7016270578552514,2019-11-28,False,104,26,0.03222331528625777,faint,70621393.34605733,,iot_Psc,2-4,0.7338503731415091,2,1.6290000530716497
115.04225350872123,1.0714348727900422,False,0.0,False,False,False,58816.00231469424,0.7162035431304629,2019-11-28,False,104,27,0.019538666685627093,faint,68600031.899235,,iot_Psc,2-4,0.73574220981609,3,1.6770000001997687
115.04225350872123,1.0714348727900422,False,0.0,False,False,False,58816.00231469424,0.7298005693933383,2019-11-28,False,104,28,0.01396816394287781,faint,66691163.49071634,,iot_Psc,2-4,0.7437687333362161,4,1.7249999473278876
115.04225350872123,1.0714348727900422,False,0.0,False,False,False,58816.00231469424,0.7424970002160414,2019-11-28,False,104,29,0.025802385042019704,faint,64885647.479056686,,iot_Psc,2-4,0.7682993852580611,5,1.7730000081428443
90.49917722446303,1.0714348727900422,False,0.0,False,False,False,58816.00231469424,0.7823925321675502,2019-11-28,False,104,30,-0.014427428312155377,faint,59034034.28593688,,iot_Psc,3-4,0.7679651038553948,0,1.5330000451285741
90.49917722446303,1.0714348727900422,False,0.0,False,False,False,58816.00231469424,0.7941828965887658,2019-11-28,False,104,31,-0.013242533455976813,faint,57241731.60512544,,iot_Psc,3-4,0.780940363132789,1,1.580999992256693
90.49917722446303,1.0714348727900422,False,0.0,False,False,False,58816.00231469424,0.8050753601914018,2019-11-28,False,104,32,-0.01087066975980111,faint,55555048.66547879,,iot_Psc,3-4,0.7942046904316007,2,1.6290000530716497
90.49917722446303,1.0714348727900422,False,0.0,False,False,False,58816.00231469424,0.8151548171010344,2019-11-28,False,104,33,-0.008951100390232947,faint,53964923.800645515,,iot_Psc,3-4,0.8062037167108015,3,1.6770000001997687
90.49917722446303,1.0714348727900422,False,0.0,False,False,False,58816.00231469424,0.8244969949858317,2019-11-28,False,104,34,-0.0070562061765117035,faint,52463292.746559694,,iot_Psc,3-4,0.81744078880932,4,1.7249999473278876
90.49917722446303,1.0714348727900422,False,0.0,False,False,False,58816.00231469424,0.833169452461986,2019-11-28,False,104,35,-0.012761889063491072,faint,51042964.923196904,,iot_Psc,3-4,0.820407563398495,5,1.7730000081428443
85.3570728028306,1.0714348727900422,False,0.0,False,False,False,58816.01428310819,0.8042769598336657,2019-11-28,False,104,36,-0.007323920198706091,faint,55679758.83240866,,iot_Psc,1-2,0.7969530396349596,0,1.5330000451285741
85.3570728028306,1.0714348727900422,False,0.0,False,False,False,58816.01428310819,0.8150017716854571,2019-11-28,False,104,37,-0.019257085300028898,faint,53989293.624849,,iot_Psc,1-2,0.7957446863854282,1,1.580999992256693
85.3570728028306,1.0714348727900422,False,0.0,False,False,False,58816.01428310819,0.8248964578980403,2019-11-28,False,104,38,-0.01279831402587328,faint,52398446.913418405,,iot_Psc,1-2,0.812098143872167,2,1.6290000530716497
85.3570728028306,1.0714348727900422,False,0.0,False,False,False,58816.01428310819,0.8340413534505904,2019-11-28,False,104,39,-0.011490136467990908,faint,50898671.90975709,,iot_Psc,1-2,0.8225512169825995,3,1.6770000001997687
85.3570728028306,1.0714348727900422,False,0.0,False,False,False,58816.01428310819,0.8425078089738566,2019-11-28,False,104,40,-0.016981992582428496,faint,49482362.556041256,,iot_Psc,1-2,0.8255258163914281,4,1.7249999473278876
85.3570728028306,1.0714348727900422,False,0.0,False,False,False,58816.01428310819,0.8503592345461317,2019-11-28,False,104,41,-0.009059052447409899,faint,48142736.83632927,,iot_Psc,1-2,0.8413001820987218,5,1.7730000081428443
127.76721575797077,1.0714348727900422,False,0.0,False,False,False,58816.01428310819,0.6068132323209513,2019-11-28,False,104,42,0.000762945464761966,faint,83344560.9893996,,iot_Psc,1-3,0.6075761777857133,0,1.5330000451285741
127.76721575797077,1.0714348727900422,False,0.0,False,False,False,58816.01428310819,0.6259760323078294,2019-11-28,False,104,43,-0.021148618898952254,faint,80814178.6108411,,iot_Psc,1-3,0.6048274134088771,1,1.580999992256693
127.76721575797077,1.0714348727900422,False,0.0,False,False,False,58816.01428310819,0.643903949845249,2019-11-28,False,104,44,-0.013352279028780667,faint,78432910.73996735,,iot_Psc,1-3,0.6305516708164683,2,1.6290000530716497
127.76721575797077,1.0714348727900422,False,0.0,False,False,False,58816.01428310819,0.660684785077096,2019-11-28,False,104,45,-0.024215544323475058,faint,76187964.06842624,,iot_Psc,1-3,0.636469240753621,3,1.6770000001997687
127.76721575797077,1.0714348727900422,False,0.0,False,False,False,58816.01428310819,0.6764013574499352,2019-11-28,False,104,46,-0.02835484379896347,faint,74067953.42567325,,iot_Psc,1-3,0.6480465136509718,4,1.7249999473278876
127.76721575797077,1.0714348727900422,False,0.0,False,False,False,58816.01428310819,0.6911311529028551,2019-11-28,False,104,47,-0.02236052314689474,faint,72062727.11290197,,iot_Psc,1-3,0.6687706297559604,5,1.7730000081428443
127.96843965239125,1.0714348727900422,False,0.0,False,False,False,58816.01428310819,0.6058166580803648,2019-11-28,False,104,48,0.0035533062155311823,faint,83475822.49526837,,iot_Psc,1-4,0.609369964295896,0,1.5330000451285741
127.96843965239125,1.0714348727900422,False,0.0,False,False,False,58816.01428310819,0.6250146426384777,2019-11-28,False,104,49,-0.01858761957139088,faint,80941454.95202136,,iot_Psc,1-4,0.6064270230670868,1,1.580999992256693
127.96843965239125,1.0714348727900422,False,0.0,False,False,False,58816.01428310819,0.6429769583584944,2019-11-28,False,104,50,-0.013275176870005678,faint,78556436.76075602,,iot_Psc,1-4,0.6297017814884888,2,1.6290000530716497
127.96843965239125,1.0714348727900422,False,0.0,False,False,False,58816.01428310819,0.6597912478654536,2019-11-28,False,104,51,-0.01285425879027191,faint,76307954.46460782,,iot_Psc,1-4,0.6469369890751817,3,1.6770000001997687
127.96843965239125,1.0714348727900422,False,0.0,False,False,False,58816.01428310819,0.6755402239376997,2019-11-28,False,104,52,-0.003836786608970799,faint,74184604.96223253,,iot_Psc,1-4,0.671703437328729,4,1.7249999473278876
127.96843965239125,1.0714348727900422,False,0.0,False,False,False,58816.01428310819,0.6903013048492869,2019-11-28,False,104,53,0.006510212432212392,faint,72176220.56665061,,iot_Psc,1-4,0.6968115172814993,5,1.7730000081428443
57.241558180321384,1.0714348727900422,False,0.0,False,False,False,58816.01428310819,0.9075594465538549,2019-11-28,False,104,54,0.016432510235898423,faint,37339567.185414195,,iot_Psc,2-3,0.9239919567897533,0,1.5330000451285741
57.241558180321384,1.0714348727900422,False,0.0,False,False,False,58816.01428310819,0.9128782318293608,2019-11-28,False,104,55,-0.015487308174087167,faint,36205919.32996517,,iot_Psc,2-3,0.8973909236552736,1,1.580999992256693
57.241558180321384,1.0714348727900422,False,0.0,False,False,False,58816.01428310819,0.9177565762143792,2019-11-28,False,104,56,-0.0011704239825018892,faint,35139076.92782848,,iot_Psc,2-3,0.9165861522318773,2,1.6290000530716497
57.241558180321384,1.0714348727900422,False,0.0,False,False,False,58816.01428310819,0.9222411536339374,2019-11-28,False,104,57,-0.007777638386932906,faint,34133308.39207073,,iot_Psc,2-3,0.9144635152470045,3,1.6770000001997687
57.241558180321384,1.0714348727900422,False,0.0,False,False,False,58816.01428310819,0.9263727289805619,2019-11-28,False,104,58,0.013820404254031637,faint,33183513.001836006,,iot_Psc,2-3,0.9401931332345935,4,1.7249999473278876
57.241558180321384,1.0714348727900422,False,0.0,False,False,False,58816.01428310819,0.9301869916056529,2019-11-28,False,104,59,0.00870436572712907,faint,32285142.649423856,,iot_Psc,2-3,0.938891357332782,5,1.7730000081428443
115.83326721089168,1.0714348727900422,False,0.0,False,False,False,58816.01428310819,0.6653553915040133,2019-11-28,False,104,60,-0.001319445356650295,faint,75559858.96998237,,iot_Psc,2-4,0.664035946147363,0,1.5330000451285741
115.83326721089168,1.0714348727900422,False,0.0,False,False,False,58816.01428310819,0.682310440824598,2019-11-28,False,104,61,-0.006187421193063702,faint,73265824.02163911,,iot_Psc,2-4,0.6761230196315343,1,1.580999992256693
115.83326721089168,1.0714348727900422,False,0.0,False,False,False,58816.01428310819,0.6981000799924407,2019-11-28,False,104,62,0.015271093411833081,faint,71106975.71339913,,iot_Psc,2-4,0.7133711734042738,2,1.6290000530716497
115.83326721089168,1.0714348727900422,False,0.0,False,False,False,58816.01428310819,0.7128178841260129,2019-11-28,False,104,63,0.005718398769784749,faint,69071715.68103358,,iot_Psc,2-4,0.7185362828957976,3,1.6770000001997687
115.83326721089168,1.0714348727900422,False,0.0,False,False,False,58816.01428310819,0.7265499748416655,2019-11-28,False,104,64,-0.0015353372616641048,faint,67149722.17264313,,iot_Psc,2-4,0.7250146375800014,4,1.7249999473278876
115.83326721089168,1.0714348727900422,False,0.0,False,False,False,58816.01428310819,0.7393752909824487,2019-11-28,False,104,65,0.010760997900805203,faint,65331791.69706998,,iot_Psc,2-4,0.7501362888832539,5,1.7730000081428443
89.18704231158455,1.0714348727900422,False,0.0,False,False,False,58816.01428310819,0.7880501102770329,2019-11-28,False,104,66,-0.028405215190419608,faint,58178108.07964089,,iot_Psc,3-4,0.7596448950866133,0,1.5330000451285741
89.18704231158455,1.0714348727900422,False,0.0,False,False,False,58816.01428310819,0.7995678375295161,2019-11-28,False,104,67,-0.026422164801532366,faint,56411791.7447175,,iot_Psc,3-4,0.7731456727279837,1,1.580999992256693
89.18704231158455,1.0714348727900422,False,0.0,False,False,False,58816.01428310819,0.810204670769249,2019-11-28,False,104,68,-0.015619666148283362,faint,54749563.78510428,,iot_Psc,3-4,0.7945850046209656,2,1.6290000530716497
89.18704231158455,1.0714348727900422,False,0.0,False,False,False,58816.01428310819,0.8200444129615047,2019-11-28,False,104,69,-0.00015268271091073427,faint,53182493.91828286,,iot_Psc,3-4,0.8198917302505939,3,1.6770000001997687
89.18704231158455,1.0714348727900422,False,0.0,False,False,False,58816.01428310819,0.8291617321801374,2019-11-28,False,104,70,0.0014277470889847432,faint,51702634.80282408,,iot_Psc,3-4,0.8305894792691222,4,1.7249999473278876
89.18704231158455,1.0714348727900422,False,0.0,False,False,False,58816.01428310819,0.8376231739037183,2019-11-28,False,104,71,0.011311786656987843,faint,50302900.113917574,,iot_Psc,3-4,0.8489349605607062,5,1.7730000081428443
69.67517688870495,0.9892107978587806,False,0.0,False,False,False,59636.117486477015,0.7769888430698634,2022-02-25,False,106,0,0.00245048856361485,bright,45450211.8966743,,ksi_Gem,1-2,0.7794393316334782,0,1.5330000451285741
69.67517688870495,0.9892107978587806,False,0.0,False,False,False,59636.117486477015,0.7890403651985438,2022-02-25,False,106,1,0.011389059956855352,bright,44070320.82856102,,ksi_Gem,1-2,0.8004294251553992,1,1.580999992256693
69.67517688870495,0.9892107978587806,False,0.0,False,False,False,59636.117486477015,0.8001776079914694,2022-02-25,False,106,2,0.010070535838375583,bright,42771746.236180365,,ksi_Gem,1-2,0.810248143829845,2,1.6290000530716497
69.67517688870495,0.9892107978587806,False,0.0,False,False,False,59636.117486477015,0.8104865301678856,2022-02-25,False,106,3,0.026831490233273247,bright,41547511.55659217,,ksi_Gem,1-2,0.8373180204011589,3,1.6770000001997687
69.67517688870495,0.9892107978587806,False,0.0,False,False,False,59636.117486477015,0.8200438899933468,2022-02-25,False,106,4,0.017344576783488996,bright,40391408.12533666,,ksi_Gem,1-2,0.8373884667768358,4,1.7249999473278876
69.67517688870495,0.9892107978587806,False,0.0,False,False,False,59636.117486477015,0.8289182291493634,2022-02-25,False,106,5,0.024610032254540837,bright,39297899.925949395,,ksi_Gem,1-2,0.8535282614039043,5,1.7730000081428443
114.68138130683816,0.9892107978587806,False,0.0,False,False,False,59636.117486477015,0.49135742714086195,2022-02-25,False,106,6,0.015121533470820459,bright,74808465.7083097,,ksi_Gem,1-3,0.5064789606116824,0,1.5330000451285741
114.68138130683816,0.9892107978587806,False,0.0,False,False,False,59636.117486477015,0.5140123560406755,2022-02-25,False,106,7,0.020501595542085083,bright,72537243.43359666,,ksi_Gem,1-3,0.5345139515827606,1,1.580999992256693
114.68138130683816,0.9892107978587806,False,0.0,False,False,False,59636.117486477015,0.5354338431899686,2022-02-25,False,106,8,0.014067829071790383,bright,70399863.45647715,,ksi_Gem,1-3,0.5495016722617589,2,1.6290000530716497
114.68138130683816,0.9892107978587806,False,0.0,False,False,False,59636.117486477015,0.5556784511961914,2022-02-25,False,106,9,0.01305142611780008,bright,68384842.75085093,,ksi_Gem,1-3,0.5687298773139915,3,1.6770000001997687
114.68138130683816,0.9892107978587806,False,0.0,False,False,False,59636.117486477015,0.5748053823106161,2022-02-25,False,106,10,0.009784021737979876,bright,66481962.20787452,,ksi_Gem,1-3,0.5845894040485959,4,1.7249999473278876
114.68138130683816,0.9892107978587806,False,0.0,False,False,False,59636.117486477015,0.5928745593633312,2022-02-25,False,106,11,0.013986845550731486,bright,64682109.85907604,,ksi_Gem,1-3,0.6068614049140627,5,1.7730000081428443
124.67310922863238,0.9892107978587806,False,0.0,False,False,False,59636.117486477015,0.42741599680381176,2022-02-25,False,106,12,0.01791836923641743,bright,81326226.71787067,,ksi_Gem,1-4,0.4453343660402292,0,1.5330000451285741
124.67310922863238,0.9892107978587806,False,0.0,False,False,False,59636.117486477015,0.45140738759936366,2022-02-25,False,106,13,0.02952210282214396,bright,78857121.97295843,,ksi_Gem,1-4,0.4809294904215076,1,1.580999992256693
124.67310922863238,0.9892107978587806,False,0.0,False,False,False,59636.117486477015,0.47425596384429286,2022-02-25,False,106,14,0.030590360653657334,bright,76533520.66720207,,ksi_Gem,1-4,0.5048463244979502,2,1.6290000530716497
124.67310922863238,0.9892107978587806,False,0.0,False,False,False,59636.117486477015,0.4959894164360694,2022-02-25,False,106,15,0.017553408783320568,bright,74342939.3045802,,ksi_Gem,1-4,0.51354282521939,3,1.6770000001997687
124.67310922863238,0.9892107978587806,False,0.0,False,False,False,59636.117486477015,0.5166435946312883,2022-02-25,False,106,16,0.02397664094875329,bright,72274268.42635986,,ksi_Gem,1-4,0.5406202355800416,4,1.7249999473278876
124.67310922863238,0.9892107978587806,False,0.0,False,False,False,59636.117486477015,0.5362596417065002,2022-02-25,False,106,17,0.020525242755209616,bright,70317602.17487146,,ksi_Gem,1-4,0.5567848844617098,5,1.7730000081428443
,0.9892107978587806,True,,False,False,False,,,unknown,True,106,18,,bright,,,ksi_Gem,2-3,,0,1.5330000451285741
,0.9892107978587806,True,,False,False,False,,,unknown,True,106,19,,bright,,,ksi_Gem,2-3,,1,1.580999992256693
,0.9892107978587806,True,,False,False,False,,,unknown,True,106,20,,bright,,,ksi_Gem,2-3,,2,1.6290000530716497
,0.9892107978587806,True,,False,False,False,,,unknown,True,106,21,,bright,,,ksi_Gem,2-3,,3,1.6770000001997687
,0.9892107978587806,True,,False,False,False,,,unknown,True,106,22,,bright,,,ksi_Gem,2-3,,4,1.7249999473278876
,0.9892107978587806,True,,False,False,False,,,unknown,True,106,23,,bright,,,ksi_Gem,2-3,,5,1.7730000081428443
85.75162874090536,0.9892107978587806,False,0.0,False,False,False,59636.117486477015,0.679427425101768,2022-02-25,False,106,24,-0.014110090922118679,bright,55937133.86597669,,ksi_Gem,2-4,0.6653173341796493,0,1.5330000451285741
85.75162874090536,0.9892107978587806,False,0.0,False,False,False,59636.117486477015,0.6958178785350128,2022-02-25,False,106,25,-0.007021850290144127,bright,54238854.624221034,,ksi_Gem,2-4,0.6887960282448686,1,1.580999992256693
85.75162874090536,0.9892107978587806,False,0.0,False,False,False,59636.117486477015,0.7110652999312574,2022-02-25,False,106,26,-0.010469635509671393,bright,52640654.3567704,,ksi_Gem,2-4,0.700595664421586,2,1.6290000530716497
85.75162874090536,0.9892107978587806,False,0.0,False,False,False,59636.117486477015,0.7252637872175173,2022-02-25,False,106,27,-0.011950236349924537,bright,51133946.76844985,,ksi_Gem,2-4,0.7133135508675927,3,1.6770000001997687
85.75162874090536,0.9892107978587806,False,0.0,False,False,False,59636.117486477015,0.7384995223506559,2022-02-25,False,106,28,-0.01167923124258663,bright,49711090.6430687,,ksi_Gem,2-4,0.7268202911080692,4,1.7249999473278876
85.75162874090536,0.9892107978587806,False,0.0,False,False,False,59636.117486477015,0.7508511722832604,2022-02-25,False,106,29,-0.00699160359848483,bright,48365272.61538324,,ksi_Gem,2-4,0.7438595686847755,5,1.7730000081428443
37.755551896884256,0.9892107978587806,False,0.0,False,False,False,59636.117486477015,0.9295945122079636,2022-02-25,False,106,30,0.019840005185100762,bright,24628539.32513594,,ksi_Gem,3-4,0.9494345173930644,0,1.5330000451285741
37.755551896884256,0.9892107978587806,False,0.0,False,True,False,59636.117486477015,0.9336847401979425,2022-02-25,False,106,31,0.05049169393394437,bright,23880804.605819516,,ksi_Gem,3-4,0.9841764341318868,1,1.580999992256693
37.755551896884256,0.9892107978587806,False,0.0,False,False,False,59636.117486477015,0.9374318866999392,2022-02-25,False,106,32,0.03714378362505821,bright,23177133.61991132,,ksi_Gem,3-4,0.9745756703249974,2,1.6290000530716497
37.755551896884256,0.9892107978587806,False,0.0,False,False,False,59636.117486477015,0.9408729051830306,2022-02-25,False,106,33,0.028113845372324975,bright,22513745.91078516,,ksi_Gem,3-4,0.9689867505553555,3,1.6770000001997687
37.755551896884256,0.9892107978587806,False,0.0,False,False,False,59636.117486477015,0.9440399742593486,2022-02-25,False,106,34,0.028803670386303826,bright,21887277.13028022,,ksi_Gem,3-4,0.9728436446456524,4,1.7249999473278876
37.755551896884256,0.9892107978587806,False,0.0,False,False,False,59636.117486477015,0.9469611900875355,2022-02-25,False,106,35,0.0327673842955839,bright,21294727.4244132,,ksi_Gem,3-4,0.9797285743831194,5,1.7730000081428443
65.61876469218835,0.9892107978587806,False,0.0,False,False,False,59636.129187703096,0.7999021856045124,2022-02-25,False,106,36,-0.02794042071909264,bright,42804150.528700635,,ksi_Gem,1-2,0.7719617648854198,0,1.5330000451285741
65.61876469218835,0.9892107978587806,False,0.0,False,False,False,59636.129187703096,0.8108444485772548,2022-02-25,False,106,37,-0.010178707714900703,bright,41504595.20149979,,ksi_Gem,1-2,0.8006657408623541,1,1.580999992256693
65.61876469218835,0.9892107978587806,False,0.0,False,False,False,59636.129187703096,0.8209422276376884,2022-02-25,False,106,38,-0.012538426347875387,bright,40281622.194214985,,ksi_Gem,1-2,0.808403801289813,2,1.6290000530716497
65.61876469218835,0.9892107978587806,False,0.0,False,False,False,59636.129187703096,0.8302769072618321,2022-02-25,False,106,39,9.27693782990513e-05,bright,39128661.11173027,,ksi_Gem,1-2,0.8303696766401312,3,1.6770000001997687
65.61876469218835,0.9892107978587806,False,0.0,False,False,False,59636.129187703096,0.8389208265878895,2022-02-25,False,106,40,-0.005045261913951826,bright,38039864.751204856,,ksi_Gem,1-2,0.8338755646739376,4,1.7249999473278876
65.61876469218835,0.9892107978587806,False,0.0,False,False,False,59636.129187703096,0.8469383185526609,2022-02-25,False,106,41,-0.00145212075589074,bright,37010019.39696646,,ksi_Gem,1-2,0.8454861977967701,5,1.7730000081428443
110.1182506757772,0.9892107978587806,False,0.0,False,False,False,59636.129187703096,0.5210732538856899,2022-02-25,False,106,42,-0.030573132822827587,bright,71831863.94918957,,ksi_Gem,1-3,0.49050012106286234,0,1.5330000451285741
110.1182506757772,0.9892107978587806,False,0.0,False,False,False,59636.129187703096,0.5429539380203371,2022-02-25,False,106,43,-0.0169976530504522,bright,69651012.78627855,,ksi_Gem,1-3,0.5259562849698849,1,1.580999992256693
110.1182506757772,0.9892107978587806,False,0.0,False,False,False,59636.129187703096,0.5635815128625363,2022-02-25,False,106,44,-0.01905920142407669,bright,67598678.38440996,,ksi_Gem,1-3,0.5445223114384596,2,1.6290000530716497
110.1182506757772,0.9892107978587806,False,0.0,False,False,False,59636.129187703096,0.5830231937402562,2022-02-25,False,106,45,-0.008569751973227735,bright,65663834.62293359,,ksi_Gem,1-3,0.5744534417670285,3,1.6770000001997687
110.1182506757772,0.9892107978587806,False,0.0,False,False,False,59636.129187703096,0.6013465492276904,2022-02-25,False,106,46,-0.008946735680247286,bright,63836669.00764603,,ksi_Gem,1-3,0.5923998135474431,4,1.7249999473278876
110.1182506757772,0.9892107978587806,False,0.0,False,False,False,59636.129187703096,0.6186180151422458,2022-02-25,False,106,47,-0.01607524564610696,bright,62108432.13200108,,ksi_Gem,1-3,0.6025427694961388,5,1.7730000081428443
122.47052504781271,0.9892107978587806,False,0.0,False,False,False,59636.129187703096,0.44133721936987885,2022-02-25,False,106,48,0.025019611467332115,bright,79889446.47261311,,ksi_Gem,1-4,0.46635683083721097,0,1.5330000451285741
122.47052504781271,0.9892107978587806,False,0.0,False,False,False,59636.129187703096,0.46507855149961635,2022-02-25,False,106,49,0.040938379119963175,bright,77463963.09148638,,ksi_Gem,1-4,0.5060169306195795,1,1.580999992256693
122.47052504781271,0.9892107978587806,False,0.0,False,False,False,59636.129187703096,0.487651499783902,2022-02-25,False,106,50,0.04217513502070769,bright,75181412.55850898,,ksi_Gem,1-4,0.5298266348046097,2,1.6290000530716497
122.47052504781271,0.9892107978587806,False,0.0,False,False,False,59636.129187703096,0.5090907246796779,2022-02-25,False,106,51,0.04153800323329493,bright,73029531.92201771,,ksi_Gem,1-4,0.5506287279129728,3,1.6770000001997687
122.47052504781271,0.9892107978587806,False,0.0,False,False,False,59636.129187703096,0.5294377837064167,2022-02-25,False,106,52,0.041077482394407006,bright,70997407.99269342,,ksi_Gem,1-4,0.5705152661008237,4,1.7249999473278876
122.47052504781271,0.9892107978587806,False,0.0,False,False,False,59636.129187703096,0.5487384710075829,2022-02-25,False,106,53,0.03602110885836396,bright,69075309.91841128,,ksi_Gem,1-4,0.5847595798659468,5,1.7730000081428443
,0.9892107978587806,True,,False,False,False,,,unknown,True,106,54,,bright,,,ksi_Gem,2-3,,0,1.5330000451285741
,0.9892107978587806,True,,False,False,False,,,unknown,True,106,55,,bright,,,ksi_Gem,2-3,,1,1.580999992256693
,0.9892107978587806,True,,False,False,False,,,unknown,True,106,56,,bright,,,ksi_Gem,2-3,,2,1.6290000530716497
,0.9892107978587806,True,,False,False,False,,,unknown,True,106,57,,bright,,,ksi_Gem,2-3,,3,1.6770000001997687
,0.9892107978587806,True,,False,False,False,,,unknown,True,106,58,,bright,,,ksi_Gem,2-3,,4,1.7249999473278876
,0.9892107978587806,True,,False,False,False,,,unknown,True,106,59,,bright,,,ksi_Gem,2-3,,5,1.7730000081428443
86.9009500858024,0.9892107978587806,False,0.0,False,False,False,59636.129187703096,0.6721362115246243,2022-02-25,False,106,60,-0.04299672287385825,bright,56686854.2254439,,ksi_Gem,2-4,0.6291394886507661,0,1.5330000451285741
86.9009500858024,0.9892107978587806,False,0.0,False,True,False,59636.129187703096,0.6888242182699367,2022-02-25,False,106,61,-0.05197323541781673,bright,54965813.10020213,,ksi_Gem,2-4,0.6368509828521199,1,1.580999992256693
86.9009500858024,0.9892107978587806,False,0.0,False,True,False,59636.129187703096,0.7043567475041297,2022-02-25,False,106,62,-0.05517389563307684,bright,53346192.29873049,,ksi_Gem,2-4,0.6491828518710528,2,1.6290000530716497
86.9009500858024,0.9892107978587806,False,0.0,False,False,False,59636.129187703096,0.7188277580639001,2022-02-25,False,106,63,-0.04918017560877452,bright,51819290.444514334,,ksi_Gem,2-4,0.6696475824551256,3,1.6770000001997687
86.9009500858024,0.9892107978587806,False,0.0,False,True,False,59636.129187703096,0.7323235118626157,2022-02-25,False,106,64,-0.05185514684458925,bright,50377363.90683164,,ksi_Gem,2-4,0.6804683650180264,4,1.7249999473278876
86.9009500858024,0.9892107978587806,False,0.0,False,False,False,59636.129187703096,0.7449229105583979,2022-02-25,False,106,65,-0.046135189756765116,bright,49013508.00151892,,ksi_Gem,2-4,0.6987877208016328,5,1.7730000081428443
,0.9892107978587806,True,,False,False,False,,,unknown,True,106,66,,bright,,,ksi_Gem,3-4,,0,1.5330000451285741
,0.9892107978587806,True,,False,False,False,,,unknown,True,106,67,,bright,,,ksi_Gem,3-4,,1,1.580999992256693
,0.9892107978587806,True,,False,False,False,,,unknown,True,106,68,,bright,,,ksi_Gem,3-4,,2,1.6290000530716497
,0.9892107978587806,True,,False,False,False,,,unknown,True,106,69,,bright,,,ksi_Gem,3-4,,3,1.6770000001997687
,0.9892107978587806,True,,False,False,False,,,unknown,True,106,70,,bright,,,ksi_Gem,3-4,,4,1.7249999473278876
,0.9892107978587806,True,,False,False,False,,,unknown,True,106,71,,bright,,,ksi_Gem,3-4,,5,1.7730000081428443
37.899753648591755,0.9892107978587806,False,0.0,False,False,False,59636.129187703096,0.9290721146411525,2022-02-25,False,106,72,-0.0005104947807915705,bright,24722604.391973823,,ksi_Gem,3-4,0.9285616198603609,0,1.5330000451285741
37.899753648591755,0.9892107978587806,False,0.0,False,False,False,59636.129187703096,0.9331917692776397,2022-02-25,False,106,73,0.010729105328530553,bright,23972013.8103823,,ksi_Gem,3-4,0.9439208746061702,1,1.580999992256693
37.899753648591755,0.9892107978587806,False,0.0,False,False,False,59636.129187703096,0.9369659764262919,2022-02-25,False,106,74,-0.003535438566096838,bright,23265655.257117894,,ksi_Gem,3-4,0.933430537860195,2,1.6290000530716497
37.899753648591755,0.9892107978587806,False,0.0,False,False,False,59636.129187703096,0.9404319305484009,2022-02-25,False,106,75,-0.0034837398328040337,bright,22599733.836658936,,ksi_Gem,3-4,0.9369481907155969,3,1.6770000001997687
37.899753648591755,0.9892107978587806,False,0.0,False,False,False,59636.129187703096,0.9436220223259176,2022-02-25,False,106,76,-7.757386883333606e-05,bright,21970872.35121392,,ksi_Gem,3-4,0.9435444484570843,4,1.7249999473278876
37.899753648591755,0.9892107978587806,False,0.0,False,False,False,59636.129187703096,0.9465645348307948,2022-02-25,False,106,77,-0.029155714073160643,bright,21376059.489300527,,ksi_Gem,3-4,0.9174088207576342,5,1.7730000081428443
79.21582571337969,1.0513628424567993,False,0.0,False,False,False,59639.0768532441,0.8585709748517477,2022-02-28,False,106,0,-0.014162220545136939,faint,51673726.92851798,,ksi_Gem,1-2,0.8444087543066108,0,1.5330000451285741
79.21582571337969,1.0513628424567993,False,0.0,False,False,False,59639.0768532441,0.8665298846771172,2022-02-28,False,106,1,-0.025832810391671623,faint,50104886.844628215,,ksi_Gem,1-2,0.8406970742854456,1,1.580999992256693
79.21582571337969,1.0513628424567993,False,0.0,False,False,False,59639.0768532441,0.8738492944245104,2022-02-28,False,106,2,-0.03862072161343677,faint,48628497.932833076,,ksi_Gem,1-2,0.8352285728110737,2,1.6290000530716497
79.21582571337969,1.0513628424567993,False,0.0,False,False,False,59639.0768532441,0.8805943536392637,2022-02-28,False,106,3,-0.03441872485334241,faint,47236628.32674018,,ksi_Gem,1-2,0.8461756287859213,3,1.6770000001997687
79.21582571337969,1.0513628424567993,False,0.0,False,False,False,59639.0768532441,0.8868223783137489,2022-02-28,False,106,4,-0.025408256732708634,faint,45922219.20707245,,ksi_Gem,1-2,0.8614141215810402,4,1.7249999473278876
79.21582571337969,1.0513628424567993,False,0.0,False,False,False,59639.0768532441,0.8925838762913826,2022-02-28,False,106,5,-0.032954867552839606,faint,44678976.50849731,,ksi_Gem,1-2,0.859629008738543,5,1.7730000081428443
124.19555692936692,1.0513628424567993,False,0.0,False,False,False,59639.0768532441,0.6824764750821567,2022-02-28,False,106,6,0.04192469708591817,faint,81014711.85472178,,ksi_Gem,1-3,0.7244011721680749,0,1.5330000451285741
124.19555692936692,1.0513628424567993,False,0.0,False,False,False,59639.0768532441,0.6987413379060557,2022-02-28,False,106,7,0.011487494415737376,faint,78555064.85619411,,ksi_Gem,1-3,0.7102288323217931,1,1.580999992256693
124.19555692936692,1.0513628424567993,False,0.0,False,False,False,59639.0768532441,0.7138685714260132,2022-02-28,False,106,8,0.0015125599932811484,faint,76240363.95528853,,ksi_Gem,1-3,0.7153811314192944,2,1.6290000530716497
124.19555692936692,1.0513628424567993,False,0.0,False,False,False,59639.0768532441,0.72795230062959,2022-02-28,False,106,9,-0.0029734933712886047,faint,74058173.47320955,,ksi_Gem,1-3,0.7249788072583014,3,1.6770000001997687
124.19555692936692,1.0513628424567993,False,0.0,False,False,False,59639.0768532441,0.7410786478817516,2022-02-28,False,106,10,-0.007292262160807472,faint,71997426.50528896,,ksi_Gem,1-3,0.7337863857209441,4,1.7249999473278876
124.19555692936692,1.0513628424567993,False,0.0,False,False,False,59639.0768532441,0.7533261599879988,2022-02-28,False,106,11,-0.012985027352258816,faint,70048255.13760568,,ksi_Gem,1-3,0.74034113263574,5,1.7730000081428443
128.6883078123074,1.0513628424567993,False,0.0,False,False,False,59639.0768532441,0.6628735858958958,2022-02-28,False,106,12,0.04201505421010665,faint,83945403.79906784,,ksi_Gem,1-4,0.7048886401060025,0,1.5330000451285741
128.6883078123074,1.0513628424567993,False,0.0,False,False,False,59639.0768532441,0.6799338971814526,2022-02-28,False,106,13,0.030715421757010808,faint,81396779.53357852,,ksi_Gem,1-4,0.7106493189384634,1,1.580999992256693
128.6883078123074,1.0513628424567993,False,0.0,False,False,False,59639.0768532441,0.6958238916735073,2022-02-28,False,106,14,0.013697839279428692,faint,78998344.76349595,,ksi_Gem,1-4,0.709521730952936,2,1.6290000530716497
128.6883078123074,1.0513628424567993,False,0.0,False,False,False,59639.0768532441,0.7106371999799498,2022-02-28,False,106,15,0.010414683818691817,faint,76737213.95168616,,ksi_Gem,1-4,0.7210518837986416,3,1.6770000001997687
128.6883078123074,1.0513628424567993,False,0.0,False,False,False,59639.0768532441,0.7244600579765911,2022-02-28,False,106,16,0.005065541516608318,faint,74601919.85028875,,ksi_Gem,1-4,0.7295255994931994,4,1.7249999473278876
128.6883078123074,1.0513628424567993,False,0.0,False,False,False,59639.0768532441,0.7373715580186861,2022-02-28,False,106,17,-0.0029072176055048304,faint,72582237.57545489,,ksi_Gem,1-4,0.7344643404131813,5,1.7730000081428443
57.670485313487056,1.0513628424567993,False,0.0,False,False,False,59639.0768532441,0.9228004281419233,2022-02-28,False,106,18,0.0034696173504997763,faint,37619363.08922299,,ksi_Gem,2-3,0.9262700454924231,0,1.5330000451285741
57.670485313487056,1.0513628424567993,False,0.0,False,False,False,59639.0768532441,0.9272722729600743,2022-02-28,False,106,19,-0.00023601719376853403,faint,36477220.49079151,,ksi_Gem,2-3,0.9270362557663058,1,1.580999992256693
57.670485313487056,1.0513628424567993,False,0.0,False,False,False,59639.0768532441,0.9313704760738867,2022-02-28,False,106,20,-0.008300482471434334,faint,35402383.93776804,,ksi_Gem,2-3,0.9230699936024523,2,1.6290000530716497
57.670485313487056,1.0513628424567993,False,0.0,False,False,False,59639.0768532441,0.9351350866385719,2022-02-28,False,106,21,-0.00392905139218247,faint,34389078.89482242,,ksi_Gem,2-3,0.9312060352463895,3,1.6770000001997687
57.670485313487056,1.0513628424567993,False,0.0,False,False,False,59639.0768532441,0.9386010102596479,2022-02-28,False,106,22,0.008428525923437125,faint,33432166.41995935,,ksi_Gem,2-3,0.947029536183085,4,1.7249999473278876
57.670485313487056,1.0513628424567993,False,0.0,False,False,False,59639.0768532441,0.9417987488243466,2022-02-28,False,106,23,0.0032230632037160145,faint,32527064.325225174,,ksi_Gem,2-3,0.9450218120280626,5,1.7730000081428443
109.12312796992852,1.0513628424567993,False,0.0,False,False,False,59639.0768532441,0.7462183408514909,2022-02-28,False,106,24,0.03609496512533861,faint,71182729.78313987,,ksi_Gem,2-4,0.7823133059768295,0,1.5330000451285741
109.12312796992852,1.0513628424567993,False,0.0,False,False,False,59639.0768532441,0.7597073586477479,2022-02-28,False,106,25,0.009911863855178837,faint,69021586.65678927,,ksi_Gem,2-4,0.7696192225029267,1,1.580999992256693
109.12312796992852,1.0513628424567993,False,0.0,False,False,False,59639.0768532441,0.7721977683492817,2022-02-28,False,106,26,-0.0007793018705931631,faint,66987798.90409792,,ksi_Gem,2-4,0.7714184664786885,2,1.6290000530716497
109.12312796992852,1.0513628424567993,False,0.0,False,False,False,59639.0768532441,0.7837800897867263,2022-02-28,False,106,27,-0.014143611309270221,faint,65070440.04587328,,ksi_Gem,2-4,0.7696364784774561,3,1.6770000001997687
109.12312796992852,1.0513628424567993,False,0.0,False,False,False,59639.0768532441,0.7945357108347293,2022-02-28,False,106,28,-0.027271995000549776,faint,63259786.26200295,,ksi_Gem,2-4,0.7672637158341795,4,1.7249999473278876
109.12312796992852,1.0513628424567993,False,0.0,False,False,False,59639.0768532441,0.8045377462518781,2022-02-28,False,106,29,-0.024294752833426192,faint,61547167.21306233,,ksi_Gem,2-4,0.7802429934184519,5,1.7730000081428443
79.56600861163083,1.0513628424567993,False,0.0,False,True,False,59639.0768532441,0.8573968600257013,2022-02-28,False,106,30,-0.05130347881905939,faint,51902156.73148109,,ksi_Gem,3-4,0.8060933812066419,0,1.5330000451285741
79.56600861163083,1.0513628424567993,False,0.0,False,True,False,59639.0768532441,0.865417418988264,2022-02-28,False,106,31,-0.06048313577010378,faint,50326381.40501167,,ksi_Gem,3-4,0.8049342832181602,1,1.580999992256693
79.56600861163083,1.0513628424567993,False,0.0,False,False,False,59639.0768532441,0.8727940142138144,2022-02-28,False,106,32,-0.03502423749187589,faint,48843465.94194446,,ksi_Gem,3-4,0.8377697767219385,2,1.6290000530716497
79.56600861163083,1.0513628424567993,False,0.0,False,False,False,59639.0768532441,0.8795921833188599,2022-02-28,False,106,33,-0.032942673666927935,faint,47445443.41213638,,ksi_Gem,3-4,0.846649509651932,3,1.6770000001997687
79.56600861163083,1.0513628424567993,False,0.0,False,False,False,59639.0768532441,0.8858695945220786,2022-02-28,False,106,34,-0.023364334153050614,faint,46125223.79196742,,ksi_Gem,3-4,0.862505260369028,4,1.7249999473278876
79.56600861163083,1.0513628424567993,False,0.0,False,False,False,59639.0768532441,0.8916770745852671,2022-02-28,False,106,35,-0.0007237425973068978,faint,44876485.192447044,,ksi_Gem,3-4,0.8909533319879602,5,1.7730000081428443
76.36034038732164,1.0513628424567993,False,0.0,False,False,False,59639.08756014736,0.8679999496510625,2022-02-28,False,106,36,-0.01490243092103194,faint,49811049.01462493,,ksi_Gem,1-2,0.8530975187300306,0,1.5330000451285741
76.36034038732164,1.0513628424567993,False,0.0,False,False,False,59639.08756014736,0.87546098107694,2022-02-28,False,106,37,-0.018649337388214282,faint,48298760.75984426,,ksi_Gem,1-2,0.8568116436887258,1,1.580999992256693
76.36034038732164,1.0513628424567993,False,0.0,False,False,False,59639.08756014736,0.8823188829991405,2022-02-28,False,106,38,-0.019973043146629177,faint,46875591.0985615,,ksi_Gem,1-2,0.8623458398525113,2,1.6290000530716497
76.36034038732164,1.0513628424567993,False,0.0,False,False,False,59639.08756014736,0.8886355957095622,2022-02-28,False,106,39,-0.00607622741987468,faint,45533894.083616816,,ksi_Gem,1-2,0.8825593682896875,3,1.6770000001997687
76.36034038732164,1.0513628424567993,False,0.0,False,False,False,59639.08756014736,0.8944655310888,2022-02-28,False,106,40,-0.0002726324620080378,faint,44266865.34431939,,ksi_Gem,1-2,0.894192898626792,4,1.7249999473278876
76.36034038732164,1.0513628424567993,False,0.0,False,False,False,59639.08756014736,0.8998565742030318,2022-02-28,False,106,41,-0.01692334865304057,faint,43068437.69691035,,ksi_Gem,1-2,0.8829332255499912,5,1.7730000081428443
121.58168436263922,1.0513628424567993,False,0.0,False,False,False,59639.08756014736,0.6937713499539385,2022-02-28,False,106,42,0.046521957465360475,faint,79309641.73744826,,ksi_Gem,1-3,0.740293307419299,0,1.5330000451285741
121.58168436263922,1.0513628424567993,False,0.0,False,False,False,59639.08756014736,0.7095650906670502,2022-02-28,False,106,43,0.02232332659036451,faint,76901761.51683313,,ksi_Gem,1-3,0.7318884172574147,1,1.580999992256693
121.58168436263922,1.0513628424567993,False,0.0,False,False,False,59639.08756014736,0.7242422267568297,2022-02-28,False,106,44,0.013125736795676302,faint,74635776.7965595,,ksi_Gem,1-3,0.737367963552506,2,1.6290000530716497
121.58168436263922,1.0513628424567993,False,0.0,False,False,False,59639.08756014736,0.7378968239288702,2022-02-28,False,106,45,8.958626100097344e-05,faint,72499513.62442224,,ksi_Gem,1-3,0.7379864101898712,3,1.6770000001997687
121.58168436263922,1.0513628424567993,False,0.0,False,False,False,59639.08756014736,0.7506146498693208,2022-02-28,False,106,46,-0.004580762191808363,faint,70482138.01454048,,ksi_Gem,1-3,0.7460338876775124,4,1.7249999473278876
121.58168436263922,1.0513628424567993,False,0.0,False,False,False,59639.08756014736,0.7624736938362773,2022-02-28,False,106,47,-0.014501121686334217,faint,68573989.73731072,,ksi_Gem,1-3,0.7479725721499431,5,1.7730000081428443
130.1354998725727,1.0513628424567993,False,0.0,False,False,False,59639.08756014736,0.656513756475577,2022-02-28,False,106,48,0.04477536894657852,faint,84889429.90321837,,ksi_Gem,1-4,0.7012891254221555,0,1.5330000451285741
130.1354998725727,1.0513628424567993,False,0.0,False,False,False,59639.08756014736,0.6738259527450478,2022-02-28,False,106,49,0.039935544837581216,faint,82312144.53506698,,ksi_Gem,1-4,0.713761497582629,1,1.580999992256693
130.1354998725727,1.0513628424567993,False,0.0,False,False,False,59639.08756014736,0.6899582780908017,2022-02-28,False,106,50,0.020731806181049306,faint,79886737.65061493,,ksi_Gem,1-4,0.710690084271851,2,1.6290000530716497
130.1354998725727,1.0513628424567993,False,0.0,False,False,False,59639.08756014736,0.7050040393755385,2022-02-28,False,106,51,0.015672425987301786,faint,77600178.80564736,,ksi_Gem,1-4,0.7206764653628402,3,1.6770000001997687
130.1354998725727,1.0513628424567993,False,0.0,False,False,False,59639.08756014736,0.7190493715982788,2022-02-28,False,106,52,0.017336811801952234,faint,75440871.79490016,,ksi_Gem,1-4,0.736386183400231,4,1.7249999473278876
130.1354998725727,1.0513628424567993,False,0.0,False,False,False,59639.08756014736,0.7321734280415632,2022-02-28,False,106,53,0.007975609664393923,faint,73398476.74839275,,ksi_Gem,1-4,0.7401490377059571,5,1.7730000081428443
58.03276076624885,1.0513628424567993,False,0.0,False,False,False,59639.08756014736,0.9218602589990054,2022-02-28,False,106,54,0.0069348999113332255,faint,37855681.05536591,,ksi_Gem,2-3,0.9287951589103386,0,1.5330000451285741
58.03276076624885,1.0513628424567993,False,0.0,False,False,False,59639.08756014736,0.9263847249505686,2022-02-28,False,106,55,-0.016191453390404176,faint,36706363.725792214,,ksi_Gem,2-3,0.9101932715601644,1,1.580999992256693
58.03276076624885,1.0513628424567993,False,0.0,False,False,False,59639.08756014736,0.9305313563363729,2022-02-28,False,106,56,-0.012559906958303446,faint,35624775.24590746,,ksi_Gem,2-3,0.9179714493780694,2,1.6290000530716497
58.03276076624885,1.0513628424567993,False,0.0,False,False,False,59639.08756014736,0.9343406241083843,2022-02-28,False,106,57,-0.005186682862684977,faint,34605104.805805504,,ksi_Gem,2-3,0.9291539412456993,3,1.6770000001997687
58.03276076624885,1.0513628424567993,False,0.0,False,False,False,59639.08756014736,0.9378478059215525,2022-02-28,False,106,58,0.00862677374976506,faint,33642181.18159629,,ksi_Gem,2-3,0.9464745796713175,4,1.7249999473278876
58.03276076624885,1.0513628424567993,False,0.0,False,False,False,59639.08756014736,0.9410837322643674,2022-02-28,False,106,59,0.0020354046857846697,faint,32731393.40085855,,ksi_Gem,2-3,0.943119136950152,5,1.7730000081428443
110.41194039177869,1.0513628424567993,False,0.0,False,False,False,59639.08756014736,0.7409140453817419,2022-02-28,False,106,60,0.028345415564868137,faint,72023442.36233753,,ksi_Gem,2-4,0.76925946094661,0,1.5330000451285741
110.41194039177869,1.0513628424567993,False,0.0,False,False,False,59639.08756014736,0.7546446422520269,2022-02-28,False,106,61,0.006789947839400456,faint,69836774.78339422,,ksi_Gem,2-4,0.7614345900914273,1,1.580999992256693
110.41194039177869,1.0513628424567993,False,0.0,False,False,False,59639.08756014736,0.7673632045403803,2022-02-28,False,106,62,-0.002817982819427356,faint,67778966.72476187,,ksi_Gem,2-4,0.764545221720953,2,1.6290000530716497
110.41194039177869,1.0513628424567993,False,0.0,False,False,False,59639.08756014736,0.7791608538894498,2022-02-28,False,106,63,-0.010778753121008844,faint,65838962.658691786,,ksi_Gem,2-4,0.7683821007684409,3,1.6770000001997687
110.41194039177869,1.0513628424567993,False,0.0,False,False,False,59639.08756014736,0.7901196235392206,2022-02-28,False,106,64,-0.02613952260219421,faint,64006923.920671634,,ksi_Gem,2-4,0.7639801009370264,4,1.7249999473278876
110.41194039177869,1.0513628424567993,False,0.0,False,False,False,59639.08756014736,0.8003132899163883,2022-02-28,False,106,65,-0.03043343992835501,faint,62274077.769143015,,ksi_Gem,2-4,0.7698798499880333,5,1.7730000081428443
78.40390201489211,1.0513628424567993,False,0.0,False,False,False,59639.08756014736,0.8612784110618643,2022-02-28,False,106,66,-0.0033828523811274547,faint,51144096.35148856,,ksi_Gem,3-4,0.8578955586807369,0,1.5330000451285741
78.40390201489211,1.0513628424567993,False,0.0,False,False,False,59639.08756014736,0.8690948674199748,2022-02-28,False,106,67,-0.010165770305050392,faint,49591336.11568188,,ksi_Gem,3-4,0.8589290971149244,1,1.580999992256693
78.40390201489211,1.0513628424567993,False,0.0,False,False,False,59639.08756014736,0.8762821718371371,2022-02-28,False,106,68,0.02243987795202662,faint,48130079.47240601,,ksi_Gem,3-4,0.8987220497891637,2,1.6290000530716497
78.40390201489211,1.0513628424567993,False,0.0,False,False,False,59639.08756014736,0.8829045692311419,2022-02-28,False,106,69,0.041696065404046134,faint,46752475.853042595,,ksi_Gem,3-4,0.924600634635188,3,1.6770000001997687
78.40390201489211,1.0513628424567993,False,0.0,False,False,False,59639.08756014736,0.8890185554384398,2022-02-28,False,106,70,0.04562077333528913,faint,45451538.7877801,,ksi_Gem,3-4,0.9346393287737289,4,1.7249999473278876
78.40390201489211,1.0513628424567993,False,0.0,False,True,False,59639.08756014736,0.8946738964080054,2022-02-28,False,106,71,0.1069650659385244,faint,44221038.72239542,,ksi_Gem,3-4,1.0016389623465298,5,1.7730000081428443
86.42468778853929,1.0452147158350045,False,0.0,False,False,False,58816.22084735163,0.6575926590597007,2019-11-28,False,104,0,0.013376201164820078,bright,56376180.85085625,,pi3_Ori,1-2,0.6709688602245207,0,1.5330000451285741
86.42468778853929,1.0452147158350045,False,0.0,False,False,False,58816.22084735163,0.6748638304944631,2019-11-28,False,104,1,0.005964925558395451,bright,54664571.923987255,,pi3_Ori,1-2,0.6808287560528585,1,1.580999992256693
86.42468778853929,1.0452147158350045,False,0.0,False,False,False,58816.22084735163,0.6909564646084944,2019-11-28,False,104,2,0.0059294666516998,bright,53053827.48488959,,pi3_Ori,1-2,0.6968859312601942,2,1.6290000530716497
86.42468778853929,1.0452147158350045,False,0.0,False,False,False,58816.22084735163,0.7059639672304955,2019-11-28,False,104,3,0.005619050643350332,bright,51535293.845106825,,pi3_Ori,1-2,0.7115830178738458,3,1.6770000001997687
86.42468778853929,1.0452147158350045,False,0.0,False,False,False,58816.22084735163,0.7199725277496315,2019-11-28,False,104,4,0.00964950332648018,bright,50101269.81303131,,pi3_Ori,1-2,0.7296220310761117,4,1.7249999473278876
86.42468778853929,1.0452147158350045,False,0.0,False,False,False,58816.22084735163,0.7330613206400522,2019-11-28,False,104,5,0.010980374715327534,bright,48744888.54575141,,pi3_Ori,1-2,0.7440416953553798,5,1.7730000081428443
128.57314346190051,1.0452147158350045,False,0.0,False,False,False,58816.22084735163,0.3779112170192323,2019-11-28,False,104,6,0.0038566070127659113,bright,83870280.2850322,,pi3_Ori,1-3,0.3817678240319982,0,1.5330000451285741
128.57314346190051,1.0452147158350045,False,0.0,False,False,False,58816.22084735163,0.4025929657461258,2019-11-28,False,104,7,-0.010230595262277487,bright,81323936.80684169,,pi3_Ori,1-3,0.3923623704838483,1,1.580999992256693
128.57314346190051,1.0452147158350045,False,0.0,False,False,False,58816.22084735163,0.4262500402372598,2019-11-28,False,104,8,-0.008217375460531195,bright,78927648.41809699,,pi3_Ori,1-3,0.4180326647767286,2,1.6290000530716497
128.57314346190051,1.0452147158350045,False,0.0,False,False,False,58816.22084735163,0.4488824173311027,2019-11-28,False,104,9,-0.004429553026742528,bright,76668541.11304982,,pi3_Ori,1-3,0.44445286430436015,3,1.6770000001997687
128.57314346190051,1.0452147158350045,False,0.0,False,False,False,58816.22084735163,0.47050290633422803,2019-11-28,False,104,10,-0.007740411404128844,bright,74535157.90598536,,pi3_Ori,1-3,0.4627624949300992,4,1.7249999473278876
128.57314346190051,1.0452147158350045,False,0.0,False,False,False,58816.22084735163,0.49113359288959313,2019-11-28,False,104,11,-0.004449485583262525,bright,72517283.0633974,,pi3_Ori,1-3,0.4866841073063306,5,1.7730000081428443
125.9500038016109,1.0452147158350045,False,0.0,False,False,False,58816.22084735163,0.3944421494050583,2019-11-28,False,104,12,0.0010942228154736666,bright,82159165.09711999,,pi3_Ori,1-4,0.39553637222053195,0,1.5330000451285741
125.9500038016109,1.0452147158350045,False,0.0,False,False,False,58816.22084735163,0.41893196581064956,2019-11-28,False,104,13,-0.010809470658726894,bright,79664771.92819715,,pi3_Ori,1-4,0.40812249515192267,1,1.580999992256693
125.9500038016109,1.0452147158350045,False,0.0,False,False,False,58816.22084735163,0.4423524824457695,2019-11-28,False,104,14,-0.012787918373191431,bright,77317372.43600392,,pi3_Ori,1-4,0.4295645640725781,2,1.6290000530716497
125.9500038016109,1.0452147158350045,False,0.0,False,False,False,58816.22084735163,0.46471346320438695,2019-11-28,False,104,15,-0.005810712846580357,bright,75104355.26929481,,pi3_Ori,1-4,0.4589027503578066,3,1.6770000001997687
125.9500038016109,1.0452147158350045,False,0.0,False,False,False,58816.22084735163,0.4860359163282922,2019-11-28,False,104,16,0.007511004149969969,bright,73014497.18692099,,pi3_Ori,1-4,0.49354692047826215,4,1.7249999473278876
125.9500038016109,1.0452147158350045,False,0.0,False,False,False,58816.22084735163,0.5063487606023777,2019-11-28,False,104,17,0.0071579379150035205,bright,71037790.87600747,,pi3_Ori,1-4,0.5135066985173812,5,1.7730000081428443
56.564548561008785,1.0452147158350045,False,0.0,False,False,False,58816.22084735163,0.8386598858910934,2019-11-28,False,104,18,-0.0012388333080527447,bright,36897943.18059832,,pi3_Ori,2-3,0.8374210525830407,0,1.5330000451285741
56.564548561008785,1.0452147158350045,False,0.0,False,False,False,58816.22084735163,0.8476540196023599,2019-11-28,False,104,19,-0.02329023751057646,bright,35777703.2498713,,pi3_Ori,2-3,0.8243637820917834,1,1.580999992256693
56.564548561008785,1.0452147158350045,False,0.0,False,False,False,58816.22084735163,0.8559348726521843,2019-11-28,False,104,20,-0.02815188136258584,bright,34723478.6483588,,pi3_Ori,2-3,0.8277829912895984,2,1.6290000530716497
56.564548561008785,1.0452147158350045,False,0.0,False,False,False,58816.22084735163,0.8635738382906177,2019-11-28,False,104,21,-0.02867642977950513,bright,33729605.57797893,,pi3_Ori,2-3,0.8348974085111126,3,1.6770000001997687
56.564548561008785,1.0452147158350045,False,0.0,False,False,False,58816.22084735163,0.8706339308188212,2019-11-28,False,104,22,-0.0008529522861937533,bright,32791043.645323083,,pi3_Ori,2-3,0.8697809785326275,4,1.7249999473278876
56.564548561008785,1.0452147158350045,False,0.0,False,False,False,58816.22084735163,0.8771708416916183,2019-11-28,False,104,23,0.008578292876573967,bright,31903298.53424997,,pi3_Ori,2-3,0.8857491345681923,5,1.7730000081428443
113.75386384093595,1.0452147158350045,False,0.0,False,False,False,58816.22084735163,0.47388345805204724,2019-11-28,False,104,24,-0.002774941237769668,bright,74203431.50178793,,pi3_Ori,2-4,0.47110851681427757,0,1.5330000451285741
113.75386384093595,1.0452147158350045,False,0.0,False,False,False,58816.22084735163,0.4969537908091993,2019-11-28,False,104,25,-0.005401253066673606,bright,71950578.36690156,,pi3_Ori,2-4,0.4915525377425257,1,1.580999992256693
113.75386384093595,1.0452147158350045,False,0.0,False,False,False,58816.22084735163,0.5188082072001331,2019-11-28,False,104,26,-0.004848760145190534,bright,69830485.04292014,,pi3_Ori,2-4,0.5139594470549426,2,1.6290000530716497
113.75386384093595,1.0452147158350045,False,0.0,False,False,False,58816.22084735163,0.5394962457841006,2019-11-28,False,104,27,-0.0018815116530916942,bright,67831761.37590058,,pi3_Ori,2-4,0.5376147341310089,3,1.6770000001997687
113.75386384093595,1.0452147158350045,False,0.0,False,False,False,58816.22084735163,0.5590715124885604,2019-11-28,False,104,28,-0.026142264933609827,bright,65944270.90687536,,pi3_Ori,2-4,0.5329292475549505,4,1.7249999473278876
113.75386384093595,1.0452147158350045,False,0.0,False,False,False,58816.22084735163,0.5775895025664052,2019-11-28,False,104,29,-0.0050677156221605735,bright,64158975.36294383,,pi3_Ori,2-4,0.5725217869442446,5,1.7730000081428443
88.90076175601382,1.0452147158350045,False,0.0,False,False,False,58816.22084735163,0.6411574222094122,2019-11-28,False,104,30,-0.0019960999344397212,bright,57991362.778177634,,pi3_Ori,3-4,0.6391613222749725,0,1.5330000451285741
88.90076175601382,1.0452147158350045,False,0.0,False,False,False,58816.22084735163,0.6590666654126688,2019-11-28,False,104,31,-0.003592285271582507,bright,56230716.1236088,,pi3_Ori,3-4,0.6554743801410863,1,1.580999992256693
88.90076175601382,1.0452147158350045,False,0.0,False,False,False,58816.22084735163,0.675774849832283,2019-11-28,False,104,32,0.00233090377601175,bright,54573823.732161425,,pi3_Ori,3-4,0.6781057536082947,2,1.6290000530716497
88.90076175601382,1.0452147158350045,False,0.0,False,False,False,58816.22084735163,0.6913742108925091,2019-11-28,False,104,33,-0.0013712792361563197,bright,53011783.9865377,,pi3_Ori,3-4,0.6900029316563527,3,1.6770000001997687
88.90076175601382,1.0452147158350045,False,0.0,False,False,False,58816.22084735163,0.7059503951616332,2019-11-28,False,104,34,0.009734530622145243,bright,51536675.05539673,,pi3_Ori,3-4,0.7156849257837784,4,1.7249999473278876
88.90076175601382,1.0452147158350045,False,0.0,False,False,False,58816.22084735163,0.7195824961897923,2019-11-28,False,104,35,0.0054207238559215165,bright,50141433.36024813,,pi3_Ori,3-4,0.7250032200457138,5,1.7730000081428443
84.58591865542748,1.0452147158350045,False,0.0,False,False,False,58816.23161888829,0.6697131727146431,2019-11-28,False,104,36,0.02183382157892233,bright,55176722.873699054,,pi3_Ori,1-2,0.6915469942935655,0,1.5330000451285741
84.58591865542748,1.0452147158350045,False,0.0,False,False,False,58816.23161888829,0.686500571126341,2019-11-28,False,104,37,0.013671347439962345,bright,53501530.08836575,,pi3_Ori,1-2,0.7001719185663033,1,1.580999992256693
84.58591865542748,1.0452147158350045,False,0.0,False,False,False,58816.23161888829,0.7021282708328199,2019-11-28,False,104,38,0.009661259244024945,bright,51925055.800907984,,pi3_Ori,1-2,0.7117895300768449,2,1.6290000530716497
84.58591865542748,1.0452147158350045,False,0.0,False,False,False,58816.23161888829,0.7166901974546356,2019-11-28,False,104,39,0.008467909628089076,bright,50438830.43849218,,pi3_Ori,1-2,0.7251581070827247,3,1.6770000001997687
84.58591865542748,1.0452147158350045,False,0.0,False,False,False,58816.23161888829,0.7302726505071466,2019-11-28,False,104,40,0.01239903256373942,bright,49035316.65983837,,pi3_Ori,1-2,0.742671683070886,4,1.7249999473278876
84.58591865542748,1.0452147158350045,False,0.0,False,False,False,58816.23161888829,0.7429546189908524,2019-11-28,False,104,41,0.01894883104103995,bright,47707793.72078417,,pi3_Ori,1-2,0.7619034500318923,5,1.7730000081428443
127.40387628313621,1.0452147158350045,False,0.0,False,False,False,58816.23161888829,0.38525125685619965,2019-11-28,False,104,42,0.014504156846575633,bright,83107548.94495174,,pi3_Ori,1-3,0.3997554137027753,0,1.5330000451285741
127.40387628313621,1.0452147158350045,False,0.0,False,False,False,58816.23161888829,0.4098525662976871,2019-11-28,False,104,43,-5.88106490252982e-05,bright,80584362.37009846,,pi3_Ori,1-3,0.40979375564866183,1,1.580999992256693
127.40387628313621,1.0452147158350045,False,0.0,False,False,False,58816.23161888829,0.43340875769668236,2019-11-28,False,104,44,0.002778484913330048,bright,78209866.25685057,,pi3_Ori,1-3,0.4361872426100124,2,1.6290000530716497
127.40387628313621,1.0452147158350045,False,0.0,False,False,False,58816.23161888829,0.45592421555445406,2019-11-28,False,104,45,0.0054411195878917296,bright,75971303.67797229,,pi3_Ori,1-3,0.4613653351423458,3,1.6770000001997687
127.40387628313621,1.0452147158350045,False,0.0,False,False,False,58816.23161888829,0.4774154492927191,2019-11-28,False,104,46,0.0012279004813374739,bright,73857321.83962746,,pi3_Ori,1-3,0.4786433497740566,4,1.7249999473278876
127.40387628313621,1.0452147158350045,False,0.0,False,False,False,58816.23161888829,0.4979076345402323,2019-11-28,False,104,47,0.006317344249674173,bright,71857797.9120188,,pi3_Ori,1-3,0.5042249787899065,5,1.7730000081428443
127.92221851492774,1.0452147158350045,False,0.0,False,False,False,58816.23161888829,0.38199157667761274,2019-11-28,False,104,48,0.012879300699197349,bright,83445671.72155483,,pi3_Ori,1-4,0.3948708773768101,0,1.5330000451285741
127.92221851492774,1.0452147158350045,False,0.0,False,False,False,58816.23161888829,0.4066295637196683,2019-11-28,False,104,49,-0.002278704497862216,bright,80912219.57081334,,pi3_Ori,1-4,0.4043508592218061,1,1.580999992256693
127.92221851492774,1.0452147158350045,False,0.0,False,False,False,58816.23161888829,0.43023138679994566,2019-11-28,False,104,50,-0.005909410867447229,bright,78528062.82830809,,pi3_Ori,1-4,0.42432197593249843,2,1.6290000530716497
127.92221851492774,1.0452147158350045,False,0.0,False,False,False,58816.23161888829,0.45279948514507656,2019-11-28,False,104,51,0.00291175845732633,bright,76280392.66528879,,pi3_Ori,1-4,0.4557112436024029,3,1.6770000001997687
127.92221851492774,1.0452147158350045,False,0.0,False,False,False,58816.23161888829,0.4743487367022775,2019-11-28,False,104,52,0.015572780160354516,bright,74157810.09911667,,pi3_Ori,1-4,0.489921516862632,4,1.7249999473278876
127.92221851492774,1.0452147158350045,False,0.0,False,False,False,58816.23161888829,0.4949029558901773,2019-11-28,False,104,53,0.017061263663552984,bright,72150151.11529627,,pi3_Ori,1-4,0.5119642195537303,5,1.7730000081428443
57.270577770998976,1.0452147158350045,False,0.0,False,False,False,58816.23161888829,0.8349055494465029,2019-11-28,False,104,54,0.010825263553636888,bright,37358497.120067365,,pi3_Ori,2-3,0.8457308130001397,0,1.5330000451285741
57.270577770998976,1.0452147158350045,False,0.0,False,False,False,58816.23161888829,0.8440922965884364,2019-11-28,False,104,55,-0.01372547319981876,bright,36224274.54237486,,pi3_Ori,2-3,0.8303668233886177,1,1.580999992256693
57.270577770998976,1.0452147158350045,False,0.0,False,False,False,58816.23161888829,0.8525523327994012,2019-11-28,False,104,56,-0.014987720976415764,bright,35156891.286166206,,pi3_Ori,2-3,0.8375646118229855,2,1.6290000530716497
57.270577770998976,1.0452147158350045,False,0.0,False,False,False,58816.23161888829,0.8603581441835731,2019-11-28,False,104,57,-0.018021951236274703,bright,34150612.858781606,,pi3_Ori,2-3,0.8423361929472984,3,1.6770000001997687
57.270577770998976,1.0452147158350045,False,0.0,False,False,False,58816.23161888829,0.867573750617256,2019-11-28,False,104,58,0.011032862440867985,bright,33200335.95346713,,pi3_Ori,2-3,0.8786066130581239,4,1.7249999473278876
57.270577770998976,1.0452147158350045,False,0.0,False,False,False,58816.23161888829,0.8742557645893057,2019-11-28,False,104,59,0.021042180308964098,bright,32301510.156781055,,pi3_Ori,2-3,0.8952979448982697,5,1.7730000081428443
114.54127239965479,1.0452147158350045,False,0.0,False,False,False,58816.23161888829,0.4686510738784256,2019-11-28,False,104,60,0.005415602047778967,bright,74717070.46821913,,pi3_Ori,2-4,0.47406667592620455,0,1.5330000451285741
114.54127239965479,1.0452147158350045,False,0.0,False,False,False,58816.23161888829,0.49183819306121407,2019-11-28,False,104,61,-9.342977840770539e-05,bright,72448622.99851152,,pi3_Ori,2-4,0.49174476328280636,1,1.580999992256693
114.54127239965479,1.0452147158350045,False,0.0,False,False,False,58816.23161888829,0.5138157577679505,2019-11-28,False,104,62,-0.0002703427441516082,bright,70313854.3081538,,pi3_Ori,2-4,0.5135454150237989,2,1.6290000530716497
114.54127239965479,1.0452147158350045,False,0.0,False,False,False,58816.23161888829,0.534631066258346,2019-11-28,False,104,63,0.0036584248044917445,bright,68301295.40012541,,pi3_Ori,2-4,0.5382894910628377,3,1.6770000001997687
114.54127239965479,1.0452147158350045,False,0.0,False,False,False,58816.23161888829,0.5543359253875265,2019-11-28,False,104,64,-0.026306562320986715,bright,66400739.65050551,,pi3_Ori,2-4,0.5280293630665398,4,1.7249999473278876
114.54127239965479,1.0452147158350045,False,0.0,False,False,False,58816.23161888829,0.572984394747129,2019-11-28,False,104,65,-0.0012962200458588313,bright,64603086.223125726,,pi3_Ori,2-4,0.5716881747012702,5,1.7730000081428443
87.68127498261323,1.0452147158350045,False,0.0,False,False,False,58816.23161888829,0.6492670334261457,2019-11-28,False,104,66,-0.009756853776465513,bright,57195872.40798765,,pi3_Ori,3-4,0.6395101796496802,0,1.5330000451285741
87.68127498261323,1.0452147158350045,False,0.0,False,False,False,58816.23161888829,0.6668640426868032,2019-11-28,False,104,67,-0.014454017957258092,bright,55459377.237224676,,pi3_Ori,3-4,0.6524100247295451,1,1.580999992256693
87.68127498261323,1.0452147158350045,False,0.0,False,False,False,58816.23161888829,0.6832706675754736,2019-11-28,False,104,68,-0.0036817480496157406,bright,53825213.09147967,,pi3_Ori,3-4,0.6795889195258579,2,1.6290000530716497
87.68127498261323,1.0452147158350045,False,0.0,False,False,False,58816.23161888829,0.6985797881144047,2019-11-28,False,104,69,-0.004119936781712741,bright,52284600.460446276,,pi3_Ori,3-4,0.694459851332692,3,1.6770000001997687
87.68127498261323,1.0452147158350045,False,0.0,False,False,False,58816.23161888829,0.7128773755097025,2019-11-28,False,104,70,0.010012267669308517,bright,50829726.17966509,,pi3_Ori,3-4,0.722889643179011,4,1.7249999473278876
87.68127498261323,1.0452147158350045,False,0.0,False,False,False,58816.23161888829,0.7262426112921483,2019-11-28,False,104,71,0.010570019705787193,bright,49453623.56453473,,pi3_Ori,3-4,0.7368126309979355,5,1.7730000081428443
88.88050943062474,1.0531752343143852,False,0.0,False,False,False,58815.20425398614,0.6913041123996234,2019-11-27,False,104,0,0.010656170093216177,faint,57978151.868332304,,pi3_Ori,1-2,0.7019602824928396,0,1.5330000451285741
88.88050943062474,1.0531752343143852,False,0.0,False,False,False,58815.20425398614,0.7072027462987687,2019-11-27,False,104,1,-0.001473232958059345,faint,56217906.30356562,,pi3_Ori,1-2,0.7057295133407093,1,1.580999992256693
88.88050943062474,1.0531752343143852,False,0.0,False,False,False,58815.20425398614,0.7219798420729951,2019-11-27,False,104,2,0.0020579805921738803,faint,54561391.365845114,,pi3_Ori,1-2,0.724037822665169,2,1.6290000530716497
88.88050943062474,1.0531752343143852,False,0.0,False,False,False,58815.20425398614,0.7357295322584451,2019-11-27,False,104,3,-0.002896420166033864,faint,52999707.46573468,,pi3_Ori,1-2,0.7328331120924112,3,1.6770000001997687
88.88050943062474,1.0531752343143852,False,0.0,False,False,False,58815.20425398614,0.7485377072392468,2019-11-27,False,104,4,0.0062704504798573035,faint,51524934.57655182,,pi3_Ori,1-2,0.7548081577191041,4,1.7249999473278876
88.88050943062474,1.0531752343143852,False,0.0,False,False,False,58815.20425398614,0.7604825160312592,2019-11-27,False,104,5,-0.000764671360829583,faint,50130010.728947476,,pi3_Ori,1-2,0.7597178446704296,5,1.7730000081428443
129.21096447025465,1.0531752343143852,False,0.0,False,False,False,58815.20425398614,0.4447720859812455,2019-11-27,False,104,6,0.013381071700580394,faint,84286340.94359574,,pi3_Ori,1-3,0.4581531576818259,0,1.5330000451285741
129.21096447025465,1.0531752343143852,False,0.0,False,False,False,58815.20425398614,0.4684523244048287,2019-11-27,False,104,7,-0.0047921314383216895,faint,81727365.6566064,,pi3_Ori,1-3,0.463660192966507,1,1.580999992256693
129.21096447025465,1.0531752343143852,False,0.0,False,False,False,58815.20425398614,0.49095779059436756,2019-11-27,False,104,8,-0.0008257984629985171,faint,79319189.84693332,,pi3_Ori,1-3,0.49013199213136904,2,1.6290000530716497
129.21096447025465,1.0531752343143852,False,0.0,False,False,False,58815.20425398614,0.5123248719129179,2019-11-27,False,104,9,-0.005055976984996047,faint,77048875.64392528,,pi3_Ori,1-3,0.5072688949279218,3,1.6770000001997687
129.21096447025465,1.0531752343143852,False,0.0,False,False,False,58815.20425398614,0.5325965416262676,2019-11-27,False,104,10,-0.00843817017139159,faint,74904909.22646634,,pi3_Ori,1-3,0.524158371454876,4,1.7249999473278876
129.21096447025465,1.0531752343143852,False,0.0,False,False,False,58815.20425398614,0.5518197484583018,2019-11-27,False,104,11,-0.007129652391406505,faint,72877024.18320835,,pi3_Ori,1-3,0.5446900960668953,5,1.7730000081428443
121.58617991539056,1.0531752343143852,False,0.0,False,False,False,58815.20425398614,0.4910198638295364,2019-11-27,False,104,12,0.02235012753025062,faint,79312574.25709535,,pi3_Ori,1-4,0.513369991359787,0,1.5330000451285741
121.58617991539056,1.0531752343143852,False,0.0,False,False,False,58815.20425398614,0.5136865633082497,2019-11-27,False,104,13,0.0033893011350564217,faint,76904605.0037233,,pi3_Ori,1-4,0.5170758644433061,1,1.580999992256693
121.58617991539056,1.0531752343143852,False,0.0,False,False,False,58815.20425398614,0.5351196099557961,2019-11-27,False,104,14,0.005900730282693667,faint,74638536.49736053,,pi3_Ori,1-4,0.5410203402384898,2,1.6290000530716497
121.58617991539056,1.0531752343143852,False,0.0,False,False,False,58815.20425398614,0.5553754981665419,2019-11-27,False,104,15,0.0026521173344183913,faint,72502194.33566302,,pi3_Ori,1-4,0.5580276155009603,3,1.6770000001997687
121.58617991539056,1.0531752343143852,False,0.0,False,False,False,58815.20425398614,0.5745133829098825,2019-11-27,False,104,16,0.014093914579524358,faint,70484744.13215706,,pi3_Ori,1-4,0.5886072974894069,4,1.7249999473278876
121.58617991539056,1.0531752343143852,False,0.0,False,False,False,58815.20425398614,0.5925931557358447,2019-11-27,False,104,17,0.01812741170648202,faint,68576525.30004658,,pi3_Ori,1-4,0.6107205674423267,5,1.7730000081428443
54.82718141252571,1.0531752343143852,False,0.0,False,False,False,58815.20425398614,0.8712705137870642,2019-11-27,False,104,18,0.017790264186105742,faint,35764631.31018845,,pi3_Ori,2-3,0.88906077797317,0,1.5330000451285741
54.82718141252571,1.0531752343143852,False,0.0,False,False,False,58815.20425398614,0.8785578924223426,2019-11-27,False,104,19,-0.007468414399031453,faint,34678799.292254455,,pi3_Ori,2-3,0.8710894780233112,1,1.580999992256693
54.82718141252571,1.0531752343143852,False,0.0,False,False,False,58815.20425398614,0.8852549371561158,2019-11-27,False,104,20,0.0051834793493541476,faint,33656954.95782418,,pi3_Ori,2-3,0.89043841650547,2,1.6290000530716497
54.82718141252571,1.0531752343143852,False,0.0,False,False,False,58815.20425398614,0.8914224431951445,2019-11-27,False,104,21,-0.00949016860088292,faint,32693608.47107606,,pi3_Ori,2-3,0.8819322745942616,3,1.6770000001997687
54.82718141252571,1.0531752343143852,False,0.0,False,False,False,58815.20425398614,0.897113789136664,2019-11-27,False,104,22,0.005689696718225057,faint,31783874.25313015,,pi3_Ori,2-3,0.902803485854889,4,1.7249999473278876
54.82718141252571,1.0531752343143852,False,0.0,False,False,False,58815.20425398614,0.902375929119996,2019-11-27,False,104,23,0.017712975493711647,faint,30923396.02973565,,pi3_Ori,2-3,0.9200889046137076,5,1.7730000081428443
112.67176741017721,1.0531752343143852,False,0.0,False,False,False,58815.20425398614,0.54593432556363,2019-11-27,False,104,24,0.029832266025291654,faint,73497563.00935224,,pi3_Ori,2-4,0.5757665915889216,0,1.5330000451285741
112.67176741017721,1.0531752343143852,False,0.0,False,False,False,58815.20425398614,0.567102007251674,2019-11-27,False,104,25,0.01073929428149778,faint,71266140.39342998,,pi3_Ori,2-4,0.5778413015331718,1,1.580999992256693
112.67176741017721,1.0531752343143852,False,0.0,False,False,False,58815.20425398614,0.5870100554215235,2019-11-27,False,104,26,0.0064344700590772685,faint,69166214.6957717,,pi3_Ori,2-4,0.5934445254806008,2,1.6290000530716497
112.67176741017721,1.0531752343143852,False,0.0,False,False,False,58815.20425398614,0.6057332922370589,2019-11-27,False,104,27,-0.00029155584290496694,faint,67186504.11255543,,pi3_Ori,2-4,0.6054417363941539,3,1.6770000001997687
112.67176741017721,1.0531752343143852,False,0.0,False,False,False,58815.20425398614,0.6233451331936836,2019-11-27,False,104,28,-0.021251016120444333,faint,65316968.60902024,,pi3_Ori,2-4,0.6020941170732392,4,1.7249999473278876
112.67176741017721,1.0531752343143852,False,0.0,False,False,False,58815.20425398614,0.6399164521783108,2019-11-27,False,104,29,0.000473763326320098,faint,63548655.88985358,,pi3_Ori,2-4,0.6403902155046309,5,1.7730000081428443
91.21115634828001,1.0531752343143852,False,0.0,False,False,False,58815.20425398614,0.6774270957321784,2019-11-27,False,104,30,0.0030406639928383106,faint,59498469.44761834,,pi3_Ori,3-4,0.6804677597250167,0,1.5330000451285741
91.21115634828001,1.0531752343143852,False,0.0,False,False,False,58815.20425398614,0.6939008849478449,2019-11-27,False,104,31,0.0013667483314721007,faint,57692066.28400215,,pi3_Ori,3-4,0.695267633279317,1,1.580999992256693
91.21115634828001,1.0531752343143852,False,0.0,False,False,False,58815.20425398614,0.7092279373901407,2019-11-27,False,104,32,0.009618783726502489,faint,55992113.79784295,,pi3_Ori,3-4,0.7188467211166432,2,1.6290000530716497
91.21115634828001,1.0531752343143852,False,0.0,False,False,False,58815.20425398614,0.7235023581670416,2019-11-27,False,104,33,-0.002583298479869156,faint,54389479.03244764,,pi3_Ori,3-4,0.7209190596871724,3,1.6770000001997687
91.21115634828001,1.0531752343143852,False,0.0,False,False,False,58815.20425398614,0.7368103893532009,2019-11-27,False,104,34,0.0009373352187499462,faint,52876034.280215904,,pi3_Ori,3-4,0.7377477245719508,4,1.7249999473278876
91.21115634828001,1.0531752343143852,False,0.0,False,False,False,58815.20425398614,0.7492307944436696,2019-11-27,False,104,35,-0.0007529760102260585,faint,51444532.39107456,,pi3_Ori,3-4,0.7484778184334435,5,1.7730000081428443
87.35328250686588,1.0531752343143852,False,0.0,False,False,False,58815.21721964884,0.7003256911675199,2019-11-27,False,104,36,-0.006066318745137966,faint,56981917.76604904,,pi3_Ori,1-2,0.6942593724223819,0,1.5330000451285741
87.35328250686588,1.0531752343143852,False,0.0,False,False,False,58815.21721964884,0.7158429657705502,2019-11-27,False,104,37,-0.019037602535621145,faint,55251918.36476815,,pi3_Ori,1-2,0.696805363234929,1,1.580999992256693
87.35328250686588,1.0531752343143852,False,0.0,False,False,False,58815.21721964884,0.730256366488722,2019-11-27,False,104,38,-0.020795113540380217,faint,53623867.19518648,,pi3_Ori,1-2,0.7094612529483418,2,1.6290000530716497
87.35328250686588,1.0531752343143852,False,0.0,False,False,False,58815.21721964884,0.7436598405458658,2019-11-27,False,104,39,-0.024217520023110284,faint,52089017.58882536,,pi3_Ori,1-2,0.7194423205227555,3,1.6770000001997687
87.35328250686588,1.0531752343143852,False,0.0,False,False,False,58815.21721964884,0.7561388793181518,2019-11-27,False,104,40,-0.014154002247229847,faint,50639585.6082086,,pi3_Ori,1-2,0.741984877070922,4,1.7249999473278876
87.35328250686588,1.0531752343143852,False,0.0,False,False,False,58815.21721964884,0.7677710893919985,2019-11-27,False,104,41,-0.0215078792986656,faint,49268630.62926063,,pi3_Ori,1-2,0.7462632100933329,5,1.7730000081428443
128.99085905699542,1.0531752343143852,False,0.0,False,False,False,58815.21721964884,0.4460933584191395,2019-11-27,False,104,42,0.0008577229943759201,faint,84142762.72651827,,pi3_Ori,1-3,0.4469510814135154,0,1.5330000451285741
128.99085905699542,1.0531752343143852,False,0.0,False,False,False,58815.21721964884,0.46974806131570174,2019-11-27,False,104,43,-0.018629631707190286,faint,81588146.54570365,,pi3_Ori,1-3,0.45111842960851145,1,1.580999992256693
128.99085905699542,1.0531752343143852,False,0.0,False,False,False,58815.21721964884,0.4922258175173522,2019-11-27,False,104,44,-0.01817820837187284,faint,79184072.96167344,,pi3_Ori,1-3,0.4740476091454794,2,1.6290000530716497
128.99085905699542,1.0531752343143852,False,0.0,False,False,False,58815.21721964884,0.5135636474147716,2019-11-27,False,104,45,-0.02367143463377619,faint,76917626.14289188,,pi3_Ori,1-3,0.4898922127809954,3,1.6770000001997687
128.99085905699542,1.0531752343143852,False,0.0,False,False,False,58815.21721964884,0.533805039787383,2019-11-27,False,104,46,-0.02243660791297697,faint,74777311.88155037,,pi3_Ori,1-3,0.5113684318744061,4,1.7249999473278876
128.99085905699542,1.0531752343143852,False,0.0,False,False,False,58815.21721964884,0.552997360900652,2019-11-27,False,104,47,-0.025608222586631646,faint,72752881.25469828,,pi3_Ori,1-3,0.5273891383140203,5,1.7730000081428443
124.62999288080522,1.0531752343143852,False,0.0,False,False,False,58815.21721964884,0.4724498105090211,2019-11-27,False,104,48,-0.005337079668954137,faint,81298101.24718711,,pi3_Ori,1-4,0.46711273084006694,0,1.5330000451285741
124.62999288080522,1.0531752343143852,False,0.0,False,False,False,58815.21721964884,0.49555244723610764,2019-11-27,False,104,49,-0.020459995695617406,faint,78829850.40557176,,pi3_Ori,1-4,0.47509245154049023,1,1.580999992256693
124.62999288080522,1.0531752343143852,False,0.0,False,False,False,58815.21721964884,0.517440866297242,2019-11-27,False,104,50,-0.014813743064574836,faint,76507052.68290345,,pi3_Ori,1-4,0.5026271232326671,2,1.6290000530716497
124.62999288080522,1.0531752343143852,False,0.0,False,False,False,58815.21721964884,0.5381639978251278,2019-11-27,False,104,51,-0.017963020959992027,faint,74317228.90039293,,pi3_Ori,1-4,0.5202009768651358,3,1.6770000001997687
124.62999288080522,1.0531752343143852,False,0.0,False,False,False,58815.21721964884,0.5577749596883418,2019-11-27,False,104,52,-0.007609196080532898,faint,72249273.44134903,,pi3_Ori,1-4,0.5501657636078089,4,1.7249999473278876
124.62999288080522,1.0531752343143852,False,0.0,False,False,False,58815.21721964884,0.5763288581326812,2019-11-27,False,104,53,0.0008786126717490461,faint,70293283.8738962,,pi3_Ori,1-4,0.5772074708044302,5,1.7730000081428443
56.05926199396609,1.0531752343143852,False,0.0,False,False,False,58815.21721964884,0.8657656524169409,2019-11-27,False,104,54,0.03282524529674391,faint,36568336.8191058,,pi3_Ori,2-3,0.8985908977136848,0,1.5330000451285741
56.05926199396609,1.0531752343143852,False,0.0,False,False,False,58815.21721964884,0.8733453220189203,2019-11-27,False,104,55,-0.0029829999009912678,faint,35458103.901662916,,pi3_Ori,2-3,0.8703623221179291,1,1.580999992256693
56.05926199396609,1.0531752343143852,False,0.0,False,False,False,58815.21721964884,0.8803131195429682,2019-11-27,False,104,56,0.0033195529085400244,faint,34413296.60380335,,pi3_Ori,2-3,0.8836326724515082,2,1.6290000530716497
56.05926199396609,1.0531752343143852,False,0.0,False,False,False,58815.21721964884,0.8867317677556646,2019-11-27,False,104,57,-0.010777840907606029,faint,33428301.721698366,,pi3_Ori,2-3,0.8759539268480586,3,1.6770000001997687
56.05926199396609,1.0531752343143852,False,0.0,False,False,False,58815.21721964884,0.8926563845984253,2019-11-27,False,104,58,0.012764685493415251,faint,32498123.88736865,,pi3_Ori,2-3,0.9054210700918406,4,1.7249999473278876
56.05926199396609,1.0531752343143852,False,0.0,False,False,False,58815.21721964884,0.8981354912435343,2019-11-27,False,104,59,0.016970892340312793,faint,31618308.932037856,,pi3_Ori,2-3,0.9151063835838471,5,1.7730000081428443
113.3488940810553,1.0531752343143852,False,0.0,False,False,False,58815.21721964884,0.5417464249490994,2019-11-27,False,104,60,0.0250917234391852,faint,73939263.3687422,,pi3_Ori,2-4,0.5668381483882846,0,1.5330000451285741
113.3488940810553,1.0531752343143852,False,0.0,False,False,False,58815.21721964884,0.563038906423479,2019-11-27,False,104,61,0.011104341296429898,faint,71694430.50993504,,pi3_Ori,2-4,0.5741432477199089,1,1.580999992256693
113.3488940810553,1.0531752343143852,False,0.0,False,False,False,58815.21721964884,0.5830721296533555,2019-11-27,False,104,62,0.007306470250539432,faint,69581884.83009815,,pi3_Ori,2-4,0.590378599903895,2,1.6290000530716497
113.3488940810553,1.0531752343143852,False,0.0,False,False,False,58815.21721964884,0.6019197326228549,2019-11-27,False,104,63,-0.0016572794628955112,faint,67590276.72483774,,pi3_Ori,2-4,0.6002624531599594,3,1.6770000001997687
113.3488940810553,1.0531752343143852,False,0.0,False,False,False,58815.21721964884,0.6196542312221835,2019-11-27,False,104,64,-0.01927928654116917,faint,65709505.82151523,,pi3_Ori,2-4,0.6003749446810144,4,1.7249999473278876
113.3488940810553,1.0531752343143852,False,0.0,False,False,False,58815.21721964884,0.6363458261987666,2019-11-27,False,104,65,-0.005085785338997617,faint,63930566.02395864,,pi3_Ori,2-4,0.631260040859769,5,1.7730000081428443
89.64710115587502,1.0531752343143852,False,0.0,False,False,False,58815.21721964884,0.6867537780240305,2019-11-27,False,104,66,-0.0138590993248211,faint,58478211.687434256,,pi3_Ori,3-4,0.6728946786992094,0,1.5330000451285741
89.64710115587502,1.0531752343143852,False,0.0,False,False,False,58815.21721964884,0.7028425490313951,2019-11-27,False,104,67,-0.025821602618237738,faint,56702784.05752187,,pi3_Ori,3-4,0.6770209464131574,1,1.580999992256693
89.64710115587502,1.0531752343143852,False,0.0,False,False,False,58815.21721964884,0.7178012544285515,2019-11-27,False,104,68,-0.0019097662760642065,faint,55031981.72819948,,pi3_Ori,3-4,0.7158914881524873,2,1.6290000530716497
89.64710115587502,1.0531752343143852,False,0.0,False,False,False,58815.21721964884,0.7317240595440488,2019-11-27,False,104,69,-0.014551726154588773,faint,53456828.35133931,,pi3_Ori,3-4,0.7171723333894601,3,1.6770000001997687
89.64710115587502,1.0531752343143852,False,0.0,False,False,False,58815.21721964884,0.7446970051624794,2019-11-27,False,104,70,0.0013663405281953978,faint,51969335.590266496,,pi3_Ori,3-4,0.7460633456906748,4,1.7249999473278876
89.64710115587502,1.0531752343143852,False,0.0,False,False,False,58815.21721964884,0.7567984712497654,2019-11-27,False,104,71,0.004477876011219184,faint,50562380.566358395,,pi3_Ori,3-4,0.7612763472609846,5,1.7730000081428443
31.587358350245236,1.0801619702880232,False,0.0,False,False,False,59585.313951892465,0.9777205444685837,2022-01-05,False,106,0,0.004933419475641521,bright,20604929.824118808,,psi Vel A,1-2,0.9826539639442252,0,1.5330000451285741
31.587358350245236,1.0801619702880232,False,0.0,False,False,False,59585.313951892465,0.9790410550591757,2022-01-05,False,106,1,0.0014927061791232266,bright,19979353.893074956,,psi Vel A,1-2,0.9805337612382989,1,1.580999992256693
31.587358350245236,1.0801619702880232,False,0.0,False,False,False,59585.313951892465,0.9802478695955235,2022-01-05,False,106,2,-0.003681239540109127,bright,19390642.922745135,,psi Vel A,1-2,0.9765666300554143,2,1.6290000530716497
31.587358350245236,1.0801619702880232,False,0.0,False,False,False,59585.313951892465,0.9813536365722518,2022-01-05,False,106,3,-0.00941812200658565,bright,18835634.07661447,,psi Vel A,1-2,0.9719355145656662,3,1.6770000001997687
31.587358350245236,1.0801619702880232,False,0.0,False,False,False,59585.313951892465,0.9823693048936324,2022-01-05,False,106,4,-0.007895845633255294,bright,18311512.64623263,,psi Vel A,1-2,0.9744734592603771,4,1.7249999473278876
31.587358350245236,1.0801619702880232,False,0.0,False,False,False,59585.313951892465,0.983304383098373,2022-01-05,False,106,5,-0.00561743804462278,bright,17815768.86924659,,psi Vel A,1-2,0.9776869450537502,5,1.7730000081428443
90.38373917179726,1.0801619702880232,False,0.0,False,False,False,59585.313951892465,0.8294576130735387,2022-01-05,False,106,6,-0.010171604998985062,bright,58958732.231620185,,psi Vel A,1-3,0.8192860080745537,0,1.5330000451285741
90.38373917179726,1.0801619702880232,False,0.0,False,False,False,59585.313951892465,0.8389223163753882,2022-01-05,False,106,7,-0.007334748591321882,bright,57168715.75867943,,psi Vel A,1-3,0.8315875677840663,1,1.580999992256693
90.38373917179726,1.0801619702880232,False,0.0,False,False,False,59585.313951892465,0.8476411068419321,2022-01-05,False,106,8,-0.010528460139773044,bright,55484184.30151017,,psi Vel A,1-3,0.837112646702159,2,1.6290000530716497
90.38373917179726,1.0801619702880232,False,0.0,False,False,False,59585.313951892465,0.8556880064067983,2022-01-05,False,106,9,-0.01711125568337868,bright,53896087.75255248,,psi Vel A,1-3,0.8385767507234196,3,1.6770000001997687
90.38373917179726,1.0801619702880232,False,0.0,False,False,False,59585.313951892465,0.8631284532783344,2022-01-05,False,106,10,-0.00235723492617379,bright,52396372.13427528,,psi Vel A,1-3,0.8607712183521606,4,1.7249999473278876
90.38373917179726,1.0801619702880232,False,0.0,False,False,False,59585.313951892465,0.870020362973482,2022-01-05,False,106,11,-0.013383294883922092,bright,50977856.03874366,,psi Vel A,1-3,0.8566370680895599,5,1.7730000081428443
128.38025051427667,1.0801619702880232,False,0.0,False,False,False,59585.313951892465,0.68149557599168,2022-01-05,False,106,12,0.00567637250603803,bright,83744453.18656811,,psi Vel A,1-4,0.687171948497718,0,1.5330000451285741
128.38025051427667,1.0801619702880232,False,0.0,False,False,False,59585.313951892465,0.6978018465216086,2022-01-05,False,106,13,-0.0029595683231672387,bright,81201929.88175088,,psi Vel A,1-4,0.6948422781984414,1,1.580999992256693
128.38025051427667,1.0801619702880232,False,0.0,False,False,False,59585.313951892465,0.7129685780026996,2022-01-05,False,106,14,-0.006185986446517022,bright,78809236.54496038,,psi Vel A,1-4,0.7067825915561826,2,1.6290000530716497
128.38025051427667,1.0801619702880232,False,0.0,False,False,False,59585.313951892465,0.7270899135999946,2022-01-05,False,106,15,-0.005050018828289482,bright,76553518.48478454,,psi Vel A,1-4,0.7220398947717052,3,1.6770000001997687
128.38025051427667,1.0801619702880232,False,0.0,False,False,False,59585.313951892465,0.7402520174710476,2022-01-05,False,106,16,0.004437384512552711,bright,74423335.9039484,,psi Vel A,1-4,0.7446894019836003,4,1.7249999473278876
128.38025051427667,1.0801619702880232,False,0.0,False,False,False,59585.313951892465,0.7525334941090773,2022-01-05,False,106,17,0.01144752637501223,bright,72408488.39518647,,psi Vel A,1-4,0.7639810204840896,5,1.7730000081428443
100.66221287614268,1.0801619702880232,False,0.0,False,False,False,59585.313951892465,0.7923036974655586,2022-01-05,False,106,18,-0.010649570118440366,bright,65663542.01750858,,psi Vel A,2-4,0.7816541273471183,0,1.5330000451285741
100.66221287614268,1.0801619702880232,False,0.0,False,False,False,59585.313951892465,0.8036177822007305,2022-01-05,False,106,19,-0.0043852165172616475,bright,63669964.18036607,,psi Vel A,2-4,0.7992325656834689,1,1.580999992256693
100.66221287614268,1.0801619702880232,False,0.0,False,False,False,59585.313951892465,0.8140635160910398,2022-01-05,False,106,20,-0.01068109351844393,bright,61793867.15570301,,psi Vel A,2-4,0.8033824225725958,2,1.6290000530716497
100.66221287614268,1.0801619702880232,False,0.0,False,False,False,59585.313951892465,0.8237239231043805,2022-01-05,False,106,21,-0.016223318256112895,bright,60025171.65423466,,psi Vel A,2-4,0.8075006048482676,3,1.6770000001997687
100.66221287614268,1.0801619702880232,False,0.0,False,False,False,59585.313951892465,0.8326729087099518,2022-01-05,False,106,22,-0.010625046292966456,bright,58354907.79699648,,psi Vel A,2-4,0.8220478624169854,4,1.7249999473278876
100.66221287614268,1.0801619702880232,False,0.0,False,False,False,59585.313951892465,0.8409762847399264,2022-01-05,False,106,23,-0.009985179409918277,bright,56775077.50357138,,psi Vel A,2-4,0.8309911053300081,5,1.7730000081428443
70.85745879883777,1.0801619702880232,False,0.0,False,False,False,59585.313951892465,0.8920502823573312,2022-01-05,False,106,24,0.009498304994444262,bright,46221432.950378604,,psi Vel A,3-2,0.9015485873517755,0,1.5330000451285741
70.85745879883777,1.0801619702880232,False,0.0,False,False,False,59585.313951892465,0.898219334896433,2022-01-05,False,106,25,-0.00808231685649674,bright,44818127.226994485,,psi Vel A,3-2,0.8901370180399363,1,1.580999992256693
70.85745879883777,1.0801619702880232,False,0.0,False,False,False,59585.313951892465,0.9038821876577904,2022-01-05,False,106,26,-0.006248744108661719,bright,43497517.79641052,,psi Vel A,3-2,0.8976334435491287,2,1.6290000530716497
70.85745879883777,1.0801619702880232,False,0.0,False,False,False,59585.313951892465,0.9090918546630694,2022-01-05,False,106,27,-0.016641834072914086,bright,42252509.714011356,,psi Vel A,3-2,0.8924500205901553,3,1.6770000001997687
70.85745879883777,1.0801619702880232,False,0.0,False,False,False,59585.313951892465,0.9138947387641988,2022-01-05,False,106,28,0.0008548484007540047,bright,41076788.963732764,,psi Vel A,3-2,0.9147495871649528,4,1.7249999473278876
70.85745879883777,1.0801619702880232,False,0.0,False,False,False,59585.313951892465,0.9183315446793086,2022-01-05,False,106,29,0.005442337787730178,bright,39964725.59132049,,psi Vel A,3-2,0.9237738824670387,5,1.7730000081428443
127.07284000696451,1.0801619702880232,False,0.0,False,False,False,59585.313951892465,0.6869855745004482,2022-01-05,False,106,30,0.01180905034823243,bright,82891608.78420378,,psi Vel A,3-4,0.6987946248486806,0,1.5330000451285741
127.07284000696451,1.0801619702880232,False,0.0,False,False,False,59585.313951892465,0.703064361092068,2022-01-05,False,106,31,0.005333007996488837,bright,80374978.26017244,,psi Vel A,3-4,0.7083973690885569,1,1.580999992256693
127.07284000696451,1.0801619702880232,False,0.0,False,False,False,59585.313951892465,0.7180135676641629,2022-01-05,False,106,32,0.0030044247326110884,bright,78006651.85207048,,psi Vel A,3-4,0.721017992396774,2,1.6290000530716497
127.07284000696451,1.0801619702880232,False,0.0,False,False,False,59585.313951892465,0.7319273498267713,2022-01-05,False,106,33,-0.006541069801825339,bright,75773905.77926491,,psi Vel A,3-4,0.725386280024946,3,1.6770000001997687
127.07284000696451,1.0801619702880232,False,0.0,False,False,False,59585.313951892465,0.744891733937396,2022-01-05,False,106,34,-0.015709934394864677,bright,73665416.74613196,,psi Vel A,3-4,0.7291817995425314,4,1.7249999473278876
127.07284000696451,1.0801619702880232,False,0.0,False,False,False,59585.313951892465,0.7569850825090971,2022-01-05,False,106,35,0.007750752276426742,bright,71671088.22524422,,psi Vel A,3-4,0.7647358347855239,5,1.7730000081428443
31.329071076741286,1.0801619702880232,False,0.0,False,False,False,59585.32344865178,0.9780800522157105,2022-01-05,False,106,36,0.019091162800476513,bright,20436444.98008719,,psi Vel A,1-2,0.997171215016187,0,1.5330000451285741
31.329071076741286,1.0801619702880232,False,0.0,False,False,False,59585.32344865178,0.9793794433278864,2022-01-05,False,106,37,0.009263416569159966,bright,19815984.332816277,,psi Vel A,1-2,0.9886428598970464,1,1.580999992256693
31.329071076741286,1.0801619702880232,False,0.0,False,False,False,59585.32344865178,0.9805669358286331,2022-01-05,False,106,38,0.0053107565869982,bright,19232087.204458375,,psi Vel A,1-2,0.9858776924156313,2,1.6290000530716497
31.329071076741286,1.0801619702880232,False,0.0,False,False,False,59585.32344865178,0.9816549810823307,2022-01-05,False,106,39,-0.0057292543695017795,bright,18681616.62075688,,psi Vel A,1-2,0.975925726712829,3,1.6770000001997687
31.329071076741286,1.0801619702880232,False,0.0,False,False,False,59585.32344865178,0.9826543569006609,2022-01-05,False,106,40,-0.0034965299545167694,bright,18161780.888904724,,psi Vel A,1-2,0.9791578269461442,4,1.7249999473278876
31.329071076741286,1.0801619702880232,False,0.0,False,False,False,59585.32344865178,0.9835744228821028,2022-01-05,False,106,41,-0.0034681844367795422,bright,17670090.76867258,,psi Vel A,1-2,0.9801062384453233,5,1.7730000081428443
90.50074839053565,1.0801619702880232,False,0.0,False,False,False,59585.32344865178,0.8290495658148099,2022-01-05,False,106,42,-0.0027804599049476852,bright,59035059.18223588,,psi Vel A,1-3,0.8262691059098622,0,1.5330000451285741
90.50074839053565,1.0801619702880232,False,0.0,False,False,False,59585.32344865178,0.8385350250113235,2022-01-05,False,106,43,0.0020808626306250133,bright,57242725.38506239,,psi Vel A,1-3,0.8406158876419485,1,1.580999992256693
90.50074839053565,1.0801619702880232,False,0.0,False,False,False,59585.32344865178,0.8472731448060363,2022-01-05,False,106,44,-0.0036016688252947793,bright,55556013.16272951,,psi Vel A,1-3,0.8436714759807415,2,1.6290000530716497
90.50074839053565,1.0801619702880232,False,0.0,False,False,False,59585.32344865178,0.8553380601380894,2022-01-05,False,106,45,-0.004515522387356641,bright,53965860.69156527,,psi Vel A,1-3,0.8508225377507328,3,1.6770000001997687
90.50074839053565,1.0801619702880232,False,0.0,False,False,False,59585.32344865178,0.8627953137911071,2022-01-05,False,106,46,0.0016653849203865922,bright,52464203.567499176,,psi Vel A,1-3,0.8644606987114937,4,1.7249999473278876
90.50074839053565,1.0801619702880232,False,0.0,False,False,False,59585.32344865178,0.8697029175195585,2022-01-05,False,106,47,1.444716646092914e-05,bright,51043851.085670345,,psi Vel A,1-3,0.8697173646860195,5,1.7730000081428443
127.15072173542475,1.0801619702880232,False,0.0,False,False,False,59585.32344865178,0.6866590962075825,2022-01-05,False,106,48,-0.0009741046041560342,bright,82942412.2585466,,psi Vel A,1-4,0.6856849916034264,0,1.5330000451285741
127.15072173542475,1.0801619702880232,False,0.0,False,False,False,59585.32344865178,0.7027514720111161,2022-01-05,False,106,49,-0.002527469037820751,bright,80424239.31573328,,psi Vel A,1-4,0.7002240029732953,1,1.580999992256693
127.15072173542475,1.0801619702880232,False,0.0,False,False,False,59585.32344865178,0.7177136650353698,2022-01-05,False,106,50,-0.0064030466313023116,bright,78054461.38302377,,psi Vel A,1-4,0.7113106184040675,2,1.6290000530716497
127.15072173542475,1.0801619702880232,False,0.0,False,False,False,59585.32344865178,0.731639831810216,2022-01-05,False,106,51,-0.00796174387450499,bright,75820346.88150163,,psi Vel A,1-4,0.723678087935711,3,1.6770000001997687
127.15072173542475,1.0801619702880232,False,0.0,False,False,False,59585.32344865178,0.744616008281378,2022-01-05,False,106,52,-5.786006879371364e-05,bright,73710565.57560344,,psi Vel A,1-4,0.7445581482125843,4,1.7249999473278876
127.15072173542475,1.0801619702880232,False,0.0,False,False,False,59585.32344865178,0.7567205725222849,2022-01-05,False,106,53,0.009077310313130527,bright,71715014.74983674,,psi Vel A,1-4,0.7657978828354154,5,1.7730000081428443
,1.0801619702880232,True,,False,False,False,,,unknown,True,106,54,,bright,,,psi Vel A,2-3,,0,1.5330000451285741
,1.0801619702880232,True,,False,False,False,,,unknown,True,106,55,,bright,,,psi Vel A,2-3,,1,1.580999992256693
,1.0801619702880232,True,,False,False,False,,,unknown,True,106,56,,bright,,,psi Vel A,2-3,,2,1.6290000530716497
,1.0801619702880232,True,,False,False,False,,,unknown,True,106,57,,bright,,,psi Vel A,2-3,,3,1.6770000001997687
,1.0801619702880232,True,,False,False,False,,,unknown,True,106,58,,bright,,,psi Vel A,2-3,,4,1.7249999473278876
,1.0801619702880232,True,,False,False,False,,,unknown,True,106,59,,bright,,,psi Vel A,2-3,,5,1.7730000081428443
,1.0801619702880232,True,,False,False,False,,,unknown,True,106,60,,bright,,,psi Vel A,2-3,,0,1.5330000451285741
,1.0801619702880232,True,,False,False,False,,,unknown,True,106,61,,bright,,,psi Vel A,2-3,,1,1.580999992256693
,1.0801619702880232,True,,False,False,False,,,unknown,True,106,62,,bright,,,psi Vel A,2-3,,2,1.6290000530716497
,1.0801619702880232,True,,False,False,False,,,unknown,True,106,63,,bright,,,psi Vel A,2-3,,3,1.6770000001997687
,1.0801619702880232,True,,False,False,False,,,unknown,True,106,64,,bright,,,psi Vel A,2-3,,4,1.7249999473278876
,1.0801619702880232,True,,False,False,False,,,unknown,True,106,65,,bright,,,psi Vel A,2-3,,5,1.7730000081428443
99.7592258402162,1.0801619702880232,False,0.0,False,False,False,59585.32344865178,0.7956689639672695,2022-01-05,False,106,66,-0.009404857184775017,bright,65074509.395627126,,psi Vel A,2-4,0.7862641067824945,0,1.5330000451285741
99.7592258402162,1.0801619702880232,False,0.0,False,False,False,59585.32344865178,0.8068189654417127,2022-01-05,False,106,67,-0.006308576948750422,bright,63098814.88223257,,psi Vel A,2-4,0.8005103884929623,1,1.580999992256693
99.7592258402162,1.0801619702880232,False,0.0,False,False,False,59585.32344865178,0.8171110785812956,2022-01-05,False,106,68,-0.002210290097294343,bright,61239547.32359263,,psi Vel A,2-4,0.8149007884840013,2,1.6290000530716497
99.7592258402162,1.0801619702880232,False,0.0,False,False,False,59585.32344865178,0.8266276196424157,2022-01-05,False,106,69,0.0004282251314288166,bright,59486717.84635219,,psi Vel A,2-4,0.8270558447738445,3,1.6770000001997687
99.7592258402162,1.0801619702880232,False,0.0,False,False,False,59585.32344865178,0.835441815508066,2022-01-05,False,106,70,0.00010269729597334187,bright,57831437.03554791,,psi Vel A,2-4,0.8355445128040393,4,1.7249999473278876
99.7592258402162,1.0801619702880232,False,0.0,False,False,False,59585.32344865178,0.8436188354870082,2022-01-05,False,106,71,0.021914427573411555,bright,56265778.557277344,,psi Vel A,2-4,0.8655332630604198,5,1.7730000081428443
71.12794268093943,1.0801619702880232,False,0.0,False,False,False,59585.32344865178,0.8912637299317272,2022-01-05,False,106,72,0.032408602100216344,bright,46397873.83370485,,psi Vel A,3-2,0.9236723320319435,0,1.5330000451285741
71.12794268093943,1.0801619702880232,False,0.0,False,False,False,59585.32344865178,0.8974755368510399,2022-01-05,False,106,73,0.004451511145485254,bright,44989211.27723257,,psi Vel A,3-2,0.9019270479965251,1,1.580999992256693
71.12794268093943,1.0801619702880232,False,0.0,False,False,False,59585.32344865178,0.9031778790126912,2022-01-05,False,106,74,0.00781992630054662,bright,43663560.68977424,,psi Vel A,3-2,0.9109978053132378,2,1.6290000530716497
71.12794268093943,1.0801619702880232,False,0.0,False,False,False,59585.32344865178,0.9084240793616307,2022-01-05,False,106,75,-0.0006628547598725998,bright,42413800.043211974,,psi Vel A,3-2,0.9077612246017581,3,1.6770000001997687
71.12794268093943,1.0801619702880232,False,0.0,False,False,False,59585.32344865178,0.913260816465936,2022-01-05,False,106,76,0.023723404337216758,bright,41233591.21901436,,psi Vel A,3-2,0.9369842208031528,4,1.7249999473278876
71.12794268093943,1.0801619702880232,False,0.0,False,False,False,59585.32344865178,0.9177290410971618,2022-01-05,False,106,77,0.022092555161098093,bright,40117282.77172625,,psi Vel A,3-2,0.9398215962582599,5,1.7730000081428443
126.79025139444927,1.0801619702880232,False,0.0,False,False,False,59585.32344865178,0.6881695744530724,2022-01-05,False,106,78,0.023911758212199263,bright,82707271.79516505,,psi Vel A,3-4,0.7120813326652716,0,1.5330000451285741
126.79025139444927,1.0801619702880232,False,0.0,False,False,False,59585.32344865178,0.7041990139466638,2022-01-05,False,106,79,0.014537330043046581,bright,80196237.8339237,,psi Vel A,3-4,0.7187363439897104,1,1.580999992256693
126.79025139444927,1.0801619702880232,False,0.0,False,False,False,59585.32344865178,0.7191010705090004,2022-01-05,False,106,80,0.012245161558460005,bright,77833178.1852143,,psi Vel A,3-4,0.7313462320674604,2,1.6290000530716497
126.79025139444927,1.0801619702880232,False,0.0,False,False,False,59585.32344865178,0.7329698946543874,2022-01-05,False,106,81,0.0003051316203812604,bright,75605397.36395091,,psi Vel A,3-4,0.7332750262747687,3,1.6770000001997687
126.79025139444927,1.0801619702880232,False,0.0,False,False,False,59585.32344865178,0.7458914764911191,2022-01-05,False,106,82,-0.004175986028974288,bright,73501597.25561371,,psi Vel A,3-4,0.7417154904621448,4,1.7249999473278876
126.79025139444927,1.0801619702880232,False,0.0,False,False,False,59585.32344865178,0.7579441208616441,2022-01-05,False,106,83,0.012458963532558265,bright,71511703.7857533,,psi Vel A,3-4,0.7704030843942024,5,1.7730000081428443
90.45225632150023,1.0238409264679824,False,0.0,False,False,False,59278.1590714497,0.8165636205112858,2021-03-04,False,106,0,-0.010343847755171387,faint,59003427.04420072,,psi_Vel,1-2,0.8062197727561145,0,1.5330000451285741
90.45225632150023,1.0238409264679824,False,0.0,False,False,False,59278.1590714497,0.8266794726748529,2021-03-04,False,106,1,-0.010930805895427165,faint,57212053.614491284,,psi_Vel,1-2,0.8157486667794257,1,1.580999992256693
90.45225632150023,1.0238409264679824,False,0.0,False,False,False,59278.1590714497,0.836005205990633,2021-03-04,False,106,2,0.0016914316928560158,faint,55526245.16551921,,psi_Vel,1-2,0.837696637683489,2,1.6290000530716497
90.45225632150023,1.0238409264679824,False,0.0,False,False,False,59278.1590714497,0.8446182619097035,2021-03-04,False,106,3,0.001114135358138757,faint,53936944.72911468,,psi_Vel,1-2,0.8457323972678422,3,1.6770000001997687
90.45225632150023,1.0238409264679824,False,0.0,False,False,False,59278.1590714497,0.8525872593018821,2021-03-04,False,106,4,-0.0015106872543615424,faint,52436092.22227245,,psi_Vel,1-2,0.8510765720475205,4,1.7249999473278876
90.45225632150023,1.0238409264679824,False,0.0,False,False,False,59278.1590714497,0.8599730531002404,2021-03-04,False,106,5,0.0022572107875430403,faint,51016500.79305178,,psi_Vel,1-2,0.8622302638877835,5,1.7730000081428443
128.80244331676312,1.0238409264679824,False,0.0,False,False,False,59278.1590714497,0.6581078875440562,2021-03-04,False,106,6,-0.009557696311611852,faint,84019856.18073504,,psi_Vel,1-3,0.6485501912324444,0,1.5330000451285741
128.80244331676312,1.0238409264679824,False,0.0,False,False,False,59278.1590714497,0.6753583166988233,2021-03-04,False,106,7,-0.0025170138893232386,faint,81468971.50385982,,psi_Vel,1-3,0.6728413028095,1,1.580999992256693
128.80244331676312,1.0238409264679824,False,0.0,False,False,False,59278.1590714497,0.6914310390179703,2021-03-04,False,106,8,0.00031035737593787527,faint,79068409.52760723,,psi_Vel,1-3,0.6917413963939082,2,1.6290000530716497
128.80244331676312,1.0238409264679824,False,0.0,False,False,False,59278.1590714497,0.7064194779320572,2021-03-04,False,106,9,-0.0042597907506420896,faint,76805273.28647575,,psi_Vel,1-3,0.7021596871814151,3,1.6770000001997687
128.80244331676312,1.0238409264679824,False,0.0,False,False,False,59278.1590714497,0.720409823693138,2021-03-04,False,106,10,0.00015787372514941556,faint,74668085.3621385,,psi_Vel,1-3,0.7205676974182874,4,1.7249999473278876
128.80244331676312,1.0238409264679824,False,0.0,False,False,False,59278.1590714497,0.7334812396508601,2021-03-04,False,106,11,0.0069049704033661286,faint,72646611.80215064,,psi_Vel,1-3,0.7403862100542262,5,1.7730000081428443
127.86676069383628,1.0238409264679824,False,0.0,False,False,False,59278.1590714497,0.6622501025839466,2021-03-04,False,106,12,0.016125006827078847,faint,83409495.71408002,,psi_Vel,1-4,0.6783751094110254,0,1.5330000451285741
127.86676069383628,1.0238409264679824,False,0.0,False,False,False,59278.1590714497,0.6793362960780636,2021-03-04,False,106,13,0.022526079067231808,faint,80877141.8849417,,psi_Vel,1-4,0.7018623751452954,1,1.580999992256693
127.86676069383628,1.0238409264679824,False,0.0,False,False,False,59278.1590714497,0.695251035447879,2021-03-04,False,106,14,0.01861752959621854,faint,78494018.74034943,,psi_Vel,1-4,0.7138685650440976,2,1.6290000530716497
127.86676069383628,1.0238409264679824,False,0.0,False,False,False,59278.1590714497,0.7100879504622788,2021-03-04,False,106,15,0.024815067293863624,faint,76247323.00453456,,psi_Vel,1-4,0.7349030177561424,3,1.6770000001997687
127.86676069383628,1.0238409264679824,False,0.0,False,False,False,59278.1590714497,0.7239332932311223,2021-03-04,False,106,16,0.028020650080729403,faint,74125660.6366327,,psi_Vel,1-4,0.7519539433118517,4,1.7249999473278876
127.86676069383628,1.0238409264679824,False,0.0,False,False,False,59278.1590714497,0.7368661841561703,2021-03-04,False,106,17,-0.012206425857194225,faint,72118872.02852991,,psi_Vel,1-4,0.7246597582989761,5,1.7730000081428443
56.583819689528674,1.0238409264679824,False,0.0,False,False,False,59278.1590714497,0.9245044147609425,2021-03-04,False,106,18,0.03976326304039601,faint,36910514.04031951,,psi_Vel,2-3,0.9642676778013385,0,1.5330000451285741
56.583819689528674,1.0238409264679824,False,0.0,False,False,False,59278.1590714497,0.928880819651857,2021-03-04,False,106,19,0.0035281886066859114,faint,35789892.45203087,,psi_Vel,2-3,0.9324090082585429,1,1.580999992256693
56.583819689528674,1.0238409264679824,False,0.0,False,False,False,59278.1590714497,0.9328911951870437,2021-03-04,False,106,20,0.009804161201709904,faint,34735308.6838972,,psi_Vel,2-3,0.9426953563887536,2,1.6290000530716497
56.583819689528674,1.0238409264679824,False,0.0,False,False,False,59278.1590714497,0.9365748236578568,2021-03-04,False,106,21,0.011906044785974568,faint,33741097.00822198,,psi_Vel,2-3,0.9484808684438314,3,1.6770000001997687
56.583819689528674,1.0238409264679824,False,0.0,False,False,False,59278.1590714497,0.9399659344302466,2021-03-04,False,106,22,-0.0008060367633668797,faint,32802215.31437139,,psi_Vel,2-3,0.9391598976668797,4,1.7249999473278876
56.583819689528674,1.0238409264679824,False,0.0,False,False,False,59278.1590714497,0.9430944322639501,2021-03-04,False,106,23,0.028308793661786735,faint,31914167.75502345,,psi_Vel,2-3,0.9714032259257368,5,1.7730000081428443
126.95587419769448,1.0238409264679824,False,0.0,False,False,False,59278.1590714497,0.6662739690839578,2021-03-04,False,106,24,0.00443198170361514,faint,82815310.1502659,,psi_Vel,2-4,0.6707059507875729,0,1.5330000451285741
126.95587419769448,1.0238409264679824,False,0.0,False,False,False,59278.1590714497,0.6831993780925808,2021-03-04,False,106,25,0.023709510050259452,faint,80300996.09075885,,psi_Vel,2-4,0.7069088881428403,1,1.580999992256693
126.95587419769448,1.0238409264679824,False,0.0,False,False,False,59278.1590714497,0.6989596172918561,2021-03-04,False,106,26,0.004327272196700149,faint,77934849.63877437,,psi_Vel,2-4,0.7032868894885562,2,1.6290000530716497
126.95587419769448,1.0238409264679824,False,0.0,False,False,False,59278.1590714497,0.7136484843442369,2021-03-04,False,106,27,0.005222135869106248,faint,75704158.72544494,,psi_Vel,2-4,0.7188706202133431,3,1.6770000001997687
126.95587419769448,1.0238409264679824,False,0.0,False,False,False,59278.1590714497,0.7273522639800263,2021-03-04,False,106,28,0.009187056053193032,faint,73597610.47781803,,psi_Vel,2-4,0.7365393200332193,4,1.7249999473278876
126.95587419769448,1.0238409264679824,False,0.0,False,False,False,59278.1590714497,0.7401500117030483,2021-03-04,False,106,29,0.005625293022627931,faint,71605117.66194312,,psi_Vel,2-4,0.7457753047256762,5,1.7730000081428443
101.21179271986486,1.0238409264679824,False,0.0,False,False,False,59278.1590714497,0.775048605962273,2021-03-04,False,106,30,-0.02369986082500486,faint,66022041.5788547,,psi_Vel,3-4,0.7513487451372681,0,1.5330000451285741
101.21179271986486,1.0238409264679824,False,0.0,False,False,False,59278.1590714497,0.7871930059475637,2021-03-04,False,106,31,-0.01605079266218623,faint,64017579.51649123,,psi_Vel,3-4,0.7711422132853775,1,1.580999992256693
101.21179271986486,1.0238409264679824,False,0.0,False,False,False,59278.1590714497,0.7984174074102007,2021-03-04,False,106,32,-0.019304971724874775,faint,62131239.67001686,,psi_Vel,3-4,0.779112435685326,2,1.6290000530716497
101.21179271986486,1.0238409264679824,False,0.0,False,False,False,59278.1590714497,0.8088081239808138,2021-03-04,False,106,33,-0.010736495439322091,faint,60352887.72081589,,psi_Vel,3-4,0.7980716285414917,3,1.6770000001997687
101.21179271986486,1.0238409264679824,False,0.0,False,False,False,59278.1590714497,0.8184422614449229,2021-03-04,False,106,34,-0.008877186779252089,faint,58673504.817578144,,psi_Vel,3-4,0.8095650746656708,4,1.7249999473278876
101.21179271986486,1.0238409264679824,False,0.0,False,False,False,59278.1590714497,0.8273886958612884,2021-03-04,False,106,35,-0.02088570756155983,faint,57085049.213215,,psi_Vel,3-4,0.8065029882997286,5,1.7730000081428443
90.50685360294574,1.0238409264679824,False,0.0,False,False,False,59278.16864344765,0.8163604091835184,2021-03-04,False,106,36,-0.01432642254740124,faint,59039041.70815262,,psi_Vel,1-2,0.8020339866361171,0,1.5330000451285741
90.50685360294574,1.0238409264679824,False,0.0,False,False,False,59278.16864344765,0.8264864450281635,2021-03-04,False,106,37,-0.02066796093586154,faint,57246586.99950894,,psi_Vel,1-2,0.805818484092302,1,1.580999992256693
90.50685360294574,1.0238409264679824,False,0.0,False,False,False,59278.16864344765,0.8358216798113904,2021-03-04,False,106,38,-0.005720489527020423,faint,55559760.99097456,,psi_Vel,1-2,0.83010119028437,2,1.6290000530716497
90.50685360294574,1.0238409264679824,False,0.0,False,False,False,59278.16864344765,0.8444436063700714,2021-03-04,False,106,39,-0.005488261705994146,faint,53969501.2475637,,psi_Vel,1-2,0.8389553446640773,3,1.6770000001997687
90.50685360294574,1.0238409264679824,False,0.0,False,False,False,59278.16864344765,0.8524208916499361,2021-03-04,False,106,40,-0.007261943287797723,faint,52467742.82117831,,psi_Vel,1-2,0.8451589483621383,4,1.7249999473278876
90.50685360294574,1.0238409264679824,False,0.0,False,False,False,59278.16864344765,0.859814435225067,2021-03-04,False,106,41,-0.0010077698704729077,faint,51047294.52187003,,psi_Vel,1-2,0.858806665354594,5,1.7730000081428443
128.1901074026843,1.0238409264679824,False,0.0,False,False,False,59278.16864344765,0.6608196555973385,2021-03-04,False,106,42,-0.0054101022411398025,faint,83620419.8493242,,psi_Vel,1-3,0.6554095533561987,0,1.5330000451285741
128.1901074026843,1.0238409264679824,False,0.0,False,False,False,59278.16864344765,0.6779627122167914,2021-03-04,False,106,43,-0.004481636099982755,faint,81081662.25839627,,psi_Vel,1-3,0.6734810761168086,1,1.580999992256693
128.1901074026843,1.0238409264679824,False,0.0,False,False,False,59278.16864344765,0.6939321305683297,2021-03-04,False,106,44,-0.002946131935128715,faint,78692512.72335349,,psi_Vel,1-3,0.690985998633201,2,1.6290000530716497
128.1901074026843,1.0238409264679824,False,0.0,False,False,False,59278.16864344765,0.7088214730094288,2021-03-04,False,106,45,-0.007790562729486861,faint,76440135.59177934,,psi_Vel,1-3,0.7010309102799419,3,1.6770000001997687
128.1901074026843,1.0238409264679824,False,0.0,False,False,False,59278.16864344765,0.7227169735340608,2021-03-04,False,106,46,-0.00452698848261035,faint,74313108.00980446,,psi_Vel,1-3,0.7181899850514505,4,1.7249999473278876
128.1901074026843,1.0238409264679824,False,0.0,False,False,False,59278.16864344765,0.7356977701148752,2021-03-04,False,106,47,0.006877011870192962,faint,72301244.67791682,,psi_Vel,1-3,0.7425747819850682,5,1.7730000081428443
126.54081243314111,1.0238409264679824,False,0.0,False,False,False,59278.16864344765,0.6681046140016813,2021-03-04,False,106,48,0.020722064822815245,faint,82544558.84411146,,psi_Vel,1-4,0.6888266788244966,0,1.5330000451285741
126.54081243314111,1.0238409264679824,False,0.0,False,False,False,59278.16864344765,0.6849564721215805,2021-03-04,False,106,49,0.023337824825906517,faint,80038464.92909773,,psi_Vel,1-4,0.708294296947487,1,1.580999992256693
126.54081243314111,1.0238409264679824,False,0.0,False,False,False,59278.16864344765,0.7006460877824842,2021-03-04,False,106,50,0.022676640548359273,faint,77680054.21149938,,psi_Vel,1-4,0.7233227283308434,2,1.6290000530716497
126.54081243314111,1.0238409264679824,False,0.0,False,False,False,59278.16864344765,0.7152673244218376,2021-03-04,False,106,51,0.01728312253242803,faint,75456656.18250878,,psi_Vel,1-4,0.7325504469542656,3,1.6770000001997687
126.54081243314111,1.0238409264679824,False,0.0,False,False,False,59278.16864344765,0.7289064726652744,2021-03-04,False,106,52,0.023968480035002182,faint,73356994.95478782,,psi_Vel,1-4,0.7528749527002766,4,1.7249999473278876
126.54081243314111,1.0238409264679824,False,0.0,False,False,False,59278.16864344765,0.7416425509494453,2021-03-04,False,106,53,-0.00036730975146870293,faint,71371016.27297126,,psi_Vel,1-4,0.7412752411979766,5,1.7730000081428443
55.985606483026515,1.0238409264679824,False,0.0,False,False,False,59278.16864344765,0.9260417134027566,2021-03-04,False,106,54,0.03293148671655799,faint,36520290.17281011,,psi_Vel,2-3,0.9589732001193146,0,1.5330000451285741
55.985606483026515,1.0238409264679824,False,0.0,False,False,False,59278.16864344765,0.9303318407279847,2021-03-04,False,106,55,-0.014338262511843225,faint,35411515.97547676,,psi_Vel,2-3,0.9159935782161415,1,1.580999992256693
55.985606483026515,1.0238409264679824,False,0.0,False,False,False,59278.16864344765,0.9342628398699054,2021-03-04,False,106,56,0.003917740060741637,faint,34368081.43588443,,psi_Vel,2-3,0.9381805799306471,2,1.6290000530716497
55.985606483026515,1.0238409264679824,False,0.0,False,False,False,59278.16864344765,0.937873295162765,2021-03-04,False,106,57,-0.001170607488893305,faint,33384380.72531745,,psi_Vel,2-3,0.9367026876738717,3,1.6770000001997687
55.985606483026515,1.0238409264679824,False,0.0,False,False,False,59278.16864344765,0.9411968209546296,2021-03-04,False,106,58,0.0015706253865143127,faint,32455425.03914337,,psi_Vel,2-3,0.942767446341144,4,1.7249999473278876
55.985606483026515,1.0238409264679824,False,0.0,False,False,False,59278.16864344765,0.9442627792958874,2021-03-04,False,106,59,0.023294133381525306,faint,31576766.060858335,,psi_Vel,2-3,0.9675569126774127,5,1.7730000081428443
126.6481259564369,1.0238409264679824,False,0.0,False,False,False,59278.16864344765,0.6676314810600519,2021-03-04,False,106,60,0.014929120195708134,faint,82614561.14035197,,psi_Vel,2-4,0.68256060125576,0,1.5330000451285741
126.6481259564369,1.0238409264679824,False,0.0,False,False,False,59278.16864344765,0.6845023725650824,2021-03-04,False,106,61,0.021268376873151196,faint,80106341.9207621,,psi_Vel,2-4,0.7057707494382336,1,1.580999992256693
126.6481259564369,1.0238409264679824,False,0.0,False,False,False,59278.16864344765,0.7002102609467722,2021-03-04,False,106,62,0.012698032976275031,faint,77745931.14200863,,psi_Vel,2-4,0.7129082939230472,2,1.6290000530716497
126.6481259564369,1.0238409264679824,False,0.0,False,False,False,59278.16864344765,0.7148489932783291,2021-03-04,False,106,63,0.011975716064971054,faint,75520647.55000015,,psi_Vel,2-4,0.7268247093433001,3,1.6770000001997687
126.6481259564369,1.0238409264679824,False,0.0,False,False,False,59278.16864344765,0.7285048591973342,2021-03-04,False,106,64,0.013962442887240245,faint,73419205.69482988,,psi_Vel,2-4,0.7424673020845745,4,1.7249999473278876
126.6481259564369,1.0238409264679824,False,0.0,False,False,False,59278.16864344765,0.7412568871719253,2021-03-04,False,106,65,0.016088018548062855,faint,71431542.79457471,,psi_Vel,2-4,0.7573449057199881,5,1.7730000081428443
101.49592892843658,1.0238409264679824,False,0.0,False,False,False,59278.16864344765,0.773914787781003,2021-03-04,False,106,66,-0.015414734513515715,faint,66207388.08910082,,psi_Vel,3-4,0.7585000532674873,0,1.5330000451285741
101.49592892843658,1.0238409264679824,False,0.0,False,False,False,59278.16864344765,0.7861130952676258,2021-03-04,False,106,67,-0.023945987582039363,faint,64197298.81438076,,psi_Vel,3-4,0.7621671076855865,1,1.580999992256693
101.49592892843658,1.0238409264679824,False,0.0,False,False,False,59278.16864344765,0.7973881284053962,2021-03-04,False,106,68,-0.019442913458103783,faint,62305663.36511494,,psi_Vel,3-4,0.7779452149472924,2,1.6290000530716497
101.49592892843658,1.0238409264679824,False,0.0,False,False,False,59278.16864344765,0.8078263970670675,2021-03-04,False,106,69,-0.01806799150023186,faint,60522318.97218016,,psi_Vel,3-4,0.7897584055668356,3,1.6770000001997687
101.49592892843658,1.0238409264679824,False,0.0,False,False,False,59278.16864344765,0.81750520091345,2021-03-04,False,106,70,-0.003388635380509153,faint,58838221.465257965,,psi_Vel,3-4,0.8141165655329409,4,1.7249999473278876
101.49592892843658,1.0238409264679824,False,0.0,False,False,False,59278.16864344765,0.8264936037926721,2021-03-04,False,106,71,-0.011625705306443024,faint,57245306.521318085,,psi_Vel,3-4,0.8148678984862291,5,1.7730000081428443
87.91801188905137,0.939451686305027,False,0.0,False,False,False,59263.17019546791,0.6124754856340023,2021-02-17,False,106,0,-0.01995839558049861,bright,57350299.60920686,,rho_Pup,1-2,0.5925170900535037,0,1.5330000451285741
87.91801188905137,0.939451686305027,False,0.0,False,False,False,59263.17019546791,0.6314413240069384,2021-02-17,False,106,1,-0.02617637205720391,bright,55609115.95170767,,rho_Pup,1-2,0.6052649519497345,1,1.580999992256693
87.91801188905137,0.939451686305027,False,0.0,False,False,False,59263.17019546791,0.6491762681428792,2021-02-17,False,106,2,-0.019020072771793184,bright,53970539.61003425,,rho_Pup,1-2,0.630156195371086,2,1.6290000530716497
87.91801188905137,0.939451686305027,False,0.0,False,False,False,59263.17019546791,0.6657690831573257,2021-02-17,False,106,3,-0.026318983186763956,bright,52425767.36945638,,rho_Pup,1-2,0.6394500999705618,3,1.6770000001997687
87.91801188905137,0.939451686305027,False,0.0,False,False,False,59263.17019546791,0.6813032546387109,2021-02-17,False,106,4,-0.012204451743623612,bright,50966964.97019657,,rho_Pup,1-2,0.6690988028950873,4,1.7249999473278876
87.91801188905137,0.939451686305027,False,0.0,False,False,False,59263.17019546791,0.6958567044196099,2021-02-17,False,106,5,-0.02082249890776422,bright,49587146.91780651,,rho_Pup,1-2,0.6750342055118457,5,1.7730000081428443
124.47105996096748,0.939451686305027,False,0.0,False,False,False,59263.17019546791,0.3572649225584498,2021-02-17,False,106,6,-0.03971994441013449,bright,81194426.80807486,,rho_Pup,1-3,0.31754497814831534,0,1.5330000451285741
124.47105996096748,0.939451686305027,False,0.0,False,False,False,59263.17019546791,0.382112672411792,2021-02-17,False,106,7,-0.04435957932066037,bright,78729323.5740625,,rho_Pup,1-3,0.3377530930911316,1,1.580999992256693
124.47105996096748,0.939451686305027,False,0.0,False,False,False,59263.17019546791,0.4060009157030021,2021-02-17,False,106,8,-0.04545000070088295,bright,76409487.97163284,,rho_Pup,1-3,0.36055091500211917,2,1.6290000530716497
124.47105996096748,0.939451686305027,False,0.0,False,False,False,59263.17019546791,0.42891654071861235,2021-02-17,False,106,9,-0.04091651213302294,bright,74222456.73592138,,rho_Pup,1-3,0.3880000285855894,3,1.6770000001997687
124.47105996096748,0.939451686305027,False,0.0,False,False,False,59263.17019546791,0.4508612646511898,2021-02-17,False,106,10,-0.037602540667127815,bright,72157138.41254283,,rho_Pup,1-3,0.413258723984062,4,1.7249999473278876
124.47105996096748,0.939451686305027,False,0.0,False,False,False,59263.17019546791,0.4718478256065385,2021-02-17,False,106,11,-0.03946594391448721,bright,70203643.19758046,,rho_Pup,1-3,0.4323818816920513,5,1.7730000081428443
129.6873037523886,0.939451686305027,False,0.0,False,True,False,59263.17019546791,0.32399233051493603,2021-02-17,False,106,12,-0.05665089693404424,bright,84597064.53662342,,rho_Pup,1-4,0.2673414335808918,0,1.5330000451285741
129.6873037523886,0.939451686305027,False,0.0,False,True,False,59263.17019546791,0.34899255763859643,2021-02-17,False,106,13,-0.052706319082560515,bright,82028655.52660446,,rho_Pup,1-4,0.2962862385560359,1,1.580999992256693
129.6873037523886,0.939451686305027,False,0.0,False,True,False,59263.17019546791,0.37315264208988425,2021-02-17,False,106,14,-0.06071634923157826,bright,79611601.91974804,,rho_Pup,1-4,0.312436292858306,2,1.6290000530716497
129.6873037523886,0.939451686305027,False,0.0,False,True,False,59263.17019546791,0.39643714049499373,2021-02-17,False,106,15,-0.06216205421595372,bright,77332918.1496362,,rho_Pup,1-4,0.33427508627904,3,1.6770000001997687
129.6873037523886,0.939451686305027,False,0.0,False,True,False,59263.17019546791,0.4188286529480117,2021-02-17,False,106,16,-0.05885199683181319,bright,75181047.94917867,,rho_Pup,1-4,0.3599766561161985,4,1.7249999473278876
129.6873037523886,0.939451686305027,False,0.0,False,True,False,59263.17019546791,0.4403236529755305,2021-02-17,False,106,17,-0.07710107580077441,bright,73145687.05965857,,rho_Pup,1-4,0.3632225771747561,5,1.7730000081428443
56.696517531492034,0.939451686305027,False,0.0,False,True,False,59263.17019546791,0.8195490001492346,2021-02-17,False,106,18,-0.0839667251863282,bright,36984028.61216931,,rho_Pup,2-3,0.7355822749629064,0,1.5330000451285741
56.696517531492034,0.939451686305027,False,0.0,False,True,False,59263.17019546791,0.8295138960431448,2021-02-17,False,106,19,-0.08304023655899795,bright,35861175.08486788,,rho_Pup,2-3,0.7464736594841469,1,1.580999992256693
56.696517531492034,0.939451686305027,False,0.0,False,True,False,59263.17019546791,0.8386989436354869,2021-02-17,False,106,20,-0.07252586281392281,bright,34804490.90507077,,rho_Pup,2-3,0.7661730808215641,2,1.6290000530716497
56.696517531492034,0.939451686305027,False,0.0,False,True,False,59263.17019546791,0.8471807866038333,2021-02-17,False,106,21,-0.07378095413865338,bright,33808299.060666785,,rho_Pup,2-3,0.77339983246518,3,1.6770000001997687
56.696517531492034,0.939451686305027,False,0.0,False,True,False,59263.17019546791,0.8550273024228802,2021-02-17,False,106,22,-0.10236557293263682,bright,32867547.398663875,,rho_Pup,2-3,0.7526617294902433,4,1.7249999473278876
56.696517531492034,0.939451686305027,False,0.0,False,True,False,59263.17019546791,0.8622986613607941,2021-02-17,False,106,23,-0.07303625446985285,bright,31977731.117373012,,rho_Pup,2-3,0.7892624068909413,5,1.7730000081428443
132.30229689485228,0.939451686305027,False,0.0,False,False,False,59263.17019546791,0.30780333217240724,2021-02-17,False,106,24,-0.04318718108658409,bright,86302865.62304436,,rho_Pup,2-4,0.26461615108582315,0,1.5330000451285741
132.30229689485228,0.939451686305027,False,0.0,False,False,False,59263.17019546791,0.3328092657325934,2021-02-17,False,106,25,-0.0468684512261322,bright,83682667.64252552,,rho_Pup,2-4,0.2859408145064612,1,1.580999992256693
132.30229689485228,0.939451686305027,False,0.0,False,True,False,59263.17019546791,0.3570413668582784,2021-02-17,False,106,26,-0.05015539467093655,bright,81216876.97025084,,rho_Pup,2-4,0.30688597218734187,2,1.6290000530716497
132.30229689485228,0.939451686305027,False,0.0,False,False,False,59263.17019546791,0.38045269014694727,2021-02-17,False,106,27,-0.0498615784047845,bright,78892246.20100899,,rho_Pup,2-4,0.33059111174216277,3,1.6770000001997687
132.30229689485228,0.939451686305027,False,0.0,False,True,False,59263.17019546791,0.40301587060093996,2021-02-17,False,106,28,-0.06106520553092182,bright,76696986.0490693,,rho_Pup,2-4,0.34195066507001814,4,1.7249999473278876
132.30229689485228,0.939451686305027,False,0.0,False,True,False,59263.17019546791,0.4247188093680528,2021-02-17,False,106,29,-0.052177149102046516,bright,74620584.48236236,,rho_Pup,2-4,0.37254166026600627,5,1.7730000081428443
103.67755104965478,0.939451686305027,False,0.0,False,True,False,59263.17019546791,0.4997631697142067,2021-02-17,False,106,30,-0.11025918856813943,bright,67630494.45374234,,rho_Pup,3-4,0.38950398114606727,0,1.5330000451285741
103.67755104965478,0.939451686305027,False,0.0,False,True,False,59263.17019546791,0.5222016452892457,2021-02-17,False,106,31,-0.11425042622648512,bright,65577198.96106209,,rho_Pup,3-4,0.4079512190627606,1,1.580999992256693
103.67755104965478,0.939451686305027,False,0.0,False,True,False,59263.17019546791,0.5434007157695421,2021-02-17,False,106,32,-0.1082944224877796,bright,63644903.42045105,,rho_Pup,3-4,0.4351062932817625,2,1.6290000530716497
103.67755104965478,0.939451686305027,False,0.0,False,True,False,59263.17019546791,0.5634200125661125,2021-02-17,False,106,33,-0.11859232085833815,bright,61823226.61735506,,rho_Pup,3-4,0.44482769170777436,3,1.6770000001997687
103.67755104965478,0.939451686305027,False,0.0,False,True,False,59263.17019546791,0.5823211526340635,2021-02-17,False,106,34,-0.11044205547748387,bright,60102929.979943804,,rho_Pup,3-4,0.4718790971565796,4,1.7249999473278876
103.67755104965478,0.939451686305027,False,0.0,False,True,False,59263.17019546791,0.6001659427521817,2021-02-17,False,106,35,-0.09862578210336637,bright,58475775.84517521,,rho_Pup,3-4,0.5015401606488153,5,1.7730000081428443
86.83786723313194,0.939451686305027,False,0.0,False,False,False,59263.17996679578,0.6201631109756799,2021-02-17,False,106,36,0.018498450877385664,bright,56645704.29014487,,rho_Pup,1-2,0.6386615618530656,0,1.5330000451285741
86.83786723313194,0.939451686305027,False,0.0,False,False,False,59263.17996679578,0.6388509599427714,2021-02-17,False,106,37,0.021181002874705257,bright,54925912.4974321,,rho_Pup,1-2,0.6600319628174767,1,1.580999992256693
86.83786723313194,0.939451686305027,False,0.0,False,False,False,59263.17996679578,0.656315052451486,2021-02-17,False,106,38,0.020126288915949364,bright,53307467.405780666,,rho_Pup,1-2,0.6764413413674354,2,1.6290000530716497
86.83786723313194,0.939451686305027,False,0.0,False,False,False,59263.17996679578,0.6726452117766407,2021-02-17,False,106,39,0.018380625578192422,bright,51781673.95515062,,rho_Pup,1-2,0.6910258373548331,3,1.6770000001997687
86.83786723313194,0.939451686305027,False,0.0,False,False,False,59263.17996679578,0.6879256118700748,2021-02-17,False,106,40,0.02742292410835445,bright,50340794.13605096,,rho_Pup,1-2,0.7153485359784293,4,1.7249999473278876
86.83786723313194,0.939451686305027,False,0.0,False,False,False,59263.17996679578,0.7022345815571308,2021-02-17,False,106,41,0.02415405252612457,bright,48977928.27654388,,rho_Pup,1-2,0.7263886340832554,5,1.7730000081428443
122.36687813626753,0.939451686305027,False,0.0,False,False,False,59263.17996679578,0.3710283616891092,2021-02-17,False,106,42,0.027237062741138296,bright,79821835.96478923,,rho_Pup,1-3,0.3982654244302475,0,1.5330000451285741
122.36687813626753,0.939451686305027,False,0.0,False,False,False,59263.17996679578,0.39576159185423454,2021-02-17,False,106,43,0.021825215812107224,bright,77398405.27235113,,rho_Pup,1-3,0.41758680766634176,1,1.580999992256693
122.36687813626753,0.939451686305027,False,0.0,False,False,False,59263.17996679578,0.41949234861149676,2021-02-17,False,106,44,0.02679904720698456,bright,75117786.46386905,,rho_Pup,1-3,0.4462913958184813,2,1.6290000530716497
122.36687813626753,0.939451686305027,False,0.0,False,False,False,59263.17996679578,0.44221620802198836,2021-02-17,False,106,45,0.029642345596059994,bright,72967726.96582639,,rho_Pup,1-3,0.47185855361804835,3,1.6770000001997687
122.36687813626753,0.939451686305027,False,0.0,False,False,False,59263.17996679578,0.4639422421947705,2021-02-17,False,106,46,0.030933071533877032,bright,70937322.82474561,,rho_Pup,1-3,0.4948753137286475,4,1.7249999473278876
122.36687813626753,0.939451686305027,False,0.0,False,False,False,59263.17996679578,0.48468938138029344,2021-02-17,False,106,47,0.03429765064365481,bright,69016851.42373043,,rho_Pup,1-3,0.5189870320239482,5,1.7730000081428443
128.3642915758595,0.939451686305027,False,0.0,False,False,False,59263.17996679578,0.3323113889003657,2021-02-17,False,106,48,0.020428290628993873,bright,83734042.92045763,,rho_Pup,1-4,0.3527396795293596,0,1.5330000451285741
128.3642915758595,0.939451686305027,False,0.0,False,False,False,59263.17996679578,0.35729072799277833,2021-02-17,False,106,49,0.03993425471137613,bright,81191835.676504,,rho_Pup,1-4,0.39722498270415446,1,1.580999992256693
128.3642915758595,0.939451686305027,False,0.0,False,False,False,59263.17996679578,0.3813979775587955,2021-02-17,False,106,50,0.034657636491833066,bright,78799439.77522606,,rho_Pup,1-4,0.4160556140506286,2,1.6290000530716497
128.3642915758595,0.939451686305027,False,0.0,False,False,False,59263.17996679578,0.404603447655885,2021-02-17,False,106,51,0.0323814767972363,bright,76544002.12317735,,rho_Pup,1-4,0.4369849244531213,3,1.6770000001997687
128.3642915758595,0.939451686305027,False,0.0,False,True,False,59263.17996679578,0.42689469259059765,2021-02-17,False,106,52,0.05268238267786518,bright,74414084.3451632,,rho_Pup,1-4,0.4795770752684628,4,1.7249999473278876
128.3642915758595,0.939451686305027,False,0.0,False,False,False,59263.17996679578,0.4482724238528429,2021-02-17,False,106,53,0.022364926561649345,bright,72399487.30192992,,rho_Pup,1-4,0.47063735041449223,5,1.7730000081428443
55.97065238075595,0.939451686305027,False,0.0,False,True,False,59263.17996679578,0.8237762692418914,2021-02-17,False,106,54,0.053477235668265455,bright,36510535.377095595,,rho_Pup,2-3,0.8772535049101569,0,1.5330000451285741
55.97065238075595,0.939451686305027,False,0.0,False,False,False,59263.17996679578,0.833528071438168,2021-02-17,False,106,55,0.047067237486562497,bright,35402057.34021818,,rho_Pup,2-3,0.8805953089247305,1,1.580999992256693
55.97065238075595,0.939451686305027,False,0.0,False,True,False,59263.17996679578,0.8425144475637902,2021-02-17,False,106,56,0.05749033754063049,bright,34358901.50845449,,rho_Pup,2-3,0.9000047851044207,2,1.6290000530716497
55.97065238075595,0.939451686305027,False,0.0,False,True,False,59263.17996679578,0.8508109323921665,2021-02-17,False,106,57,0.05734504373697635,bright,33375463.550440416,,rho_Pup,2-3,0.9081559761291429,3,1.6770000001997687
55.97065238075595,0.939451686305027,False,0.0,False,False,False,59263.17996679578,0.8584843706042429,2021-02-17,False,106,58,0.043454137962207096,bright,32446755.99408413,,rho_Pup,2-3,0.90193850856645,4,1.7249999473278876
55.97065238075595,0.939451686305027,False,0.0,False,True,False,59263.17996679578,0.8655939769881418,2021-02-17,False,106,59,0.06713525578781476,bright,31568331.711054675,,rho_Pup,2-3,0.9327292327759565,5,1.7730000081428443
132.2213877994117,0.939451686305027,False,0.0,False,False,False,59263.17996679578,0.30829903829290717,2021-02-17,False,106,60,0.005503072462283876,bright,86250087.34968574,,rho_Pup,2-4,0.31380211075519104,0,1.5330000451285741
132.2213877994117,0.939451686305027,False,0.0,False,False,False,59263.17996679578,0.33330550290635413,2021-02-17,False,106,61,0.0047464416499254924,bright,83631491.74383049,,rho_Pup,2-4,0.3380519445562796,1,1.580999992256693
132.2213877994117,0.939451686305027,False,0.0,False,False,False,59263.17996679578,0.3575360222561256,2021-02-17,False,106,62,0.010963875282848146,bright,81167209.01886679,,rho_Pup,2-4,0.3684998975389737,2,1.6290000530716497
132.2213877994117,0.939451686305027,False,0.0,False,False,False,59263.17996679578,0.3809440089177401,2021-02-17,False,106,63,0.0110341270799586,bright,78843999.8709965,,rho_Pup,2-4,0.3919781359976987,3,1.6770000001997687
132.2213877994117,0.939451686305027,False,0.0,False,False,False,59263.17996679578,0.4035024092730332,2021-02-17,False,106,64,0.0063313876681651005,bright,76650082.2241933,,rho_Pup,2-4,0.4098337969411983,4,1.7249999473278876
132.2213877994117,0.939451686305027,False,0.0,False,False,False,59263.17996679578,0.4251993932999363,2021-02-17,False,106,65,0.018116436474922892,bright,74574950.47499125,,rho_Pup,2-4,0.44331582977485917,5,1.7730000081428443
103.59155231060403,0.939451686305027,False,0.0,False,False,False,59263.17996679578,0.5003745754714025,2021-02-17,False,106,66,0.010708014483909456,bright,67574396.12594122,,rho_Pup,3-4,0.511082589955312,0,1.5330000451285741
103.59155231060403,0.939451686305027,False,0.0,False,False,False,59263.17996679578,0.5227975242041246,2021-02-17,False,106,67,0.017123826029308287,bright,65522803.806430876,,rho_Pup,3-4,0.5399213502334329,1,1.580999992256693
103.59155231060403,0.939451686305027,False,0.0,False,False,False,59263.17996679578,0.5439806029830797,2021-02-17,False,106,68,0.011949071209041762,bright,63592111.071618035,,rho_Pup,3-4,0.5559296741921215,2,1.6290000530716497
103.59155231060403,0.939451686305027,False,0.0,False,False,False,59263.17996679578,0.5639836700508231,2021-02-17,False,106,69,0.015142741969748408,bright,61771945.31798684,,rho_Pup,3-4,0.5791264120205715,3,1.6770000001997687
103.59155231060403,0.939451686305027,False,0.0,False,False,False,59263.17996679578,0.5828685213206529,2021-02-17,False,106,70,0.016850544595552797,bright,60053075.636942826,,rho_Pup,3-4,0.5997190659162057,4,1.7249999473278876
103.59155231060403,0.939451686305027,False,0.0,False,False,False,59263.17996679578,0.6006971036066348,2021-02-17,False,106,71,0.03511764810738216,bright,58427271.198443234,,rho_Pup,3-4,0.6358147517140169,5,1.7730000081428443
87.50368504744083,1.0673139201473028,False,0.0,False,False,False,58816.03373111288,0.7597863211923861,2019-11-28,False,104,0,0.009479889101107086,bright,57080027.7048275,,zet_Tuc,1-2,0.7692662102934932,0,1.5330000451285741
87.50368504744083,1.0673139201473028,False,0.0,False,False,False,58816.03373111288,0.7726480773916081,2019-11-28,False,104,1,0.00154271069034162,bright,55347049.63694498,,zet_Tuc,1-2,0.7741907880819497,1,1.580999992256693
87.50368504744083,1.0673139201473028,False,0.0,False,False,False,58816.03373111288,0.7845472290434131,2019-11-28,False,104,2,0.016677056805253443,bright,53716195.33249461,,zet_Tuc,1-2,0.8012242858486666,2,1.6290000530716497
87.50368504744083,1.0673139201473028,False,0.0,False,False,False,58816.03373111288,0.7955724818128649,2019-11-28,False,104,3,0.010551448221709281,bright,52178703.06321834,,zet_Tuc,1-2,0.8061239300345742,3,1.6770000001997687
87.50368504744083,1.0673139201473028,False,0.0,False,False,False,58816.03373111288,0.805803345086418,2019-11-28,False,104,4,0.014664023284892358,bright,50726775.489465065,,zet_Tuc,1-2,0.8204673683713104,4,1.7249999473278876
87.50368504744083,1.0673139201473028,False,0.0,False,False,False,58816.03373111288,0.8153110521184888,2019-11-28,False,104,5,0.014556411861751273,bright,49353460.03697873,,zet_Tuc,1-2,0.82986746398024,5,1.7730000081428443
129.2351755744119,1.0673139201473028,False,0.0,False,False,False,58816.03373111288,0.5397268004655843,2019-11-28,False,104,6,0.007730758234250956,bright,84302134.22699073,,zet_Tuc,1-3,0.5474575586998353,0,1.5330000451285741
129.2351755744119,1.0673139201473028,False,0.0,False,False,False,58816.03373111288,0.5610723799160086,2019-11-28,False,104,7,-0.0007026842041271131,bright,81742679.44805221,,zet_Tuc,1-3,0.5603696957118814,1,1.580999992256693
129.2351755744119,1.0673139201473028,False,0.0,False,False,False,58816.03373111288,0.5811599722543025,2019-11-28,False,104,8,0.010342448950691363,bright,79334052.40271507,,zet_Tuc,1-3,0.5915024212049939,2,1.6290000530716497
129.2351755744119,1.0673139201473028,False,0.0,False,False,False,58816.03373111288,0.6000624989498269,2019-11-28,False,104,9,2.3886820203822268e-05,bright,77063312.79607457,,zet_Tuc,1-3,0.6000863857700307,3,1.6770000001997687
129.2351755744119,1.0673139201473028,False,0.0,False,False,False,58816.03373111288,0.6178519140641197,2019-11-28,False,104,10,-0.0010356529535606729,bright,74918944.64959477,,zet_Tuc,1-3,0.616816261110559,4,1.7249999473278876
129.2351755744119,1.0673139201473028,False,0.0,False,False,False,58816.03373111288,0.6345979817975791,2019-11-28,False,104,11,0.0017488547074552274,bright,72890679.62824278,,zet_Tuc,1-3,0.6363468365050343,5,1.7730000081428443
116.77570657222039,1.0673139201473028,False,0.0,False,False,False,58816.03373111288,0.6074437775164481,2019-11-28,False,104,12,0.011211731692273963,bright,76174626.96318857,,zet_Tuc,1-4,0.618655509208722,0,1.5330000451285741
116.77570657222039,1.0673139201473028,False,0.0,False,False,False,58816.03373111288,0.626590291897155,2019-11-28,False,104,13,-0.00715679499083588,bright,73861927.3524073,,zet_Tuc,1-4,0.6194334969063191,1,1.580999992256693
116.77570657222039,1.0673139201473028,False,0.0,False,False,False,58816.03373111288,0.6445014510942293,2019-11-28,False,104,14,0.0014590776072233025,bright,71685514.28345726,,zet_Tuc,1-4,0.6459605287014526,2,1.6290000530716497
116.77570657222039,1.0673139201473028,False,0.0,False,False,False,58816.03373111288,0.661265295984019,2019-11-28,False,104,15,0.000645574157504214,bright,69633695.02582574,,zet_Tuc,1-4,0.6619108701415232,3,1.6770000001997687
116.77570657222039,1.0673139201473028,False,0.0,False,False,False,58816.03373111288,0.6769648346806095,2019-11-28,False,104,16,0.012277052734827154,bright,67696063.8480667,,zet_Tuc,1-4,0.6892418874154367,4,1.7249999473278876
116.77570657222039,1.0673139201473028,False,0.0,False,False,False,58816.03373111288,0.6916776997501808,2019-11-28,False,104,17,0.01386125927512738,bright,65863342.37783725,,zet_Tuc,1-4,0.7055389590253082,5,1.7730000081428443
53.47366615355842,1.0673139201473028,False,0.0,False,False,False,58816.03373111288,0.9038077212156639,2019-11-28,False,104,18,0.01990174294862157,bright,34881712.05440084,,zet_Tuc,2-3,0.9237094641642855,0,1.5330000451285741
53.47366615355842,1.0673139201473028,False,0.0,False,False,False,58816.03373111288,0.9093335210123498,2019-11-28,False,104,19,-0.003694362658175354,bright,33822685.904780425,,zet_Tuc,2-3,0.9056391583541744,1,1.580999992256693
53.47366615355842,1.0673139201473028,False,0.0,False,False,False,58816.03373111288,0.9144027182344381,2019-11-28,False,104,20,0.009001468424095438,bright,32826067.778652456,,zet_Tuc,2-3,0.9234041866585335,2,1.6290000530716497
53.47366615355842,1.0673139201473028,False,0.0,False,False,False,58816.03373111288,0.9190635664499642,2019-11-28,False,104,21,-0.004037557430273897,bright,31886503.367435,,zet_Tuc,2-3,0.9150260090196903,3,1.6770000001997687
53.47366615355842,1.0673139201473028,False,0.0,False,False,False,58816.03373111288,0.9233582315732631,2019-11-28,False,104,22,0.010694941454009066,bright,30999227.702233754,,zet_Tuc,2-3,0.9340531730272722,4,1.7249999473278876
53.47366615355842,1.0673139201473028,False,0.0,False,False,False,58816.03373111288,0.9273236463924717,2019-11-28,False,104,23,0.013713254707198086,bright,30159992.0518727,,zet_Tuc,2-3,0.9410369010996698,5,1.7730000081428443
101.04695505028005,1.0673139201473028,False,0.0,False,False,False,58816.03373111288,0.6912688541695735,2019-11-28,False,104,24,0.01969051504319297,bright,65914515.3787684,,zet_Tuc,2-4,0.7109593692127665,0,1.5330000451285741
101.04695505028005,1.0673139201473028,False,0.0,False,False,False,58816.03373111288,0.7071662060799944,2019-11-28,False,104,25,-0.004124301966749622,bright,63913317.8653893,,zet_Tuc,2-4,0.7030419041132447,1,1.580999992256693
101.04695505028005,1.0673139201473028,False,0.0,False,False,False,58816.03373111288,0.7219424273839254,2019-11-28,False,104,26,0.005773788734818375,bright,62030050.189222194,,zet_Tuc,2-4,0.7277162161187438,2,1.6290000530716497
101.04695505028005,1.0673139201473028,False,0.0,False,False,False,58816.03373111288,0.7356915761099759,2019-11-28,False,104,27,-0.005032651430904145,bright,60254594.53681757,,zet_Tuc,2-4,0.7306589246790718,3,1.6770000001997687
101.04695505028005,1.0673139201473028,False,0.0,False,False,False,58816.03373111288,0.7484994810334394,2019-11-28,False,104,28,-0.011167892203490126,bright,58577946.745335795,,zet_Tuc,2-4,0.7373315888299493,4,1.7249999473278876
101.04695505028005,1.0673139201473028,False,0.0,False,False,False,58816.03373111288,0.7604442402372454,2019-11-28,False,104,29,-0.0032799682439293987,bright,56992078.16480678,,zet_Tuc,2-4,0.757164271993316,5,1.7730000081428443
83.09437541384611,1.0673139201473028,False,0.0,False,False,False,58816.03373111288,0.7810113192102914,2019-11-28,False,104,30,-0.014820539921885145,bright,54203765.79759129,,zet_Tuc,3-4,0.7661907792884063,0,1.5330000451285741
83.09437541384611,1.0673139201473028,False,0.0,False,False,False,58816.03373111288,0.7928697029410634,2019-11-28,False,104,31,-0.014007655202456393,bright,52558112.473636754,,zet_Tuc,3-4,0.778862047738607,1,1.580999992256693
83.09437541384611,1.0673139201473028,False,0.0,False,False,False,58816.03373111288,0.8038257704606071,2019-11-28,False,104,32,-0.009509809883678,bright,51009436.89790739,,zet_Tuc,3-4,0.7943159605769291,2,1.6290000530716497
83.09437541384611,1.0673139201473028,False,0.0,False,False,False,58816.03373111288,0.8139647266778176,2019-11-28,False,104,33,-0.014012698373116361,bright,49549418.845526345,,zet_Tuc,3-4,0.7999520283047012,3,1.6770000001997687
83.09437541384611,1.0673139201473028,False,0.0,False,False,False,58816.03373111288,0.8233625945575279,2019-11-28,False,104,34,-0.013809606253123219,bright,48170653.88469345,,zet_Tuc,3-4,0.8095529883044047,4,1.7249999473278876
83.09437541384611,1.0673139201473028,False,0.0,False,False,False,58816.03373111288,0.8320872103205595,2019-11-28,False,104,35,-0.013708316972373957,bright,46866539.78128549,,zet_Tuc,3-4,0.8183788933481856,5,1.7730000081428443
88.09261293372016,1.0673139201473028,False,0.0,False,False,False,58816.0448820388,0.7569061932757437,2019-11-28,False,104,36,-0.011928765168644828,bright,57464194.61216112,,zet_Tuc,1-2,0.7449774281070989,0,1.5330000451285741
88.09261293372016,1.0673139201473028,False,0.0,False,False,False,58816.0448820388,0.7699018822160733,2019-11-28,False,104,37,-0.01605678690700507,bright,55719553.045650706,,zet_Tuc,1-2,0.7538450953090682,1,1.580999992256693
88.09261293372016,1.0673139201473028,False,0.0,False,False,False,58816.0448820388,0.7819271843058877,2019-11-28,False,104,38,-0.0058357048292073666,bright,54077722.56827883,,zet_Tuc,1-2,0.7760914794766803,2,1.6290000530716497
88.09261293372016,1.0673139201473028,False,0.0,False,False,False,58816.0448820388,0.7930712135585469,2019-11-28,False,104,39,-0.012385751370160958,bright,52529882.48254403,,zet_Tuc,1-2,0.780685462188386,3,1.6770000001997687
88.09261293372016,1.0673139201473028,False,0.0,False,False,False,58816.0448820388,0.8034138973510834,2019-11-28,False,104,40,-0.005459091007646855,bright,51068182.97019666,,zet_Tuc,1-2,0.7979548063434365,4,1.7249999473278876
88.09261293372016,1.0673139201473028,False,0.0,False,False,False,58816.0448820388,0.8130268842796918,2019-11-28,False,104,41,-0.006970089908279409,bright,49685624.663924344,,zet_Tuc,1-2,0.8060567943714124,5,1.7730000081428443
129.18054713577837,1.0673139201473028,False,0.0,False,False,False,58816.0448820388,0.5400237939962035,2019-11-28,False,104,42,0.0036713957388962992,bright,84266499.23871586,,zet_Tuc,1-3,0.5436951897350998,0,1.5330000451285741
129.18054713577837,1.0673139201473028,False,0.0,False,False,False,58816.0448820388,0.5613606443200643,2019-11-28,False,104,43,-0.003436571224395779,bright,81708126.35576816,,zet_Tuc,1-3,0.5579240730956685,1,1.580999992256693
129.18054713577837,1.0673139201473028,False,0.0,False,False,False,58816.0448820388,0.5814394623527335,2019-11-28,False,104,44,0.006226084209011051,bright,79300517.45068698,,zet_Tuc,1-3,0.5876655465617445,2,1.6290000530716497
129.18054713577837,1.0673139201473028,False,0.0,False,False,False,58816.0448820388,0.600333256004149,2019-11-28,False,104,45,-0.005255905051902321,bright,77030737.6985033,,zet_Tuc,1-3,0.5950773509522467,3,1.6770000001997687
129.18054713577837,1.0673139201473028,False,0.0,False,False,False,58816.0448820388,0.6181140453019964,2019-11-28,False,104,46,-0.003601414204364106,bright,74887275.98855036,,zet_Tuc,1-3,0.6145126310976323,4,1.7249999473278876
129.18054713577837,1.0673139201473028,False,0.0,False,False,False,58816.0448820388,0.6348516440822648,2019-11-28,False,104,47,-0.0015724115781808878,bright,72859868.32627851,,zet_Tuc,1-3,0.6332792325040839,5,1.7730000081428443
115.14995763044102,1.0673139201473028,False,0.0,False,False,False,58816.0448820388,0.6162359246683148,2019-11-28,False,104,48,-0.004941563293379914,bright,75114125.40159664,,zet_Tuc,1-4,0.6112943613749349,0,1.5330000451285741
115.14995763044102,1.0673139201473028,False,0.0,False,False,False,58816.0448820388,0.6350676959175677,2019-11-28,False,104,49,-0.013177702153928328,bright,72833623.14637199,,zet_Tuc,1-4,0.6218899937636394,1,1.580999992256693
115.14995763044102,1.0673139201473028,False,0.0,False,False,False,58816.0448820388,0.6526717512738682,2019-11-28,False,104,50,-0.010658832828482345,bright,70687510.05459684,,zet_Tuc,1-4,0.6420129184453859,2,1.6290000530716497
115.14995763044102,1.0673139201473028,False,0.0,False,False,False,58816.0448820388,0.6691374195730948,2019-11-28,False,104,51,-0.01801023347545949,bright,68664256.18170784,,zet_Tuc,1-4,0.6511271860976353,3,1.6770000001997687
115.14995763044102,1.0673139201473028,False,0.0,False,False,False,58816.0448820388,0.6845485625868319,2019-11-28,False,104,52,-0.0006210574111126244,bright,66753600.6646343,,zet_Tuc,1-4,0.6839275051757193,4,1.7249999473278876
115.14995763044102,1.0673139201473028,False,0.0,False,False,False,58816.0448820388,0.6989833349351375,2019-11-28,False,104,53,0.0007899497589184401,bright,64946394.304338776,,zet_Tuc,1-4,0.699773284694056,5,1.7730000081428443
52.82005489427331,1.0673139201473028,False,0.0,False,False,False,58816.0448820388,0.9060494847399566,2019-11-28,False,104,54,0.013282843232411246,bright,34455351.16722273,,zet_Tuc,2-3,0.9193323279723679,0,1.5330000451285741
52.82005489427331,1.0673139201473028,False,0.0,False,False,False,58816.0448820388,0.9114518568188076,2019-11-28,False,104,55,-0.013089792836133207,bright,33409269.546471562,,zet_Tuc,2-3,0.8983620639826744,1,1.580999992256693
52.82005489427331,1.0673139201473028,False,0.0,False,False,False,58816.0448820388,0.9164072318540322,2019-11-28,False,104,56,0.0012814941282320857,bright,32424833.13286306,,zet_Tuc,2-3,0.9176887259822643,2,1.6290000530716497
52.82005489427331,1.0673139201473028,False,0.0,False,False,False,58816.0448820388,0.9209629288592827,2019-11-28,False,104,57,-0.008667235256070827,bright,31496753.06379323,,zet_Tuc,2-3,0.9122956936032118,3,1.6770000001997687
52.82005489427331,1.0673139201473028,False,0.0,False,False,False,58816.0448820388,0.925160284141405,2019-11-28,False,104,58,0.018377619636829823,bright,30620322.612817615,,zet_Tuc,2-3,0.9435379037782349,4,1.7249999473278876
52.82005489427331,1.0673139201473028,False,0.0,False,False,False,58816.0448820388,0.9290354936241004,2019-11-28,False,104,59,0.010462835203656318,bright,29791344.98121096,,zet_Tuc,2-3,0.9394983288277567,5,1.7730000081428443
100.54280727025088,1.0673139201473028,False,0.0,False,False,False,58816.0448820388,0.6938942414979483,2019-11-28,False,104,60,0.015765697883221796,bright,65585651.86592559,,zet_Tuc,2-4,0.7096599393811701,0,1.5330000451285741
100.54280727025088,1.0673139201473028,False,0.0,False,False,False,58816.0448820388,0.709681268875876,2019-11-28,False,104,61,-0.005039026993591156,bright,63594438.81257567,,zet_Tuc,2-4,0.7046422418822849,1,1.580999992256693
100.54280727025088,1.0673139201473028,False,0.0,False,False,False,58816.0448820388,0.7243521936628007,2019-11-28,False,104,62,0.00309394295337051,bright,61720567.2158616,,zet_Tuc,2-4,0.7274461366161712,2,1.6290000530716497
100.54280727025088,1.0673139201473028,False,0.0,False,False,False,58816.0448820388,0.7380010376854705,2019-11-28,False,104,63,-6.371261178417242e-05,bright,59953969.74256049,,zet_Tuc,2-4,0.7379373250736864,3,1.6770000001997687
100.54280727025088,1.0673139201473028,False,0.0,False,False,False,58816.0448820388,0.7507135284914703,2019-11-28,False,104,64,-0.012348110181020444,bright,58285687.15378617,,zet_Tuc,2-4,0.7383654183104499,4,1.7249999473278876
100.54280727025088,1.0673139201473028,False,0.0,False,False,False,58816.0448820388,0.7625676188186561,2019-11-28,False,104,65,0.0034059379311491833,bright,56707730.85645158,,zet_Tuc,2-4,0.7659735567498053,5,1.7730000081428443
83.74085988374615,1.0673139201473028,False,0.0,False,False,False,58816.0448820388,0.777938080593312,2019-11-28,False,104,66,-0.002765772038249237,bright,54625477.768151484,,zet_Tuc,3-4,0.7751723085550628,0,1.5330000451285741
83.74085988374615,1.0673139201473028,False,0.0,False,False,False,58816.0448820388,0.7899435111593333,2019-11-28,False,104,67,-0.011404176645623987,bright,52967021.05875146,,zet_Tuc,3-4,0.7785393345137093,1,1.580999992256693
83.74085988374615,1.0673139201473028,False,0.0,False,False,False,58816.0448820388,0.8010375781524006,2019-11-28,False,104,68,-0.009310587110989532,bright,51406296.596396066,,zet_Tuc,3-4,0.7917269910414111,2,1.6290000530716497
83.74085988374615,1.0673139201473028,False,0.0,False,False,False,58816.0448820388,0.8113060468245975,2019-11-28,False,104,69,-0.003446469784533557,bright,49934919.42383466,,zet_Tuc,3-4,0.807859577040064,3,1.6770000001997687
83.74085988374615,1.0673139201473028,False,0.0,False,False,False,58816.0448820388,0.820825489065006,2019-11-28,False,104,70,0.0019776525006508505,bright,48545427.50187615,,zet_Tuc,3-4,0.8228031415656568,4,1.7249999473278876
83.74085988374615,1.0673139201473028,False,0.0,False,False,False,58816.0448820388,0.8296642694446724,2019-11-28,False,104,71,0.011623964203062997,bright,47231167.23020311,,zet_Tuc,3-4,0.8412882336477354,5,1.7730000081428443
88.0935161852691,1.0197987591494542,False,0.0,False,False,False,58814.05035752029,0.7789785216341109,2019-11-26,False,104,0,-0.0005176239506118341,faint,57464783.81732899,,zet_Tuc,1-2,0.778460897683499,0,1.5330000451285741
88.0935161852691,1.0197987591494542,False,0.0,False,False,False,58814.05035752029,0.7909342359707909,2019-11-26,False,104,1,-0.008357647135643131,faint,55720124.362256244,,zet_Tuc,1-2,0.7825765888351478,1,1.580999992256693
88.0935161852691,1.0197987591494542,False,0.0,False,False,False,58814.05035752029,0.8019816377260106,2019-11-26,False,104,2,0.007796780951878635,faint,54078277.05048847,,zet_Tuc,1-2,0.8097784186778892,2,1.6290000530716497
88.0935161852691,1.0197987591494542,False,0.0,False,False,False,58814.05035752029,0.8122063044706992,2019-11-26,False,104,3,0.0017180146438389166,faint,52530421.09408179,,zet_Tuc,1-2,0.8139243191145381,3,1.6770000001997687
88.0935161852691,1.0197987591494542,False,0.0,False,False,False,58814.05035752029,0.8216846239233209,2019-11-26,False,104,4,0.009391660643746746,faint,51068706.59429898,,zet_Tuc,1-2,0.8310762845670676,4,1.7249999473278876
88.0935161852691,1.0197987591494542,False,0.0,False,False,False,58814.05035752029,0.8304847831598464,2019-11-26,False,104,5,0.0039890762815629754,faint,49686134.112060145,,zet_Tuc,1-2,0.8344738594414094,5,1.7730000081428443
129.1805888543201,1.0197987591494542,False,0.0,False,False,False,58814.05035752029,0.5764929135505744,2019-11-26,False,104,6,0.017868865644582788,faint,84266526.45237568,,zet_Tuc,1-3,0.5943617791951572,0,1.5330000451285741
129.1805888543201,1.0197987591494542,False,0.0,False,False,False,58814.05035752029,0.5966952800236911,2019-11-26,False,104,7,0.007306348569898757,faint,81708152.74320771,,zet_Tuc,1-3,0.6040016285935899,1,1.580999992256693
129.1805888543201,1.0197987591494542,False,0.0,False,False,False,58814.05035752029,0.6156438644018644,2019-11-26,False,104,8,0.014847999160568892,faint,79300543.06059511,,zet_Tuc,1-3,0.6304918635624333,2,1.6290000530716497
129.1805888543201,1.0197987591494542,False,0.0,False,False,False,58814.05035752029,0.6334209404998549,2019-11-26,False,104,9,0.010588454806296221,faint,77030762.57539162,,zet_Tuc,1-3,0.6440093953061511,3,1.6770000001997687
129.1805888543201,1.0197987591494542,False,0.0,False,False,False,58814.05035752029,0.6501054531731157,2019-11-26,False,104,10,0.004451541660542957,faint,74887300.17321298,,zet_Tuc,1-3,0.6545569948336587,4,1.7249999473278876
129.1805888543201,1.0197987591494542,False,0.0,False,False,False,58814.05035752029,0.6657722913311866,2019-11-26,False,104,11,0.008301978392328824,faint,72859891.85619478,,zet_Tuc,1-3,0.6740742697235155,5,1.7730000081428443
115.14771008050936,1.0197987591494542,False,0.0,False,False,False,58814.05035752029,0.6483567274864428,2019-11-26,False,104,12,0.028182245433312603,faint,75112659.28948607,,zet_Tuc,1-4,0.6765389729197554,0,1.5330000451285741
115.14771008050936,1.0197987591494542,False,0.0,False,False,False,58814.05035752029,0.6659854023714392,2019-11-26,False,104,13,0.009408958903197706,faint,72832201.54615524,,zet_Tuc,1-4,0.6753943612746369,1,1.580999992256693
115.14771008050936,1.0197987591494542,False,0.0,False,False,False,58814.05035752029,0.6824230602208371,2019-11-26,False,104,14,0.010894398664306304,faint,70686130.3432043,,zet_Tuc,1-4,0.6933174588851434,2,1.6290000530716497
115.14771008050936,1.0197987591494542,False,0.0,False,False,False,58814.05035752029,0.6977624228529996,2019-11-26,False,104,15,0.006369015126864386,faint,68662915.96111667,,zet_Tuc,1-4,0.704131437979864,3,1.6770000001997687
115.14771008050936,1.0197987591494542,False,0.0,False,False,False,58814.05035752029,0.7120893521658644,2019-11-26,False,104,16,0.025698834295635464,faint,66752297.737097904,,zet_Tuc,1-4,0.7377881864614999,4,1.7249999473278876
115.14771008050936,1.0197987591494542,False,0.0,False,False,False,58814.05035752029,0.7254829580307254,2019-11-26,False,104,17,0.02638050802719394,faint,64945126.650688834,,zet_Tuc,1-4,0.7518634660579193,5,1.7730000081428443
52.81916233220315,1.0197987591494542,False,0.0,False,False,False,58814.05035752029,0.9152004071357908,2019-11-26,False,104,18,0.033605421361893484,faint,34454768.9349697,,zet_Tuc,2-3,0.9488058284976842,0,1.5330000451285741
52.81916233220315,1.0197987591494542,False,0.0,False,False,False,58814.05035752029,0.9200962035145104,2019-11-26,False,104,19,0.01166616358039585,faint,33408704.9910797,,zet_Tuc,2-3,0.9317623670949062,1,1.580999992256693
52.81916233220315,1.0197987591494542,False,0.0,False,False,False,58814.05035752029,0.9245847376549197,2019-11-26,False,104,20,0.01837497495465268,faint,32424285.2126414,,zet_Tuc,2-3,0.9429597126095723,2,1.6290000530716497
52.81916233220315,1.0197987591494542,False,0.0,False,False,False,58814.05035752029,0.9287094186292424,2019-11-26,False,104,21,0.012969858509109145,faint,31496220.826422893,,zet_Tuc,2-3,0.9416792771383515,3,1.6770000001997687
52.81916233220315,1.0197987591494542,False,0.0,False,False,False,58814.05035752029,0.9325081194052672,2019-11-26,False,104,22,0.03206664540237836,faint,30619805.185514763,,zet_Tuc,2-3,0.9645747648076456,4,1.7249999473278876
52.81916233220315,1.0197987591494542,False,0.0,False,False,False,58814.05035752029,0.9360139656159017,2019-11-26,False,104,23,0.034792203883934225,faint,29790841.562109962,,zet_Tuc,2-3,0.9708061694998359,5,1.7730000081428443
100.54209929703632,1.0197987591494542,False,0.0,False,False,False,58814.05035752029,0.7207576725725856,2019-11-26,False,104,24,-0.03778664836761425,faint,65585190.04388141,,zet_Tuc,2-4,0.6829710242049714,0,1.5330000451285741
100.54209929703632,1.0197987591494542,False,0.0,False,True,False,58814.05035752029,0.7353878349854888,2019-11-26,False,104,25,-0.0506844511542176,faint,63593991.011678755,,zet_Tuc,2-4,0.6847033838312712,1,1.580999992256693
100.54209929703632,1.0197987591494542,False,0.0,False,False,False,58814.05035752029,0.7489581985400481,2019-11-26,False,104,26,-0.04137565140145982,faint,61720132.60985086,,zet_Tuc,2-4,0.7075825471385883,2,1.6290000530716497
100.54209929703632,1.0197987591494542,False,0.0,False,False,False,58814.05035752029,0.7615616382435614,2019-11-26,False,104,27,-0.04523995373689782,faint,59953547.57606409,,zet_Tuc,2-4,0.7163216845066636,3,1.6770000001997687
100.54209929703632,1.0197987591494542,False,0.0,False,True,False,58814.05035752029,0.7732821963567241,2019-11-26,False,104,28,-0.05803812643470929,faint,58285276.73451882,,zet_Tuc,2-4,0.7152440699220148,4,1.7249999473278876
100.54209929703632,1.0197987591494542,False,0.0,False,False,False,58814.05035752029,0.7841957946610212,2019-11-26,False,104,29,-0.031806254738321105,faint,56707331.54837978,,zet_Tuc,2-4,0.7523895399227001,5,1.7730000081428443
83.74179153345976,1.0197987591494542,False,0.0,False,False,False,58814.05035752029,0.7983182516102784,2019-11-26,False,104,30,0.018096776657263947,faint,54626085.49788807,,zet_Tuc,3-4,0.8164150282675423,0,1.5330000451285741
83.74179153345976,1.0197987591494542,False,0.0,False,False,False,58814.05035752029,0.8093375900684638,2019-11-26,False,104,31,0.014400949642924266,faint,52967610.33751058,,zet_Tuc,3-4,0.8237385397113881,1,1.580999992256693
83.74179153345976,1.0197987591494542,False,0.0,False,False,False,58814.05035752029,0.8195075481623413,2019-11-26,False,104,32,0.02390164962149266,faint,51406868.511487074,,zet_Tuc,3-4,0.8434091977838339,2,1.6290000530716497
83.74179153345976,1.0197987591494542,False,0.0,False,False,False,58814.05035752029,0.8289098387205299,2019-11-26,False,104,33,0.017849699116515017,faint,49935474.96928099,,zet_Tuc,3-4,0.8467595378370449,3,1.6770000001997687
83.74179153345976,1.0197987591494542,False,0.0,False,False,False,58814.05035752029,0.8376171163649012,2019-11-26,False,104,34,0.02058086679877902,faint,48545967.58868314,,zet_Tuc,3-4,0.8581979831636802,4,1.7249999473278876
83.74179153345976,1.0197987591494542,False,0.0,False,False,False,58814.05035752029,0.8456940132257454,2019-11-26,False,104,35,0.008914547560579411,faint,47231692.6953522,,zet_Tuc,3-4,0.8546085607863249,5,1.7730000081428443
88.61389522150543,1.0197987591494542,False,0.0,False,False,False,58814.061745737316,0.7766274425071089,2019-11-26,False,104,36,-0.0006281236373287813,faint,57804235.23345252,,zet_Tuc,1-2,0.7759993188697801,0,1.5330000451285741
88.61389522150543,1.0197987591494542,False,0.0,False,False,False,58814.061745737316,0.7886954035558241,2019-11-26,False,104,37,-0.006748663031855728,faint,56049269.86433405,,zet_Tuc,1-2,0.7819467405239684,1,1.580999992256693
88.61389522150543,1.0197987591494542,False,0.0,False,False,False,58814.061745737316,0.7998481751946561,2019-11-26,False,104,38,0.003928890980574251,faint,54397723.96226426,,zet_Tuc,1-2,0.8037770661752304,2,1.6290000530716497
88.61389522150543,1.0197987591494542,False,0.0,False,False,False,58814.061745737316,0.8101717561487798,2019-11-26,False,104,39,0.004378429827918362,faint,52840724.6338399,,zet_Tuc,1-2,0.8145501859766981,3,1.6770000001997687
88.61389522150543,1.0197987591494542,False,0.0,False,False,False,58814.061745737316,0.8197429478755122,2019-11-26,False,104,40,0.009517638845278897,faint,51370375.61002413,,zet_Tuc,1-2,0.8292605867207911,4,1.7249999473278876
88.61389522150543,1.0197987591494542,False,0.0,False,False,False,58814.061745737316,0.8286303365270163,2019-11-26,False,104,41,0.00669680042342613,faint,49979636.10520532,,zet_Tuc,1-2,0.8353271369504425,5,1.7730000081428443
129.01124650328683,1.0197987591494542,False,0.0,False,False,False,58814.061745737316,0.5773661180077412,2019-11-26,False,104,42,0.0027299800380906625,faint,84156061.77784981,,zet_Tuc,1-3,0.5800960980458318,0,1.5330000451285741
129.01124650328683,1.0197987591494542,False,0.0,False,False,False,58814.061745737316,0.5975398376997936,2019-11-26,False,104,43,-0.004537723442310515,faint,81601041.83121362,,zet_Tuc,1-3,0.5930021142574831,1,1.580999992256693
129.01124650328683,1.0197987591494542,False,0.0,False,False,False,58814.061745737316,0.6164601115420574,2019-11-26,False,104,44,-0.005093220646471774,faint,79196588.27513397,,zet_Tuc,1-3,0.6113668908955856,2,1.6290000530716497
129.01124650328683,1.0197987591494542,False,0.0,False,False,False,58814.061745737316,0.6342094024215984,2019-11-26,False,104,45,-0.006589054615408263,faint,76929783.23668376,,zet_Tuc,1-3,0.6276203478061901,3,1.6770000001997687
129.01124650328683,1.0197987591494542,False,0.0,False,False,False,58814.061745737316,0.6508667925453694,2019-11-26,False,104,46,-0.006599572400609932,faint,74789130.69135556,,zet_Tuc,1-3,0.6442672201447595,4,1.7249999473278876
129.01124650328683,1.0197987591494542,False,0.0,False,False,False,58814.061745737316,0.6665072677420844,2019-11-26,False,104,47,-0.004814046954498941,faint,72764380.09632137,,zet_Tuc,1-3,0.6616932207875854,5,1.7730000081428443
113.35264534974476,1.0197987591494542,False,0.0,False,False,False,58814.061745737316,0.6574276297125291,2019-11-26,False,104,48,0.019259915634368463,faint,73941710.38020927,,zet_Tuc,1-4,0.6766875453468976,0,1.5330000451285741
113.35264534974476,1.0197987591494542,False,0.0,False,False,False,58814.061745737316,0.674701870610338,2019-11-26,False,104,49,0.0034308646235892137,faint,71696803.22891532,,zet_Tuc,1-4,0.6781327352339273,1,1.580999992256693
113.35264534974476,1.0197987591494542,False,0.0,False,False,False,58814.061745737316,0.6907979095293997,2019-11-26,False,104,50,0.008513400595918874,faint,69584187.63462071,,zet_Tuc,1-4,0.6993113101253186,2,1.6290000530716497
113.35264534974476,1.0197987591494542,False,0.0,False,False,False,58814.061745737316,0.7058090545433129,2019-11-26,False,104,51,0.009754373843660402,faint,67592513.61731777,,zet_Tuc,1-4,0.7155634283869733,3,1.6770000001997687
113.35264534974476,1.0197987591494542,False,0.0,False,False,False,58814.061745737316,0.7198214167740512,2019-11-26,False,104,52,0.02834180667746733,faint,65711680.470097266,,zet_Tuc,1-4,0.7481632234515185,4,1.7249999473278876
113.35264534974476,1.0197987591494542,False,0.0,False,False,False,58814.061745737316,0.7329141082773791,2019-11-26,False,104,53,0.03357546859424332,faint,63932681.79873147,,zet_Tuc,1-4,0.7664895768716224,5,1.7730000081428443
52.093580816106076,1.0197987591494542,False,0.0,False,False,False,58814.061745737316,0.9174315756717215,2019-11-26,False,104,54,0.0027285229161061464,faint,33981460.719224535,,zet_Tuc,2-3,0.9201600985878277,0,1.5330000451285741
52.093580816106076,1.0197987591494542,False,0.0,False,False,False,58814.061745737316,0.922203195307139,2019-11-26,False,104,55,-0.025827593716081454,faint,32949766.648479592,,zet_Tuc,2-3,0.8963756015910576,1,1.580999992256693
52.093580816106076,1.0197987591494542,False,0.0,False,False,False,58814.061745737316,0.926577368155099,2019-11-26,False,104,56,-0.021925648849668744,faint,31978869.931819946,,zet_Tuc,2-3,0.9046517193054302,2,1.6290000530716497
52.093580816106076,1.0197987591494542,False,0.0,False,False,False,58814.061745737316,0.9305965268512465,2019-11-26,False,104,57,-0.013981563428767774,faint,31063554.448360495,,zet_Tuc,2-3,0.9166149634224787,3,1.6770000001997687
52.093580816106076,1.0197987591494542,False,0.0,False,False,False,58814.061745737316,0.9342976812554029,2019-11-26,False,104,58,0.008743994321316895,faint,30199178.20681773,,zet_Tuc,2-3,0.9430416755767198,4,1.7249999473278876
52.093580816106076,1.0197987591494542,False,0.0,False,False,False,58814.061745737316,0.937713193249777,2019-11-26,False,104,59,0.003451615069991254,faint,29381602.130206577,,zet_Tuc,2-3,0.9411648083197682,5,1.7730000081428443
99.9228355420118,1.0197987591494542,False,0.0,False,False,False,58814.061745737316,0.7237423023047292,2019-11-26,False,104,60,-0.03113430572906628,faint,65181234.57304346,,zet_Tuc,2-4,0.692607996575663,0,1.5330000451285741
99.9228355420118,1.0197987591494542,False,0.0,False,False,False,58814.061745737316,0.7382408383129871,2019-11-26,False,104,61,-0.044422248069066805,faint,63202299.830111705,,zet_Tuc,2-4,0.6938185902439203,1,1.580999992256693
99.9228355420118,1.0197987591494542,False,0.0,False,False,False,58814.061745737316,0.7516863709116997,2019-11-26,False,104,62,-0.031593476934362874,faint,61339982.98747557,,zet_Tuc,2-4,0.7200928939773368,2,1.6290000530716497
99.9228355420118,1.0197987591494542,False,0.0,False,False,False,58814.061745737316,0.764171560658112,2019-11-26,False,104,63,-0.03683879603047402,faint,59584278.7895699,,zet_Tuc,2-4,0.727332764627638,3,1.6770000001997687
99.9228355420118,1.0197987591494542,False,0.0,False,False,False,58814.061745737316,0.7757801899253794,2019-11-26,False,104,64,-0.048053336731394225,faint,57926283.24238347,,zet_Tuc,2-4,0.7277268531939852,4,1.7249999473278876
99.9228355420118,1.0197987591494542,False,0.0,False,False,False,58814.061745737316,0.7865878941518764,2019-11-26,False,104,65,-0.026652814244580325,faint,56358057.01246301,,zet_Tuc,2-4,0.759935079907296,5,1.7730000081428443
84.31702813347307,1.0197987591494542,False,0.0,False,False,False,58814.061745737316,0.7957957501396629,2019-11-26,False,104,66,-0.008888492787352709,faint,55001321.36421517,,zet_Tuc,3-4,0.7869072573523102,0,1.5330000451285741
84.31702813347307,1.0197987591494542,False,0.0,False,False,False,58814.061745737316,0.8069385281531856,2019-11-26,False,104,67,-0.010804136302404621,faint,53331453.85606255,,zet_Tuc,3-4,0.7961343918507809,1,1.580999992256693
84.31702813347307,1.0197987591494542,False,0.0,False,False,False,58814.061745737316,0.8172240016111276,2019-11-26,False,104,68,0.004794637626752252,faint,51759991.02914976,,zet_Tuc,3-4,0.8220186392378799,2,1.6290000530716497
84.31702813347307,1.0197987591494542,False,0.0,False,False,False,58814.061745737316,0.8267344278222528,2019-11-26,False,104,69,0.012689099703282691,faint,50278490.23460287,,zet_Tuc,3-4,0.8394235275255355,3,1.6770000001997687
84.31702813347307,1.0197987591494542,False,0.0,False,False,False,58814.061745737316,0.8355429815535298,2019-11-26,False,104,70,0.017181028188497316,faint,48879438.09162686,,zet_Tuc,3-4,0.8527240097420271,4,1.7249999473278876
84.31702813347307,1.0197987591494542,False,0.0,False,False,False,58814.061745737316,0.8437147860178617,2019-11-26,False,104,71,0.024271196368691794,faint,47556135.22066039,,zet_Tuc,3-4,0.8679859823865534,5,1.7730000081428443
