baseline_m,c_scale,candidate_remove,e_vis2_corrected,highlighted,large_raw_residual,large_sigma_residual,mjd,model_vis2,night,oifits_flag,period,point_id,raw_residual,sequence,spatial_frequency_rad_inv,standardized_residual,star,telescope_pair,vis2_corrected,wavelength_index,wavelength_um
84.76061516451156,1.064717131369449,False,0.003616753838785837,False,False,False,59672.29686556607,0.8048887118140841,2022-04-02,False,,0,0.003885633137062805,combined,55290680.14959035,1.0743427145617497,HD124850,1-2,0.8087743449511469,0,1.5330000451285741
84.76061516451156,1.064717131369449,False,0.00506006866728532,False,False,False,59672.29686556607,0.8155841577714145,2022-04-02,False,,1,0.004871586948610451,combined,53612027.56460844,0.9627511539727805,HD124850,1-2,0.8204557447200249,1,1.580999992256693
84.76061516451156,1.064717131369449,False,0.005669429227019497,False,False,False,59672.29686556607,0.8254512956098944,2022-04-02,False,,2,0.010830444670648864,combined,52032297.36222941,1.9103236387594151,HD124850,1-2,0.8362817402805433,2,1.6290000530716497
84.76061516451156,1.064717131369449,False,0.003603444991339379,False,False,False,59672.29686556607,0.8345703460979531,2022-04-02,False,,3,0.004575621955741238,combined,50543002.477289595,1.2697909824455256,HD124850,1-2,0.8391459680536943,3,1.6770000001997687
84.76061516451156,1.064717131369449,False,0.0019512148078419023,False,False,True,59672.29686556607,0.8430125483702398,2022-04-02,False,,4,0.016762538716785902,combined,49136590.00153018,8.590821804661136,HD124850,1-2,0.8597750870870257,4,1.7249999473278876
84.76061516451156,1.064717131369449,False,0.00040262696296552595,False,False,True,59672.29686556607,0.8508412054709238,2022-04-02,False,,5,0.004700243853136721,combined,47806325.31033959,11.673942098952695,HD124850,1-2,0.8555414493240605,5,1.7730000081428443
124.95596829752807,1.064717131369449,False,0.005351311210640981,False,False,False,59672.29686556607,0.6174046287325407,2022-04-02,False,,6,-0.0003245143795085337,combined,81510740.12985297,-0.06064203084717685,HD124850,1-3,0.6170801143530321,0,1.5330000451285741
124.95596829752807,1.064717131369449,False,0.005780431867446326,False,False,True,59672.29686556607,0.6361918379562967,2022-04-02,False,,7,-0.019856808184985475,combined,79036033.46586233,-3.4351772740049262,HD124850,1-3,0.6163350297713113,1,1.580999992256693
124.95596829752807,1.064717131369449,False,0.006346669647307596,False,False,False,59672.29686556607,0.6537527926381229,2022-04-02,False,,8,-0.011868156799717644,combined,76707160.36006908,-1.8699818108151243,HD124850,1-3,0.6418846358384053,2,1.6290000530716497
124.95596829752807,1.064717131369449,False,0.004402270948725078,False,False,True,59672.29686556607,0.670176927192531,2022-04-02,False,,9,-0.019148794037885053,combined,74511608.99382408,-4.349753629642139,HD124850,1-3,0.6510281331546459,3,1.6770000001997687
124.95596829752807,1.064717131369449,False,0.004071603167479753,False,False,True,59672.29686556607,0.6855481606887536,2022-04-02,False,,10,-0.015748938700604675,combined,72438244.7031904,-3.8679945104652664,HD124850,1-3,0.6697992219881489,4,1.7249999473278876
124.95596829752807,1.064717131369449,False,0.003674071338131348,False,False,True,59672.29686556607,0.6999446691577578,2022-04-02,False,,11,-0.014808233895558298,combined,70477139.15603141,-4.030469888232993,HD124850,1-3,0.6851364352621995,5,1.7730000081428443
132.312343353071,1.064717131369449,False,0.005594678950112674,False,False,False,59672.29686556607,0.5807257138056138,2022-04-02,False,,12,-0.0014053630540343809,combined,86309419.08548595,-0.2511963718679653,HD124850,1-4,0.5793203507515794,0,1.5330000451285741
132.312343353071,1.064717131369449,False,0.003873929221702853,False,False,False,59672.29686556607,0.6007858560553081,2022-04-02,False,,13,-0.010910261623367612,combined,83689022.13858366,-2.8163296227110255,HD124850,1-4,0.5898755944319405,1,1.580999992256693
132.312343353071,1.064717131369449,False,0.003502497097354739,False,False,False,59672.29686556607,0.619594381201314,2022-04-02,False,,14,-0.009858714222586773,combined,81223044.2249417,-2.8147672784747106,HD124850,1-4,0.6097356669787273,2,1.6290000530716497
132.312343353071,1.064717131369449,False,0.004359383781896235,False,False,False,59672.29686556607,0.6372344040754891,2022-04-02,False,,15,-0.007135511112013826,combined,78898236.93339868,-1.6368164559510374,HD124850,1-4,0.6300988929634753,3,1.6770000001997687
132.312343353071,1.064717131369449,False,0.003086713527938553,False,False,False,59672.29686556607,0.6537854699445568,2022-04-02,False,,16,0.005144288669218233,combined,76702810.08299711,1.666590897618485,HD124850,1-4,0.658929758613775,4,1.7249999473278876
132.312343353071,1.064717131369449,False,0.003661081989258472,False,False,False,59672.29686556607,0.6693228811062482,2022-04-02,False,,17,0.006849335805049317,combined,74626250.8434298,1.8708501544475393,HD124850,1-4,0.6761722169112975,5,1.7730000081428443
58.215380891680034,1.064717131369449,False,0.0026251846223773346,False,False,True,59672.29686556607,0.9035492778436615,2022-04-02,False,,18,0.013359864378374997,combined,37974807.03061392,5.089114214860999,HD124850,2-3,0.9169091422220365,0,1.5330000451285741
58.215380891680034,1.064717131369449,False,0.0058753336507674095,False,False,False,59672.29686556607,0.9090891606195265,2022-04-02,False,,19,0.0037217872481415393,combined,36821872.97710506,0.6334597266072568,HD124850,2-3,0.912810947867668,1,1.580999992256693
58.215380891680034,1.064717131369449,False,0.003990583100789988,False,False,False,59672.29686556607,0.9141713614237523,2022-04-02,False,,20,-0.0008059733724704587,combined,35736880.90550326,-0.20196882313036052,HD124850,2-3,0.9133653880512819,2,1.6290000530716497
58.215380891680034,1.064717131369449,False,0.000966371225569781,False,False,True,59672.29686556607,0.9188442365090338,2022-04-02,False,,21,-0.011332135162510082,combined,34714001.72018203,-11.726482393790807,HD124850,2-3,0.9075121013465237,3,1.6770000001997687
58.215380891680034,1.064717131369449,False,0.0026104825854926282,False,False,True,59672.29686556607,0.9231500433408444,2022-04-02,False,,22,0.010240440910640358,combined,33748047.92420928,3.9228152555202236,HD124850,2-3,0.9333904842514847,4,1.7249999473278876
58.215380891680034,1.064717131369449,False,0.0010773720490619748,False,False,True,59672.29686556607,0.9271257963343991,2022-04-02,False,,23,-0.005844869388045737,combined,32834394.03514646,-5.425116971555586,HD124850,2-3,0.9212809269463533,5,1.7730000081428443
127.10910923920625,1.064717131369449,False,0.004726950755908699,False,False,False,59672.29686556607,0.6066963060432095,2022-04-02,False,,24,0.0022230145132609014,combined,82915267.77388026,0.47028510091460723,HD124850,2-4,0.6089193205564704,0,1.5330000451285741
127.10910923920625,1.064717131369449,False,0.004729601152291902,False,False,False,59672.29686556607,0.6258669015085826,2022-04-02,False,,25,-0.006612197986774038,combined,80397918.9511398,-1.3980455801373133,HD124850,2-4,0.6192547035218086,1,1.580999992256693
127.10910923920625,1.064717131369449,False,0.004512222418243047,False,False,False,59672.29686556607,0.6438019271964549,2022-04-02,False,,26,-0.00218323599206105,combined,78028916.57340878,-0.48384937392141025,HD124850,2-4,0.6416186912043939,2,1.6290000530716497
127.10910923920625,1.064717131369449,False,0.0022502453356565903,False,False,False,59672.29686556607,0.6605892512044694,2022-04-02,False,,27,0.0006797166772248842,combined,75795533.22842258,0.30206336458266775,HD124850,2-4,0.6612689678816943,3,1.6770000001997687
127.10910923920625,1.064717131369449,False,0.005388644159997193,False,False,False,59672.29686556607,0.6763117547298948,2022-04-02,False,,28,-0.006109410646994551,combined,73686442.38865323,-1.1337565564911476,HD124850,2-4,0.6702023440829002,4,1.7249999473278876
127.10910923920625,1.064717131369449,False,0.0035480035640484257,False,False,False,59672.29686556607,0.6910469794113796,2022-04-02,False,,29,0.0094286319152187,combined,71691544.64491436,2.6574471375277375,HD124850,2-4,0.7004756113265983,5,1.7730000081428443
96.6668196660106,1.064717131369449,False,0.0011271192008614473,False,False,True,59672.29686556607,0.7528643399371896,2022-04-02,False,,30,-0.009211054815085329,combined,63057284.29244962,-8.172210009416396,HD124850,3-4,0.7436532851221043,0,1.5330000451285741
96.6668196660106,1.064717131369449,False,0.000250197920646457,False,False,True,59672.29686556607,0.7660461848488245,2022-04-02,False,,31,-0.008277454306566567,combined,61142833.737797804,-33.08362549608496,HD124850,3-4,0.7577687305422579,1,1.580999992256693
96.6668196660106,1.064717131369449,False,0.0002160384964343899,False,False,True,59672.29686556607,0.778247042520491,2022-04-02,False,,32,-0.006665841720727594,combined,59341201.05382146,-30.85487924950443,HD124850,3-4,0.7715812007997634,2,1.6290000530716497
96.6668196660106,1.064717131369449,False,0.001761194513584971,False,False,False,59672.29686556607,0.7895565467775654,2022-04-02,False,,33,-0.004653954386412806,combined,57642707.00923994,-2.6424987986928965,HD124850,3-4,0.7849025923911526,3,1.6770000001997687
96.6668196660106,1.064717131369449,False,0.001572180508209346,False,False,False,59672.29686556607,0.8000551674863869,2022-04-02,False,,34,-0.004257197501865928,combined,56038737.749385096,-2.7078299722178305,HD124850,3-4,0.795797969984521,4,1.7249999473278876
96.6668196660106,1.064717131369449,False,0.0005606358719485934,False,False,True,59672.29686556607,0.8098150995248118,2022-04-02,False,,35,-0.009572431159142747,combined,54521612.64639007,-17.074239516411957,HD124850,3-4,0.800242668365669,5,1.7730000081428443
82.89942579844184,1.064717131369449,False,0.00117367074058905,False,False,False,59672.30682891617,0.8126454815420788,2022-04-02,False,,36,0.0009352341417548926,combined,54076597.10244104,0.7968454093739363,HD124850,1-2,0.8135807156838337,0,1.5330000451285741
82.89942579844184,1.064717131369449,False,0.002896898064645123,False,False,False,59672.30682891617,0.8229558901663978,2022-04-02,False,,37,0.003518220193888255,combined,52434804.683403306,1.2144784232576182,HD124850,1-2,0.8264741103602861,1,1.580999992256693
82.89942579844184,1.064717131369449,False,0.004265646586616483,False,False,False,59672.30682891617,0.8324633559066424,2022-04-02,False,,38,0.0016414455354745172,combined,50889762.49087673,0.3848057972323755,HD124850,1-2,0.834104801442117,2,1.6290000530716497
82.89942579844184,1.064717131369449,False,0.0025425664914599314,False,False,False,59672.30682891617,0.8412462542144519,2022-04-02,False,,39,0.005616419996145705,combined,49433169.82025441,2.208956979103732,HD124850,1-2,0.8468626742105976,3,1.6770000001997687
82.89942579844184,1.064717131369449,False,0.0017292946430096968,False,False,True,59672.30682891617,0.8493740843669733,2022-04-02,False,,40,0.013923654785939488,combined,48057639.611443035,8.051638187987733,HD124850,1-2,0.8632977391529127,4,1.7249999473278876
82.89942579844184,1.064717131369449,False,0.0003423735484615036,False,False,True,59672.30682891617,0.8569085237531462,2022-04-02,False,,41,0.008120560353876871,combined,46756585.11997194,23.718422145541258,HD124850,1-2,0.8650290841070231,5,1.7730000081428443
122.67375661586178,1.064717131369449,False,0.0039035552533823116,False,False,False,59672.30682891617,0.628720388378557,2022-04-02,False,,42,0.0076148202378721885,combined,80022017.61551352,1.9507397086986737,HD124850,1-3,0.6363352086164292,0,1.5330000451285741
122.67375661586178,1.064717131369449,False,0.00473931483234259,False,False,False,59672.30682891617,0.6470922446968983,2022-04-02,False,,43,-0.006222135735045042,combined,77592509.30846578,-1.3128766404340162,HD124850,1-3,0.6408701089618533,1,1.580999992256693
122.67375661586178,1.064717131369449,False,0.004578873682109241,False,False,False,59672.30682891617,0.6642493699101735,2022-04-02,False,,44,0.0010537712675827704,combined,75306171.03697915,0.23013765845957002,HD124850,1-3,0.6653031411777562,2,1.6290000530716497
122.67375661586178,1.064717131369449,False,0.002129410898950912,False,False,True,59672.30682891617,0.6802826044576626,2022-04-02,False,,45,-0.00943558548153145,combined,73150719.49985006,-4.431077856406221,HD124850,1-3,0.6708470189761312,3,1.6770000001997687
122.67375661586178,1.064717131369449,False,0.0022753117334210074,False,False,True,59672.30682891617,0.6952767514161551,2022-04-02,False,,46,-0.009462287542501668,combined,71115223.39805844,-4.1586774258289445,HD124850,1-3,0.6858144638736534,4,1.7249999473278876
122.67375661586178,1.064717131369449,False,0.0015231069522451568,False,False,True,59672.30682891617,0.709310475852193,2022-04-02,False,,47,-0.011100402401966303,combined,69189935.73178731,-7.287999300117172,HD124850,1-3,0.6982100734502267,5,1.7730000081428443
132.4165106509268,1.064717131369449,False,0.002727560150650477,False,False,False,59672.30682891617,0.5802048589017136,2022-04-02,False,,48,0.003145761312440043,combined,86377369.04947117,1.1533242673639414,HD124850,1-4,0.5833506202141536,0,1.5330000451285741
132.4165106509268,1.064717131369449,False,0.0006693111425658452,False,False,False,59672.30682891617,0.6002822440098717,2022-04-02,False,,49,-6.302208618369498e-05,combined,83754909.10782212,-0.0941596249871113,HD124850,1-4,0.600219221923688,1,1.580999992256693
132.4165106509268,1.064717131369449,False,0.0009633514898422049,False,False,False,59672.30682891617,0.6191077864132245,2022-04-02,False,,50,0.000192460023661023,combined,81286989.77095896,0.1997817262861633,HD124850,1-4,0.6193002464368855,2,1.6290000530716497
132.4165106509268,1.064717131369449,False,0.0022904470592914295,False,False,False,59672.30682891617,0.6367644917672616,2022-04-02,False,,51,0.003117417562751079,combined,78960352.19746749,1.3610520051554829,HD124850,1-4,0.6398819093300127,3,1.6770000001997687
132.4165106509268,1.064717131369449,False,0.0004361031092565513,False,False,True,59672.30682891617,0.6533318265121699,2022-04-02,False,,52,0.015836575195224856,combined,76763196.92417769,36.31383234625941,HD124850,1-4,0.6691684017073948,4,1.7249999473278876
132.4165106509268,1.064717131369449,False,0.0015734315149489827,False,False,True,59672.30682891617,0.6688850377977329,2022-04-02,False,,53,0.02167617098387431,combined,74685002.84420668,13.776367625747692,HD124850,1-4,0.6905612087816072,5,1.7730000081428443
58.06730334117084,1.064717131369449,False,0.0009847149877633137,False,False,True,59672.30682891617,0.9040188667532008,2022-04-02,False,,54,0.020966874282962733,combined,37878213.719361424,21.292327773528655,HD124850,2-3,0.9249857410361635,0,1.5330000451285741
58.06730334117084,1.064717131369449,False,0.004844821562105803,False,False,False,59672.30682891617,0.909532924433055,2022-04-02,False,,55,0.014065647366450773,combined,36728212.2868872,2.9032333154365206,HD124850,2-3,0.9235985717995058,1,1.580999992256693
58.06730334117084,1.064717131369449,False,0.0013119779190337447,False,False,True,59672.30682891617,0.914591306572355,2022-04-02,False,,56,0.006302606174175329,combined,35645980.01803553,4.803896531137597,HD124850,2-3,0.9208939127465303,2,1.6290000530716497
58.06730334117084,1.064717131369449,False,0.002923892687687706,False,False,False,59672.30682891617,0.9192421746837479,2022-04-02,False,,57,-0.005733776756279507,combined,34625702.644158445,-1.9610079331652677,HD124850,2-3,0.9135083979274684,3,1.6770000001997687
58.06730334117084,1.064717131369449,False,0.0005517362591637336,False,False,True,59672.30682891617,0.9235276132807739,2022-04-02,False,,58,0.018651572334462796,combined,33662205.86332193,33.80523216424633,HD124850,2-3,0.9421791856152367,4,1.7249999473278876
58.06730334117084,1.064717131369449,False,0.00016955633529693455,False,False,True,59672.30682891617,0.9274844830984188,2022-04-02,False,,59,0.012714836186795031,combined,32750875.958536692,74.98885939312292,HD124850,2-3,0.9401993192852138,5,1.7730000081428443
127.60982372034113,1.064717131369449,False,0.0015538633091199984,False,False,True,59672.30682891617,0.6042022169700059,2022-04-02,False,,60,0.026359596365259197,combined,83241891.69194601,16.96390938028356,HD124850,2-4,0.6305618133352651,0,1.5330000451285741
127.60982372034113,1.064717131369449,False,9.071394921385049e-05,False,False,True,59672.30682891617,0.623460736336099,2022-04-02,False,,61,0.016867379326513943,combined,80714626.40438916,185.94030435992283,HD124850,2-4,0.6403281156626129,1,1.580999992256693
127.60982372034113,1.064717131369449,False,0.0024997264442081137,False,False,True,59672.30682891617,0.6414817404021532,2022-04-02,False,,62,0.018711036340909204,combined,78336291.93548489,7.485233587964325,HD124850,2-4,0.6601927767430624,2,1.6290000530716497
127.60982372034113,1.064717131369449,False,0.00032753482896630373,False,False,True,59672.30682891617,0.6583526994921212,2022-04-02,False,,63,0.015738674326102542,combined,76094110.73651753,48.051910619013015,HD124850,2-4,0.6740913738182237,3,1.6770000001997687
127.60982372034113,1.064717131369449,False,0.0025692432147773865,False,False,True,59672.30682891617,0.6741562248617812,2022-04-02,False,,64,0.011244747410978584,combined,73976711.6619425,4.376676893142205,HD124850,2-4,0.6854009722727598,4,1.7249999473278876
127.60982372034113,1.064717131369449,False,0.0029914575276354643,False,False,True,59672.30682891617,0.6889696862982435,2022-04-02,False,,65,0.020294796172876328,combined,71973955.5184819,6.784250147424935,HD124850,2-4,0.7092644824711198,5,1.7730000081428443
96.12934656368216,1.064717131369449,False,0.0014455855536760205,False,False,True,59672.30682891617,0.7552944454520303,2022-04-02,False,,66,-0.019387212475434734,combined,62706682.14860992,-13.411321402690032,HD124850,3-4,0.7359072329765955,0,1.5330000451285741
96.12934656368216,1.064717131369449,False,0.0017101752801495461,False,False,True,59672.30682891617,0.7683639757433706,2022-04-02,False,,67,-0.02105516998610768,combined,60802876.049650535,-12.311702917531655,HD124850,3-4,0.7473088057572629,1,1.580999992256693
96.12934656368216,1.064717131369449,False,0.0006120526951693457,False,False,True,59672.30682891617,0.7804589618803602,2022-04-02,False,,68,-0.01702240468350691,combined,59011260.54748754,-27.811992035746314,HD124850,3-4,0.7634365571968533,2,1.6290000530716497
96.12934656368216,1.064717131369449,False,0.0011824426842086432,False,False,True,59672.30682891617,0.7916687135875312,2022-04-02,False,,69,-0.009258591357617418,combined,57322210.22792545,-7.8300550895739915,HD124850,3-4,0.7824101222299138,3,1.6770000001997687
96.12934656368216,1.064717131369449,False,0.0008283268313618045,False,False,True,59672.30682891617,0.8020733649825316,2022-04-02,False,,70,-0.004018804796695918,combined,55727159.12982571,-4.851713894247314,HD124850,3-4,0.7980545601858356,4,1.7249999473278876
96.12934656368216,1.064717131369449,False,9.758244311393117e-05,False,False,True,59672.30682891617,0.8117447745460428,2022-04-02,False,,71,0.007521891041039841,combined,54218469.33005618,77.08242180673577,HD124850,3-4,0.8192666655870826,5,1.7730000081428443
83.63341467678448,1.109933589632767,False,0.00029247088702499796,False,False,True,59669.31130261937,0.8095996620842054,2022-03-30,False,,72,0.013113655673487323,combined,54555389.572588086,44.83747359225699,HD124850,1-2,0.8227133177576927,0,1.5330000451285741
83.63341467678448,1.109933589632767,False,0.0023768905287965417,False,False,False,59669.31130261937,0.8200616928035446,2022-03-30,False,,73,0.005017344538172153,combined,52899060.775710404,2.110885830620275,HD124850,1-2,0.8250790373417167,1,1.580999992256693
83.63341467678448,1.109933589632767,False,0.00031022087454674464,False,False,False,59669.31130261937,0.829710741546181,2022-03-30,False,,74,0.0008603139546327077,combined,51340338.828771025,2.7732303826739226,HD124850,1-2,0.8305710555008137,2,1.6290000530716497
83.63341467678448,1.109933589632767,False,0.0006730616264255943,False,False,False,59669.31130261937,0.8386259219386559,2022-03-30,False,,75,0.0011650952315630514,combined,49870849.53298858,1.7310379701045853,HD124850,1-2,0.839791017170219,3,1.6770000001997687
83.63341467678448,1.109933589632767,False,0.0006306913627421815,False,False,True,59669.31130261937,0.846877427581345,2022-03-30,False,,76,0.015214065860184145,combined,48483140.42347473,24.122838457839258,HD124850,1-2,0.8620914934415291,4,1.7249999473278876
83.63341467678448,1.109933589632767,False,0.0026347222703121394,False,False,True,59669.31130261937,0.8545275833657118,2022-03-30,False,,77,0.009457473927482196,combined,47170566.436932825,3.5895525057985544,HD124850,1-2,0.863985057293194,5,1.7730000081428443
123.5961992683075,1.109933589632767,False,0.001649860543071776,False,False,True,59669.31130261937,0.6241514138559492,2022-03-30,False,,78,0.01774882408154632,combined,80623741.4415349,10.757772319653668,HD124850,1-3,0.6419002379374955,0,1.5330000451285741
123.5961992683075,1.109933589632767,False,0.0003469786289548483,False,False,True,59669.31130261937,0.642692227859667,2022-03-30,False,,79,-0.0015153986457415725,combined,78175964.4994611,-4.36741205158998,HD124850,1-3,0.6411768292139254,1,1.580999992256693
123.5961992683075,1.109933589632767,False,0.0005198357156375718,False,False,True,59669.31130261937,0.6600134515786111,2022-03-30,False,,80,0.0037516295850261727,combined,75872434.15692587,7.216952341231204,HD124850,1-3,0.6637650811636373,2,1.6290000530716497
123.5961992683075,1.109933589632767,False,0.00014775020826041395,False,False,True,59669.31130261937,0.6762053885261496,2022-03-30,False,,81,-0.008050297282391816,combined,73700774.74870864,-54.48586081315661,HD124850,1-3,0.6681550912437578,3,1.6770000001997687
123.5961992683075,1.109933589632767,False,3.482285101500068e-05,False,False,True,59669.31130261937,0.6913525110879054,2022-03-30,False,,82,-0.010142385621294436,combined,71649972.77812342,-291.2566124159503,HD124850,1-3,0.681210125466611,4,1.7249999473278876
123.5961992683075,1.109933589632767,False,0.0005001079958566926,False,False,True,59669.31130261937,0.7055333092128927,2022-03-30,False,,83,-0.013306763794559195,combined,69710207.9529995,-26.60778052901255,HD124850,1-3,0.6922265454183335,5,1.7730000081428443
132.41279924224204,1.109933589632767,False,0.0030832203373021556,False,False,True,59669.31130261937,0.5802234170319538,2022-03-30,False,,84,0.019954874201302264,combined,86374948.03931102,6.472088277272766,HD124850,1-4,0.6001782912332561,0,1.5330000451285741
132.41279924224204,1.109933589632767,False,0.00412727364346434,False,False,False,59669.31130261937,0.6003001881854697,2022-03-30,False,,85,0.009918468347440035,combined,83752561.60073614,2.4031525903658517,HD124850,1-4,0.6102186565329097,1,1.580999992256693
132.41279924224204,1.109933589632767,False,0.002666536808966765,False,False,True,59669.31130261937,0.6191251246066561,2022-03-30,False,,86,0.010237200238811028,combined,81284711.43543789,3.8391370426188716,HD124850,1-4,0.6293623248454672,2,1.6290000530716497
132.41279924224204,1.109933589632767,False,0.001634701072361712,False,False,True,59669.31130261937,0.6367812358503337,2022-03-30,False,,87,0.007869524905348979,combined,78958139.07362473,4.814045233346296,HD124850,1-4,0.6446507607556827,3,1.6770000001997687
132.41279924224204,1.109933589632767,False,0.002040723296095735,False,False,True,59669.31130261937,0.6533479911733735,2022-03-30,False,,88,0.023134564139751568,combined,76761045.38284548,11.336453199712123,HD124850,1-4,0.6764825553131251,4,1.7249999473278876
132.41279924224204,1.109933589632767,False,0.005408579123303418,False,False,True,59669.31130261937,0.6689006396974444,2022-03-30,False,,89,0.030128515499177833,combined,74682909.55110589,5.570504713403569,HD124850,1-4,0.6990291551966222,5,1.7730000081428443
58.142956910156364,1.109933589632767,False,0.009814097484710151,False,False,False,59669.31130261937,0.9037790753497617,2022-03-30,False,,90,0.01675677437649392,combined,37927563.730293214,1.707418782277239,HD124850,2-3,0.9205358497262556,0,1.5330000451285741
58.142956910156364,1.109933589632767,False,0.00376783580596951,False,False,False,59669.31130261937,0.9093063218435168,2022-03-30,False,,91,0.004946551129146548,combined,36776064.00691,1.3128361701190798,HD124850,2-3,0.9142528729726633,1,1.580999992256693
58.142956910156364,1.109933589632767,False,0.007482305927228132,False,False,False,59669.31130261937,0.9143768679518761,2022-03-30,False,,92,0.005632764783656707,combined,35692421.740884386,0.7528113443155352,HD124850,2-3,0.9200096327355328,2,1.6290000530716497
58.142956910156364,1.109933589632767,False,0.003159650671347256,False,False,False,59669.31130261937,0.9190389746801224,2022-03-30,False,,93,-0.0026023525254728064,combined,34670815.08839011,-0.8236203290040222,HD124850,2-3,0.9164366221546496,3,1.6770000001997687
58.142956910156364,1.109933589632767,False,0.006430701494324677,False,False,True,59669.31130261937,0.9233348148989063,2022-03-30,False,,94,0.02351854098959938,combined,33706063.00610197,3.657227910571705,HD124850,2-3,0.9468533558885057,4,1.7249999473278876
58.142956910156364,1.109933589632767,False,0.0013052056457570523,False,False,True,59669.31130261937,0.9273013278517483,2022-03-30,False,,95,0.012775842613925947,combined,32793545.766003173,9.788375230721314,HD124850,2-3,0.9400771704656743,5,1.7730000081428443
127.41648459897348,1.109933589632767,False,0.00026155820920407025,False,False,True,59669.31130261937,0.605165408699484,2022-03-30,False,,96,0.005195987440241745,combined,83115773.54734321,19.86551084002791,HD124850,2-4,0.6103613961397257,0,1.5330000451285741
127.41648459897348,1.109933589632767,False,0.003135790763889958,False,False,False,59669.31130261937,0.6243900346287616,2022-03-30,False,,97,0.008481555904896076,combined,80592337.26946533,2.704758239154541,HD124850,2-4,0.6328715905336577,1,1.580999992256693
127.41648459897348,1.109933589632767,False,0.0029752277141173946,False,False,False,59669.31130261937,0.6423778865144987,2022-03-30,False,,98,0.004030384822174327,combined,78217606.16810073,1.3546475125417234,HD124850,2-4,0.646408271336673,2,1.6290000530716497
127.41648459897348,1.109933589632767,False,0.0007099179100825097,False,False,True,59669.31130261937,0.65921658977369,2022-03-30,False,,99,0.003573312952235952,combined,75978822.05354519,5.033417105677255,HD124850,2-4,0.662789902725926,3,1.6770000001997687
127.41648459897348,1.109933589632767,False,0.0016924126191048938,False,False,False,59669.31130261937,0.6749888611762482,2022-03-30,False,,100,0.002190208005366734,combined,73864631.00845195,1.2941335822260183,HD124850,2-4,0.677179069181615,4,1.7249999473278876
127.41648459897348,1.109933589632767,False,0.00011969092331862394,False,False,True,59669.31130261937,0.6897721379585772,2022-03-30,False,,101,0.009805269133365324,combined,71864909.20123447,81.92157651974284,HD124850,2-4,0.6995774070919425,5,1.7730000081428443
96.32688938966004,1.109933589632767,False,0.0012092615684096617,False,False,True,59669.31130261937,0.7544021036733859,2022-03-30,False,,102,-0.022375463721269973,combined,62835542.435734905,-18.5034109292803,HD124850,3-4,0.7320266399521159,0,1.5330000451285741
96.32688938966004,1.109933589632767,False,0.0008746805783104867,False,False,True,59669.31130261937,0.7675129209016716,2022-03-30,False,,103,-0.03132768793290708,combined,60927824.07428392,-35.816146728007766,HD124850,3-4,0.7361852329687645,1,1.580999992256693
96.32688938966004,1.109933589632767,False,0.005702438791145488,False,False,False,59669.31130261937,0.7796468200834659,2022-03-30,False,,104,-0.016688427532159156,combined,59132526.85782645,-2.9265421591323797,HD124850,3-4,0.7629583925513067,2,1.6290000530716497
96.32688938966004,1.109933589632767,False,0.0008923731885729896,False,False,True,59669.31130261937,0.7908932312776141,2022-03-30,False,,105,-0.012090854124765182,combined,57440005.59223931,-13.54910062246479,HD124850,3-4,0.778802377152849,3,1.6770000001997687
96.32688938966004,1.109933589632767,False,0.007072152326579906,False,False,False,59669.31130261937,0.801332412985586,2022-03-30,False,,106,-0.008212561091305859,combined,55841676.71359948,-1.1612534221639785,HD124850,3-4,0.7931198518942801,4,1.7249999473278876
96.32688938966004,1.109933589632767,False,0.005439096029358801,False,False,False,59669.31130261937,0.8110363481232004,2022-03-30,False,,107,-0.0015152322030096421,combined,54329886.603079654,-0.2785816236431237,HD124850,3-4,0.8095211159201907,5,1.7730000081428443
81.44759471374728,1.109933589632767,False,0.0025863073668992665,False,False,False,59669.32243492571,0.818618546755506,2022-03-30,False,,108,0.004472345725105242,combined,53129544.88981518,1.7292398352741631,HD124850,1-2,0.8230908924806113,0,1.5330000451285741
81.44759471374728,1.109933589632767,False,0.00625331905115533,False,False,False,59669.32243492571,0.8286300059871966,2022-03-30,False,,109,0.0014393933806636783,combined,51516505.447599865,0.2301807038612149,HD124850,1-2,0.8300693993678603,1,1.580999992256693
81.44759471374728,1.109933589632767,False,0.0030353437863142874,False,False,False,59669.32243492571,0.8378585051218502,2022-03-30,False,,110,-0.008281668529500852,combined,49998521.82949247,-2.7284120391374165,HD124850,1-2,0.8295768365923494,2,1.6290000530716497
81.44759471374728,1.109933589632767,False,0.0040398752172722,False,False,False,59669.32243492571,0.846380921090453,2022-03-30,False,,111,0.00224971151042741,combined,48567438.70247169,0.5568764848995652,HD124850,1-2,0.8486306326008805,3,1.6770000001997687
81.44759471374728,1.109933589632767,False,0.0009992686826463897,False,False,True,59669.32243492571,0.8542653498273169,2022-03-30,False,,112,0.014186111649567512,combined,47215998.3772253,14.196493791837904,HD124850,1-2,0.8684514614768845,4,1.7249999473278876
81.44759471374728,1.109933589632767,False,0.0015354579781813292,False,False,True,59669.32243492571,0.8615721646262224,2022-03-30,False,,113,0.011004362895199016,combined,45937729.46400648,7.1668277813979095,HD124850,1-2,0.8725765275214215,5,1.7730000081428443
120.77621759714884,1.109933589632767,False,0.002277969398725459,False,False,True,59669.32243492571,0.6380967192055741,2022-03-30,False,,114,0.010244405543676227,combined,78784223.11919713,4.497165567460234,HD124850,1-3,0.6483411247492503,0,1.5330000451285741
120.77621759714884,1.109933589632767,False,0.0008830137181483655,False,False,False,59669.32243492571,0.656116608630342,2022-03-30,False,,115,-0.0018840719956336738,combined,76392294.86949894,-2.133683720774436,HD124850,1-3,0.6542325366347084,1,1.580999992256693
120.77621759714884,1.109933589632767,False,0.0017737399701404112,False,False,False,59669.32243492571,0.6729326071111158,2022-03-30,False,,116,-0.004224982434396951,combined,74141322.07633306,-2.381962692120253,HD124850,1-3,0.6687076246767188,2,1.6290000530716497
120.77621759714884,1.109933589632767,False,0.0009245209891508531,False,False,True,59669.32243492571,0.6886365265322085,2022-03-30,False,,117,-0.01205457747377181,combined,72019211.43873683,-13.03872774683418,HD124850,1-3,0.6765819490584367,3,1.6770000001997687
120.77621759714884,1.109933589632767,False,0.001658029150415456,False,False,True,59669.32243492571,0.7033137376273169,2022-03-30,False,,118,-0.01698535525019962,combined,70015200.744926,-10.2443043573411,HD124850,1-3,0.6863283823771172,4,1.7249999473278876
120.77621759714884,1.109933589632767,False,0.0015498310781851567,False,False,True,59669.32243492571,0.7170431705188427,2022-03-30,False,,119,-0.022289858567243304,combined,68119693.76337326,-14.382121304048567,HD124850,1-3,0.6947533119515994,5,1.7730000081428443
132.30505247518568,1.109933589632767,False,0.001769888365828838,False,False,True,59669.32243492571,0.5807621685364431,2022-03-30,False,,120,0.017514709977588194,combined,86304663.13136287,9.895940510002767,HD124850,1-4,0.5982768785140313,0,1.5330000451285741
132.30505247518568,1.109933589632767,False,0.0018473215424158534,False,False,True,59669.32243492571,0.600821103060445,2022-03-30,False,,121,0.008304245403755073,combined,83684410.5775963,4.495289646703904,HD124850,1-4,0.6091253484642001,1,1.580999992256693
132.30505247518568,1.109933589632767,False,0.0006562556858985715,False,False,True,59669.32243492571,0.6196284364138319,2022-03-30,False,,122,0.00573734105299295,combined,81218568.54805541,8.74253919055521,HD124850,1-4,0.6253657774668249,2,1.6290000530716497
132.30505247518568,1.109933589632767,False,0.0017391641739368164,False,False,False,59669.32243492571,0.6372672910493302,2022-03-30,False,,123,0.0035078783507129785,combined,78893889.36161308,2.0169909220085045,HD124850,1-4,0.6407751694000432,3,1.6770000001997687
132.30505247518568,1.109933589632767,False,0.00039244052453807924,False,False,True,59669.32243492571,0.6538172177331305,2022-03-30,False,,124,0.01627340991527726,combined,76698583.48699251,41.4672004998256,HD124850,1-4,0.6700906276484078,4,1.7249999473278876
132.30505247518568,1.109933589632767,False,0.00414312211685441,False,False,True,59669.32243492571,0.6693535226076163,2022-03-30,False,,125,0.026881723392368828,combined,74622138.67318061,6.488276868068347,HD124850,1-4,0.6962352459999851,5,1.7730000081428443
57.862795616293376,1.109933589632767,False,0.012603776231809884,False,False,False,59669.32243492571,0.904665776420512,2022-03-30,False,,126,0.024362034260239862,combined,37744810.11932415,1.9329154859758653,HD124850,2-3,0.9290278106807519,0,1.5330000451285741
57.862795616293376,1.109933589632767,False,0.006890550467902506,False,False,False,59669.32243492571,0.9101442381234938,2022-03-30,False,,127,0.005432934522613175,combined,36598858.88658417,0.7884616110020262,HD124850,2-3,0.9155771726461069,1,1.580999992256693
57.862795616293376,1.109933589632767,False,0.009906559257520419,False,False,False,59669.32243492571,0.9151697920137756,2022-03-30,False,,128,0.006478385898366468,combined,35520438.140678406,0.6539491391472267,HD124850,2-3,0.921648177912142,2,1.6290000530716497
57.862795616293376,1.109933589632767,False,0.00412499349299182,False,False,False,59669.32243492571,0.9197903306684159,2022-03-30,False,,129,-0.00028199330894718155,combined,34503754.09028062,-0.06836212212850169,HD124850,2-3,0.9195083373594687,3,1.6770000001997687
57.862795616293376,1.109933589632767,False,0.01149432356813059,False,False,False,59669.32243492571,0.924047699806956,2022-03-30,False,,130,0.024112362160895517,combined,33543650.656874385,2.0977626058613814,HD124850,2-3,0.9481600619678515,4,1.7249999473278876
57.862795616293376,1.109933589632767,False,0.002800502779557132,False,False,True,59669.32243492571,0.9279785480195228,2022-03-30,False,,131,0.020776440704790233,combined,32635530.372559126,7.418825239686352,HD124850,2-3,0.9487549887243131,5,1.7730000081428443
127.97790760807712,1.109933589632767,False,0.0001062773072672332,False,False,True,59669.32243492571,0.6023679373738553,2022-03-30,False,,132,0.004916099579461042,combined,83481998.59142436,46.25728394773458,HD124850,2-4,0.6072840369533163,0,1.5330000451285741
127.97790760807712,1.109933589632767,False,0.0029228862887581315,False,False,False,59669.32243492571,0.6216907866812016,2022-03-30,False,,133,0.007331944117832445,combined,80947443.53882228,2.5084602661527495,HD124850,2-4,0.629022730799034,1,1.580999992256693
127.97790760807712,1.109933589632767,False,0.003737369246975,False,False,False,59669.32243492571,0.6397747442112728,2022-03-30,False,,134,0.006195385412285925,combined,78562248.88805953,1.6576861965941487,HD124850,2-4,0.6459701296235587,2,1.6290000530716497
127.97790760807712,1.109933589632767,False,0.00281786939070566,False,False,False,59669.32243492571,0.6567069797919017,2022-03-30,False,,135,0.0052867824045478296,combined,76313600.2342469,1.8761630407660224,HD124850,2-4,0.6619937621964496,3,1.6770000001997687
127.97790760807712,1.109933589632767,False,0.004487953734613279,False,False,False,59669.32243492571,0.6725698993336813,2022-03-30,False,,136,0.003676855255330902,combined,74190093.63236293,0.8192720943117591,HD124850,2-4,0.6762467545890122,4,1.7249999473278876
127.97790760807712,1.109933589632767,False,0.0018504679942627745,False,False,True,59669.32243492571,0.6874407404059149,2022-03-30,False,,137,0.009860958650065532,combined,72181560.64315505,5.3288998678381,HD124850,2-4,0.6973016990559804,5,1.7730000081428443
95.7852882121176,1.109933589632767,False,0.0009396480373927342,False,False,True,59669.32243492571,0.756846338739941,2022-03-30,False,,138,-0.023910864092938522,combined,62482247.483615704,-25.446617394407184,HD124850,3-4,0.7329354746470025,0,1.5330000451285741
95.7852882121176,1.109933589632767,False,0.0019746569534060798,False,False,True,59669.32243492571,0.769843942646953,2022-03-30,False,,139,-0.03251194630407328,combined,60585255.33285758,-16.46460477501853,HD124850,3-4,0.7373319963428797,1,1.580999992256693
95.7852882121176,1.109933589632767,False,0.0032868210345472952,False,False,True,59669.32243492571,0.7818711529020508,2022-03-30,False,,140,-0.019707588469748183,combined,58800052.23542163,-5.995942055440379,HD124850,3-4,0.7621635644323026,2,1.6290000530716497
95.7852882121176,1.109933589632767,False,0.002849460012473983,False,False,True,59669.32243492571,0.7930170662963708,2022-03-30,False,,141,-0.010226509296328956,combined,57117047.22761324,-3.5889288677716893,HD124850,3-4,0.7827905570000419,3,1.6770000001997687
95.7852882121176,1.109933589632767,False,0.0026569221644504896,False,False,False,59669.32243492571,0.8033615976012192,2022-03-30,False,,142,-0.002515426080378691,combined,55527705.006886445,-0.9467443623433872,HD124850,3-4,0.8008461715208405,4,1.7249999473278876
95.7852882121176,1.109933589632767,False,0.002202061688314169,False,False,True,59669.32243492571,0.8129763863782822,2022-03-30,False,,143,0.007969401919212693,combined,54024414.987143375,3.619063880682572,HD124850,3-4,0.8209457882974949,5,1.7730000081428443
86.40159227371736,1.0630341623150712,False,0.005193060905208775,False,False,False,59669.34038593306,0.8149252009687148,2022-03-30,False,,0,-0.0013275842156422746,combined,56361115.28390123,-0.25564580117107294,HD141004,1-2,0.8135976167530725,0,1.5330000451285741
86.40159227371736,1.0630341623150712,False,0.004962643989920961,False,False,False,59669.34038593306,0.8251215028537042,2022-03-30,False,,1,-0.0010364853813449315,combined,54649963.75514788,-0.20885749279013652,HD141004,1-2,0.8240850174723593,1,1.580999992256693
86.40159227371736,1.0630341623150712,False,0.0031679467317654933,False,False,False,59669.34038593306,0.8345224899890854,2022-03-30,False,,2,0.003982280431289342,combined,53039649.759862274,1.2570541011180518,HD141004,1-2,0.8385047704203747,2,1.6290000530716497
86.40159227371736,1.0630341623150712,False,0.0027080965673383227,False,False,False,59669.34038593306,0.8432059656670401,2022-03-30,False,,3,0.000241200181884893,combined,51521521.92213773,0.08906631498815376,HD141004,1-2,0.843447165848925,3,1.6770000001997687
86.40159227371736,1.0630341623150712,False,0.0032003261504058396,False,False,False,59669.34038593306,0.8512408933687785,2022-03-30,False,,4,0.0030604366510834646,combined,50087881.10837789,0.9562889865757478,HD141004,1-2,0.854301330019862,4,1.7249999473278876
86.40159227371736,1.0630341623150712,False,0.0019738707601202237,False,False,False,59669.34038593306,0.8586884525978749,2022-03-30,False,,5,-0.005117515757045998,combined,48731862.31071708,-2.592629598877235,HD141004,1-2,0.8535709368408289,5,1.7730000081428443
128.59528235497905,1.0630341623150712,False,0.007226362242326281,False,False,False,59669.34038593306,0.6292882402596344,2022-03-30,False,,6,-0.004125743891947087,combined,83884721.8326035,-0.5709295705911007,HD141004,1-3,0.6251624963676873,0,1.5330000451285741
128.59528235497905,1.0630341623150712,False,0.008067840269393015,False,False,False,59669.34038593306,0.6476378746787335,2022-03-30,False,,7,-0.0079352620302936,combined,81337939.9018366,-0.9835670718962574,HD141004,1-3,0.6397026126484399,1,1.580999992256693
128.59528235497905,1.0630341623150712,False,0.005051527872226073,False,False,False,59669.34038593306,0.6647735837475532,2022-03-30,False,,8,0.0011684922809708231,combined,78941238.89836542,0.23131462609467895,HD141004,1-3,0.6659420760285241,2,1.6290000530716497
128.59528235497905,1.0630341623150712,False,0.006366421616371434,False,False,False,59669.34038593306,0.6807862445683162,2022-03-30,False,,9,-0.0066084887900235145,combined,76681742.59967826,-1.038022485508908,HD141004,1-3,0.6741777557782926,3,1.6770000001997687
128.59528235497905,1.0630341623150712,False,0.005627467033372786,False,False,False,59669.34038593306,0.6957606756643339,2022-03-30,False,,10,-0.0073325513359651096,combined,74547992.04729232,-1.302993210352117,HD141004,1-3,0.6884281243283688,4,1.7249999473278876
128.59528235497905,1.0630341623150712,False,0.003962161119648448,False,False,False,59669.34038593306,0.7097755420177893,2022-03-30,False,,11,-0.007714021952848649,combined,72529769.74866353,-1.9469228332474005,HD141004,1-3,0.7020615200649406,5,1.7730000081428443
125.71310318610493,1.0630341623150712,False,0.008950691519502889,False,False,False,59669.34038593306,0.642847142458073,2022-03-30,False,,12,-0.004129805073665005,combined,82004631.10590532,-0.46139508491231856,HD141004,1-4,0.638717337384408,0,1.5330000451285741
125.71310318610493,1.0630341623150712,False,0.008704965176004956,False,False,False,59669.34038593306,0.660685033144222,2022-03-30,False,,13,-0.012857024520938176,combined,79514929.66591614,-1.4769759856568159,HD141004,1-4,0.6478280086232838,1,1.580999992256693
125.71310318610493,1.0630341623150712,False,0.004835364208955314,False,False,False,59669.34038593306,0.6773251374356017,2022-03-30,False,,14,-0.009356280654453486,combined,77171945.42078727,-1.9349691667744964,HD141004,1-4,0.6679688567811483,2,1.6290000530716497
125.71310318610493,1.0630341623150712,False,0.0073646268499992515,False,False,False,59669.34038593306,0.6928596668623475,2022-03-30,False,,15,-0.014841467995524993,combined,74963090.74008924,-2.015236928878006,HD141004,1-4,0.6780181988668225,3,1.6770000001997687
125.71310318610493,1.0630341623150712,False,0.00562995932746838,False,False,False,59669.34038593306,0.7073742011368421,2022-03-30,False,,16,0.0006321163693200349,combined,72877163.49257918,0.11227725327178842,HD141004,1-4,0.7080063175061622,4,1.7249999473278876
125.71310318610493,1.0630341623150712,False,0.006390053184667639,False,False,False,59669.34038593306,0.7209477379424051,2022-03-30,False,,17,-0.0005286563560518154,combined,70904175.18823647,-0.08273113552799201,HD141004,1-4,0.7204190815863533,5,1.7730000081428443
56.49363887105356,1.0630341623150712,False,0.004970066918447545,False,False,False,59669.34038593306,0.9169909307167428,2022-03-30,False,,18,0.009653495267711198,combined,36851687.676444516,1.9423270201614455,HD141004,2-3,0.926644425984454,0,1.5330000451285741
56.49363887105356,1.0630341623150712,False,0.0011082100254926393,False,False,False,59669.34038593306,0.9217869494252096,2022-03-30,False,,19,0.00263413666664547,combined,35732852.08585958,2.376929107345425,HD141004,2-3,0.924421086091855,1,1.580999992256693
56.49363887105356,1.0630341623150712,False,0.0010250396638727842,False,False,True,59669.34038593306,0.9261836068954188,2022-03-30,False,,20,0.004680946981845513,combined,34679949.06723846,4.566600831971764,HD141004,2-3,0.9308645538772643,2,1.6290000530716497
56.49363887105356,1.0630341623150712,False,0.0034175308747639347,False,False,True,59669.34038593306,0.9302235242309546,2022-03-30,False,,21,-0.013045089129377851,combined,33687321.922673754,-3.8171093714783013,HD141004,2-3,0.9171784351015767,3,1.6770000001997687
56.49363887105356,1.0630341623150712,False,0.003051694017325327,False,False,True,59669.34038593306,0.9339438782189307,2022-03-30,False,,22,0.011747479541991401,combined,32749936.57742719,3.849494567704904,HD141004,2-3,0.9456913577609221,4,1.7249999473278876
56.49363887105356,1.0630341623150712,False,0.0020994157991083735,False,False,False,59669.34038593306,0.9373771787139237,2022-03-30,False,,23,0.005619704270684034,combined,31863304.349461723,2.6767943125276727,HD141004,2-3,0.9429968829846077,5,1.7730000081428443
113.2738435105032,1.0630341623150712,False,0.007977105050133612,False,False,False,59669.34038593306,0.7003444444507263,2022-03-30,False,,24,-0.007971087707902558,combined,73890306.70315656,-0.9992456734375142,HD141004,2-4,0.6923733567428237,0,1.5330000451285741
113.2738435105032,1.0630341623150712,False,0.004355128271850595,False,False,False,59669.34038593306,0.7158562871975704,2022-03-30,False,,25,-0.012914680965489977,combined,71646960.19309779,-2.965396231602205,HD141004,2-4,0.7029416062320805,1,1.580999992256693
113.2738435105032,1.0630341623150712,False,0.00014397620074448132,False,False,True,59669.34038593306,0.7302650944899118,2022-03-30,False,,26,-0.01193524578103522,combined,69535813.27202141,-82.89735191871775,HD141004,2-4,0.7183298487088766,2,1.6290000530716497
113.2738435105032,1.0630341623150712,False,0.0015788103249126265,False,False,True,59669.34038593306,0.7436646856669591,2022-03-30,False,,27,-0.0186253860354344,combined,67545523.85033377,-11.797101742709438,HD141004,2-4,0.7250392996315247,3,1.6770000001997687
113.2738435105032,1.0630341623150712,False,0.001075690907465704,False,False,True,59669.34038593306,0.7561404444378885,2022-03-30,False,,28,-0.021634383349536823,combined,65665998.24305509,-20.112081639238536,HD141004,2-4,0.7345060610883517,4,1.7249999473278876
113.2738435105032,1.0630341623150712,False,0.00025605647434541744,False,False,True,59669.34038593306,0.7677698866931755,2022-03-30,False,,29,-0.012744860242666078,combined,63888236.31712986,-49.77363011518076,HD141004,2-4,0.7550250264505094,5,1.7730000081428443
88.58847346688364,1.0630341623150712,False,0.003582773061458351,False,False,True,59669.34038593306,0.8062683700633562,2022-03-30,False,,30,-0.0327652687748724,combined,57787652.22375035,-9.145225838427917,HD141004,3-4,0.7735031012884838,0,1.5330000451285741
88.58847346688364,1.0630341623150712,False,0.005675357584615301,False,False,True,59669.34038593306,0.8168953120880071,2022-03-30,False,,31,-0.026874880711383442,combined,56033190.32306504,-4.735363421722639,HD141004,3-4,0.7900204313766237,1,1.580999992256693
88.58847346688364,1.0630341623150712,False,0.003960436537800943,False,False,True,59669.34038593306,0.8266984610189477,2022-03-30,False,,32,-0.022305288673451495,combined,54382118.22021787,-5.63202779808628,HD141004,3-4,0.8043931723454962,2,1.6290000530716497
88.58847346688364,1.0630341623150712,False,0.0010944708120888514,False,False,True,59669.34038593306,0.835757708838245,2022-03-30,False,,33,-0.025612244570780596,combined,52825565.567281306,-23.401487082052345,HD141004,3-4,0.8101454642674644,3,1.6770000001997687
88.58847346688364,1.0630341623150712,False,0.002387788420592121,False,False,True,59669.34038593306,0.8441439847487285,2022-03-30,False,,34,-0.02860329500127301,combined,51355638.36051802,-11.978990581661334,HD141004,3-4,0.8155406897474555,4,1.7249999473278876
88.58847346688364,1.0630341623150712,False,0.0004959137292058561,False,False,True,59669.34038593306,0.8519203022553029,2022-03-30,False,,35,-0.024178211150304274,combined,49965297.834192894,-48.75487353218202,HD141004,3-4,0.8277420911049986,5,1.7730000081428443
84.71002868755934,1.0630341623150712,False,0.015763814482330604,False,False,False,59669.35113470409,0.821524214701567,2022-03-30,False,,36,0.003325427592313801,combined,55257681.79638549,0.21095323064358676,HD141004,1-2,0.8248496422938808,0,1.5330000451285741
84.71002868755934,1.0630341623150712,False,0.015221049816583397,False,False,False,59669.35113470409,0.8313892409700453,2022-03-30,False,,37,0.0006763151355938524,combined,53580031.057840586,0.04443288365412248,HD141004,1-2,0.8320655561056391,1,1.580999992256693
84.71002868755934,1.0630341623150712,False,0.01336390765002431,False,False,False,59669.35113470409,0.8404812131424294,2022-03-30,False,,38,0.00672810169655591,combined,52001243.66345461,0.5034531719877361,HD141004,1-2,0.8472093148389853,2,1.6290000530716497
84.71002868755934,1.0630341623150712,False,0.013634579276627597,False,False,False,59669.35113470409,0.8488762471910144,2022-03-30,False,,39,0.008098673369194898,combined,50512837.61327875,0.5939804378912995,HD141004,1-2,0.8569749205602093,3,1.6770000001997687
84.71002868755934,1.0630341623150712,False,0.014281511488847966,False,False,False,59669.35113470409,0.8566417301787539,2022-03-30,False,,40,0.013262523808494464,combined,49107264.50674939,0.9286498714684926,HD141004,1-2,0.8699042539872484,4,1.7249999473278876
84.71002868755934,1.0630341623150712,False,0.011092544129312126,False,False,False,59669.35113470409,0.8638373794863037,2022-03-30,False,,41,0.006686709429800652,combined,47777793.73858557,0.6028111632326957,HD141004,1-2,0.8705240889161043,5,1.7730000081428443
127.54897990892412,1.0630341623150712,False,0.013193108345158069,False,False,False,59669.35113470409,0.6342183150546727,2022-03-30,False,,42,0.006533522388177282,combined,83202202.31841315,0.49522237044123985,HD141004,1-3,0.64075183744285,0,1.5330000451285741
127.54897990892412,1.0630341623150712,False,0.0147501713303651,False,False,False,59669.35113470409,0.652383565428981,2022-03-30,False,,43,0.0027399826789015203,combined,80676142.0200027,0.1857593798426543,HD141004,1-3,0.6551235481078825,1,1.580999992256693
127.54897990892412,1.0630341623150712,False,0.009662494534524108,False,False,False,59669.35113470409,0.6693404777909902,2022-03-30,False,,44,0.008262237603159028,combined,78298941.53067534,0.8550832886516044,HD141004,1-3,0.6776027153941492,2,1.6290000530716497
127.54897990892412,1.0630341623150712,False,0.013305834475227091,False,False,False,59669.35113470409,0.6851804568340957,2022-03-30,False,,45,0.0013549101851646483,combined,76057829.39399531,0.10182827598578886,HD141004,1-3,0.6865353670192603,3,1.6770000001997687
127.54897990892412,1.0630341623150712,False,0.012969630393775685,False,False,False,59669.35113470409,0.699988633875074,2022-03-30,False,,46,0.001366841793447593,combined,73941439.88613099,0.10538787551752903,HD141004,1-3,0.7013554756685216,4,1.7249999473278876
127.54897990892412,1.0630341623150712,False,0.009362354149480076,False,False,False,59669.35113470409,0.713843825446078,2022-03-30,False,,47,-0.002860530367696401,combined,71939638.64812794,-0.3055353730509389,HD141004,1-3,0.7109832950783816,5,1.7730000081428443
127.58188651328099,1.0630341623150712,False,0.012306776891362938,False,False,False,59669.35113470409,0.6340633932377374,2022-03-30,False,,48,0.0068693902815284424,combined,83223667.81312168,0.5581794764110393,HD141004,1-4,0.6409327835192659,0,1.5330000451285741
127.58188651328099,1.0630341623150712,False,0.01013171892962183,False,False,False,59669.35113470409,0.652234467177706,2022-03-30,False,,49,0.0003789537490698214,combined,80696955.8116017,0.03740271040897953,HD141004,1-4,0.6526134209267758,1,1.580999992256693
127.58188651328099,1.0630341623150712,False,0.006527983419683028,False,False,False,59669.35113470409,0.6691970226293104,2022-03-30,False,,50,0.0009804076005747175,combined,78319142.02379061,0.15018536928550014,HD141004,1-4,0.6701774302298851,2,1.6290000530716497
127.58188651328099,1.0630341623150712,False,0.009814430919190813,False,False,False,59669.35113470409,0.685042448444548,2022-03-30,False,,51,0.0022446779820746166,combined,76077451.69832027,0.22871198549937802,HD141004,1-4,0.6872871264266226,3,1.6770000001997687
127.58188651328099,1.0630341623150712,False,0.006963005681087226,False,False,False,59669.35113470409,0.6998558667382824,2022-03-30,False,,52,0.01493770150437479,combined,73960516.17909427,2.1452950332854486,HD141004,1-4,0.7147935682426572,4,1.7249999473278876
127.58188651328099,1.0630341623150712,False,0.0086366800562011,False,False,False,59669.35113470409,0.7137160898132093,2022-03-30,False,,53,0.01725283486211182,combined,71958198.49257563,1.997623479142817,HD141004,1-4,0.7309689246753212,5,1.7730000081428443
57.16752533232256,1.0630341623150712,False,0.010412232498433717,False,False,False,59669.35113470409,0.9150720127893817,2022-03-30,False,,54,0.020477987563225497,combined,37291274.39622995,1.966724001438303,HD141004,2-3,0.9355500003526072,0,1.5330000451285741
57.16752533232256,1.0630341623150712,False,0.00842431195088807,False,False,False,59669.35113470409,0.9199747944516269,2022-03-30,False,,55,0.010180287282333556,combined,36159092.73391114,1.208441394583017,HD141004,2-3,0.9301550817339604,1,1.580999992256693
57.16752533232256,1.0630341623150712,False,0.011479964431083801,False,False,False,59669.35113470409,0.9244697798547524,2022-03-30,False,,56,0.015407580152950406,combined,35093630.12268,1.3421278650682897,HD141004,2-3,0.9398773600077028,2,1.6290000530716497
57.16752533232256,1.0630341623150712,False,0.007445471586983254,False,False,False,59669.35113470409,0.9286004286621936,2022-03-30,False,,57,-0.0016499435636834203,combined,34089162.38849887,-0.22160363442498102,HD141004,2-3,0.9269504850985102,3,1.6770000001997687
57.16752533232256,1.0630341623150712,False,0.008231551920241283,False,False,True,59669.35113470409,0.9324046589871352,2022-03-30,False,,58,0.028828367167225366,combined,33140595.40748274,3.5021788657296535,HD141004,2-3,0.9612330261543606,4,1.7249999473278876
57.16752533232256,1.0630341623150712,False,0.009942633702913501,False,False,False,59669.35113470409,0.9359156367443563,2022-03-30,False,,59,0.016180227609174258,combined,32243386.95418482,1.6273583129621831,HD141004,2-3,0.9520958643535306,5,1.7730000081428443
114.00422575828193,1.0630341623150712,False,0.016566833940011468,False,False,False,59669.35113470409,0.6970254348749111,2022-03-30,False,,60,0.010606864288622564,combined,74366746.51155688,0.640246913020921,HD141004,2-4,0.7076322991635337,0,1.5330000451285741
114.00422575828193,1.0630341623150712,False,0.008960169169379766,False,False,False,59669.35113470409,0.7126781489017966,2022-03-30,False,,61,0.003973317084536632,combined,72108935.05164045,0.4434421950553049,HD141004,2-4,0.7166514659863332,1,1.580999992256693
114.00422575828193,1.0630341623150712,False,0.00767317328868753,False,False,False,59669.35113470409,0.7272212285871625,2022-03-30,False,,62,0.004939006439812821,combined,69984175.5949087,0.6436719534399595,HD141004,2-4,0.7321602350269754,2,1.6290000530716497
114.00422575828193,1.0630341623150712,False,0.005798270343757268,False,False,False,59669.35113470409,0.7407485777718921,2022-03-30,False,,63,-0.003175972702955887,combined,67981052.91872478,-0.5477448471120895,HD141004,2-4,0.7375726050689362,3,1.6770000001997687
114.00422575828193,1.0630341623150712,False,0.0072595116850340665,False,False,False,59669.35113470409,0.7533457405486488,2022-03-30,False,,64,-0.0050963469894659275,combined,66089408.25469604,-0.7020233881532779,HD141004,2-4,0.7482493935591829,4,1.7249999473278876
114.00422575828193,1.0630341623150712,False,0.00709873385131964,False,False,False,59669.35113470409,0.7650904436927192,2022-03-30,False,,65,0.005995160260696242,combined,64300183.43750454,0.8445393764948314,HD141004,2-4,0.7710856039534154,5,1.7730000081428443
87.44277745098972,1.0630341623150712,False,0.009659302097889096,False,False,False,59669.35113470409,0.8108210240137144,2022-03-30,False,,66,-0.009701933055620837,combined,57040296.72331537,-1.004413461479899,HD141004,3-4,0.8011190909580935,0,1.5330000451285741
87.44277745098972,1.0630341623150712,False,0.010119248394341572,False,False,False,59669.35113470409,0.8212220512351458,2022-03-30,False,,67,-0.007771005995598879,combined,55308524.90781822,-0.7679430025597779,HD141004,3-4,0.8134510452395469,1,1.580999992256693
87.44277745098972,1.0630341623150712,False,0.006408394652898375,False,False,False,59669.35113470409,0.8308141594347112,2022-03-30,False,,68,-0.0060214316786921795,combined,53678805.771741524,-0.9396162385175232,HD141004,3-4,0.824792727756019,2,1.6290000530716497
87.44277745098972,1.0630341623150712,False,0.0044590574652812525,False,False,False,59669.35113470409,0.8396761598250961,2022-03-30,False,,69,0.0015271392515697757,combined,52142383.68549392,0.3424802805212227,HD141004,3-4,0.8412032990766659,3,1.6770000001997687
87.44277745098972,1.0630341623150712,False,0.0049407240995420236,False,False,False,59669.35113470409,0.8478779623276828,2022-03-30,False,,70,-0.0012181800879059734,combined,50691466.73682108,-0.2465590191565021,HD141004,3-4,0.8466597822397768,4,1.7249999473278876
87.44277745098972,1.0630341623150712,False,0.00904613837250839,False,False,False,59669.35113470409,0.8554816278621504,2022-03-30,False,,71,0.013882009222748848,combined,49319107.19085838,1.5345784743838191,HD141004,3-4,0.8693636370848993,5,1.7730000081428443
88.76183365077861,1.0585165656892845,False,0.0075122494197111265,False,False,False,59671.31694438221,0.8055762007925932,2022-04-01,False,,72,0.0005581206728002552,combined,57900737.79373834,0.07429474736765557,HD141004,1-2,0.8061343214653934,0,1.5330000451285741
88.76183365077861,1.0585165656892845,False,0.007030318128181709,False,False,False,59671.31694438221,0.8162373807810664,2022-04-01,False,,73,-0.0010976018965017653,combined,56142842.55882978,-0.1561240724088889,HD141004,1-2,0.8151397788845647,1,1.580999992256693
88.76183365077861,1.0585165656892845,False,0.008399655224494523,False,False,False,59671.31694438221,0.8260725263024509,2022-04-01,False,,74,0.0035441538682779994,combined,54488539.44688885,0.4219403979752372,HD141004,1-2,0.8296166801707289,2,1.6290000530716497
88.76183365077861,1.0585165656892845,False,0.00667146445036374,False,False,False,59671.31694438221,0.8351616902164579,2022-04-01,False,,75,0.013564935700797642,combined,52928940.751463965,2.033277071581796,HD141004,1-2,0.8487266259172556,3,1.6770000001997687
88.76183365077861,1.0585165656892845,False,0.0056104169798229025,False,False,False,59671.31694438221,0.8435759538725485,2022-04-01,False,,76,0.013253794834862775,combined,51456137.020917125,2.3623546846033436,HD141004,1-2,0.8568297487074112,4,1.7249999473278876
88.76183365077861,1.0585165656892845,False,0.006034047187550918,False,False,False,59671.31694438221,0.8513784732822249,2022-04-01,False,,77,0.008600001813048208,combined,50063075.715241276,1.425246032346451,HD141004,1-2,0.8599784750952731,5,1.7730000081428443
129.22107342595604,1.0585165656892845,False,0.008123493246236605,False,False,False,59671.31694438221,0.6263356187872245,2022-04-01,False,,78,0.008309811120002952,combined,84292935.1741266,1.0229356839623969,HD141004,1-3,0.6346454299072275,0,1.5330000451285741
129.22107342595604,1.0585165656892845,False,0.008913482844846842,False,False,False,59671.31694438221,0.6447947478626944,2022-04-01,False,,79,-0.0013792303676527506,combined,81733759.6830143,-0.15473529165427474,HD141004,1-3,0.6434155174950417,1,1.580999992256693
129.22107342595604,1.0585165656892845,False,0.007475163057257871,False,False,False,59671.31694438221,0.6620367599719897,2022-04-01,False,,80,0.006243919221295857,combined,79325395.467174,0.8352886985165413,HD141004,1-3,0.6682806791932856,2,1.6290000530716497
129.22107342595604,1.0585165656892845,False,0.006467376156917416,False,False,False,59671.31694438221,0.678152193027522,2022-04-01,False,,81,-0.002233251522747004,combined,77054903.6437465,-0.34531028790684287,HD141004,1-3,0.675918941504775,3,1.6770000001997687
129.22107342595604,1.0585165656892845,False,0.006993191338381232,False,False,False,59671.31694438221,0.6932256584629475,2022-04-01,False,,82,-0.0012113000313191957,combined,74910769.49082,-0.17321133838725836,HD141004,1-3,0.6920143584316283,4,1.7249999473278876
129.22107342595604,1.0585165656892845,False,0.0070996800609060854,False,False,False,59671.31694438221,0.707335713703939,2022-04-01,False,,83,-0.0018600799090066067,combined,72882725.79384284,-0.26199489174857504,HD141004,1-3,0.7054756337949324,5,1.7730000081428443
121.5394344397416,1.0585165656892845,False,0.005570234897809482,False,False,False,59671.31694438221,0.6623455360196064,2022-04-01,False,,84,0.0029236102911103234,combined,79282081.44935049,0.5248630165058291,HD141004,1-4,0.6652691463107168,0,1.5330000451285741
121.5394344397416,1.0585165656892845,False,0.0052991249663941285,False,False,False,59671.31694438221,0.679422360923773,2022-04-01,False,,85,0.010135046356212096,combined,76875037.97280747,1.9125886670886807,HD141004,1-4,0.689557407279985,1,1.580999992256693
121.5394344397416,1.0585165656892845,False,0.005114425558218634,False,False,False,59671.31694438221,0.6953288182201542,2022-04-01,False,,86,0.0026073444323451156,combined,74609840.68758395,0.5098020105415826,HD141004,1-4,0.6979361626524994,2,1.6290000530716497
121.5394344397416,1.0585165656892845,False,0.0035160502213348764,False,False,True,59671.31694438221,0.7101583974277179,2022-04-01,False,,87,0.014329592355682208,combined,72474319.871952,4.075479999896573,HD141004,1-4,0.7244879897834001,3,1.6770000001997687
121.5394344397416,1.0585165656892845,False,0.0033132950722002783,False,False,True,59671.31694438221,0.7239972294634605,2022-04-01,False,,88,0.016842589164169364,combined,70457645.30486643,5.083335108147978,HD141004,1-4,0.7408398186276298,4,1.7249999473278876
121.5394344397416,1.0585165656892845,False,0.0036124943938765862,False,False,True,59671.31694438221,0.7369243301128309,2022-04-01,False,,89,0.015655712735518024,combined,68550160.11367643,4.333768036306292,HD141004,1-4,0.7525800428483489,5,1.7730000081428443
54.83458874948014,1.0585165656892845,False,0.004507306891899909,False,False,True,59671.31694438221,0.9216320247537305,2022-04-01,False,,90,0.018071201072527132,combined,35769463.23239091,4.009312324617373,HD141004,2-3,0.9397032258262576,0,1.5330000451285741
54.83458874948014,1.0585165656892845,False,0.004541768383602679,False,False,False,59671.31694438221,0.9261690349016906,2022-04-01,False,,91,0.008538408071776415,combined,34683484.514892474,1.8799743515329752,HD141004,2-3,0.934707442973467,1,1.580999992256693
54.83458874948014,1.0585165656892845,False,0.004330807173962336,False,False,False,59671.31694438221,0.9303272368978927,2022-04-01,False,,92,0.0027825312493707788,combined,33661502.12584941,0.6424971460516422,HD141004,2-3,0.9331097681472634,2,1.6290000530716497
54.83458874948014,1.0585165656892845,False,0.004832448379267226,False,False,False,59671.31694438221,0.9341471960220172,2022-04-01,False,,93,-0.005918219952761317,combined,32698025.48774484,-1.2246835327103345,HD141004,2-3,0.9282289760692559,3,1.6770000001997687
54.83458874948014,1.0585165656892845,False,0.0045500165959324705,False,False,True,59671.31694438221,0.9376642737357929,2022-04-01,False,,94,0.019208882969919516,combined,31788168.361640647,4.221717122326867,HD141004,2-3,0.9568731567057124,4,1.7249999473278876
54.83458874948014,1.0585165656892845,False,0.004109390631766461,False,False,False,59671.31694438221,0.9409093750207896,2022-04-01,False,,95,-0.0025361118035214236,combined,30927573.884738702,-0.6171503346303322,HD141004,2-3,0.9383732632172682,5,1.7730000081428443
112.2292676836363,1.0585165656892845,False,0.004736590620031505,False,False,False,59671.31694438221,0.7050766228364392,2022-04-01,False,,96,-0.0025282580922290077,combined,73208913.48977326,-0.5337717136745483,HD141004,2-4,0.7025483647442102,0,1.5330000451285741
112.2292676836363,1.0585165656892845,False,0.002776694218723638,False,False,False,59671.31694438221,0.7203862637159003,2022-04-01,False,,97,0.0003213627185825185,combined,70986254.41701749,0.11573572502709327,HD141004,2-4,0.7207076264344828,1,1.580999992256693
112.2292676836363,1.0585165656892845,False,0.009129598782649594,False,False,False,59671.31694438221,0.734602511660553,2022-04-01,False,,98,0.0018392354314142878,combined,68894575.83013351,0.20145851698430328,HD141004,2-4,0.7364417470919673,2,1.6290000530716497
112.2292676836363,1.0585165656892845,False,0.008058946760800814,False,False,False,59671.31694438221,0.7478190281687574,2022-04-01,False,,99,-0.004748186849632852,combined,66922640.2327175,-0.589182059463193,HD141004,2-4,0.7430708413191246,3,1.6770000001997687
112.2292676836363,1.0585165656892845,False,0.009391192544936913,False,False,False,59671.31694438221,0.7601209370137904,2022-04-01,False,,100,-0.007008454547249299,combined,65060447.02058404,-0.7462795074974559,HD141004,2-4,0.7531124824665411,4,1.7249999473278876
112.2292676836363,1.0585165656892845,False,0.0054997012754556054,False,False,False,59671.31694438221,0.7715854272290836,2022-04-01,False,,101,5.885086586832067e-05,combined,63299079.05707938,0.010700738625743878,HD141004,2-4,0.771644278094952,5,1.7730000081428443
90.80590520709085,1.0585165656892845,False,0.003313855054096102,False,False,True,59671.31694438221,0.7973510130831976,2022-04-01,False,,102,-0.021936597806288316,combined,59234117.76512692,-6.619661224824396,HD141004,3-4,0.7754144152769092,0,1.5330000451285741
90.80590520709085,1.0585165656892845,False,0.002998973201179945,False,False,True,59671.31694438221,0.8084168268958244,2022-04-01,False,,103,-0.01814201661315884,combined,57435740.45024251,-6.049409379857369,HD141004,3-4,0.7902748102826656,1,1.580999992256693
90.80590520709085,1.0585165656892845,False,0.004314177915022387,False,False,True,59671.31694438221,0.8186303779123782,2022-04-01,False,,104,-0.017658905677771508,combined,55743340.85248605,-4.093226108334912,HD141004,3-4,0.8009714722346067,2,1.6290000530716497
90.80590520709085,1.0585165656892845,False,0.004127261330202853,False,False,False,59671.31694438221,0.828073561148589,2022-04-01,False,,105,-0.00746818831599716,combined,54147826.59288838,-1.809477936700001,HD141004,3-4,0.8206053728325918,3,1.6770000001997687
90.80590520709085,1.0585165656892845,False,0.005237704460802242,False,False,False,59671.31694438221,0.836819208809488,2022-04-01,False,,106,-0.011751391652077059,combined,52641106.075251654,-2.243614877475759,HD141004,3-4,0.825067817157411,4,1.7249999473278876
90.80590520709085,1.0585165656892845,False,0.0036541207310004137,False,False,True,59671.31694438221,0.8449321233064597,2022-04-01,False,,107,-0.014856777313744352,combined,51215964.34858839,-4.065759838667648,HD141004,3-4,0.8300753459927154,5,1.7730000081428443
86.1911961824286,1.0585165656892845,False,0.005683204057925115,False,False,False,59671.33679819344,0.8157506572867173,2022-04-01,False,,108,-0.012210537266916566,combined,56223870.60999706,-2.1485305018899004,HD141004,1-2,0.8035401200198007,0,1.5330000451285741
86.1911961824286,1.0585165656892845,False,0.005470686867080467,False,False,False,59671.33679819344,0.8259056621527758,2022-04-01,False,,109,-0.012960640523567712,combined,54516885.89789347,-2.369106629289568,HD141004,1-2,0.8129450216292081,1,1.580999992256693
86.1911961824286,1.0585165656892845,False,0.005835948074068793,False,False,False,59671.33679819344,0.8352681107569679,2022-04-01,False,,110,-0.0011658817005311128,combined,52910493.170277126,-0.19977588657985884,HD141004,1-2,0.8341022290564368,2,1.6290000530716497
86.1911961824286,1.0585165656892845,False,0.00528804638540722,False,False,False,59671.33679819344,0.8439155998267349,2022-04-01,False,,111,0.004418949380682657,combined,51396062.118164144,0.8356487554415362,HD141004,1-2,0.8483345492074176,3,1.6770000001997687
86.1911961824286,1.0585165656892845,False,0.005689305935874387,False,False,False,59671.33679819344,0.8519168993375142,2022-04-01,False,,112,0.009174633366199392,combined,49965912.356080435,1.6126103024883907,HD141004,1-2,0.8610915327037136,4,1.7249999473278876
86.1911961824286,1.0585165656892845,False,0.004426785113513064,False,False,False,59671.33679819344,0.8593330089263814,2022-04-01,False,,113,0.00649298149028521,combined,48613195.59310711,1.4667487406300659,HD141004,1-2,0.8658259904166666,5,1.7730000081428443
128.48371203555453,1.0585165656892845,False,0.007661987149079881,False,False,False,59671.33679819344,0.6298143496870195,2022-04-01,False,,114,0.0002970933529247155,combined,83811942.7614097,0.0387749740562268,HD141004,1-3,0.6301114430399443,0,1.5330000451285741
128.48371203555453,1.0585165656892845,False,0.00760197423912029,False,False,False,59671.33679819344,0.6481444003691348,2022-04-01,False,,115,-0.007761628728303771,combined,81267370.4394894,-1.0210017140497383,HD141004,1-3,0.640382771640831,1,1.580999992256693
128.48371203555453,1.0585165656892845,False,0.005822205117987968,False,False,False,59671.33679819344,0.6652611065761849,2022-04-01,False,,116,-0.0022206838300000697,combined,78872748.83342396,-0.38141628214697654,HD141004,1-3,0.6630404227461848,2,1.6290000530716497
128.48371203555453,1.0585165656892845,False,0.006241373151029935,False,False,False,59671.33679819344,0.6812554040224874,2022-04-01,False,,117,-0.008628289492184527,combined,76615212.89221777,-1.3824344873148162,HD141004,1-3,0.6726271145303029,3,1.6770000001997687
128.48371203555453,1.0585165656892845,False,0.005816797582774871,False,False,False,59671.33679819344,0.6962121465767084,2022-04-01,False,,118,-0.008820128335258581,combined,74483313.5992742,-1.5163203136683652,HD141004,1-3,0.6873920182414498,4,1.7249999473278876
128.48371203555453,1.0585165656892845,False,0.006931373045541395,False,False,False,59671.33679819344,0.7102100170639984,2022-04-01,False,,119,-0.008874557398843685,combined,72466842.32682928,-1.280346237395525,HD141004,1-3,0.7013354596651548,5,1.7730000081428443
125.98057543030633,1.0585165656892845,False,0.0050466635181343235,False,False,False,59671.33679819344,0.6415918060443244,2022-04-01,False,,120,0.007528197059928465,combined,82179107.45054168,1.4917176532331065,HD141004,1-4,0.6491200031042529,0,1.5330000451285741
125.98057543030633,1.0585165656892845,False,0.0031892501464265517,False,False,False,59671.33679819344,0.6594776861646897,2022-04-01,False,,121,0.0018634954850044183,combined,79684108.82183735,0.5843052126508179,HD141004,1-4,0.6613411816496941,1,1.580999992256693
125.98057543030633,1.0585165656892845,False,0.004980484893217681,False,False,False,59671.33679819344,0.6761641840013554,2022-04-01,False,,122,0.0007819458502920096,combined,77336139.54938601,0.15700195203018225,HD141004,1-4,0.6769461298516474,2,1.6290000530716497
125.98057543030633,1.0585165656892845,False,0.0031623336662332077,False,False,False,59671.33679819344,0.6917434029197665,2022-04-01,False,,123,0.004577137676735843,combined,75122585.22081049,1.4473923879727306,HD141004,1-4,0.6963205405965024,3,1.6770000001997687
125.98057543030633,1.0585165656892845,False,0.0023227017949561317,False,False,True,59671.33679819344,0.7063008652219728,2022-04-01,False,,124,0.012390588270471903,combined,73032219.87076384,5.334558356728666,HD141004,1-4,0.7186914534924447,4,1.7249999473278876
125.98057543030633,1.0585165656892845,False,0.0033989155561283237,False,False,True,59671.33679819344,0.719915548871759,2022-04-01,False,,125,0.019615736912435566,combined,71055033.75731318,5.771175125862699,HD141004,1-4,0.7395312857841946,5,1.7730000081428443
56.59346267717257,1.0585165656892845,False,0.005566430735120994,False,False,True,59671.33679819344,0.9167079028917572,2022-04-01,False,,126,0.020430983397811242,combined,36916804.31257001,3.6703921004358184,HD141004,2-3,0.9371388862895684,0,1.5330000451285741
56.59346267717257,1.0585165656892845,False,0.003407071771831073,False,False,False,59671.33679819344,0.9215196805014362,2022-04-01,False,,127,0.0007841172156854981,combined,35795991.74848319,0.2301440263655167,HD141004,2-3,0.9223037977171217,1,1.580999992256693
56.59346267717257,1.0585165656892845,False,0.0033903222509821885,False,False,False,59671.33679819344,0.925930850445501,2022-04-01,False,,128,-0.00041045225109748174,combined,34741228.258685246,-0.12106585177222379,HD141004,2-3,0.9255203981944036,2,1.6290000530716497
56.59346267717257,1.0585165656892845,False,0.00046466633872611636,False,False,True,59671.33679819344,0.9299841579308797,2022-04-01,False,,129,-0.011611119629527211,combined,33746847.14992904,-24.988079965850588,HD141004,2-3,0.9183730383013525,3,1.6770000001997687
56.59346267717257,1.0585165656892845,False,0.004040196174582937,False,False,True,59671.33679819344,0.9337168894256678,2022-04-01,False,,130,0.01457937734289172,combined,32807805.452306658,3.608581542305115,HD141004,2-3,0.9482962667685595,4,1.7249999473278876
56.59346267717257,1.0585165656892845,False,0.0034311995471802887,False,False,False,59671.33679819344,0.9371616518249609,2022-04-01,False,,131,0.0005990172807444072,combined,31919606.55231595,0.17457955228417746,HD141004,2-3,0.9377606691057053,5,1.7730000081428443
113.36550887371064,1.0585165656892845,False,0.0039054529420540357,False,False,False,59671.33679819344,0.6999283527397527,2022-04-01,False,,132,0.0070452440242319,combined,73950101.45887019,1.8039505606042514,HD141004,2-4,0.7069735967639846,0,1.5330000451285741
113.36550887371064,1.0585165656892845,False,0.004623440144559415,False,False,False,59671.33679819344,0.7154578989196433,2022-04-01,False,,133,0.010942857719817067,combined,71704939.5502492,2.366821539302063,HD141004,2-4,0.7264007566394604,1,1.580999992256693
113.36550887371064,1.0585165656892845,False,0.008497537019159581,False,False,False,59671.33679819344,0.7298835749367184,2022-04-01,False,,134,0.015482699171457948,combined,69592084.21138363,1.822021973725889,HD141004,2-4,0.7453662741081764,2,1.6290000530716497
113.36550887371064,1.0585165656892845,False,0.006622141895638335,False,False,False,59671.33679819344,0.7432992119088521,2022-04-01,False,,135,0.011795694203149742,combined,67600184.17424344,1.7812505967168961,HD141004,2-4,0.7550949061120018,3,1.6770000001997687
113.36550887371064,1.0585165656892845,False,0.007959698405221012,False,False,False,59671.33679819344,0.7557902146439157,2022-04-01,False,,136,0.005853255246287881,combined,65719137.5856675,0.7353614356102424,HD141004,2-4,0.7616434698902036,4,1.7249999473278876
113.36550887371064,1.0585165656892845,False,0.004960592231814161,False,False,False,59671.33679819344,0.7674341263012358,2022-04-01,False,,137,0.013177027545277387,combined,63939937.02936136,2.656341607916915,HD141004,2-4,0.7806111538465131,5,1.7730000081428443
88.4316618922847,1.0585165656892845,False,0.006033928795242299,False,False,True,59671.33679819344,0.8068937261554976,2022-04-01,False,,138,-0.020852052775764518,combined,57685361.57144591,-3.455800272652568,HD141004,3-4,0.7860416733797331,0,1.5330000451285741
88.4316618922847,1.0585165656892845,False,0.004293983451290299,False,False,True,59671.33679819344,0.8174897102555058,2022-04-01,False,,139,-0.020721553904573753,combined,55934005.26590694,-4.825718156493392,HD141004,3-4,0.796768156350932,1,1.580999992256693
88.4316618922847,1.0585165656892845,False,0.0034900764130708145,False,False,True,59671.33679819344,0.8272639308326335,2022-04-01,False,,140,-0.0232124442596211,combined,54285855.74662048,-6.6509845379566235,HD141004,3-4,0.8040514865730124,2,1.6290000530716497
88.4316618922847,1.0585165656892845,False,0.002262204562185904,False,False,True,59671.33679819344,0.8362961337395834,2022-04-01,False,,141,-0.01625950593929093,combined,52732058.36717381,-7.1874605025019624,HD141004,3-4,0.8200366278002925,3,1.6770000001997687
88.4316618922847,1.0585165656892845,False,0.0025365214859946446,False,False,True,59671.33679819344,0.8446571100781041,2022-04-01,False,,142,-0.02146321957749342,combined,51264733.097105205,-8.461674657992129,HD141004,3-4,0.8231938905006106,4,1.7249999473278876
88.4316618922847,1.0585165656892845,False,0.0014713237980073842,False,False,True,59671.33679819344,0.8524097440750296,2022-04-01,False,,143,-0.016868603880101696,combined,49876853.630087554,-11.464916086416103,HD141004,3-4,0.8355411401949279,5,1.7730000081428443
77.65245381206213,1.061044287817877,False,0.011479959848176968,False,False,False,59672.37159456154,0.8024102431941227,2022-04-02,False,,0,0.006362572593435534,combined,50653914.88983899,0.554233000601123,HD142860,1-2,0.8087728157875582,0,1.5330000451285741
77.65245381206213,1.061044287817877,False,0.011133209491721162,False,False,False,59672.37159456154,0.8132279538078854,2022-04-02,False,,1,0.007311603624155949,combined,49116036.807326175,0.6567381696709271,HD142860,1-2,0.8205395574320413,1,1.580999992256693
77.65245381206213,1.061044287817877,False,0.008524256473862365,False,False,False,59672.37159456154,0.8232093913876869,2022-04-02,False,,2,0.015432865083715663,combined,47668785.31749605,1.810464658241681,HD142860,1-2,0.8386422564714026,2,1.6290000530716497
77.65245381206213,1.061044287817877,False,0.005185723054551061,False,False,False,59672.37159456154,0.8324353423198793,2022-04-02,False,,3,0.013930198737027721,combined,46304385.09410374,2.686259676903183,HD142860,1-2,0.846365541056907,3,1.6770000001997687
77.65245381206213,1.061044287817877,False,0.005801510518836517,False,False,True,59672.37159456154,0.8409775819675317,2022-04-02,False,,4,0.01765736070522106,combined,45015916.627910465,3.0435798828409624,HD142860,1-2,0.8586349426727528,4,1.7249999473278876
77.65245381206213,1.061044287817877,False,0.003394128590756599,False,False,False,59672.37159456154,0.8488999166032982,2022-04-02,False,,5,0.004042619012570303,combined,43797210.07074352,1.1910624198446018,HD142860,1-2,0.8529425356158685,5,1.7730000081428443
123.51016869956511,1.061044287817877,False,0.011666712229501068,False,False,False,59672.37159456154,0.5635109958344746,2022-04-02,False,,6,0.014859020412479107,combined,80567622.35072616,1.2736253470712853,HD142860,1-3,0.5783700162469537,0,1.5330000451285741
123.51016869956511,1.061044287817877,False,0.01000266469872751,False,False,False,59672.37159456154,0.5841282293284739,2022-04-02,False,,7,0.007238041833811937,combined,78121549.2121975,0.7236113627534396,HD142860,1-3,0.5913662711622858,1,1.580999992256693
123.51016869956511,1.061044287817877,False,0.009715303305268215,False,False,False,59672.37159456154,0.6034884289548648,2022-04-02,False,,8,0.010769400109847171,combined,75819622.26868795,1.1084985997305263,HD142860,1-3,0.6142578290647119,2,1.6290000530716497
123.51016869956511,1.061044287817877,False,0.0077455072350592034,False,False,False,59672.37159456154,0.6216708125242979,2022-04-02,False,,9,-0.0030325743965166074,combined,73649474.4692023,-0.39152689481587294,HD142860,1-3,0.6186382381277813,3,1.6770000001997687
123.51016869956511,1.061044287817877,False,0.009156581646967256,False,False,False,59672.37159456154,0.6387520703498951,2022-04-02,False,,10,-0.00354811169809921,combined,71600099.98312674,-0.3874930443365158,HD142860,1-3,0.6352039586517959,4,1.7249999473278876
123.51016869956511,1.061044287817877,False,0.007900644568867663,False,False,False,59672.37159456154,0.6548054668352634,2022-04-02,False,,11,-0.0026279430926603453,combined,69661685.35381886,-0.33262388527332365,HD142860,1-3,0.6521775237426031,5,1.7730000081428443
128.25647559039626,1.061044287817877,False,0.011126625875601674,False,False,False,59672.37159456154,0.5374123019417248,2022-04-02,False,,12,-0.005902196402166049,combined,83663712.86025584,-0.530456983829061,HD142860,1-4,0.5315101055395588,0,1.5330000451285741
128.25647559039626,1.061044287817877,False,0.011660143115231093,False,False,False,59672.37159456154,0.5588222429930271,2022-04-02,False,,13,-0.017418088720902225,combined,81123640.87195541,-1.4938143167513784,HD142860,1-4,0.5414041542721248,1,1.580999992256693
128.25647559039626,1.061044287817877,False,0.011177075915192727,False,False,False,59672.37159456154,0.5789751113575081,2022-04-02,False,,14,-0.004643907275483139,combined,78733254.39649636,-0.4154849900563697,HD142860,1-4,0.574331204082025,2,1.6290000530716497
128.25647559039626,1.061044287817877,False,0.00937381912829574,False,False,False,59672.37159456154,0.5979430801654194,2022-04-02,False,,15,-0.00913987586064302,combined,76479711.13602744,-0.9750429078638246,HD142860,1-4,0.5888032043047764,3,1.6770000001997687
128.25647559039626,1.061044287817877,False,0.00826560816239537,False,False,False,59672.37159456154,0.6157975235804509,2022-04-02,False,,16,0.004936990411818609,combined,74351582.32269633,0.5972930623882697,HD142860,1-4,0.6207345139922695,4,1.7249999473278876
128.25647559039626,1.061044287817877,False,0.008226713936565551,False,False,False,59672.37159456154,0.6326077613747239,2022-04-02,False,,17,0.002074454444419338,combined,72338677.38373022,0.25216076071381804,HD142860,1-4,0.6346822158191432,5,1.7730000081428443
57.61124180959921,1.061044287817877,False,0.00045233512409867654,False,False,True,59672.37159456154,0.8867586533184377,2022-04-02,False,,18,0.04976406175639092,combined,37580717.62141879,110.0159132137944,HD142860,2-3,0.9365227150748286,0,1.5330000451285741
57.61124180959921,1.061044287817877,False,0.005277882809413361,False,False,True,59672.37159456154,0.8932142142371613,2022-04-02,False,,19,0.021182843725406686,combined,36439748.3186359,4.013511570894687,HD142860,2-3,0.914397057962568,1,1.580999992256693
57.61124180959921,1.061044287817877,False,0.004504237032321412,False,False,True,59672.37159456154,0.8991418238441754,2022-04-02,False,,20,0.03578751725521523,combined,35366015.919377774,7.9453006132696595,HD142860,2-3,0.9349293410993906,2,1.6290000530716497
57.61124180959921,1.061044287817877,False,0.003085180063343034,False,False,False,59672.37159456154,0.9045965360858352,2022-04-02,False,,21,0.008830356004936868,combined,34353751.82035564,2.862184969316989,HD142860,2-3,0.9134268920907721,3,1.6770000001997687
57.61124180959921,1.061044287817877,False,0.003183679081391619,False,False,True,59672.37159456154,0.9096265776033778,2022-04-02,False,,22,0.029742962192656708,combined,33397822.358685832,9.342324220585622,HD142860,2-3,0.9393695397960345,4,1.7249999473278876
57.61124180959921,1.061044287817877,False,0.0062547897974942175,False,False,True,59672.37159456154,0.9142742831417362,2022-04-02,False,,23,0.028856432431102808,combined,32493650.053586278,4.613493556995827,HD142860,2-3,0.943130715572839,5,1.7730000081428443
105.92957302993744,1.061044287817877,False,0.013468593519960045,False,False,False,59672.37159456154,0.6594392518511841,2022-04-02,False,,24,0.020160519949585565,combined,69099523.75184244,1.496854138459839,HD142860,2-4,0.6795997718007697,0,1.5330000451285741
105.92957302993744,1.061044287817877,False,0.010460080714895542,False,False,False,59672.37159456154,0.6766322895783801,2022-04-02,False,,25,0.01201894177539442,combined,67001627.79807186,1.149029544129521,HD142860,2-4,0.6886512313537745,1,1.580999992256693
105.92957302993744,1.061044287817877,False,0.011869512873499253,False,False,False,59672.37159456154,0.6926504055559686,2022-04-02,False,,26,0.009896214574080964,combined,65027360.08522294,0.8337506921767599,HD142860,2-4,0.7025466201300495,2,1.6290000530716497
105.92957302993744,1.061044287817877,False,0.00919396213004277,False,False,False,59672.37159456154,0.7075869705796288,2022-04-02,False,,27,0.003622641819055805,combined,63166113.90418535,0.39402400921559516,HD142860,2-4,0.7112096123986846,3,1.6770000001997687
105.92957302993744,1.061044287817877,False,0.008545727265651492,False,False,False,59672.37159456154,0.7215280941118184,2022-04-02,False,,28,-0.011797887206112745,combined,61408450.00837694,-1.3805597627170847,HD142860,2-4,0.7097302069057057,4,1.7249999473278876
105.92957302993744,1.061044287817877,False,0.008300071485081797,False,False,False,59672.37159456154,0.734552840558979,2022-04-02,False,,29,0.004426185710099784,combined,59745951.801148035,0.5332707938787306,HD142860,2-4,0.7389790262690787,5,1.7730000081428443
75.99037985257159,1.061044287817877,False,0.0029578929490371507,False,False,False,59672.37159456154,0.8100588852655096,2022-04-02,False,,30,-0.00803156358203716,combined,49569717.948832944,-2.715298937593933,HD142860,3-4,0.8020273216834725,0,1.5330000451285741
75.99037985257159,1.061044287817877,False,0.00489844498635183,False,False,False,59672.37159456154,0.8204980921125192,2022-04-02,False,,31,-0.009577167418389099,combined,48064756.62539643,-1.9551444274812195,HD142860,3-4,0.8109209246941301,1,1.580999992256693
75.99037985257159,1.061044287817877,False,0.004858150290489302,False,False,False,59672.37159456154,0.8301258239071511,2022-04-02,False,,32,-0.0039746688024383525,combined,46648482.1220747,-0.8181444716149431,HD142860,3-4,0.8261511551047127,2,1.6290000530716497
75.99037985257159,1.061044287817877,False,0.0037557749386299766,False,False,False,59672.37159456154,0.839021084130304,2022-04-02,False,,33,-0.0032086454317388213,combined,45313285.53578975,-0.8543231381455632,HD142860,3-4,0.8358124386985651,3,1.6770000001997687
75.99037985257159,1.061044287817877,False,0.004111976170990634,False,False,False,59672.37159456154,0.847253962641295,2022-04-02,False,,34,-0.007604536154215857,combined,44052395.462553225,-1.8493628946258742,HD142860,3-4,0.8396494264870792,4,1.7249999473278876
75.99037985257159,1.061044287817877,False,0.0016479695796593695,False,False,True,59672.37159456154,0.8548866874821669,2022-04-02,False,,35,-0.010103567397619861,combined,42859774.113689296,-6.130918630007867,HD142860,3-4,0.844783120084547,5,1.7730000081428443
75.10650112451006,1.061044287817877,False,0.008567368400709797,False,False,False,59672.380875133305,0.8140830943894427,2022-04-02,False,,36,-0.025046522396581228,combined,48993149.97620291,-2.9234790924254113,HD142860,1-2,0.7890365719928615,0,1.5330000451285741
75.10650112451006,1.061044287817877,False,0.008286994231464525,False,False,False,59672.380875133305,0.8243217461012524,2022-04-02,False,,37,-0.02281727072625306,combined,47505693.54355549,-2.753383203721702,HD142860,1-2,0.8015044753749994,1,1.580999992256693
75.10650112451006,1.061044287817877,False,0.006747129108322782,False,False,False,59672.380875133305,0.8337622285834672,2022-04-02,False,,38,-0.006633194482807414,combined,46105892.37421381,-0.9831136141481528,HD142860,1-2,0.8271290341006597,2,1.6290000530716497
75.10650112451006,1.061044287817877,False,0.004919277410999478,False,False,False,59672.380875133305,0.842482562803769,2022-04-02,False,,39,-0.00437230304530134,combined,44786226.06771805,-0.8888100182203373,HD142860,1-2,0.8381102597584676,3,1.6770000001997687
75.10650112451006,1.061044287817877,False,0.005194458106666331,False,False,False,59672.380875133305,0.8505519153464886,2022-04-02,False,,40,-0.0010529743724995155,combined,43540001.9813646,-0.2027111107409214,HD142860,1-2,0.849498940973989,4,1.7249999473278876
75.10650112451006,1.061044287817877,False,0.003064470602879666,False,False,True,59672.380875133305,0.8580316538918431,2022-04-02,False,,41,-0.010429143576624722,combined,42361252.55474844,-3.4032447780130486,HD142860,1-2,0.8476025103152184,5,1.7730000081428443
121.22379356190541,1.061044287817877,False,0.012865713361873914,False,False,False,59672.380875133305,0.576085171557106,2022-04-02,False,,42,0.028585423982434133,combined,79076183.94866927,2.221829694041203,HD142860,1-3,0.6046705955395402,0,1.5330000451285741
121.22379356190541,1.061044287817877,False,0.011771399317541453,False,False,False,59672.380875133305,0.5962980984664851,2022-04-02,False,,43,0.014329427454150112,combined,76675391.62278716,1.2173087555356947,HD142860,1-3,0.6106275259206352,1,1.580999992256693
121.22379356190541,1.061044287817877,False,0.010302025970039508,False,False,False,59672.380875133305,0.6152575325815292,2022-04-02,False,,44,0.010136905684364872,combined,74416077.11020346,0.9839720569376508,HD142860,1-3,0.625394438265894,2,1.6290000530716497
121.22379356190541,1.061044287817877,False,0.009672266785547645,False,False,False,59672.380875133305,0.6330455969279895,2022-04-02,False,,45,-0.005284101231758709,combined,72286102.29425457,-0.5463146694479357,HD142860,1-3,0.6277614956962307,3,1.6770000001997687
121.22379356190541,1.061044287817877,False,0.010115696583503834,False,False,False,59672.380875133305,0.6497411179700614,2022-04-02,False,,46,-0.0033183726562344695,combined,70274665.08024375,-0.328041932539367,HD142860,1-3,0.6464227453138269,4,1.7249999473278876
121.22379356190541,1.061044287817877,False,0.009006540373962684,False,False,False,59672.380875133305,0.6654188924611134,2022-04-02,False,,47,-0.005427659297149834,combined,68372133.67465413,-0.6026353152028098,HD142860,1-3,0.6599912331639636,5,1.7730000081428443
129.57845570179236,1.061044287817877,False,0.010168523989694634,False,False,False,59672.380875133305,0.5301526775554882,2022-04-02,False,,48,-0.012958905749591798,combined,84526061.2441303,-1.2744136477157448,HD142860,1-4,0.5171937718058964,0,1.5330000451285741
129.57845570179236,1.061044287817877,False,0.010392740295086567,False,False,False,59672.380875133305,0.5517716056398839,2022-04-02,False,,49,-0.016481236355756934,combined,81959807.9294322,-1.5858412591671187,HD142860,1-4,0.535290369284127,1,1.580999992256693
129.57845570179236,1.061044287817877,False,0.010441884879261811,False,False,False,59672.380875133305,0.5721352393560106,2022-04-02,False,,50,-0.002399781814812485,combined,79544782.98356016,-0.22982266540580149,HD142860,1-4,0.5697354575411981,2,1.6290000530716497
129.57845570179236,1.061044287817877,False,0.008708716060947488,False,False,False,59672.380875133305,0.5913135488674341,2022-04-02,False,,51,-0.005677855544145904,combined,77268011.73903199,-0.6519738965433863,HD142860,1-4,0.5856356933232882,3,1.6770000001997687
129.57845570179236,1.061044287817877,False,0.007625935824604284,False,False,False,59672.380875133305,0.6093762167392601,2022-04-02,False,,52,0.010243421073323433,combined,75117947.6280657,1.3432346283683778,HD142860,1-4,0.6196196378125836,4,1.7249999473278876
129.57845570179236,1.061044287817877,False,0.007861117005148516,False,False,False,59672.380875133305,0.6263912803116644,2022-04-02,False,,53,0.006948748520204218,combined,73084295.04042771,0.8839390783336825,HD142860,1-4,0.6333400288318686,5,1.7730000081428443
57.948118157631384,1.061044287817877,False,0.002844862648401392,False,False,False,59672.380875133305,0.8854970451365493,2022-04-02,False,,54,0.008414206813066594,combined,37800467.35273985,2.957684729628255,HD142860,2-3,0.8939112519496158,0,1.5330000451285741
57.948118157631384,1.061044287817877,False,0.002638389142412115,False,False,False,59672.380875133305,0.8920207961084944,2022-04-02,False,,55,-0.0011887446049178019,combined,36652826.338675186,-0.45055696516057014,HD142860,2-3,0.8908320515035766,1,1.580999992256693
57.948118157631384,1.061044287817877,False,0.0015254268594367159,False,False,True,59672.380875133305,0.8980114322512269,2022-04-02,False,,56,0.008741765888940711,combined,35572815.38963989,5.730701432757467,HD142860,2-3,0.9067531981401676,2,1.6290000530716497
57.948118157631384,1.061044287817877,False,0.0018793071424534685,False,False,True,59672.380875133305,0.9035244898507673,2022-04-02,False,,57,-0.00975375666759093,combined,34554632.17097701,-5.190081199211124,HD142860,2-3,0.8937707331831763,3,1.6770000001997687
57.948118157631384,1.061044287817877,False,0.0002592724092003963,False,False,True,59672.380875133305,0.9086086271159273,2022-04-02,False,,58,0.008424780738848892,combined,33593113.001189336,32.49393471843442,HD142860,2-3,0.9170334078547762,4,1.7249999473278876
57.948118157631384,1.061044287817877,False,0.003906692072535638,False,False,False,59672.380875133305,0.91330656476794,2022-04-02,False,,59,0.004802398781985073,combined,32683653.63310405,1.229274970440165,HD142860,2-3,0.9181089635499251,5,1.7730000081428443
107.14554620092343,1.061044287817877,False,0.011072641303741748,False,False,False,59672.380875133305,0.6528980710356923,2022-04-02,False,,60,-0.002334900346626645,combined,69892722.14400817,-0.2108711266423503,HD142860,2-4,0.6505631706890657,0,1.5330000451285741
107.14554620092343,1.061044287817877,False,0.008281302460952307,False,False,False,59672.380875133305,0.6703482690559464,2022-04-02,False,,61,-0.00014907435295197224,combined,67770744.292026,-0.01800131726318199,HD142860,2-4,0.6701991947029944,1,1.580999992256693
107.14554620092343,1.061044287817877,False,0.009837813144083636,False,False,False,59672.380875133305,0.6866140380454944,2022-04-02,False,,62,0.006386745902795643,combined,65773813.81841536,0.64920382296919,HD142860,2-4,0.69300078394829,2,1.6290000530716497
107.14554620092343,1.061044287817877,False,0.008842808476267654,False,False,False,59672.380875133305,0.7017883672142899,2022-04-02,False,,63,0.002402598093000363,combined,63891202.25889086,0.2717007949961215,HD142860,2-4,0.7041909653072903,3,1.6770000001997687
107.14554620092343,1.061044287817877,False,0.007393283444754569,False,False,False,59672.380875133305,0.715957221058043,2022-04-02,False,,64,-0.007317193529837729,combined,62113362.0130814,-0.9897082378235039,HD142860,2-4,0.7086400275282053,4,1.7249999473278876
107.14554620092343,1.061044287817877,False,0.008698983949980092,False,False,False,59672.380875133305,0.7291996917339548,2022-04-02,False,,65,0.0074333579407884764,combined,60431779.86962034,0.8545087545316702,HD142860,2-4,0.7366330496747433,5,1.7730000081428443
74.94886333310515,1.061044287817877,False,0.0026730651508379876,False,False,True,59672.380875133305,0.8147975887619971,2022-04-02,False,,66,-0.020981668672341525,combined,48890320.369703,-7.849291913354194,HD142860,3-4,0.7938159200896556,0,1.5330000451285741
74.94886333310515,1.061044287817877,False,0.004521406944529738,False,False,True,59672.380875133305,0.8250005309619134,2022-04-02,False,,67,-0.02416506937723162,combined,47405985.895119704,-5.344590671376734,HD142860,3-4,0.8008354615846818,1,1.580999992256693
74.94886333310515,1.061044287817877,False,0.00627379233683963,False,False,True,59672.380875133305,0.8344076849466382,2022-04-02,False,,68,-0.018867981196105,combined,46009122.707995765,-3.0074283914869877,HD142860,3-4,0.8155397037505332,2,1.6290000530716497
74.94886333310515,1.061044287817877,False,0.005584300823974661,False,False,False,59672.380875133305,0.8430968940392786,2022-04-02,False,,69,-0.010876634653901318,combined,44692226.19211511,-1.9477164638418971,HD142860,3-4,0.8322202593853772,3,1.6770000001997687
74.94886333310515,1.061044287817877,False,0.006599572320174054,False,False,True,59672.380875133305,0.8511371582742098,2022-04-02,False,,70,-0.022241056504535117,combined,43448617.75167283,-3.3700754269404753,HD142860,3-4,0.8288961017696747,4,1.7249999473278876
74.94886333310515,1.061044287817877,False,0.004913303685529493,False,False,True,59672.380875133305,0.8585896904187379,2022-04-02,False,,71,-0.015154415031504054,combined,42272342.351318695,-3.084363597580251,HD142860,3-4,0.8434352753872338,5,1.7730000081428443
68.25315645151517,1.0680837402295373,False,0.0016642491041743818,False,False,True,58813.20681603447,0.896882613958418,2019-11-25,False,,0,0.007417216386534031,combined,44522605.63749084,4.456794579567247,HR_2998,1-2,0.904299830344952,0,1.5330000451285741
68.25315645151517,1.0680837402295373,False,0.0019901762763786844,False,False,False,58813.20681603447,0.90278775351647,2019-11-25,False,,1,0.004260108286061826,combined,43170877.157369085,2.1405683188091755,HR_2998,1-2,0.9070478618025318,1,1.580999992256693
68.25315645151517,1.0680837402295373,False,0.0011110862110391886,False,False,True,58813.20681603447,0.9082069890589723,2019-11-25,False,,2,0.013275121661593836,combined,41898805.541974485,11.947877248136972,HR_2998,1-2,0.9214821107205662,2,1.6290000530716497
68.25315645151517,1.0680837402295373,False,0.0007389704468681593,False,False,True,58813.20681603447,0.9131913940764395,2019-11-25,False,,3,0.005573359471100714,combined,40699556.61501769,7.5420600305753025,HR_2998,1-2,0.9187647535475402,3,1.6770000001997687
68.25315645151517,1.0680837402295373,False,0.0035466621891721995,False,False,True,58813.20681603447,0.9177856429998128,2019-11-25,False,,4,0.01507535332801846,combined,39567048.42643199,4.250574913518078,HR_2998,1-2,0.9328609963278313,4,1.7249999473278876
68.25315645151517,1.0680837402295373,False,0.0056573824806611436,False,False,False,58813.20681603447,0.9220289008136499,2019-11-25,False,,5,0.014192889702981049,combined,38495857.94588234,2.5087378750680496,HR_2998,1-2,0.9362217905166309,5,1.7730000081428443
109.1484448388006,1.0680837402295373,False,0.00637066227697512,False,False,False,58813.20681603447,0.7540508578476173,2019-11-25,False,,6,0.008198498463875548,combined,71199244.37422062,1.286914626365708,HR_2998,1-3,0.7622493563114928,0,1.5330000451285741
109.1484448388006,1.0680837402295373,False,0.0035210695666474676,False,False,False,58813.20681603447,0.7671772294240079,2019-11-25,False,,7,-0.007670691966197074,combined,69037599.85666029,-2.17851190412594,HR_2998,1-3,0.7595065374578108,1,1.580999992256693
109.1484448388006,1.0680837402295373,False,0.003518272966577487,False,False,False,58813.20681603447,0.7793258727126331,2019-11-25,False,,8,-0.0002040136005783122,combined,67003340.25955973,-0.05798685960878498,HR_2998,1-3,0.7791218591120548,2,1.6290000530716497
109.1484448388006,1.0680837402295373,False,0.002648471114194312,False,False,False,58813.20681603447,0.7905862445750408,2019-11-25,False,,9,-0.006541281310153191,combined,65085536.56875286,-2.46983298216681,HR_2998,1-3,0.7840449632648876,3,1.6770000001997687
109.1484448388006,1.0680837402295373,False,0.0013030663397283302,False,False,True,58813.20681603447,0.8010386354322977,2019-11-25,False,,10,-0.011832341850408379,combined,63274462.708174035,-9.080383315614801,HR_2998,1-3,0.7892062935818893,4,1.7249999473278876
109.1484448388006,1.0680837402295373,False,0.002629046990112676,False,False,True,58813.20681603447,0.8107550630351663,2019-11-25,False,,11,-0.00978032344259594,combined,61561446.32685579,-3.720102181276255,HR_2998,1-3,0.8009747395925704,5,1.7730000081428443
132.16722160956715,1.0680837402295373,False,0.0054660655731565925,False,False,False,58813.20681603447,0.6579519538086454,2019-11-25,False,,12,0.0027811974694207375,combined,86214753.89355397,0.508811581602492,HR_2998,1-4,0.6607331512780661,0,1.5330000451285741
132.16722160956715,1.0680837402295373,False,0.003360952050022146,False,False,True,58813.20681603447,0.6752023814966727,2019-11-25,False,,13,-0.0106632371267108,combined,83597231.02902351,-3.1726835039614856,HR_2998,1-4,0.6645391443699619,1,1.580999992256693
132.16722160956715,1.0680837402295373,False,0.004674733667101445,False,False,False,58813.20681603447,0.6912759075636215,2019-11-25,False,,14,-0.005501971420070473,combined,81133957.82913086,-1.1769593332751198,HR_2998,1-4,0.685773936143551,2,1.6290000530716497
132.16722160956715,1.0680837402295373,False,0.0018145861239843093,False,False,True,58813.20681603447,0.7062657882257597,2019-11-25,False,,15,-0.008116338873624618,combined,78811700.4137287,-4.472831995322146,HR_2998,1-4,0.6981494493521351,3,1.6770000001997687
132.16722160956715,1.0680837402295373,False,0.0006596344099491115,False,False,True,58813.20681603447,0.7202580764223933,2019-11-25,False,,16,0.003177304583338203,combined,76618681.53346954,4.816765977359066,HR_2998,1-4,0.7234353810057315,4,1.7249999473278876
132.16722160956715,1.0680837402295373,False,0.002648229345561327,False,False,True,58813.20681603447,0.7333318229289774,2019-11-25,False,,17,0.01660441165286186,combined,74544399.88864282,6.270005156725706,HR_2998,1-4,0.7499362345818392,5,1.7730000081428443
57.40539408845913,1.0680837402295373,False,0.006395688889572456,False,False,True,58813.20681603447,0.9260882520531964,2019-11-25,False,,18,0.025745971152638436,combined,37446439.92077932,4.025519626918489,HR_2998,2-3,0.9518342232058349,0,1.5330000451285741
57.40539408845913,1.0680837402295373,False,0.004156100861832116,False,False,True,58813.20681603447,0.9303755026453379,2019-11-25,False,,19,0.01617210852324691,combined,36309547.35586028,3.8911732561076073,HR_2998,2-3,0.9465476111685848,1,1.580999992256693
57.40539408845913,1.0680837402295373,False,0.0018449574952184077,False,False,True,58813.20681603447,0.9343038850292201,2019-11-25,False,,20,0.024070636697599568,combined,35239651.45379539,13.046716122178232,HR_2998,2-3,0.9583745217268197,2,1.6290000530716497
57.40539408845913,1.0680837402295373,False,0.002164878781510584,False,False,True,58813.20681603447,0.9379119530864038,2019-11-25,False,,21,0.028270993270612,combined,34231004.2227912,13.058926676201885,HR_2998,2-3,0.9661829463570158,3,1.6770000001997687
57.40539408845913,1.0680837402295373,False,0.0020094612029675028,False,False,True,58813.20681603447,0.9412332950253052,2019-11-25,False,,22,0.0314741292171441,combined,33278490.342786964,15.662969342560181,HR_2998,2-3,0.9727074242424493,4,1.7249999473278876
57.40539408845913,1.0680837402295373,False,0.0013848376406804868,False,False,True,58813.20681603447,0.944297250373904,2019-11-25,False,,23,0.037217896281354745,combined,32377548.688558258,26.87527778568069,HR_2998,2-3,0.9815151466552587,5,1.7730000081428443
122.0837505373789,1.0680837402295373,False,0.00666004607801781,False,False,False,58813.20681603447,0.700957061361146,2019-11-25,False,,24,-0.004991979687091419,combined,79637147.38647619,-0.7495413137707828,HR_2998,2-4,0.6959650816740546,0,1.5330000451285741
122.0837505373789,1.0680837402295373,False,0.007435123145805221,False,False,False,58813.20681603447,0.716442489806935,2019-11-25,False,,25,-0.0116918201161057,combined,77219323.93125352,-1.5725119660865388,HR_2998,2-4,0.7047506696908293,1,1.580999992256693
122.0837505373789,1.0680837402295373,False,0.006658550875028682,False,False,False,58813.20681603447,0.7308261721325351,2019-11-25,False,,26,-0.001997856402120801,combined,74943981.92754951,-0.3000437241702678,HR_2998,2-4,0.7288283157304143,2,1.6290000530716497
122.0837505373789,1.0680837402295373,False,0.006797280857710054,False,False,False,58813.20681603447,0.7442019007284236,2019-11-25,False,,27,-0.01012556233420947,combined,72798897.15136312,-1.4896489561298907,HR_2998,2-4,0.7340763383942142,3,1.6770000001997687
122.0837505373789,1.0680837402295373,False,0.006841894957391875,False,False,False,58813.20681603447,0.7566550201909339,2019-11-25,False,,28,-0.015814272465818235,combined,70773190.8783492,-2.3113877901227853,HR_2998,2-4,0.7408407477251157,4,1.7249999473278876
122.0837505373789,1.0680837402295373,False,0.006709531484796914,False,False,False,58813.20681603447,0.7682629995150757,2019-11-25,False,,29,-0.0039116170362858416,combined,68857162.9874144,-0.5829940652561435,HR_2998,2-4,0.7643513824787899,5,1.7730000081428443
84.20435150795117,1.0680837402295373,False,0.008394716820117302,False,False,False,58813.20681603447,0.8466890254322462,2019-11-25,False,,30,-0.02444701990969944,combined,54927820.63218327,-2.9121911356335466,HR_2998,3-4,0.8222420055225468,0,1.5330000451285741
84.20435150795117,1.0680837402295373,False,0.00548268556689111,False,False,True,58813.20681603447,0.8552672761796648,2019-11-25,False,,31,-0.026422939476450913,combined,53260184.64285967,-4.819342483547478,HR_2998,3-4,0.8288443367032139,1,1.580999992256693
84.20435150795117,1.0680837402295373,False,0.006021585710382921,False,False,False,58813.20681603447,0.8631617046826672,2019-11-25,False,,32,0.004929554949608561,combined,51690821.83218783,0.818647310974684,HR_2998,3-4,0.8680912596322757,2,1.6290000530716497
84.20435150795117,1.0680837402295373,False,0.0036103281782008515,False,False,False,58813.20681603447,0.8704412380908418,2019-11-25,False,,33,-0.00959372053494989,combined,50211300.83358409,-2.657298744440115,HR_2998,3-4,0.860847517555892,3,1.6770000001997687
84.20435150795117,1.0680837402295373,False,0.003628568610404231,False,False,False,58813.20681603447,0.8771666349708505,2019-11-25,False,,34,-0.003412618227062514,combined,48814118.3067211,-0.9404860686049809,HR_2998,3-4,0.8737540167437879,4,1.7249999473278876
84.20435150795117,1.0680837402295373,False,0.004649240910657736,False,False,True,58813.20681603447,0.8833915309157618,2019-11-25,False,,35,0.015084294562002665,combined,47492583.82471881,3.2444639569922105,HR_2998,3-4,0.8984758254777645,5,1.7730000081428443
72.92265968840576,1.0680837402295373,False,0.0015912161912344594,False,False,True,58813.22565133914,0.8830371320147049,2019-11-25,False,,36,0.01890221321788299,combined,47568595.917614385,11.879098089882259,HR_2998,1-2,0.9019393452325879,0,1.5330000451285741
72.92265968840576,1.0680837402295373,False,0.0010094372566325587,False,False,False,58813.22565133914,0.8896934450787314,2019-11-25,False,,37,0.0024278209479603463,combined,46124389.65563635,2.4051231832471265,HR_2998,1-2,0.8921212660266917,1,1.580999992256693
72.92265968840576,1.0680837402295373,False,0.0034870234844047434,False,False,False,58813.22565133914,0.8958066505151415,2019-11-25,False,,38,0.006438855070036609,combined,44765289.94023202,1.8465189864173688,HR_2998,1-2,0.9022455055851781,2,1.6290000530716497
72.92265968840576,1.0680837402295373,False,0.003490171183618732,False,False,False,58813.22565133914,0.901433211635981,2019-11-25,False,,39,0.0020454881944318437,combined,43483995.03859214,0.5860710225425132,HR_2998,1-2,0.9034786998304128,3,1.6770000001997687
72.92265968840576,1.0680837402295373,False,0.0006869120199723654,False,False,True,58813.22565133914,0.9066226172195887,2019-11-25,False,,40,0.007720848282487203,combined,42274006.90728522,11.239937660135594,HR_2998,1-2,0.9143434655020759,4,1.7249999473278876
72.92265968840576,1.0680837402295373,False,0.002863217807208941,False,False,True,58813.22565133914,0.9114183316889752,2019-11-25,False,,41,0.014750433481779512,combined,41129531.5022529,5.151698010763004,HR_2998,1-2,0.9261687651707547,5,1.7730000081428443
113.77827937924397,1.0680837402295373,False,0.007939317064705152,False,False,False,58813.22565133914,0.7353653966567764,2019-11-25,False,,42,0.00752350730396556,combined,74219358.1407894,0.9476265077523977,HR_2998,1-3,0.7428889039607419,0,1.5330000451285741
113.77827937924397,1.0680837402295373,False,0.0072895467566471295,False,False,False,58813.22565133914,0.7493437447818826,2019-11-25,False,,43,-0.01313803186936724,combined,71966021.46521123,-1.8023112146701088,HR_2998,1-3,0.7362057129125154,1,1.580999992256693
113.77827937924397,1.0680837402295373,False,0.007070030698023616,False,False,False,58813.22565133914,0.7622968891138631,2019-11-25,False,,44,-0.01236528307633944,combined,69845473.09541404,-1.7489716246629705,HR_2998,1-3,0.7499316060375236,2,1.6290000530716497
113.77827937924397,1.0680837402295373,False,0.0061789761107314935,False,False,True,58813.22565133914,0.7743164373116674,2019-11-25,False,,45,-0.02199188380505479,combined,67846320.4327313,-3.55914692190828,HR_2998,1-3,0.7523245535066126,3,1.6770000001997687
113.77827937924397,1.0680837402295373,False,0.006638429052059234,False,False,False,58813.22565133914,0.7854849784417284,2019-11-25,False,,46,-0.019731257473432517,combined,65958424.84255857,-2.972278127656106,HR_2998,1-3,0.7657537209682959,4,1.7249999473278876
113.77827937924397,1.0680837402295373,False,0.006264511154000539,False,False,False,58813.22565133914,0.7958768818219814,2019-11-25,False,,47,-0.013272806220277822,combined,64172746.11206728,-2.118729761028801,HR_2998,1-3,0.7826040756017035,5,1.7730000081428443
132.33873965053513,1.0680837402295373,False,0.004768173473487958,False,False,False,58813.22565133914,0.6572110922879303,2019-11-25,False,,48,-1.9482362787481833e-06,combined,86326637.80478607,-0.0004085917363495235,HR_2998,1-4,0.6572091440516515,0,1.5330000451285741
132.33873965053513,1.0680837402295373,False,0.004534247800574355,False,False,False,58813.22565133914,0.6744907200455573,2019-11-25,False,,49,-0.010145624425970778,combined,83705718.08899064,-2.237554027083749,HR_2998,1-4,0.6643450956195865,1,1.580999992256693
132.33873965053513,1.0680837402295373,False,0.007523853641788089,False,False,False,58813.22565133914,0.6905923568186316,2019-11-25,False,,50,-0.004310473358699163,combined,81239248.21303512,-0.5729076566240532,HR_2998,1-4,0.6862818834599325,2,1.6290000530716497
132.33873965053513,1.0680837402295373,False,0.00497806815507731,False,False,False,58813.22565133914,0.7056092175612568,2019-11-25,False,,51,-0.011885570085327646,combined,78913977.1227016,-2.3875868539897604,HR_2998,1-4,0.6937236474759292,3,1.6770000001997687
132.33873965053513,1.0680837402295373,False,0.002949153238442904,False,False,False,58813.22565133914,0.7196273404420083,2019-11-25,False,,52,-0.0006376246253373408,combined,76718112.28489284,-0.21620600009038335,HR_2998,1-4,0.7189897158166709,4,1.7249999473278876
132.33873965053513,1.0680837402295373,False,0.0034960329026393695,False,False,False,58813.22565133914,0.7327257807680075,2019-11-25,False,,53,0.01020687330301484,combined,74641138.7719932,2.9195587076165808,HR_2998,1-4,0.7429326540710224,5,1.7730000081428443
57.72010014607087,1.0680837402295373,False,0.0029561754444832073,False,False,True,58813.22565133914,0.9253018217287613,2019-11-25,False,,54,0.02113793611489534,combined,37651727.62354996,7.150433562508206,HR_2998,2-3,0.9464397578436566,0,1.5330000451285741
57.72010014607087,1.0680837402295373,False,0.006486883267082297,False,False,False,58813.22565133914,0.9296332204035189,2019-11-25,False,,55,0.0016638938304288642,combined,36508602.42173826,0.2565012752537566,HR_2998,2-3,0.9312971142339478,1,1.580999992256693
57.72010014607087,1.0680837402295373,False,0.0050709995532626706,False,False,True,58813.22565133914,0.9336022182526921,2019-11-25,False,,56,0.015523711910049198,combined,35432841.16979223,3.061272584822311,HR_2998,2-3,0.9491259301627413,2,1.6290000530716497
57.72010014607087,1.0680837402295373,False,0.007150068639112157,False,False,False,58813.22565133914,0.9372477266161217,2019-11-25,False,,57,0.006112747185779033,combined,34418664.36445742,0.8549214691927864,HR_2998,2-3,0.9433604738019007,3,1.6770000001997687
57.72010014607087,1.0680837402295373,False,0.005746751986155986,False,False,True,58813.22565133914,0.9406036486521698,2019-11-25,False,,58,0.02646226176656763,combined,33460928.642625313,4.604733566076216,HR_2998,2-3,0.9670659104187375,4,1.7249999473278876
57.72010014607087,1.0680837402295373,False,0.006530430346755074,False,False,True,58813.22565133914,0.9436996017853949,2019-11-25,False,,59,0.02386282907318793,combined,32555047.8742133,3.654097479968561,HR_2998,2-3,0.9675624308585828,5,1.7730000081428443
123.01891483778314,1.0680837402295373,False,0.004324285780510585,False,False,False,58813.22565133914,0.6970198328746258,2019-11-25,False,,60,0.007113764979292836,combined,80247169.74321121,1.6450728144181272,HR_2998,2-4,0.7041335978539186,0,1.5330000451285741
123.01891483778314,1.0680837402295373,False,0.004480870265182572,False,False,False,58813.22565133914,0.7126724479094004,2019-11-25,False,,61,-0.0009405019170063422,combined,77810825.70543723,-0.20989269078247275,HR_2998,2-4,0.7117319459923941,1,1.580999992256693
123.01891483778314,1.0680837402295373,False,0.00425887608922605,False,False,False,58813.22565133914,0.727215475531416,2019-11-25,False,,62,0.01021427614727577,combined,75518054.53033482,2.3983501593567076,HR_2998,2-4,0.7374297516786917,2,1.6290000530716497
123.01891483778314,1.0680837402295373,False,0.005887782304052772,False,False,False,58813.22565133914,0.7407428105178135,2019-11-25,False,,63,-0.004648472649129043,combined,73356538.35606965,-0.7895116376720199,HR_2998,2-4,0.7360943378686845,3,1.6770000001997687
123.01891483778314,1.0680837402295373,False,0.00381213528752399,False,False,False,58813.22565133914,0.7533399895110859,2019-11-25,False,,64,-0.006373918378329346,combined,71315315.12702112,-1.6720073915501705,HR_2998,2-4,0.7469660711327566,4,1.7249999473278876
123.01891483778314,1.0680837402295373,False,0.006012944458506029,False,False,False,58813.22565133914,0.7650847331647916,2019-11-25,False,,65,-0.0009613805256100116,combined,69384610.41894814,-0.1598851498204052,HR_2998,2-4,0.7641233526391816,5,1.7730000081428443
87.20148751590361,1.0680837402295373,False,0.00032060658104905157,False,False,True,58813.22565133914,0.8363917313413829,2019-11-25,False,,66,-0.008591181500744893,combined,56882899.51001922,-26.796647382077524,HR_2998,3-4,0.827800549840638,0,1.5330000451285741
87.20148751590361,1.0680837402295373,False,6.201272379404374e-05,False,False,True,58813.22565133914,0.8455009157216739,2019-11-25,False,,67,-0.014576920406329852,combined,55155906.352304064,-235.06337916622763,HR_2998,3-4,0.830923995315344,1,1.580999992256693
87.20148751590361,1.0680837402295373,False,0.0017091916908499249,False,False,False,58813.22565133914,0.853888949696668,2019-11-25,False,,68,0.0016301379939838156,combined,53530684.26945481,0.9537479047614615,HR_2998,3-4,0.8555190876906518,2,1.6290000530716497
87.20148751590361,1.0680837402295373,False,0.0024662201025349917,False,False,False,58813.22565133914,0.8616278441927001,2019-11-25,False,,69,-0.0038495373477080985,combined,51998501.792197935,-1.5609058347027565,HR_2998,3-4,0.857778306844992,3,1.6770000001997687
87.20148751590361,1.0680837402295373,False,0.003115783840144206,False,False,False,58813.22565133914,0.8687811862477092,2019-11-25,False,,70,0.004627469343718493,combined,50551588.50931163,1.485170211135161,HR_2998,3-4,0.8734086555914277,4,1.7249999473278876
87.20148751590361,1.0680837402295373,False,0.00417095890177891,False,False,True,58813.22565133914,0.875405195253921,2019-11-25,False,,71,0.024029969048261712,combined,49183015.857537486,5.7612576901711865,HR_2998,3-4,0.8994351643021827,5,1.7730000081428443
63.202554704572556,1.0758400393342091,False,0.003898784311908166,False,False,False,58812.19114589202,0.9110099912084886,2019-11-24,False,,72,0.00010603357578420347,combined,41228018.81540173,0.02719657393212088,HR_2998,1-2,0.9111160247842728,0,1.5330000451285741
63.202554704572556,1.0758400393342091,False,0.0014871623099507983,False,False,False,58812.19114589202,0.9161381102254224,2019-11-24,False,,73,-0.0035428639023606934,combined,39976315.63195537,-2.382298071067916,HR_2998,1-2,0.9125952463230617,1,1.580999992256693
63.202554704572556,1.0758400393342091,False,0.0006455950574299957,False,False,True,58812.19114589202,0.920840704436885,2019-11-24,False,,74,-0.006928853142231239,combined,38798374.859103,-10.73250648760204,HR_2998,1-2,0.9139118512946538,2,1.6290000530716497
63.202554704572556,1.0758400393342091,False,0.0011662237496233195,False,False,True,58812.19114589202,0.925162985535453,2019-11-24,False,,75,-0.016380506535381367,combined,37687868.036400534,-14.045766552663787,HR_2998,1-2,0.9087824790000716,3,1.6770000001997687
63.202554704572556,1.0758400393342091,False,0.0016482436707740409,False,False,True,58812.19114589202,0.9291444222659354,2019-11-24,False,,76,-0.009161419663296644,combined,36639163.266338944,-5.558292032751625,HR_2998,1-2,0.9199830026026388,4,1.7249999473278876
63.202554704572556,1.0758400393342091,False,0.0008961150195816364,False,False,True,58812.19114589202,0.9328195541985458,2019-11-24,False,,77,-0.014834575958159513,combined,35647238.81235343,-16.554321302510072,HR_2998,1-2,0.9179849782403863,5,1.7730000081428443
104.38522649119116,1.0758400393342091,False,0.019864676943215503,False,False,False,58812.19114589202,0.7728490644547009,2019-11-24,False,,78,0.02678122598917343,combined,68092122.25589743,1.348183313815238,HR_2998,1-3,0.7996302904438743,0,1.5330000451285741
104.38522649119116,1.0758400393342091,False,0.01001973693476631,False,False,False,58812.19114589202,0.7850953582988567,2019-11-24,False,,79,0.01756789530032732,combined,66024811.513245754,1.7533289960308776,HR_2998,1-3,0.802663253599184,1,1.580999992256693
104.38522649119116,1.0758400393342091,False,0.007829205181311673,False,False,False,58812.19114589202,0.7964157815498012,2019-11-24,False,,80,0.004448419011619631,combined,64079326.63621583,0.568182709304645,HR_2998,1-3,0.8008642005614208,2,1.6290000530716497
104.38522649119116,1.0758400393342091,False,0.004729667515515327,False,False,False,58812.19114589202,0.8068969475302399,2019-11-24,False,,81,-0.009892022559518265,combined,62245215.55083871,-2.0914837093872265,HR_2998,1-3,0.7970049249707216,3,1.6770000001997687
104.38522649119116,1.0758400393342091,False,0.0031750890000536826,False,False,True,58812.19114589202,0.8166162712432105,2019-11-24,False,,82,-0.013936196118598088,combined,60513176.62524522,-4.389230071460189,HR_2998,1-3,0.8026800751246124,4,1.7249999473278876
104.38522649119116,1.0758400393342091,False,0.0035171150700638496,False,False,True,58812.19114589202,0.8256429377004169,2019-11-24,False,,83,-0.02000812713794886,combined,58874915.968292095,-5.688789459363817,HR_2998,1-3,0.805634810562468,5,1.7730000081428443
118.19573551717369,1.0758400393342091,False,0.01356888126985134,False,False,False,58812.19114589202,0.7171955862380768,2019-11-24,False,,84,0.01986118010690885,combined,77100934.14071655,1.4637301124476894,HR_2998,1-4,0.7370567663449856,0,1.5330000451285741
118.19573551717369,1.0758400393342091,False,0.004423366241040321,False,False,False,58812.19114589202,0.731979944421947,2019-11-24,False,,85,0.008158127237835266,combined,74760111.38270979,1.8443255189099095,HR_2998,1-4,0.7401380716597823,1,1.580999992256693
118.19573551717369,1.0758400393342091,False,0.005726709288728642,False,False,False,58812.19114589202,0.7456968997392545,2019-11-24,False,,86,0.009566528898297677,combined,72557232.4533098,1.6705106573379935,HR_2998,1-4,0.7552634286375521,2,1.6290000530716497
118.19573551717369,1.0758400393342091,False,0.005681612334473254,False,False,False,58812.19114589202,0.7584395014203115,2019-11-24,False,,87,0.0015688873593289188,combined,70480462.43476082,0.2761341793437182,HR_2998,1-4,0.7600083887796404,3,1.6770000001997687
118.19573551717369,1.0758400393342091,False,0.007785313140564367,False,False,False,58812.19114589202,0.7702920337046539,2019-11-24,False,,88,0.0064479563058651435,combined,68519269.05868308,0.8282205467457566,HR_2998,1-4,0.7767399900105191,4,1.7249999473278876
118.19573551717369,1.0758400393342091,False,0.003660845552580672,False,False,True,58812.19114589202,0.7813307031589772,2019-11-24,False,,89,0.014289599907529538,combined,66664261.124837555,3.9033604948059732,HR_2998,1-4,0.7956203030665068,5,1.7730000081428443
57.097854960376225,1.0758400393342091,False,0.009002815287432842,False,False,True,58812.19114589202,0.9268531548803165,2019-11-24,False,,90,0.03478124091792478,combined,37245827.318672635,3.8633738233501704,HR_2998,2-3,0.9616343957982413,0,1.5330000451285741
57.097854960376225,1.0758400393342091,False,0.006772024548092104,False,False,True,58812.19114589202,0.9310974353352661,2019-11-24,False,,91,0.021753752009028737,combined,36115025.45226183,3.212296685362351,HR_2998,2-3,0.9528511873442949,1,1.580999992256693
57.097854960376225,1.0758400393342091,False,0.006332361484431545,False,False,True,58812.19114589202,0.9349862893883923,2019-11-24,False,,92,0.019101572016580137,combined,35050861.32607071,3.0165005683175843,HR_2998,2-3,0.9540878614049725,2,1.6290000530716497
57.097854960376225,1.0758400393342091,False,0.0019090122481753655,False,False,True,58812.19114589202,0.9385579221722044,2019-11-24,False,,93,0.015386405981841711,combined,34047617.74214346,8.059878084359093,HR_2998,2-3,0.9539443281540461,3,1.6770000001997687
57.097854960376225,1.0758400393342091,False,0.0022569121195347387,False,False,True,58812.19114589202,0.9418456146987683,2019-11-24,False,,94,0.018091421117020112,combined,33100206.784831326,8.01600601123523,HR_2998,2-3,0.9599370358157884,4,1.7249999473278876
57.097854960376225,1.0758400393342091,False,0.004814202230378784,False,False,True,58812.19114589202,0.9448784355036028,2019-11-24,False,,95,0.027265504713664512,combined,32204091.764322232,5.663556163389349,HR_2998,2-3,0.9721439402172674,5,1.7730000081428443
89.10542123448948,1.0758400393342091,False,0.0018998305145283066,False,False,True,58812.19114589202,0.8297199240652953,2019-11-24,False,,96,0.03719911352286098,combined,58124865.36946979,19.58022741417902,HR_2998,2-4,0.8669190375881562,0,1.5330000451285741
89.10542123448948,1.0758400393342091,False,0.0004935166804540213,False,False,True,58812.19114589202,0.8391698403507449,2019-11-24,False,,97,0.024720852274977223,combined,56360165.50974291,50.09121931245514,HR_2998,2-4,0.8638906926257222,1,1.580999992256693
89.10542123448948,1.0758400393342091,False,0.0013741795768212365,False,False,True,58812.19114589202,0.8478750280255382,2019-11-24,False,,98,0.020096165725905002,combined,54699458.76703436,14.624119048830298,HR_2998,2-4,0.8679711937514432,2,1.6290000530716497
89.10542123448948,1.0758400393342091,False,0.000717955228662519,False,False,True,58812.19114589202,0.855909389957213,2019-11-24,False,,99,0.014966708515435911,combined,53133823.03152952,20.84629781625442,HR_2998,2-4,0.8708760984726489,3,1.6770000001997687
89.10542123448948,1.0758400393342091,False,0.0024921716123933683,False,False,True,58812.19114589202,0.863338259164166,2019-11-24,False,,100,0.007748208267349899,combined,51655318.23494737,3.109018748475701,HR_2998,2-4,0.8710864674315159,4,1.7249999473278876
89.10542123448948,1.0758400393342091,False,0.002448814539564693,False,False,True,58812.19114589202,0.8702194581557404,2019-11-24,False,,101,0.014702807372841686,combined,50256864.53765125,6.004050994999112,HR_2998,2-4,0.8849222655285821,5,1.7730000081428443
40.38976345983357,1.0758400393342091,False,0.0010655223560268182,False,False,True,58812.19114589202,0.9628165945054209,2019-11-24,False,,102,-0.025929632779280398,combined,26346876.888999727,-24.335137252275327,HR_2998,3-4,0.9368869617261405,0,1.5330000451285741
40.38976345983357,1.0758400393342091,False,0.0025176599895484148,False,False,True,58812.19114589202,0.965007054586815,2019-11-24,False,,103,-0.030323666726619458,combined,25546972.585484892,-12.044385203920456,HR_2998,3-4,0.9346833878601956,1,1.580999992256693
40.38976345983357,1.0758400393342091,False,0.004625427354948083,False,False,True,58812.19114589202,0.9670104000212858,2019-11-24,False,,104,-0.02376191993884269,combined,24794206.3498859,-5.137237732946603,HR_2998,3-4,0.9432484800824431,2,1.6290000530716497
40.38976345983357,1.0758400393342091,False,0.0037545184302193893,False,False,True,58812.19114589202,0.9688472470884256,2019-11-24,False,,105,-0.027968933192902723,combined,24084533.96244617,-7.449406285446947,HR_2998,3-4,0.9408783138955229,3,1.6770000001997687
40.38976345983357,1.0758400393342091,False,0.0012127016139210896,False,False,True,58812.19114589202,0.9705354735309353,2019-11-24,False,,106,-0.03319779432788783,combined,23414356.343836043,-27.375072274001287,HR_2998,3-4,0.9373376792030474,4,1.7249999473278876
40.38976345983357,1.0758400393342091,False,0.0011520710561759365,False,False,True,58812.19114589202,0.9720906302216952,2019-11-24,False,,107,-0.00767864523199957,combined,22780464.3397269,-6.66507954595028,HR_2998,3-4,0.9644119849896956,5,1.7730000081428443
71.33916957329708,1.0758400393342091,False,0.0084287920034112,False,False,False,58812.22242174034,0.8878145776773252,2019-11-24,False,,108,0.003199044048383448,combined,46535660.45219118,0.37953766649939513,HR_2998,1-2,0.8910136217257086,0,1.5330000451285741
71.33916957329708,1.0758400393342091,False,0.005391910190261023,False,False,False,58812.22242174034,0.8942128633055899,2019-11-24,False,,109,-0.01101070273065441,combined,45122814.625361726,-2.042078288051267,HR_2998,1-2,0.8832021605749355,1,1.580999992256693
71.33916957329708,1.0758400393342091,False,0.004200465413306471,False,False,False,58812.22242174034,0.9000875577391272,2019-11-24,False,,110,-0.000815405012847048,combined,43793227.28613767,-0.19412253943669244,HR_2998,1-2,0.8992721527262801,2,1.6290000530716497
71.33916957329708,1.0758400393342091,False,0.003359128328638773,False,False,False,58812.22242174034,0.9054933043345463,2019-11-24,False,,111,-0.004595772608295912,combined,42539755.25629038,-1.368144398984086,HR_2998,1-2,0.9008975317262504,3,1.6770000001997687
71.33916957329708,1.0758400393342091,False,0.003271011959406938,False,False,False,58812.22242174034,0.9104779629406822,2019-11-24,False,,112,0.005435112937636211,combined,41356041.59513458,1.6615998367128082,HR_2998,1-2,0.9159130758783184,4,1.7249999473278876
71.33916957329708,1.0758400393342091,False,0.00475262468984384,False,False,False,58812.22242174034,0.9150835407076575,2019-11-24,False,,113,0.0020755873785136547,combined,40236418.0742573,0.43672444469454913,HR_2998,1-2,0.9171591280861712,5,1.7730000081428443
112.18232988861772,1.0758400393342091,False,0.016134028726078897,False,False,False,58812.22242174034,0.7418498785884188,2019-11-24,False,,114,0.018995852652775258,combined,73178295.22908388,1.177378135076116,HR_2998,1-3,0.760845731241194,0,1.5330000451285741
112.18232988861772,1.0758400393342091,False,0.011289180969482981,False,False,False,58812.22242174034,0.7555351813004376,2019-11-24,False,,115,-0.0010836504007972758,combined,70956565.74197102,-0.09599017003329202,HR_2998,1-3,0.7544515308996403,1,1.580999992256693
112.18232988861772,1.0758400393342091,False,0.011442561681784669,False,False,False,58812.22242174034,0.7682112911394806,2019-11-24,False,,116,-0.011166218660804472,combined,68865761.96058816,-0.9758495493696918,HR_2998,1-3,0.7570450724786761,2,1.6290000530716497
112.18232988861772,1.0758400393342091,False,0.00756362044163926,False,False,True,58812.22242174034,0.7799691459471506,2019-11-24,False,,117,-0.025144337421042717,combined,66894651.08840445,-3.324378532087366,HR_2998,1-3,0.7548248085261079,3,1.6770000001997687
112.18232988861772,1.0758400393342091,False,0.005293472637118567,False,False,True,58812.22242174034,0.7908906006205303,2019-11-24,False,,118,-0.031256974367395274,combined,65033236.70380039,-5.904814572614774,HR_2998,1-3,0.759633626253135,4,1.7249999473278876
112.18232988861772,1.0758400393342091,False,0.00478018151007017,False,False,True,58812.22242174034,0.8010492612062712,2019-11-24,False,,119,-0.0368970132949199,combined,63272605.399548076,-7.718747335679787,HR_2998,1-3,0.7641522479113513,5,1.7730000081428443
121.63274723867008,1.0758400393342091,False,0.011428096405675565,False,False,False,58812.22242174034,0.7028516677006578,2019-11-24,False,,120,0.014389721017971868,combined,79342950.85325234,1.2591529251385616,HR_2998,1-4,0.7172413887186296,0,1.5330000451285741
121.63274723867008,1.0758400393342091,False,0.007187115840184185,False,False,False,58812.22242174034,0.7182562534414879,2019-11-24,False,,121,0.00713491453289794,combined,76934059.35129292,0.9927368212163243,HR_2998,1-4,0.7253911679743859,1,1.580999992256693
121.63274723867008,1.0758400393342091,False,0.006796532011369573,False,False,False,58812.22242174034,0.7325629342087676,2019-11-24,False,,122,0.007184809515883961,combined,74667122.9441146,1.0571287685932853,HR_2998,1-4,0.7397477437246516,2,1.6290000530716497
121.63274723867008,1.0758400393342091,False,0.004834729511171868,False,False,False,58812.22242174034,0.745865442287726,2019-11-24,False,,123,-0.006668454137042867,combined,72529962.56659563,-1.3792817409192621,HR_2998,1-4,0.7391969881506831,3,1.6770000001997687
121.63274723867008,1.0758400393342091,False,0.006711157736795629,False,False,False,58812.22242174034,0.7582490207919548,2019-11-24,False,,124,0.0033266367219677573,combined,70511739.6827086,0.49568745847361406,HR_2998,1-4,0.7615756575139225,4,1.7249999473278876
121.63274723867008,1.0758400393342091,False,0.005732137393523007,False,False,False,58812.22242174034,0.7697910100216181,2019-11-24,False,,125,-0.0010350977519754112,combined,68602790.00566736,-0.18057797308644652,HR_2998,1-4,0.7687559122696427,5,1.7730000081428443
57.60807848322986,1.0758400393342091,False,0.011849268761148753,False,False,True,58812.22242174034,0.9255821854026719,2019-11-24,False,,126,0.041689092513065296,combined,37578654.133958764,3.5182839847261307,HR_2998,2-3,0.9672712779157372,0,1.5330000451285741
57.60807848322986,1.0758400393342091,False,0.002619576505471696,False,False,True,58812.22242174034,0.9298978488698441,2019-11-24,False,,127,0.027584195068241946,combined,36437747.47968281,10.530020791767248,HR_2998,2-3,0.957482043938086,1,1.580999992256693
57.60807848322986,1.0758400393342091,False,0.0032022425830703118,False,False,True,58812.22242174034,0.9338523701906855,2019-11-24,False,,128,0.023130819134970837,combined,35364074.03707803,7.2233188257689696,HR_2998,2-3,0.9569831893256563,2,1.6290000530716497
57.60807848322986,1.0758400393342091,False,0.0003266373915411801,False,False,True,58812.22242174034,0.9374845333992295,2019-11-24,False,,129,0.027960694347927584,combined,34351865.519598946,85.60163371376453,HR_2998,2-3,0.9654452277471571,3,1.6770000001997687
57.60807848322986,1.0758400393342091,False,0.0022485181983375882,False,False,True,58812.22242174034,0.9408281294774562,2019-11-24,False,,130,0.03446212040279828,combined,33395988.54624181,15.326591720839701,HR_2998,2-3,0.9752902498802545,4,1.7249999473278876
57.60807848322986,1.0758400393342091,False,0.00037471256151057754,False,False,True,58812.22242174034,0.9439126768634174,2019-11-24,False,,131,0.025390472040958456,combined,32491865.887565512,67.75986355675381,HR_2998,2-3,0.9693031489043759,5,1.7730000081428443
89.07220554223846,1.0758400393342091,False,0.004573697753578438,False,False,True,58812.22242174034,0.8298371686727141,2019-11-24,False,,132,0.023637767577738944,combined,58103198.25187474,5.168196249794791,HR_2998,2-4,0.853474936250453,0,1.5330000451285741
89.07220554223846,1.0758400393342091,False,0.008083057792209995,False,False,False,58812.22242174034,0.8392811195950429,2019-11-24,False,,133,0.0009532720982159404,combined,56339156.21662862,0.1179345889540282,HR_2998,2-4,0.8402343916932589,1,1.580999992256693
89.07220554223846,1.0758400393342091,False,0.00882077883896863,False,False,False,58812.22242174034,0.8479807521055367,2019-11-24,False,,134,0.015923678937384556,combined,54679068.53304487,1.8052463652117177,HR_2998,2-4,0.8639044310429213,2,1.6290000530716497
89.07220554223846,1.0758400393342091,False,0.0028492675653569474,False,False,False,58812.22242174034,0.8560099365460152,2019-11-24,False,,135,0.0032358756945123357,combined,53114016.41719019,1.1356868459305103,HR_2998,2-4,0.8592458122405275,3,1.6770000001997687
89.07220554223846,1.0758400393342091,False,0.0030442430383294146,False,False,False,58812.22242174034,0.8634339758423137,2019-11-24,False,,136,-0.004165227263154381,combined,51636062.7605907,-1.3682308576256537,HR_2998,2-4,0.8592687485791594,4,1.7249999473278876
89.07220554223846,1.0758400393342091,False,0.004205173248341012,False,False,False,58812.22242174034,0.8703106648155108,2019-11-24,False,,137,-0.0030470877839589017,combined,50238130.36275081,-0.7246045772694412,HR_2998,2-4,0.8672635770315519,5,1.7730000081428443
42.10996025667515,1.0758400393342091,False,0.0011949906958373566,False,False,True,58812.22242174034,0.9596374336578771,2019-11-24,False,,138,-0.0372918835158732,combined,27468988.269431755,-31.206840058065847,HR_2998,3-4,0.9223455501420039,0,1.5330000451285741
42.10996025667515,1.0758400393342091,False,0.0015498021628902094,False,False,True,58812.22242174034,0.962012058360805,2019-11-24,False,,139,-0.03592879409574612,combined,26635016.105577644,-23.182826141333354,HR_2998,3-4,0.9260832642650588,1,1.580999992256693
42.10996025667515,1.0758400393342091,False,0.0024596454010041876,False,False,True,58812.22242174034,0.9641841824403157,2019-11-24,False,,140,-0.03226438604413351,combined,25850189.616183512,-13.11749491652784,HR_2998,3-4,0.9319197963961822,2,1.6290000530716497
42.10996025667515,1.0758400393342091,False,0.004315824923516962,False,False,True,58812.22242174034,0.9661760706589341,2019-11-24,False,,141,-0.03187767538609798,combined,25110292.338496663,-7.386229967855344,HR_2998,3-4,0.9342983952728361,3,1.6770000001997687
42.10996025667515,1.0758400393342091,False,0.001036666739046355,False,False,True,58812.22242174034,0.9680070377134025,2019-11-24,False,,142,-0.03272645673823338,combined,24411571.9086865,-31.5689271253546,HR_2998,3-4,0.9352805809751691,4,1.7249999473278876
42.10996025667515,1.0758400393342091,False,0.002640844275418819,False,False,True,58812.22242174034,0.9696938902759903,2019-11-24,False,,143,-0.025222739970891084,combined,23750682.494798105,-9.551013744228042,HR_2998,3-4,0.9444711503050992,5,1.7730000081428443
84.95984357696517,1.1096105827563087,False,0.0018639915986122795,False,False,False,59462.260222323144,0.3567711242878687,2021-09-04,False,,0,0.0019314055169141198,combined,55420639.971239865,1.036166428192074,bet_Hyi,1-2,0.35870252980478284,0,1.5330000451285741
84.95984357696517,1.1096105827563087,False,0.0006466105085082303,False,False,True,59462.260222323144,0.3816136989493982,2021-09-04,False,,1,0.0022558782871721084,combined,53738041.74135061,3.4887745520507494,bet_Hyi,1-2,0.3838695772365703,1,1.580999992256693
84.95984357696517,1.1096105827563087,False,0.0007755492802976473,False,False,False,59462.260222323144,0.4054994422756406,2021-09-04,False,,2,0.0007983172848998743,combined,52154598.40947489,1.029357263530035,bet_Hyi,1-2,0.4062977595605405,2,1.6290000530716497
84.95984357696517,1.1096105827563087,False,0.0005007028961357192,False,False,True,59462.260222323144,0.4284148409826475,2021-09-04,False,,3,-0.0026518217057897586,combined,50661802.961743906,-5.296198057282582,bet_Hyi,1-2,0.4257630192768577,3,1.6770000001997687
84.95984357696517,1.1096105827563087,False,0.0017956953363555109,False,False,False,59462.260222323144,0.4503612549639432,2021-09-04,False,,4,-0.0036825005342211448,combined,49252084.73691392,-2.050737928458976,bet_Hyi,1-2,0.44667875442972205,4,1.7249999473278876
84.95984357696517,1.1096105827563087,False,0.002075337632119224,False,False,True,59462.260222323144,0.4713511077563961,2021-09-04,False,,5,-0.009312570010706622,combined,47918693.28075054,-4.487255406821261,bet_Hyi,1-2,0.4620385377456895,5,1.7730000081428443
129.15670687308437,1.1096105827563087,False,1.0425257947835037e-05,False,False,True,59462.260222323144,0.059850088655319614,2021-09-04,False,,6,0.00896567403454214,combined,84250947.86103016,859.9954149243854,bet_Hyi,1-3,0.06881576268986175,0,1.5330000451285741
129.15670687308437,1.1096105827563087,False,0.00020498920866232213,False,False,True,59462.260222323144,0.0751217062835511,2021-09-04,False,,7,0.00810785066212795,combined,81693047.12565383,39.55257310878241,bet_Hyi,1-3,0.08322955694567905,1,1.580999992256693
129.15670687308437,1.1096105827563087,False,0.000249508761301535,False,False,True,59462.260222323144,0.09144892389152842,2021-09-04,False,,8,0.009717397146427983,combined,79285882.54466039,38.94611594293623,bet_Hyi,1-3,0.1011663210379564,2,1.6290000530716497
129.15670687308437,1.1096105827563087,False,4.880706057777213e-05,False,False,True,59462.260222323144,0.10862395903921125,2021-09-04,False,,9,0.010211041392010026,combined,77016521.68020208,209.21238179748877,bet_Hyi,1-3,0.11883500043122128,3,1.6770000001997687
129.15670687308437,1.1096105827563087,False,3.049822861785595e-05,False,False,True,59462.260222323144,0.12645614722627238,2021-09-04,False,,10,0.01018315444573381,combined,74873455.54598692,333.89330814353684,bet_Hyi,1-3,0.1366393016720062,4,1.7249999473278876
129.15670687308437,1.1096105827563087,False,4.341615273080703e-05,False,False,True,59462.260222323144,0.144773606954137,2021-09-04,False,,11,0.008511308429563325,combined,72846422.04168488,196.04013470138523,bet_Hyi,1-3,0.15328491538370032,5,1.7730000081428443
110.14921136749547,1.1096105827563087,False,0.0026541340305665457,False,False,True,59462.260222323144,0.15427438764217932,2021-09-04,False,,12,0.015009455759975698,combined,71852060.09452997,5.655123511894316,bet_Hyi,1-4,0.16928384340215502,0,1.5330000451285741
110.14921136749547,1.1096105827563087,False,0.0011411323837908437,False,False,True,59462.260222323144,0.17629703091606969,2021-09-04,False,,13,0.010006418970746472,combined,69670595.7665884,8.768850234102665,bet_Hyi,1-4,0.18630344988681616,1,1.580999992256693
110.14921136749547,1.1096105827563087,False,0.0006821278425804521,False,False,True,59462.260222323144,0.1984819537016556,2021-09-04,False,,14,0.006103520641432408,combined,67617684.33328018,8.947766474892926,bet_Hyi,1-4,0.20458547434308802,2,1.6290000530716497
110.14921136749547,1.1096105827563087,False,0.0005527305917320914,False,False,True,59462.260222323144,0.2206625658723289,2021-09-04,False,,15,0.0056649064812877015,combined,65682296.573866546,10.248946893884757,bet_Hyi,1-4,0.2263274723536166,3,1.6770000001997687
110.14921136749547,1.1096105827563087,False,0.0008169991448806617,False,False,True,59462.260222323144,0.24270128079458314,2021-09-04,False,,16,0.007736541282514053,combined,63854617.235277124,9.46946068547492,bet_Hyi,1-4,0.2504378220770972,4,1.7249999473278876
110.14921136749547,1.1096105827563087,False,0.000251537319729011,False,False,True,59462.260222323144,0.2644859931589362,2021-09-04,False,,17,0.006199742455419044,combined,62125894.450994916,24.64740604733413,bet_Hyi,1-4,0.2706857356143552,5,1.7730000081428443
51.746716182069605,1.1096105827563087,False,0.005862710259599416,False,False,False,59462.260222323144,0.6968887852758727,2021-09-04,False,,18,-0.00930341332410356,combined,33755195.47211074,-1.5868792609818037,bet_Hyi,2-3,0.6875853719517692,0,1.5330000451285741
51.746716182069605,1.1096105827563087,False,0.008658973026300896,False,False,False,59462.260222323144,0.7125468789986736,2021-09-04,False,,19,-0.011328977745264757,combined,32730370.926951874,-1.3083511994845056,bet_Hyi,2-3,0.7012179012534089,1,1.580999992256693
51.746716182069605,1.1096105827563087,False,0.008801079511492402,False,False,False,59462.260222323144,0.7270951391534867,2021-09-04,False,,20,-0.006429138209312457,combined,31765938.917249124,-0.7304942764029484,bet_Hyi,2-3,0.7206660009441742,2,1.6290000530716497
51.746716182069605,1.1096105827563087,False,0.0091896673839676,False,False,False,59462.260222323144,0.7406274615706647,2021-09-04,False,,21,-0.009627505931322777,combined,30856718.05361085,-1.0476446566628772,bet_Hyi,2-3,0.730999955639342,3,1.6770000001997687
51.746716182069605,1.1096105827563087,False,0.007042366868992774,False,False,False,59462.260222323144,0.753229387310738,2021-09-04,False,,22,0.0009018966983826981,combined,29998097.25341029,0.1280672698767951,bet_Hyi,2-3,0.7541312840091207,4,1.7249999473278876
51.746716182069605,1.1096105827563087,False,0.007113148694570999,False,False,False,59462.260222323144,0.7649786437477684,2021-09-04,False,,23,-0.000660237456094892,combined,29185964.99966883,-0.09281929627013254,bet_Hyi,2-3,0.7643184062916735,5,1.7730000081428443
81.05156486818751,1.1096105827563087,False,0.005218604261055442,False,False,False,59462.260222323144,0.39463246601910124,2021-09-04,False,,24,-0.009028222989860335,combined,52871208.40325197,-1.7300072084857443,bet_Hyi,2-4,0.3856042430292409,0,1.5330000451285741
81.05156486818751,1.1096105827563087,False,0.004244954687253447,False,False,False,59462.260222323144,0.41909677864227013,2021-09-04,False,,25,-0.004478037907255927,combined,51266012.1854244,-1.0549082940042616,bet_Hyi,2-4,0.4146187407350142,1,1.580999992256693
81.05156486818751,1.1096105827563087,False,0.009710218812661322,False,False,False,59462.260222323144,0.44249430164658704,2021-09-04,False,,26,0.005038728712234597,combined,49755409.593361475,0.5189099040347589,bet_Hyi,2-4,0.44753303035882164,2,1.6290000530716497
81.05156486818751,1.1096105827563087,False,0.004254797328548957,False,False,False,59462.260222323144,0.4648346270418843,2021-09-04,False,,27,-0.004800002719675067,combined,48331284.948439136,-1.1281389803147321,bet_Hyi,2-4,0.4600346243222092,3,1.6770000001997687
81.05156486818751,1.1096105827563087,False,0.003953244418546927,False,False,True,59462.260222323144,0.48613857871924016,2021-09-04,False,,28,-0.01962986235816616,combined,46986415.85105002,-4.965506879886118,bet_Hyi,2-4,0.466508716361074,4,1.7249999473278876
81.05156486818751,1.1096105827563087,False,0.004787332722639057,False,False,True,59462.260222323144,0.5064348893504492,2021-09-04,False,,29,-0.02442757901885645,combined,45714362.37785819,-5.102544659856134,bet_Hyi,2-4,0.4820073103315928,5,1.7730000081428443
68.76638240479335,1.1096105827563087,False,0.003998807413962828,False,False,True,59462.260222323144,0.5201692411972915,2021-09-04,False,,30,-0.030584787794991908,combined,44857390.98528588,-7.648477315561019,bet_Hyi,3-4,0.48958445340229956,0,1.5330000451285741
68.76638240479335,1.1096105827563087,False,0.002903002974979648,False,False,True,59462.260222323144,0.5420641101390867,2021-09-04,False,,31,-0.021220896259885658,combined,43495498.25527662,-7.309980886269822,bet_Hyi,3-4,0.5208432138792011,1,1.580999992256693
68.76638240479335,1.1096105827563087,False,0.003641476755259601,False,False,True,59462.260222323144,0.5627078811691655,2021-09-04,False,,32,-0.01502528709752482,combined,42213861.36552123,-4.12615213754225,bet_Hyi,3-4,0.5476825940716407,2,1.6290000530716497
68.76638240479335,1.1096105827563087,False,0.002864999193371677,False,False,True,59462.260222323144,0.5821672634114453,2021-09-04,False,,33,-0.016364136026829845,combined,41005594.75050788,-5.711741931616984,bet_Hyi,3-4,0.5658031273846155,3,1.6770000001997687
68.76638240479335,1.1096105827563087,False,0.0016411282583809915,False,False,True,59462.260222323144,0.6005094090153867,2021-09-04,False,,34,-0.017813124918685252,combined,39864570.727272175,-10.85419425795415,bet_Hyi,3-4,0.5826962840967015,4,1.7249999473278876
68.76638240479335,1.1096105827563087,False,0.0025682470819498276,False,False,True,59462.260222323144,0.6178004129002406,2021-09-04,False,,35,-0.023934201121365795,combined,38785325.487293,-9.319275115537097,bet_Hyi,3-4,0.5938662117788748,5,1.7730000081428443
85.35893565179288,1.1096105827563087,False,0.0025537823835272955,False,False,True,59462.27009860715,0.35298116733685553,2021-09-04,False,,36,0.009482454153560249,combined,55680973.998036474,3.713101873802983,bet_Hyi,1-2,0.3624636214904158,0,1.5330000451285741
85.35893565179288,1.1096105827563087,False,0.001957132590756523,False,False,True,59462.27009860715,0.37784975374884594,2021-09-04,False,,37,0.007133718090320484,combined,53990471.89744318,3.6449845677358885,bet_Hyi,1-2,0.3849834718391664,1,1.580999992256693
85.35893565179288,1.1096105827563087,False,0.001576936099382851,False,False,True,59462.27009860715,0.40177403115578464,2021-09-04,False,,38,0.007357482047066433,combined,52399590.46707192,4.665681792652126,bet_Hyi,1-2,0.40913151320285107,2,1.6290000530716497
85.35893565179288,1.1096105827563087,False,0.0006664979046051358,False,False,True,59462.27009860715,0.424738034094339,2021-09-04,False,,39,0.0031810293370616027,combined,50899782.73203619,4.772752194841771,bet_Hyi,1-2,0.4279190634314006,3,1.6770000001997687
85.35893565179288,1.1096105827563087,False,0.00046872655550326663,False,False,True,59462.27009860715,0.4467410371503553,2021-09-04,False,,40,0.002403766828090015,combined,49483442.46851613,5.128292391091681,bet_Hyi,1-2,0.4491448039784453,4,1.7249999473278876
85.35893565179288,1.1096105827563087,False,0.0010318661510509927,False,False,True,59462.27009860715,0.4677937007371983,2021-09-04,False,,41,-0.004669735815090004,combined,48143787.5125581,-4.5255247595181896,bet_Hyi,1-2,0.4631239649221083,5,1.7730000081428443
129.20641551867152,1.1096105827563087,False,0.00046958044256426853,False,False,True,59462.27009860715,0.05966992100011389,2021-09-04,False,,42,0.011465468660312512,combined,84283373.59105222,24.416410099411895,bet_Hyi,1-3,0.0711353896604264,0,1.5330000451285741
129.20641551867152,1.1096105827563087,False,0.0005069000514899136,False,False,True,59462.27009860715,0.07492112912431396,2021-09-04,False,,43,0.010955882635909533,combined,81724488.3943639,21.613496790357964,bet_Hyi,1-3,0.0858770117602235,1,1.580999992256693
129.20641551867152,1.1096105827563087,False,0.00045371860362865117,False,False,True,59462.27009860715,0.09122984995400148,2021-09-04,False,,44,0.012872959366949141,combined,79316397.36600335,28.372121539642873,bet_Hyi,1-3,0.10410280932095062,2,1.6290000530716497
129.20641551867152,1.1096105827563087,False,0.0007178503090633911,False,False,True,59462.27009860715,0.10838834101045024,2021-09-04,False,,45,0.013333499526772805,combined,77046163.09080507,18.57420601262897,bet_Hyi,1-3,0.12172184053722304,3,1.6770000001997687
129.20641551867152,1.1096105827563087,False,0.0007835245609879654,False,False,True,59462.27009860715,0.12620591754124794,2021-09-04,False,,46,0.013369528720683588,combined,74902272.1530043,17.063317969031655,bet_Hyi,1-3,0.13957544626193152,4,1.7249999473278876
129.20641551867152,1.1096105827563087,False,0.0008446031134362524,False,False,True,59462.27009860715,0.14451063511287363,2021-09-04,False,,47,0.01163644684006962,combined,72874458.50268818,13.777414095393215,bet_Hyi,1-3,0.15614708195294325,5,1.7730000081428443
109.24321248020286,1.1096105827563087,False,0.00018239326736928913,False,False,True,59462.27009860715,0.16008117655667695,2021-09-04,False,,48,0.018412979985892697,combined,71261062.79471149,100.95208146368797,bet_Hyi,1-4,0.17849415654256964,0,1.5330000451285741
109.24321248020286,1.1096105827563087,False,4.7779599739531954e-05,False,False,True,59462.27009860715,0.18234861746333797,2021-09-04,False,,49,0.013804694268147788,combined,69097541.43911849,288.92444355757215,bet_Hyi,1-4,0.19615331173148576,1,1.580999992256693
109.24321248020286,1.1096105827563087,False,1.73253409041425e-05,False,False,True,59462.27009860715,0.20473174631127966,2021-09-04,False,,50,0.010282238167530516,combined,67061515.60536377,593.4797026171084,bet_Hyi,1-4,0.21501398447881018,2,1.6290000530716497
109.24321248020286,1.1096105827563087,False,0.00027381209648717894,False,False,True,59462.27009860715,0.2270683290719843,2021-09-04,False,,51,0.010080872714720218,combined,65142046.79021438,36.816754424113796,bet_Hyi,1-4,0.2371492017867045,3,1.6770000001997687
109.24321248020286,1.1096105827563087,False,0.00012749680458140316,False,False,True,59462.27009860715,0.24922513245209404,2021-09-04,False,,52,0.01100327735560297,combined,63329400.47298328,86.30237747313646,bet_Hyi,1-4,0.260228409807697,4,1.7249999473278876
109.24321248020286,1.1096105827563087,False,0.001074039714372387,False,False,True,59462.27009860715,0.2710942570529447,2021-09-04,False,,53,0.01019184651641808,combined,61614896.77297369,9.489264111964115,bet_Hyi,1-4,0.2812861035693628,5,1.7730000081428443
51.396714883458685,1.1096105827563087,False,0.0008807585266563084,False,False,True,59462.27009860715,0.7003937435774098,2021-09-04,False,,54,-0.013851178161307764,combined,33526884.129444364,-15.726419605487171,bet_Hyi,2-3,0.686542565416102,0,1.5330000451285741
51.396714883458685,1.1096105827563087,False,0.0004896993866219969,False,False,True,59462.27009860715,0.7159030943264169,2021-09-04,False,,55,-0.018754795581678918,combined,32508991.230351537,-38.2985890814601,bet_Hyi,2-3,0.6971482987447379,1,1.580999992256693
51.396714883458685,1.1096105827563087,False,0.0027604199985356774,False,False,True,59462.27009860715,0.730309576673511,2021-09-04,False,,56,-0.013808695712612451,combined,31551082.38734849,-5.002389389997741,bet_Hyi,2-3,0.7165008809608986,2,1.6290000530716497
51.396714883458685,1.1096105827563087,False,0.002228117874674089,False,False,True,59462.27009860715,0.7437069977264351,2021-09-04,False,,57,-0.01579447168919501,combined,30648011.256610718,-7.088705615049786,bet_Hyi,2-3,0.7279125260372401,3,1.6770000001997687
51.396714883458685,1.1096105827563087,False,0.001079997936078084,False,False,False,59462.27009860715,0.7561807296140135,2021-09-04,False,,58,-0.003195157278727212,combined,29795197.94367229,-2.958484615563378,bet_Hyi,2-3,0.7529855723352863,4,1.7249999473278876
51.396714883458685,1.1096105827563087,False,0.0031702880512551462,False,False,False,59462.27009860715,0.7678082773826006,2021-09-04,False,,59,-0.007682852752528557,combined,28988558.740783624,-2.4233926470772413,bet_Hyi,2-3,0.760125424630072,5,1.7730000081428443
80.75226538762965,1.1096105827563087,False,0.0025957051830723878,False,False,True,59462.27009860715,0.39758403520100594,2021-09-04,False,,60,-0.009184427711405818,combined,52675970.65260157,-3.5383169750174543,bet_Hyi,2-4,0.3883996074896001,0,1.5330000451285741
80.75226538762965,1.1096105827563087,False,0.0029192931335868455,False,False,False,59462.27009860715,0.42201022693711293,2021-09-04,False,,61,0.003075107348520345,combined,51076701.95011526,1.0533739531466837,bet_Hyi,2-4,0.4250853342856333,1,1.580999992256693
80.75226538762965,1.1096105827563087,False,0.007775687810318589,False,False,False,59462.27009860715,0.4453621847601263,2021-09-04,False,,62,0.013308368825740768,combined,49571677.56708345,1.7115358988667386,bet_Hyi,2-4,0.45867055358586706,2,1.6290000530716497
80.75226538762965,1.1096105827563087,False,0.0056841042711541865,False,False,False,59462.27009860715,0.46765119255658544,2021-09-04,False,,63,0.009581623349873558,combined,48152811.79368529,1.6856874703193931,bet_Hyi,2-4,0.477232815906459,3,1.6770000001997687
80.75226538762965,1.1096105827563087,False,0.006264386378060834,False,False,False,59462.27009860715,0.4888994859116516,2021-09-04,False,,64,-0.004217157204283062,combined,46812908.90050113,-0.6731955773118357,bet_Hyi,2-4,0.48468232870736855,4,1.7249999473278876
80.75226538762965,1.1096105827563087,False,0.005642159683166474,False,False,False,59462.27009860715,0.5091369694116283,2021-09-04,False,,65,-0.007146637885389495,combined,45545552.744929105,-1.2666493482472094,bet_Hyi,2-4,0.5019903315262388,5,1.7730000081428443
69.25858689873793,1.1096105827563087,False,0.0007227671677896655,False,False,True,59462.27009860715,0.5150187391573624,2021-09-04,False,,66,-0.02959599263293866,combined,45178463.70508694,-40.948169689898634,bet_Hyi,3-4,0.48542274652442374,0,1.5330000451285741
69.25858689873793,1.1096105827563087,False,0.0012338993934164965,False,False,True,59462.27009860715,0.5370535651617665,2021-09-04,False,,67,-0.022062835593380403,combined,43806823.04740519,-17.88057900919415,bet_Hyi,3-4,0.5149907295683861,1,1.580999992256693
69.25858689873793,1.1096105827563087,False,1.4695410517002698e-05,False,False,True,59462.27009860715,0.5578398248322373,2021-09-04,False,,68,-0.009092082658387346,combined,42516012.671788216,-618.7021892221208,bet_Hyi,3-4,0.5487477421738499,2,1.6290000530716497
69.25858689873793,1.1096105827563087,False,0.00012060289404515958,False,False,True,59462.27009860715,0.577442496385665,2021-09-04,False,,69,-0.007806051365532807,combined,41299097.728376664,-64.725240860388,bet_Hyi,3-4,0.5696364450201322,3,1.6770000001997687
69.25858689873793,1.1096105827563087,False,0.0010576548236399428,False,False,True,59462.27009860715,0.5959273837870059,2021-09-04,False,,70,-0.009888794800538059,combined,40149906.67450338,-9.349737342950462,bet_Hyi,3-4,0.5860385889864679,4,1.7249999473278876
69.25858689873793,1.1096105827563087,False,0.0007958429367113229,False,False,True,59462.27009860715,0.6133595424442719,2021-09-04,False,,71,-0.016780671425117077,combined,39062936.593713775,-21.08540599035806,bet_Hyi,3-4,0.5965788710191549,5,1.7730000081428443
81.57572624586538,1.026540610393749,False,0.0016388595474154718,False,False,False,59468.17354940665,0.3894802962648091,2021-09-10,False,,72,-0.0012874843459186325,combined,53213127.10008665,-0.7855977334659532,bet_Hyi,1-2,0.3881928119188905,0,1.5330000451285741
81.57572624586538,1.026540610393749,False,0.002413994438377739,False,False,False,59468.17354940665,0.4140082588093027,2021-09-10,False,,73,-0.002998346557349374,combined,51597550.06034222,-1.2420685440204797,bet_Hyi,1-2,0.4110099122519533,1,1.580999992256693
81.57572624586538,1.026540610393749,False,0.003548826686002915,False,False,False,59468.17354940665,0.4374828100826832,2021-09-10,False,,74,0.0043840023384766336,combined,50077178.38439958,1.2353385291447936,bet_Hyi,1-2,0.4418668124211598,2,1.6290000530716497
81.57572624586538,1.026540610393749,False,0.003219344075260783,False,False,False,59468.17354940665,0.45991055021746235,2021-09-10,False,,75,0.003873013273884507,combined,48643843.90945013,1.203044217499732,bet_Hyi,1-2,0.46378356349134686,3,1.6770000001997687
81.57572624586538,1.026540610393749,False,0.003105651825685437,False,False,False,59468.17354940665,0.4813098020258546,2021-09-10,False,,76,0.009069555261908169,combined,47290277.52854736,2.9203387150156344,bet_Hyi,1-2,0.4903793572877628,4,1.7249999473278876
81.57572624586538,1.026540610393749,False,0.002677360477349364,False,False,False,59468.17354940665,0.5017072180952259,2021-09-10,False,,77,0.006791802102116606,combined,46009997.671299,2.5367529548507473,bet_Hyi,1-2,0.5084990201973425,5,1.7730000081428443
128.14442129701843,1.026540610393749,False,0.000414789780934406,False,False,True,59468.17354940665,0.0635914807542307,2021-09-10,False,,78,0.002622937382914539,combined,83590618.0852531,6.323534241865339,bet_Hyi,1-3,0.06621441813714524,0,1.5330000451285741
128.14442129701843,1.026540610393749,False,0.0003492074385784715,False,False,False,59468.17354940665,0.07927698804117742,2021-09-10,False,,79,0.0006061153183108542,combined,81052765.29072414,1.7356884514779662,bet_Hyi,1-3,0.07988310335948827,1,1.580999992256693
128.14442129701843,1.026540610393749,False,0.0005251180319424271,False,False,True,59468.17354940665,0.09597846327231059,2021-09-10,False,,80,0.0029259499299611053,combined,78664467.2327596,5.571985252797224,bet_Hyi,1-3,0.0989044132022717,2,1.6290000530716497
128.14442129701843,1.026540610393749,False,0.0004912056104861475,False,False,True,59468.17354940665,0.11348749229069176,2021-09-10,False,,81,0.0029030827540951765,combined,76412892.83348452,5.9101172546095055,bet_Hyi,1-3,0.11639057504478693,3,1.6770000001997687
128.14442129701843,1.026540610393749,False,0.000698063580205502,False,False,True,59468.17354940665,0.13161397508004058,2021-09-10,False,,82,0.0035344397041343067,combined,74286623.31005901,5.063205994923568,bet_Hyi,1-3,0.1351484147841749,4,1.7249999473278876
128.14442129701843,1.026540610393749,False,0.000590254878235762,False,False,True,59468.17354940665,0.15018743634893209,2021-09-10,False,,83,0.002986289911264123,combined,72275476.99294443,5.0593227118935,bet_Hyi,1-3,0.1531737262601962,5,1.7730000081428443
115.23908856752696,1.026540610393749,False,0.000160239801467165,False,False,True,59468.17354940665,0.1238752665514308,2021-09-10,False,,84,-0.0057734026972535435,combined,75172266.91135664,-36.02976691428678,bet_Hyi,1-4,0.11810186385417726,0,1.5330000451285741
115.23908856752696,1.026540610393749,False,0.001058439789642465,False,False,True,59468.17354940665,0.14436498271908468,2021-09-10,False,,85,-0.010347326381687533,combined,72889999.4509403,-9.776017949195582,bet_Hyi,1-4,0.13401765633739715,1,1.580999992256693
115.23908856752696,1.026540610393749,False,0.0002718524491830845,False,False,True,59468.17354940665,0.16527694190643638,2021-09-10,False,,86,-0.010712381298857265,combined,70742225.17686947,-39.405130728260595,bet_Hyi,1-4,0.15456456060757912,2,1.6290000530716497
115.23908856752696,1.026540610393749,False,2.7695575821908813e-05,False,False,True,59468.17354940665,0.18642351283912934,2021-09-10,False,,87,-0.012112116391612554,combined,68717405.21991615,-437.33036891874855,bet_Hyi,1-4,0.17431139644751678,3,1.6770000001997687
115.23908856752696,1.026540610393749,False,0.00018231323816575724,False,False,True,59468.17354940665,0.20764513934061635,2021-09-10,False,,88,-0.007282596713189593,combined,66805270.77466765,-39.94551787055822,bet_Hyi,1-4,0.20036254262742675,4,1.7249999473278876
115.23908856752696,1.026540610393749,False,0.0008788480484308987,False,False,True,59468.17354940665,0.22880782744619294,2021-09-10,False,,89,-0.009084483315265623,combined,64996665.560219534,-10.336807746782986,bet_Hyi,1-4,0.2197233441309273,5,1.7730000081428443
53.72534338031296,1.026540610393749,True,0.004865455067022673,False,True,True,59468.17354940665,0.6769108750461625,2021-09-10,False,,90,0.05361001022794365,combined,35045885.06114947,11.018498678839782,bet_Hyi,2-3,0.7305208852741062,0,1.5330000451285741
53.72534338031296,1.026540610393749,False,0.007429545830312302,False,False,True,59468.17354940665,0.6933998960788247,2021-09-10,False,,91,0.030281564974940833,combined,33981874.53728339,4.075829891430651,bet_Hyi,2-3,0.7236814610537655,1,1.580999992256693
53.72534338031296,1.026540610393749,False,0.003959226189552847,False,False,True,59468.17354940665,0.7087422931895107,2021-09-10,False,,92,0.04048734030792511,combined,32980565.764260236,10.226074078505157,bet_Hyi,2-3,0.7492296334974358,2,1.6290000530716497
53.72534338031296,1.026540610393749,False,0.007182679017182927,False,False,True,59468.17354940665,0.7230320066707528,2021-09-10,False,,93,0.03603503534100028,combined,32036579.233102594,5.016935220799182,bet_Hyi,2-3,0.7590670420117531,3,1.6770000001997687
53.72534338031296,1.026540610393749,True,0.00327471320633739,False,True,True,59468.17354940665,0.7363551536908237,2021-09-10,False,,94,0.053709975048035874,combined,31145127.548285574,16.401428663766225,bet_Hyi,2-3,0.7900651287388596,4,1.7249999473278876
53.72534338031296,1.026540610393749,False,0.003626503494911345,False,False,True,59468.17354940665,0.748790404369514,2021-09-10,False,,95,0.047254278010033235,combined,30301941.98170838,13.03025850556596,bet_Hyi,2-3,0.7960446823795473,5,1.7730000081428443
81.39351518509909,1.026540610393749,False,0.002168570480878623,False,False,True,59468.17354940665,0.39126884796039013,2021-09-10,False,,96,-0.020171917273821893,combined,53094267.964142516,-9.301942201873464,bet_Hyi,2-4,0.37109693068656824,0,1.5330000451285741
81.39351518509909,1.026540610393749,False,0.003724682048394726,False,False,True,59468.17354940665,0.4157751341724593,2021-09-10,False,,97,-0.014277626757457862,combined,51482299.5469591,-3.8332471260496646,bet_Hyi,2-4,0.40149750741500145,1,1.580999992256693
81.39351518509909,1.026540610393749,False,0.005228077821576409,False,False,False,59468.17354940665,0.4392233093879346,2021-09-10,False,,98,-0.012522055402611643,combined,49965323.83877037,-2.39515474519771,bet_Hyi,2-4,0.42670125398532294,2,1.6290000530716497
81.39351518509909,1.026540610393749,False,0.0014486310121511778,False,False,True,59468.17354940665,0.46162101789867077,2021-09-10,False,,99,-0.010203273593698825,combined,48535190.92152849,-7.043390282351639,bet_Hyi,2-4,0.45141774430497195,3,1.6770000001997687
81.39351518509909,1.026540610393749,False,9.200998322831896e-05,False,False,True,59468.17354940665,0.48298745606153226,2021-09-10,False,,100,-0.017500448780996436,combined,47184647.92487778,-190.20162994237046,bet_Hyi,2-4,0.4654870072805358,4,1.7249999473278876
81.39351518509909,1.026540610393749,False,0.0003588415974047281,False,False,True,59468.17354940665,0.5033500035182631,2021-09-10,False,,101,-0.013335434464188611,combined,45907227.75594116,-37.16245429915396,bet_Hyi,2-4,0.4900145690540745,5,1.7730000081428443
63.968771273875916,1.026540610393749,False,0.0039820194023961605,False,False,False,59468.17354940665,0.5705377805295964,2021-09-10,False,,102,0.010308976782989365,combined,41727833.914388955,2.588881605344763,bet_Hyi,3-4,0.5808467573125857,0,1.5330000451285741
63.968771273875916,1.026540610393749,False,0.003166659811186275,False,False,False,59468.17354940665,0.5909284611228095,2021-09-10,False,,103,0.009477528405614999,combined,40460956.09562145,2.9929101863532934,bet_Hyi,3-4,0.6004059895284245,1,1.580999992256693
63.968771273875916,1.026540610393749,False,0.003047730422947375,False,False,False,59468.17354940665,0.6100641819848817,2021-09-10,False,,104,0.007598308820761068,combined,39268734.92315492,2.493103971253782,bet_Hyi,3-4,0.6176624908056427,2,1.6290000530716497
63.968771273875916,1.026540610393749,False,0.00158004231480387,False,False,True,59468.17354940665,0.6280257716809077,2021-09-10,False,,105,0.009882817357998896,combined,38144765.215417884,6.254780182406473,bet_Hyi,3-4,0.6379085890389066,3,1.6770000001997687
63.968771273875916,1.026540610393749,False,0.0007856957585638076,False,False,True,59468.17354940665,0.6448911030234397,2021-09-10,False,,106,0.014460938358639819,combined,37083346.79833862,18.405264634587464,bet_Hyi,3-4,0.6593520413820795,4,1.7249999473278876
63.968771273875916,1.026540610393749,False,0.00036809902056059846,False,False,True,59468.17354940665,0.6607342869036261,2021-09-10,False,,107,0.01748374536199626,combined,36079397.05588663,47.497397128004565,bet_Hyi,3-4,0.6782180322656224,5,1.7730000081428443
82.08357644152099,1.026540610393749,False,2.0732748507151057e-05,False,False,True,59468.1831678733,0.38450944128167025,2021-09-10,False,,108,-0.004403724136556431,combined,53544405.75677645,-212.40426154966937,bet_Hyi,1-2,0.3801057171451138,0,1.5330000451285741
82.08357644152099,1.026540610393749,False,2.1128674851923518e-05,False,False,True,59468.1831678733,0.4090952814728524,2021-09-10,False,,109,-0.00282634287703154,combined,51918770.93203287,-133.76810883027218,bet_Hyi,1-2,0.40626893859582086,1,1.580999992256693
82.08357644152099,1.026540610393749,False,0.0005500740900896863,False,False,False,59468.1831678733,0.43264108383543454,2021-09-10,False,,110,0.0012207951838202336,combined,50388934.17268086,2.2193286428400767,bet_Hyi,1-2,0.43386187901925477,2,1.6290000530716497
82.08357644152099,1.026540610393749,False,0.00027225287048122563,False,False,True,59468.1831678733,0.45515051570983117,2021-09-10,False,,111,0.0019187836033713879,combined,48946676.46496301,7.047799349111751,bet_Hyi,1-2,0.45706929931320256,3,1.6770000001997687
82.08357644152099,1.026540610393749,False,0.0003207538724756851,False,False,True,59468.1831678733,0.47663944251297785,2021-09-10,False,,112,0.0088998558411445,combined,47584683.448061906,27.746682440503218,bet_Hyi,1-2,0.48553929835412235,4,1.7249999473278876
82.08357644152099,1.026540610393749,False,6.566596613324123e-05,False,False,True,59468.1831678733,0.49713246842049647,2021-09-10,False,,113,0.010686168996343837,combined,46296433.200528115,162.73527407882477,bet_Hyi,1-2,0.5078186374168403,5,1.7730000081428443
128.3423928978001,1.026540610393749,False,0.00047663254429053284,False,False,True,59468.1831678733,0.06284889117367803,2021-09-10,False,,114,0.0018090371240402359,combined,83719758.06891505,3.7954544768506864,bet_Hyi,1-3,0.06465792829771827,0,1.5330000451285741
128.3423928978001,1.026540610393749,False,0.0003974870941331713,False,False,False,59468.1831678733,0.07845372525119008,2021-09-10,False,,115,2.2865424862433814e-05,combined,81177984.52016833,0.057524949111361946,bet_Hyi,1-3,0.07847659067605252,1,1.580999992256693
128.3423928978001,1.026540610393749,False,0.000520839929722963,False,False,False,59468.1831678733,0.09508237885128515,2021-09-10,False,,116,0.0014026476361135437,combined,78785996.75659746,2.693049353684572,bet_Hyi,1-3,0.09648502648739869,2,1.6290000530716497
128.3423928978001,1.026540610393749,False,0.0004083513422978582,False,False,True,59468.1831678733,0.1125265341004815,2021-09-10,False,,117,0.0012725733574143056,combined,76530943.87746668,3.116368738384285,bet_Hyi,1-3,0.1137991074578958,3,1.6770000001997687
128.3423928978001,1.026540610393749,False,0.0006295862240876394,False,False,False,59468.1831678733,0.13059595786390057,2021-09-10,False,,118,0.0016058710806047816,combined,74401389.45894402,2.5506769671333243,bet_Hyi,1-3,0.13220182894450536,4,1.7249999473278876
128.3423928978001,1.026540610393749,False,0.0007167879668457042,False,False,False,59468.1831678733,0.14911988125878967,2021-09-10,False,,119,0.0008453766665525719,combined,72387136.10172753,1.1793957287993198,bet_Hyi,1-3,0.14996525792534224,5,1.7730000081428443
114.68597689245638,1.026540610393749,False,0.00041431171957643625,False,False,True,59468.1831678733,0.12699542363779343,2021-09-10,False,,120,-0.006088208538697945,combined,74811463.48096654,-14.694753372948536,bet_Hyi,1-4,0.12090721509909548,0,1.5330000451285741
114.68597689245638,1.026540610393749,False,0.0015713498055750722,False,False,True,59468.1831678733,0.1476638673787036,2021-09-10,False,,121,-0.007998072009383683,combined,72540150.1923827,-5.089937314407597,bet_Hyi,1-4,0.13966579536931992,1,1.580999992256693
114.68597689245638,1.026540610393749,False,0.0010418162844400057,False,False,True,59468.1831678733,0.16872661625086596,2021-09-10,False,,122,-0.008526647890713335,combined,70402684.56480649,-8.184406423726191,bet_Hyi,1-4,0.16019996836015263,2,1.6290000530716497
114.68597689245638,1.026540610393749,False,0.0005463022330643087,False,False,True,59468.1831678733,0.189998019992496,2021-09-10,False,,123,-0.008873743513371363,combined,68387583.11198252,-16.243286181711028,bet_Hyi,1-4,0.18112427647912463,3,1.6770000001997687
114.68597689245638,1.026540610393749,False,0.00023175228057270935,False,False,True,59468.1831678733,0.21132068371411222,2021-09-10,False,,124,-0.004768643261962163,combined,66484626.31556063,-20.576467468530744,bet_Hyi,1-4,0.20655204045215006,4,1.7249999473278876
114.68597689245638,1.026540610393749,False,0.0007241661905875831,False,False,True,59468.1831678733,0.23256282960890892,2021-09-10,False,,125,-0.00481016546670765,combined,64684701.841928326,-6.642350235661675,bet_Hyi,1-4,0.22775266414220127,5,1.7730000081428443
53.508726086217095,1.026540610393749,False,0.001734939421240798,False,False,True,59468.1831678733,0.6791108157441637,2021-09-10,False,,126,0.03157525117730975,combined,34904582.198971346,18.199627485971636,bet_Hyi,2-3,0.7106860669214734,0,1.5330000451285741
53.508726086217095,1.026540610393749,False,0.0011008219695803124,False,False,True,59468.1831678733,0.6955097612814326,2021-09-10,False,,127,0.008837073422604647,combined,33844861.70037207,8.027704448861767,bet_Hyi,2-3,0.7043468347040373,1,1.580999992256693
53.508726086217095,1.026540610393749,False,0.0009952226650739974,False,False,True,59468.1831678733,0.7107658897051116,2021-09-10,False,,128,0.02271777382477891,combined,32847590.142996497,22.8268252141241,bet_Hyi,2-3,0.7334836635298905,2,1.6290000530716497
53.508726086217095,1.026540610393749,False,0.003007095826990951,False,False,True,59468.1831678733,0.7249731749380031,2021-09-10,False,,129,0.016906998701449405,combined,31907409.707717944,5.622367784124587,bet_Hyi,2-3,0.7418801736394525,3,1.6770000001997687
53.508726086217095,1.026540610393749,False,0.0007727380068206443,False,False,True,59468.1831678733,0.7382177030656761,2021-09-10,False,,130,0.036044289822832476,combined,31019552.301497065,46.644903582694496,bet_Hyi,2-3,0.7742619928885086,4,1.7249999473278876
53.508726086217095,1.026540610393749,False,0.0017010656456366727,False,False,True,59468.1831678733,0.7505780675785749,2021-09-10,False,,131,0.02978180382654627,combined,30179766.407483336,17.507733404021323,bet_Hyi,2-3,0.7803598714051212,5,1.7730000081428443
81.52882729919435,1.026540610393749,False,0.000490714638196614,False,False,True,59468.1831678733,0.3899403948619397,2021-09-10,False,,132,-0.014984930659644402,combined,53182534.18078435,-30.536954664149246,bet_Hyi,2-4,0.3749554642022953,0,1.5330000451285741
81.52882729919435,1.026540610393749,False,0.002773800963333231,False,False,False,59468.1831678733,0.41446282406172397,2021-09-10,False,,133,-0.005792394680779023,combined,51567885.9573057,-2.088251737362726,bet_Hyi,2-4,0.40867042938094494,1,1.580999992256693
81.52882729919435,1.026540610393749,False,0.00346708379060548,False,False,False,59468.1831678733,0.4379306273499553,2021-09-10,False,,134,-0.004557371004677679,combined,50048388.36282615,-1.31446808901085,bet_Hyi,2-4,0.4333732563452776,2,1.6290000530716497
81.52882729919435,1.026540610393749,False,0.00010256502100811414,False,False,True,59468.1831678733,0.4603506740272905,2021-09-10,False,,135,-0.0032017565140702864,combined,48615877.93052022,-31.216846470659704,bet_Hyi,2-4,0.45714891751322023,3,1.6770000001997687
81.52882729919435,1.026540610393749,False,0.00029071170576317417,False,False,True,59468.1831678733,0.4817415121609393,2021-09-10,False,,136,-0.008498711616625965,combined,47263089.73254558,-29.2341568920151,bet_Hyi,2-4,0.47324280054431334,4,1.7249999473278876
81.52882729919435,1.026540610393749,False,0.0003125320136353571,False,False,True,59468.1831678733,0.5021299818748155,2021-09-10,False,,137,-0.005112554302910577,combined,45983545.92484912,-16.358497945351566,bet_Hyi,2-4,0.4970174275719049,5,1.7730000081428443
64.75248028257724,1.026540610393749,False,0.006041029905614751,False,False,False,59468.1831678733,0.5623019043560352,2021-09-10,False,,138,-0.00870745311033505,combined,42239059.60625486,-1.4413855329936425,bet_Hyi,3-4,0.5535944512457002,0,1.5330000451285741
64.75248028257724,1.026540610393749,False,0.0032792764825696603,False,False,False,59468.1831678733,0.5829547918793831,2021-09-10,False,,139,-0.006414209082909683,combined,40956660.720883764,-1.9559830093629285,bet_Hyi,3-4,0.5765405827964735,1,1.580999992256693
64.75248028257724,1.026540610393749,False,0.001191629325519852,False,False,True,59468.1831678733,0.602350811184417,2021-09-10,False,,140,-0.0053812538027482315,combined,39749833.132589325,-4.515878962949022,bet_Hyi,3-4,0.5969695573816688,2,1.6290000530716497
64.75248028257724,1.026540610393749,False,0.001048421018877778,False,False,False,59468.1831678733,0.6205688308227252,2021-09-10,False,,141,0.0025569230196964554,combined,38612093.18715787,2.4388322760195775,bet_Hyi,3-4,0.6231257538424216,3,1.6770000001997687
64.75248028257724,1.026540610393749,False,0.001489964057089448,False,False,True,59468.1831678733,0.6376852747942592,2021-09-10,False,,142,0.009485417989680722,combined,37537670.87522647,6.366205912517041,bet_Hyi,3-4,0.6471706927839399,4,1.7249999473278876
64.75248028257724,1.026540610393749,False,6.140521434282996e-05,False,False,True,59468.1831678733,0.6537732073358997,2021-09-10,False,,143,0.018158163612436273,combined,36521421.311443314,295.7104507616873,bet_Hyi,3-4,0.671931370948336,5,1.7730000081428443
89.63918245417725,1.0536032314523827,False,0.0016785112617739625,False,False,False,58851.1218724465,0.709381227493271,2020-01-02,False,,0,0.004983923021084635,combined,58473046.19398046,2.9692520596002994,gam_Lep,1-2,0.7143651505143557,0,1.5330000451285741
89.63918245417725,1.0536032314523827,False,0.0017256393876169767,False,False,True,58851.1218724465,0.7245071568040389,2020-01-02,False,,1,-0.00551445014240548,combined,56697775.39102183,-3.1955982124519453,gam_Lep,1-2,0.7189927066616334,1,1.580999992256693
89.63918245417725,1.0536032314523827,False,0.0016099368670360185,False,False,True,58851.1218724465,0.7385484260847303,2020-01-02,False,,2,0.009190715441606656,combined,55027120.6468982,5.7087427648807525,gam_Lep,1-2,0.7477391415263369,2,1.6290000530716497
89.63918245417725,1.0536032314523827,False,0.001205034961240278,False,False,True,58851.1218724465,0.751598559392871,2020-01-02,False,,3,0.0072521643679489545,combined,53452106.40637996,6.01821905688503,gam_Lep,1-2,0.75885072376082,3,1.6770000001997687
89.63918245417725,1.0536032314523827,False,0.0018954637041909733,False,False,True,58851.1218724465,0.763742449193299,2020-01-02,False,,4,0.011090095069801964,combined,51964745.038417466,5.850861214214317,gam_Lep,1-2,0.774832544263101,4,1.7249999473278876
89.63918245417725,1.0536032314523827,False,0.000965327408029748,False,False,True,58851.1218724465,0.775056991502073,2020-01-02,False,,5,0.0056692746284370266,combined,50557914.29356572,5.8729034121263854,gam_Lep,1-2,0.78072626613051,5,1.7730000081428443
127.40940122983196,1.0536032314523827,False,0.0031963450265780325,False,False,False,58851.1218724465,0.4887708356160595,2020-01-02,False,,6,0.007518254579041261,combined,83111152.95443192,2.3521411226028412,gam_Lep,1-3,0.49628909019510076,0,1.5330000451285741
127.40940122983196,1.0536032314523827,False,0.0027823017576035086,False,False,False,58851.1218724465,0.5114830722473541,2020-01-02,False,,7,-0.006581431266266646,combined,80587856.96005596,-2.365462785724384,gam_Lep,1-3,0.5049016409810875,1,1.580999992256693
127.40940122983196,1.0536032314523827,False,0.002855579894252875,False,False,False,58851.1218724465,0.53296506891873,2020-01-02,False,,8,-0.0028454863435266597,combined,78213257.87533784,-0.996465323647036,gam_Lep,1-3,0.5301195825752033,2,1.6290000530716497
127.40940122983196,1.0536032314523827,False,0.00312662406747606,False,False,False,58851.1218724465,0.5532722755114108,2020-01-02,False,,9,-0.007929557564285261,combined,75974598.21982983,-2.5361403843751282,gam_Lep,1-3,0.5453427179471255,3,1.6770000001997687
127.40940122983196,1.0536032314523827,False,0.002757351622647358,False,False,True,58851.1218724465,0.5724629996046211,2020-01-02,False,,10,-0.011689351142656457,combined,73860524.70737496,-4.239340041598831,gam_Lep,1-3,0.5607736484619646,4,1.7249999473278876
127.40940122983196,1.0536032314523827,False,0.0025343579775433138,False,False,True,58851.1218724465,0.5905964491958813,2020-01-02,False,,11,-0.009369098839204781,combined,71860914.0691933,-3.6968332501656853,gam_Lep,1-3,0.5812273503566765,5,1.7730000081428443
126.1094038870788,1.0536032314523827,False,0.0013246470827310214,False,False,True,58851.1218724465,0.49638741654339985,2020-01-02,False,,12,0.020441362950650743,combined,82263144.27570802,15.431553971724181,gam_Lep,1-4,0.5168287794940506,0,1.5330000451285741
126.1094038870788,1.0536032314523827,False,0.0007847618365229394,False,False,False,58851.1218724465,0.5189122171674911,2020-01-02,False,,13,0.0015504757992540474,combined,79765594.24713996,1.975727828615842,gam_Lep,1-4,0.5204626929667452,1,1.580999992256693
126.1094038870788,1.0536032314523827,False,0.000161608521621437,False,False,True,58851.1218724465,0.5402000928561739,2020-01-02,False,,14,0.010114263052507622,combined,77415223.9278853,62.58496118292556,gam_Lep,1-4,0.5503143559086815,2,1.6290000530716497
126.1094038870788,1.0536032314523827,False,0.002923325579278676,False,False,False,58851.1218724465,0.5603094329208845,2020-01-02,False,,15,0.0066579083899855895,combined,75199406.00599661,2.277511761665772,gam_Lep,1-4,0.5669673413108701,3,1.6770000001997687
126.1094038870788,1.0536032314523827,False,0.0021915008108232075,False,False,True,58851.1218724465,0.5793008756227311,2020-01-02,False,,16,0.01563396726116506,combined,73106903.03639062,7.13390895588689,gam_Lep,1-4,0.5949348428838962,4,1.7249999473278876
126.1094038870788,1.0536032314523827,False,0.0015098563338778461,False,False,True,58851.1218724465,0.5972354630028692,2020-01-02,False,,17,0.02177458121394482,combined,71127695.04111509,14.421624578028547,gam_Lep,1-4,0.619010044216814,5,1.7730000081428443
57.505488896544605,1.0536032314523827,False,0.0014007803842927926,False,False,True,58851.1218724465,0.8702737963469362,2020-01-02,False,,18,0.009293569887847686,combined,37511733.335742705,6.6345659834033865,gam_Lep,2-3,0.8795673662347839,0,1.5330000451285741
57.505488896544605,1.0536032314523827,False,0.00019488915407087502,False,False,True,58851.1218724465,0.8776137016542759,2020-01-02,False,,19,-0.01281903402041995,combined,36372858.43022822,-65.7760257697977,gam_Lep,2-3,0.8647946676338559,1,1.580999992256693
57.505488896544605,1.0536032314523827,False,0.00031647871417663843,False,False,True,58851.1218724465,0.8843594479149988,2020-01-02,False,,20,0.005091815288262969,combined,35301097.00617382,16.088966051034443,gam_Lep,2-3,0.8894512632032617,2,1.6290000530716497
57.505488896544605,1.0536032314523827,False,0.00010945892111235078,False,False,True,58851.1218724465,0.8905721660911271,2020-01-02,False,,21,-0.00720132666769413,combined,34290691.049310915,-65.7902215234019,gam_Lep,2-3,0.883370839423433,3,1.6770000001997687
57.505488896544605,1.0536032314523827,False,0.0003308871633739928,False,False,True,58851.1218724465,0.8963055389366905,2020-01-02,False,,22,0.011930963452705723,combined,33336516.320260487,36.05749866827102,gam_Lep,2-3,0.9082365023893962,4,1.7249999473278876
57.505488896544605,1.0536032314523827,False,0.000663466405714359,False,False,True,58851.1218724465,0.9016067955335744,2020-01-02,False,,23,0.01594502065620418,combined,32434003.740800656,24.032898303322625,gam_Lep,2-3,0.9175518161897785,5,1.7730000081428443
90.00199165499066,1.0536032314523827,False,0.0010299382008291432,False,False,True,58851.1218724465,0.7073498367151606,2020-01-02,False,,24,0.018155828880429103,combined,58709712.33235816,17.62807600088326,gam_Lep,2-4,0.7255056655955897,0,1.5330000451285741
90.00199165499066,1.0536032314523827,False,0.0016753305594872708,False,False,True,58851.1218724465,0.7225633972474856,2020-01-02,False,,25,-0.005110632630660472,combined,56927256.22757488,-3.050521941308445,gam_Lep,2-4,0.7174527646168252,1,1.580999992256693
90.00199165499066,1.0536032314523827,False,0.0008583310592867002,False,False,True,58851.1218724465,0.7366880143541429,2020-01-02,False,,26,0.007881989911658449,combined,55249839.60883396,9.182925196961447,gam_Lep,2-4,0.7445700042658013,2,1.6290000530716497
90.00199165499066,1.0536032314523827,False,0.0015780286695911616,False,False,False,58851.1218724465,0.7498173028746449,2020-01-02,False,,27,-0.0026098655615128807,combined,53668450.59288574,-1.653877151794111,gam_Lep,2-4,0.747207437313132,3,1.6770000001997687
90.00199165499066,1.0536032314523827,False,0.00021355958595522078,False,False,True,58851.1218724465,0.7620362861236645,2020-01-02,False,,28,-0.018195827832778178,combined,52175069.219224215,-85.20258058841472,gam_Lep,2-4,0.7438404582908863,4,1.7249999473278876
90.00199165499066,1.0536032314523827,False,0.001259051665304668,False,False,True,58851.1218724465,0.7734220165608542,2020-01-02,False,,29,-0.0040245807898996455,combined,50762544.41152801,-3.1965175860561437,gam_Lep,2-4,0.7693974357709545,5,1.7730000081428443
48.64824141968107,1.0536032314523827,False,0.0011465561561805097,False,False,True,58851.1218724465,0.9056356759860068,2020-01-02,False,,30,-0.003592893043831036,combined,31734011.73357493,-3.1336389626129955,gam_Lep,3-4,0.9020427829421758,0,1.5330000451285741
48.64824141968107,1.0536032314523827,False,0.000535062704644641,False,False,True,58851.1218724465,0.9110608197148393,2020-01-02,False,,31,-0.01030164802635114,combined,30770551.333299745,-19.25316030612323,gam_Lep,3-4,0.9007591716884882,1,1.580999992256693
48.64824141968107,1.0536032314523827,False,8.229605273631876e-05,False,False,True,58851.1218724465,0.9160371955949473,2020-01-02,False,,32,0.0019953070615399415,combined,29863867.30187622,24.24547709393814,gam_Lep,3-4,0.9180325026564873,2,1.6290000530716497
48.64824141968107,1.0536032314523827,False,0.00034319513300703775,False,False,True,58851.1218724465,0.920612294736559,2020-01-02,False,,33,0.0013563804885152742,combined,29009088.49963385,3.952213647760149,gam_Lep,3-4,0.9219686752250743,3,1.6770000001997687
48.64824141968107,1.0536032314523827,False,0.00094268278880414,False,False,True,58851.1218724465,0.9248276062498824,2020-01-02,False,,34,0.011476246660279799,combined,28201879.945005022,12.174027993911114,gam_Lep,3-4,0.9363038529101622,4,1.7249999473278876
48.64824141968107,1.0536032314523827,False,0.0023200283629897876,False,False,False,58851.1218724465,0.9287194618053105,2020-01-02,False,,35,-0.0014098752825073557,combined,27438376.309224278,-0.6076974337893307,gam_Lep,3-4,0.9273095865228032,5,1.7730000081428443
90.23567233448934,1.0536032314523827,False,0.0044966660408828915,False,False,False,58851.133385616435,0.7060396657298624,2020-01-02,False,,36,0.002690068057011774,combined,58862145.90875709,0.5982361226193255,gam_Lep,1-2,0.7087297337868742,0,1.5330000451285741
90.23567233448934,1.0536032314523827,False,0.003945671811221962,False,False,False,58851.133385616435,0.7213095917592378,2020-01-02,False,,37,-0.009314215667746595,combined,57075061.84467999,-2.3606159136844203,gam_Lep,1-2,0.7119953760914912,1,1.580999992256693
90.23567233448934,1.0536032314523827,False,0.0037227366083787423,False,False,False,58851.133385616435,0.735487838412747,2020-01-02,False,,38,0.0025444463988708588,combined,55393289.99059303,0.6834881611404061,gam_Lep,1-2,0.7380322848116179,2,1.6290000530716497
90.23567233448934,1.0536032314523827,False,0.0034392376499523137,False,False,False,58851.133385616435,0.7486680747968582,2020-01-02,False,,39,0.004387351617583635,combined,53807795.06484211,1.2756756188815468,gam_Lep,1-2,0.7530554264144418,3,1.6770000001997687
90.23567233448934,1.0536032314523827,False,0.0037698568716612686,False,False,False,58851.133385616435,0.7609354050398414,2020-01-02,False,,40,0.007054294283868501,combined,52310536.283939585,1.871236634180192,gam_Lep,1-2,0.7679896993237099,4,1.7249999473278876
90.23567233448934,1.0536032314523827,False,0.002469091891381813,False,False,True,58851.133385616435,0.7723669795079154,2020-01-02,False,,41,0.009525127621635043,combined,50894344.00454857,3.8577452928673144,gam_Lep,1-2,0.7818921071295505,5,1.7730000081428443
128.563477102305,1.0536032314523827,False,0.0033665938393400894,False,False,True,58851.133385616435,0.48202519759680335,2020-01-02,False,,42,0.013189396169380863,combined,83863974.76689067,3.917727174349672,gam_Lep,1-3,0.4952145937661842,0,1.5330000451285741
128.563477102305,1.0536032314523827,False,0.0033157593783074446,False,False,False,58851.133385616435,0.5048982298686608,2020-01-02,False,,43,-0.002586899654771768,combined,81317822.7273712,-0.7801831676013449,gam_Lep,1-3,0.5023113302138891,1,1.580999992256693
128.563477102305,1.0536032314523827,False,0.003508531798104683,False,False,False,58851.133385616435,0.5265477135180258,2020-01-02,False,,44,-0.0008301326809608822,combined,78921714.49588668,-0.23660400667006118,gam_Lep,1-3,0.5257175808370649,2,1.6290000530716497
128.563477102305,1.0536032314523827,False,0.003579912245705813,False,False,False,58851.133385616435,0.5470263985459137,2020-01-02,False,,45,-0.0030795481399671365,combined,76662777.03457971,-0.8602300639243672,gam_Lep,1-3,0.5439468504059466,3,1.6770000001997687
128.563477102305,1.0536032314523827,False,0.0026088961555266726,False,False,False,58851.133385616435,0.5663904419308922,2020-01-02,False,,46,-0.004591836488800349,combined,74529554.2190922,-1.7600687091638454,gam_Lep,1-3,0.5617986054420918,4,1.7249999473278876
128.563477102305,1.0536032314523827,False,0.0018208762742092906,False,False,False,58851.133385616435,0.5846973506814216,2020-01-02,False,,47,-0.003102308456256253,combined,72511831.08395514,-1.7037447849681167,gam_Lep,1-3,0.5815950422251653,5,1.7730000081428443
127.20775006152277,1.0536032314523827,False,7.409551414500591e-05,False,False,True,58851.133385616435,0.4899510868879934,2020-01-02,False,,48,-0.00577081657632017,combined,82979612.73109666,-77.8834811109699,gam_Lep,1-4,0.4841802703116732,0,1.5330000451285741
127.20775006152277,1.0536032314523827,False,0.0016607594543082943,False,False,True,58851.133385616435,0.5126346845208524,2020-01-02,False,,49,-0.021757253385982778,combined,80460310.36341028,-13.100785504812716,gam_Lep,1-4,0.4908774311348696,1,1.580999992256693
127.20775006152277,1.0536032314523827,False,0.00042097132165294296,False,False,True,58851.133385616435,0.5340869460917617,2020-01-02,False,,50,-0.01746296306974915,combined,78089469.56242222,-41.48254803006738,gam_Lep,1-4,0.5166239830220125,2,1.6290000530716497
127.20775006152277,1.0536032314523827,False,0.0015116005882672924,False,False,True,58851.133385616435,0.5543637845486781,2020-01-02,False,,51,-0.019661714707155276,combined,75854353.03897999,-13.007215569883428,gam_Lep,1-4,0.5347020698415228,3,1.6770000001997687
127.20775006152277,1.0536032314523827,False,0.0016396308588200528,False,False,True,58851.133385616435,0.573523875402502,2020-01-02,False,,52,-0.005521487324765761,combined,73743625.47580017,-3.3675185454482452,gam_Lep,1-4,0.5680023880777363,4,1.7249999473278876
127.20775006152277,1.0536032314523827,False,0.00027539605886261944,False,False,True,58851.133385616435,0.5916267168527386,2020-01-02,False,,53,0.0030737988652003168,combined,71747179.62622485,11.161375648929212,gam_Lep,1-4,0.5947005157179389,5,1.7730000081428443
57.90178171618331,1.0536032314523827,False,0.0010409913306396739,False,False,True,58851.133385616435,0.868583549523439,2020-01-02,False,,54,0.020017169420504355,combined,37770241.364426725,19.228949205757647,gam_Lep,2-3,0.8886007189439433,0,1.5330000451285741
57.90178171618331,1.0536032314523827,False,0.0007131690370833616,False,False,True,58851.133385616435,0.8760132729382707,2020-01-02,False,,55,-0.008794713999385362,combined,36623518.02642027,-12.331878617940275,gam_Lep,2-3,0.8672185589388853,1,1.580999992256693
57.90178171618331,1.0536032314523827,False,0.0005094498239398337,False,False,True,58851.133385616435,0.8828422105995853,2020-01-02,False,,56,0.008488222334162687,combined,35544370.67512886,16.66154729138772,gam_Lep,2-3,0.891330432933748,2,1.6290000530716497
57.90178171618331,1.0536032314523827,False,0.0007931693081297464,False,False,True,58851.133385616435,0.8891320877304051,2020-01-02,False,,57,-0.0027113091772864584,combined,34527001.61555509,-3.418323363620297,gam_Lep,2-3,0.8864207785531186,3,1.6770000001997687
57.90178171618331,1.0536032314523827,False,0.0007743553037044244,False,False,True,58851.133385616435,0.8949371231003883,2020-01-02,False,,58,0.021944531644693788,combined,33566251.29518183,28.339099041116835,gam_Lep,2-3,0.9168816547450821,4,1.7249999473278876
57.90178171618331,1.0536032314523827,False,4.993005734225842e-05,False,False,True,58851.133385616435,0.9003050285366478,2020-01-02,False,,59,0.01621389275156926,combined,32657519.14848179,324.7321075645269,gam_Lep,2-3,0.9165189212882171,5,1.7730000081428443
90.2074931970077,1.0536032314523827,False,0.0015466525852022696,False,False,True,58851.133385616435,0.706197730250313,2020-01-02,False,,60,0.008497303508265719,combined,58843764.2149201,5.493996253304973,gam_Lep,2-4,0.7146950337585787,0,1.5330000451285741
90.2074931970077,1.0536032314523827,False,0.004788485959889153,False,False,False,58851.133385616435,0.7214608624999599,2020-01-02,False,,61,-0.01428582889571206,combined,57057238.228222266,-2.9833707387632726,gam_Lep,2-4,0.7071750336042478,1,1.580999992256693
90.2074931970077,1.0536032314523827,False,0.002008657210309993,False,False,False,58851.133385616435,0.735632644339238,2020-01-02,False,,62,0.0014313671508398018,combined,55375991.56421883,0.7125990156473244,gam_Lep,2-4,0.7370640114900778,2,1.6290000530716497
90.2074931970077,1.0536032314523827,False,0.002602437582676976,False,False,True,58851.133385616435,0.748806738505875,2020-01-02,False,,63,-0.01234888316079441,combined,53790991.76282763,-4.745121743935097,gam_Lep,2-4,0.7364578553450806,3,1.6770000001997687
90.2074931970077,1.0536032314523827,False,0.0024237346753460424,False,False,True,58851.133385616435,0.7610682395274271,2020-01-02,False,,64,-0.02806235614226038,combined,52294200.55156736,-11.578146910100154,gam_Lep,2-4,0.7330058833851667,4,1.7249999473278876
90.2074931970077,1.0536032314523827,False,0.0005866152116058123,False,False,True,58851.133385616435,0.7724942860828702,2020-01-02,False,,65,-0.012449516875739142,combined,50878450.52606452,-21.222628785332013,gam_Lep,2-4,0.760044769207131,5,1.7730000081428443
48.64063780527265,1.0536032314523827,False,0.0018487653753537763,False,False,False,58851.133385616435,0.9056639629214461,2020-01-02,False,,66,-0.005500009659887173,combined,31729051.77650736,-2.974963580132336,gam_Lep,3-4,0.900163953261559,0,1.5330000451285741
48.64063780527265,1.0536032314523827,False,0.000764858239799991,False,False,True,58851.133385616435,0.9110875481613284,2020-01-02,False,,67,-0.0166839185947234,combined,30765741.962998882,-21.813086042043835,gam_Lep,3-4,0.894403629566605,1,1.580999992256693
48.64063780527265,1.0536032314523827,False,0.0003783386466871887,False,False,True,58851.133385616435,0.9160624869589893,2020-01-02,False,,68,-0.007548895113655196,combined,29859199.644319005,-19.95274651361916,gam_Lep,3-4,0.9085135918453341,2,1.6290000530716497
48.64063780527265,1.0536032314523827,False,0.0005952752908909735,False,False,True,58851.133385616435,0.9206362585956851,2020-01-02,False,,69,0.003105926654010549,combined,29004554.442145765,5.217630735792475,gam_Lep,3-4,0.9237421852496956,3,1.6770000001997687
48.64063780527265,1.0536032314523827,False,0.0022196310566637233,False,False,True,58851.133385616435,0.9248503416838922,2020-01-02,False,,70,0.008570706899043157,combined,28197472.052459747,3.8613204988785794,gam_Lep,3-4,0.9334210485829354,4,1.7249999473278876
48.64063780527265,1.0536032314523827,False,7.392697341278363e-05,False,False,True,58851.133385616435,0.9287410585720849,2020-01-02,False,,71,0.014365325072643431,combined,27434087.750637982,194.3177761712526,gam_Lep,3-4,0.9431063836447283,5,1.7730000081428443
74.24126787425504,1.0118515242909991,True,0.0001462392380533607,False,True,True,59263.154046743235,0.7918407189621255,2021-02-17,False,,72,0.0637931617399441,combined,48428744.74151001,436.2246589158707,gam_Lep,1-2,0.8556338807020696,0,1.5330000451285741
74.24126787425504,1.0118515242909991,False,0.0029455696772980842,False,False,True,59263.154046743235,0.8031760922742909,2021-02-17,False,,73,0.04051850310527083,combined,46958423.93287067,13.755744234316566,gam_Lep,1-2,0.8436945953795617,1,1.580999992256693
74.24126787425504,1.0118515242909991,True,0.0012804208861724386,False,True,True,59263.154046743235,0.8136419088659116,2021-02-17,False,,74,0.058159913426284016,combined,45574748.591484316,45.42249666056402,gam_Lep,1-2,0.8718018222921956,2,1.6290000530716497
74.24126787425504,1.0118515242909991,True,0.0024065367483596632,False,True,True,59263.154046743235,0.8233212504033649,2021-02-17,False,,75,0.06255302620850911,combined,44270284.95254098,25.992965306325086,gam_Lep,1-2,0.885874276611874,3,1.6770000001997687
74.24126787425504,1.0118515242909991,True,0.0025826690088689387,False,True,True,59263.154046743235,0.832288083071257,2021-02-17,False,,76,0.06304559729559034,combined,43038417.47314748,24.411024827064736,gam_Lep,1-2,0.8953336803668474,4,1.7249999473278876
74.24126787425504,1.0118515242909991,True,0.004039777311345918,False,True,True,59263.154046743235,0.8406082801708062,2021-02-17,False,,77,0.07127987540846425,combined,41873247.33969978,17.64450609895529,gam_Lep,1-2,0.9118881555792705,5,1.7730000081428443
95.5581267730704,1.0118515242909991,False,0.004094590668175639,False,False,True,59263.154046743235,0.6758509717082998,2021-02-17,False,,78,-0.013579780493394256,combined,62334066.5101258,-3.3165172281909143,gam_Lep,1-3,0.6622711912149055,0,1.5330000451285741
95.5581267730704,1.0118515242909991,False,0.005110505878445063,False,False,True,59263.154046743235,0.6923857288097761,2021-02-17,False,,79,-0.024522299521058888,combined,60441573.20751932,-4.798409414709472,gam_Lep,1-3,0.6678634292887172,1,1.580999992256693
95.5581267730704,1.0118515242909991,False,0.004918745415789766,False,False,True,59263.154046743235,0.7077716299362617,2021-02-17,False,,80,-0.025670712962186926,combined,58660603.842759594,-5.218955402688833,gam_Lep,1-3,0.6821009169740748,2,1.6290000530716497
95.5581267730704,1.0118515242909991,False,0.005601094997310424,False,False,True,59263.154046743235,0.7221026611279585,2021-02-17,False,,81,-0.03710567313045954,combined,56981590.197786085,-6.624717693286263,gam_Lep,1-3,0.684996987997499,3,1.6770000001997687
95.5581267730704,1.0118515242909991,False,0.007052842051467934,False,False,True,59263.154046743235,0.7354650067470174,2021-02-17,False,,82,-0.03702778229872239,combined,55396017.21211342,-5.250051259976205,gam_Lep,1-3,0.698437224448295,4,1.7249999473278876
95.5581267730704,1.0118515242909991,False,0.003737323545938361,False,False,True,59263.154046743235,0.7479374178390266,2021-02-17,False,,83,-0.03888438690752982,combined,53896292.34867529,-10.404340547338617,gam_Lep,1-3,0.7090530309314967,5,1.7730000081428443
110.81256325644051,1.0118515242909991,True,0.001200429317209976,False,True,True,59263.154046743235,0.5867556033270177,2021-02-17,False,,84,0.13042548301748735,combined,72284774.94737878,108.64903176525276,gam_Lep,1-4,0.7171810863445051,0,1.5330000451285741
110.81256325644051,1.0118515242909991,True,0.004556439847678742,False,True,True,59263.154046743235,0.606616358423398,2021-02-17,False,,85,0.07677534915431317,combined,70090173.18100584,16.849854649881095,gam_Lep,1-4,0.6833917075777112,1,1.580999992256693
110.81256325644051,1.0118515242909991,True,0.0028995946231537375,False,True,True,59263.154046743235,0.6252280719061997,2021-02-17,False,,86,0.09927567471873211,combined,68024898.49370591,34.23777721409731,gam_Lep,1-4,0.7245037466249318,2,1.6290000530716497
110.81256325644051,1.0118515242909991,True,0.009208912025790763,False,True,True,59263.154046743235,0.6426751274293284,2021-02-17,False,,87,0.06425095037777939,combined,66077855.24343484,6.977040305938009,gam_Lep,1-4,0.7069260778071078,3,1.6770000001997687
110.81256325644051,1.0118515242909991,True,0.008449908037144845,False,True,True,59263.154046743235,0.6590379871428759,2021-02-17,False,,88,0.11647520643108189,combined,64239169.06669753,13.784198114236272,gam_Lep,1-4,0.7755131935739578,4,1.7249999473278876
110.81256325644051,1.0118515242909991,True,0.005591510137485994,False,True,True,59263.154046743235,0.674392595560087,2021-02-17,False,,89,0.13036819443361958,combined,62500035.39058796,23.315381932265367,gam_Lep,1-4,0.8047607899937066,5,1.7730000081428443
46.35428219432909,1.0118515242909991,True,0.017532298988193883,False,True,True,59263.154046743235,0.9140010958202158,2021-02-17,False,,90,-0.055104021005609405,combined,30237626.112034008,-3.1430003014844794,gam_Lep,2-3,0.8588970748146064,0,1.5330000451285741
46.35428219432909,1.0118515242909991,True,0.013022940409898548,False,True,True,59263.154046743235,0.9189635067756025,2021-02-17,False,,91,-0.09210066253014026,combined,29319596.724452704,-7.072186436492936,gam_Lep,2-3,0.8268628442454622,1,1.580999992256693
46.35428219432909,1.0118515242909991,True,0.015618909193085584,False,True,True,59263.154046743235,0.9235134050914838,2021-02-17,False,,92,-0.09729999600619377,combined,28455666.472768523,-6.22962812596849,gam_Lep,2-3,0.8262134090852901,2,1.6290000530716497
46.35428219432909,1.0118515242909991,True,0.015987719087184417,False,True,True,59263.154046743235,0.9276947200371927,2021-02-17,False,,93,-0.09109197776908662,combined,27641193.91103592,-5.697621860400647,gam_Lep,2-3,0.836602742268106,3,1.6770000001997687
46.35428219432909,1.0118515242909991,False,0.01805245514111445,False,False,False,59263.154046743235,0.9315457847568692,2021-02-17,False,,94,-0.04386829365096134,combined,26872048.469412547,-2.430045847395646,gam_Lep,2-3,0.8876774911059079,4,1.7249999473278876
46.35428219432909,1.0118515242909991,False,0.018495629368990112,False,False,False,59263.154046743235,0.9351001323641698,2021-02-17,False,,95,-0.041585630691457154,combined,26144547.08484947,-2.2484031152343418,gam_Lep,2-3,0.8935145016727126,5,1.7730000081428443
130.77458696158408,1.0118515242909991,False,0.006903195246457827,False,False,False,59263.154046743235,0.46914826662797904,2021-02-17,False,,96,0.01995273050403773,combined,85306316.44607414,2.890361606717685,gam_Lep,2-4,0.48910099713201677,0,1.5330000451285741
130.77458696158408,1.0118515242909991,False,0.010104989478017388,False,False,False,59263.154046743235,0.4923143638800114,2021-02-17,False,,97,0.012845002629871982,combined,82716374.1948655,1.2711544784697972,gam_Lep,2-4,0.5051593665098834,1,1.580999992256693
130.77458696158408,1.0118515242909991,False,0.00903186259812347,False,False,True,59263.154046743235,0.514271722231989,2021-02-17,False,,98,0.03302604452029345,combined,80279056.29284354,3.6566150294575115,gam_Lep,2-4,0.5472977667522825,2,1.6290000530716497
130.77458696158408,1.0118515242909991,False,0.011596678189846759,False,False,False,59263.154046743235,0.5350676867344181,2021-02-17,False,,99,0.02383111525524384,combined,77981268.30411799,2.054994961928727,gam_Lep,2-4,0.5588988019896619,3,1.6770000001997687
130.77458696158408,1.0118515242909991,False,0.012438416737224659,False,False,False,59263.154046743235,0.5547540832821264,2021-02-17,False,,100,0.017132373346992136,combined,75811357.07520486,1.3773757310864005,gam_Lep,2-4,0.5718864566291185,4,1.7249999473278876
130.77458696158408,1.0118515242909991,False,0.010117725375610946,False,False,True,59263.154046743235,0.5733849708222307,2021-02-17,False,,101,0.0382826136299782,combined,73758931.9576856,3.7837174076951614,gam_Lep,2-4,0.6116675844522089,5,1.7730000081428443
102.96835753118788,1.0118515242909991,False,0.009733753253495228,False,False,True,59263.154046743235,0.6329211936978538,2021-02-17,False,,102,0.03584964509499455,combined,67167876.38616921,3.683023820448864,gam_Lep,3-4,0.6687708387928484,0,1.5330000451285741
102.96835753118788,1.0118515242909991,False,0.01004554554435119,False,False,False,59263.154046743235,0.6511377510294903,2021-02-17,False,,103,0.02795861981840153,combined,65128626.20841165,2.7831858105628937,gam_Lep,3-4,0.6790963708478919,1,1.580999992256693
102.96835753118788,1.0118515242909991,False,0.00967688562896462,False,False,True,59263.154046743235,0.6681440379187901,2021-02-17,False,,104,0.038265263203934974,combined,63209548.297454186,3.9542952837429755,gam_Lep,3-4,0.706409301122725,2,1.6290000530716497
102.96835753118788,1.0118515242909991,True,0.0102607915892372,False,True,True,59263.154046743235,0.6840313893883814,2021-02-17,False,,105,0.05055600059406573,combined,61400332.4501622,4.927105297323764,gam_Lep,3-4,0.7345873899824471,3,1.6770000001997687
102.96835753118788,1.0118515242909991,True,0.011414114066553828,False,True,True,59263.154046743235,0.6988849133856031,2021-02-17,False,,106,0.06605892245307277,combined,59691803.29001811,5.787476984012427,gam_Lep,3-4,0.7649438358386759,4,1.7249999473278876
102.96835753118788,1.0118515242909991,False,0.01667737247389803,False,False,False,59263.154046743235,0.7127834367131475,2021-02-17,False,,107,0.03992581524655148,combined,58075779.50269929,2.3940111254959304,gam_Lep,3-4,0.752709251959699,5,1.7730000081428443
,1.0118515242909991,True,,False,False,False,,,unknown,True,,108,,combined,,,gam_Lep,1-2,,0,1.5330000451285741
,1.0118515242909991,True,,False,False,False,,,unknown,True,,109,,combined,,,gam_Lep,1-2,,1,1.580999992256693
,1.0118515242909991,True,,False,False,False,,,unknown,True,,110,,combined,,,gam_Lep,1-2,,2,1.6290000530716497
,1.0118515242909991,True,,False,False,False,,,unknown,True,,111,,combined,,,gam_Lep,1-2,,3,1.6770000001997687
,1.0118515242909991,True,,False,False,False,,,unknown,True,,112,,combined,,,gam_Lep,1-2,,4,1.7249999473278876
,1.0118515242909991,True,,False,False,False,,,unknown,True,,113,,combined,,,gam_Lep,1-2,,5,1.7730000081428443
,1.0118515242909991,True,,False,False,False,,,unknown,True,,114,,combined,,,gam_Lep,1-3,,0,1.5330000451285741
,1.0118515242909991,True,,False,False,False,,,unknown,True,,115,,combined,,,gam_Lep,1-3,,1,1.580999992256693
,1.0118515242909991,True,,False,False,False,,,unknown,True,,116,,combined,,,gam_Lep,1-3,,2,1.6290000530716497
,1.0118515242909991,True,,False,False,False,,,unknown,True,,117,,combined,,,gam_Lep,1-3,,3,1.6770000001997687
,1.0118515242909991,True,,False,False,False,,,unknown,True,,118,,combined,,,gam_Lep,1-3,,4,1.7249999473278876
,1.0118515242909991,True,,False,False,False,,,unknown,True,,119,,combined,,,gam_Lep,1-3,,5,1.7730000081428443
,1.0118515242909991,True,,False,False,False,,,unknown,True,,120,,combined,,,gam_Lep,1-4,,0,1.5330000451285741
,1.0118515242909991,True,,False,False,False,,,unknown,True,,121,,combined,,,gam_Lep,1-4,,1,1.580999992256693
,1.0118515242909991,True,,False,False,False,,,unknown,True,,122,,combined,,,gam_Lep,1-4,,2,1.6290000530716497
,1.0118515242909991,True,,False,False,False,,,unknown,True,,123,,combined,,,gam_Lep,1-4,,3,1.6770000001997687
,1.0118515242909991,True,,False,False,False,,,unknown,True,,124,,combined,,,gam_Lep,1-4,,4,1.7249999473278876
,1.0118515242909991,True,,False,False,False,,,unknown,True,,125,,combined,,,gam_Lep,1-4,,5,1.7730000081428443
,1.0118515242909991,True,,False,False,False,,,unknown,True,,126,,combined,,,gam_Lep,2-3,,0,1.5330000451285741
,1.0118515242909991,True,,False,False,False,,,unknown,True,,127,,combined,,,gam_Lep,2-3,,1,1.580999992256693
,1.0118515242909991,True,,False,False,False,,,unknown,True,,128,,combined,,,gam_Lep,2-3,,2,1.6290000530716497
,1.0118515242909991,True,,False,False,False,,,unknown,True,,129,,combined,,,gam_Lep,2-3,,3,1.6770000001997687
,1.0118515242909991,True,,False,False,False,,,unknown,True,,130,,combined,,,gam_Lep,2-3,,4,1.7249999473278876
,1.0118515242909991,True,,False,False,False,,,unknown,True,,131,,combined,,,gam_Lep,2-3,,5,1.7730000081428443
,1.0118515242909991,True,,False,False,False,,,unknown,True,,132,,combined,,,gam_Lep,2-4,,0,1.5330000451285741
,1.0118515242909991,True,,False,False,False,,,unknown,True,,133,,combined,,,gam_Lep,2-4,,1,1.580999992256693
,1.0118515242909991,True,,False,False,False,,,unknown,True,,134,,combined,,,gam_Lep,2-4,,2,1.6290000530716497
,1.0118515242909991,True,,False,False,False,,,unknown,True,,135,,combined,,,gam_Lep,2-4,,3,1.6770000001997687
,1.0118515242909991,True,,False,False,False,,,unknown,True,,136,,combined,,,gam_Lep,2-4,,4,1.7249999473278876
,1.0118515242909991,True,,False,False,False,,,unknown,True,,137,,combined,,,gam_Lep,2-4,,5,1.7730000081428443
,1.0118515242909991,True,,False,False,False,,,unknown,True,,138,,combined,,,gam_Lep,3-4,,0,1.5330000451285741
,1.0118515242909991,True,,False,False,False,,,unknown,True,,139,,combined,,,gam_Lep,3-4,,1,1.580999992256693
,1.0118515242909991,True,,False,False,False,,,unknown,True,,140,,combined,,,gam_Lep,3-4,,2,1.6290000530716497
,1.0118515242909991,True,,False,False,False,,,unknown,True,,141,,combined,,,gam_Lep,3-4,,3,1.6770000001997687
,1.0118515242909991,True,,False,False,False,,,unknown,True,,142,,combined,,,gam_Lep,3-4,,4,1.7249999473278876
,1.0118515242909991,True,,False,False,False,,,unknown,True,,143,,combined,,,gam_Lep,3-4,,5,1.7730000081428443
84.81062130614336,1.0719188834748514,False,0.0008651370638120814,False,False,False,58814.022635011774,0.8048406086111265,2019-11-26,False,,0,-0.0008864526139013007,combined,55323299.9409535,-1.0246383503618444,iot_Psc,1-2,0.8039541559972252,0,1.5330000451285741
84.81062130614336,1.0719188834748514,False,0.003138667018773051,False,False,False,58814.022635011774,0.8155393940137916,2019-11-26,False,,1,-0.009024958072476275,combined,53643657.002860636,-2.8754111278756347,iot_Psc,1-2,0.8065144359413153,1,1.580999992256693
84.81062130614336,1.0719188834748514,False,0.002735246462409933,False,False,False,58814.022635011774,0.8254095400211512,2019-11-26,False,,2,0.002666088114560816,combined,52062994.80851709,0.9747158624279204,iot_Psc,1-2,0.828075628135712,2,1.6290000530716497
84.81062130614336,1.0719188834748514,False,0.0033855894554724805,False,False,False,58814.022635011774,0.83453130863041,2019-11-26,False,,3,-0.0031664533999210542,combined,50572821.28565325,-0.9352738840802999,iot_Psc,1-2,0.831364855230489,3,1.6770000001997687
84.81062130614336,1.0719188834748514,False,0.0030636555511488533,False,False,False,58814.022635011774,0.8429759742240488,2019-11-26,False,,4,0.0010645819502409504,combined,49165579.07002798,0.3474874810393545,iot_Psc,1-2,0.8440405561742897,4,1.7249999473278876
84.81062130614336,1.0719188834748514,False,0.0021425560996387698,False,False,False,58814.022635011774,0.8508068700644628,2019-11-26,False,,5,0.0021230197954075214,combined,47834529.56380949,0.99088177703513,iot_Psc,1-2,0.8529298898598703,5,1.7730000081428443
127.37014487995646,1.0719188834748514,False,0.0028569639235667956,False,False,False,58814.022635011774,0.6056452039376391,2019-11-26,False,,6,-0.008176740228866386,combined,83085545.42102039,-2.8620383202662496,iot_Psc,1-3,0.5974684637087727,0,1.5330000451285741
127.37014487995646,1.0719188834748514,False,0.0026028479147394102,False,False,True,58814.022635011774,0.624857133558689,2019-11-26,False,,7,-0.024579520725089954,combined,80563026.88411176,-9.443318061689665,iot_Psc,1-3,0.600277612833599,1,1.580999992256693
127.37014487995646,1.0719188834748514,False,0.002381731517740506,False,False,True,58814.022635011774,0.6428319793204655,2019-11-26,False,,8,-0.014878505721862223,combined,78189159.4415769,-6.246928174329708,iot_Psc,1-3,0.6279534735986033,2,1.6290000530716497
127.37014487995646,1.0719188834748514,False,0.0004839446708799868,False,False,True,58814.022635011774,0.6596575424526915,2019-11-26,False,,9,-0.021655479326594063,combined,75951189.54369934,-44.74784129189098,iot_Psc,1-3,0.6380020631260974,3,1.6770000001997687
127.37014487995646,1.0719188834748514,False,0.0006110832262500709,False,False,True,58814.022635011774,0.6754166769861675,2019-11-26,False,,10,-0.025967976943531035,combined,73837767.40240443,-42.4949922171555,iot_Psc,1-3,0.6494487000426364,4,1.7249999473278876
127.37014487995646,1.0719188834748514,False,0.001287431468552141,False,False,True,58814.022635011774,0.6901869263511937,2019-11-26,False,,11,-0.022185960925334536,combined,71838772.86801156,-17.23273158010119,iot_Psc,1-3,0.6680009654258592,5,1.7730000081428443
128.46312202685078,1.0719188834748514,False,0.0028137146495840703,False,False,False,58814.022635011774,0.6001990381072816,2019-11-26,False,,12,-0.002856644699773647,combined,83798511.57543604,-1.0152574285370135,iot_Psc,1-4,0.5973423934075079,0,1.5330000451285741
128.46312202685078,1.0719188834748514,False,0.0028318064927615504,False,False,True,58814.022635011774,0.6196019284360961,2019-11-26,False,,13,-0.024813065371434684,combined,81254347.03101084,-8.762274341435393,iot_Psc,1-4,0.5947888630646614,1,1.580999992256693
128.46312202685078,1.0719188834748514,False,0.0036819313416164056,False,False,True,58814.022635011774,0.6377636576628704,2019-11-26,False,,14,-0.014560852557351733,combined,78860109.17226194,-3.954677913944851,iot_Psc,1-4,0.6232028051055186,2,1.6290000530716497
128.46312202685078,1.0719188834748514,False,0.0015704500400777952,False,False,True,58814.022635011774,0.65477113276103,2019-11-26,False,,15,-0.02108319949789328,combined,76602935.00986756,-13.42494123330971,iot_Psc,1-4,0.6336879332631368,3,1.6770000001997687
128.46312202685078,1.0719188834748514,False,0.004656880919162586,False,False,False,58814.022635011774,0.6707065964638782,2019-11-26,False,,16,-0.004329309345237786,combined,74471377.36198002,-0.9296585891692277,iot_Psc,1-4,0.6663772871186404,4,1.7249999473278876
128.46312202685078,1.0719188834748514,False,0.0022467027002228907,False,False,False,58814.022635011774,0.6856471983720818,2019-11-26,False,,17,0.0046377552964210755,combined,72455229.23680718,2.064249665058476,iot_Psc,1-4,0.6902849536685028,5,1.7730000081428443
57.410050766601046,1.0719188834748514,False,0.0006320696434762301,False,False,True,58814.022635011774,0.9061776102739159,2019-11-26,False,,18,0.027383744442604274,combined,37449477.54504861,43.32393546382058,iot_Psc,2-3,0.9335613547165201,0,1.5330000451285741
57.410050766601046,1.0719188834748514,False,0.0005519730916610018,False,False,True,58814.022635011774,0.9115730130377775,2019-11-26,False,,19,0.007622618607775911,combined,36312492.756343976,13.809764865236213,iot_Psc,2-3,0.9191956316455534,1,1.580999992256693
57.410050766601046,1.0719188834748514,False,0.00027464639700369476,False,False,True,58814.022635011774,0.9165219514842569,2019-11-26,False,,20,0.01575698763783928,combined,35242510.06520742,57.37190733154714,iot_Psc,2-3,0.9322789391220961,2,1.6290000530716497
57.410050766601046,1.0719188834748514,False,0.0003828487100921153,False,False,True,58814.022635011774,0.9210716941563863,2019-11-26,False,,21,0.002378279759707058,combined,34233781.01357317,6.212061571618806,iot_Psc,2-3,0.9234499739160934,3,1.6770000001997687
57.410050766601046,1.0719188834748514,False,0.001103588385644978,False,False,True,58814.022635011774,0.9252635323258466,2019-11-26,False,,22,0.025592883020561064,combined,33281189.866429925,23.19060562204416,iot_Psc,2-3,0.9508564153464076,4,1.7249999473278876
57.410050766601046,1.0719188834748514,False,0.0016882687774839383,False,False,True,58814.022635011774,0.9291336217344246,2019-11-26,False,,23,0.028357950174824453,combined,32380175.128558557,16.79705894762023,iot_Psc,2-3,0.957491571909249,5,1.7730000081428443
116.05907092927119,1.0719188834748514,False,0.0025542188439749676,False,False,True,58814.022635011774,0.6614841090982755,2019-11-26,False,,24,0.017685870332480813,combined,75707154.28096233,6.924179724928121,iot_Psc,2-4,0.6791699794307563,0,1.5330000451285741
116.05907092927119,1.0719188834748514,False,0.0001470079158329018,False,False,True,58814.022635011774,0.6785991272686315,2019-11-26,False,,25,-0.007500394540786992,combined,73408647.37362231,-51.02034470927674,iot_Psc,2-4,0.6710987327278445,1,1.580999992256693
116.05907092927119,1.0719188834748514,False,0.001036785773981755,False,False,False,58814.022635011774,0.6945417958498269,2019-11-26,False,,26,0.0003086049462167617,combined,71245590.6372929,0.29765545974996416,iot_Psc,2-4,0.6948504007960437,2,1.6290000530716497
116.05907092927119,1.0719188834748514,False,0.0015022056512975657,False,False,True,58814.022635011774,0.7094056663632688,2019-11-26,False,,27,-0.007724692041440329,combined,69206363.09805958,-5.142233378477802,iot_Psc,2-4,0.7016809743218285,3,1.6770000001997687
116.05907092927119,1.0719188834748514,False,0.0005484886849139306,False,False,True,58814.022635011774,0.7232769455690097,2019-11-26,False,,28,-0.012242996027812758,combined,67280622.88294709,-22.321328341958306,iot_Psc,2-4,0.7110339495411969,4,1.7249999473278876
116.05907092927119,1.0719188834748514,False,0.001098748408550648,False,False,True,58814.022635011774,0.7362347331454487,2019-11-26,False,,29,0.006447449658963711,combined,65459148.559643276,5.867994537046475,iot_Psc,2-4,0.7426821828044124,5,1.7730000081428443
88.8628558103423,1.0719188834748514,False,0.002994102880952153,False,False,False,58814.022635011774,0.78758727778737,2019-11-26,False,,30,-0.008518194725921524,combined,57966636.13463187,-2.844990658174263,iot_Psc,3-4,0.7790690830614485,0,1.5330000451285741
88.8628558103423,1.0719188834748514,False,0.0012076426188683325,False,False,True,58814.022635011774,0.7991295335250448,2019-11-26,False,,31,-0.016542253615281055,combined,56206740.193275355,-13.697971036151907,iot_Psc,3-4,0.7825872799097637,1,1.580999992256693
88.8628558103423,1.0719188834748514,False,0.0023956086522829794,False,False,False,58814.022635011774,0.8097891007219805,2019-11-26,False,,32,-0.0030849048222929554,combined,54550554.27578538,-1.2877332110789828,iot_Psc,3-4,0.8067041958996876,2,1.6290000530716497
88.8628558103423,1.0719188834748514,False,0.0023312402551514773,False,False,False,58814.022635011774,0.819649939902382,2019-11-26,False,,33,-0.0025851063107174,combined,52989180.56037968,-1.1088974227366484,iot_Psc,3-4,0.8170648335916646,3,1.6770000001997687
88.8628558103423,1.0719188834748514,False,0.0009628835005657495,False,False,True,58814.022635011774,0.8287868620691353,2019-11-26,False,,34,0.0048553876497161585,combined,51514700.59346689,5.042549432889169,iot_Psc,3-4,0.8336422497188515,4,1.7249999473278876
88.8628558103423,1.0719188834748514,False,0.0017240101334912775,False,False,False,58814.022635011774,0.8372665420156054,2019-11-26,False,,35,0.004620991863613311,combined,50120053.80836012,2.6803739571155427,iot_Psc,3-4,0.8418875338792187,5,1.7730000081428443
82.36329583582227,1.0719188834748514,False,0.0016284111508602722,False,False,False,58814.03499946823,0.8150143796253462,2019-11-26,False,,36,-0.0014586789515765863,combined,53726871.10972289,-0.8957682160343731,iot_Psc,1-2,0.8135557006737696,0,1.5330000451285741
82.36329583582227,1.0719188834748514,False,0.0005463823533781545,False,False,True,58814.03499946823,0.8252073423602732,2019-11-26,False,,37,-0.007239206835026435,combined,52095696.545993194,-13.249342315446517,iot_Psc,1-2,0.8179681355252467,1,1.580999992256693
82.36329583582227,1.0719188834748514,False,0.0007935473567369867,False,False,False,58814.03499946823,0.8346050821634063,2019-11-26,False,,38,-0.0007183203663012616,combined,50560646.5024465,-0.9052016369318482,iot_Psc,1-2,0.8338867617971051,2,1.6290000530716497
82.36329583582227,1.0719188834748514,False,0.0007621304060781216,False,False,True,58814.03499946823,0.8432854155300978,2019-11-26,False,,39,0.0024506210040371457,combined,49113473.95707271,3.215487775442391,iot_Psc,1-2,0.845736036534135,3,1.6770000001997687
82.36329583582227,1.0719188834748514,False,0.000975621587191222,False,False,True,58814.03499946823,0.8513173141537806,2019-11-26,False,,40,0.009977631748930738,combined,47746839.62362271,10.226948521768533,iot_Psc,1-2,0.8612949459027114,4,1.7249999473278876
82.36329583582227,1.0719188834748514,False,0.0010051177053262068,False,False,True,58814.03499946823,0.8587619620425149,2019-11-26,False,,41,0.007574043162377975,combined,46454199.35564183,7.53547880237554,iot_Psc,1-2,0.8663360052048928,5,1.7730000081428443
125.31169042750122,1.0719188834748514,False,0.00011908935879529469,False,False,True,58814.03499946823,0.6158841475983888,2019-11-26,False,,42,0.0005706073217738306,combined,81742783.26064315,4.791421563992632,iot_Psc,1-3,0.6164547549201627,0,1.5330000451285741
125.31169042750122,1.0719188834748514,False,0.00012920544906148523,False,False,True,58814.03499946823,0.6347303563786519,2019-11-26,False,,43,-0.013076831764631147,combined,79261031.65164055,-101.20959959210583,iot_Psc,1-3,0.6216535246140208,1,1.580999992256693
125.31169042750122,1.0719188834748514,False,0.00018077442465376113,False,False,True,58814.03499946823,0.6523482420898982,2019-11-26,False,,44,-0.008164752418212462,combined,76925528.7568671,-45.165417806476135,iot_Psc,1-3,0.6441834896716857,2,1.6290000530716497
125.31169042750122,1.0719188834748514,False,0.0010346685430414177,False,False,True,58814.03499946823,0.6688271263282486,2019-11-26,False,,45,-0.013250962343720252,combined,74723727.13928072,-12.806963575764009,iot_Psc,1-3,0.6555761639845283,3,1.6770000001997687
125.31169042750122,1.0719188834748514,False,0.0010939728604892663,False,False,True,58814.03499946823,0.6842508746470637,2019-11-26,False,,46,-0.017923920722478726,combined,72644460.43700777,-16.38424623665935,iot_Psc,1-3,0.666326953924585,4,1.7249999473278876
125.31169042750122,1.0719188834748514,False,0.002546782014240741,False,False,True,58814.03499946823,0.6986976531994489,2019-11-26,False,,47,-0.021798337625799524,combined,70677772.054136,-8.559168984196768,iot_Psc,1-3,0.6768993155736494,5,1.7730000081428443
130.15643217884318,1.0719188834748514,False,0.0013410547488938653,False,False,True,58814.03499946823,0.5917506458103574,2019-11-26,False,,48,0.016329567689628344,combined,84903084.37526943,12.176659978347171,iot_Psc,1-4,0.6080802134999858,0,1.5330000451285741
130.15643217884318,1.0719188834748514,False,0.0003613875312848153,False,False,False,58814.03499946823,0.6114447845116423,2019-11-26,False,,49,-0.0007676042352167123,combined,82325384.45054643,-2.1240473695583897,iot_Psc,1-4,0.6106771802764256,1,1.580999992256693
130.15643217884318,1.0719188834748514,False,0.00030674458095640496,False,False,True,58814.03499946823,0.6298922457739363,2019-11-26,False,,50,0.004139346727410342,combined,79899587.43918985,13.494441253058788,iot_Psc,1-4,0.6340315925013467,2,1.6290000530716497
130.15643217884318,1.0719188834748514,False,0.002345313002122552,False,False,False,58814.03499946823,0.6471784316380026,2019-11-26,False,,51,0.003562803778049961,combined,77612660.80103673,1.519116542152607,iot_Psc,1-4,0.6507412354160526,3,1.6770000001997687
130.15643217884318,1.0719188834748514,False,0.0008704312306057202,False,False,True,58814.03499946823,0.6633845355323874,2019-11-26,False,,52,0.018125983767659948,combined,75453006.46557242,20.824142253083387,iot_Psc,1-4,0.6815105193000474,4,1.7249999473278876
130.15643217884318,1.0719188834748514,False,0.0020208361125965716,False,False,True,58814.03499946823,0.6785870096288824,2019-11-26,False,,53,0.029113524930298174,combined,73410282.89964731,14.406672935436717,iot_Psc,1-4,0.7077005345591806,5,1.7730000081428443
57.9268017690353,1.0719188834748514,False,0.0018080824960879935,False,False,True,58814.03499946823,0.904551316691153,2019-11-26,False,,54,0.032068021084491694,combined,37786562.33775709,17.735928064053912,iot_Psc,2-3,0.9366193377756447,0,1.5330000451285741
57.9268017690353,1.0719188834748514,False,0.0028984064608919124,False,False,False,58814.03499946823,0.9100363011791486,2019-11-26,False,,55,-0.0024312037844718137,combined,36639343.48687222,-0.8388070539021885,iot_Psc,2-3,0.9076050973946768,1,1.580999992256693
57.9268017690353,1.0719188834748514,False,0.001961890988978384,False,False,False,58814.03499946823,0.9150678452130049,2019-11-26,False,,56,0.0033374125154547185,combined,35559729.82309501,1.7011202631562166,iot_Psc,2-3,0.9184052577284596,2,1.6290000530716497
57.9268017690353,1.0719188834748514,False,0.0015668535662551758,False,False,False,58814.03499946823,0.9196938967148156,2019-11-26,False,,57,-0.0012069385673774136,combined,34541921.14617466,-0.7702944253189089,iot_Psc,2-3,0.9184869581474382,3,1.6770000001997687
57.9268017690353,1.0719188834748514,False,0.0008154172146101852,False,False,True,58814.03499946823,0.9239563499335205,2019-11-26,False,,58,0.030012273079201734,combined,33580755.67408965,36.80603320785823,iot_Psc,2-3,0.9539686230127222,4,1.7249999473278876
57.9268017690353,1.0719188834748514,False,3.870854520477985e-05,False,False,True,58814.03499946823,0.927891896094387,2019-11-26,False,,59,0.02538507649688393,combined,32671630.853353243,655.8003242588745,iot_Psc,2-3,0.953276972591271,5,1.7730000081428443
117.04573296499548,1.0719188834748514,False,0.0018155407541618107,False,False,True,58814.03499946823,0.6566631144033523,2019-11-26,False,,60,0.025831927083322936,combined,76350769.41904378,14.228227608831004,iot_Psc,2-4,0.6824950414866753,0,1.5330000451285741
117.04573296499548,1.0719188834748514,False,0.005248074387899937,False,False,False,58814.03499946823,0.6739688266260158,2019-11-26,False,,61,0.0036914790596720426,combined,74032722.03558101,0.7033968627013346,iot_Psc,2-4,0.6776603056856878,1,1.580999992256693
117.04573296499548,1.0719188834748514,False,0.0050588986938986695,False,False,False,58814.03499946823,0.6900949878854704,2019-11-26,False,,62,0.006745486367179865,combined,71851276.33623677,1.3333902841967007,iot_Psc,2-4,0.6968404742526503,2,1.6290000530716497
117.04573296499548,1.0719188834748514,False,0.003428169626069913,False,False,False,58814.03499946823,0.7051348980238126,2019-11-26,False,,63,0.00932546264733658,combined,69794712.55280422,2.720245397549765,iot_Psc,2-4,0.7144603606711492,3,1.6770000001997687
117.04573296499548,1.0719188834748514,False,0.004072034681712985,False,False,False,58814.03499946823,0.7191746820234748,2019-11-26,False,,64,-0.005889972816046751,combined,67852600.89213641,-1.4464446588576239,iot_Psc,2-4,0.713284709207428,4,1.7249999473278876
117.04573296499548,1.0719188834748514,False,0.0029555771927509385,False,False,True,58814.03499946823,0.732293481254352,2019-11-26,False,,65,0.016106579800068133,combined,66015641.52703913,5.4495547737925065,iot_Psc,2-4,0.7484000610544201,5,1.7730000081428443
87.63055226451092,1.0719188834748514,False,0.003156121843627965,False,False,True,58814.03499946823,0.7928861297967071,2019-11-26,False,,66,-0.01807271446560932,combined,57162785.18254138,-5.726241051845678,iot_Psc,3-4,0.7748134153310978,0,1.5330000451285741
87.63055226451092,1.0719188834748514,False,0.002519671115212828,False,False,True,58814.03499946823,0.804171277927549,2019-11-26,False,,67,-0.02741377496484909,combined,55427294.55642092,-10.879902063144279,iot_Psc,3-4,0.7767575029627,1,1.580999992256693
87.63055226451092,1.0719188834748514,False,0.003303988239336981,False,False,False,58814.03499946823,0.8145899838352,2019-11-26,False,,68,-0.004999648255922917,combined,53794075.75787021,-1.5132161175386654,iot_Psc,3-4,0.8095903355792771,2,1.6290000530716497
87.63055226451092,1.0719188834748514,False,0.0035083383551726697,False,False,False,58814.03499946823,0.8242251323735071,2019-11-26,False,,69,0.0010196709100591672,combined,52254354.35543956,0.29064212365827585,iot_Psc,3-4,0.8252448032835663,3,1.6770000001997687
87.63055226451092,1.0719188834748514,False,0.0037006056111509506,False,False,True,58814.03499946823,0.833150497884411,2019-11-26,False,,70,0.02323451217910011,combined,50800321.704505034,6.278570218098379,iot_Psc,3-4,0.8563850100635111,4,1.7249999473278876
87.63055226451092,1.0719188834748514,False,0.002483947444079695,False,False,True,58814.03499946823,0.841431769711028,2019-11-26,False,,71,0.03084494008822458,combined,49425015.150620826,12.41771043173285,iot_Psc,3-4,0.8722767097992525,5,1.7730000081428443
87.2319295840858,1.0834160784199336,False,0.002702144707682364,False,False,True,58816.00240277297,0.7945906087821123,2019-11-28,False,,72,0.0140236511312124,combined,56902757.349083826,5.189822399719118,iot_Psc,1-2,0.8086142599133247,0,1.5330000451285741
87.2319295840858,1.0834160784199336,False,0.0026576643849985752,False,False,False,58816.00240277297,0.8057926859601032,2019-11-28,False,,73,0.003048879172827479,combined,55175161.29748514,1.1472024797552132,iot_Psc,1-2,0.8088415651329307,1,1.580999992256693
87.2319295840858,1.0834160784199336,False,0.003797139341587224,False,False,True,58816.00240277297,0.8161336136527275,2019-11-28,False,,74,0.012482637438051336,combined,53549371.84906832,3.2873793440599757,iot_Psc,1-2,0.8286162510907789,2,1.6290000530716497
87.2319295840858,1.0834160784199336,False,0.004504719245355217,False,False,False,58816.00240277297,0.825695919341074,2019-11-28,False,,75,0.006153934369051872,combined,52016654.486401014,1.366108304173928,iot_Psc,1-2,0.8318498537101259,3,1.6770000001997687
87.2319295840858,1.0834160784199336,False,0.004221059331463154,False,False,False,58816.00240277297,0.8345530345588679,2019-11-28,False,,76,0.0015159802750472906,combined,50569236.08560828,0.3591468766495171,iot_Psc,1-2,0.8360690148339152,4,1.7249999473278876
87.2319295840858,1.0834160784199336,False,0.005103251206428798,False,False,False,58816.00240277297,0.8427703239533557,2019-11-28,False,,77,0.004204443115368495,combined,49200185.664667994,0.8238753973294448,iot_Psc,1-2,0.8469747670687242,5,1.7730000081428443
128.86297837705794,1.0834160784199336,False,0.0014105850420895708,False,False,True,58816.00240277297,0.5982051554641132,2019-11-28,False,,78,0.02626397237380451,combined,84059344.15106301,18.61920521636779,iot_Psc,1-3,0.6244691278379177,0,1.5330000451285741
128.86297837705794,1.0834160784199336,False,0.0006161403082759801,False,False,True,58816.00240277297,0.6176773311874014,2019-11-28,False,,79,0.01139678274385092,combined,81507260.599743,18.497057554536912,iot_Psc,1-3,0.6290741139312523,1,1.580999992256693
128.86297837705794,1.0834160784199336,False,0.0007645433910754532,False,False,True,58816.00240277297,0.6359069550064321,2019-11-28,False,,80,0.01612355522060238,combined,79105570.39827797,21.089130334279666,iot_Psc,1-3,0.6520305102270345,2,1.6290000530716497
128.86297837705794,1.0834160784199336,False,0.000797760286883672,False,False,True,58816.00240277297,0.6529805916290431,2019-11-28,False,,81,0.00926797072972596,combined,76841370.51980169,11.617488213069448,iot_Psc,1-3,0.662248562358769,3,1.6770000001997687
128.86297837705794,1.0834160784199336,False,0.00132525178681929,False,False,True,58816.00240277297,0.6689802472326098,2019-11-28,False,,82,0.004387522754413009,combined,74703178.15178674,3.310708801188198,iot_Psc,1-3,0.6733677699870229,4,1.7249999473278876
128.86297837705794,1.0834160784199336,False,0.0009278642155356052,False,False,True,58816.00240277297,0.6839829163187714,2019-11-28,False,,83,0.00787421696584123,combined,72680754.53199655,8.48638931645389,iot_Psc,1-3,0.6918571332846126,5,1.7730000081428443
125.77502245449308,1.0834160784199336,False,0.004003609273527573,False,False,True,58816.00240277297,0.6135817506592435,2019-11-28,False,,84,0.030620815371709798,combined,82045022.01690687,7.6483026388661175,iot_Psc,1-4,0.6442025660309533,0,1.5330000451285741
125.77502245449308,1.0834160784199336,False,0.005559733959293002,False,False,False,58816.00240277297,0.6325109548012953,2019-11-28,False,,85,0.01611538611331953,combined,79554094.28874438,2.898589434550719,iot_Psc,1-4,0.6486263409146148,1,1.580999992256693
125.77502245449308,1.0834160784199336,False,0.0075317489787672205,False,False,False,58816.00240277297,0.6502097418866564,2019-11-28,False,,86,0.018954295684759148,combined,77209956.02015552,2.5165862189769292,iot_Psc,1-4,0.6691640375714155,2,1.6290000530716497
125.77502245449308,1.0834160784199336,False,0.0067642116238991025,False,False,True,58816.00240277297,0.6667671099219415,2019-11-28,False,,87,0.02329182415122577,combined,75000013.38074563,3.4433908112708687,iot_Psc,1-4,0.6900589340731673,3,1.6770000001997687
125.77502245449308,1.0834160784199336,False,0.008253533118463434,False,False,True,58816.00240277297,0.6822667126435046,2019-11-28,False,,88,0.030762477144110623,combined,72913058.72172633,3.727188914441249,iot_Psc,1-4,0.7130291897876152,4,1.7249999473278876
125.77502245449308,1.0834160784199336,False,0.007577244660115713,False,False,True,58816.00240277297,0.6967865895243844,2019-11-28,False,,89,0.03719600012492408,combined,70939098.63330346,4.908908421647302,iot_Psc,1-4,0.7339825896493085,5,1.7730000081428443
56.43586281785666,1.0834160784199336,False,0.0020091594507857195,False,False,True,58816.00240277297,0.9092103943984388,2019-11-28,False,,90,-0.013108942816858482,combined,36813999.44976736,-6.524590575293556,iot_Psc,2-3,0.8961014515815803,0,1.5330000451285741
56.43586281785666,1.0834160784199336,False,0.004202342272010529,False,False,True,58816.00240277297,0.9144383690187236,2019-11-28,False,,91,-0.015948829599420233,combined,35696308.09251368,-3.7952238459124428,iot_Psc,2-3,0.8984895394193033,1,1.580999992256693
56.43586281785666,1.0834160784199336,False,0.0012188563704142337,False,False,True,58816.00240277297,0.9192329599397144,2019-11-28,False,,92,-0.014037427625063104,combined,34644481.87797228,-11.516884159445647,iot_Psc,2-3,0.9051955323146513,2,1.6290000530716497
56.43586281785666,1.0834160784199336,False,0.0037731155392541713,False,False,True,58816.00240277297,0.923640155878957,2019-11-28,False,,93,-0.017978541973369455,combined,33652869.8933416,-4.764906291982582,iot_Psc,2-3,0.9056616139055875,3,1.6770000001997687
56.43586281785666,1.0834160784199336,False,0.003749890365765328,False,False,True,58816.00240277297,0.9277001132263104,2019-11-28,False,,94,-0.01423173938773048,combined,32716443.212232366,-3.7952414602995668,iot_Psc,2-3,0.9134683738385799,4,1.7249999473278876
56.43586281785666,1.0834160784199336,False,0.004467214683620413,False,False,False,58816.00240277297,0.9314479806675565,2019-11-28,False,,95,-0.0008744225441636999,combined,31830717.743183352,-0.1957422255460157,iot_Psc,2-3,0.9305735581233928,5,1.7730000081428443
115.04225086023627,1.0834160784199336,False,0.00506710499532123,False,False,True,58816.00240277297,0.6664399210259252,2019-11-28,False,,96,0.017959671498683494,combined,75043866.58422281,3.54436537535077,iot_Psc,2-4,0.6843995925246087,0,1.5330000451285741
115.04225086023627,1.0834160784199336,False,0.006055424345456577,False,False,False,58816.00240277297,0.6833570791263313,2019-11-28,False,,97,0.012686904959496648,combined,72765497.42168364,2.095130619378593,iot_Psc,2-4,0.6960439840858279,1,1.580999992256693
115.04225086023627,1.0834160784199336,False,0.0067393727603217435,False,False,False,58816.00240277297,0.6991096007416142,2019-11-28,False,,98,0.019320053354453193,combined,70621391.72022253,2.866743544473542,iot_Psc,2-4,0.7184296540960674,2,1.6290000530716497
115.04225086023627,1.0834160784199336,False,0.006140691463813214,False,False,False,58816.00240277297,0.7137912481073273,2019-11-28,False,,99,0.009720729544429818,combined,68600030.31993568,1.583002435753952,iot_Psc,2-4,0.7235119776517571,3,1.6770000001997687
115.04225086023627,1.0834160784199336,False,0.0034133019513775914,False,False,False,58816.00240277297,0.7274882715261992,2019-11-28,False,,100,0.004104864266659014,combined,66691161.95536269,1.2026080098194394,iot_Psc,2-4,0.7315931357928582,4,1.7249999473278876
115.04225086023627,1.0834160784199336,False,0.0032490169683393163,False,False,True,58816.00240277297,0.7402796936228437,2019-11-28,False,,101,0.017181641007719572,combined,64885645.985269345,5.288258317869511,iot_Psc,2-4,0.7574613346305633,5,1.7730000081428443
90.49919621115319,1.0834160784199336,False,0.006752326857124416,False,False,False,58816.00240277297,0.7804834087497685,2019-11-28,False,,102,-0.011915302144445916,combined,59034046.671252996,-1.7646216477026757,iot_Psc,3-4,0.7685681066053226,0,1.5330000451285741
90.49919621115319,1.0834160784199336,False,0.004679663794379351,False,False,True,58816.00240277297,0.7923676244647591,2019-11-28,False,,103,-0.015720286327481237,combined,57241743.614417195,-3.359276866505357,iot_Psc,3-4,0.7766473381372778,1,1.580999992256693
90.49919621115319,1.0834160784199336,False,0.0056582688940546395,False,False,False,58816.00240277297,0.8033478663774304,2019-11-28,False,,104,-0.010229350899033873,combined,55555060.32090515,-1.8078587445326688,iot_Psc,3-4,0.7931185154783965,2,1.6290000530716497
90.49919621115319,1.0834160784199336,False,0.00619178545532824,False,False,False,58816.00240277297,0.8135094530975212,2019-11-28,False,,105,-0.011425231894922616,combined,53964935.12246433,-1.8452241243421668,iot_Psc,3-4,0.8020842212025986,3,1.6770000001997687
90.49919621115319,1.0834160784199336,False,0.0035940741257922005,False,False,False,58816.00240277297,0.822928516268577,2019-11-28,False,,106,-0.005230608794584146,combined,52463303.753336936,-1.4553424919780205,iot_Psc,3-4,0.8176979074739928,4,1.7249999473278876
90.49919621115319,1.0834160784199336,False,0.00494634508379577,False,False,False,58816.00240277297,0.8316729947586674,2019-11-28,False,,107,-0.014486346472165179,combined,51042975.631989956,-2.9286970938648134,iot_Psc,3-4,0.8171866482865022,5,1.7730000081428443
85.34203072448382,1.0834160784199336,False,0.01082302638342535,False,False,False,58816.01437120172,0.8026064408840287,2019-11-28,False,,108,-0.00570022137394488,combined,55669946.64851827,-0.5266753652817793,iot_Psc,1-2,0.7969062195100838,0,1.5330000451285741
85.34203072448382,1.0834160784199336,False,0.009755620271739892,False,False,False,58816.01437120172,0.8134154715050903,2019-11-28,False,,109,-0.017525541930474176,combined,53979779.343748145,-1.7964559343542936,iot_Psc,1-2,0.7958899295746161,1,1.580999992256693
85.34203072448382,1.0834160784199336,False,0.009436445386925434,False,False,False,58816.01437120172,0.8233886772384766,2019-11-28,False,,110,-0.011083153107859345,combined,52389212.9798047,-1.174505086758144,iot_Psc,1-2,0.8123055241306173,2,1.6290000530716497
85.34203072448382,1.0834160784199336,False,0.009681285955359954,False,False,False,58816.01437120172,0.8326068308759961,2019-11-28,False,,111,-0.0095233143619744,combined,50889702.27448876,-0.9836827882045882,iot_Psc,1-2,0.8230835165140217,3,1.6770000001997687
85.34203072448382,1.0834160784199336,False,0.011151876507320892,False,False,False,58816.01437120172,0.8411416909453981,2019-11-28,False,,112,-0.01580696183221031,combined,49473642.51035657,-1.4174261902768996,iot_Psc,1-2,0.8253347291131878,4,1.7249999473278876
85.34203072448382,1.0834160784199336,False,0.008990954807395294,False,False,False,58816.01437120172,0.8490570449777457,2019-11-28,False,,113,-0.009366532574166642,combined,48134252.866629496,-1.0417728455783613,iot_Psc,1-2,0.8396905124035791,5,1.7730000081428443
127.75694065275728,1.0834160784199336,False,0.0010873895836419616,False,False,True,58816.01437120172,0.6037185435216933,2019-11-28,False,,114,0.01167851493108063,combined,83337858.37693317,10.739954756570436,iot_Psc,1-3,0.6153970584527739,0,1.5330000451285741
127.75694065275728,1.0834160784199336,False,0.003499785794071669,False,False,False,58816.01437120172,0.622998313756692,2019-11-28,False,,115,-0.009285825715190654,combined,80807679.49302717,-2.6532554452103985,iot_Psc,1-3,0.6137124880415014,1,1.580999992256693
127.75694065275728,1.0834160784199336,False,0.002113193456894149,False,False,False,58816.01437120172,0.641039511269919,2019-11-28,False,,116,-0.003175810000427104,combined,78426603.1249405,-1.5028486814902067,iot_Psc,1-3,0.6378637012694919,2,1.6290000530716497
127.75694065275728,1.0834160784199336,False,0.004013595049648923,False,False,True,58816.01437120172,0.6579296277309674,2019-11-28,False,,117,-0.013582240358392728,combined,76181836.9931655,-3.3840584788395116,iot_Psc,1-3,0.6443473873725747,3,1.6770000001997687
127.75694065275728,1.0834160784199336,False,0.004973441032942579,False,False,True,58816.01437120172,0.6737513067410542,2019-11-28,False,,118,-0.016382877599289136,combined,74061996.8427589,-3.294072954876489,iot_Psc,1-3,0.6573684291417651,4,1.7249999473278876
127.75694065275728,1.0834160784199336,False,0.0037226180873885266,False,False,True,58816.01437120172,0.6885819573904702,2019-11-28,False,,119,-0.01290668066856071,combined,72056931.79131918,-3.4670977160633054,iot_Psc,1-3,0.6756752767219095,5,1.7730000081428443
127.98327435066626,1.0834160784199336,False,0.007308397819166713,False,False,False,58816.01437120172,0.6025907983300586,2019-11-28,False,,120,0.006453619836687241,combined,83485499.40188174,0.8830416729316835,iot_Psc,1-4,0.6090444181667458,0,1.5330000451285741
127.98327435066626,1.0834160784199336,False,0.008587563729511898,False,False,False,58816.01437120172,0.6219101333713283,2019-11-28,False,,121,-0.012630452048985719,combined,80950838.0629307,-1.4707840834508266,iot_Psc,1-4,0.6092796813223426,1,1.580999992256693
127.98327435066626,1.0834160784199336,False,0.010608573809526874,False,False,False,58816.01437120172,0.6399900477925494,2019-11-28,False,,122,-0.006854006621572983,combined,78565543.38923466,-0.6460818150143653,iot_Psc,1-4,0.6331360411709764,2,1.6290000530716497
127.98327435066626,1.0834160784199336,False,0.009807778853856853,False,False,False,58816.01437120172,0.6569178486144895,2019-11-28,False,,123,-0.005915787726172517,combined,76316800.43853343,-0.6031730338053215,iot_Psc,1-4,0.651002060888317,3,1.6770000001997687
127.98327435066626,1.0834160784199336,False,0.01109140071977074,False,False,False,58816.01437120172,0.6727760533077966,2019-11-28,False,,124,0.0024488813199685655,combined,74193204.78758207,0.22079098770666217,iot_Psc,1-4,0.6752249346277651,4,1.7249999473278876
127.98327435066626,1.0834160784199336,False,0.010269582169226694,False,False,False,58816.01437120172,0.6876419897987345,2019-11-28,False,,125,0.010946956786386575,combined,72184587.5707154,1.0659593161628003,iot_Psc,1-4,0.698588946585121,5,1.7730000081428443
57.246751575058504,1.0834160784199336,False,0.004088291619392785,False,False,False,58816.01437120172,0.906689011035971,2019-11-28,False,,126,0.0004877674920049646,combined,37342954.91834585,0.11930839025553916,iot_Psc,2-3,0.907176778527976,0,1.5330000451285741
57.246751575058504,1.0834160784199336,False,0.00570742389926803,False,False,True,58816.01437120172,0.9120562152985052,2019-11-28,False,,127,-0.023611904427434105,combined,36209204.20963788,-4.137051118712647,iot_Psc,2-3,0.8884443108710711,1,1.580999992256693
57.246751575058504,1.0834160784199336,False,0.007496743930274448,False,False,False,58816.01437120172,0.9169791544579433,2019-11-28,False,,128,-0.01707059355431184,combined,35142265.01534716,-2.277067712740577,iot_Psc,2-3,0.8999085609036315,2,1.6290000530716497
57.246751575058504,1.0834160784199336,False,0.006902802772875278,False,False,False,58816.01437120172,0.9215048824236882,2019-11-28,False,,129,-0.01935983403967878,combined,34136405.22852661,-2.8046338098712154,iot_Psc,2-3,0.9021450483840094,3,1.6770000001997687
57.246751575058504,1.0834160784199336,False,0.005225741293831323,False,False,False,58816.01437120172,0.9256745000497199,2019-11-28,False,,130,0.000661838918719182,combined,33186523.665543657,0.12664976727807853,iot_Psc,2-3,0.926336338968439,4,1.7249999473278876
57.246751575058504,1.0834160784199336,False,0.005986866815979745,False,False,False,58816.01437120172,0.9295239940357466,2019-11-28,False,,131,-0.0025960283853967425,combined,32288071.806058522,-0.43362053394399835,iot_Psc,2-3,0.9269279656503498,5,1.7730000081428443
115.83960954598169,1.0834160784199336,False,0.01065627170412289,False,False,False,58816.01437120172,0.6625548262749438,2019-11-28,False,,132,0.002558950022317208,combined,75563996.17474644,0.24013558337923716,iot_Psc,2-4,0.665113776297261,0,1.5330000451285741
115.83960954598169,1.0834160784199336,False,0.01235893773812728,False,False,False,58816.01437120172,0.6796272530791435,2019-11-28,False,,133,-0.008632461858583906,combined,73269835.61880614,-0.6984792739875039,iot_Psc,2-4,0.6709947912205596,1,1.580999992256693
115.83960954598169,1.0834160784199336,False,0.014526396203829828,False,False,False,58816.01437120172,0.6955289701459376,2019-11-28,False,,134,0.006703118435788524,combined,71110869.10497884,0.46144400453715234,iot_Psc,2-4,0.7022320885817261,2,1.6290000530716497
115.83960954598169,1.0834160784199336,False,0.015884387709243327,False,False,False,58816.01437120172,0.710353578641453,2019-11-28,False,,135,-0.0025270034811092357,combined,69075497.63397887,-0.15908724512174557,iot_Psc,2-4,0.7078265751603438,3,1.6770000001997687
115.83960954598169,1.0834160784199336,False,0.013509297518499795,False,False,False,58816.01437120172,0.7241872982089486,2019-11-28,False,,136,-0.008861337133322156,combined,67153398.8887496,-0.655943591529266,iot_Psc,2-4,0.7153259610756264,4,1.7249999473278876
115.83960954598169,1.0834160784199336,False,0.015199875362574262,False,False,False,58816.01437120172,0.7371092148110644,2019-11-28,False,,137,0.005312268630805139,combined,65335368.87420528,0.34949422308325095,iot_Psc,2-4,0.7424214834418695,5,1.7730000081428443
89.17768865130965,1.0834160784199336,False,0.007967040655534356,False,False,False,58816.01437120172,0.7862264243973935,2019-11-28,False,,138,-0.01869917794563758,combined,58172006.540176086,-2.3470669667849724,iot_Psc,3-4,0.767527246451756,0,1.5330000451285741
89.17768865130965,1.0834160784199336,False,0.008090077726226214,False,False,False,58816.01437120172,0.797834430636947,2019-11-28,False,,139,-0.021523730176824074,combined,56405875.45102951,-2.660509689177519,iot_Psc,3-4,0.776310700460123,1,1.580999992256693
89.17768865130965,1.0834160784199336,False,0.007814247129790054,False,False,False,58816.01437120172,0.8085556267975308,2019-11-28,False,,140,-0.013228570225320202,combined,54743821.82072727,-1.6928784060193418,iot_Psc,3-4,0.7953270565722106,2,1.6290000530716497
89.17768865130965,1.0834160784199336,False,0.00976629426389992,False,False,False,58816.01437120172,0.818474241022387,2019-11-28,False,,141,-0.0008708666574961388,combined,53176916.303331286,-0.08917063463008747,iot_Psc,3-4,0.8176033743648908,3,1.6770000001997687
89.17768865130965,1.0834160784199336,False,0.007487026702618914,False,False,False,58816.01437120172,0.8276653434440975,2019-11-28,False,,142,0.005075128482763147,combined,51697212.39090495,0.6778563352776475,iot_Psc,3-4,0.8327404719268606,4,1.7249999473278876
89.17768865130965,1.0834160784199336,False,0.007837545508474602,False,False,False,58816.01437120172,0.8361958560777841,2019-11-28,False,,143,0.013924518637557393,combined,50297624.501829624,1.776642779617809,iot_Psc,3-4,0.8501203747153415,5,1.7730000081428443
69.68875022474295,1.011277436095389,False,0.0005369779640550049,False,False,True,59636.117751223464,0.7786408334181173,2022-02-25,False,,0,0.018265964875612828,combined,45459065.99689505,34.01622803602006,ksi_Gem,1-2,0.7969067982937301,0,1.5330000451285741
69.68875022474295,1.011277436095389,False,0.0015468672641068344,False,False,True,59636.117751223464,0.7906128467971621,2022-02-25,False,,1,0.014712474616193072,combined,44078906.11388959,9.51114226642329,ksi_Gem,1-2,0.8053253214133552,1,1.580999992256693
69.68875022474295,1.011277436095389,False,0.0003299980193000396,False,False,True,59636.117751223464,0.8016755279388985,2022-02-25,False,,2,0.011434468130365083,combined,42780078.54777999,34.65011139951321,ksi_Gem,1-2,0.8131099960692636,2,1.6290000530716497
69.68875022474295,1.011277436095389,False,0.002487594152365191,False,False,True,59636.117751223464,0.8119145202829788,2022-02-25,False,,3,0.02118791895903671,combined,41555605.37653037,8.517433978887333,ksi_Gem,1-2,0.8331024392420155,3,1.6770000001997687
69.68875022474295,1.011277436095389,False,0.0013164748996270777,False,False,True,59636.117751223464,0.8214062754094823,2022-02-25,False,,4,0.009532352616389628,combined,40399276.72617866,7.240816075634932,ksi_Gem,1-2,0.8309386280258719,4,1.7249999473278876
69.68875022474295,1.011277436095389,False,0.0017444123888137235,False,False,True,59636.117751223464,0.8302190413809991,2022-02-25,False,,5,0.01818281199844385,combined,39305555.50179578,10.423459564403204,ksi_Gem,1-2,0.848401853379443,5,1.7730000081428443
114.69596976330355,1.011277436095389,False,0.005895607843503404,False,False,True,59636.117751223464,0.4945178886519221,2022-02-25,False,,6,0.025735951023543813,combined,74817981.98752427,4.365275253492859,ksi_Gem,1-3,0.5202538396754659,0,1.5330000451285741
114.69596976330355,1.011277436095389,False,0.005962405059083119,False,False,True,59636.117751223464,0.5170912270985389,2022-02-25,False,,7,0.030803929678047126,combined,72546470.793835,5.166359778110087,ksi_Gem,1-3,0.5478951567765861,1,1.580999992256693
114.69596976330355,1.011277436095389,False,0.005436397687181843,False,False,True,59636.117751223464,0.5384289083984185,2022-02-25,False,,8,0.029722015380567623,combined,70408818.92362884,5.467226110158826,ksi_Gem,1-3,0.5681509237789861,2,1.6290000530716497
114.69596976330355,1.011277436095389,False,0.0057793368085492245,False,False,True,59636.117751223464,0.5585886465958436,2022-02-25,False,,9,0.026381032334972354,combined,68393541.89006598,4.564716196492921,ksi_Gem,1-3,0.584969678930816,3,1.6770000001997687
114.69596976330355,1.011277436095389,False,0.006139699449737528,False,False,True,59636.117751223464,0.5776305494261127,2022-02-25,False,,10,0.020926387615520348,combined,66490419.28434457,3.408373290392081,ksi_Gem,1-3,0.598556937041633,4,1.7249999473278876
114.69596976330355,1.011277436095389,False,0.0059647597523251146,False,False,True,59636.117751223464,0.5956152457287487,2022-02-25,False,,11,0.022541335103823057,combined,64690337.97887208,3.779085166847877,ksi_Gem,1-3,0.6181565808325717,5,1.7730000081428443
124.67940243286517,1.011277436095389,False,0.010403536320503805,False,False,False,59636.117751223464,0.430824198666684,2022-02-25,False,,12,0.03064691180164575,combined,81330331.87380514,2.9458167739795647,ksi_Gem,1-4,0.4614711104683297,0,1.5330000451285741
124.67940243286517,1.011277436095389,False,0.006427224557874547,False,False,True,59636.117751223464,0.4547518847599748,2022-02-25,False,,13,0.040312510620409636,combined,78861102.4943143,6.272149083544825,ksi_Gem,1-4,0.49506439538038444,1,1.580999992256693
124.67940243286517,1.011277436095389,False,0.006695357088163873,False,False,True,59636.117751223464,0.4775308292426723,2022-02-25,False,,14,0.03830167072687096,combined,76537383.89864944,5.72063150964436,ksi_Gem,1-4,0.5158324999695433,2,1.6290000530716497
124.67940243286517,1.011277436095389,False,0.0037083227872956445,False,False,True,59636.117751223464,0.4991903958049903,2022-02-25,False,,15,0.03385531850458395,combined,74346691.96065179,9.129550054425954,ksi_Gem,1-4,0.5330457143095743,3,1.6770000001997687
124.67940243286517,1.011277436095389,False,0.0017880952937083757,False,False,True,59636.117751223464,0.5197677990252091,2022-02-25,False,,16,0.04660214331372403,combined,72277916.66080911,26.06244951133151,ksi_Gem,1-4,0.5663699423389331,4,1.7249999473278876
124.67940243286517,1.011277436095389,False,0.004610185280322858,False,False,True,59636.117751223464,0.5393052906915546,2022-02-25,False,,17,0.04091710840012974,combined,70321151.64142752,8.875371793574478,ksi_Gem,1-4,0.5802223990916844,5,1.7730000081428443
58.198234087690494,1.011277436095389,False,0.022053712501100744,False,False,False,59636.117751223464,0.8408037951420303,2022-02-25,False,,18,-0.0398065973273759,combined,37963621.901139185,-1.8049839602012168,ksi_Gem,2-3,0.8009971978146544,0,1.5330000451285741
58.198234087690494,1.011277436095389,True,0.01575349354464268,False,True,True,59636.117751223464,0.8496869539384337,2022-02-25,False,,19,0.05980590334237512,combined,36811027.43373155,3.796358133063979,ksi_Gem,2-3,0.9094928572808089,1,1.580999992256693
58.198234087690494,1.011277436095389,True,0.001619151618559111,False,True,True,59636.117751223464,0.8578646842135934,2022-02-25,False,,20,0.06952185330865335,combined,35726354.93654629,42.93721014868336,ksi_Gem,2-3,0.9273865375222468,2,1.6290000530716497
58.198234087690494,1.011277436095389,False,0.012732744265158264,False,False,False,59636.117751223464,0.8654077231844394,2022-02-25,False,,21,0.0299053854948943,combined,34703777.03086331,2.34869913917356,ksi_Gem,2-3,0.8953131086793337,3,1.6770000001997687
58.198234087690494,1.011277436095389,False,0.0013204619869641397,False,False,True,59636.117751223464,0.8723784848267444,2022-02-25,False,,22,0.04138523688148665,combined,33738107.74767994,31.341482973421307,ksi_Gem,2-3,0.9137637217082311,4,1.7249999473278876
58.198234087690494,1.011277436095389,True,0.010696462519875213,False,True,True,59636.117751223464,0.8788321132693654,2022-02-25,False,,23,0.06995905586526585,combined,32824722.966950867,6.540391810402194,ksi_Gem,2-3,0.9487911691346312,5,1.7730000081428443
85.74711435843207,1.011277436095389,False,0.003166412579430981,False,False,True,59636.117751223464,0.6818087967731962,2022-02-25,False,,24,-0.011251690214591936,combined,55934189.06340631,-3.5534504529456856,ksi_Gem,2-4,0.6705571065586042,0,1.5330000451285741
85.74711435843207,1.011277436095389,False,0.0047411602805455515,False,False,False,59636.117751223464,0.6980998841408053,2022-02-25,False,,25,-0.004224303397051599,combined,54235999.22732325,-0.8909851485901507,ksi_Gem,2-4,0.6938755807437537,1,1.580999992256693
85.74711435843207,1.011277436095389,False,0.004272137413530697,False,False,False,59636.117751223464,0.7132523773345331,2022-02-25,False,,26,-0.009167811321994956,combined,52637883.09690164,-2.1459542225769,ksi_Gem,2-4,0.7040845660125381,2,1.6290000530716497
85.74711435843207,1.011277436095389,False,0.0022627939427519415,False,False,True,59636.117751223464,0.7273603612549194,2022-02-25,False,,27,-0.0101388624601646,combined,51131254.82899085,-4.480683047893447,ksi_Gem,2-4,0.7172214987947548,3,1.6770000001997687
85.74711435843207,1.011277436095389,False,0.0011623581601617465,False,False,True,59636.117751223464,0.7405099425662275,2022-02-25,False,,28,-0.010665731225828479,combined,49708473.609670945,-9.17594214191631,ksi_Gem,2-4,0.729844211340399,4,1.7249999473278876
85.74711435843207,1.011277436095389,False,0.00022583318214508424,False,False,True,59636.117751223464,0.752779670188091,2022-02-25,False,,29,-0.006597341312691407,combined,48362726.43238687,-29.213339023195502,ksi_Gem,2-4,0.7461823288753996,5,1.7730000081428443
37.755250594515715,1.011277436095389,False,0.00324004394920357,False,False,False,59636.117751223464,0.9301822853340845,2022-02-25,False,,30,0.0074189402895843415,combined,24628342.78087001,2.289765325994414,ksi_Gem,3-4,0.9376012256236689,0,1.5330000451285741
37.755250594515715,1.011277436095389,False,0.0007153333068099306,False,False,True,59636.117751223464,0.934239328162217,2022-02-25,False,,31,0.034276640213584786,combined,23880614.02873538,47.91701978262889,ksi_Gem,3-4,0.9685159683758018,1,1.580999992256693
37.755250594515715,1.011277436095389,False,0.000360601990904433,False,False,True,59636.117751223464,0.9379559662529523,2022-02-25,False,,32,0.02399337817235958,combined,23176948.65836514,66.53700971584021,ksi_Gem,3-4,0.9619493444253119,2,1.6290000530716497
37.755250594515715,1.011277436095389,False,0.0038102762353396814,False,False,False,59636.117751223464,0.9413688792424528,2022-02-25,False,,33,0.008247452351713092,combined,22513566.24330245,2.164528722411078,ksi_Gem,3-4,0.9496163315941659,3,1.6770000001997687
37.755250594515715,1.011277436095389,False,0.0004015212568818133,False,False,True,59636.117751223464,0.9445100049713367,2022-02-25,False,,34,0.009807544402923751,combined,21887102.46223515,24.425965586700123,ksi_Gem,3-4,0.9543175493742605,4,1.7249999473278876
37.755250594515715,1.011277436095389,False,0.00503839015713085,False,False,False,59636.117751223464,0.9474072275428927,2022-02-25,False,,35,0.011534843180511012,combined,21294557.485119823,2.289390622952395,ksi_Gem,3-4,0.9589420707234038,5,1.7730000081428443
65.5557267771753,1.011277436095389,False,0.006379404068726671,False,False,True,59636.12936391561,0.8018193772822022,2022-02-25,False,,36,-0.04420987492242845,combined,42763029.906941116,-6.930094793517718,ksi_Gem,1-2,0.7576095023597738,0,1.5330000451285741
65.5557267771753,1.011277436095389,False,0.004611015832022965,False,False,True,59636.12936391561,0.8126668679138285,2022-02-25,False,,37,-0.02429707865957309,combined,41464723.02229562,-5.2693548547009375,ksi_Gem,1-2,0.7883697892542554,1,1.580999992256693
65.5557267771753,1.011277436095389,False,0.005947073579833627,False,False,True,59636.12936391561,0.8226760712941542,2022-02-25,False,,38,-0.023216481219372476,combined,40242924.88730318,-3.903849667859998,ksi_Gem,1-2,0.7994595900747817,2,1.6290000530716497
65.5557267771753,1.011277436095389,False,0.005046752830429405,False,False,False,59636.12936391561,0.8319279283667887,2022-02-25,False,,39,-0.009929546355554875,combined,39091071.418822974,-1.9675119208701204,ksi_Gem,1-2,0.8219983820112339,3,1.6770000001997687
65.5557267771753,1.011277436095389,False,0.00544838082464853,False,False,True,59636.12936391561,0.8404943585289133,2022-02-25,False,,40,-0.01723355764781176,combined,38003321.031240866,-3.1630604031654634,ksi_Gem,1-2,0.8232608008811015,4,1.7249999473278876
65.5557267771753,1.011277436095389,False,0.006123924553662374,False,False,False,59636.12936391561,0.8484393013650322,2022-02-25,False,,41,-0.017824035995091192,combined,36974465.017539755,-2.910557737755218,ksi_Gem,1-2,0.830615265369941,5,1.7730000081428443
110.04571817239437,1.011277436095389,False,0.008499802802826294,False,False,False,59636.12936391561,0.5246884400188692,2022-02-25,False,,42,-0.019253666066524344,combined,71784549.85835616,-2.2651897359456683,ksi_Gem,1-3,0.5054347739523448,0,1.5330000451285741
110.04571817239437,1.011277436095389,False,0.008309349465909853,False,False,False,59636.12936391561,0.5464656391666931,2022-02-25,False,,43,-0.009942299262367782,combined,69605135.17480601,-1.1965195714968193,ksi_Gem,1-3,0.5365233399043253,1,1.580999992256693
110.04571817239437,1.011277436095389,False,0.007240224393913479,False,False,False,59636.12936391561,0.5669887432049078,2022-02-25,False,,44,-0.00984616167899055,combined,67554152.60109518,-1.3599249337172148,ksi_Gem,1-3,0.5571425815259172,2,1.6290000530716497
110.04571817239437,1.011277436095389,False,0.008032661638014454,False,False,False,59636.12936391561,0.5863260803284969,2022-02-25,False,,45,-0.002697875277650863,combined,65620583.279239975,-0.335863179507426,ksi_Gem,1-3,0.583628205050846,3,1.6770000001997687
110.04571817239437,1.011277436095389,False,0.008208361927582437,False,False,False,59636.12936391561,0.6045460747506192,2022-02-25,False,,46,-0.006177557811219092,combined,63794621.178314105,-0.7525932537721973,ksi_Gem,1-3,0.5983685169394001,4,1.7249999473278876
110.04571817239437,1.011277436095389,False,0.005339247206917506,False,False,False,59636.12936391561,0.6217158120290408,2022-02-25,False,,47,-0.014984251157221351,combined,62067522.65481568,-2.80643517269772,ksi_Gem,1-3,0.6067315608718195,5,1.7730000081428443
122.43378240137861,1.011277436095389,False,0.01283217456603607,False,False,False,59636.12936391561,0.44498133639106374,2022-02-25,False,,48,0.032374594124309486,combined,79865478.66742559,2.522923449778955,ksi_Gem,1-4,0.47735593051537323,0,1.5330000451285741
122.43378240137861,1.011277436095389,True,0.010497119116197457,False,True,True,59636.12936391561,0.46864885245050625,2022-02-25,False,,49,0.05304110957382002,combined,77440722.96080069,5.05292061437843,ksi_Gem,1-4,0.5216899620243263,1,1.580999992256693
122.43378240137861,1.011277436095389,True,0.008498010789385169,False,True,True,59636.12936391561,0.4911424590329184,2022-02-25,False,,50,0.05057349926002319,combined,75158857.220733,5.951216174400996,ksi_Gem,1-4,0.5417159582929416,2,1.6290000530716497
122.43378240137861,1.011277436095389,True,0.009444363520667352,False,True,True,59636.12936391561,0.5124985104731354,2022-02-25,False,,51,0.05638129806465497,combined,73007622.1745939,5.969835652902843,ksi_Gem,1-4,0.5688798085377904,3,1.6770000001997687
122.43378240137861,1.011277436095389,True,0.0060757058652472235,False,True,True,59636.12936391561,0.5327599376224622,2022-02-25,False,,52,0.057056534130890624,combined,70976107.90715371,9.390930929894344,ksi_Gem,1-4,0.5898164717533528,4,1.7249999473278876
122.43378240137861,1.011277436095389,True,0.006571521553901201,False,True,True,59636.12936391561,0.5519736418631911,2022-02-25,False,,53,0.05371374838573939,combined,69054586.4856615,8.173715622046782,ksi_Gem,1-4,0.6056873902489305,5,1.7730000081428443
57.97917881058761,1.011277436095389,True,0.02433058448851998,False,True,True,59636.12936391561,0.8419156879194106,2022-02-25,False,,54,0.13778987369676188,combined,37820728.70436533,5.663237303722644,ksi_Gem,2-3,0.9797055616161725,0,1.5330000451285741
57.97917881058761,1.011277436095389,True,0.018315213864248774,False,True,True,59636.12936391561,0.850741517901303,2022-02-25,False,,55,0.14994587152890848,combined,36672472.545574844,8.186957173435045,ksi_Gem,2-3,1.0006873894302115,1,1.580999992256693
57.97917881058761,1.011277436095389,True,0.006420129133426933,False,True,True,59636.12936391561,0.858865949759109,2022-02-25,False,,56,0.1792838635177295,combined,35591882.70206733,27.925273743213864,ksi_Gem,2-3,1.0381498132768385,2,1.6290000530716497
57.97917881058761,1.011277436095389,True,0.019422792333679613,False,True,True,59636.12936391561,0.8663593877922697,2022-02-25,False,,57,0.10069391553930662,combined,34573153.72908824,5.184317157358514,ksi_Gem,2-3,0.9670533033315764,3,1.6770000001997687
57.97917881058761,1.011277436095389,True,0.008693399836476207,False,True,True,59636.12936391561,0.873283940610181,2022-02-25,False,,58,0.13541113761832257,combined,33611119.177365944,15.576315384708025,ksi_Gem,2-3,1.0086950782285036,4,1.7249999473278876
57.97917881058761,1.011277436095389,True,0.0004391872231592014,False,True,True,59636.12936391561,0.8796944733825549,2022-02-25,False,,59,0.1121023848432725,combined,32701172.33181447,255.24964965257288,ksi_Gem,2-3,0.9917968582258274,5,1.7730000081428443
86.91713114866457,1.011277436095389,False,0.004051911784976594,False,False,True,59636.12936391561,0.674429679981031,2022-02-25,False,,60,-0.040368771770319056,combined,56697409.38681756,-9.962895026489884,ksi_Gem,2-4,0.6340609082107119,0,1.5330000451285741
86.91713114866457,1.011277436095389,True,0.004012429672300208,False,True,True,59636.12936391561,0.6910231123887375,2022-02-25,False,,61,-0.050655829337506675,combined,54976047.80161985,-12.624727029412872,ksi_Gem,2-4,0.6403672830512308,1,1.580999992256693
86.91713114866457,1.011277436095389,True,0.0023725677602029643,False,True,True,59636.12936391561,0.7064651481493692,2022-02-25,False,,62,-0.054240318300978085,combined,53356125.42478021,-22.861441182332356,ksi_Gem,2-4,0.6522248298483911,2,1.6290000530716497
86.91713114866457,1.011277436095389,True,0.0025546448086669745,False,True,True,59636.12936391561,0.7208497640785652,2022-02-25,False,,63,-0.05140363007419668,combined,51828939.25957708,-20.121634874563767,ksi_Gem,2-4,0.6694461340043685,3,1.6770000001997687
86.91713114866457,1.011277436095389,True,0.0021178616562987297,False,True,True,59636.12936391561,0.7342631751935234,2022-02-25,False,,64,-0.05470828319761911,combined,50386744.23341497,-25.831849325432223,ksi_Gem,2-4,0.6795548919959042,4,1.7249999473278876
86.91713114866457,1.011277436095389,False,0.000905387180056419,False,False,True,59636.12936391561,0.7467841909835623,2022-02-25,False,,65,-0.04886559308193272,combined,49022634.37646976,-53.97203998281451,ksi_Gem,2-4,0.6979185979016296,5,1.7730000081428443
37.90259141248701,1.011277436095389,False,0.0037242286662633093,False,False,True,59636.12936391561,0.929652814046295,2022-02-25,False,,66,-0.023769956044039975,combined,24724455.50992015,-6.38251787796088,ksi_Gem,3-4,0.905882858002255,0,1.5330000451285741
37.90259141248701,1.011277436095389,False,0.0026452935535637547,False,False,True,59636.12936391561,0.9337396969053868,2022-02-25,False,,67,-0.013520700126710472,combined,23973808.72746589,-5.111228622810239,ksi_Gem,3-4,0.9202189967786764,1,1.580999992256693
37.90259141248701,1.011277436095389,False,0.003871169433619874,False,False,True,59636.12936391561,0.9374837741060561,2022-02-25,False,,68,-0.024292537394230873,combined,23267397.285235025,-6.275245196776436,ksi_Gem,3-4,0.9131912367118252,2,1.6290000530716497
37.90259141248701,1.011277436095389,False,0.00508210808759283,False,False,True,59636.12936391561,0.9409219700679872,2022-02-25,False,,69,-0.028852288770746082,combined,22601426.003561094,-5.677228479493465,ksi_Gem,3-4,0.9120696812972411,3,1.6770000001997687
37.90259141248701,1.011277436095389,False,0.002237065748311939,False,False,True,59636.12936391561,0.9440864379988761,2022-02-25,False,,70,-0.02120261723079586,combined,21972517.431783143,-9.477869502402905,ksi_Gem,3-4,0.9228838207680803,4,1.7249999473278876
37.90259141248701,1.011277436095389,True,0.00023183244004709074,False,True,True,59636.12936391561,0.9470052517908617,2022-02-25,False,,71,-0.051862523897126867,combined,21377660.03294532,-223.70693198325628,ksi_Gem,3-4,0.8951427278937348,5,1.7730000081428443
79.1938418011212,1.0491424772345952,False,0.006621291050459329,False,False,True,59639.07702979094,0.7224356223373766,2022-02-28,False,,72,0.021794353108964826,combined,51659386.47736904,3.291556426514874,ksi_Gem,1-2,0.7442299754463414,0,1.5330000451285741
79.1938418011212,1.0491424772345952,False,0.005033984600897656,False,False,False,59639.07702979094,0.7369921091133738,2022-02-28,False,,73,0.012902420476864629,combined,50090981.77671792,2.5630631596616085,ksi_Gem,1-2,0.7498945295902384,1,1.580999992256693
79.1938418011212,1.0491424772345952,False,0.0053213434429933435,False,False,False,59639.07702979094,0.750492560607714,2022-02-28,False,,74,0.002409201936682148,combined,48615002.5911865,0.45274317707389555,ksi_Gem,1-2,0.7529017625443961,2,1.6290000530716497
79.1938418011212,1.0491424772345952,False,0.0049039624555779135,False,False,False,59639.07702979094,0.7630297404644223,2022-02-28,False,,75,0.004473371112694191,combined,47223519.25562756,0.9121952203377995,ksi_Gem,1-2,0.7675031115771165,3,1.6770000001997687
79.1938418011212,1.0491424772345952,False,0.005797324137198885,False,False,False,59639.07702979094,0.7746875525064372,2022-02-28,False,,76,0.013621431397815909,combined,45909474.909721866,2.349606659115912,ksi_Gem,1-2,0.7883089839042531,4,1.7249999473278876
79.1938418011212,1.0491424772345952,False,0.0037483902275999743,False,False,False,59639.07702979094,0.7855417639357818,2022-02-28,False,,77,0.009422498984961614,combined,44666577.23486081,2.5137454781474733,ksi_Gem,1-2,0.7949642629207434,5,1.7730000081428443
124.17671535102801,1.0491424772345952,False,0.010095956246987645,False,False,False,59639.07702979094,0.4339832051861913,2022-02-28,False,,78,0.016820155574682305,combined,81002421.19732827,1.666028968746866,ksi_Gem,1-3,0.45080336076087363,0,1.5330000451285741
124.17671535102801,1.0491424772345952,False,0.006385898309964107,False,False,False,59639.07702979094,0.45785496908582385,2022-02-28,False,,79,-0.0025469831847954594,combined,78543147.34928001,-0.3988449331899516,ksi_Gem,1-3,0.4553079859010284,1,1.580999992256693
124.17671535102801,1.0491424772345952,False,0.00867396371612031,False,False,False,59639.07702979094,0.48057207681880604,2022-02-28,False,,80,-0.004313495435135706,combined,76228797.60923263,-0.49729230791214857,ksi_Gem,1-3,0.47625858138367033,2,1.6290000530716497
124.17671535102801,1.0491424772345952,False,0.010122699475472886,False,False,False,59639.07702979094,0.5021654856817264,2022-02-28,False,,81,-0.007625658267659263,combined,74046938.18499449,-0.7533225980022515,ksi_Gem,1-3,0.4945398274140671,3,1.6770000001997687
124.17671535102801,1.0491424772345952,False,0.007399258617589524,False,False,False,59639.07702979094,0.5226737168802484,2022-02-28,False,,82,-0.006738896407087247,combined,71986503.85084593,-0.9107529220653994,ksi_Gem,1-3,0.5159348204731612,4,1.7249999473278876
124.17671535102801,1.0491424772345952,False,0.0044238294863103095,False,False,False,59639.07702979094,0.5421400879766485,2022-02-28,False,,83,-0.010180756791945633,combined,70037628.1899168,-2.30134475649442,ksi_Gem,1-3,0.5319593311847028,5,1.7730000081428443
128.70194934011968,1.0491424772345952,False,0.011037310311978219,False,False,False,59639.07702979094,0.40577561327338296,2022-02-28,False,,84,-0.004745031911028763,combined,83954302.3818537,-0.42990835420104356,ksi_Gem,1-4,0.4010305813623542,0,1.5330000451285741
128.70194934011968,1.0491424772345952,False,0.010014689863497806,False,False,False,59639.07702979094,0.43010178500124685,2022-02-28,False,,85,-0.013172325394286033,combined,81405407.95095935,-1.3153003811228725,ksi_Gem,1-4,0.4169294596069608,1,1.580999992256693
128.70194934011968,1.0491424772345952,False,0.009429041116799663,False,False,False,59639.07702979094,0.4533323111226377,2022-02-28,False,,86,-0.02063566224970742,combined,79006718.93622024,-2.1885218225362273,ksi_Gem,1-4,0.4326966488729303,2,1.6290000530716497
128.70194934011968,1.0491424772345952,False,0.009547704620245135,False,False,False,59639.07702979094,0.47548324106979284,2022-02-28,False,,87,-0.010264730337709693,combined,76745348.43457863,-1.0750992773639187,ksi_Gem,1-4,0.46521851073208315,3,1.6770000001997687
128.70194934011968,1.0491424772345952,False,0.010451696488721664,False,False,False,59639.07702979094,0.4965807974190866,2022-02-28,False,,88,-0.00443698959156652,combined,74609827.98259532,-0.42452338683527957,ksi_Gem,1-4,0.4921438078275201,4,1.7249999473278876
128.70194934011968,1.0491424772345952,False,0.009576671109954003,False,False,False,59639.07702979094,0.5166582030731176,2022-02-28,False,,89,-0.001758920998208957,combined,72589931.61253873,-0.18366726579768752,ksi_Gem,1-4,0.5148992820749086,5,1.7730000081428443
57.67438745778439,1.0491424772345952,False,0.009574797144236072,False,False,False,59639.07702979094,0.8434578125616986,2022-02-28,False,,90,0.024767534391285317,combined,37621908.51921807,2.5867424675618444,ksi_Gem,2-3,0.8682253469529839,0,1.5330000451285741
57.67438745778439,1.0491424772345952,False,0.003694003489283656,False,False,True,59639.07702979094,0.8522040137601582,2022-02-28,False,,91,0.021686812168179026,combined,36479688.64026427,5.870815290535783,ksi_Gem,2-3,0.8738908259283372,1,1.580999992256693
57.67438745778439,1.0491424772345952,False,0.00419088438772165,False,False,True,59639.07702979094,0.8602544285873261,2022-02-28,False,,92,0.01946744384899024,combined,35404779.360831395,4.645187518421047,ksi_Gem,2-3,0.8797218724363164,2,1.6290000530716497
57.67438745778439,1.0491424772345952,False,0.006406976961876811,False,False,False,59639.07702979094,0.8676789957809142,2022-02-28,False,,93,0.015237061619019165,combined,34391405.754868254,2.3781982844145793,ksi_Gem,2-3,0.8829160573999334,3,1.6770000001997687
57.67438745778439,1.0491424772345952,False,0.0039199256593518955,False,False,True,59639.07702979094,0.8745393973041888,2022-02-28,False,,94,0.020166200631393405,combined,33434428.53266456,5.144536499890562,ksi_Gem,2-3,0.8947055979355822,4,1.7249999473278876
57.67438745778439,1.0491424772345952,False,0.0015693614072709375,False,False,False,59639.07702979094,0.8808901088721032,2022-02-28,False,,95,0.004351800064234079,combined,32529265.19622315,2.7729750738561245,ksi_Gem,2-3,0.8852419089363373,5,1.7730000081428443
109.13329924301404,1.0491424772345952,False,0.0084529228997803,False,False,False,59639.07702979094,0.5306298665100819,2022-02-28,False,,96,0.0015198051628410036,combined,71189364.66427888,0.17979640662290966,ksi_Gem,2-4,0.5321496716729229,0,1.5330000451285741
109.13329924301404,1.0491424772345952,False,0.006294106633956887,False,False,False,59639.07702979094,0.5522394640828246,2022-02-28,False,,97,-0.0015827579214358067,combined,69028020.09963262,-0.2514666518194627,ksi_Gem,2-4,0.5506567061613888,1,1.580999992256693
109.13329924301404,1.0491424772345952,False,0.008785057911630116,False,False,False,59639.07702979094,0.5725929787829764,2022-02-28,False,,98,-0.0015905563759928132,combined,66994042.77933067,-0.18105246339778275,ksi_Gem,2-4,0.5710024224069836,2,1.6290000530716497
109.13329924301404,1.0491424772345952,False,0.008583839183723558,False,False,False,59639.07702979094,0.5917606137851186,2022-02-28,False,,99,-0.009919687569867608,combined,65076505.20573273,-1.1556236501584336,ksi_Gem,2-4,0.581840926215251,3,1.6770000001997687
109.13329924301404,1.0491424772345952,False,0.008755812744611326,False,False,False,59639.07702979094,0.6098122408205411,2022-02-28,False,,100,-0.011235623504696646,combined,63265682.65237749,-1.283218797890749,ksi_Gem,2-4,0.5985766173158444,4,1.7249999473278876
109.13329924301404,1.0491424772345952,False,0.006088994544770117,False,False,False,59639.07702979094,0.626816049967212,2022-02-28,False,,101,-0.00914073884400346,combined,61552903.97168546,-1.501190184486946,ksi_Gem,2-4,0.6176753111232085,5,1.7730000081428443
79.55587018263824,1.0491424772345952,False,0.008910361186804295,False,False,True,59639.07702979094,0.7202261752044854,2022-02-28,False,,102,-0.027147917506806563,combined,51895543.2750596,-3.046780813667911,ksi_Gem,3-4,0.6930782576976788,0,1.5330000451285741
79.55587018263824,1.0491424772345952,False,0.006715474442971289,False,False,False,59639.07702979094,0.7348799669233672,2022-02-28,False,,103,-0.013799954041680884,combined,50319968.73642075,-2.054948486346266,ksi_Gem,3-4,0.7210800128816863,1,1.580999992256693
79.55587018263824,1.0491424772345952,False,0.01638623394868209,False,False,False,59639.07702979094,0.748472716560117,2022-02-28,False,,104,-0.024736471936602222,combined,48837242.22883071,-1.5095885982142787,ksi_Gem,3-4,0.7237362446235148,2,1.6290000530716497
79.55587018263824,1.0491424772345952,False,0.0006252962013972431,False,False,True,59639.07702979094,0.7610973426510687,2022-02-28,False,,105,0.008048256148904365,combined,47439397.83730551,12.871109933053,ksi_Gem,3-4,0.769145598799973,3,1.6770000001997687
79.55587018263824,1.0491424772345952,False,0.02294511164956766,False,False,False,59639.07702979094,0.772837938194697,2022-02-28,False,,106,-0.00956996710185376,combined,46119346.44164733,-0.41708086881477785,ksi_Gem,3-4,0.7632679710928433,4,1.7249999473278876
79.55587018263824,1.0491424772345952,False,0.004980753340101657,False,False,True,59639.07702979094,0.7837704796880473,2022-02-28,False,,107,0.028582293413966564,combined,44870766.958410926,5.738548260127895,ksi_Gem,3-4,0.8123527731020138,5,1.7730000081428443
76.43374027974008,1.0491424772345952,False,0.006806523215547697,False,False,False,59639.08747103806,0.7391278025385655,2022-02-28,False,,108,0.020154494371135145,combined,49858928.916945666,2.961055700963092,ksi_Gem,1-2,0.7592822969097006,0,1.5330000451285741
76.43374027974008,1.0491424772345952,False,0.005433002265087269,False,False,False,59639.08747103806,0.7529384526600217,2022-02-28,False,,109,0.011084466643342394,combined,48345187.00448558,2.0402102010101677,ksi_Gem,1-2,0.7640229193033641,1,1.580999992256693
76.43374027974008,1.0491424772345952,False,0.007146331599882823,False,False,False,59639.08747103806,0.7657327766795802,2022-02-28,False,,110,0.00728446664960547,combined,46920649.349038556,1.0193295046265292,ksi_Gem,1-2,0.7730172433291856,2,1.6290000530716497
76.43374027974008,1.0491424772345952,False,0.006953516454779261,False,False,False,59639.08747103806,0.7776020611643351,2022-02-28,False,,111,0.01566604547378414,combined,45577662.65392671,2.252967340433432,ksi_Gem,1-2,0.7932681066381192,3,1.6770000001997687
76.43374027974008,1.0491424772345952,False,0.007742027529591978,False,False,False,59639.08747103806,0.7886285253360774,2022-02-28,False,,112,0.02214929761403228,combined,44309416.00789021,2.860916927687494,ksi_Gem,1-2,0.8107778229501097,4,1.7249999473278876
76.43374027974008,1.0491424772345952,False,0.007282737902211324,False,False,False,59639.08747103806,0.7988861423633463,2022-02-28,False,,113,0.010676662201606235,combined,43109836.39520778,1.4660231282474663,ksi_Gem,1-2,0.8095628045649526,5,1.7730000081428443
121.65169582345823,1.0491424772345952,False,0.010057384978893325,False,False,False,59639.08747103806,0.4499380845200943,2022-02-28,False,,114,0.006934920738101813,combined,79355311.31263286,0.6895351776486242,ksi_Gem,1-3,0.45687300525819613,0,1.5330000451285741
121.65169582345823,1.0491424772345952,False,0.006905769804495308,False,False,False,59639.08747103806,0.47350877707247163,2022-02-28,False,,115,-0.009301402838883643,combined,76946044.54097095,-1.3469031117760253,ksi_Gem,1-3,0.464207374233588,1,1.580999992256693
121.65169582345823,1.0491424772345952,False,0.008830719335990734,False,False,False,59639.08747103806,0.49589755604971575,2022-02-28,False,,116,-0.009355029864767606,combined,74678754.97859637,-1.0593734789690321,ksi_Gem,1-3,0.48654252618494814,2,1.6290000530716497
121.65169582345823,1.0491424772345952,False,0.010812901683985085,False,False,False,59639.08747103806,0.5171431310606929,2022-02-28,False,,117,-0.01945869670918099,combined,72541261.66306902,-1.7995813961761191,ksi_Gem,1-3,0.4976844343515119,3,1.6770000001997687
121.65169582345823,1.0491424772345952,False,0.00746262682248454,False,False,False,59639.08747103806,0.5372903495086881,2022-02-28,False,,118,-0.018291927266539165,combined,70522724.36987773,-2.4511378770041747,ksi_Gem,1-3,0.518998422242149,4,1.7249999473278876
121.65169582345823,1.0491424772345952,False,0.004588734335241969,False,False,True,59639.08747103806,0.5563876638096062,2022-02-28,False,,119,-0.02112581908722344,combined,68613477.30668323,-4.603844446817262,ksi_Gem,1-3,0.5352618447223828,5,1.7730000081428443
130.10393416741346,1.0491424772345952,False,0.010820468447780208,False,False,False,59639.08747103806,0.3971492834267363,2022-02-28,False,,120,-0.0007656063718143868,combined,84868839.09811074,-0.07075538138752663,ksi_Gem,1-4,0.3963836770549219,0,1.5330000451285741
130.10393416741346,1.0491424772345952,False,0.01043981007340727,False,False,False,59639.08747103806,0.4215935620360939,2022-02-28,False,,121,-0.005880640297632245,combined,82292178.87705696,-0.5632899694805428,ksi_Gem,1-4,0.41571292173846164,1,1.580999992256693
130.10393416741346,1.0491424772345952,False,0.010000692129396511,False,False,False,59639.08747103806,0.44496307872822083,2022-02-28,False,,122,-0.01556170198067297,combined,79867360.30001283,-1.5560624984075013,ksi_Gem,1-4,0.42940137674754786,2,1.6290000530716497
130.10393416741346,1.0491424772345952,False,0.009342085957736373,False,False,False,59639.08747103806,0.4672690224015612,2022-02-28,False,,123,-0.008838697336221557,combined,77581356.0834318,-0.9461160362051744,ksi_Gem,1-4,0.45843032506533965,3,1.6770000001997687
130.10393416741346,1.0491424772345952,False,0.010782493452602643,False,False,False,59639.08747103806,0.4885335713245086,2022-02-28,False,,124,-0.0012152558173499362,combined,75422572.83482881,-0.1127063811994805,ksi_Gem,1-4,0.48731831550715865,4,1.7249999473278876
130.10393416741346,1.0491424772345952,False,0.009594535322730668,False,False,False,59639.08747103806,0.5087866002412708,2022-02-28,False,,125,0.0024334768324622003,combined,73380673.19226512,0.2536315465634887,ksi_Gem,1-4,0.511220077073733,5,1.7730000081428443
58.02593850902262,1.0491424772345952,False,0.011166947009208042,False,False,False,59639.08747103806,0.8416785917830988,2022-02-28,False,,126,0.02962499744875624,combined,37851230.78985685,2.652918243843018,ksi_Gem,2-3,0.871303589231855,0,1.5330000451285741
58.02593850902262,1.0491424772345952,False,0.006245984772700359,False,False,False,59639.08747103806,0.8505166523135841,2022-02-28,False,,127,0.006258659671065758,combined,36702048.57256031,1.0020292874265078,ksi_Gem,2-3,0.8567753119846498,1,1.580999992256693
58.02593850902262,1.0491424772345952,False,0.003499025096682173,False,False,True,59639.08747103806,0.85865245418437,2022-02-28,False,,128,0.016097286056036886,combined,35620587.24283566,4.600506029894032,ksi_Gem,2-3,0.8747497402404069,2,1.6290000530716497
58.02593850902262,1.0491424772345952,False,0.009457958069917735,False,False,False,59639.08747103806,0.8661564728790097,2022-02-28,False,,129,0.005632440812097572,combined,34601036.67388815,0.5955239778459457,ksi_Gem,2-3,0.8717889136911072,3,1.6770000001997687
58.02593850902262,1.0491424772345952,False,0.0036243133140610164,False,False,True,59639.08747103806,0.8730908822804392,2022-02-28,False,,130,0.01993436373333901,combined,33638226.249750175,5.500176724788372,ksi_Gem,2-3,0.8930252460137782,4,1.7249999473278876
58.02593850902262,1.0491424772345952,False,0.002051007134030082,False,False,True,59639.08747103806,0.8795106071722334,2022-02-28,False,,131,0.00774100437906855,combined,32727545.540060528,3.774245467327084,ksi_Gem,2-3,0.8872516115513019,5,1.7730000081428443
110.37920180854636,1.0491424772345952,False,0.006997462685121102,False,False,False,59639.08747103806,0.5225182913473708,2022-02-28,False,,132,-0.0015769670050876927,combined,72002086.47044675,-0.2253626887415693,ksi_Gem,2-4,0.5209413243422831,0,1.5330000451285741
110.37920180854636,1.0491424772345952,False,0.005042936990578912,False,False,False,59639.08747103806,0.5443558390464711,2022-02-28,False,,133,-0.0034954486631531,combined,69816067.26701681,-0.6931374850971189,ksi_Gem,2-4,0.540860390383318,1,1.580999992256693
110.37920180854636,1.0491424772345952,False,0.009506084507205427,False,False,False,59639.08747103806,0.5649401507939685,2022-02-28,False,,134,-0.007225992641776147,combined,67758869.37536609,-0.7601439516237191,ksi_Gem,2-4,0.5577141581521924,2,1.6290000530716497
110.37920180854636,1.0491424772345952,False,0.009234162217943785,False,False,False,59639.08747103806,0.5843388522515867,2022-02-28,False,,135,-0.010441541917332375,combined,65819440.545854315,-1.1307514066671274,ksi_Gem,2-4,0.5738973103342543,3,1.6770000001997687
110.37920180854636,1.0491424772345952,False,0.009970771958529969,False,False,False,59639.08747103806,0.6026198233490593,2022-02-28,False,,136,-0.01236272575366859,combined,63987945.03126179,-1.239896550145479,ksi_Gem,2-4,0.5902570975953907,4,1.7249999473278876
110.37920180854636,1.0491424772345952,False,0.0066517950176797295,False,False,False,59639.08747103806,0.6198497325900321,2022-02-28,False,,137,-0.012159498209330266,combined,62255612.6912626,-1.8280025432250506,ksi_Gem,2-4,0.6076902343807018,5,1.7730000081428443
78.43068493532832,1.0491424772345952,False,0.006797063296827002,False,False,False,59639.08747103806,0.7270783242872917,2022-02-28,False,,138,0.005874850819547084,combined,51161567.27102396,0.8643219230118948,ksi_Gem,3-4,0.7329531751068388,0,1.5330000451285741
78.43068493532832,1.0491424772345952,False,0.0076038397283620185,False,False,False,59639.08747103806,0.7414292582265181,2022-02-28,False,,139,0.018106467902676116,combined,49608276.609399386,2.381226926067328,ksi_Gem,3-4,0.7595357261291942,1,1.580999992256693
78.43068493532832,1.0491424772345952,False,0.01281427835606281,False,False,False,59639.08747103806,0.7547348683274978,2022-02-28,False,,140,0.00903088631842519,combined,48146520.79810499,0.7047518453625923,ksi_Gem,3-4,0.763765754645923,2,1.6290000530716497
78.43068493532832,1.0491424772345952,True,0.0013270447927585124,False,True,True,59639.08747103806,0.7670875617786859,2022-02-28,False,,141,0.05493851537192185,combined,46768446.5867534,41.39914166553625,ksi_Gem,3-4,0.8220260771506077,3,1.6770000001997687
78.43068493532832,1.0491424772345952,False,0.01934669372113161,False,False,False,59639.08747103806,0.7785708190852835,2022-02-28,False,,142,0.03037623491377328,combined,45467065.11894184,1.570099540088059,ksi_Gem,3-4,0.8089470539990568,4,1.7249999473278876
78.43068493532832,1.0491424772345952,True,0.0031333850832946457,False,True,True,59639.08747103806,0.7892599461403129,2022-02-28,False,,143,0.09880097622128747,combined,44236144.712419786,31.531705677682513,ksi_Gem,3-4,0.8880609223616004,5,1.7730000081428443
86.4523188453739,1.038827693368404,False,0.010014085636784287,False,False,False,58816.22040620194,0.647515829839044,2019-11-28,False,,0,0.011837322742568657,combined,56394205.02308143,1.1820672572528395,pi3_Ori,1-2,0.6593531525816126,0,1.5330000451285741
86.4523188453739,1.038827693368404,False,0.011899068928167307,False,False,False,58816.22040620194,0.6651795863421914,2019-11-28,False,,1,0.002398916395200179,combined,54682048.873367354,0.20160538691573576,pi3_Ori,1-2,0.6675785027373916,1,1.580999992256693
86.4523188453739,1.038827693368404,False,0.009790383013319422,False,False,False,58816.22040620194,0.6816507663744046,2019-11-28,False,,2,0.001813732730150619,combined,53070789.45906664,0.18525656531344165,pi3_Ori,1-2,0.6834644991045552,2,1.6290000530716497
86.4523188453739,1.038827693368404,False,0.011054772408731105,False,False,False,58816.22040620194,0.6970220936820736,2019-11-28,False,,3,0.0027702996662848367,combined,51551770.325030096,0.2505976209964162,pi3_Ori,1-2,0.6997923933483584,3,1.6770000001997687
86.4523188453739,1.038827693368404,False,0.009476792349219611,False,False,False,58816.22040620194,0.7113794548525466,2019-11-28,False,,4,0.005540623276288792,combined,50117287.8174825,0.5846517547411544,pi3_Ori,1-2,0.7169200781288354,4,1.7249999473278876
86.4523188453739,1.038827693368404,False,0.00816597287523663,False,False,False,58816.22040620194,0.7248020000973106,2019-11-28,False,,5,0.0037265262898104057,combined,48760472.89809642,0.45634811023082417,pi3_Ori,1-2,0.728528526387121,5,1.7730000081428443
128.58805683079666,1.038827693368404,False,0.009028360206328,False,False,False,58816.22040620194,0.3640502621980562,2019-11-28,False,,6,0.007876039682860991,combined,83880008.50972699,0.8723665763070303,pi3_Ori,1-3,0.3719263018809172,0,1.5330000451285741
128.58805683079666,1.038827693368404,False,0.00815379163104185,False,False,False,58816.22040620194,0.38885837737818507,2019-11-28,False,,7,-0.005499699743674369,combined,81333369.67778994,-0.674495988189932,pi3_Ori,1-3,0.3833586776345107,1,1.580999992256693
128.58805683079666,1.038827693368404,False,0.007760666828938876,False,False,False,58816.22040620194,0.4126837120488023,2019-11-28,False,,8,-0.004911796618077724,combined,78936803.34038691,-0.6329090948424749,pi3_Ori,1-3,0.40777191543072455,2,1.6290000530716497
128.58805683079666,1.038827693368404,False,0.0073469831028289525,False,False,False,58816.22040620194,0.4355176130118207,2019-11-28,False,,9,0.0003927884300292672,combined,76677433.99849667,0.053462547079769954,pi3_Ori,1-3,0.43591040144184995,3,1.6770000001997687
128.58805683079666,1.038827693368404,False,0.007459466852374855,False,False,False,58816.22040620194,0.45736560202285126,2019-11-28,False,,10,-0.00383568132209694,combined,74543803.33749348,-0.5142031458824409,pi3_Ori,1-3,0.4535299207007543,4,1.7249999473278876
128.58805683079666,1.038827693368404,False,0.007342690065155774,False,False,False,58816.22040620194,0.47824364417291887,2019-11-28,False,,11,-0.0019814921543695463,combined,72525694.4389347,-0.26985915744593114,pi3_Ori,1-3,0.4762621520185493,5,1.7730000081428443
125.91535243827875,1.038827693368404,False,0.010850163470937556,False,False,False,58816.22040620194,0.38097441430346657,2019-11-28,False,,12,0.003273768841016711,combined,82136561.46873637,0.3017253011704004,pi3_Ori,1-4,0.3842481831444833,0,1.5330000451285741
125.91535243827875,1.038827693368404,False,0.01042073397632631,False,False,False,58816.22040620194,0.40561973498883847,2019-11-28,False,,13,-0.010685729661950638,combined,79642854.55722822,-1.0254296565123284,pi3_Ori,1-4,0.3949340053268878,1,1.580999992256693
125.91535243827875,1.038827693368404,False,0.010431659683346953,False,False,False,58816.22040620194,0.42923220971129394,2019-11-28,False,,14,-0.010490066294900569,combined,77296100.88155136,-1.0055989759373434,pi3_Ori,1-4,0.4187421434163934,2,1.6290000530716497
125.91535243827875,1.038827693368404,False,0.010983011220601175,False,False,False,58816.22040620194,0.45181362369744654,2019-11-28,False,,15,-0.003956724058599259,combined,75083692.56009504,-0.36025858292646634,pi3_Ori,1-4,0.4478568996388473,3,1.6770000001997687
125.91535243827875,1.038827693368404,False,0.010263984069519987,False,False,False,58816.22040620194,0.4733782990292143,2019-11-28,False,,16,0.005363049444151724,combined,72994409.4394484,0.5225114738903269,pi3_Ori,1-4,0.478741348473366,4,1.7249999473278876
125.91535243827875,1.038827693368404,False,0.01151248028061383,False,False,False,58816.22040620194,0.49394958043052445,2019-11-28,False,,17,0.010286778637135285,combined,71018246.95994823,0.8935327910578457,pi3_Ori,1-4,0.5042363590676597,5,1.7730000081428443
56.55164453078767,1.038827693368404,False,0.01433956766467859,False,False,False,58816.22040620194,0.8335227370078357,2019-11-28,False,,18,-0.0037531220613090666,combined,36889525.67907108,-0.26173188404792747,pi3_Ori,2-3,0.8297696149465267,0,1.5330000451285741
56.55164453078767,1.038827693368404,False,0.007806778502583751,False,False,True,58816.22040620194,0.8427799907986238,2019-11-28,False,,19,-0.030709307645499728,combined,35769541.30788248,-3.933672210033383,pi3_Ori,2-3,0.812070683153124,1,1.580999992256693
56.55164453078767,1.038827693368404,False,0.014384465186055002,False,False,False,58816.22040620194,0.851305668119887,2019-11-28,False,,20,-0.029326120737319328,combined,34715557.20587832,-2.038735563540415,pi3_Ori,2-3,0.8219795473825676,2,1.6290000530716497
56.55164453078767,1.038827693368404,False,0.009720243190905154,False,False,True,58816.22040620194,0.8591726434519557,2019-11-28,False,,21,-0.03548994482663881,combined,33721910.86705491,-3.6511375414809932,pi3_Ori,2-3,0.8236826986253168,3,1.6770000001997687
56.55164453078767,1.038827693368404,False,0.01284079060816849,False,False,False,58816.22040620194,0.8664452954887232,2019-11-28,False,,22,-0.003169843477470846,combined,32783563.047865037,-0.24685734501849085,pi3_Ori,2-3,0.8632754520112523,4,1.7249999473278876
56.55164453078767,1.038827693368404,False,0.009652965928399116,False,False,False,58816.22040620194,0.8731805664835779,2019-11-28,False,,23,0.001736024598617325,combined,31896020.457452532,0.1798436471747947,pi3_Ori,2-3,0.8749165910821952,5,1.7730000081428443
113.7420518312496,1.038827693368404,False,0.012370117675210757,False,False,False,58816.22040620194,0.4609529494578203,2019-11-28,False,,24,-0.008113094098684936,combined,74195726.342402,-0.6558623217419561,pi3_Ori,2-4,0.45283985535913535,0,1.5330000451285741
113.7420518312496,1.038827693368404,False,0.013412038728828467,False,False,False,58816.22040620194,0.4843034725314059,2019-11-28,False,,25,-0.010911484493114076,combined,71943107.13999188,-0.8135589759117245,pi3_Ori,2-4,0.4733919880382918,1,1.580999992256693
113.7420518312496,1.038827693368404,False,0.015379602799147553,False,False,False,58816.22040620194,0.5064550130394418,2019-11-28,False,,26,-0.008735034536669517,combined,69823233.96293148,-0.5679622972547558,pi3_Ori,2-4,0.49771997850277233,2,1.6290000530716497
113.7420518312496,1.038827693368404,False,0.013889485854526054,False,False,False,58816.22040620194,0.5274514291598931,2019-11-28,False,,27,-0.005654894184178971,combined,67824717.84001213,-0.40713488198242104,pi3_Ori,2-4,0.5217965349757141,3,1.6770000001997687
113.7420518312496,1.038827693368404,False,0.014408850162057316,False,False,False,58816.22040620194,0.5473417498931905,2019-11-28,False,,28,-0.03098081138114006,combined,65937423.36481911,-2.150123780363927,pi3_Ori,2-4,0.5163609385120504,4,1.7249999473278876
113.7420518312496,1.038827693368404,False,0.015600155116892516,False,False,False,58816.22040620194,0.5661778049599593,2019-11-28,False,,29,-0.006316354856821915,combined,64152313.20297084,-0.4048905161194388,pi3_Ori,2-4,0.5598614501031374,5,1.7730000081428443
88.9212414105022,1.038827693368404,False,0.003440626913425439,False,False,False,58816.22040620194,0.6307745536523645,2019-11-28,False,,30,0.00044320253123408815,combined,58004721.978363864,0.12881446968420127,pi3_Ori,3-4,0.6312177561835985,0,1.5330000451285741
88.9212414105022,1.038827693368404,False,0.004575957260291551,False,False,False,58816.22040620194,0.6490747912348841,2019-11-28,False,,31,-0.0015398408496407612,combined,56243669.73182429,-0.3365068251408127,pi3_Ori,3-4,0.6475349503852433,1,1.580999992256693
88.9212414105022,1.038827693368404,False,0.009021287234574711,False,False,False,58816.22040620194,0.666161765160632,2019-11-28,False,,32,0.0016311654897144257,combined,54586395.6497926,0.1808129424660009,pi3_Ori,3-4,0.6677929306503464,2,1.6290000530716497
88.9212414105022,1.038827693368404,False,0.009001976023958917,False,False,False,58816.22040620194,0.682126664189838,2019-11-28,False,,33,-0.0008702952091195204,combined,53023996.06434685,-0.0966782411776275,pi3_Ori,3-4,0.6812563689807185,3,1.6770000001997687
88.9212414105022,1.038827693368404,False,0.011549259302463649,False,False,False,58816.22040620194,0.6970545312879667,2019-11-28,False,,34,0.006758857954570985,combined,51548547.31923077,0.5852200368493942,pi3_Ori,3-4,0.7038133892425377,4,1.7249999473278876
88.9212414105022,1.038827693368404,False,0.010175367788968192,False,False,False,58816.22040620194,0.7110241879286842,2019-11-28,False,,35,0.0037154724944389317,combined,50152984.20875029,0.36514380329987955,pi3_Ori,3-4,0.7147396604231231,5,1.7730000081428443
84.61079660127598,1.038827693368404,False,0.011551928680246923,False,False,False,58816.23179540221,0.6599248981120708,2019-11-28,False,,36,0.020816960509166815,combined,55192951.14839973,1.8020333301366827,pi3_Ori,1-2,0.6807418586212376,0,1.5330000451285741
84.61079660127598,1.038827693368404,False,0.010809387351055265,False,False,False,58816.23179540221,0.6771028150045426,2019-11-28,False,,37,0.01147090631158909,combined,53517265.66456457,1.0611985618656958,pi3_Ori,1-2,0.6885737213161317,1,1.580999992256693
84.61079660127598,1.038827693368404,False,0.0076465595816761125,False,False,False,58816.23179540221,0.6931058468235008,2019-11-28,False,,38,0.00877774311929036,combined,51940327.71314739,1.1479336589915505,pi3_Ori,1-2,0.7018835899427912,2,1.6290000530716497
84.61079660127598,1.038827693368404,False,0.006870812159211978,False,False,False,58816.23179540221,0.7080274954115066,2019-11-28,False,,39,0.010792056848334619,combined,50453665.230290346,1.5707105067434084,pi3_Ori,1-2,0.7188195522598412,3,1.6770000001997687
84.61079660127598,1.038827693368404,False,0.005899356183178175,False,False,False,58816.23179540221,0.7219539679104241,2019-11-28,False,,40,0.013474719324605422,combined,49049738.65787207,2.284099977388745,pi3_Ori,1-2,0.7354286872350295,4,1.7249999473278876
84.61079660127598,1.038827693368404,False,0.00677443797700407,False,False,False,58816.23179540221,0.7349644001634885,2019-11-28,False,,41,0.015161856676566554,combined,47721825.27506181,2.238098086960675,pi3_Ori,1-2,0.7501262568400551,5,1.7730000081428443
127.42191179897583,1.038827693368404,False,0.009461370158672986,False,False,False,58816.23179540221,0.3714018243831009,2019-11-28,False,,42,0.014945306332986796,combined,83119313.7951205,1.5796133205175185,pi3_Ori,1-3,0.38634713071608767,0,1.5330000451285741
127.42191179897583,1.038827693368404,False,0.007742094397286503,False,False,False,58816.23179540221,0.39614443160672635,2019-11-28,False,,43,0.0014545541080553948,combined,80595770.033557,0.18787604922063414,pi3_Ori,1-3,0.39759898571478175,1,1.580999992256693
127.42191179897583,1.038827693368404,False,0.008426637829220871,False,False,False,58816.23179540221,0.4198818390576912,2019-11-28,False,,44,0.001623656704548282,combined,78220937.78248104,0.19268143919962508,pi3_Ori,1-3,0.4215054957622395,2,1.6290000530716497
127.42191179897583,1.038827693368404,False,0.007790040325508061,False,False,False,58816.23179540221,0.44260999092434294,2019-11-28,False,,45,0.006707889252937027,combined,75982058.30876386,0.8610853054216434,pi3_Ori,1-3,0.44931788017727997,3,1.6770000001997687
127.42191179897583,1.038827693368404,False,0.008210522191415583,False,False,False,58816.23179540221,0.46433829328315335,2019-11-28,False,,46,0.001488189405183693,combined,73867777.21144794,0.18125392885968353,pi3_Ori,1-3,0.46582648268833704,4,1.7249999473278876
127.42191179897583,1.038827693368404,False,0.008015602489929751,False,False,False,58816.23179540221,0.48508597525635333,2019-11-28,False,,47,0.004848560392112178,combined,71867970.22773048,0.6048903246142225,pi3_Ori,1-3,0.4899345356484655,5,1.7730000081428443
127.89970409073982,1.038827693368404,False,0.009565565670071252,False,False,False,58816.23179540221,0.3683835033989579,2019-11-28,False,,48,0.0124429142011791,combined,83430985.20914443,1.300802757552593,pi3_Ori,1-4,0.380826417600137,0,1.5330000451285741
127.89970409073982,1.038827693368404,False,0.007327809376309914,False,False,False,58816.23179540221,0.39315398683885994,2019-11-28,False,,49,-0.0036820620305568763,combined,80897978.94823384,-0.5024778677322885,pi3_Ori,1-4,0.38947192480830306,1,1.580999992256693
127.89970409073982,1.038827693368404,False,0.007944311270307942,False,False,False,58816.23179540221,0.41692834941874496,2019-11-28,False,,50,-0.004450430262212812,combined,78514241.81943491,-0.5602034098092813,pi3_Ori,1-4,0.41247791915653215,2,1.6290000530716497
127.89970409073982,1.038827693368404,False,0.007676717600367381,False,False,False,58816.23179540221,0.4397006594189894,2019-11-28,False,,51,0.0040303324029646315,combined,76266967.24836259,0.5250072508557243,pi3_Ori,1-4,0.443730991821954,3,1.6770000001997687
127.89970409073982,1.038827693368404,False,0.0069584294578603646,False,False,False,58816.23179540221,0.46147873954959495,2019-11-28,False,,52,0.01280069517478799,combined,74144758.25860919,1.8395954507131058,pi3_Ori,1-4,0.47427943472438294,4,1.7249999473278876
127.89970409073982,1.038827693368404,False,0.009100834350098,False,False,False,58816.23179540221,0.4822804896902506,2019-11-28,False,,53,0.019076163467555807,combined,72137452.62455486,2.0960895159409634,pi3_Ori,1-4,0.5013566531578064,5,1.7730000081428443
57.26292738451731,1.038827693368404,False,0.010809516801609891,False,False,False,58816.23179540221,0.8296296742109542,2019-11-28,False,,54,0.015378235661680617,combined,37353506.65284202,1.4226570848560312,pi3_Ori,2-3,0.8450079098726349,0,1.5330000451285741
57.26292738451731,1.038827693368404,False,0.006137398812148977,False,False,False,58816.23179540221,0.8390854734501133,2019-11-28,False,,55,-0.01591245062283586,combined,36219435.58821981,-2.592702724701086,pi3_Ori,2-3,0.8231730228272774,1,1.580999992256693
57.26292738451731,1.038827693368404,False,0.009530249853660992,False,False,False,58816.23179540221,0.8477959895019065,2019-11-28,False,,56,-0.009661041855250851,combined,35152194.91647166,-1.0137238796042285,pi3_Ori,2-3,0.8381349476466556,2,1.6290000530716497
57.26292738451731,1.038827693368404,False,0.006068670824764165,False,False,False,58816.23179540221,0.8558351917645897,2019-11-28,False,,57,-0.01714596180271266,combined,34146050.910969585,-2.8253240780082964,pi3_Ori,2-3,0.838689229961877,3,1.6770000001997687
57.26292738451731,1.038827693368404,False,0.007972638224825822,False,False,False,58816.23179540221,0.8632684703558284,2019-11-28,False,,58,0.014790728384088903,combined,33195900.946675673,1.8551861964628447,pi3_Ori,2-3,0.8780591987399173,4,1.7249999473278876
57.26292738451731,1.038827693368404,False,0.006874867306623078,False,False,True,58816.23179540221,0.8701536969355669,2019-11-28,False,,59,0.021459738535988482,combined,32297195.218006928,3.1214767614954106,pi3_Ori,2-3,0.8916134354715554,5,1.7730000081428443
114.53077494670502,1.038827693368404,False,0.007987665579850955,False,False,False,58816.23179540221,0.4556526089702096,2019-11-28,False,,60,0.0075504388177372594,combined,74710222.81483313,0.9452622599503153,pi3_Ori,2-4,0.46320304778794685,0,1.5330000451285741
114.53077494670502,1.038827693368404,False,0.009995871835398743,False,False,False,58816.23179540221,0.47911354169305426,2019-11-28,False,,61,-0.000448466136949488,combined,72441983.24329256,-0.04486513476106392,pi3_Ori,2-4,0.47866507555610477,1,1.580999992256693
114.53077494670502,1.038827693368404,False,0.010387845999085413,False,False,False,58816.23179540221,0.5013830750420946,2019-11-28,False,,62,-0.0005686089259403504,combined,70307410.19973896,-0.05473790485442439,pi3_Ori,2-4,0.5008144661161542,2,1.6290000530716497
114.53077494670502,1.038827693368404,False,0.011132173978548657,False,False,False,58816.23179540221,0.5225026617083464,2019-11-28,False,,63,0.0008797040313809346,combined,68295035.73825988,0.07902356117287566,pi3_Ori,2-4,0.5233823657397273,3,1.6770000001997687
114.53077494670502,1.038827693368404,False,0.011176971977033696,False,False,False,58816.23179540221,0.5425193847872556,2019-11-28,False,,64,-0.02913507494466161,combined,66394654.170348816,-2.606705555362222,pi3_Ori,2-4,0.513384309842594,4,1.7249999473278876
114.53077494670502,1.038827693368404,False,0.011757418108022099,False,False,False,58816.23179540221,0.5614835089556243,2019-11-28,False,,65,-1.080876820325205e-05,combined,64597165.49390883,-0.0009193147767601474,pi3_Ori,2-4,0.561472700187421,5,1.7730000081428443
87.69607711466229,1.038827693368404,False,0.003157880424190669,False,False,False,58816.23179540221,0.6390958564011272,2019-11-28,False,,66,-0.005137641569537887,combined,57205528.07114049,-1.626927204140293,pi3_Ori,3-4,0.6339582148315893,0,1.5330000451285741
87.69607711466229,1.038827693368404,False,0.0017360461025884412,False,False,True,58816.23179540221,0.6570824871437672,2019-11-28,False,,67,-0.010082395452613468,combined,55468739.749635525,-5.807677248651771,pi3_Ori,3-4,0.6470000916911537,1,1.580999992256693
87.69607711466229,1.038827693368404,False,0.004419951496169774,False,False,False,58816.23179540221,0.6738656765825213,2019-11-28,False,,68,-0.0009306128628723265,combined,53834299.72841448,-0.21054820707394045,pi3_Ori,3-4,0.672935063719649,2,1.6290000530716497
87.69607711466229,1.038827693368404,False,0.005097060918162917,False,False,False,58816.23179540221,0.6895374462216509,2019-11-28,False,,69,-0.0018397278895931901,combined,52293427.015036196,-0.36093896446037865,pi3_Ori,3-4,0.6876977183320577,3,1.6770000001997687
87.69607711466229,1.038827693368404,False,0.007900474538617277,False,False,False,58816.23179540221,0.704183317576224,2019-11-28,False,,70,0.009025415137923432,combined,50838307.1260425,1.1423889911685026,pi3_Ori,3-4,0.7132087327141474,4,1.7249999473278876
87.69607711466229,1.038827693368404,False,0.01121866019770291,False,False,False,58816.23179540221,0.7178823257420485,2019-11-28,False,,71,0.00910196902657845,combined,49461972.20073387,0.8113240677743438,pi3_Ori,3-4,0.7269842947686269,5,1.7730000081428443
88.92300913985741,1.0546017745260916,False,0.0005628334000860047,False,False,True,58815.20398919444,0.6307625291723457,2019-11-27,False,,72,0.03139665618902776,combined,58005875.09597846,55.78321432990676,pi3_Ori,1-2,0.6621591853613734,0,1.5330000451285741
88.92300913985741,1.0546017745260916,False,0.0020047459469292473,False,False,True,58815.20398919444,0.6490632159396452,2019-11-27,False,,73,0.01649975039557461,combined,56244787.840213835,8.230344807953328,pi3_Ori,1-2,0.6655629663352198,1,1.580999992256693
88.92300913985741,1.0546017745260916,False,0.002340878693399374,False,False,True,58815.20398919444,0.666150625519162,2019-11-27,False,,74,0.012126850884199625,combined,54587480.81203791,5.180469589643396,pi3_Ori,1-2,0.6782774764033617,2,1.6290000530716497
88.92300913985741,1.0546017745260916,False,0.0021181987332458754,False,False,True,58815.20398919444,0.6821159453678859,2019-11-27,False,,75,0.010604749457524876,combined,53025050.16652634,5.006494098537402,pi3_Ori,1-2,0.6927206948254108,3,1.6770000001997687
88.92300913985741,1.0546017745260916,False,0.00215914090909328,False,False,True,58815.20398919444,0.6970442176748451,2019-11-27,False,,76,0.01746621026614259,combined,51549572.089902766,8.089425841816611,pi3_Ori,1-2,0.7145104279409877,4,1.7249999473278876
88.92300913985741,1.0546017745260916,False,0.0013038881749876776,False,False,True,58815.20398919444,0.7110142635329114,2019-11-27,False,,77,0.010756159962182488,combined,50153981.236018814,8.249296349577017,pi3_Ori,1-2,0.7217704234950939,5,1.7730000081428443
129.2025560515391,1.0546017745260916,False,0.0006262996649468624,False,False,True,58815.20398919444,0.36019738382969846,2019-11-27,False,,78,0.0251081717758172,combined,84280856.0000419,40.08970973654835,pi3_Ori,1-3,0.38530555560551566,0,1.5330000451285741
129.2025560515391,1.0546017745260916,False,0.0039750005559359,False,False,False,58815.20398919444,0.38503656548916676,2019-11-27,False,,79,0.000910770365869007,combined,81722047.23867045,0.22912458829947743,pi3_Ori,1-3,0.38594733585503577,1,1.580999992256693
129.2025560515391,1.0546017745260916,False,0.003519495303995194,False,False,False,58815.20398919444,0.4089051333108921,2019-11-27,False,,80,0.004919076560881863,combined,79314028.14132152,1.3976653286901446,pi3_Ori,1-3,0.413824209871774,2,1.6290000530716497
129.2025560515391,1.0546017745260916,False,0.0027917882718744825,False,False,False,58815.20398919444,0.43179198646880756,2019-11-27,False,,81,0.0058339831536418085,combined,77043861.67927736,2.0896939830342913,pi3_Ori,1-3,0.4376259696224494,3,1.6770000001997687
129.2025560515391,1.0546017745260916,False,0.0033754672916996237,False,False,False,58815.20398919444,0.45370057339909386,2019-11-27,False,,82,0.0004112183447420037,combined,74900034.78068529,0.12182560493274577,pi3_Ori,1-3,0.45411179174383587,4,1.7249999473278876
129.2025560515391,1.0546017745260916,False,0.003948779555162792,False,False,False,58815.20398919444,0.4746451126771067,2019-11-27,False,,83,-0.0028813598224664005,combined,72872281.70228508,-0.7296836357195974,pi3_Ori,1-3,0.4717637528546403,5,1.7730000081428443
121.47452815591679,1.0546017745260916,False,0.0009082024065119535,False,False,True,58815.20398919444,0.40964843460601774,2019-11-27,False,,84,0.0427589534253196,combined,79239742.06127867,47.08086338324057,pi3_Ori,1-4,0.45240738803133734,0,1.5330000451285741
121.47452815591679,1.0546017745260916,False,0.0052851819656968045,False,False,True,58815.20398919444,0.4339248930417095,2019-11-27,False,,85,0.020122743098734186,combined,76833984.02964321,3.8073888901725224,pi3_Ori,1-4,0.4540476361404437,1,1.580999992256693
121.47452815591679,1.0546017745260916,False,0.002536111234810484,False,False,True,58815.20398919444,0.457095896905599,2019-11-27,False,,86,0.02093643133684564,combined,74569996.4385292,8.255328492486315,pi3_Ori,1-4,0.4780323282424446,2,1.6290000530716497
121.47452815591679,1.0546017745260916,False,0.0017596058206952958,False,False,True,58815.20398919444,0.47917971883247346,2019-11-27,False,,87,0.016626317430050497,combined,72435616.06526321,9.448887492018368,pi3_Ori,1-4,0.49580603626252395,3,1.6770000001997687
121.47452815591679,1.0546017745260916,False,0.002629527188407727,False,False,True,58815.20398919444,0.5002044373564415,2019-11-27,False,,88,0.026857848244392857,combined,70420018.47251473,10.213945823719072,pi3_Ori,1-4,0.5270622856008343,4,1.7249999473278876
121.47452815591679,1.0546017745260916,False,0.003399702898163161,False,False,True,58815.20398919444,0.5202048167742848,2019-11-27,False,,89,0.03144953141242568,combined,68513551.94473864,9.25067053048008,pi3_Ori,1-4,0.5516543481867104,5,1.7730000081428443
54.78042903030732,1.0546017745260916,False,0.005210635347611662,False,False,True,58815.20398919444,0.8430693642839643,2019-11-27,False,,90,0.019047192458247264,combined,35734133.99717991,3.6554452936296347,pi3_Ori,2-3,0.8621165567422115,0,1.5330000451285741
54.78042903030732,1.0546017745260916,False,0.0023033317550847,False,False,False,58815.20398919444,0.8518360315288646,2019-11-27,False,,91,-0.00685062682367521,combined,34649227.89285701,-2.974224971523172,pi3_Ori,2-3,0.8449854047051893,1,1.580999992256693
54.78042903030732,1.0546017745260916,False,0.004314588694600528,False,False,False,58815.20398919444,0.8599054228629992,2019-11-27,False,,92,0.004614767756052629,combined,33628254.90828751,1.0695730422294385,pi3_Ori,2-3,0.8645201906190518,2,1.6290000530716497
54.78042903030732,1.0546017745260916,False,0.0023485056250668167,False,False,True,58815.20398919444,0.867347607599284,2019-11-27,False,,93,-0.010283169292693461,combined,32665729.8889575,-4.378601091236857,pi3_Ori,2-3,0.8570644383065905,3,1.6770000001997687
54.78042903030732,1.0546017745260916,False,0.0036321802078947162,False,False,False,58815.20398919444,0.874224386027186,2019-11-27,False,,94,0.004153275092420028,combined,31756771.422031045,1.1434661428396882,pi3_Ori,2-3,0.878377661119606,4,1.7249999473278876
54.78042903030732,1.0546017745260916,False,0.0024295022681405684,False,False,True,58815.20398919444,0.8805903408515189,2019-11-27,False,,95,0.011159312661149112,combined,30897026.94795129,4.59325056308342,pi3_Ori,2-3,0.891749653512668,5,1.7730000081428443
112.65255324800806,1.0546017745260916,False,0.0006915288144869603,False,False,True,58815.20398919444,0.468295753766772,2019-11-27,False,,96,0.034678794586949335,combined,73485029.30967611,50.14801098733284,pi3_Ori,2-4,0.5029745483537214,0,1.5330000451285741
112.65255324800806,1.0546017745260916,False,0.0037238935609357404,False,False,True,58815.20398919444,0.49148798727900256,2019-11-27,False,,97,0.029997338285987052,combined,71253987.22311799,8.055369412451551,pi3_Ori,2-4,0.5214853255649896,1,1.580999992256693
112.65255324800806,1.0546017745260916,False,0.0027745314583233803,False,False,True,58815.20398919444,0.5134715014047155,2019-11-27,False,,98,0.03627224846574939,combined,69154419.63036767,13.073287872420925,pi3_Ori,2-4,0.5497437498704649,2,1.6290000530716497
112.65255324800806,1.0546017745260916,False,0.0010865627460532404,False,False,True,58815.20398919444,0.534293395101139,2019-11-27,False,,99,0.02221412482688956,combined,67175046.65151377,20.444401308234333,pi3_Ori,2-4,0.5565075199280286,3,1.6770000001997687
112.65255324800806,1.0546017745260916,False,0.0022157299742092463,False,False,False,58815.20398919444,0.5540053099198514,2019-11-27,False,,100,-0.0011600876542764427,combined,65305829.96394439,-0.5235690575023506,pi3_Ori,2-4,0.552845222265575,4,1.7249999473278876
112.65255324800806,1.0546017745260916,False,0.002963621581588468,False,False,True,58815.20398919444,0.5726611690498256,2019-11-27,False,,101,0.018576108657574086,combined,63537818.79900141,6.268043387515588,pi3_Ori,2-4,0.5912372777073996,5,1.7730000081428443
91.26476755732803,1.0546017745260916,False,0.00791425646416312,False,False,False,58815.20398919444,0.6147928242165507,2019-11-27,False,,102,0.018838515780596587,combined,59533440.88106245,2.3803266757780808,pi3_Ori,3-4,0.6336313399971473,0,1.5330000451285741
91.26476755732803,1.0546017745260916,False,0.007368240078728865,False,False,False,58815.20398919444,0.6336797716676424,2019-11-27,False,,103,0.002235671947923401,combined,57725975.96731055,0.3034200737266271,pi3_Ori,3-4,0.6359154436155658,1,1.580999992256693
91.26476755732803,1.0546017745260916,False,0.006899887572293298,False,False,False,58815.20398919444,0.6513371749182193,2019-11-27,False,,104,0.020204682885021197,combined,56025024.299562655,2.928262623604723,pi3_Ori,3-4,0.6715418578032405,2,1.6290000530716497
91.26476755732803,1.0546017745260916,False,0.0025267814562071043,False,False,True,58815.20398919444,0.6678542357275989,2019-11-27,False,,105,0.011600775087457715,combined,54421447.553044915,4.591127206098537,pi3_Ori,3-4,0.6794550108150567,3,1.6770000001997687
91.26476755732803,1.0546017745260916,False,0.0005271626469490037,False,False,True,58815.20398919444,0.6833147479882005,2019-11-27,False,,106,0.013632477325187131,combined,52907113.24293185,25.860097266159112,pi3_Ori,3-4,0.6969472253133876,4,1.7249999473278876
91.26476755732803,1.0546017745260916,False,0.0019468245175018827,False,False,True,58815.20398919444,0.6977968423742961,2019-11-27,False,,107,0.008412656266432839,combined,51474769.95949069,4.321219601871334,pi3_Ori,3-4,0.7062094986407289,5,1.7730000081428443
87.39487042427031,1.0546017745260916,False,0.0023196442356035406,False,False,False,58815.21660290709,0.6411376292873516,2019-11-27,False,,108,0.00451540836701525,combined,57009046.21756904,1.9465952139166722,pi3_Ori,1-2,0.6456530376543669,0,1.5330000451285741
87.39487042427031,1.0546017745260916,False,0.0033941810544473767,False,False,True,58815.21660290709,0.6590464751684157,2019-11-27,False,,109,-0.010979479324323638,combined,55278223.1829896,-3.2347948292084436,pi3_Ori,1-2,0.6480669958440921,1,1.580999992256693
87.39487042427031,1.0546017745260916,False,0.0027103967399780666,False,False,True,58815.21660290709,0.6757544291659895,2019-11-27,False,,110,-0.019610086878513844,combined,53649396.9165183,-7.23513520705922,pi3_Ori,1-2,0.6561443422874756,2,1.6290000530716497
87.39487042427031,1.0546017745260916,False,0.002657457278665733,False,False,True,58815.21660290709,0.6913536960313825,2019-11-27,False,,111,-0.01939317695094922,combined,52113816.58548575,-7.297643919486158,pi3_Ori,1-2,0.6719605190804333,3,1.6770000001997687
87.39487042427031,1.0546017745260916,False,0.0016449719000860745,False,False,True,58815.21660290709,0.7059298967967208,2019-11-27,False,,112,-0.011426549916220718,combined,50663694.5465705,-6.9463496097549235,pi3_Ori,1-2,0.6945033468805001,4,1.7249999473278876
87.39487042427031,1.0546017745260916,False,0.0005347128894104634,False,False,True,58815.21660290709,0.7195621037846486,2019-11-27,False,,113,-0.015999841661316072,combined,49292086.87134378,-29.922304059205242,pi3_Ori,1-2,0.7035622621233325,5,1.7730000081428443
129.00520566049101,1.0546017745260916,False,0.00012363764267878157,False,False,True,58815.21660290709,0.3614331561350629,2019-11-27,False,,114,0.007390497152861386,combined,84152121.24124317,59.77546152398235,pi3_Ori,1-3,0.36882365328792427,0,1.5330000451285741
129.00520566049101,1.0546017745260916,False,0.00346752655906127,False,False,True,58815.21660290709,0.38626262081961027,2019-11-27,False,,115,-0.015040718602938985,combined,81597220.93126081,-4.337592905708216,pi3_Ori,1-3,0.3712219022166713,1,1.580999992256693
129.00520566049101,1.0546017745260916,False,0.0027723585596361464,False,False,True,58815.21660290709,0.41011753790945094,2019-11-27,False,,116,-0.014915362831156853,combined,79192879.96169075,-5.380026612832647,pi3_Ori,1-3,0.3952021750782941,2,1.6290000530716497
129.00520566049101,1.0546017745260916,False,0.003276801327902968,False,False,True,58815.21660290709,0.4329875944712526,2019-11-27,False,,117,-0.016263476048680003,combined,76926181.0644744,-4.963216997683539,pi3_Ori,1-3,0.4167241184225726,3,1.6770000001997687
129.00520566049101,1.0546017745260916,False,0.0027533085325692963,False,False,True,58815.21660290709,0.4548769067454764,2019-11-27,False,,118,-0.017792350183779504,combined,74785628.75339597,-6.462170865818758,pi3_Ori,1-3,0.43708455656169687,4,1.7249999473278876
129.00520566049101,1.0546017745260916,False,0.0017695916977584466,False,False,True,58815.21660290709,0.47580025617255434,2019-11-27,False,,119,-0.02323397274788669,combined,72760972.96560054,-13.12956699407966,pi3_Ori,1-3,0.45256628342466765,5,1.7730000081428443
124.56268976357677,1.0546017745260916,False,0.0031861342267492728,False,False,True,58815.21660290709,0.38963836091883236,2019-11-27,False,,120,0.017134567453786276,combined,81254198.36705196,5.3778548656025125,pi3_Ori,1-4,0.40677292837261864,0,1.5330000451285741
124.56268976357677,1.0546017745260916,False,0.004782750561346829,False,False,False,58815.21660290709,0.41418424635630063,2019-11-27,False,,121,-0.0033362585433579506,combined,78787280.43874185,-0.6975606401723898,pi3_Ori,1-4,0.4108479878129427,1,1.580999992256693
124.56268976357677,1.0546017745260916,False,0.003829924230727276,False,False,False,58815.21660290709,0.4376737502214282,2019-11-27,False,,122,-0.0010570260246139385,combined,76465737.08128542,-0.2759913671747017,pi3_Ori,1-4,0.43661672419681424,2,1.6290000530716497
124.56268976357677,1.0546017745260916,False,5.49989887472486e-06,False,False,True,58815.21660290709,0.46011380045433264,2019-11-27,False,,123,-0.006702263634221384,combined,74277095.85494247,-1218.6157940143353,pi3_Ori,1-4,0.45341153682011126,3,1.6770000001997687
124.56268976357677,1.0546017745260916,False,0.003774379335259937,False,False,False,58815.21660290709,0.48152302938078895,2019-11-27,False,,124,0.004533250276904266,combined,72210257.1403151,1.2010584719333905,pi3_Ori,1-4,0.4860562796576932,4,1.7249999473278876
124.56268976357677,1.0546017745260916,False,0.006067257295277426,False,False,False,58815.21660290709,0.5019283756004733,2019-11-27,False,,125,0.013186276380659612,combined,70255323.8530731,2.1733504512695414,pi3_Ori,1-4,0.5151146519811329,5,1.7730000081428443
56.032891038293656,1.0546017745260916,False,0.003982207653926376,False,False,True,58815.21660290709,0.836340777238788,2019-11-27,False,,126,0.028794731475152213,combined,36551134.63065431,7.230846298726082,pi3_Ori,2-3,0.8651355087139402,0,1.5330000451285741
56.032891038293656,1.0546017745260916,False,0.0022496484188087623,False,False,False,58815.21660290709,0.8454537629220565,2019-11-27,False,,127,-0.004052997862228014,combined,35441423.98021978,-1.8016139003507776,pi3_Ori,2-3,0.8414007650598285,1,1.580999992256693
56.032891038293656,1.0546017745260916,False,0.004260619813363493,False,False,False,58815.21660290709,0.8538451956390286,2019-11-27,False,,128,0.0031557881273100996,combined,34397108.172364876,0.7406875679007844,pi3_Ori,2-3,0.8570009837663387,2,1.6290000530716497
56.032891038293656,1.0546017745260916,False,0.0026585674335213197,False,False,True,58815.21660290709,0.8615871395692476,2019-11-27,False,,129,-0.010388781992411222,combined,33412576.643779885,-3.9076616456747524,pi3_Ori,2-3,0.8511983575768364,3,1.6770000001997687
56.032891038293656,1.0546017745260916,False,0.0021239674603103316,False,False,True,58815.21660290709,0.8687432267872252,2019-11-27,False,,130,0.011560889524790952,combined,32482836.37636711,5.443063390011539,pi3_Ori,2-3,0.8803041163120161,4,1.7249999473278876
56.032891038293656,1.0546017745260916,False,0.0012284912776529806,False,False,True,58815.21660290709,0.8753697149092229,2019-11-27,False,,131,0.017494441320680898,combined,31603435.296645124,14.24059058368232,pi3_Ori,2-3,0.8928641562299038,5,1.7730000081428443
113.33052326752806,1.0546017745260916,False,0.008324885827940113,False,False,True,58815.21660290709,0.46372367776694867,2019-11-27,False,,132,0.0336699123572613,combined,73927279.7986271,4.0444893843778384,pi3_Ori,2-4,0.49739359012420997,0,1.5330000451285741
113.33052326752806,1.0546017745260916,False,0.006579863111118452,False,False,True,58815.21660290709,0.48701519488430073,2019-11-27,False,,133,0.026107529635156,combined,71682810.76697664,3.967792216078218,pi3_Ori,2-4,0.5131227245194567,1,1.580999992256693
113.33052326752806,1.0546017745260916,False,0.007029306559601521,False,False,True,58815.21660290709,0.5091039508990123,2019-11-27,False,,134,0.027808251466195255,combined,69570607.47409524,3.9560447720424436,pi3_Ori,2-4,0.5369122023652075,2,1.6290000530716497
113.33052326752806,1.0546017745260916,False,0.002785115193850767,False,False,True,58815.21660290709,0.5300350393854452,2019-11-27,False,,135,0.018458310988824,combined,67579322.15505536,6.627485652865618,pi3_Ori,2-4,0.5484933503742692,3,1.6770000001997687
113.33052326752806,1.0546017745260916,False,0.005598154112949796,False,False,False,58815.21660290709,0.5498584865129653,2019-11-27,False,,136,-0.005153164409480104,combined,65698856.07421774,-0.9205113516899561,pi3_Ori,2-4,0.5447053221034852,4,1.7249999473278876
113.33052326752806,1.0546017745260916,False,0.006624501919088979,False,False,False,58815.21660290709,0.5686269221228567,2019-11-27,False,,137,0.011769405668729749,combined,63920204.59505685,1.7766476351701792,pi3_Ori,2-4,0.5803963277915865,5,1.7730000081428443
89.68366723031852,1.0546017745260916,False,0.000796811648309333,False,False,False,58815.21660290709,0.6255838386271377,2019-11-27,False,,138,-0.0017065096101557264,combined,58502064.311939836,-2.141672519191432,pi3_Ori,3-4,0.623877329016982,0,1.5330000451285741
89.68366723031852,1.0546017745260916,False,0.0009931089219412585,False,False,True,58815.21660290709,0.644076902068019,2019-11-27,False,,139,-0.02581094245397042,combined,56725912.504468486,-25.990041861185812,pi3_Ori,3-4,0.6182659596140486,1,1.580999992256693
89.68366723031852,1.0546017745260916,False,0.001011452647168963,False,False,True,58815.21660290709,0.6613510394636315,2019-11-27,False,,140,0.007070414475470743,combined,55054428.67310569,6.990356390149059,pi3_Ori,3-4,0.6684214539391022,2,1.6290000530716497
89.68366723031852,1.0546017745260916,False,0.001097040016936562,False,False,True,58815.21660290709,0.6774968501678599,2019-11-27,False,,141,-0.004670726892880728,combined,53478632.80836921,-4.257572030894129,pi3_Ori,3-4,0.6728261232749791,3,1.6770000001997687
89.68366723031852,1.0546017745260916,False,0.0019964450042985063,False,False,True,58815.21660290709,0.6925990191452157,2019-11-27,False,,142,0.010893697224288679,combined,51990533.31522883,5.4565476138003675,pi3_Ori,3-4,0.7034927163695044,4,1.7249999473278876
89.68366723031852,1.0546017745260916,False,0.0026734145917878607,False,False,True,58815.21660290709,0.7067361840854939,2019-11-27,False,,143,0.01404301174935052,combined,50583004.409717426,5.25283724884556,pi3_Ori,3-4,0.7207791958348444,5,1.7730000081428443
31.586255549613632,1.0,True,0.0014520892115208461,False,True,True,59585.31395140153,0.9771502932785551,2022-01-05,False,,0,0.08000958576960249,combined,20604210.44995107,55.099635156578586,psi Vel A,1-2,1.0571598790481576,0,1.5330000451285741
31.586255549613632,1.0,True,0.0021884245460140894,False,True,True,59585.31395140153,0.9785042573464552,2022-01-05,False,,1,0.07974333679600643,combined,19978656.35946521,36.43869602049923,psi Vel A,1-2,1.0582475941424616,1,1.580999992256693
31.586255549613632,1.0,True,0.0004727936862154447,False,True,True,59585.31395140153,0.9797416833447723,2022-01-05,False,,2,0.07531184073772623,combined,19389965.942637295,159.29113043063734,psi Vel A,1-2,1.0550535240824985,2,1.6290000530716497
31.586255549613632,1.0,True,0.0022993636578507726,False,True,True,59585.31395140153,0.9808755307585574,2022-01-05,False,,3,0.06867268656015535,combined,18834976.473375667,29.865952836857513,psi Vel A,1-2,1.0495482173187127,3,1.6770000001997687
31.586255549613632,1.0,True,0.00012087085893219829,False,True,True,59585.31395140153,0.9819170185182564,2022-01-05,False,,4,0.07085636786693272,combined,18310873.341499135,586.2154740430788,psi Vel A,1-2,1.0527733863851891,4,1.7249999473278876
31.586255549613632,1.0,True,0.00018180105703324845,False,True,True,59585.31395140153,0.9828758903154333,2022-01-05,False,,5,0.06854448859588924,combined,17815146.87227731,377.0301983632228,psi Vel A,1-2,1.0514203789113226,5,1.7730000081428443
90.38428816609496,1.0,True,0.005969305460840846,False,True,True,59585.31395140153,0.8254124845107541,2022-01-05,False,,6,0.0712477456855104,combined,58959090.34922066,11.935684335958632,psi Vel A,1-3,0.8966602301962645,0,1.5330000451285741
90.38428816609496,1.0,True,0.004721854949992832,False,True,True,59585.31395140153,0.835080472186454,2022-01-05,False,,7,0.0769348012609985,combined,57169063.00365121,16.293342780704283,psi Vel A,1-3,0.9120152734474525,1,1.580999992256693
90.38428816609496,1.0,True,0.0067747633883932235,False,True,True,59585.31395140153,0.8439888623339545,2022-01-05,False,,8,0.07010920732554882,combined,55484521.31457329,10.348583899721504,psi Vel A,1-3,0.9140980696595034,2,1.6290000530716497
90.38428816609496,1.0,True,0.005966112368474774,False,True,True,59585.31395140153,0.8522127178406662,2022-01-05,False,,9,0.061895733197830594,combined,53896415.11945626,10.374550356257224,psi Vel A,1-3,0.9141084510384968,3,1.6770000001997687
90.38428816609496,1.0,True,0.0061931013962454595,False,True,True,59585.31395140153,0.8598184487092563,2022-01-05,False,,10,0.07566012739518568,combined,52396690.391848885,12.216839763200761,psi Vel A,1-3,0.935478576104442,4,1.7249999473278876
90.38428816609496,1.0,True,0.005397641162962041,False,True,True,59585.31395140153,0.8668648712316819,2022-01-05,False,,11,0.06024433729520606,combined,50978165.68019611,11.161234227387213,psi Vel A,1-3,0.9271092085268879,5,1.7730000081428443
128.37494965115286,1.0,True,0.009992151064792454,False,True,True,59585.31395140153,0.6746670959689223,2022-01-05,False,,12,0.07479265559203863,combined,83740995.35032038,7.485140597560825,psi Vel A,1-4,0.7494597515609609,0,1.5330000451285741
128.37494965115286,1.0,True,0.009347859451614926,False,True,True,59585.31395140153,0.6912457526399155,2022-01-05,False,,13,0.06850014212182665,combined,81198577.02713369,7.327896025436351,psi Vel A,1-4,0.7597458947617421,1,1.580999992256693
128.37494965115286,1.0,True,0.008050388885900484,False,True,True,59585.31395140153,0.7066742829940416,2022-01-05,False,,14,0.0686464446904973,combined,78805982.48544466,8.527096723330377,psi Vel A,1-4,0.7753207276845389,2,1.6290000530716497
128.37494965115286,1.0,True,0.00870562135350289,False,True,True,59585.31395140153,0.7210465338188988,2022-01-05,False,,15,0.06905839412482073,combined,76550357.56461568,7.9326209262517065,psi Vel A,1-4,0.7901049279437196,3,1.6770000001997687
128.37494965115286,1.0,True,0.007104127658020265,False,True,True,59585.31395140153,0.734448604086188,2022-01-05,False,,16,0.08219949792484604,combined,74420262.93972482,11.57066734746049,psi Vel A,1-4,0.816648102011034,4,1.7249999473278876
128.37494965115286,1.0,True,0.009036266668415227,False,True,True,59585.31395140153,0.7469592000237072,2022-01-05,False,,17,0.09906370631310402,combined,72405498.62468481,10.96290204220785,psi Vel A,1-4,0.8460229063368112,5,1.7730000081428443
100.65830760685151,1.0,True,0.010027054978084982,False,True,True,59585.31395140153,0.7875038974651686,2022-01-05,False,,18,0.05364180418758735,combined,65660994.54903095,5.34970679873864,psi Vel A,2-4,0.8411457016527559,0,1.5330000451285741
100.65830760685151,1.0,True,0.009267920405318819,False,True,True,59585.31395140153,0.7990477346774258,2022-01-05,False,,19,0.06570086867339064,combined,63667494.0543001,7.089062680737439,psi Vel A,2-4,0.8647486033508165,1,1.580999992256693
100.65830760685151,1.0,True,0.009299660776854735,False,True,True,59585.31395140153,0.8097090743409909,2022-01-05,False,,20,0.059664989199867846,combined,61791469.81428868,6.415824257629247,psi Vel A,2-4,0.8693740635408588,2,1.6290000530716497
100.65830760685151,1.0,True,0.0075584519057120825,False,True,True,59585.31395140153,0.819571818269193,2022-01-05,False,,21,0.05794330794897273,combined,60022842.93074587,7.666028529623076,psi Vel A,2-4,0.8775151262181657,3,1.6770000001997687
100.65830760685151,1.0,True,0.005839677373203511,False,True,True,59585.31395140153,0.8287107314817596,2022-01-05,False,,22,0.062140606783903096,combined,58352643.872700594,10.64110272068236,psi Vel A,2-4,0.8908513382656627,4,1.7249999473278876
100.65830760685151,1.0,True,0.00578840792962193,False,True,True,59585.31395140153,0.8371924528512394,2022-01-05,False,,23,0.06667073306114213,combined,56772874.87002754,11.517974177313507,psi Vel A,2-4,0.9038631859123816,5,1.7730000081428443
70.8586503990318,1.0,True,0.00688072221484437,False,True,True,59585.31395140153,0.8893954226975663,2022-01-05,False,,24,0.07634380270680452,combined,46222210.249895215,11.09531824175397,psi Vel A,3-2,0.9657392254043708,0,1.5330000451285741
70.8586503990318,1.0,True,0.007084716458556184,False,True,True,59585.31395140153,0.8957078465248209,2022-01-05,False,,25,0.060121871520368186,combined,44818880.92731066,8.486136583173945,psi Vel A,3-2,0.9558297180451891,1,1.580999992256693
70.8586503990318,1.0,True,0.00658303599884974,False,True,True,59585.31395140153,0.9015032284293815,2022-01-05,False,,26,0.05597871760787332,combined,43498249.288218506,8.503480402910531,psi Vel A,3-2,0.9574819460372548,2,1.6290000530716497
70.8586503990318,1.0,False,0.004575494668904001,False,False,True,59585.31395140153,0.9068355931730304,2022-01-05,False,,27,0.04507596457121277,combined,42253220.268688686,9.85160465327569,psi Vel A,3-2,0.9519115577442432,3,1.6770000001997687
70.8586503990318,1.0,True,0.003692348473166296,False,True,True,59585.31395140153,0.9117522483185267,2022-01-05,False,,28,0.06483966540324615,combined,41077479.74647503,17.560548760351498,psi Vel A,3-2,0.9765919137217729,4,1.7249999473278876
70.8586503990318,1.0,True,0.0027405972189251115,False,True,True,59585.31395140153,0.9162947080021638,2022-01-05,False,,29,0.06902724189279452,combined,39965397.672645114,25.186934225915792,psi Vel A,3-2,0.9853219498949584,5,1.7730000081428443
127.07157397114794,1.0,True,0.012019138584703937,False,True,True,59585.31395140153,0.6802307735336263,2022-01-05,False,,30,0.07515276471724064,combined,82890782.92916183,6.252757981581411,psi Vel A,3-4,0.7553835382508669,0,1.5330000451285741
127.07157397114794,1.0,True,0.01336452779636288,False,True,True,59585.31395140153,0.6965819261409627,2022-01-05,False,,31,0.07126385064957186,combined,80374177.47850086,5.332313399727159,psi Vel A,3-4,0.7678457767905346,1,1.580999992256693
127.07157397114794,1.0,True,0.011478620037013443,False,True,True,59585.31395140153,0.7117925301557283,2022-01-05,False,,32,0.07053490231656345,combined,78005874.66620472,6.144893906159432,psi Vel A,3-4,0.7823274324722918,2,1.6290000530716497
127.07157397114794,1.0,True,0.011669925496971878,False,True,True,59585.31395140153,0.7259565249547787,2022-01-05,False,,33,0.06698755359375053,combined,75773150.83840837,5.740186911315973,psi Vel A,3-4,0.7929440785485292,3,1.6770000001997687
127.07157397114794,1.0,True,0.00853485249443603,False,True,True,59585.31395140153,0.7391599373013108,2022-01-05,False,,34,0.06122137620386747,combined,73664682.81230284,7.173103020090671,psi Vel A,3-4,0.8003813135051783,4,1.7249999473278876
127.07157397114794,1.0,True,0.008263541072853875,False,True,True,59585.31395140153,0.7514812850547744,2022-01-05,False,,35,0.0904100898589314,combined,71670374.16105315,10.940841106959926,psi Vel A,3-4,0.8418913749137058,5,1.7730000081428443
31.32348469318622,1.0,True,0.004367163114415207,False,True,True,59585.32336058724,0.9775252903815911,2022-01-05,False,,36,0.09372120252650895,combined,20432800.894379027,21.460430964245965,psi Vel A,1-2,1.0712464929081,0,1.5330000451285741
31.32348469318622,1.0,True,0.003468681469400381,False,True,True,59585.32336058724,0.9788572363224172,2022-01-05,False,,37,0.08479831063884424,combined,19812450.883365028,24.4468428095541,psi Vel A,1-2,1.0636555469612614,1,1.580999992256693
31.32348469318622,1.0,True,0.0014000390914974403,False,True,True,59585.32336058724,0.9800745168621877,2022-01-05,False,,38,0.08034110520634796,combined,19228657.8715099,57.38490138901586,psi Vel A,1-2,1.0604156220685357,2,1.6290000530716497
31.32348469318622,1.0,True,0.00411333748364251,False,True,True,59585.32336058724,0.9811898862763367,2022-01-05,False,,39,0.06632687861098241,combined,18678285.443920624,16.12483266319484,psi Vel A,1-2,1.0475167648873192,3,1.6770000001997687
31.32348469318622,1.0,True,0.0010950109952889697,False,True,True,59585.32336058724,0.9822143853631028,2022-01-05,False,,40,0.07308147059754966,combined,18158542.405585513,66.74039887450053,psi Vel A,1-2,1.0552958559606525,4,1.7249999473278876
31.32348469318622,1.0,True,0.0012311855996113286,False,True,True,59585.32336058724,0.9831576027240886,2022-01-05,False,,41,0.0745952800585098,combined,17666939.960139357,60.588168089408036,psi Vel A,1-2,1.0577528827825984,5,1.7730000081428443
90.50136831081676,1.0,True,0.008911341452558508,False,True,True,59585.32336058724,0.8249954827646712,2022-01-05,False,,42,0.07190650885881655,combined,59035463.56596899,8.069100397692841,psi Vel A,1-3,0.8969019916234877,0,1.5330000451285741
90.50136831081676,1.0,True,0.007539149120899591,False,True,True,59585.32336058724,0.834684572989272,2022-01-05,False,,43,0.07760058546808168,combined,57243117.49150398,10.293016390001075,psi Vel A,1-3,0.9122851584573537,1,1.580999992256693
90.50136831081676,1.0,True,0.00773057747981537,False,True,True,59585.32336058724,0.8436126278631871,2022-01-05,False,,44,0.0713527456654589,combined,55556393.71537587,9.22993733026566,psi Vel A,1-3,0.914965373528646,2,1.6290000530716497
90.50136831081676,1.0,True,0.007846996331888123,False,True,True,59585.32336058724,0.8518548222928064,2022-01-05,False,,45,0.06649890069299935,combined,53966230.35184019,8.474440139950794,psi Vel A,1-3,0.9183537229858058,3,1.6770000001997687
90.50136831081676,1.0,True,0.007270210365205143,False,True,True,59585.32336058724,0.8594776703122602,2022-01-05,False,,46,0.07145428923977504,combined,52464562.94158615,9.828366120154051,psi Vel A,1-3,0.9309319595520352,4,1.7249999473278876
90.50136831081676,1.0,True,0.006316072996173261,False,True,True,59585.32336058724,0.8665400842315495,2022-01-05,False,,47,0.07014901400326223,combined,51044200.73049734,11.10642863782031,psi Vel A,1-3,0.9366890982348117,5,1.7730000081428443
127.12536806401451,1.0,True,0.008786943080184795,False,True,True,59585.32336058724,0.6800015213246811,2022-01-05,False,,48,0.07164100237598803,combined,82925873.66059235,8.153120114951442,psi Vel A,1-4,0.7516425237006691,0,1.5330000451285741
127.12536806401451,1.0,True,0.009832745275405008,False,True,True,59585.32336058724,0.6963620933135193,2022-01-05,False,,49,0.06977673990238242,combined,80408202.83784941,7.0963640314081395,psi Vel A,1-4,0.7661388332159017,1,1.580999992256693
127.12536806401451,1.0,True,0.008199268320164044,False,True,True,59585.32336058724,0.7115817143602944,2022-01-05,False,,50,0.06775604761164045,combined,78038897.43545824,8.263669996627803,psi Vel A,1-4,0.7793377619719348,2,1.6290000530716497
127.12536806401451,1.0,True,0.008532110388110026,False,True,True,59585.32336058724,0.7257543212333448,2022-01-05,False,,51,0.06738241264493494,combined,75805228.413161,7.897508304491244,psi Vel A,1-4,0.7931367338782798,3,1.6770000001997687
127.12536806401451,1.0,True,0.006355383052251806,False,True,True,59585.32336058724,0.7389659446861099,2022-01-05,False,,52,0.07682534552090536,combined,73695867.79462698,12.088232115873017,psi Vel A,1-4,0.8157912902070152,4,1.7249999473278876
127.12536806401451,1.0,True,0.010788731116856964,False,True,True,59585.32336058724,0.7512951111934988,2022-01-05,False,,53,0.09172131675792494,combined,71700714.87883066,8.501585197040828,psi Vel A,1-4,0.8430164279514237,5,1.7730000081428443
,1.0,True,,False,False,False,,,unknown,True,,54,,combined,,,psi Vel A,2-3,,0,1.5330000451285741
,1.0,True,,False,False,False,,,unknown,True,,55,,combined,,,psi Vel A,2-3,,1,1.580999992256693
,1.0,True,,False,False,False,,,unknown,True,,56,,combined,,,psi Vel A,2-3,,2,1.6290000530716497
,1.0,True,,False,False,False,,,unknown,True,,57,,combined,,,psi Vel A,2-3,,3,1.6770000001997687
,1.0,True,,False,False,False,,,unknown,True,,58,,combined,,,psi Vel A,2-3,,4,1.7249999473278876
,1.0,True,,False,False,False,,,unknown,True,,59,,combined,,,psi Vel A,2-3,,5,1.7730000081428443
,1.0,True,,False,False,False,,,unknown,True,,60,,combined,,,psi Vel A,2-3,,0,1.5330000451285741
,1.0,True,,False,False,False,,,unknown,True,,61,,combined,,,psi Vel A,2-3,,1,1.580999992256693
,1.0,True,,False,False,False,,,unknown,True,,62,,combined,,,psi Vel A,2-3,,2,1.6290000530716497
,1.0,True,,False,False,False,,,unknown,True,,63,,combined,,,psi Vel A,2-3,,3,1.6770000001997687
,1.0,True,,False,False,False,,,unknown,True,,64,,combined,,,psi Vel A,2-3,,4,1.7249999473278876
,1.0,True,,False,False,False,,,unknown,True,,65,,combined,,,psi Vel A,2-3,,5,1.7730000081428443
99.74076041311731,1.0,True,0.010455968175156205,False,True,True,59585.32336058724,0.7909924294420093,2022-01-05,False,,66,0.06128514672026519,combined,65062464.10759366,5.861259875090394,psi Vel A,2-4,0.8522775761622745,0,1.5330000451285741
99.74076041311731,1.0,True,0.009136444876385097,False,True,True,59585.32336058724,0.802367293425795,2022-01-05,False,,67,0.0645202515293577,combined,63087135.29514255,7.061855284227974,psi Vel A,2-4,0.8668875449551527,1,1.580999992256693
99.74076041311731,1.0,True,0.009983687838523714,False,True,True,59585.32336058724,0.8128703028729388,2022-01-05,False,,68,0.06977323337603958,combined,61228211.88682327,6.988723456156952,psi Vel A,2-4,0.8826435362489784,2,1.6290000530716497
99.74076041311731,1.0,True,0.00922054230848468,False,True,True,59585.32336058724,0.8225846602352949,2022-01-05,False,,69,0.07367929699134523,combined,59475706.85822059,7.990776955011208,psi Vel A,2-4,0.8962639572266401,3,1.6770000001997687
99.74076041311731,1.0,True,0.006919735627338608,False,True,True,59585.32336058724,0.8315844553294715,2022-01-05,False,,70,0.0726419723818178,combined,57820732.43980141,10.497795912147666,psi Vel A,2-4,0.9042264277112892,4,1.7249999473278876
99.74076041311731,1.0,True,0.007430765787853066,False,True,True,59585.32336058724,0.8399356842910829,2022-01-05,False,,71,0.1024894960260796,combined,56255363.764827214,13.792588671495642,psi Vel A,2-4,0.9424251803171625,5,1.7730000081428443
71.13219223129855,1.0,True,0.007267218661884567,False,True,True,59585.32336058724,0.8885815676368924,2022-01-05,False,,72,0.10526076152893382,combined,46400645.88212887,14.484325630796025,psi Vel A,3-2,0.9938423291658263,0,1.5330000451285741
71.13219223129855,1.0,True,0.005824432017265901,False,True,True,59585.32336058724,0.8949381010754939,2022-01-05,False,,73,0.07458017500275704,combined,44991899.164885916,12.80471207864941,psi Vel A,3-2,0.9695182760782509,1,1.580999992256693
71.13219223129855,1.0,True,0.005451920377584518,False,True,True,59585.32336058724,0.90077423871389,2022-01-05,False,,74,0.07028853860429596,combined,43666169.376220316,12.89243674454347,psi Vel A,3-2,0.9710627773181859,2,1.6290000530716497
71.13219223129855,1.0,True,0.004322495961308792,False,True,True,59585.32336058724,0.9061443205838101,2022-01-05,False,,75,0.06154635725666957,combined,42416334.06250751,14.238615329563936,psi Vel A,3-2,0.9676906778404797,3,1.6770000001997687
71.13219223129855,1.0,True,0.004679493966191717,False,True,True,59585.32336058724,0.9110959359852605,2022-01-05,False,,76,0.08785174160959364,combined,41236054.72654415,18.773769609342924,psi Vel A,3-2,0.9989476775948541,4,1.7249999473278876
71.13219223129855,1.0,True,0.0016587679672513955,False,True,True,59585.32336058724,0.9156708507593484,2022-01-05,False,,77,0.08665348522107175,combined,40119679.58522856,52.2396663860455,psi Vel A,3-2,1.0023243359804201,5,1.7730000081428443
126.7843218405572,1.0,True,0.012439302809595487,False,True,True,59585.32336058724,0.6814543844933109,2022-01-05,False,,78,0.10131270073474463,combined,82703403.85405773,8.144564232055961,psi Vel A,3-4,0.7827670852280555,0,1.5330000451285741
126.7843218405572,1.0,True,0.01347085456732594,False,True,True,59585.32336058724,0.6977551968613772,2022-01-05,False,,79,0.094771789509844,combined,80192487.32543468,7.0353212586613845,psi Vel A,3-4,0.7925269863712212,1,1.580999992256693
126.7843218405572,1.0,True,0.011549388473311217,False,True,True,59585.32336058724,0.7129176193000082,2022-01-05,False,,80,0.08823540065924829,combined,77829538.18908238,7.63983312736827,psi Vel A,3-4,0.8011530199592565,2,1.6290000530716497
126.7843218405572,1.0,True,0.011298683091009565,False,True,True,59585.32336058724,0.7270356033557145,2022-01-05,False,,81,0.07892012110721058,combined,75601861.55364002,6.984895537959449,psi Vel A,3-4,0.8059557244629251,3,1.6770000001997687
126.7843218405572,1.0,True,0.009914682261870533,False,True,True,59585.32336058724,0.740195153020481,2022-01-05,False,,82,0.07936958502027625,combined,73498159.83296263,8.005257548747926,psi Vel A,3-4,0.8195647380407572,4,1.7249999473278876
126.7843218405572,1.0,True,0.00921322017336601,False,True,True,59585.32336058724,0.7524747389305028,2022-01-05,False,,83,0.09132562101900088,combined,71508359.42373139,9.912453984656644,psi Vel A,3-4,0.8438003599495036,5,1.7730000081428443
90.44619016825592,1.0,False,0.005822926821390628,False,False,True,59278.158368090386,0.8251920548756055,2021-03-04,False,,0,-0.02331066448010488,combined,58999469.99719111,-4.003255612705406,psi_Vel,1-2,0.8018813903955007,0,1.5330000451285741
90.44619016825592,1.0,False,0.007433195064867282,False,False,False,59278.158368090386,0.8348711987596289,2021-03-04,False,,1,-0.019723444899994447,combined,57208216.70539956,-2.653427594442741,psi_Vel,1-2,0.8151477538596344,1,1.580999992256693
90.44619016825592,1.0,False,0.0030241622908301347,False,False,True,59278.158368090386,0.8437899848385492,2021-03-04,False,,2,-0.014760330805633437,combined,55522521.31466183,-4.880799833524052,psi_Vel,1-2,0.8290296540329157,2,1.6290000530716497
90.44619016825592,1.0,False,0.0034662386958524416,False,False,True,59278.158368090386,0.8520235352544913,2021-03-04,False,,3,-0.012471517934937615,combined,53933327.464210935,-3.597997434469969,psi_Vel,1-2,0.8395520173195536,3,1.6770000001997687
90.44619016825592,1.0,False,0.0008827446065876043,False,False,True,59278.158368090386,0.859638315035166,2021-03-04,False,,4,-0.010157211558680657,combined,52432575.61158866,-11.506398886927265,psi_Vel,1-2,0.8494811034764853,4,1.7249999473278876
90.44619016825592,1.0,False,0.0015661761431327026,False,False,True,59278.158368090386,0.866693191255647,2021-03-04,False,,5,-0.008426439593547053,combined,51013079.38683833,-5.380263025008342,psi_Vel,1-2,0.8582667516621,5,1.7730000081428443
128.82392330510177,1.0,False,0.01248665872408028,False,False,False,59278.158368090386,0.672746260379535,2021-03-04,False,,6,-0.03239510247547073,combined,84033867.91439866,-2.5943771821838455,psi_Vel,1-3,0.6403511579040643,0,1.5330000451285741
128.82392330510177,1.0,False,0.01163608711336983,False,False,True,59278.158368090386,0.6894029301658836,2021-03-04,False,,7,-0.04781765765521684,combined,81482557.83431134,-4.10942760992864,psi_Vel,1-3,0.6415852725106668,1,1.580999992256693
128.82392330510177,1.0,False,0.006439821152721403,False,False,True,59278.158368090386,0.7049062577019001,2021-03-04,False,,8,-0.026013060466522075,combined,79081595.5237023,-4.039407283155561,psi_Vel,1-3,0.678893197235378,2,1.6290000530716497
128.82392330510177,1.0,False,0.009288732689558765,False,False,True,59278.158368090386,0.7193500436154188,2021-03-04,False,,9,-0.032058768232516965,combined,76818081.8662826,-3.451360837259687,psi_Vel,1-3,0.6872912753829018,3,1.6770000001997687
128.82392330510177,1.0,False,0.005815661443840603,False,False,True,59278.158368090386,0.7328203998631411,2021-03-04,False,,10,-0.024528563549466087,combined,74680537.52967155,-4.21767391144208,psi_Vel,1-3,0.708291836313675,4,1.7249999473278876
128.82392330510177,1.0,False,0.007933163859167647,False,False,False,59278.158368090386,0.7453960876534969,2021-03-04,False,,11,-0.014645475346508952,combined,72658726.85473947,-1.8461077580774394,psi_Vel,1-3,0.7307506123069879,5,1.7730000081428443
127.92249097783227,1.0,False,0.009988837829337571,False,False,False,59278.158368090386,0.6766006285171546,2021-03-04,False,,12,-0.001184482962100053,combined,83445849.45338556,-0.1185806579641512,psi_Vel,1-4,0.6754161455550546,0,1.5330000451285741
127.92249097783227,1.0,False,0.011884459800899916,False,False,False,59278.158368090386,0.693100480215096,2021-03-04,False,,13,0.009854395439220065,combined,80912391.90661718,0.8291832867720138,psi_Vel,1-4,0.702954875654316,1,1.580999992256693
127.92249097783227,1.0,False,0.0061607667263505195,False,False,False,59278.158368090386,0.7084534898848548,2021-03-04,False,,14,0.006670048052872191,combined,78528230.08607092,1.0826652507947425,psi_Vel,1-4,0.715123537937727,2,1.6290000530716497
127.92249097783227,1.0,False,0.0035376504261767083,False,False,False,59278.158368090386,0.7227535434188771,2021-03-04,False,,15,0.008611854009593078,combined,76280555.13571484,2.434342846842638,psi_Vel,1-4,0.7313653974284702,3,1.6770000001997687
127.92249097783227,1.0,False,0.006990436872725214,False,False,False,59278.158368090386,0.7360867205224968,2021-03-04,False,,16,0.010240886453507958,combined,74157968.04863136,1.4649851847550637,psi_Vel,1-4,0.7463276069760048,4,1.7249999473278876
127.92249097783227,1.0,False,0.004925264917350014,False,False,True,59278.158368090386,0.7485316668639689,2021-03-04,False,,17,-0.03864442293310921,combined,72150304.78867657,-7.846161289107151,psi_Vel,1-4,0.7098872439308597,5,1.7730000081428443
56.60864798536612,1.0,False,0.014095380236511412,False,False,False,59278.158368090386,0.9281592903528864,2021-03-04,False,,18,0.012049452664072646,combined,36926709.92753839,0.8548511967673509,psi_Vel,2-3,0.940208743016959,0,1.5330000451285741
56.60864798536612,1.0,False,0.005400702753961373,False,False,False,59278.158368090386,0.932330038944259,2021-03-04,False,,19,-0.007165257823358306,combined,35805596.62404797,-1.3267269371754715,psi_Vel,2-3,0.9251647811209007,1,1.580999992256693
56.60864798536612,1.0,False,0.0005923879306426461,False,False,True,59278.158368090386,0.9361512685446812,2021-03-04,False,,20,0.004502297532959165,combined,34750550.11730945,7.600251963396508,psi_Vel,2-3,0.9406535660776404,2,1.6290000530716497
56.60864798536612,1.0,False,0.003433895655136854,False,False,False,59278.158368090386,0.9396605832423705,2021-03-04,False,,21,0.009495400288016098,combined,33755902.19357349,2.7651976768169066,psi_Vel,2-3,0.9491559835303865,3,1.6770000001997687
56.60864798536612,1.0,False,0.00097997757406465,False,False,True,59278.158368090386,0.9428907350289556,2021-03-04,False,,22,-0.003452423295134177,combined,32816608.52978911,-3.5229615314711458,psi_Vel,2-3,0.9394383117338214,4,1.7249999473278876
56.60864798536612,1.0,False,0.0029455720861003565,False,False,True,59278.158368090386,0.9458703260877427,2021-03-04,False,,23,0.028174955328936213,combined,31928171.30591088,9.56518954735107,psi_Vel,2-3,0.9740452814166789,5,1.7730000081428443
126.96864075954882,1.0,False,0.0061155138018743616,False,False,True,59278.158368090386,0.6806693479634245,2021-03-04,False,,24,-0.04179635256782577,combined,82823637.979019,-6.834479313089847,psi_Vel,2-4,0.6388729953955987,0,1.5330000451285741
126.96864075954882,1.0,False,0.0038721328322267046,False,False,False,59278.158368090386,0.6970024699288662,2021-03-04,False,,25,-0.00036314441931550867,combined,80309071.08248362,-0.09378408103491616,psi_Vel,2-4,0.6966393255095507,1,1.580999992256693
126.96864075954882,1.0,False,0.005050997429510595,False,False,False,59278.158368090386,0.712195814862177,2021-03-04,False,,26,-0.01183654303070214,combined,77942686.69306436,-2.3434070588804508,psi_Vel,2-4,0.7003592718314748,2,1.6290000530716497
126.96864075954882,1.0,False,4.7143259166160245e-05,False,False,True,59278.158368090386,0.7263433268416318,2021-03-04,False,,27,-0.011379680980806106,combined,75711771.46358019,-241.38511384411282,psi_Vel,2-4,0.7149636458608257,3,1.6770000001997687
126.96864075954882,1.0,False,0.006845127543661345,False,False,False,59278.158368090386,0.7395310247540043,2021-03-04,False,,28,-0.006256250137273156,combined,73605011.38346681,-0.9139713025605353,psi_Vel,2-4,0.7332747746167312,4,1.7249999473278876
126.96864075954882,1.0,False,0.00903587455798499,False,False,False,59278.158368090386,0.7518374097726258,2021-03-04,False,,29,-0.0017871571777215989,combined,71612318.20441109,-0.1977846379177863,psi_Vel,2-4,0.7500502525949042,5,1.7730000081428443
101.19766027694982,1.0,False,0.007551539460152412,False,False,True,59278.158368090386,0.7854444085014077,2021-03-04,False,,30,-0.048608017844119056,combined,66012822.76443917,-6.436835575131591,psi_Vel,3-4,0.7368363906572887,0,1.5330000451285741
101.19766027694982,1.0,True,0.011031238985742653,False,True,True,59278.158368090386,0.7970876465386856,2021-03-04,False,,31,-0.051252747769109375,combined,64008640.589872465,-4.646146079814887,psi_Vel,3-4,0.7458348987695762,1,1.580999992256693
101.19766027694982,1.0,False,0.003744306754944471,False,False,True,59278.158368090386,0.8078421680873359,2021-03-04,False,,32,-0.039315210271583356,combined,62122564.13750943,-10.499997154257308,psi_Vel,3-4,0.7685269578157525,2,1.6290000530716497
101.19766027694982,1.0,False,0.006737357650153819,False,False,True,59278.158368090386,0.8177922769335809,2021-03-04,False,,33,-0.02404612364078529,combined,60344460.50381329,-3.5690733503269336,psi_Vel,3-4,0.7937461532927956,3,1.6770000001997687
101.19766027694982,1.0,True,0.009402747173139214,False,True,True,59278.158368090386,0.8270131277357777,2021-03-04,False,,34,-0.05686718816572278,combined,58665312.096797526,-6.047933345286048,psi_Vel,3-4,0.770145939570055,4,1.7249999473278876
101.19766027694982,1.0,False,0.014249965715557422,False,False,True,59278.158368090386,0.8355717314074671,2021-03-04,False,,35,-0.04652632786737265,combined,57077078.292261735,-3.265013319756795,psi_Vel,3-4,0.7890454035400944,5,1.7730000081428443
90.5063516036789,1.0,False,0.005420707051475071,False,False,True,59278.16899440717,0.8249777258078028,2021-03-04,False,,36,-0.0321097249290605,combined,59038714.24614866,-5.923530754225664,psi_Vel,1-2,0.7928680008787423,0,1.5330000451285741
90.5063516036789,1.0,False,0.006603593664410989,False,False,True,59278.16899440717,0.8346677144037024,2021-03-04,False,,37,-0.038126773347728404,combined,57246269.4794145,-5.773640124650089,psi_Vel,1-2,0.796540941055974,1,1.580999992256693
90.5063516036789,1.0,False,0.0024885208315442164,False,False,True,59278.16899440717,0.8435966064648303,2021-03-04,False,,38,-0.02890876894680805,combined,55559452.82691656,-11.616848282065263,psi_Vel,1-2,0.8146878375180222,2,1.6290000530716497
90.5063516036789,1.0,False,0.004080802462545052,False,False,True,59278.16899440717,0.8518395816603486,2021-03-04,False,,39,-0.02487428697141303,combined,53969201.90393413,-6.095440100254158,psi_Vel,1-2,0.8269652946889355,3,1.6770000001997687
90.5063516036789,1.0,False,0.0010717639577482174,False,False,True,59278.16899440717,0.8594631584483531,2021-03-04,False,,40,-0.021617189620305788,combined,52467451.80710169,-20.169729970882425,psi_Vel,1-2,0.8378459688280473,4,1.7249999473278876
90.5063516036789,1.0,False,0.0029900501199950358,False,False,True,59278.16899440717,0.8665262532226471,2021-03-04,False,,41,-0.017636305504280192,combined,51047011.38635704,-5.898331063530625,psi_Vel,1-2,0.8488899477183669,5,1.7730000081428443
128.16310477607064,1.0,False,0.015495045780459848,False,False,False,59278.16899440717,0.6755726707797383,2021-03-04,False,,42,-0.0384434412266248,combined,83602805.6119995,-2.481015014173382,psi_Vel,1-3,0.6371292295531135,0,1.5330000451285741
128.16310477607064,1.0,True,0.01396104917842722,False,True,True,59278.16899440717,0.6921144533863867,2021-03-04,False,,43,-0.059302735035455134,combined,81064582.79808892,-4.247727679886009,psi_Vel,1-3,0.6328117183509315,1,1.580999992256693
128.16310477607064,1.0,False,0.008080703372606024,False,False,True,59278.16899440717,0.7075076420041574,2021-03-04,False,,44,-0.03646250819596775,combined,78675936.52584954,-4.512293857930414,psi_Vel,1-3,0.6710451338081896,2,1.6290000530716497
128.16310477607064,1.0,False,0.010327179863605984,False,False,True,59278.16899440717,0.7218461026546216,2021-03-04,False,,45,-0.04214337963607018,combined,76424033.84663299,-4.080821695048391,psi_Vel,1-3,0.6797027230185514,3,1.6770000001997687
128.16310477607064,1.0,False,0.008155382276437362,False,False,True,59278.16899440717,0.7352159260595574,2021-03-04,False,,46,-0.033981949509490184,combined,74297454.31273884,-4.166812585557305,psi_Vel,1-3,0.7012339765500673,4,1.7249999473278876
128.16310477607064,1.0,False,0.009212365899807451,False,False,False,59278.16899440717,0.7476957907345918,2021-03-04,False,,47,-0.020756195821373336,combined,72286014.77013925,-2.253079832815495,psi_Vel,1-3,0.7269395949132185,5,1.7730000081428443
126.48881369622976,1.0,False,0.014291093690897594,False,False,False,59278.16899440717,0.6827121708670226,2021-03-04,False,,48,-0.0014250102151197597,combined,82510639.25156051,-0.09971316723137778,psi_Vel,1-4,0.6812871606519029,0,1.5330000451285741
126.48881369622976,1.0,False,0.01300976620637928,False,False,False,59278.16899440717,0.6989611226608181,2021-03-04,False,,49,0.004745487808833548,combined,80005575.15226912,0.36476349640369554,psi_Vel,1-4,0.7037066104696517,1,1.580999992256693
126.48881369622976,1.0,False,0.008040632837383654,False,False,False,59278.16899440717,0.7140739230578688,2021-03-04,False,,50,0.006870651160197583,combined,77648133.5637294,0.8544913440461519,psi_Vel,1-4,0.7209445742180663,2,1.6290000530716497
126.48881369622976,1.0,False,0.006975803484475296,False,False,False,59278.16899440717,0.7281445330372537,2021-03-04,False,,51,0.006788542903901518,combined,75425649.18375795,0.9731556972626124,psi_Vel,1-4,0.7349330759411552,3,1.6770000001997687
126.48881369622976,1.0,False,0.010177126374162293,False,False,False,59278.16899440717,0.7412589305976127,2021-03-04,False,,52,0.008849991220079012,combined,73326850.75855646,0.8695962784295758,psi_Vel,1-4,0.7501089218176917,4,1.7249999473278876
126.48881369622976,1.0,False,0.011116149237036077,False,False,False,59278.16899440717,0.7534955356588874,2021-03-04,False,,53,-0.02795437355371011,combined,71341688.1643009,-2.514753351868785,psi_Vel,1-4,0.7255411621051773,5,1.7730000081428443
55.961921201448256,1.0,False,0.013974484851875801,False,False,False,59278.16899440717,0.9297419684856,2021-03-04,False,,54,-0.0021240514207170325,combined,36504839.89173965,-0.15199497106556453,psi_Vel,2-3,0.927617917064883,0,1.5330000451285741
55.961921201448256,1.0,False,0.007355063865446766,False,False,True,59278.16899440717,0.9338236087261891,2021-03-04,False,,55,-0.03255753518902993,combined,35396534.77263408,-4.426546904912878,psi_Vel,2-3,0.9012660735371592,1,1.580999992256693
55.961921201448256,1.0,False,0.00032675792227188083,False,False,True,59278.16899440717,0.9375628896751182,2021-03-04,False,,56,-0.012639058534118175,combined,34353541.66866122,-38.68019005091412,psi_Vel,2-3,0.9249238311410001,2,1.6290000530716497
55.961921201448256,1.0,False,0.003674222761579138,False,False,False,59278.16899440717,0.9409966868355873,2021-03-04,False,,57,-0.008496201298985429,combined,33370257.12270836,-2.3123805632660828,psi_Vel,2-3,0.9325004855366019,3,1.6770000001997687
55.961921201448256,1.0,False,0.0002107690488153402,False,False,True,59278.16899440717,0.944157110943088,2021-03-04,False,,58,-0.009907029879171247,combined,32441694.44070773,-47.004196939044085,psi_Vel,2-3,0.9342500810639167,4,1.7249999473278876
55.961921201448256,1.0,False,0.0012626281743366996,False,False,True,59278.16899440717,0.9470721989054544,2021-03-04,False,,59,0.017119067196136872,combined,31563407.188061107,13.558280691091094,psi_Vel,2-3,0.9641912661015912,5,1.7730000081428443
126.63596928288894,1.0,False,0.004321447849313986,False,False,True,59278.16899440717,0.682085951578417,2021-03-04,False,,60,-0.03961049529762939,combined,82606631.15131733,-9.166024137932709,psi_Vel,2-4,0.6424754562807876,0,1.5330000451285741
126.63596928288894,1.0,False,0.00392721966547982,False,False,False,59278.16899440717,0.6983607378833251,2021-03-04,False,,61,-0.009537786993490172,combined,80098652.69014382,-2.428635983193689,psi_Vel,2-4,0.6888229508898349,1,1.580999992256693
126.63596928288894,1.0,False,0.008130439274802281,False,False,False,59278.16899440717,0.7134982558047248,2021-03-04,False,,62,-0.006192724659156101,combined,77738468.48200133,-0.76167159606597,psi_Vel,2-4,0.7073055311455687,2,1.6290000530716497
126.63596928288894,1.0,False,0.0005870645042454492,False,False,True,59278.16899440717,0.7275924620153139,2021-03-04,False,,63,-0.010817941684579835,combined,75513398.49004397,-18.427177263057448,psi_Vel,2-4,0.7167745203307341,3,1.6770000001997687
126.63596928288894,1.0,False,0.008762979784131875,False,False,False,59278.16899440717,0.7407293477827611,2021-03-04,False,,64,-0.0009867144970892028,combined,73412158.34763037,-0.1126003393133417,psi_Vel,2-4,0.7397426332856719,4,1.7249999473278876
126.63596928288894,1.0,False,0.01036945989334287,False,False,False,59278.16899440717,0.7529873585526963,2021-03-04,False,,65,-0.0013142314356850981,combined,71424686.23874159,-0.1267405871861105,psi_Vel,2-4,0.7516731271170112,5,1.7730000081428443
101.50553919586224,1.0,True,0.0060556874371167635,False,True,True,59278.16899440717,0.7842658796415312,2021-03-04,False,,66,-0.05327901901589582,combined,66213657.01743921,-8.798178500649804,psi_Vel,3-4,0.7309868606256353,0,1.5330000451285741
101.50553919586224,1.0,True,0.011663963446589265,False,True,True,59278.16899440717,0.7959658804654044,2021-03-04,False,,67,-0.06704341703707106,combined,64203377.414932765,-5.747910420336208,psi_Vel,3-4,0.7289224634283333,1,1.580999992256693
101.50553919586224,1.0,False,0.004165233278208669,False,False,True,59278.16899440717,0.8067736275639094,2021-03-04,False,,68,-0.043890855489793545,combined,62311562.85382738,-10.537430332994356,psi_Vel,3-4,0.7628827720741158,2,1.6290000530716497
101.50553919586224,1.0,False,0.006394792920645542,False,False,True,59278.16899440717,0.8167736511057234,2021-03-04,False,,69,-0.036779082798341745,combined,60528049.60272548,-5.7514110706541794,psi_Vel,3-4,0.7799945683073817,3,1.6770000001997687
101.50553919586224,1.0,True,0.009133540966158094,False,True,True,59278.16899440717,0.8260413257166798,2021-03-04,False,,70,-0.05606000792335164,combined,58843792.6349502,-6.137817537696178,psi_Vel,3-4,0.7699813177933281,4,1.7249999473278876
101.50553919586224,1.0,False,0.015132908924814503,False,False,False,59278.16899440717,0.8346438727314588,2021-03-04,False,,71,-0.04207889506198492,combined,57250726.86389086,-2.780621708030316,psi_Vel,3-4,0.7925649776694739,5,1.7730000081428443
87.93152254261122,0.975158924664827,False,0.020714981382268717,False,False,False,59263.170415661436,0.5966760004312603,2021-02-17,False,,0,-0.00896809216991623,combined,57359112.820662916,-0.4329278411803255,rho_Pup,1-2,0.5877079082613441,0,1.5330000451285741
87.93152254261122,0.975158924664827,False,0.02305650778369581,False,False,False,59263.170415661436,0.6162006400857758,2021-02-17,False,,1,-0.01312747991691876,combined,55617661.58967479,-0.5693611556474191,rho_Pup,1-2,0.603073160168857,1,1.580999992256693
87.93152254261122,0.975158924664827,False,0.019717283160214674,False,False,False,59263.170415661436,0.6344817698282631,2021-02-17,False,,2,-0.011133833211407929,combined,53978833.442520246,-0.5646738001852943,rho_Pup,1-2,0.6233479366168552,2,1.6290000530716497
87.93152254261122,0.975158924664827,False,0.015833633062049265,False,False,False,59263.170415661436,0.6516056762010894,2021-02-17,False,,3,-0.011619366164399403,combined,52433823.811649725,-0.7338408133411404,rho_Pup,1-2,0.63998631003669,3,1.6770000001997687
87.93152254261122,0.975158924664827,False,0.015241354347511091,False,False,False,59263.170415661436,0.6676541704710228,2021-02-17,False,,4,-0.004451966964340248,combined,50974797.23336896,-0.2920978584207809,rho_Pup,1-2,0.6632022035066826,4,1.7249999473278876
87.93152254261122,0.975158924664827,False,0.01934411915719592,False,False,False,59263.170415661436,0.6827041166131698,2021-02-17,False,,5,-0.014324630505994973,combined,49594767.13974549,-0.7405160395047649,rho_Pup,1-2,0.6683794861071748,5,1.7730000081428443
124.49697920243526,0.975158924664827,False,0.0035290016695001918,False,False,True,59263.170415661436,0.3370090079815407,2021-02-17,False,,6,-0.013475849453472633,combined,81211334.33625801,-3.81860104231155,rho_Pup,1-3,0.3235331585280681,0,1.5330000451285741
124.49697920243526,0.975158924664827,False,0.003136518511787346,False,False,True,59263.170415661436,0.36198011276594644,2021-02-17,False,,7,-0.016782576165038643,combined,78745717.78126977,-5.350702092771991,rho_Pup,1-3,0.3451975366009078,1,1.580999992256693
124.49697920243526,0.975158924664827,False,0.0033114835991388345,False,False,True,59263.170415661436,0.38606068700185187,2021-02-17,False,,8,-0.01845175671085242,combined,76425399.10768154,-5.572051365632877,rho_Pup,1-3,0.36760893029099945,2,1.6290000530716497
124.49697920243526,0.975158924664827,False,0.0043475815152350964,False,False,True,59263.170415661436,0.4092243118275692,2021-02-17,False,,9,-0.01738555448242579,combined,74237912.4553398,-3.9989024752042317,rho_Pup,1-3,0.3918387573451434,3,1.6770000001997687
124.49697920243526,0.975158924664827,False,0.004188371702902684,False,False,True,59263.170415661436,0.4314613661603217,2021-02-17,False,,10,-0.015542301455641283,combined,72172164.06022933,-3.7108219036218637,rho_Pup,1-3,0.41591906470468043,4,1.7249999473278876
124.49697920243526,0.975158924664827,False,0.004150071910580818,False,False,True,59263.170415661436,0.45277498380962866,2021-02-17,False,,11,-0.016501384452039136,combined,70218262.05902927,-3.976168318907444,rho_Pup,1-3,0.4362735993575895,5,1.7730000081428443
129.7032884503236,0.975158924664827,False,0.0074911665990177925,False,False,True,59263.170415661436,0.303773183377765,2021-02-17,False,,12,-0.027901031878805604,combined,84607491.60607186,-3.7245242793644264,rho_Pup,1-4,0.2758721514989594,0,1.5330000451285741
129.7032884503236,0.975158924664827,False,0.007191426921444801,False,False,True,59263.170415661436,0.32878289552874174,2021-02-17,False,,13,-0.030327410771044006,combined,82038766.0250316,-4.217161781983463,rho_Pup,1-4,0.29845548475769773,1,1.580999992256693
129.7032884503236,0.975158924664827,False,0.00898453843915073,False,False,True,59263.170415661436,0.35303508005195056,2021-02-17,False,,14,-0.0320943713899593,combined,79621414.50256832,-3.572178093212437,rho_Pup,1-4,0.32094070866199126,2,1.6290000530716497
129.7032884503236,0.975158924664827,False,0.004417208282087114,False,False,True,59263.170415661436,0.37647992160905736,2021-02-17,False,,15,-0.035269543028673356,combined,77342449.87171915,-7.98457776412767,rho_Pup,1-4,0.341210378580384,3,1.6770000001997687
129.7032884503236,0.975158924664827,False,0.005660549768075606,False,False,True,59263.170415661436,0.39908757658857974,2021-02-17,False,,16,-0.03639969689111672,combined,75190314.44101815,-6.430417253179876,rho_Pup,1-4,0.362687879697463,4,1.7249999473278876
129.7032884503236,0.975158924664827,False,0.008929228988368529,False,False,True,59263.170415661436,0.4208438198674241,2021-02-17,False,,17,-0.03948052591071344,combined,73154702.68168993,-4.421493273623279,rho_Pup,1-4,0.38136329395671065,5,1.7730000081428443
56.70532182698234,0.975158924664827,False,0.03476162778809415,False,True,False,59263.170415661436,0.8111452567980317,2021-02-17,False,,18,-0.06528310216063915,combined,36989771.79235922,-1.8780220120473934,rho_Pup,2-3,0.7458621546373926,0,1.5330000451285741
56.70532182698234,0.975158924664827,False,0.028485148285453624,False,True,False,59263.170415661436,0.8215312262944542,2021-02-17,False,,19,-0.07790966750007555,combined,35866743.89924703,-2.7350978383307667,rho_Pup,2-3,0.7436215587943786,1,1.580999992256693
56.70532182698234,0.975158924664827,False,0.024710836649082586,False,True,False,59263.170415661436,0.8311091469178846,2021-02-17,False,,20,-0.06950688961215179,combined,34809895.62895258,-2.812810047640872,rho_Pup,2-3,0.7616022573057328,2,1.6290000530716497
56.70532182698234,0.975158924664827,False,0.024406549007317587,False,True,False,59263.170415661436,0.8399577854188398,2021-02-17,False,,21,-0.07280807469435169,combined,33813549.08779216,-2.98313680776919,rho_Pup,2-3,0.7671497107244881,3,1.6770000001997687
56.70532182698234,0.975158924664827,False,0.03273712834287972,False,True,False,59263.170415661436,0.8481470057936717,2021-02-17,False,,22,-0.08970757070818336,combined,32872651.33823439,-2.740239454377636,rho_Pup,2-3,0.7584394350854884,4,1.7249999473278876
56.70532182698234,0.975158924664827,True,0.02126121886763518,False,True,True,59263.170415661436,0.8557388230546847,2021-02-17,False,,23,-0.07036246097742482,combined,31982696.879048064,-3.309427432899148,rho_Pup,2-3,0.7853763620772599,5,1.7730000081428443
132.3032255189719,0.975158924664827,False,0.014899239319681052,False,False,False,59263.170415661436,0.2877218801547993,2021-02-17,False,,24,-0.023738809303934905,combined,86303471.37913848,-1.5932900193486577,rho_Pup,2-4,0.2639830708508644,0,1.5330000451285741
132.3032255189719,0.975158924664827,False,0.016081216211377345,False,False,False,59263.170415661436,0.31267733317873253,2021-02-17,False,,25,-0.023063964365922507,combined,83683255.00756297,-1.4342176650547684,rho_Pup,2-4,0.28961336881281,1,1.580999992256693
132.3032255189719,0.975158924664827,False,0.0169138711342309,False,False,False,59263.170415661436,0.336947944808288,2021-02-17,False,,26,-0.028651120527208473,combined,81217447.02800983,-1.6939422264618833,rho_Pup,2-4,0.3082968242810795,2,1.6290000530716497
132.3032255189719,0.975158924664827,False,0.015596011341637564,False,False,False,59263.170415661436,0.36047202170243164,2021-02-17,False,,27,-0.029198222326948797,combined,78892799.9422848,-1.87215959820423,rho_Pup,2-4,0.33127379937548285,3,1.6770000001997687
132.3032255189719,0.975158924664827,False,0.016402220438451468,False,False,False,59263.170415661436,0.38320932288436527,2021-02-17,False,,28,-0.037743984885760806,combined,76697524.38190871,-2.3011509342526684,rho_Pup,2-4,0.34546533799860446,4,1.7249999473278876
132.3032255189719,0.975158924664827,False,0.015420280894289345,False,False,False,59263.170415661436,0.4051365954299965,2021-02-17,False,,29,-0.03408496976947284,combined,74621108.24102868,-2.2103987601221755,rho_Pup,2-4,0.3710516256605237,5,1.7730000081428443
103.67878141343252,0.975158924664827,True,0.018326648286293563,False,True,True,59263.170415661436,0.48134088707422074,2021-02-17,False,,30,-0.061847567720808294,combined,67631297.03935324,-3.3747342533475626,rho_Pup,3-4,0.41949331935341244,0,1.5330000451285741
103.67878141343252,0.975158924664827,False,0.02464780752217718,False,True,False,59263.170415661436,0.5042336140651295,2021-02-17,False,,31,-0.07216056141509214,combined,65577977.17977414,-2.9276665419496135,rho_Pup,3-4,0.4320730526500373,1,1.580999992256693
103.67878141343252,0.975158924664827,True,0.012864065091888689,False,True,True,59263.170415661436,0.5259029812373306,2021-02-17,False,,32,-0.05929332758545669,combined,63645658.70819669,-4.609221669971456,rho_Pup,3-4,0.4666096536518739,2,1.6290000530716497
103.67878141343252,0.975158924664827,True,0.012919350312630095,False,True,True,59263.170415661436,0.5464015233691877,2021-02-17,False,,33,-0.0680368795815135,combined,61823960.28687062,-5.266277168365031,rho_Pup,3-4,0.4783646437876742,3,1.6770000001997687
103.67878141343252,0.975158924664827,True,0.011809945416341585,False,True,True,59263.170415661436,0.5657852325613024,2021-02-17,False,,34,-0.0645138959200886,combined,60103643.23432949,-5.462675198381513,rho_Pup,3-4,0.5012713366412138,4,1.7249999473278876
103.67878141343252,0.975158924664827,True,0.0127670262774303,False,True,True,59263.170415661436,0.584111491082144,2021-02-17,False,,35,-0.05576246652770722,combined,58476469.789773114,-4.367694192521932,rho_Pup,3-4,0.5283490245544368,5,1.7730000081428443
86.84935925828843,0.975158924664827,False,0.002839691139904074,False,False,True,59263.18004428562,0.6046004829853031,2021-02-17,False,,36,0.021879332889963354,combined,56653200.718597695,7.704828381688879,rho_Pup,1-2,0.6264798158752665,0,1.5330000451285741
86.84935925828843,0.975158924664827,False,0.0025918054401744403,False,False,True,59263.18004428562,0.6238488122893279,2021-02-17,False,,37,0.02843776108458529,combined,54933181.33058375,10.972182033336306,rho_Pup,1-2,0.6522865733739132,1,1.580999992256693
86.84935925828843,0.975158924664827,False,0.0003482949165430589,False,False,True,59263.18004428562,0.6418593130202147,2021-02-17,False,,38,0.020478050910426315,combined,53314522.05573898,58.79514726679813,rho_Pup,1-2,0.662337363930641,2,1.6290000530716497
86.84935925828843,0.975158924664827,False,0.004418387639953399,False,False,True,59263.18004428562,0.6587196094802976,2021-02-17,False,,39,0.025855738411294626,combined,51788526.683328986,5.851849253219288,rho_Pup,1-2,0.6845753478915922,3,1.6770000001997687
86.84935925828843,0.975158924664827,False,0.0043976583905293316,False,False,True,59263.18004428562,0.6745124337964786,2021-02-17,False,,40,0.02600874075242865,combined,50347456.17982336,5.914224899423819,rho_Pup,1-2,0.7005211745489073,4,1.7249999473278876
86.84935925828843,0.975158924664827,False,0.0001992448103183769,False,False,True,59263.18004428562,0.6893152498657907,2021-02-17,False,,41,0.02038328988336413,combined,48984409.960189514,102.30273928235972,rho_Pup,1-2,0.7096985397491549,5,1.7730000081428443
122.38957228853873,0.975158924664827,False,0.006402224554907507,False,False,True,59263.18004428562,0.35084922081733194,2021-02-17,False,,42,0.02847828526547075,combined,79836639.71665037,4.448185942437968,rho_Pup,1-3,0.3793275060828027,0,1.5330000451285741
122.38957228853873,0.975158924664827,False,0.006338887730631086,False,False,True,59263.18004428562,0.37574872193691383,2021-02-17,False,,43,0.026477734523202123,combined,77412759.57493326,4.1770316257937665,rho_Pup,1-3,0.40222645646011596,1,1.580999992256693
122.38957228853873,0.975158924664827,False,0.005417808224010252,False,False,True,59263.18004428562,0.3997090000105832,2021-02-17,False,,44,0.031177992932660603,combined,75131717.80305372,5.75472435411948,rho_Pup,1-3,0.4308869929432438,2,1.6290000530716497
122.38957228853873,0.975158924664827,False,0.004326032620089886,False,False,True,59263.18004428562,0.422712857493265,2021-02-17,False,,45,0.02939341819708835,combined,72981259.55513379,6.794543818413837,rho_Pup,1-3,0.45210627569035333,3,1.6770000001997687
122.38957228853873,0.975158924664827,False,0.0049315871852027,False,False,True,59263.18004428562,0.44475855218782767,2021-02-17,False,,46,0.029718756807115443,combined,70950478.85544947,6.026205294775486,rho_Pup,1-3,0.4744773089949431,4,1.7249999473278876
122.38957228853873,0.975158924664827,False,0.006035718664422338,False,False,True,59263.18004428562,0.46585590923376863,2021-02-17,False,,47,0.03385174351844811,combined,69029651.28394869,5.608568821802095,rho_Pup,1-3,0.49970765275221674,5,1.7730000081428443
128.37877786866784,0.975158924664827,False,0.00048329328882477864,False,False,True,59263.18004428562,0.31209371081939846,2021-02-17,False,,48,0.026377624580440684,combined,83743492.55671456,54.578917585598994,rho_Pup,1-4,0.33847133539983915,0,1.5330000451285741
128.37877786866784,0.975158924664827,False,0.001346355049207697,False,False,True,59263.18004428562,0.3371122691900717,2021-02-17,False,,49,0.033577434288402874,combined,81200998.4170981,24.939509313061606,rho_Pup,1-4,0.3706897034784746,1,1.580999992256693
128.37877786866784,0.975158924664827,False,0.0005369970110071914,False,False,True,59263.18004428562,0.36133782206515686,2021-02-17,False,,50,0.03691037495071536,combined,78808332.52681376,68.7347865893821,rho_Pup,1-4,0.3982481970158722,2,1.6290000530716497
128.37877786866784,0.975158924664827,False,0.00021839095610747683,False,False,True,59263.18004428562,0.384726569189659,2021-02-17,False,,51,0.03359911614113398,combined,76552640.34190519,153.8484777025237,rho_Pup,1-4,0.41832568533079295,3,1.6770000001997687
128.37877786866784,0.975158924664827,False,0.0016355471206592784,False,False,True,59263.18004428562,0.40725389816134777,2021-02-17,False,,52,0.045474495407945015,combined,74422482.196323,27.803843028144943,rho_Pup,1-4,0.4527283935692928,4,1.7249999473278876
128.37877786866784,0.975158924664827,False,0.004782108414248953,False,False,True,59263.18004428562,0.42891009954855214,2021-02-17,False,,53,0.03661204076536234,combined,72407657.79981025,7.656045742558179,rho_Pup,1-4,0.4655221403139145,5,1.7730000081428443
55.97857861560167,0.975158924664827,False,0.008374974183061951,False,False,False,59263.18004428562,0.8155551170584516,2021-02-17,False,,54,0.00734100211741584,combined,36515705.78454007,0.8765402682987038,rho_Pup,2-3,0.8228961191758675,0,1.5330000451285741
55.97857861560167,0.975158924664827,False,0.015217180215479732,False,False,False,59263.18004428562,0.8257209360989045,2021-02-17,False,,55,-0.009026272356181364,combined,35407070.7715177,-0.5931632686454851,rho_Pup,2-3,0.8166946637427231,1,1.580999992256693
55.97857861560167,0.975158924664827,False,0.017897554847269088,False,False,False,59263.18004428562,0.8350933558934721,2021-02-17,False,,56,-0.004138727040387313,combined,34363767.21415583,-0.23124538942361864,rho_Pup,2-3,0.8309546288530848,2,1.6290000530716497
55.97857861560167,0.975158924664827,False,0.016479097104730105,False,False,False,59263.18004428562,0.8437500547614531,2021-02-17,False,,57,-0.002571632514149158,combined,33380189.987437896,-0.15605421206062348,rho_Pup,2-3,0.841178422247304,3,1.6770000001997687
55.97857861560167,0.975158924664827,False,0.008729726587552082,False,False,False,59263.18004428562,0.8517598752880411,2021-02-17,False,,58,0.0010044345828114087,combined,32451350.912975576,0.11505911127201339,rho_Pup,2-3,0.8527643098708525,4,1.7249999473278876
55.97857861560167,0.975158924664827,False,0.016464009503023225,False,False,False,59263.18004428562,0.8591838817237399,2021-02-17,False,,59,0.007230598867046023,combined,31572802.232661735,0.43917606253314506,rho_Pup,2-3,0.866414480590786,5,1.7730000081428443
132.22228362905253,0.975158924664827,False,0.0012145788873784123,False,False,True,59263.18004428562,0.2882158413307118,2021-02-17,False,,60,0.007424264892053056,combined,86250671.71342641,6.112624687621434,rho_Pup,2-4,0.2956401062227649,0,1.5330000451285741
132.22228362905253,0.975158924664827,False,0.0027071885612986,False,False,True,59263.18004428562,0.3131737182533419,2021-02-17,False,,61,0.010347856828473723,combined,83632058.36599697,3.8223627923095247,rho_Pup,2-4,0.3235215750818156,1,1.580999992256693
132.22228362905253,0.975158924664827,False,0.0022098855729355254,False,False,True,59263.18004428562,0.33744443226236337,2021-02-17,False,,62,0.012551976222554606,combined,81167758.94496357,5.6799213390406695,rho_Pup,2-4,0.349996408484918,2,1.6290000530716497
132.22228362905253,0.975158924664827,False,0.002569082738847294,False,False,True,59263.18004428562,0.3609666606747649,2021-02-17,False,,63,0.012000957486342057,combined,78844534.05682878,4.671300501488205,rho_Pup,2-4,0.37296761816110696,3,1.6770000001997687
132.22228362905253,0.975158924664827,False,0.0011007147754979667,False,False,True,59263.18004428562,0.3837004883463722,2021-02-17,False,,64,0.009423142521491346,combined,76650601.54574007,8.560930343856144,rho_Pup,2-4,0.39312363086786356,4,1.7249999473278876
132.22228362905253,0.975158924664827,False,0.0011158789365395764,False,False,True,59263.18004428562,0.4056229463370671,2021-02-17,False,,65,0.015169819124716488,combined,74575455.73705369,13.594502618500199,rho_Pup,2-4,0.42079276546178357,5,1.7730000081428443
103.59233471155738,0.975158924664827,False,0.006233389440328381,False,False,False,59263.18004428562,0.48196729757743206,2021-02-17,False,,66,0.0004188577569559371,combined,67574906.49836804,0.06719582675936116,rho_Pup,3-4,0.482386155334388,0,1.5330000451285741
103.59233471155738,0.975158924664827,False,0.012134531549233177,False,False,False,59263.18004428562,0.5048453382511363,2021-02-17,False,,67,0.0012563199726876029,combined,65523298.68369664,0.10353263062445901,rho_Pup,3-4,0.5061016582238239,1,1.580999992256693
103.59233471155738,0.975158924664827,False,0.0007693472077019329,False,False,True,59263.18004428562,0.5264993612084591,2021-02-17,False,,68,0.004039434805412245,combined,63592591.36684693,5.250470483253171,rho_Pup,3-4,0.5305387960138713,2,1.6290000530716497
103.59233471155738,0.975158924664827,False,0.002754683379898247,False,False,True,59263.18004428562,0.5469821565662818,2021-02-17,False,,69,0.008581557471951107,combined,61772411.86596135,3.1152609169435994,rho_Pup,3-4,0.5555637140382329,3,1.6770000001997687
103.59233471155738,0.975158924664827,False,0.001771701268294767,False,False,True,59263.18004428562,0.5663499202590117,2021-02-17,False,,70,0.008485844473521853,combined,60053529.20272674,4.789658745172846,rho_Pup,3-4,0.5748357647325335,4,1.7249999473278876
103.59233471155738,0.975158924664827,False,0.0032735307732363337,False,False,True,59263.18004428562,0.5846601961624028,2021-02-17,False,,71,0.01919992556142902,combined,58427712.484934926,5.865203931609069,rho_Pup,3-4,0.6038601217238319,5,1.7730000081428443
76.56593304139332,1.0255662772473624,False,0.004017307150677006,False,False,True,59262.250429988606,0.678895890383712,2021-02-16,False,,72,0.017272024721857848,combined,49945160.33101073,4.299403574094932,rho_Pup,1-2,0.6961679151055699,0,1.5330000451285741
76.56593304139332,1.0255662772473624,False,0.004143168583182414,False,False,False,59262.250429988606,0.6953073710853152,2021-02-16,False,,73,0.009835452798513389,combined,48428800.38987501,2.3738963551800896,rho_Pup,1-2,0.7051428238838285,1,1.580999992256693
76.56593304139332,1.0255662772473624,False,0.000892037430797265,False,False,True,59262.250429988606,0.7105750257828954,2021-02-16,False,,74,0.00869521005581142,combined,47001798.985224254,9.747584300403194,rho_Pup,1-2,0.7192702358387069,2,1.6290000530716497
76.56593304139332,1.0255662772473624,False,0.0019184406271470892,False,False,True,59262.250429988606,0.7247929245768995,2021-02-16,False,,75,0.010786090627176503,combined,45656489.583943106,5.622321835008512,rho_Pup,1-2,0.735579015204076,3,1.6770000001997687
76.56593304139332,1.0255662772473624,False,0.005477727494849946,False,False,True,59262.250429988606,0.738047240355116,2021-02-16,False,,76,0.023721047748544777,combined,44386049.49524655,4.330454147426438,rho_Pup,1-2,0.7617682881036608,4,1.7249999473278876
76.56593304139332,1.0255662772473624,False,0.00029152911132246455,False,False,True,59262.250429988606,0.7504166446331202,2021-02-16,False,,77,0.02177690888709205,combined,43184395.20008433,74.69891699084658,rho_Pup,1-2,0.7721935535202122,5,1.7730000081428443
99.39450403604445,1.0255662772473624,False,1.2124469805787433e-06,False,False,True,59262.250429988606,0.5125357655866926,2021-02-16,False,,78,0.01094680778296786,combined,64836595.63604784,9028.68987948864,rho_Pup,1-3,0.5234825733696604,0,1.5330000451285741
99.39450403604445,1.0255662772473624,False,0.0008806875621729295,False,False,True,59262.250429988606,0.5346462254949241,2021-02-16,False,,79,0.0037762479986378494,combined,62868124.30287896,4.287840729032977,rho_Pup,1-3,0.538422473493562,1,1.580999992256693
99.39450403604445,1.0255662772473624,False,0.002410886394065172,False,False,False,59262.250429988606,0.5555081190661552,2021-02-16,False,,80,-0.003723815284381038,combined,61015654.26509701,-1.5445834750023373,rho_Pup,1-3,0.5517843037817741,2,1.6290000530716497
99.39450403604445,1.0255662772473624,False,0.004870153257624538,False,False,False,59262.250429988606,0.5751857449908815,2021-02-16,False,,81,-0.005429686714475301,combined,59269233.16887556,-1.1148903180767007,rho_Pup,1-3,0.5697560582764062,3,1.6770000001997687
99.39450403604445,1.0255662772473624,False,0.004702962795177996,False,False,False,59262.250429988606,0.593744395617646,2021-02-16,False,,82,-0.006767231821193209,combined,57620004.09913726,-1.4389294825235983,rho_Pup,1-3,0.5869771637964528,4,1.7249999473278876
99.39450403604445,1.0255662772473624,False,0.006503300999411782,False,False,False,59262.250429988606,0.6112487476299788,2021-02-16,False,,83,-0.0036980265614590113,combined,56060069.70082123,-0.5686383825373444,rho_Pup,1-3,0.6075507210685198,5,1.7730000081428443
111.64501479651683,1.0255662772473624,False,0.004180757575194002,False,False,True,59262.250429988606,0.4243684913496747,2021-02-16,False,,84,-0.014319617698734854,combined,72827796.15779664,-3.4251250978288006,rho_Pup,1-4,0.41004887365093984,0,1.5330000451285741
111.64501479651683,1.0255662772473624,False,0.0052415520561285124,False,False,False,59262.250429988606,0.4484085788693487,2021-02-16,False,,85,-0.0017801530405558985,combined,70616707.99704218,-0.3396232683551264,rho_Pup,1-4,0.4466284258287928,1,1.580999992256693
111.64501479651683,1.0255662772473624,False,0.00463445666909178,False,False,False,59262.250429988606,0.471312280109803,2021-02-16,False,,86,-0.010018623963743534,combined,68535918.45254916,-2.1617688283849885,rho_Pup,1-4,0.46129365614605944,2,1.6290000530716497
111.64501479651683,1.0255662772473624,False,0.004247237910299373,False,False,False,59262.250429988606,0.4931056703758941,2021-02-16,False,,87,0.0021639894195055742,combined,66574248.52905032,0.5095051101936133,rho_Pup,1-4,0.49526965979539966,3,1.6770000001997687
111.64501479651683,1.0255662772473624,False,0.009924661540941083,False,False,False,59262.250429988606,0.5138232652414866,2021-02-16,False,,88,0.013774083392089187,combined,64721749.68437571,1.3878642949453257,rho_Pup,1-4,0.5275973486335758,4,1.7249999473278876
111.64501479651683,1.0255662772473624,False,0.011575690813278302,False,False,False,59262.250429988606,0.5335051126258629,2021-02-16,False,,89,0.004316045699392701,combined,62969551.20347749,0.37285426580691233,rho_Pup,1-4,0.5378211583252556,5,1.7730000081428443
47.02860645345594,1.0255662772473624,False,0.0637164369126093,False,False,False,59262.250429988606,0.8665929925881006,2021-02-16,False,,90,0.0195478752646564,combined,30677498.414236255,0.3067948587813757,rho_Pup,2-3,0.886140867852757,0,1.5330000451285741
47.02860645345594,1.0255662772473624,False,0.012396417170953905,False,False,False,59262.250429988606,0.8741285004104665,2021-02-16,False,,91,0.0029371297943814323,combined,29746114.28449667,0.23693376512557457,rho_Pup,2-3,0.877065630204848,1,1.580999992256693
47.02860645345594,1.0255662772473624,False,0.02449130251378483,False,False,False,59262.250429988606,0.8810554169127144,2021-02-16,False,,92,0.02347355327333467,combined,28869616.28072301,0.9584444624830661,rho_Pup,2-3,0.904528970186049,2,1.6290000530716497
47.02860645345594,1.0255662772473624,False,0.024513350422718412,False,False,False,59262.250429988606,0.8874361674138115,2021-02-16,False,,93,0.03832116950479514,combined,28043295.437002845,1.5632775138432302,rho_Pup,2-3,0.9257573369186066,3,1.6770000001997687
47.02860645345594,1.0255662772473624,False,0.011241247361554685,False,False,True,59262.250429988606,0.8933256021410156,2021-02-16,False,,94,0.03857390938173044,combined,27262961.095335472,3.431461664446071,rho_Pup,2-3,0.9318995115227461,4,1.7249999473278876
47.02860645345594,1.0255662772473624,False,0.01842411474724547,False,False,False,59262.250429988606,0.8987720016077847,2021-02-16,False,,95,0.026993714217666498,combined,26524876.614477158,1.4651295103175712,rho_Pup,2-3,0.9257657158254512,5,1.7730000081428443
130.40405607884298,1.0255662772473624,False,0.0027033965673386507,False,False,False,59262.250429988606,0.2994096807643232,2021-02-16,False,,96,0.0071937205769531665,combined,85064613.33333221,2.660993456847879,rho_Pup,2-4,0.3066034013412764,0,1.5330000451285741
130.40405607884298,1.0255662772473624,False,0.003254502978814518,False,False,False,59262.250429988606,0.32440957269412474,2021-02-16,False,,97,0.008712164759721308,combined,82482009.30899842,2.676957070383384,rho_Pup,2-4,0.33312173745384605,1,1.580999992256693
130.40405607884298,1.0255662772473624,False,0.0012724111778246408,False,False,True,59262.250429988606,0.3486711386205429,2021-02-16,False,,98,0.010426153553479867,combined,80051597.19482668,8.194012859353206,rho_Pup,2-4,0.35909729217402275,2,1.6290000530716497
130.40405607884298,1.0255662772473624,False,0.0032724361773313975,False,False,True,59262.250429988606,0.37214136906060935,2021-02-16,False,,99,0.01011291016786553,combined,77760319.65611741,3.090330756614601,rho_Pup,2-4,0.3822542792284749,3,1.6770000001997687
130.40405607884298,1.0255662772473624,False,0.0013063340386997343,False,False,True,59262.250429988606,0.39478763329037203,2021-02-16,False,,100,0.008178251951008852,combined,75596556.55691206,6.260459965621897,rho_Pup,2-4,0.4029658852413809,4,1.7249999473278876
130.40405607884298,1.0255662772473624,False,0.0033681345969567528,False,False,False,59262.250429988606,0.4165932930869419,2021-02-16,False,,101,0.006713811910639245,combined,73549946.6891919,1.9933324270073554,rho_Pup,2-4,0.4233071049975811,5,1.7730000081428443
103.36017985302266,1.0255662772473624,False,0.007468325583616551,False,False,True,59262.250429988606,0.4836502396819137,2021-02-16,False,,102,-0.0242623908758402,combined,67423468.23894173,-3.248705563810073,rho_Pup,3-4,0.4593878488060735,0,1.5330000451285741
103.36017985302266,1.0255662772473624,False,0.0022454856420818107,False,False,False,59262.250429988606,0.5064886112266364,2021-02-16,False,,103,0.0007724155773994879,combined,65376458.16524518,0.3439859792126634,rho_Pup,3-4,0.5072610268040358,1,1.580999992256693
103.36017985302266,1.0255662772473624,False,0.0017539975234790437,False,False,True,59262.250429988606,0.528101228736289,2021-02-16,False,,104,-0.007016355552384335,combined,63450077.646177016,-4.000208357459613,rho_Pup,3-4,0.5210848731839046,2,1.6290000530716497
103.36017985302266,1.0255662772473624,False,0.003898968181152842,False,False,False,59262.250429988606,0.548541564463424,2021-02-16,False,,105,-0.008903589443861937,combined,61633977.24550395,-2.283575815494174,rho_Pup,3-4,0.539637975019562,3,1.6770000001997687
103.36017985302266,1.0255662772473624,False,0.005536215133122959,False,False,False,59262.250429988606,0.5678663584984364,2021-02-16,False,,106,-0.014548269087197419,combined,59918946.67193052,-2.627836660493139,rho_Pup,3-4,0.553318089411239,4,1.7249999473278876
103.36017985302266,1.0255662772473624,False,0.0023250919333919033,False,False,True,59262.250429988606,0.5861335858097075,2021-02-16,False,,107,-0.011250332639087257,combined,58296773.47903052,-4.838661421303452,rho_Pup,3-4,0.5748832531706203,5,1.7730000081428443
74.45943759297668,1.0255662772473624,False,0.006982797260349296,False,False,False,59262.26294797154,0.6937755627591339,2021-02-16,False,,108,-0.00841991715642687,combined,48571060.274647094,-1.2058086240363919,rho_Pup,1-2,0.685355645602707,0,1.5330000451285741
74.45943759297668,1.0255662772473624,False,0.009404211322785674,False,False,False,59262.26294797154,0.7095684050269931,2021-02-16,False,,109,-0.011978286951307981,combined,47096418.69554631,-1.2737152048344045,rho_Pup,1-2,0.6975901180756852,1,1.580999992256693
74.45943759297668,1.0255662772473624,False,0.005494316259044696,False,False,False,59262.26294797154,0.7242447749284239,2021-02-16,False,,110,-0.013629994032473891,combined,45708677.205120794,-2.480744352863982,rho_Pup,1-2,0.71061478089595,2,1.6290000530716497
74.45943759297668,1.0255662772473624,False,0.00797013601622801,False,False,False,59262.26294797154,0.7378987184656262,2021-02-16,False,,111,-0.008209669154628063,combined,44400380.19326588,-1.030053833198372,rho_Pup,1-2,0.7296890493109981,3,1.6770000001997687
74.45943759297668,1.0255662772473624,False,0.00484856210887833,False,False,False,59262.26294797154,0.7506159866764325,2021-02-16,False,,112,0.0037818816976779024,combined,43164892.676268265,0.7800006708695758,rho_Pup,1-2,0.7543978683741104,4,1.7249999473278876
74.45943759297668,1.0255662772473624,False,0.006124623594009775,False,False,False,59262.26294797154,0.7624745547466557,2021-02-16,False,,113,0.00795067484712264,combined,41996298.50592632,1.298149139303654,rho_Pup,1-2,0.7704252295937783,5,1.7730000081428443
93.74923363381674,1.0255662772473624,False,0.0008281398805398566,False,False,True,59262.26294797154,0.5539481494283103,2021-02-16,False,,114,0.01271414536681259,combined,61154097.11286336,15.35265438312711,rho_Pup,1-3,0.5666622947951229,0,1.5330000451285741
93.74923363381674,1.0255662772473624,False,0.0026342152672263687,False,False,True,59262.26294797154,0.5748681745278023,2021-02-16,False,,115,0.012894201203630384,combined,59297428.26880135,4.8948927462587415,rho_Pup,1-3,0.5877623757314326,1,1.580999992256693
93.74923363381674,1.0255662772473624,False,0.0012697283481873038,False,False,True,59262.26294797154,0.5945292262360562,2021-02-16,False,,116,0.01185531380201843,combined,57550172.24035246,9.336889909517556,rho_Pup,1-3,0.6063845400380746,2,1.6290000530716497
93.74923363381674,1.0255662772473624,False,0.0009374405860067393,False,False,True,59262.26294797154,0.6130082046228229,2021-02-16,False,,117,0.01025279943471169,combined,55902941.933601126,10.937012529387097,rho_Pup,1-3,0.6232610040575346,3,1.6770000001997687
93.74923363381674,1.0255662772473624,False,0.0019728461903455903,False,False,True,59262.26294797154,0.6303800822261253,2021-02-16,False,,118,0.008558304946378548,combined,54347383.47617868,4.338049761942851,rho_Pup,1-3,0.6389383871725038,4,1.7249999473278876
93.74923363381674,1.0255662772473624,False,0.0004303345588839084,False,False,True,59262.26294797154,0.6467168780599619,2021-02-16,False,,119,0.010693955901555308,combined,52876048.05598157,24.850330239083174,rho_Pup,1-3,0.6574108339615172,5,1.7730000081428443
106.93272652333354,1.0255662772473624,True,0.006944744887530316,False,True,True,59262.26294797154,0.4578758269455286,2021-02-16,False,,120,-0.09282729350682356,combined,69753896.52670558,-13.366551977092815,rho_Pup,1-4,0.365048533438705,0,1.5330000451285741
106.93272652333354,1.0255662772473624,True,0.0033926683380101873,False,True,True,59262.26294797154,0.4812871683482482,2021-02-16,False,,121,-0.07502454700929428,combined,67636133.48960207,-22.113728645015875,rho_Pup,1-4,0.4062626213389539,1,1.580999992256693
106.93272652333354,1.0255662772473624,True,0.0036089673909779217,False,True,True,59262.26294797154,0.5035043921306714,2021-02-16,False,,122,-0.07472761730701372,combined,65643169.45337155,-20.706093796753528,rho_Pup,1-4,0.4287767748236577,2,1.6290000530716497
106.93272652333354,1.0255662772473624,True,0.001002043207001031,False,True,True,59262.26294797154,0.5245699074761293,2021-02-16,False,,123,-0.05514854619430992,combined,63764297.26332465,-55.036096057535744,rho_Pup,1-4,0.4694213612818194,3,1.6770000001997687
106.93272652333354,1.0255662772473624,False,0.0002964904395625289,False,False,True,59262.26294797154,0.5445315652311702,2021-02-16,False,,124,-0.046786149943070676,combined,61989988.28317517,-157.79986029938624,rho_Pup,1-4,0.4977454152880995,4,1.7249999473278876
106.93272652333354,1.0255662772473624,False,0.004770285891961603,False,False,True,59262.26294797154,0.5634402424900384,2021-02-16,False,,125,-0.04901782810812705,combined,60311746.21106846,-10.275658360587334,rho_Pup,1-4,0.5144224143819114,5,1.7730000081428443
44.54541012706276,1.0255662772473624,True,0.06377275764740173,False,True,True,59262.26294797154,0.8795828775434947,2021-02-16,False,,126,0.27757852056371857,combined,29057670.460359767,4.352619061864073,rho_Pup,2-3,1.1571613981072133,0,1.5330000451285741
44.54541012706276,1.0255662772473624,True,0.0016436321836290509,False,True,True,59262.26294797154,0.8864254596396557,2021-02-16,False,,127,0.2752612802533041,combined,28175465.114000022,167.47133756260607,rho_Pup,2-3,1.1616867398929598,1,1.580999992256693
44.54541012706276,1.0255662772473624,True,0.014930783026447571,False,True,True,59262.26294797154,0.8927108788644421,2021-02-16,False,,128,0.2716450954470627,combined,27345247.80589647,18.193626882520864,rho_Pup,2-3,1.1643559743115048,2,1.6290000530716497
44.54541012706276,1.0255662772473624,True,0.01923684321563674,False,True,True,59262.26294797154,0.8984969043961223,2021-02-16,False,,129,0.27351053945397397,combined,26562558.212138575,14.218057317826965,rho_Pup,2-3,1.1720074438500963,3,1.6770000001997687
44.54541012706276,1.0255662772473624,True,0.019992753131045662,False,True,True,59262.26294797154,0.9038341946620888,2021-02-16,False,,130,0.2610621014332156,combined,25823426.949123017,13.057836493155435,rho_Pup,2-3,1.1648962960953044,4,1.7249999473278876
44.54541012706276,1.0255662772473624,True,0.01013774461106757,False,True,True,59262.26294797154,0.9087672611359738,2021-02-16,False,,131,0.21681513268968522,combined,25124314.677089326,21.386919971626035,rho_Pup,2-3,1.125582393825659,5,1.7730000081428443
129.69689861127642,1.0255662772473624,False,0.0021802735198891447,False,False,True,59262.26294797154,0.3038130954935641,2021-02-16,False,,132,0.01385224911734606,combined,84603323.41373064,6.353445561293784,rho_Pup,2-4,0.31766534461091017,0,1.5330000451285741
129.69689861127642,1.0255662772473624,False,0.005382530330601348,False,False,True,59262.26294797154,0.32882288083913225,2021-02-16,False,,133,0.018411019943950724,combined,82034724.3810857,3.4205139243300473,rho_Pup,2-4,0.34723390078308297,1,1.580999992256693
129.69689861127642,1.0255662772473624,False,0.0041421541633248436,False,False,True,59262.26294797154,0.3530749648262373,2021-02-16,False,,134,0.02354883922073403,combined,79617491.94956708,5.685167256505909,rho_Pup,2-4,0.3766238040469713,2,1.6290000530716497
129.69689861127642,1.0255662772473624,False,0.0023218009097121482,False,False,True,59262.26294797154,0.3765195612086722,2021-02-16,False,,135,0.02336579985974402,combined,77338639.5920254,10.063653503624847,rho_Pup,2-4,0.3998853610684162,3,1.6770000001997687
129.69689861127642,1.0255662772473624,False,0.0023935814353006715,False,False,True,59262.26294797154,0.3991268517302798,2021-02-16,False,,136,0.01898841657419803,combined,75186610.18638493,7.933056420874515,rho_Pup,2-4,0.4181152683044778,4,1.7249999473278876
129.69689861127642,1.0255662772473624,False,0.001877708901126842,False,False,True,59262.26294797154,0.42088263319773556,2021-02-16,False,,137,0.020635502159900343,combined,73151098.7115727,10.989723778545578,rho_Pup,2-4,0.4415181353576359,5,1.7730000081428443
103.41841188024614,1.0255662772473624,False,0.005131275826723912,False,False,True,59262.26294797154,0.48322800761507634,2021-02-16,False,,138,-0.039124361587850376,combined,67461453.90463595,-7.624684953416257,rho_Pup,3-4,0.44410364602722596,0,1.5330000451285741
103.41841188024614,1.0255662772473624,False,0.0057802770038521845,False,False,True,59262.26294797154,0.5060763607399353,2021-02-16,False,,139,-0.019491257816404817,combined,65413290.567211464,-3.3720283307210264,rho_Pup,3-4,0.4865851029235305,1,1.580999992256693
103.41841188024614,1.0255662772473624,False,0.002744920626243737,False,False,True,59262.26294797154,0.5276993911814656,2021-02-16,False,,140,-0.02437675908288628,combined,63485824.74582485,-8.880679043985488,rho_Pup,3-4,0.5033226320985793,2,1.6290000530716497
103.41841188024614,1.0255662772473624,False,0.006103373215855967,False,False,True,59262.26294797154,0.5481504005816209,2021-02-16,False,,141,-0.020199590056830696,combined,61668701.17348042,-3.3095780550260527,rho_Pup,3-4,0.5279508105247902,3,1.6770000001997687
103.41841188024614,1.0255662772473624,False,0.008390878710435342,False,False,False,59262.26294797154,0.5674859929835293,2021-02-16,False,,142,-0.01901156364697587,combined,59952704.36990245,-2.265741682492929,rho_Pup,3-4,0.5484744293365534,4,1.7249999473278876
103.41841188024614,1.0255662772473624,False,0.0028626090885918282,False,False,True,59262.26294797154,0.5857640356219499,2021-02-16,False,,143,-0.016172769117898222,combined,58329617.26185964,-5.649660368350858,rho_Pup,3-4,0.5695912665040517,5,1.7730000081428443
87.49098376568213,0.9745491415585932,False,0.011631559755481469,False,False,False,58816.033555051545,0.7539991019754363,2019-11-28,False,,0,-0.011467854064500682,combined,57071742.459305786,-0.9859257318517717,zet_Tuc,1-2,0.7425312479109356,0,1.5330000451285741
87.49098376568213,0.9745491415585932,False,0.005891711975471413,False,False,True,58816.033555051545,0.7671276522850485,2019-11-28,False,,1,-0.01900191266425688,combined,55339015.93560349,-3.2251937541017495,zet_Tuc,1-2,0.7481257396207917,1,1.580999992256693
87.49098376568213,0.9745491415585932,False,0.011428158200521905,False,False,False,58816.033555051545,0.7792783750736516,2019-11-28,False,,2,0.0032044710849853386,combined,53708398.35192684,0.2804013585355334,zet_Tuc,1-2,0.782482846158637,2,1.6290000530716497
87.49098376568213,0.9745491415585932,False,0.008827415452710805,False,False,False,58816.033555051545,0.790540727815952,2019-11-28,False,,3,-0.003912213960130195,combined,52171129.25179485,-0.44318906038672923,zet_Tuc,1-2,0.7866285138558218,3,1.6770000001997687
87.49098376568213,0.9745491415585932,False,0.011765908081010149,False,False,False,58816.033555051545,0.8009950028713544,2019-11-28,False,,4,0.009291043354647588,combined,50719412.42735114,0.7896579924538996,zet_Tuc,1-2,0.810286046226002,4,1.7249999473278876
87.49098376568213,0.9745491415585932,False,0.003866169142643452,False,False,False,58816.033555051545,0.8107132208280372,2019-11-28,False,,5,-0.0015370108399294091,combined,49346296.31351547,-0.397553956700015,zet_Tuc,1-2,0.8091762099881078,5,1.7730000081428443
129.23469040595813,0.9745491415585932,True,0.011999651273945831,False,True,True,58816.033555051545,0.5302095104661975,2019-11-28,False,,6,-0.07997425038849387,combined,84301817.7439904,-6.664714545674962,zet_Tuc,1-3,0.4502352600777036,0,1.5330000451285741
129.23469040595813,0.9745491415585932,True,0.011972736679419317,False,True,True,58816.033555051545,0.5518232724551605,2019-11-28,False,,7,-0.07873502402463994,combined,81742372.5736334,-6.576192739625059,zet_Tuc,1-3,0.47308824843052055,1,1.580999992256693
129.23469040595813,0.9745491415585932,True,0.011726931242295143,False,True,True,58816.033555051545,0.5721822635518737,2019-11-28,False,,8,-0.06753354616878637,combined,79333754.57064757,-5.758842170508796,zet_Tuc,1-3,0.5046487173830874,2,1.6290000530716497
129.23469040595813,0.9745491415585932,True,0.011467210767515562,False,True,True,58816.033555051545,0.5913564007293078,2019-11-28,False,,9,-0.07258887507826017,combined,77063023.48870802,-6.330124783603936,zet_Tuc,1-3,0.5187675256510477,3,1.6770000001997687
129.23469040595813,0.9745491415585932,True,0.011217662008865165,False,True,True,58816.033555051545,0.6094153174919648,2019-11-28,False,,10,-0.07100728963929526,combined,74918663.39251153,-6.3299544578165365,zet_Tuc,1-3,0.5384080278526695,4,1.7249999473278876
129.23469040595813,0.9745491415585932,True,0.010214984608240262,False,True,True,58816.033555051545,0.6264270065066682,2019-11-28,False,,11,-0.06388530977640927,combined,72890405.98557411,-6.254077928308774,zet_Tuc,1-3,0.5625416967302589,5,1.7730000081428443
116.80615098135493,0.9745491415585932,True,0.011672980932439963,False,True,True,58816.033555051545,0.5986781751673917,2019-11-28,False,,12,-0.06519911500695952,combined,76194486.32929316,-5.585472587020766,zet_Tuc,1-4,0.5334790601604322,0,1.5330000451285741
116.80615098135493,0.9745491415585932,True,0.010616792350744425,False,True,True,58816.033555051545,0.6181270466286071,2019-11-28,False,,13,-0.07509067948549808,combined,73881183.77826667,-7.072821715330328,zet_Tuc,1-4,0.543036367143109,1,1.580999992256693
116.80615098135493,0.9745491415585932,True,0.011230810168502305,False,True,True,58816.033555051545,0.6363348039043055,2019-11-28,False,,14,-0.06968603659324502,combined,71704203.30011944,-6.204898448794461,zet_Tuc,1-4,0.5666487673110605,2,1.6290000530716497
116.80615098135493,0.9745491415585932,True,0.010846887374028221,False,True,True,58816.033555051545,0.6533879334327223,2019-11-28,False,,15,-0.06523373056977089,combined,69651849.11594555,-6.014050696789429,zet_Tuc,1-4,0.5881542028629514,3,1.6770000001997687
116.80615098135493,0.9745491415585932,False,0.008734534079179268,False,False,True,58816.033555051545,0.6693683601487083,2019-11-28,False,,16,-0.04609351533838313,combined,67713712.78143723,-5.277157879348988,zet_Tuc,1-4,0.6232748448103251,4,1.7249999473278876
116.80615098135493,0.9745491415585932,False,0.008736529097386564,False,False,True,58816.033555051545,0.6843529973882639,2019-11-28,False,,17,-0.04083383254503725,combined,65880513.50530184,-4.673919366588299,zet_Tuc,1-4,0.6435191648432267,5,1.7730000081428443
53.485834724369425,0.9745491415585932,False,0.009434187552977612,False,False,False,58816.033555051545,0.9012265320937236,2019-11-28,False,,18,0.016216836000114365,combined,34889649.80420697,1.718943566581525,zet_Tuc,2-3,0.917443368093838,0,1.5330000451285741
53.485834724369425,0.9745491415585932,False,0.005072742948849075,False,False,False,58816.033555051545,0.9068938450409499,2019-11-28,False,,19,0.010004022105780108,combined,33830382.66054931,1.9721129587395834,zet_Tuc,2-3,0.91689786714673,1,1.580999992256693
53.485834724369425,0.9745491415585932,False,0.005851036630093805,False,False,True,58816.033555051545,0.9120936106261367,2019-11-28,False,,20,0.02419797348995134,combined,32833537.74207453,4.135672876408465,zet_Tuc,2-3,0.936291584116088,2,1.6290000530716497
53.485834724369425,0.9745491415585932,False,0.0037312092732223784,False,False,False,58816.033555051545,0.916875137680909,2019-11-28,False,,21,0.009276025527296006,combined,31893759.521763895,2.4860641277526003,zet_Tuc,2-3,0.926151163208205,3,1.6770000001997687
53.485834724369425,0.9745491415585932,False,0.007635783264797248,False,False,True,58816.033555051545,0.92128153051435,2019-11-28,False,,22,0.025497615570224563,combined,31006281.94639756,3.339227252268219,zet_Tuc,2-3,0.9467791460845746,4,1.7249999473278876
53.485834724369425,0.9745491415585932,False,0.00893883620160998,False,False,True,58816.033555051545,0.92535055668081,2019-11-28,False,,23,0.03054471653317581,combined,30166855.31795004,3.4170797902834797,zet_Tuc,2-3,0.9558952732139858,5,1.7730000081428443
101.0557201295658,0.9745491415585932,False,0.012452751587027822,False,False,False,58816.033555051545,0.6840298065921571,2019-11-28,False,,24,-0.02660403902317343,combined,65920232.97761232,-2.1363984367027102,zet_Tuc,2-4,0.6574257675689836,0,1.5330000451285741
101.0557201295658,0.9745491415585932,False,0.011212259290260134,False,False,False,58816.033555051545,0.7002257746578622,2019-11-28,False,,25,-0.033506822228873356,combined,63918861.87508486,-2.9884095044055985,zet_Tuc,2-4,0.6667189524289888,1,1.580999992256693
101.0557201295658,0.9745491415585932,False,0.011915045812458313,False,False,False,58816.033555051545,0.715287706454818,2019-11-28,False,,26,-0.016823356831174086,combined,62035430.83931439,-1.4119422699645574,zet_Tuc,2-4,0.6984643496236439,2,1.6290000530716497
101.0557201295658,0.9745491415585932,False,0.011896203419685133,False,False,False,58816.033555051545,0.729309608880695,2019-11-28,False,,27,-0.023112875711728265,combined,60259821.17920559,-1.942878319774059,zet_Tuc,2-4,0.7061967331689667,3,1.6770000001997687
101.0557201295658,0.9745491415585932,False,0.012516018640906755,False,False,False,58816.033555051545,0.7423774630225661,2019-11-28,False,,28,-0.02466861366380846,combined,58583027.950873986,-1.9709633208105608,zet_Tuc,2-4,0.7177088493587577,4,1.7249999473278876
101.0557201295658,0.9745491415585932,False,0.006063668113049397,False,False,False,58816.033555051545,0.7545696611789785,2019-11-28,False,,29,-0.003327088357156338,combined,56997021.80792325,-0.5486923583426728,zet_Tuc,2-4,0.7512425728218222,5,1.7730000081428443
83.0806232521734,0.9745491415585932,False,0.009351294401366821,False,False,False,58816.033555051545,0.7756754290663584,2019-11-28,False,,30,-0.01941594005241143,combined,54194795.046601154,-2.0762836906913678,zet_Tuc,3-4,0.756259489013947,0,1.5330000451285741
83.0806232521734,0.9745491415585932,False,0.005768868759644963,False,False,True,58816.033555051545,0.7877872735827104,2019-11-28,False,,31,-0.025838994729572518,combined,52549414.07911426,-4.4790401387399115,zet_Tuc,3-4,0.7619482788531379,1,1.580999992256693
83.0806232521734,0.9745491415585932,False,0.004250671280099162,False,False,True,58816.033555051545,0.7989814266397123,2019-11-28,False,,32,-0.020480301799023715,combined,51000994.80998555,-4.818133525146631,zet_Tuc,3-4,0.7785011248406886,2,1.6290000530716497
83.0806232521734,0.9745491415585932,False,0.00449625668476856,False,False,True,58816.033555051545,0.8093440100058141,2019-11-28,False,,33,-0.02527968890868737,combined,49541218.39133966,-5.62238561564432,zet_Tuc,3-4,0.7840643210971268,3,1.6770000001997687
83.0806232521734,0.9745491415585932,False,0.004726304883991353,False,False,True,58816.033555051545,0.8189519534757659,2019-11-28,False,,34,-0.022492476434786246,combined,48162681.61681367,-4.758998199835006,zet_Tuc,3-4,0.7964594770409796,4,1.7249999473278876
83.0806232521734,0.9745491415585932,False,0.0008615697235192186,False,False,True,58816.033555051545,0.8278739723801741,2019-11-28,False,,35,-0.03407544775663707,combined,46858783.344957486,-39.55042386755477,zet_Tuc,3-4,0.7937985246235371,5,1.7730000081428443
88.10811980569818,0.9745491415585932,False,0.01948584579599932,False,False,False,58816.04532345458,0.7509184908967441,2019-11-28,False,,36,-0.03440079654077022,combined,57474309.988235176,-1.7654248576591485,zet_Tuc,1-2,0.7165176943559739,0,1.5330000451285741
88.10811980569818,0.9745491415585932,False,0.018620444546868613,False,False,False,58816.04532345458,0.7641890717102611,2019-11-28,False,,37,-0.044496066850278626,combined,55729361.31386953,-2.389635045408274,zet_Tuc,1-2,0.7196930048599824,1,1.580999992256693
88.10811980569818,0.9745491415585932,False,0.01832412453022383,False,False,False,58816.04532345458,0.7764737191850563,2019-11-28,False,,38,-0.022679818250473938,combined,54087241.826395966,-1.2377026915018954,zet_Tuc,1-2,0.7537939009345823,2,1.6290000530716497
88.10811980569818,0.9745491415585932,False,0.018006197494755502,False,False,False,58816.04532345458,0.7878622914291951,2019-11-28,False,,39,-0.02984231764556622,combined,52539129.275612704,-1.657335906387682,zet_Tuc,1-2,0.7580199737836288,3,1.6770000001997687
88.10811980569818,0.9745491415585932,False,0.019833702842486096,False,False,False,58816.04532345458,0.7984354979444426,2019-11-28,False,,40,-0.012217949274536344,combined,51077172.4614729,-0.6160195789746369,zet_Tuc,1-2,0.7862175486699062,4,1.7249999473278876
88.10811980569818,0.9745491415585932,False,0.012567479528734847,False,False,False,58816.04532345458,0.808265778717852,2019-11-28,False,,41,-0.019308785993712996,combined,49694370.784571156,-1.536408788219191,zet_Tuc,1-2,0.788956992724139,5,1.7730000081428443
129.17805399264833,0.9745491415585932,True,0.018031282458413563,False,True,True,58816.04532345458,0.5305211384650602,2019-11-28,False,,42,-0.07959756398041018,combined,84264872.92230578,-4.414415012575504,zet_Tuc,1-3,0.45092357448465004,0,1.5330000451285741
129.17805399264833,0.9745491415585932,True,0.015239918152226972,False,True,True,58816.04532345458,0.5521260382305354,2019-11-28,False,,43,-0.07979733570659381,combined,81706549.41513424,-5.236073770838016,zet_Tuc,1-3,0.4723287025239416,1,1.580999992256693
129.17805399264833,0.9745491415585932,True,0.015622814179876885,False,True,True,58816.04532345458,0.5724760741798048,2019-11-28,False,,44,-0.06873496917014277,combined,79298986.97613277,-4.399653505363809,zet_Tuc,1-3,0.5037411050096621,2,1.6290000530716497
129.17805399264833,0.9745491415585932,True,0.01705518386685969,False,True,True,58816.04532345458,0.5916412600372414,2019-11-28,False,,45,-0.07565241202903727,combined,77029251.02997036,-4.435742975251013,zet_Tuc,1-3,0.5159888480082041,3,1.6770000001997687
129.17805399264833,0.9745491415585932,True,0.015514429091677336,False,True,True,58816.04532345458,0.6096913038503528,2019-11-28,False,,46,-0.07132623670991389,combined,74885830.688141,-4.597412917254984,zet_Tuc,1-3,0.5383650671404389,4,1.7249999473278876
129.17805399264833,0.9745491415585932,True,0.016716839693083612,False,True,True,58816.04532345458,0.6266942550269267,2019-11-28,False,,47,-0.06527569579493153,combined,72858462.15418682,-3.9047868492714297,zet_Tuc,1-3,0.5614185592319951,5,1.7730000081428443
115.10366605339317,0.9745491415585932,True,0.01656361464423088,False,True,True,58816.04532345458,0.6080258560969961,2019-11-28,False,,48,-0.07508454314799873,combined,75083928.67903621,-4.5331013043189055,zet_Tuc,1-4,0.5329413129489974,0,1.5330000451285741
115.10366605339317,0.9745491415585932,True,0.013643448064386735,False,True,True,58816.04532345458,0.6271469723618864,2019-11-28,False,,49,-0.07609550785779118,combined,72804343.21134695,-5.577439625135673,zet_Tuc,1-4,0.5510514645040953,1,1.580999992256693
115.10366605339317,0.9745491415585932,True,0.016336231235264367,False,True,True,58816.04532345458,0.6450339798380521,2019-11-28,False,,50,-0.07648584175610285,combined,70659092.88115318,-4.681975949936111,zet_Tuc,1-4,0.5685481380819493,2,1.6290000530716497
115.10366605339317,0.9745491415585932,True,0.014572222325904556,False,True,True,58816.04532345458,0.6617748969642372,2019-11-28,False,,51,-0.07842882572011212,combined,68636652.37905887,-5.3820772128003975,zet_Tuc,1-4,0.5833460712441251,3,1.6770000001997687
115.10366605339317,0.9745491415585932,True,0.013926790500635139,False,True,True,58816.04532345458,0.6774526958557249,2019-11-28,False,,52,-0.05481860421110896,combined,66726764.966975555,-3.9361979494564037,zet_Tuc,1-4,0.6226340916446159,4,1.7249999473278876
115.10366605339317,0.9745491415585932,False,0.013494766116449161,False,False,True,58816.04532345458,0.6921449643858771,2019-11-28,False,,53,-0.04938759094552159,combined,64920285.123946644,-3.659758940565974,zet_Tuc,1-4,0.6427573734403556,5,1.7730000081428443
52.801429723143,0.9745491415585932,False,0.009370151170026701,False,False,False,58816.04532345458,0.9036327978512927,2019-11-28,False,,54,0.012364161084504888,combined,34443201.67564933,1.3195263192823872,zet_Tuc,2-3,0.9159969589357976,0,1.5330000451285741
52.801429723143,0.9745491415585932,False,0.002502354348840579,False,False,False,58816.04532345458,0.9091679573278533,2019-11-28,False,,55,-0.002127639356826694,combined,33397488.919512972,-0.8502550239587361,zet_Tuc,2-3,0.9070403179710266,1,1.580999992256693
52.801429723143,0.9745491415585932,False,0.0006641280800359074,False,False,True,58816.04532345458,0.9142458165463335,2019-11-28,False,,56,0.015618773725686763,combined,32413399.6334625,23.517713217068465,zet_Tuc,2-3,0.9298645902720203,2,1.6290000530716497
52.801429723143,0.9745491415585932,False,7.128899069327354e-05,False,False,True,58816.04532345458,0.9189146926331381,2019-11-28,False,,57,0.0015623610546812161,combined,31485646.819828954,21.915881253016988,zet_Tuc,2-3,0.9204770536878193,3,1.6770000001997687
52.801429723143,0.9745491415585932,False,0.0013862832487016123,False,False,True,58816.04532345458,0.9232168086598572,2019-11-28,False,,58,0.03214524078178338,combined,30609525.411832675,23.18807560568195,zet_Tuc,2-3,0.9553620494416406,4,1.7249999473278876
52.801429723143,0.9745491415585932,False,0.003805345451839018,False,False,True,58816.04532345458,0.927189148757338,2019-11-28,False,,59,0.023522791428776113,combined,29780840.09060477,6.181512750020685,zet_Tuc,2-3,0.9507119401861142,5,1.7730000081428443
100.52768817991924,0.9745491415585932,False,0.00886354586155187,False,False,False,58816.04532345458,0.6868301978602376,2019-11-28,False,,60,-0.02246785901241921,combined,65575789.44590826,-2.5348612579396566,zet_Tuc,2-4,0.6643623388478184,0,1.5330000451285741
100.52768817991924,0.9745491415585932,False,0.007481335644057829,False,False,True,58816.04532345458,0.7029099899885666,2019-11-28,False,,61,-0.02972718433726651,combined,63584875.82054171,-3.973512986398064,zet_Tuc,2-4,0.6731828056513001,1,1.580999992256693
100.52768817991924,0.9745491415585932,False,0.016392720208272777,False,False,False,58816.04532345458,0.7178608513427237,2019-11-28,False,,62,-0.017486207929586328,combined,61711286.00662952,-1.0667056905394938,zet_Tuc,2-4,0.7003746434131374,2,1.6290000530716497
100.52768817991924,0.9745491415585932,False,0.01596221379894368,False,False,False,58816.04532345458,0.7317767907808563,2019-11-28,False,,63,-0.01655536122836887,combined,59944954.18482058,-1.0371594715430037,zet_Tuc,2-4,0.7152214295524875,3,1.6770000001997687
100.52768817991924,0.9745491415585932,False,0.01422975496037783,False,False,False,58816.04532345458,0.744743715500332,2019-11-28,False,,64,-0.01956947952155197,combined,58276922.46347121,-1.3752506333413599,zet_Tuc,2-4,0.7251742359787801,4,1.7249999473278876
100.52768817991924,0.9745491415585932,False,0.010594362436902259,False,False,False,58816.04532345458,0.7568398914077551,2019-11-28,False,,65,0.00537647053141832,combined,56699203.45077634,0.5074841042525609,zet_Tuc,2-4,0.7622163619391734,5,1.7730000081428443
83.7577560469183,0.9745491415585932,False,0.007215626866518033,False,False,False,58816.04532345458,0.7723875692626718,2019-11-28,False,,66,0.0005879291760968464,combined,54636499.40068558,0.08147998600439785,zet_Tuc,3-4,0.7729754984387687,0,1.5330000451285741
83.7577560469183,0.9745491415585932,False,0.009149392944206558,False,False,False,58816.04532345458,0.7846555585250627,2019-11-28,False,,67,-0.01709059276596181,combined,52977708.06903286,-1.8679482748397707,zet_Tuc,3-4,0.7675649657591009,1,1.580999992256693
83.7577560469183,0.9745491415585932,False,0.006991789331144752,False,False,False,58816.04532345458,0.7959963880699479,2019-11-28,False,,68,-0.013732896224336155,combined,51416668.7035917,-1.9641461683010542,zet_Tuc,3-4,0.7822634918456117,2,1.6290000530716497
83.7577560469183,0.9745491415585932,False,0.008775025551533725,False,False,False,58816.04532345458,0.8064967436992483,2019-11-28,False,,69,-0.010097681698837402,combined,49944994.655301645,-1.1507296063739094,zet_Tuc,3-4,0.7963990620004109,3,1.6770000001997687
83.7577560469183,0.9745491415585932,False,0.00825809173537893,False,False,False,58816.04532345458,0.816234113215736,2019-11-28,False,,70,-0.001307684643474305,combined,48555222.37937648,-0.1583519153549704,zet_Tuc,3-4,0.8149264285722617,4,1.7249999473278876
83.7577560469183,0.9745491415585932,False,0.003361762211202273,False,False,False,58816.04532345458,0.8252777530046227,2019-11-28,False,,71,0.0009433401181456746,combined,47240696.933020115,0.2806088173048701,zet_Tuc,3-4,0.8262210931227684,5,1.7730000081428443
88.1155571716227,1.0452724594704037,False,0.005999535097211888,False,False,False,58814.05035779866,0.750881297244784,2019-11-26,False,,72,0.011130023594891014,combined,57479161.49880633,1.8551476763696864,zet_Tuc,1-2,0.762011320839675,0,1.5330000451285741
88.1155571716227,1.0452724594704037,False,0.00739792332292116,False,False,False,58814.05035779866,0.7641535890675756,2019-11-26,False,,73,0.003361237068313372,combined,55734065.530163616,0.45434873025774297,zet_Tuc,1-2,0.767514826135889,1,1.580999992256693
88.1155571716227,1.0452724594704037,False,0.005913578247980486,False,False,False,58814.05035779866,0.7764398503618631,2019-11-26,False,,74,0.011187353012337087,combined,54091807.42841083,1.8918077250702854,zet_Tuc,1-2,0.7876272033742002,2,1.6290000530716497
88.1155571716227,1.0452724594704037,False,0.005773937181027472,False,False,False,58814.05035779866,0.787829943960788,2019-11-26,False,,75,0.005457020766407528,combined,52543564.19864409,0.9451125974038482,zet_Tuc,1-2,0.7932869647271955,3,1.6770000001997687
88.1155571716227,1.0452724594704037,False,0.005114312653658693,False,False,False,58814.05035779866,0.7984045843097234,2019-11-26,False,,76,0.010836274230944243,combined,51081483.97808253,2.11881340949935,zet_Tuc,1-2,0.8092408585406676,4,1.7249999473278876
88.1155571716227,1.0452724594704037,False,0.004756926153884352,False,False,False,58814.05035779866,0.8082362163823505,2019-11-26,False,,77,0.0014751194147561986,combined,49698565.57638749,0.31009928828759803,zet_Tuc,1-2,0.8097113357971067,5,1.7730000081428443
129.17686389365588,1.0452724594704037,True,0.009481616038738816,False,True,True,58814.05035779866,0.5305276868403965,2019-11-26,False,,78,0.0688514502477432,combined,84264096.60204653,7.261573340076042,zet_Tuc,1-3,0.5993791370881397,0,1.5330000451285741
129.17686389365588,1.0452724594704037,True,0.010511387849762376,False,True,True,58814.05035779866,0.5521324002781327,2019-11-26,False,,79,0.05692990536585241,combined,81705796.66434468,5.416021764161179,zet_Tuc,1-3,0.6090623056439851,1,1.580999992256693
129.17686389365588,1.0452724594704037,True,0.008740004417981676,False,True,True,58814.05035779866,0.5724822479626759,2019-11-26,False,,80,0.06201688590138166,combined,79298256.40587267,7.0957499487973,zet_Tuc,1-3,0.6344991338640575,2,1.6290000530716497
129.17686389365588,1.0452724594704037,True,0.009564000496655487,False,True,True,58814.05035779866,0.591647245649385,2019-11-26,False,,81,0.055644977263977546,combined,77028541.37046392,5.818169633453751,zet_Tuc,1-3,0.6472922229133625,3,1.6770000001997687
129.17686389365588,1.0452724594704037,True,0.009377932493234613,False,True,True,58814.05035779866,0.609697102950337,2019-11-26,False,,82,0.05008867487827651,combined,74885140.77566053,5.341121288131607,zet_Tuc,1-3,0.6597857778286135,4,1.7249999473278876
129.17686389365588,1.0452724594704037,False,0.007119653948667652,False,False,True,58814.05035779866,0.6266998704640332,2019-11-26,False,,83,0.04532690282576146,combined,72857790.91956358,6.366447463959085,zet_Tuc,1-3,0.6720267732897947,5,1.7730000081428443
115.0814097858451,1.0452724594704037,True,0.011481298291431396,False,True,True,58814.05035779866,0.6081479343021965,2019-11-26,False,,84,0.077656230460461,combined,75069410.56625547,6.763715085986103,zet_Tuc,1-4,0.6858041647626575,0,1.5330000451285741
115.0814097858451,1.0452724594704037,True,0.009609010642211535,False,True,True,58814.05035779866,0.6272647215992125,2019-11-26,False,,85,0.06248938568754303,combined,72790265.87570049,6.503207043296703,zet_Tuc,1-4,0.6897541072867556,1,1.580999992256693
115.0814097858451,1.0452724594704037,True,0.008491999617496282,False,True,True,58814.05035779866,0.6451474995079137,2019-11-26,False,,86,0.05944234917596569,combined,70645430.34780575,6.999805917736397,zet_Tuc,1-4,0.7045898486838794,2,1.6290000530716497
115.0814097858451,1.0452724594704037,True,0.008132396195223601,False,True,True,58814.05035779866,0.6618843053168156,2019-11-26,False,,87,0.05336001050213035,combined,68623380.90169129,6.561413047420178,zet_Tuc,1-4,0.715244315818946,3,1.6770000001997687
115.0814097858451,1.0452724594704037,True,0.009011239942366392,False,True,True,58814.05035779866,0.6775581238248615,2019-11-26,False,,88,0.0694252421135031,combined,66713862.78249575,7.704294032511547,zet_Tuc,1-4,0.7469833659383646,4,1.7249999473278876
115.0814097858451,1.0452724594704037,True,0.005900641269961605,False,True,True,58814.05035779866,0.6922465508661663,2019-11-26,False,,89,0.06223458114234981,combined,64907732.23762636,10.547087730814512,zet_Tuc,1-4,0.7544811320085161,5,1.7730000081428443
52.7924791803739,1.0452724594704037,False,0.0029746143113202925,False,False,False,58814.05035779866,0.9036640966627317,2019-11-26,False,,90,-0.004899349217634796,combined,34437363.09606315,-1.6470536025425777,zet_Tuc,2-3,0.8987647474450969,0,1.5330000451285741
52.7924791803739,1.0452724594704037,False,0.0018276236470163086,False,False,True,58814.05035779866,0.9091975351685518,2019-11-26,False,,91,-0.025779561739855295,combined,33391827.602110736,-14.105508966215107,zet_Tuc,2-3,0.8834179734286965,1,1.580999992256693
52.7924791803739,1.0452724594704037,False,0.0004849187805842136,False,False,True,58814.05035779866,0.9142738070888581,2019-11-26,False,,92,-0.018237020817310157,combined,32407905.132248566,-37.6084027831193,zet_Tuc,2-3,0.8960367862715479,2,1.6290000530716497
52.7924791803739,1.0452724594704037,False,0.0012507407148866763,False,False,True,58814.05035779866,0.9189412165809474,2019-11-26,False,,93,-0.023424602704014585,combined,31480309.585023925,-18.72858413035429,zet_Tuc,2-3,0.8955166138769328,3,1.6770000001997687
52.7924791803739,1.0452724594704037,False,0.0012121069207805249,False,False,True,58814.05035779866,0.9232419751975026,2019-11-26,False,,94,-0.004312115596126431,combined,30604336.691228386,-3.557537311435929,zet_Tuc,2-3,0.9189298596013762,4,1.7249999473278876
52.7924791803739,1.0452724594704037,False,0.0005545211594605405,False,False,True,58814.05035779866,0.9272130568333493,2019-11-26,False,,95,-0.005633202479439103,combined,29775791.843155254,-10.15867903926209,zet_Tuc,2-3,0.9215798543539102,5,1.7730000081428443
100.5203802931311,1.0452724594704037,False,0.00972296511734976,False,False,False,58814.05035779866,0.6868689183153118,2019-11-26,False,,96,-0.01748559837506325,combined,65571022.3966108,-1.7983812719703958,zet_Tuc,2-4,0.6693833199402486,0,1.5330000451285741
100.5203802931311,1.0452724594704037,False,0.007906004814598303,False,False,True,58814.05035779866,0.7029471001069229,2019-11-26,False,,97,-0.033341277321481066,combined,63580253.501234986,-4.217209336872267,zet_Tuc,2-4,0.6696058227854418,1,1.580999992256693
100.5203802931311,1.0452724594704037,False,0.005655199864040688,False,False,True,58814.05035779866,0.7178964224030817,2019-11-26,False,,98,-0.02684387666519228,combined,61706799.88842813,-4.746760028037648,zet_Tuc,2-4,0.6910525457378894,2,1.6290000530716497
100.5203802931311,1.0452724594704037,False,0.006330243352670248,False,False,True,58814.05035779866,0.7318108939807974,2019-11-26,False,,99,-0.036625823661715184,combined,59940596.47057653,-5.785847655645898,zet_Tuc,2-4,0.6951850703190822,3,1.6770000001997687
100.5203802931311,1.0452724594704037,False,0.0041742350430933346,False,False,True,58814.05035779866,0.7447764209248977,2019-11-26,False,,100,-0.04841506549807073,combined,58272686.00723279,-11.598547996998402,zet_Tuc,2-4,0.696361355426827,4,1.7249999473278876
100.5203802931311,1.0452724594704037,False,0.003718283137966563,False,False,True,58814.05035779866,0.7568712673180621,2019-11-26,False,,101,-0.03169351850684443,combined,56695081.68723738,-8.523696913564477,zet_Tuc,2-4,0.7251777488112177,5,1.7730000081428443
83.7658282529369,1.0452724594704037,False,0.006876350528244229,False,False,False,58814.05035779866,0.7723482835462804,2019-11-26,False,,102,0.014709781176287517,combined,54641765.02741811,2.139184312356955,zet_Tuc,3-4,0.7870580647225679,0,1.5330000451285741
83.7658282529369,1.0452724594704037,False,0.0008786697664972529,False,False,True,58814.05035779866,0.7846181344017366,2019-11-26,False,,103,0.006198071401169458,combined,52982813.82871543,7.053925874652062,zet_Tuc,3-4,0.790816205802906,1,1.580999992256693
83.7658282529369,1.0452724594704037,False,0.0004694083486983933,False,False,True,58814.05035779866,0.7959607131514461,2019-11-26,False,,104,0.014666141390373144,combined,51421624.01713105,31.243886971845296,zet_Tuc,3-4,0.8106268545418193,2,1.6290000530716497
83.7658282529369,1.0452724594704037,False,0.0001488752626890259,False,False,True,58814.05035779866,0.8064627122115119,2019-11-26,False,,105,0.013019383351135394,combined,49949808.13533601,87.45162302974796,zet_Tuc,3-4,0.8194820955626473,3,1.6770000001997687
83.7658282529369,1.0452724594704037,False,0.00021958193552538022,False,False,True,58814.05035779866,0.8162016259487905,2019-11-26,False,,106,0.011425583836136566,combined,48559901.919240296,52.03335059780429,zet_Tuc,3-4,0.8276272097849271,4,1.7249999473278876
83.7658282529369,1.0452724594704037,False,0.003543592201730211,False,False,False,58814.05035779866,0.8252467171278982,2019-11-26,False,,107,0.00812641734544195,combined,47245249.78467354,2.2932710319980125,zet_Tuc,3-4,0.8333731344733402,5,1.7730000081428443
88.64017181400688,1.0452724594704037,False,0.005516342517232909,False,False,False,58814.062186604584,0.7482537055619439,2019-11-26,False,,108,0.008688783136217793,combined,57821375.86732592,1.5750985565298496,zet_Tuc,1-2,0.7569424886981617,0,1.5330000451285741
88.64017181400688,1.0452724594704037,False,0.005378107984068007,False,False,False,58814.062186604584,0.7616466441720121,2019-11-26,False,,109,-0.0028934956542616685,combined,56065890.100026734,-0.5380136774555845,zet_Tuc,1-2,0.7587531485177504,1,1.580999992256693
88.64017181400688,1.0452724594704037,False,0.005167625190997621,False,False,False,58814.062186604584,0.7740467270288138,2019-11-26,False,,110,0.005952301505499857,combined,54413854.46665061,1.1518446647154674,zet_Tuc,1-2,0.7799990285343137,2,1.6290000530716497
88.64017181400688,1.0452724594704037,False,0.004019617859984175,False,False,False,58814.062186604584,0.7855441440100353,2019-11-26,False,,111,0.003753084875774859,combined,52856393.4427238,0.9336919594116927,zet_Tuc,1-2,0.7892972288858101,3,1.6770000001997687
88.64017181400688,1.0452724594704037,False,0.004945999642839279,False,False,False,58814.062186604584,0.7962199532027195,2019-11-26,False,,112,0.005964801882708204,combined,51385608.41773647,1.2059851017870427,zet_Tuc,1-2,0.8021847550854277,4,1.7249999473278876
88.64017181400688,1.0452724594704037,False,0.0049715110891253725,False,False,False,58814.062186604584,0.8061469472135988,2019-11-26,False,,113,-0.0020700531680588607,combined,49994456.51827964,-0.4163830937814605,zet_Tuc,1-2,0.80407689404554,5,1.7730000081428443
128.99934927748473,1.0452724594704037,True,0.01118902328434453,False,True,True,58814.062186604584,0.5315045062914773,2019-11-26,False,,114,0.05672472222227487,combined,84148301.03065355,5.0696759476444235,zet_Tuc,1-3,0.5882292285137521,0,1.5330000451285741
128.99934927748473,1.0452724594704037,False,0.011471045310158034,False,False,True,58814.062186604584,0.5530813783047247,2019-11-26,False,,115,0.041639545400858125,combined,81593516.70416722,3.6299695690317577,zet_Tuc,1-3,0.5947209237055828,1,1.580999992256693
128.99934927748473,1.0452724594704037,False,0.009569674409862713,False,False,True,58814.062186604584,0.5734031028423092,2019-11-26,False,,116,0.04503761418305552,combined,79189284.8832282,4.7062849010451995,zet_Tuc,1-3,0.6184407170253647,2,1.6290000530716497
128.99934927748473,1.0452724594704037,False,0.009626518559202301,False,False,True,58814.062186604584,0.5925399976572397,2019-11-26,False,,117,0.03712377474701123,combined,76922688.8861765,3.8564071235829496,zet_Tuc,1-3,0.629663772404251,3,1.6770000001997687
128.99934927748473,1.0452724594704037,False,0.009344953311386744,False,False,True,58814.062186604584,0.6105620049000295,2019-11-26,False,,118,0.03619681119681706,combined,74782233.74865098,3.8734073879974935,zet_Tuc,1-3,0.6467588160968466,4,1.7249999473278876
128.99934927748473,1.0452724594704037,False,0.008693267852801757,False,False,True,58814.062186604584,0.6275373520474476,2019-11-26,False,,119,0.02933363780190923,combined,72757669.87311356,3.374293568149436,zet_Tuc,1-3,0.6568709898493569,5,1.7730000081428443
113.25165838359555,1.0452724594704037,True,0.011222575750859394,False,True,True,58814.062186604584,0.6181719086667795,2019-11-26,False,,120,0.07573288592417893,combined,73875834.99653259,6.748262395856808,zet_Tuc,1-4,0.6939047945909584,0,1.5330000451285741
113.25165838359555,1.0452724594704037,True,0.009294977034478433,False,True,True,58814.062186604584,0.6369290189877945,2019-11-26,False,,121,0.059204885117361106,combined,71632927.85469405,6.3695569012972015,zet_Tuc,1-4,0.6961339041051556,1,1.580999992256693
113.25165838359555,1.0452724594704037,True,0.00798695729375664,False,True,True,58814.062186604584,0.6544609724618263,2019-11-26,False,,122,0.054371383320783395,combined,69522194.41002947,6.807521477958221,zet_Tuc,1-4,0.7088323557826097,2,1.6290000530716497
113.25165838359555,1.0452724594704037,False,0.006181061417338582,False,False,True,58814.062186604584,0.6708572523950154,2019-11-26,False,,123,0.04883984795069929,combined,67532294.79433793,7.901530926985767,zet_Tuc,1-4,0.7196971003457147,3,1.6770000001997687
113.25165838359555,1.0452724594704037,True,0.007051029366816811,False,True,True,58814.062186604584,0.6862017980077394,2019-11-26,False,,124,0.06459272974464436,combined,65653137.299527526,9.16075176890162,zet_Tuc,1-4,0.7507945277523838,4,1.7249999473278876
113.25165838359555,1.0452724594704037,True,0.0042181848564683926,False,True,True,58814.062186604584,0.700572784480933,2019-11-26,False,,125,0.06255892618074721,combined,63875723.55525408,14.830769231181504,zet_Tuc,1-4,0.7631317106616802,5,1.7730000081428443
52.05270208150836,1.0452724594704037,False,0.0009263676203382444,False,False,True,58814.062186604584,0.9062357446676863,2019-11-26,False,,126,-0.03423704965655694,combined,33954794.87878466,-36.958383372743505,zet_Tuc,2-3,0.8719986950111294,0,1.5330000451285741
52.05270208150836,1.0452724594704037,True,0.0007899287218321522,False,True,True,58814.062186604584,0.9116276035805138,2019-11-26,False,,127,-0.06304805466454255,combined,32923910.396235485,-79.81486547078522,zet_Tuc,2-3,0.8485795489159712,1,1.580999992256693
52.05270208150836,1.0452724594704037,True,3.513718094328596e-05,False,True,True,58814.062186604584,0.9165733128787942,2019-11-26,False,,128,-0.05554931395467411,combined,31953775.559035465,-1580.926883244699,zet_Tuc,2-3,0.8610239989241201,2,1.6290000530716497
52.05270208150836,1.0452724594704037,True,0.00026167988955115703,False,True,True,58814.062186604584,0.9211201050019544,2019-11-26,False,,129,-0.05122001909197549,combined,31039178.339479845,-195.73540473373765,zet_Tuc,2-3,0.8699000859099789,3,1.6770000001997687
52.05270208150836,1.0452724594704037,False,0.0009939849844335072,False,False,True,58814.062186604584,0.9253092401087694,2019-11-26,False,,130,-0.030255000398949905,combined,30175480.388936028,-30.438085959812422,zet_Tuc,2-3,0.8950542397098195,4,1.7249999473278876
52.05270208150836,1.0452724594704037,False,0.0010935915841541193,False,False,True,58814.062186604584,0.9291768470374103,2019-11-26,False,,131,-0.037669020454679125,combined,29358545.8784243,-34.44523622940614,zet_Tuc,2-3,0.8915078265827312,5,1.7730000081428443
99.88636755413032,1.0452724594704037,False,0.0073709691974888705,False,False,False,58814.062186604584,0.690224336011447,2019-11-26,False,,132,-0.007914275094618173,combined,65157445.931942396,-1.0737088817728875,zet_Tuc,2-4,0.6823100609168288,0,1.5330000451285741
99.88636755413032,1.0452724594704037,False,0.005828385509203529,False,False,True,58814.062186604584,0.7061625576047011,2019-11-26,False,,133,-0.028949336740403897,combined,63179233.42400159,-4.96695640579889,zet_Tuc,2-4,0.6772132208642972,1,1.580999992256693
99.88636755413032,1.0452724594704037,False,0.005083453852064737,False,False,True,58814.062186604584,0.7209781674538478,2019-11-26,False,,134,-0.02494517248422856,combined,61317596.25531266,-4.907130704864494,zet_Tuc,2-4,0.6960329949696192,2,1.6290000530716497
99.88636755413032,1.0452724594704037,False,0.005018393504761073,False,False,True,58814.062186604584,0.7347651560966836,2019-11-26,False,,135,-0.03472156616045341,combined,59562532.82184352,-6.918860812232483,zet_Tuc,2-4,0.7000435899362302,3,1.6770000001997687
99.88636755413032,1.0452724594704037,False,0.004827973364913495,False,False,True,58814.062186604584,0.7476093238024636,2019-11-26,False,,136,-0.04944099106429167,combined,57905142.37919796,-10.240526889314669,zet_Tuc,2-4,0.6981683327381719,4,1.7249999473278876
99.88636755413032,1.0452724594704037,False,0.004505458387569728,False,False,True,58814.062186604584,0.7595887687008145,2019-11-26,False,,137,-0.03427741124804795,combined,56337488.49147373,-7.607974216922552,zet_Tuc,2-4,0.7253113574527665,5,1.7730000081428443
84.34600018561623,1.0452724594704037,False,0.002942951482525541,False,False,True,58814.062186604584,0.769519175586044,2019-11-26,False,,138,-0.01135776914216824,combined,55020220.288735904,-3.859312397641496,zet_Tuc,3-4,0.7581614064438758,0,1.5330000451285741
84.34600018561623,1.0452724594704037,False,0.0032072053845212437,False,False,True,58814.062186604584,0.7819228289442359,2019-11-26,False,,139,-0.01804480372315731,combined,53349778.99982286,-5.626332448257271,zet_Tuc,3-4,0.7638780252210786,1,1.580999992256693
84.34600018561623,1.0452724594704037,False,0.005075319308474543,False,False,False,58814.062186604584,0.7933911630753112,2019-11-26,False,,140,-0.00800161185575432,combined,51777776.20483992,-1.5765730921389682,zet_Tuc,3-4,0.7853895512195569,2,1.6290000530716497
84.34600018561623,1.0452724594704037,False,0.005045833762324481,False,False,False,58814.062186604584,0.8040113389222753,2019-11-26,False,,141,0.0007741334294728563,combined,50295766.35394676,0.15342031979988055,zet_Tuc,3-4,0.8047854723517481,3,1.6770000001997687
84.34600018561623,1.0452724594704037,False,0.005899214064383489,False,False,False,58814.062186604584,0.8138613171298389,2019-11-26,False,,142,0.0017607950412678042,combined,48896233.48468646,0.2984795977990706,zet_Tuc,3-4,0.8156221121711067,4,1.7249999473278876
84.34600018561623,1.0452724594704037,False,0.005722415290656527,False,False,False,58814.062186604584,0.8230108145507482,2019-11-26,False,,143,0.013051216865313298,combined,47572475.91553354,2.280718228651305,zet_Tuc,3-4,0.8360620314160615,5,1.7730000081428443
