baseline_m,c_scale,candidate_remove,e_vis2_corrected,highlighted,large_raw_residual,large_sigma_residual,mjd,model_vis2,night,oifits_flag,period,point_id,raw_residual,sequence,spatial_frequency_rad_inv,standardized_residual,star,telescope_pair,vis2_corrected,wavelength_index,wavelength_um
84.81497568130371,1.0668996624967173,False,0.0,False,False,False,59672.29660065899,0.7989283927955075,2022-04-02,False,105,0,-0.0010410969771977863,bright,55326140.36824128,,HD124850,1-2,0.7978872958183097,0,1.5330000451285741
84.81497568130371,1.0668996624967173,False,0.0,False,False,False,59672.29660065899,0.8099171407726349,2022-04-02,False,105,1,-0.0020928871135039717,bright,53646411.19336137,,HD124850,1-2,0.8078242536591309,1,1.580999992256693
84.81497568130371,1.0668996624967173,False,0.0,False,False,False,59672.29660065899,0.8200585587021497,2022-04-02,False,105,2,0.004003003130313543,bright,52065667.8441331,,HD124850,1-2,0.8240615618324633,2,1.6290000530716497
84.81497568130371,1.0668996624967173,False,0.0,False,False,False,59672.29660065899,0.8294342049202502,2022-04-02,False,105,3,-0.0032813606363190084,bright,50575417.81228403,,HD124850,1-2,0.8261528442839312,3,1.6770000001997687
84.81497568130371,1.0668996624967173,False,0.0,False,False,False,59672.29660065899,0.8381165895007971,2022-04-02,False,105,4,0.011049995572102289,bright,49168103.345560335,,HD124850,1-2,0.8491665850728994,4,1.7249999473278876
84.81497568130371,1.0668996624967173,False,0.0,False,False,False,59672.29660065899,0.846170210352306,2022-04-02,False,105,5,4.2899598394208205e-05,bright,47836985.50015487,,HD124850,1-2,0.8462131099507002,5,1.7730000081428443
125.01983806191933,1.0668996624967173,False,0.0,False,False,False,59672.29660065899,0.6071329307139471,2022-04-02,False,105,6,0.0019677890715670276,bright,81552403.38002326,,HD124850,1-3,0.6091007197855142,0,1.5330000451285741
125.01983806191933,1.0668996624967173,False,0.0,False,False,False,59672.29660065899,0.626287700545909,2022-04-02,False,105,7,-0.020122681491906103,bright,79076431.79900849,,HD124850,1-3,0.6061650190540029,1,1.580999992256693
125.01983806191933,1.0668996624967173,False,0.0,False,False,False,59672.29660065899,0.6442073115762741,2022-04-02,False,105,8,-0.012743350632016925,bright,76746368.31728849,,HD124850,1-3,0.6314639609442572,2,1.6290000530716497
125.01983806191933,1.0668996624967173,False,0.0,False,False,False,59672.29660065899,0.6609796912972491,2022-04-02,False,105,9,-0.01710000193775474,bright,74549694.72094612,,HD124850,1-3,0.6438796893594944,3,1.6770000001997687
125.01983806191933,1.0668996624967173,False,0.0,False,False,False,59672.29660065899,0.6766877593683788,2022-04-02,False,105,10,-0.014977958651031353,bright,72475270.65469271,,HD124850,1-3,0.6617098007173474,4,1.7249999473278876
125.01983806191933,1.0668996624967173,False,0.0,False,False,False,59672.29660065899,0.6914090799803894,2022-04-02,False,105,11,-0.015096752302202865,bright,70513162.7116422,,HD124850,1-3,0.6763123276781865,5,1.7730000081428443
132.30469300722874,1.0668996624967173,False,0.0,False,False,False,59672.29660065899,0.5701693029849998,2022-04-02,False,105,12,0.0012665857643434641,bright,86304428.64477034,,HD124850,1-4,0.5714358887493433,0,1.5330000451285741
132.30469300722874,1.0668996624967173,False,0.0,False,False,False,59672.29660065899,0.5905737541349583,2022-04-02,False,105,13,-0.012400157773004183,bright,83684183.2101335,,HD124850,1-4,0.5781735963619541,1,1.580999992256693
132.30469300722874,1.0668996624967173,False,0.0,False,False,False,59672.29660065899,0.6097228385359671,2022-04-02,False,105,14,-0.011185192008750122,bright,81218347.88019462,,HD124850,1-4,0.598537646527217,2,1.6290000530716497
132.30469300722874,1.0668996624967173,False,0.0,False,False,False,59672.29660065899,0.6276973417652872,2022-04-02,False,105,15,-0.008150748440687638,bright,78893675.00982006,,HD124850,1-4,0.6195465933245996,3,1.6770000001997687
132.30469300722874,1.0668996624967173,False,0.0,False,False,False,59672.29660065899,0.6445751107008952,2022-04-02,False,105,16,0.004285618248155654,bright,76698375.09976473,,HD124850,1-4,0.6488607289490509,4,1.7249999473278876
132.30469300722874,1.0668996624967173,False,0.0,False,False,False,59672.29660065899,0.6604302430799406,2022-04-02,False,105,17,0.00681864741301641,bright,74621935.92757694,,HD124850,1-4,0.667248890492957,5,1.7730000081428443
58.21757106274433,1.0668996624967173,False,0.0,False,False,False,59672.29660065899,0.900562235023627,2022-04-02,False,105,18,0.004045197311952076,bright,37976235.713588364,,HD124850,2-3,0.904607432335579,0,1.5330000451285741
58.21757106274433,1.0668996624967173,False,0.0,False,False,False,59672.29660065899,0.9062660949590224,2022-04-02,False,105,19,-0.004683654506244084,bright,36823258.28455289,,HD124850,2-3,0.9015824404527784,1,1.580999992256693
58.21757106274433,1.0668996624967173,False,0.0,False,False,False,59672.29660065899,0.9114995665255372,2022-04-02,False,105,20,-0.012543613824923416,bright,35738225.39352839,,HD124850,2-3,0.8989559527006138,2,1.6290000530716497
58.21757106274433,1.0668996624967173,False,0.0,False,False,False,59672.29660065899,0.9163122345141209,2022-04-02,False,105,21,-0.02236186195400336,bright,34715307.725586936,,HD124850,2-3,0.8939503725601176,3,1.6770000001997687
58.21757106274433,1.0668996624967173,False,0.0,False,False,False,59672.29660065899,0.9207474482814254,2022-04-02,False,105,22,0.001580155655426907,bright,33749317.58863314,,HD124850,2-3,0.9223276039368523,4,1.7249999473278876
58.21757106274433,1.0668996624967173,False,0.0,False,False,False,59672.29660065899,0.9248431930955324,2022-04-02,False,105,23,-0.015386416289931537,bright,32835629.3262092,,HD124850,2-3,0.9094567768056009,5,1.7730000081428443
127.094101478941,1.0668996624967173,False,0.0,False,False,False,59672.29660065899,0.5966282246035441,2022-04-02,False,105,24,-0.002596299567276583,bright,82905477.9762133,,HD124850,2-4,0.5940319250362676,0,1.5330000451285741
127.094101478941,1.0668996624967173,False,0.0,False,False,False,59672.29660065899,0.6161501299655987,2022-04-02,False,105,25,-0.009289799764172546,bright,80388426.37660548,,HD124850,2-4,0.6068603302014262,1,1.580999992256693
127.094101478941,1.0668996624967173,False,0.0,False,False,False,59672.29660065899,0.6344291999293491,2022-04-02,False,105,26,-0.004294898155623339,bright,78019703.70675667,,HD124850,2-4,0.6301343017737258,2,1.6290000530716497
127.094101478941,1.0668996624967173,False,0.0,False,False,False,59672.29660065899,0.6515516111685062,2022-04-02,False,105,27,-0.0015038680235068824,bright,75786584.05712654,,HD124850,2-4,0.6500477431449994,3,1.6770000001997687
127.094101478941,1.0668996624967173,False,0.0,False,False,False,59672.29660065899,0.667599081652285,2022-04-02,False,105,28,-0.008960641540236347,bright,73677742.23750918,,HD124850,2-4,0.6586384401120486,4,1.7249999473278876
127.094101478941,1.0668996624967173,False,0.0,False,False,False,59672.29660065899,0.6826483963466397,2022-04-02,False,105,29,0.008094825900082925,bright,71683080.03115445,,HD124850,2-4,0.6907432222467226,5,1.7730000081428443
96.68440288304677,1.0668996624967173,False,0.0,False,False,False,59672.29660065899,0.7457447402586466,2022-04-02,False,105,30,-0.007736894785665971,bright,63068754.10100706,,HD124850,3-4,0.7380078454729806,0,1.5330000451285741
96.68440288304677,1.0668996624967173,False,0.0,False,False,False,59672.29660065899,0.7592532636890456,2022-04-02,False,105,31,-0.00717467821167872,bright,61153955.317255296,,HD124850,3-4,0.7520785854773668,1,1.580999992256693
96.68440288304677,1.0668996624967173,False,0.0,False,False,False,59672.29660065899,0.77176234626664,2022-04-02,False,105,32,-0.002886652682945412,bright,59351994.92519244,,HD124850,3-4,0.7688756935836946,2,1.6290000530716497
96.68440288304677,1.0668996624967173,False,0.0,False,False,False,59672.29660065899,0.7833625012908627,2022-04-02,False,105,33,0.0009922718519563833,bright,57653191.932933494,,HD124850,3-4,0.7843547731428191,3,1.6770000001997687
96.68440288304677,1.0668996624967173,False,0.0,False,False,False,59672.29660065899,0.7941351242379733,2022-04-02,False,105,34,-0.0028095663817119254,bright,56048930.91899267,,HD124850,3-4,0.7913255578562614,4,1.7249999473278876
96.68440288304677,1.0668996624967173,False,0.0,False,False,False,59672.29660065899,0.8041533473624434,2022-04-02,False,105,35,-0.010875952212894724,bright,54531529.85843486,,HD124850,3-4,0.7932773951495486,5,1.7730000081428443
82.91657544533143,1.0668996624967173,False,0.0,False,False,False,59672.306741417655,0.8070504746093434,2022-04-02,False,105,36,0.006328673915481531,bright,54087784.086384125,,HD124850,1-2,0.813379148524825,0,1.5330000451285741
82.91657544533143,1.0668996624967173,False,0.0,False,False,False,59672.306741417655,0.8176388914592408,2022-04-02,False,105,37,0.010427846942719476,bright,52445652.02494258,,HD124850,1-2,0.8280667384019603,1,1.580999992256693
82.91657544533143,1.0668996624967173,False,0.0,False,False,False,59672.306741417655,0.8274060182816273,2022-04-02,False,105,38,0.006495301664167341,bright,50900290.205014765,,HD124850,1-2,0.8339013199457946,2,1.6290000530716497
82.91657544533143,1.0668996624967173,False,0.0,False,False,False,59672.306741417655,0.8364315703395154,2022-04-02,False,105,39,0.009060152407428412,bright,49443396.20480274,,HD124850,1-2,0.8454917227469438,3,1.6770000001997687
82.91657544533143,1.0668996624967173,False,0.0,False,False,False,59672.306741417655,0.844786309075666,2022-04-02,False,105,40,0.017939415142414705,bright,48067581.436030425,,HD124850,1-2,0.8627257242180807,4,1.7249999473278876
82.91657544533143,1.0668996624967173,False,0.0,False,False,False,59672.306741417655,0.8525330903924273,2022-04-02,False,105,41,0.011825684234396894,bright,46766257.79160805,,HD124850,1-2,0.8643587746268242,5,1.7730000081428443
122.69539608534835,1.0668996624967173,False,0.0,False,False,False,59672.306741417655,0.6188751755671756,2022-04-02,False,105,42,0.011395298358790384,bright,80036133.38123403,,HD124850,1-3,0.630270473925966,0,1.5330000451285741
122.69539608534835,1.0668996624967173,False,0.0,False,False,False,59672.306741417655,0.6376086406571714,2022-04-02,False,105,43,-0.0007064331594082152,bright,77606196.51250914,,HD124850,1-3,0.6369022074977632,1,1.580999992256693
122.69539608534835,1.0668996624967173,False,0.0,False,False,False,59672.306741417655,0.6551173098872164,2022-04-02,False,105,44,0.0037801506370904736,bright,75319454.93432818,,HD124850,1-3,0.6588974605243069,2,1.6290000530716497
122.69539608534835,1.0668996624967173,False,0.0,False,False,False,59672.306741417655,0.6714908062766389,2022-04-02,False,105,45,-0.0045889292629772704,bright,73163623.1787314,,HD124850,1-3,0.6669018770136617,3,1.6770000001997687
122.69539608534835,1.0668996624967173,False,0.0,False,False,False,59672.306741417655,0.6868131687690514,2022-04-02,False,105,46,-0.004953758118073193,bright,71127768.0184337,,HD124850,1-3,0.6818594106509782,4,1.7249999473278876
122.69539608534835,1.0668996624967173,False,0.0,False,False,False,59672.306741417655,0.701162641181576,2022-04-02,False,105,47,-0.00863879889023178,bright,69202140.73426175,,HD124850,1-3,0.6925238422913442,5,1.7730000081428443
132.41648636694455,1.0668996624967173,False,0.0,False,False,False,59672.306741417655,0.5696009745825844,2022-04-02,False,105,48,0.004055967478624911,bright,86377353.20864825,,HD124850,1-4,0.5736569420612093,0,1.5330000451285741
132.41648636694455,1.0668996624967173,False,0.0,False,False,False,59672.306741417655,0.5900237034135389,2022-04-02,False,105,49,-0.0002938924408636412,bright,83754893.74793448,,HD124850,1-4,0.5897298109726753,1,1.580999992256693
132.41648636694455,1.0668996624967173,False,0.0,False,False,False,59672.306741417655,0.6091909048473271,2022-04-02,False,105,50,0.0006937826636729261,bright,81286974.86366525,,HD124850,1-4,0.609884687511,2,1.6290000530716497
132.41648636694455,1.0668996624967173,False,0.0,False,False,False,59672.306741417655,0.6271832332342347,2022-04-02,False,105,51,0.004840267348649063,bright,78960337.71685793,,HD124850,1-4,0.6320235005828838,3,1.6770000001997687
132.41648636694455,1.0668996624967173,False,0.0,False,False,False,59672.306741417655,0.6440784389745897,2022-04-02,False,105,52,0.01852008193878185,bright,76763182.8465064,,HD124850,1-4,0.6625985209133716,4,1.7249999473278876
132.41648636694455,1.0668996624967173,False,0.0,False,False,False,59672.306741417655,0.6599505506088368,2022-04-02,False,105,53,0.022193832041248918,bright,74684989.14765726,,HD124850,1-4,0.6821443826500857,5,1.7730000081428443
58.06910656709127,1.0668996624967173,False,0.0,False,False,False,59672.306741417655,0.901046930023886,2022-04-02,False,105,54,0.027368382052791906,bright,37879389.99194286,,HD124850,2-3,0.9284153120766779,0,1.5330000451285741
58.06910656709127,1.0668996624967173,False,0.0,False,False,False,59672.306741417655,0.906724210892643,2022-04-02,False,105,55,0.018132995066732938,bright,36729352.84724726,,HD124850,2-3,0.9248572059593759,1,1.580999992256693
58.06910656709127,1.0668996624967173,False,0.0,False,False,False,59672.306741417655,0.9119331597035221,2022-04-02,False,105,56,0.008317356987016411,bright,35647086.97068235,,HD124850,2-3,0.9202505166905385,2,1.6290000530716497
58.06910656709127,1.0668996624967173,False,0.0,False,False,False,59672.306741417655,0.9167231628912761,2022-04-02,False,105,57,-0.006227693132103362,bright,34626777.913043484,,HD124850,2-3,0.9104954697591727,3,1.6770000001997687
58.06910656709127,1.0668996624967173,False,0.0,False,False,False,59672.306741417655,0.9211373934399636,2022-04-02,False,105,58,0.020503062642149295,bright,33663251.211713515,,HD124850,2-3,0.9416404560821129,4,1.7249999473278876
58.06910656709127,1.0668996624967173,False,0.0,False,False,False,59672.306741417655,0.9252136797346421,2022-04-02,False,105,59,0.014126479962907612,bright,32751893.006428484,,HD124850,2-3,0.9393401596975497,5,1.7730000081428443
127.60520385902626,1.0668996624967173,False,0.0,False,False,False,59672.306741417655,0.5940367263524121,2022-04-02,False,105,60,0.02747305876011885,bright,83238878.0838711,,HD124850,2-4,0.621509785112531,0,1.5330000451285741
127.60520385902626,1.0668996624967173,False,0.0,False,False,False,59672.306741417655,0.6136477625293675,2022-04-02,False,105,61,0.01937808892080073,bright,80711704.2909562,,HD124850,2-4,0.6330258514501682,1,1.580999992256693
127.60520385902626,1.0668996624967173,False,0.0,False,False,False,59672.306741417655,0.6320143033270462,2022-04-02,False,105,62,0.022265653598527835,bright,78333455.92494814,,HD124850,2-4,0.6542799569255741,2,1.6290000530716497
127.60520385902626,1.0668996624967173,False,0.0,False,False,False,59672.306741417655,0.6492220594749241,2022-04-02,False,105,63,0.018435405385237247,bright,76091355.8997171,,HD124850,2-4,0.6676574648601613,3,1.6770000001997687
127.60520385902626,1.0668996624967173,False,0.0,False,False,False,59672.306741417655,0.6653524232842984,2022-04-02,False,105,64,0.013525927294820161,bright,73974033.48138833,,HD124850,2-4,0.6788783505791186,4,1.7249999473278876
127.60520385902626,1.0668996624967173,False,0.0,False,False,False,59672.306741417655,0.6804819624802023,2022-04-02,False,105,65,0.026436375621176733,bright,71971349.8437534,,HD124850,2-4,0.706918338101379,5,1.7730000081428443
96.13381189241565,1.0668996624967173,False,0.0,False,False,False,59672.306741417655,0.7482947877014122,2022-04-02,False,105,66,-0.020458817072915414,bright,62709594.952655606,,HD124850,3-4,0.7278359706284968,0,1.5330000451285741
96.13381189241565,1.0668996624967173,False,0.0,False,False,False,59672.306741417655,0.7616866351625644,2022-04-02,False,105,67,-0.022688528579308254,bright,60805700.41951477,,HD124850,3-4,0.7389981065832562,1,1.580999992256693
96.13381189241565,1.0668996624967173,False,0.0,False,False,False,59672.306741417655,0.7740855923903315,2022-04-02,False,105,68,-0.017513407075632426,bright,59014001.69456428,,HD124850,3-4,0.756572185314699,2,1.6290000530716497
96.13381189241565,1.0668996624967173,False,0.0,False,False,False,59672.306741417655,0.7855818674339896,2022-04-02,False,105,69,-0.009388499477523071,bright,57324872.91649608,,HD124850,3-4,0.7761933679564665,3,1.6770000001997687
96.13381189241565,1.0668996624967173,False,0.0,False,False,False,59672.306741417655,0.7962565323254861,2022-04-02,False,105,70,-0.0045575212773470986,bright,55729747.726271994,,HD124850,3-4,0.791699011048139,4,1.7249999473278876
96.13381189241565,1.0668996624967173,False,0.0,False,False,False,59672.306741417655,0.8061823902883505,2022-04-02,False,105,71,0.007685940196353935,bright,54220987.845968746,,HD124850,3-4,0.8138683304847044,5,1.7730000081428443
83.70920441650537,1.1130377277053778,False,0.0,False,False,False,59669.31086126641,0.8079616129184091,2022-03-30,False,105,0,0.014627915729929275,faint,54604828.409828655,,HD124850,1-2,0.8225895286483383,0,1.5330000451285741
83.70920441650537,1.1130377277053778,False,0.0,False,False,False,59669.31086126641,0.8185048716455424,2022-03-30,False,105,1,0.012462704922677315,faint,52946998.62523101,,HD124850,1-2,0.8309675765682197,1,1.580999992256693
83.70920441650537,1.1130377277053778,False,0.0,False,False,False,59669.31086126641,0.828229807048575,2022-03-30,False,105,2,0.009775031290848113,faint,51386864.1432288,,HD124850,1-2,0.8380048383394231,2,1.6290000530716497
83.70920441650537,1.1130377277053778,False,0.0,False,False,False,59669.31086126641,0.8372159198306688,2022-03-30,False,105,3,0.00548398569906694,faint,49916043.176227614,,HD124850,1-2,0.8426999055297357,3,1.6770000001997687
83.70920441650537,1.1130377277053778,False,0.0,False,False,False,59669.31086126641,0.8455337688673508,2022-03-30,False,105,4,0.01622018689557514,faint,48527076.50581391,,HD124850,1-2,0.8617539557629259,4,1.7249999473278876
83.70920441650537,1.1130377277053778,False,0.0,False,False,False,59669.31086126641,0.8532460205884017,2022-03-30,False,105,5,0.004809857327119249,faint,47213313.04684417,,HD124850,1-2,0.858055877915521,5,1.7730000081428443
123.68983582492986,1.1130377277053778,False,0.0,False,False,False,59669.31086126641,0.6213657745325071,2022-03-30,False,105,6,0.013861145057407875,faint,80684822.03766398,,HD124850,1-3,0.635226919589915,0,1.5330000451285741
123.68983582492986,1.1130377277053778,False,0.0,False,False,False,59669.31086126641,0.6400084198958721,2022-03-30,False,105,7,0.0018366696097746882,faint,78235190.65827258,,HD124850,1-3,0.6418450895056468,1,1.580999992256693
123.68983582492986,1.1130377277053778,False,0.0,False,False,False,59669.31086126641,0.6574287068870918,2022-03-30,False,105,8,0.012942818669460232,faint,75929915.15973234,,HD124850,1-3,0.670371525556552,2,1.6290000530716497
123.68983582492986,1.1130377277053778,False,0.0,False,False,False,59669.31086126641,0.6737165827092043,2022-03-30,False,105,9,-0.002114762329814668,faint,73756610.50101109,,HD124850,1-3,0.6716018203793896,3,1.6770000001997687
123.68983582492986,1.1130377277053778,False,0.0,False,False,False,59669.31086126641,0.6889562934288954,2022-03-30,False,105,10,-0.003907107750251382,faint,71704254.84159097,,HD124850,1-3,0.685049185678644,4,1.7249999473278876
123.68983582492986,1.1130377277053778,False,0.0,False,False,False,59669.31086126641,0.703226201189982,2022-03-30,False,105,11,-0.0016810344715498804,faint,69763020.44944188,,HD124850,1-3,0.7015451667184321,5,1.7730000081428443
132.4097300941564,1.1130377277053778,False,0.0,False,False,False,59669.31086126641,0.5777337295342106,2022-03-30,False,105,12,0.012086349906646698,faint,86372945.9858242,,HD124850,1-4,0.5898200794408573,0,1.5330000451285741
132.4097300941564,1.1130377277053778,False,0.0,False,False,False,59669.31086126641,0.5978921513524466,2022-03-30,False,105,13,0.006206050838219679,faint,83750620.33059023,,HD124850,1-4,0.6040982021906662,1,1.580999992256693
132.4097300941564,1.1130377277053778,False,0.0,False,False,False,59669.31086126641,0.6167977826817953,2022-03-30,False,105,14,0.00849216237739392,faint,81282827.36669286,,HD124850,1-4,0.6252899450591892,2,1.6290000530716497
132.4097300941564,1.1130377277053778,False,0.0,False,False,False,59669.31086126641,0.6345330939053532,2022-03-30,False,105,15,0.004093197227265422,faint,78956308.93165378,,HD124850,1-4,0.6386262911326186,3,1.6770000001997687
132.4097300941564,1.1130377277053778,False,0.0,False,False,False,59669.31086126641,0.6511771625016262,2022-03-30,False,105,16,0.02351465088436655,faint,76759266.16650961,,HD124850,1-4,0.6746918133859927,4,1.7249999473278876
132.4097300941564,1.1130377277053778,False,0.0,False,False,False,59669.31086126641,0.6668049610557938,2022-03-30,False,105,17,0.026030523156904795,faint,74681178.50312419,,HD124850,1-4,0.6928354842126986,5,1.7730000081428443
58.1495299291508,1.1130377277053778,False,0.0,False,False,False,59669.31086126641,0.9030577818400043,2022-03-30,False,105,18,0.03053797376259626,faint,37931851.41379023,,HD124850,2-3,0.9335957556026006,0,1.5330000451285741
58.1495299291508,1.1130377277053778,False,0.0,False,False,False,59669.31086126641,0.9086246610864841,2022-03-30,False,105,19,0.015013574699249466,faint,36780221.514200725,,HD124850,2-3,0.9236382357857336,1,1.580999992256693
58.1495299291508,1.1130377277053778,False,0.0,False,False,False,59669.31086126641,0.9137317647086659,2022-03-30,False,105,20,0.0069197428602281175,faint,35696456.743205,,HD124850,2-3,0.920651507568894,2,1.6290000530716497
58.1495299291508,1.1130377277053778,False,0.0,False,False,False,59669.31086126641,0.9184276516313352,2022-03-30,False,105,21,0.0020040630755234767,faint,34674734.59882163,,HD124850,2-3,0.9204317147068587,3,1.6770000001997687
58.1495299291508,1.1130377277053778,False,0.0,False,False,False,59669.31086126641,0.922754759407584,2022-03-30,False,105,22,0.024904642344459882,faint,33709873.452012196,,HD124850,2-3,0.9476594017520439,4,1.7249999473278876
58.1495299291508,1.1130377277053778,False,0.0,False,False,False,59669.31086126641,0.9267502625445609,2022-03-30,False,105,23,0.015859550906160758,faint,32797253.05250303,,HD124850,2-3,0.9426098134507217,5,1.7730000081428443
127.3961910109355,1.1130377277053778,False,0.0,False,False,False,59669.31086126641,0.6028645947595561,2022-03-30,False,105,24,0.014275697027255063,faint,83102535.7212241,,HD124850,2-4,0.6171402917868112,0,1.5330000451285741
127.3961910109355,1.1130377277053778,False,0.0,False,False,False,59669.31086126641,0.6221696651886898,2022-03-30,False,105,25,0.015515916893776738,faint,80579501.35033986,,HD124850,2-4,0.6376855820824665,1,1.580999992256693
127.3961910109355,1.1130377277053778,False,0.0,False,False,False,59669.31086126641,0.6402362748709497,2022-03-30,False,105,26,0.00932565130080254,faint,78205148.4717368,,HD124850,2-4,0.6495619261717522,2,1.6290000530716497
127.3961910109355,1.1130377277053778,False,0.0,False,False,False,59669.31086126641,0.6571516665674189,2022-03-30,False,105,27,0.008668947449521403,faint,75966720.92770407,,HD124850,2-4,0.6658206140169403,3,1.6770000001997687
127.3961910109355,1.1130377277053778,False,0.0,False,False,False,59669.31086126641,0.6729982945349562,2022-03-30,False,105,28,0.0068082439551061524,faint,73852866.60923013,,HD124850,2-4,0.6798065384900623,4,1.7249999473278876
127.3961910109355,1.1130377277053778,False,0.0,False,False,False,59669.31086126641,0.687853425919259,2022-03-30,False,105,29,0.015592309928968762,faint,71853463.2971483,,HD124850,2-4,0.7034457358482278,5,1.7730000081428443
96.34830285332691,1.1130377277053778,False,0.0,False,False,False,59669.31086126641,0.7526538063119942,2022-03-30,False,105,30,-0.015959520384573378,faint,62849510.774310574,,HD124850,3-4,0.7366942859274208,0,1.5330000451285741
96.34830285332691,1.1130377277053778,False,0.0,False,False,False,59669.31086126641,0.7658452206109022,2022-03-30,False,105,31,-0.02399495662966089,faint,60941368.32714398,,HD124850,3-4,0.7418502639812413,1,1.580999992256693
96.34830285332691,1.1130377277053778,False,0.0,False,False,False,59669.31086126641,0.778055118142918,2022-03-30,False,105,32,-0.007130409869556931,faint,59145672.01618694,,HD124850,3-4,0.770924708273361,2,1.6290000530716497
96.34830285332691,1.1130377277053778,False,0.0,False,False,False,59669.31086126641,0.7893731560668011,2022-03-30,False,105,33,-0.01179466874487567,faint,57452774.50319001,,HD124850,3-4,0.7775784873219255,3,1.6770000001997687
96.34830285332691,1.1130377277053778,False,0.0,False,False,False,59669.31086126641,0.7998798294036865,2022-03-30,False,105,34,-0.006158773798528694,faint,55854090.31610425,,HD124850,3-4,0.7937210556051578,4,1.7249999473278876
96.34830285332691,1.1130377277053778,False,0.0,False,False,False,59669.31086126641,0.8096473589101059,2022-03-30,False,105,35,-0.009155282814818366,faint,54341964.13470319,,HD124850,3-4,0.8004920760952875,5,1.7730000081428443
81.38111560466045,1.1130377277053778,False,0.0,False,False,False,59669.32234665229,0.8176278969192022,2022-03-30,False,105,36,-0.004047553409925131,faint,53086179.52312907,,HD124850,1-2,0.8135803435092771,0,1.5330000451285741
81.38111560466045,1.1130377277053778,False,0.0,False,False,False,59669.32234665229,0.8276890084831016,2022-03-30,False,105,37,0.00035447560301105074,faint,51474456.67504299,,HD124850,1-2,0.8280434840861126,1,1.580999992256693
81.38111560466045,1.1130377277053778,False,0.0,False,False,False,59669.32234665229,0.836963832733616,2022-03-30,False,105,38,-0.007776180688917833,faint,49957712.064654544,,HD124850,1-2,0.8291876520446981,2,1.6290000530716497
81.38111560466045,1.1130377277053778,False,0.0,False,False,False,59669.32234665229,0.8455294973828357,2022-03-30,False,105,39,0.0010161494994755937,faint,48527797.01548367,,HD124850,1-2,0.8465456468823113,3,1.6770000001997687
81.38111560466045,1.1130377277053778,False,0.0,False,False,False,59669.32234665229,0.8534543329542489,2022-03-30,False,105,40,0.00952258901067693,faint,47177459.76208517,,HD124850,1-2,0.8629769219649258,4,1.7249999473278876
81.38111560466045,1.1130377277053778,False,0.0,False,False,False,59669.32234665229,0.8607989305417612,2022-03-30,False,105,41,-0.00028967720153727505,faint,45900234.19678623,,HD124850,1-2,0.8605092533402239,5,1.7730000081428443
120.6874101982229,1.1130377277053778,False,0.0,False,False,False,59669.32234665229,0.6362807977112619,2022-03-30,False,105,42,0.00030098236912667886,faint,78726292.65845895,,HD124850,1-3,0.6365817800803886,0,1.5330000451285741
120.6874101982229,1.1130377277053778,False,0.0,False,False,False,59669.32234665229,0.6543690765974627,2022-03-30,False,105,43,-0.0049197422761050325,faint,76336123.20639907,,HD124850,1-3,0.6494493343213577,1,1.580999992256693
120.6874101982229,1.1130377277053778,False,0.0,False,False,False,59669.32234665229,0.671251327757916,2022-03-30,False,105,44,-0.0031181616591835493,faint,74086805.56557024,,HD124850,1-3,0.6681331660987324,2,1.6290000530716497
120.6874101982229,1.1130377277053778,False,0.0,False,False,False,59669.32234665229,0.6870191806137627,2022-03-30,False,105,45,-0.015122853957153737,faint,71966255.32727866,,HD124850,1-3,0.6718963266566089,3,1.6770000001997687
120.6874101982229,1.1130377277053778,False,0.0,False,False,False,59669.32234665229,0.7017579007732871,2022-03-30,False,105,46,-0.01957957023949719,faint,69963718.19325201,,HD124850,1-3,0.68217833053379,4,1.7249999473278876
120.6874101982229,1.1130377277053778,False,0.0,False,False,False,59669.32234665229,0.7155463711031821,2022-03-30,False,105,47,-0.02094909532049516,faint,68069604.98812336,,HD124850,1-3,0.6945972757826869,5,1.7730000081428443
132.29689060445423,1.1130377277053778,False,0.0,False,False,False,59669.32234665229,0.578300188913104,2022-03-30,False,105,48,0.003293839053749359,faint,86299339.01493028,,HD124850,1-4,0.5815940279668533,0,1.5330000451285741
132.29689060445423,1.1130377277053778,False,0.0,False,False,False,59669.32234665229,0.598439981918554,2022-03-30,False,105,49,0.0002624302612892482,faint,83679248.1039901,,HD124850,1-4,0.5987024121798432,1,1.580999992256693
132.29689060445423,1.1130377277053778,False,0.0,False,False,False,59669.32234665229,0.6173272100335958,2022-03-30,False,105,50,-0.0017128114240402281,faint,81213558.19172297,,HD124850,1-4,0.6156143986095556,2,1.6290000530716497
132.29689060445423,1.1130377277053778,False,0.0,False,False,False,59669.32234665229,0.6350444651799526,2022-03-30,False,105,51,-0.0021710582119875976,faint,78889022.41424847,,HD124850,1-4,0.632873406967965,3,1.6770000001997687
132.29689060445423,1.1130377277053778,False,0.0,False,False,False,59669.32234665229,0.6516709129873611,2022-03-30,False,105,52,0.01203472398897043,faint,76693851.96758343,,HD124850,1-4,0.6637056369763316,4,1.7249999473278876
132.29689060445423,1.1130377277053778,False,0.0,False,False,False,59669.32234665229,0.6672815881047316,2022-03-30,False,105,53,0.023562172832522266,faint,74617535.24921335,,HD124850,1-4,0.6908437609372539,5,1.7730000081428443
57.85201711509198,1.1130377277053778,False,0.0,False,False,False,59669.32234665229,0.9040059108086399,2022-03-30,False,105,54,0.02560843375232591,faint,37737779.1337507,,HD124850,2-3,0.9296143445609658,0,1.5330000451285741
57.85201711509198,1.1130377277053778,False,0.0,False,False,False,59669.32234665229,0.9095206606666214,2022-03-30,False,105,55,0.009581526222449566,faint,36592041.36523428,,HD124850,2-3,0.919102186889071,1,1.580999992256693
57.85201711509198,1.1130377277053778,False,0.0,False,False,False,59669.32234665229,0.9145796835120245,2022-03-30,False,105,56,0.0005237983587289552,faint,35513821.50418348,,HD124850,2-3,0.9151034818707534,2,1.6290000530716497
57.85201711509198,1.1130377277053778,False,0.0,False,False,False,59669.32234665229,0.9192311455282884,2022-03-30,False,105,57,0.0016640335845186094,faint,34497326.838521466,,HD124850,2-3,0.920895179112807,3,1.6770000001997687
57.85201711509198,1.1130377277053778,False,0.0,False,False,False,59669.32234665229,0.9235171354326718,2022-03-30,False,105,58,0.016450137496485717,faint,33537402.25019003,,HD124850,2-3,0.9399672729291575,4,1.7249999473278876
57.85201711509198,1.1130377277053778,False,0.0,False,False,False,59669.32234665229,0.9274745177388104,2022-03-30,False,105,59,0.022897005842448137,faint,32629451.127690606,,HD124850,2-3,0.9503715235812585,5,1.7730000081428443
127.99439098556651,1.1130377277053778,False,0.0,False,False,False,59669.32234665229,0.5998712181449593,2022-03-30,False,105,60,0.010514511911750235,faint,83492750.9573762,,HD124850,2-4,0.6103857300567095,0,1.5330000451285741
127.99439098556651,1.1130377277053778,False,0.0,False,False,False,59669.32234665229,0.6192807782889502,2022-03-30,False,105,61,0.011650324556152558,faint,80957869.45758896,,HD124850,2-4,0.6309311028451028,1,1.580999992256693
127.99439098556651,1.1130377277053778,False,0.0,False,False,False,59669.32234665229,0.6374497110718685,2022-03-30,False,105,62,0.008856466518767703,faint,78572367.59705423,,HD124850,2-4,0.6463061775906362,2,1.6290000530716497
127.99439098556651,1.1130377277053778,False,0.0,False,False,False,59669.32234665229,0.6544647572767098,2022-03-30,False,105,63,0.00927982921136894,faint,76323429.32040517,,HD124850,2-4,0.6637445864880788,3,1.6770000001997687
127.99439098556651,1.1130377277053778,False,0.0,False,False,False,59669.32234665229,0.6704080261027568,2022-03-30,False,105,64,0.007682682472552771,faint,74199649.21380799,,HD124850,2-4,0.6780907085753096,4,1.7249999473278876
127.99439098556651,1.1130377277053778,False,0.0,False,False,False,59669.32234665229,0.6853565604059264,2022-03-30,False,105,65,0.01626477541000637,faint,72190857.52832916,,HD124850,2-4,0.7016213358159328,5,1.7730000081428443
95.77077073788716,1.1130377277053778,False,0.0,False,False,False,59669.32234665229,0.7552752531791278,2022-03-30,False,105,66,-0.01992352986840873,faint,62472777.507227525,,HD124850,3-4,0.7353517233107191,0,1.5330000451285741
95.77077073788716,1.1130377277053778,False,0.0,False,False,False,59669.32234665229,0.7683455322065044,2022-03-30,False,105,67,-0.02771046697869728,faint,60576072.869668745,,HD124850,3-4,0.7406350652278071,1,1.580999992256693
95.77077073788716,1.1130377277053778,False,0.0,False,False,False,59669.32234665229,0.7804412408432592,2022-03-30,False,105,68,-0.012997792146168141,faint,58791140.3423845,,HD124850,3-4,0.767443448697091,2,1.6290000530716497
95.77077073788716,1.1130377277053778,False,0.0,False,False,False,59669.32234665229,0.7916516872882999,2022-03-30,False,105,69,-0.014950788744381716,faint,57108390.41531228,,HD124850,3-4,0.7767008985439182,3,1.6770000001997687
95.77077073788716,1.1130377277053778,False,0.0,False,False,False,59669.32234665229,0.8020570049262687,2022-03-30,False,105,70,-0.004032582971554288,faint,55519289.07953936,,HD124850,3-4,0.7980244219547145,4,1.7249999473278876
95.77077073788716,1.1130377277053778,False,0.0,False,False,False,59669.32234665229,0.8117290520855607,2022-03-30,False,105,71,0.002640487240154865,faint,54016226.90244864,,HD124850,3-4,0.8143695393257155,5,1.7730000081428443
86.34643636067705,1.0770682548024941,False,0.0,False,False,False,59669.34109275001,0.8109657517242449,2022-03-30,False,105,0,-0.0008167500148711371,bright,56325136.215788625,,HD141004,1-2,0.8101490017093738,0,1.5330000451285741
86.34643636067705,1.0770682548024941,False,0.0,False,False,False,59669.34109275001,0.821360157165582,2022-03-30,False,105,1,-0.0035345187689975743,bright,54615077.029461324,,HD141004,1-2,0.8178256383965844,1,1.580999992256693
86.34643636067705,1.0770682548024941,False,0.0,False,False,False,59669.34109275001,0.830946013754923,2022-03-30,False,105,2,0.0024489655073833827,bright,53005791.00526229,,HD141004,1-2,0.8333949792623064,2,1.6290000530716497
86.34643636067705,1.0770682548024941,False,0.0,False,False,False,59669.34109275001,0.8398021159900201,2022-03-30,False,105,3,-0.0032731365129605727,bright,51488632.290036514,,HD141004,1-2,0.8365289794770595,3,1.6770000001997687
86.34643636067705,1.0770682548024941,False,0.0,False,False,False,59669.34109275001,0.847998355862183,2022-03-30,False,105,4,-0.00033650187865641445,bright,50055906.66505936,,HD141004,1-2,0.8476618539835266,4,1.7249999473278876
86.34643636067705,1.0770682548024941,False,0.0,False,False,False,59669.34109275001,0.8555967759133656,2022-03-30,False,105,5,-0.010932740946423825,bright,48700753.50485865,,HD141004,1-2,0.8446640349669418,5,1.7730000081428443
128.56640746444947,1.0770682548024941,False,0.0,False,False,False,59669.34109275001,0.6219513954533789,2022-03-30,False,105,6,-0.0068420466407992375,bright,83865886.2881289,,HD141004,1-3,0.6151093488125796,0,1.5330000451285741
128.56640746444947,1.0770682548024941,False,0.0,False,False,False,59669.34109275001,0.6405742885090314,2022-03-30,False,105,7,-0.008237381653010911,bright,81319676.21387266,,HD141004,1-3,0.6323369068560205,1,1.580999992256693
128.56640746444947,1.0770682548024941,False,0.0,False,False,False,59669.34109275001,0.6579751333886164,2022-03-30,False,105,8,0.0023268755473430103,bright,78923513.36761719,,HD141004,1-3,0.6603020089359594,2,1.6290000530716497
128.56640746444947,1.0770682548024941,False,0.0,False,False,False,59669.34109275001,0.6742439923599768,2022-03-30,False,105,9,-0.00866015594368752,bright,76664524.41808844,,HD141004,1-3,0.6655838364162893,3,1.6770000001997687
128.56640746444947,1.0770682548024941,False,0.0,False,False,False,59669.34109275001,0.6894651934072047,2022-03-30,False,105,10,-0.00832528034799207,bright,74531252.97980754,,HD141004,1-3,0.6811399130592126,4,1.7249999473278876
128.56640746444947,1.0770682548024941,False,0.0,False,False,False,59669.34109275001,0.7037171548455129,2022-03-30,False,105,11,-0.009839476512429224,bright,72513483.85447459,,HD141004,1-3,0.6938776783330837,5,1.7730000081428443
125.78393876122266,1.0770682548024941,False,0.0,False,False,False,59669.34109275001,0.6352391815781225,2022-03-30,False,105,12,0.000702262254028363,bright,82050838.2637869,,HD141004,1-4,0.6359414438321509,0,1.5330000451285741
125.78393876122266,1.0770682548024941,False,0.0,False,False,False,59669.34109275001,0.6533683061797576,2022-03-30,False,105,13,-0.010255188162330509,bright,79559733.95147255,,HD141004,1-4,0.6431131180174271,1,1.580999992256693
125.78393876122266,1.0770682548024941,False,0.0,False,False,False,59669.34109275001,0.6702899094749997,2022-03-30,False,105,14,-0.008188554511667667,bright,77215429.50477129,,HD141004,1-4,0.662101354963332,2,1.6290000530716497
125.78393876122266,1.0770682548024941,False,0.0,False,False,False,59669.34109275001,0.6860955563524583,2022-03-30,False,105,15,-0.011332305302631296,bright,75005330.20050026,,HD141004,1-4,0.674763251049827,3,1.6770000001997687
125.78393876122266,1.0770682548024941,False,0.0,False,False,False,59669.34109275001,0.7008704863076302,2022-03-30,False,105,16,0.00031369877487574804,bright,72918227.59535056,,HD141004,1-4,0.7011841850825059,4,1.7249999473278876
125.78393876122266,1.0770682548024941,False,0.0,False,False,False,59669.34109275001,0.7146935841818544,2022-03-30,False,105,17,0.0018554319926015195,bright,70944127.57108611,,HD141004,1-4,0.7165490161744559,5,1.7730000081428443
56.5201377502072,1.0770682548024941,False,0.0,False,False,False,59669.34109275001,0.9149421742281758,2022-03-30,False,105,18,0.008588345071016579,bright,36868973.31139139,,HD141004,2-3,0.9235305192991924,0,1.5330000451285741
56.5201377502072,1.0770682548024941,False,0.0,False,False,False,59669.34109275001,0.9198522864574951,2022-03-30,False,105,19,-0.002060466731203636,bright,35749612.92032095,,HD141004,2-3,0.9177918197262914,1,1.580999992256693
56.5201377502072,1.0770682548024941,False,0.0,False,False,False,59669.34109275001,0.9243540112116754,2022-03-30,False,105,20,0.008599211445080801,bright,34696216.0275149,,HD141004,2-3,0.9329532226567562,2,1.6290000530716497
56.5201377502072,1.0770682548024941,False,0.0,False,False,False,59669.34109275001,0.9284908686136708,2022-03-30,False,105,21,-0.012836442130700232,bright,33703123.28173785,,HD141004,2-3,0.9156544264829706,3,1.6770000001997687
56.5201377502072,1.0770682548024941,False,0.0,False,False,False,59669.34109275001,0.9323008299423294,2022-03-30,False,105,22,0.007500484055152246,bright,32765298.24697082,,HD141004,2-3,0.9398013139974817,4,1.7249999473278876
56.5201377502072,1.0770682548024941,False,0.0,False,False,False,59669.34109275001,0.9358171079412956,2022-03-30,False,105,23,-0.002625961381183761,bright,31878250.13571775,,HD141004,2-3,0.9331911465601118,5,1.7730000081428443
113.29777932037877,1.0770682548024941,False,0.0,False,False,False,59669.34109275001,0.6938979479212382,2022-03-30,False,105,24,0.013271838279797943,bright,73905920.40776905,,HD141004,2-4,0.7071697862010361,0,1.5330000451285741
113.29777932037877,1.0770682548024941,False,0.0,False,False,False,59669.34109275001,0.7096842690762022,2022-03-30,False,105,25,-0.004558381492908659,bright,71662099.85786237,,HD141004,2-4,0.7051258875832935,1,1.580999992256693
113.29777932037877,1.0770682548024941,False,0.0,False,False,False,59669.34109275001,0.7243545894938184,2022-03-30,False,105,26,-0.006451768663299995,bright,69550506.83193286,,HD141004,2-4,0.7179028208305184,2,1.6290000530716497
113.29777932037877,1.0770682548024941,False,0.0,False,False,False,59669.34109275001,0.7380029159616212,2022-03-30,False,105,27,-0.015217093786427882,bright,67559796.84369853,,HD141004,2-4,0.7227858221751933,3,1.6770000001997687
113.29777932037877,1.0770682548024941,False,0.0,False,False,False,59669.34109275001,0.7507149633064027,2022-03-30,False,105,28,-0.016892537890496273,bright,65679874.07529071,,HD141004,2-4,0.7338224254159065,4,1.7249999473278876
113.29777932037877,1.0770682548024941,False,0.0,False,False,False,59669.34109275001,0.7625686735021655,2022-03-30,False,105,29,-0.008516751634776276,bright,63901736.49184257,,HD141004,2-4,0.7540519218673892,5,1.7730000081428443
88.54699683176779,1.0770682548024941,False,0.0,False,False,False,59669.34109275001,0.8020813734364561,2022-03-30,False,105,30,-0.024308793124088957,bright,57760596.3634145,,HD141004,3-4,0.7777725803123672,0,1.5330000451285741
88.54699683176779,1.0770682548024941,False,0.0,False,False,False,59669.34109275001,0.812915619766202,2022-03-30,False,105,31,-0.024506428471760766,bright,56006955.89212324,,HD141004,3-4,0.7884091912944412,1,1.580999992256693
88.54699683176779,1.0770682548024941,False,0.0,False,False,False,59669.34109275001,0.8229124791786995,2022-03-30,False,105,32,-0.018121160088720334,bright,54356656.812136486,,HD141004,3-4,0.8047913190899791,2,1.6290000530716497
88.54699683176779,1.0770682548024941,False,0.0,False,False,False,59669.34109275001,0.8321528228548526,2022-03-30,False,105,33,-0.021568757437773867,bright,52800832.92857473,,HD141004,3-4,0.8105840654170787,3,1.6770000001997687
88.54699683176779,1.0770682548024941,False,0.0,False,False,False,59669.34109275001,0.840708505314396,2022-03-30,False,105,34,-0.025219917093465938,bright,51331593.93362972,,HD141004,3-4,0.8154885882209301,4,1.7249999473278876
88.54699683176779,1.0770682548024941,False,0.0,False,False,False,59669.34109275001,0.8486434061967816,2022-03-30,False,105,35,-0.019201977520364344,bright,49941904.35707763,,HD141004,3-4,0.8294414286764172,5,1.7730000081428443
84.67750525981087,1.0770682548024941,False,0.0,False,False,False,59669.35087026984,0.8176074739296626,2022-03-30,False,105,36,0.008446930496600502,bright,55236466.25379512,,HD141004,1-2,0.8260544044262631,0,1.5330000451285741
84.67750525981087,1.0770682548024941,False,0.0,False,False,False,59669.35087026984,0.8276699745112591,2022-03-30,False,105,37,0.0036491645792222638,bright,53559459.62968893,,HD141004,1-2,0.8313191390904814,1,1.580999992256693
84.67750525981087,1.0770682548024941,False,0.0,False,False,False,59669.35087026984,0.8369460519779736,2022-03-30,False,105,38,0.007560628734775365,bright,51981278.39231349,,HD141004,1-2,0.8445066807127489,2,1.6290000530716497
84.67750525981087,1.0770682548024941,False,0.0,False,False,False,59669.35087026984,0.8455128508066931,2022-03-30,False,105,39,0.007230896492873895,bright,50493443.79828495,,HD141004,1-2,0.852743747299567,3,1.6770000001997687
84.67750525981087,1.0770682548024941,False,0.0,False,False,False,59669.35087026984,0.8534387158582081,2022-03-30,False,105,40,0.011111587042861193,bright,49088410.34516008,,HD141004,1-2,0.8645503029010693,4,1.7249999473278876
84.67750525981087,1.0770682548024941,False,0.0,False,False,False,59669.35087026984,0.8607842505240545,2022-03-30,False,105,41,0.00411053166364872,bright,47759450.01179532,,HD141004,1-2,0.8648947821877032,5,1.7730000081428443
127.5258727505449,1.0770682548024941,False,0.0,False,False,False,59669.35087026984,0.6269273479318588,2022-03-30,False,105,42,0.008819844826700285,bright,83187129.1561829,,HD141004,1-3,0.6357471927585591,0,1.5330000451285741
127.5258727505449,1.0770682548024941,False,0.0,False,False,False,59669.35087026984,0.645366999481482,2022-03-30,False,105,43,0.007533648095512824,bright,80661526.48648442,,HD141004,1-3,0.6529006475769948,1,1.580999992256693
127.5258727505449,1.0770682548024941,False,0.0,False,False,False,59669.35087026984,0.6625897674799647,2022-03-30,False,105,44,0.011827318890421767,bright,78284756.65797651,,HD141004,1-3,0.6744170863703864,2,1.6290000530716497
127.5258727505449,1.0770682548024941,False,0.0,False,False,False,59669.35087026984,0.6786863181636207,2022-03-30,False,105,45,0.004697677431538372,bright,76044050.52793899,,HD141004,1-3,0.683383995595159,3,1.6770000001997687
127.5258727505449,1.0770682548024941,False,0.0,False,False,False,59669.35087026984,0.6937413559958134,2022-03-30,False,105,46,0.007400643694326692,bright,73928044.43158908,,HD141004,1-3,0.7011419996901401,4,1.7249999473278876
127.5258727505449,1.0770682548024941,False,0.0,False,False,False,59669.35087026984,0.7078335038730545,2022-03-30,False,105,47,0.0008341752682183845,bright,71926605.84594347,,HD141004,1-3,0.7086676791412729,5,1.7730000081428443
127.6121883937478,1.0770682548024941,False,0.0,False,False,False,59669.35087026984,0.6265148739175418,2022-03-30,False,105,48,0.0061460586467689815,bright,83243434.20553836,,HD141004,1-4,0.6326609325643108,0,1.5330000451285741
127.6121883937478,1.0770682548024941,False,0.0,False,False,False,59669.35087026984,0.6449697910734309,2022-03-30,False,105,49,0.0007780523857160437,bright,80716122.08650063,,HD141004,1-4,0.6457478434591469,1,1.580999992256693
127.6121883937478,1.0770682548024941,False,0.0,False,False,False,59669.35087026984,0.6622073839910995,2022-03-30,False,105,50,0.002036588627330582,bright,78337743.54587755,,HD141004,1-4,0.66424397261843,2,1.6290000530716497
127.6121883937478,1.0770682548024941,False,0.0,False,False,False,59669.35087026984,0.6783182707212538,2022-03-30,False,105,51,0.005167989866473932,bright,76095520.79817908,,HD141004,1-4,0.6834862605877278,3,1.6770000001997687
127.6121883937478,1.0770682548024941,False,0.0,False,False,False,59669.35087026984,0.6933871261209876,2022-03-30,False,105,52,0.014321705686900499,bright,73978082.48714763,,HD141004,1-4,0.7077088318078881,4,1.7249999473278876
127.6121883937478,1.0770682548024941,False,0.0,False,False,False,59669.35087026984,0.7074925574908977,2022-03-30,False,105,53,0.018181134827509604,bright,71975289.2316211,,HD141004,1-4,0.7256736923184073,5,1.7730000081428443
57.17791539567811,1.0770682548024941,False,0.0,False,False,False,59669.35087026984,0.9130258503297632,2022-03-30,False,105,54,0.020511850272986853,bright,37298051.997697465,,HD141004,2-3,0.9335377006027501,0,1.5330000451285741
57.17791539567811,1.0770682548024941,False,0.0,False,False,False,59669.35087026984,0.9180423816389152,2022-03-30,False,105,55,0.005014634644529226,bright,36165664.56402274,,HD141004,2-3,0.9230570162834444,1,1.580999992256693
57.17791539567811,1.0770682548024941,False,0.0,False,False,False,59669.35087026984,0.9226421401765982,2022-03-30,False,105,56,0.016607514663520284,bright,35100008.3074664,,HD141004,2-3,0.9392496548401185,2,1.6290000530716497
57.17791539567811,1.0770682548024941,False,0.0,False,False,False,59669.35087026984,0.926869476524984,2022-03-30,False,105,57,0.0013381088168212818,bright,34095358.01363561,,HD141004,2-3,0.9282075853418053,3,1.6770000001997687
57.17791539567811,1.0770682548024941,False,0.0,False,False,False,59669.35087026984,0.9307630966596783,2022-03-30,False,105,58,0.027390622962496836,bright,33146618.63280031,,HD141004,2-3,0.9581537196221751,4,1.7249999473278876
57.17791539567811,1.0770682548024941,False,0.0,False,False,False,59669.35087026984,0.9343568639339458,2022-03-30,False,105,59,0.010086171958117562,bright,32249247.11397491,,HD141004,2-3,0.9444430358920634,5,1.7730000081428443
114.01798772479388,1.0770682548024941,False,0.0,False,False,False,59669.35087026984,0.6905689718652921,2022-03-30,False,105,60,0.026312875044137485,bright,74375723.6583976,,HD141004,2-4,0.7168818469094296,0,1.5330000451285741
114.01798772479388,1.0770682548024941,False,0.0,False,False,False,59669.35087026984,0.706495087906761,2022-03-30,False,105,61,0.004907370317069226,bright,72117639.64783232,,HD141004,2-4,0.7114024582238302,1,1.580999992256693
114.01798772479388,1.0770682548024941,False,0.0,False,False,False,59669.35087026984,0.7212988440646515,2022-03-30,False,105,62,0.005597194271432682,bright,69992623.70176174,,HD141004,2-4,0.7268960383360842,2,1.6290000530716497
114.01798772479388,1.0770682548024941,False,0.0,False,False,False,59669.35087026984,0.7350742904805598,2022-03-30,False,105,63,-0.0031305040228012393,bright,67989259.21956575,,HD141004,2-4,0.7319437864577586,3,1.6770000001997687
114.01798772479388,1.0770682548024941,False,0.0,False,False,False,59669.35087026984,0.7479072681897878,2022-03-30,False,105,64,-0.0018241844959481224,bright,66097386.20654078,,HD141004,2-4,0.7460830836938397,4,1.7249999473278876
114.01798772479388,1.0770682548024941,False,0.0,False,False,False,59669.35087026984,0.7598759016541716,2022-03-30,False,105,65,0.006988915230937809,bright,64307945.403916694,,HD141004,2-4,0.7668648168851094,5,1.7730000081428443
87.42297376117915,1.0770682548024941,False,0.0,False,False,False,59669.35087026984,0.8066371775752924,2022-03-30,False,105,66,-0.011247701644724883,bright,57027378.4655022,,HD141004,3-4,0.7953894759305675,0,1.5330000451285741
87.42297376117915,1.0770682548024941,False,0.0,False,False,False,59669.35087026984,0.8172464729967995,2022-03-30,False,105,67,-0.009803514019273152,bright,55295998.85474575,,HD141004,3-4,0.8074429589775264,1,1.580999992256693
87.42297376117915,1.0770682548024941,False,0.0,False,False,False,59669.35087026984,0.8270330604807933,2022-03-30,False,105,68,-0.005956453090753655,bright,53666648.810927905,,HD141004,3-4,0.8210766073900396,2,1.6290000530716497
87.42297376117915,1.0770682548024941,False,0.0,False,False,False,59669.35087026984,0.8360767649886139,2022-03-30,False,105,69,-0.0004323635538058257,bright,52130574.6873972,,HD141004,3-4,0.8356444014348081,3,1.6770000001997687
87.42297376117915,1.0770682548024941,False,0.0,False,False,False,59669.35087026984,0.8444484500058315,2022-03-30,False,105,70,-0.0018361696772994929,bright,50679986.336580336,,HD141004,3-4,0.842612280328532,4,1.7249999473278876
87.42297376117915,1.0770682548024941,False,0.0,False,False,False,59669.35087026984,0.8522110657410991,2022-03-30,False,105,71,0.011694032804794086,bright,49307937.597107895,,HD141004,3-4,0.8639050985458931,5,1.7730000081428443
88.79340698012295,1.0548949934898417,False,0.0,False,False,False,59671.31667984979,0.809565442610363,2022-04-01,False,105,0,-0.0029173532037937155,faint,57921333.57222163,,HD141004,1-2,0.8066480894065693,0,1.5330000451285741
88.79340698012295,1.0548949934898417,False,0.0,False,False,False,59671.31667984979,0.8200294888605445,2022-04-01,False,105,1,-0.001934542161902919,faint,56162813.03922129,,HD141004,1-2,0.8180949466986416,1,1.580999992256693
88.79340698012295,1.0548949934898417,False,0.0,False,False,False,59671.31667984979,0.8296803831664479,2022-04-01,False,105,2,0.0014622618758410866,faint,54507921.477776326,,HD141004,1-2,0.831142645042289,2,1.6290000530716497
88.79340698012295,1.0548949934898417,False,0.0,False,False,False,59671.31667984979,0.838597257264996,2022-04-01,False,105,3,0.011838478516667528,faint,52947768.02000336,,HD141004,1-2,0.8504357357816635,3,1.6770000001997687
88.79340698012295,1.0548949934898417,False,0.0,False,False,False,59671.31667984979,0.8468503206122667,2022-04-01,False,105,4,0.012239113531905987,faint,51474440.40080606,,HD141004,1-2,0.8590894341441727,4,1.7249999473278876
88.79340698012295,1.0548949934898417,False,0.0,False,False,False,59671.31667984979,0.8545019120015357,2022-04-01,False,105,5,0.009561585450261978,faint,50080883.57152968,,HD141004,1-2,0.8640634974517977,5,1.7730000081428443
129.2179102866027,1.0548949934898417,False,0.0,False,False,False,59671.31667984979,0.6334224998907014,2022-04-01,False,105,6,0.004015712959642981,faint,84290871.80866003,,HD141004,1-3,0.6374382128503444,0,1.5330000451285741
129.2179102866027,1.0548949934898417,False,0.0,False,False,False,59671.31667984979,0.6516199660843477,2022-04-01,False,105,7,-0.0032637953103206163,faint,81731758.9623509,,HD141004,1-3,0.6483561707740271,1,1.580999992256693
129.2179102866027,1.0548949934898417,False,0.0,False,False,False,59671.31667984979,0.6686077865034813,2022-04-01,False,105,8,0.0025678627185660163,faint,79323453.69967842,,HD141004,1-3,0.6711756492220473,2,1.6290000530716497
129.2179102866027,1.0548949934898417,False,0.0,False,False,False,59671.31667984979,0.6844773413887282,2022-04-01,False,105,9,-0.007660738672447653,faint,77053017.45450799,,HD141004,1-3,0.6768166027162805,3,1.6770000001997687
129.2179102866027,1.0548949934898417,False,0.0,False,False,False,59671.31667984979,0.6993137633038213,2022-04-01,False,105,10,-0.007604937117637323,faint,74908935.78679106,,HD141004,1-3,0.691708826186184,4,1.7249999473278876
129.2179102866027,1.0548949934898417,False,0.0,False,False,False,59671.31667984979,0.7131958883397332,2022-04-01,False,105,11,-0.004682857471064339,faint,72880941.73330204,,HD141004,1-3,0.7085130308686689,5,1.7730000081428443
121.46208327530441,1.0548949934898417,False,0.0,False,False,False,59671.31667984979,0.6692525440512959,2022-04-01,False,105,12,-0.006916572866027981,faint,79231624.07025062,,HD141004,1-4,0.6623359711852679,0,1.5330000451285741
121.46208327530441,1.0548949934898417,False,0.0,False,False,False,59671.31667984979,0.6860546878382349,2022-04-01,False,105,13,0.003856675048310443,faint,76826112.50486565,,HD141004,1-4,0.6899113628865453,1,1.580999992256693
121.46208327530441,1.0548949934898417,False,0.0,False,False,False,59671.31667984979,0.7016970340145775,2022-04-01,False,105,14,0.00035748982665451123,faint,74562356.85583617,,HD141004,1-4,0.702054523841232,2,1.6290000530716497
121.46208327530441,1.0548949934898417,False,0.0,False,False,False,59671.31667984979,0.7162733929109343,2022-04-01,False,105,15,0.015575206480354153,faint,72428195.14659244,,HD141004,1-4,0.7318485993912884,3,1.6770000001997687
121.46208327530441,1.0548949934898417,False,0.0,False,False,False,59671.31667984979,0.7298699792093445,2022-04-01,False,105,16,0.020900312405758847,faint,70412804.04875104,,HD141004,1-4,0.7507702916151033,4,1.7249999473278876
121.46208327530441,1.0548949934898417,False,0.0,False,False,False,59671.31667984979,0.7425657209049592,2022-04-01,False,105,17,0.024297039740142523,faint,68506532.83557044,,HD141004,1-4,0.7668627606451017,5,1.7730000081428443
54.802460750837874,1.0548949934898417,False,0.0,False,False,False,59671.31667984979,0.923475524375681,2022-04-01,False,105,18,0.01766807006469484,faint,35748505.63441539,,HD141004,2-3,0.9411435944403759,0,1.5330000451285741
54.802460750837874,1.0548949934898417,False,0.0,False,False,False,59671.31667984979,0.9279094351117632,2022-04-01,False,105,19,0.0011877610840688169,faint,34663163.20002871,,HD141004,2-3,0.929097196195832,1,1.580999992256693
54.802460750837874,1.0548949934898417,False,0.0,False,False,False,59671.31667984979,0.9319727435634516,2022-04-01,False,105,20,-0.004368243055383192,faint,33641779.598166436,,HD141004,2-3,0.9276045005080684,2,1.6290000530716497
54.802460750837874,1.0548949934898417,False,0.0,False,False,False,59671.31667984979,0.9357051907765193,2022-04-01,False,105,21,-0.009380299285757454,faint,32678867.468282443,,HD141004,2-3,0.9263248914907618,3,1.6770000001997687
54.802460750837874,1.0548949934898417,False,0.0,False,False,False,59671.31667984979,0.9391414109789852,2022-04-01,False,105,22,0.020115380582204967,faint,31769543.434322804,,HD141004,2-3,0.9592567915611901,4,1.7249999473278876
54.802460750837874,1.0548949934898417,False,0.0,False,False,False,59671.31667984979,0.9423116666800281,2022-04-01,False,105,23,-0.00617680902784945,faint,30909453.186208125,,HD141004,2-3,0.9361348576521786,5,1.7730000081428443
112.2152846307108,1.0548949934898417,False,0.0,False,False,False,59671.31667984979,0.7110236564254065,2022-04-01,False,105,24,-0.0039008388442768327,faint,73199792.12479357,,HD141004,2-4,0.7071228175811297,0,1.5330000451285741
112.2152846307108,1.0548949934898417,False,0.0,False,False,False,59671.31667984979,0.7260783549513119,2022-04-01,False,105,25,0.0004949463648260544,faint,70977409.98122117,,HD141004,2-4,0.726573301316138,1,1.580999992256693
112.2152846307108,1.0548949934898417,False,0.0,False,False,False,59671.31667984979,0.7400519226002497,2022-04-01,False,105,26,-0.004309323467717396,faint,68885992.00418513,,HD141004,2-4,0.7357425991325323,2,1.6290000530716497
112.2152846307108,1.0548949934898417,False,0.0,False,False,False,59671.31667984979,0.7530377994425395,2022-04-01,False,105,27,-0.006370063113647406,faint,66914302.097402155,,HD141004,2-4,0.746667736328892,3,1.6770000001997687
112.2152846307108,1.0548949934898417,False,0.0,False,False,False,59671.31667984979,0.7651207633006197,2022-04-01,False,105,28,-0.009004953874345745,faint,65052340.902698554,,HD141004,2-4,0.756115809426274,4,1.7249999473278876
112.2152846307108,1.0548949934898417,False,0.0,False,False,False,59671.31667984979,0.776377576303208,2022-04-01,False,105,29,0.0008580570798141229,faint,63291192.39443907,,HD141004,2-4,0.7772356333830222,5,1.7730000081428443
90.84387931553938,1.0548949934898417,False,0.0,False,False,False,59671.31667984979,0.8014679115632204,2022-04-01,False,105,30,-0.025023427520713626,faint,59258888.87232239,,HD141004,3-4,0.7764444840425068,0,1.5330000451285741
90.84387931553938,1.0548949934898417,False,0.0,False,False,False,59671.31667984979,0.8123323526611249,2022-04-01,False,105,31,-0.01640797685283646,faint,57459759.49428712,,HD141004,3-4,0.7959243758082885,1,1.580999992256693
90.84387931553938,1.0548949934898417,False,0.0,False,False,False,59671.31667984979,0.8223574477984139,2022-04-01,False,105,32,-0.01812448968240743,faint,55766652.152186096,,HD141004,3-4,0.8042329581160065,2,1.6290000530716497
90.84387931553938,1.0548949934898417,False,0.0,False,False,False,59671.31667984979,0.8316242060275953,2022-04-01,False,105,33,-0.00958953816920416,faint,54170470.66470949,,HD141004,3-4,0.8220346678583912,3,1.6770000001997687
90.84387931553938,1.0548949934898417,False,0.0,False,False,False,59671.31667984979,0.8402046128473519,2022-04-01,False,105,34,-0.011932984618795772,faint,52663120.051836036,,HD141004,3-4,0.8282716282285562,4,1.7249999473278876
90.84387931553938,1.0548949934898417,False,0.0,False,False,False,59671.31667984979,0.8481626710174215,2022-04-01,False,105,35,-0.014340190676014886,faint,51237382.345358916,,HD141004,3-4,0.8338224803414066,5,1.7730000081428443
86.20507381916873,1.0548949934898417,False,0.0,False,False,False,59671.33653371593,0.8196163594177169,2022-04-01,False,105,36,-0.011487121563821368,faint,56232923.21034383,,HD141004,1-2,0.8081292378538956,0,1.5330000451285741
86.20507381916873,1.0548949934898417,False,0.0,False,False,False,59671.33653371593,0.82957795381972,2022-04-01,False,105,37,-0.007583519238362979,faint,54525663.65678538,,HD141004,1-2,0.821994434581357,1,1.580999992256693
86.20507381916873,1.0548949934898417,False,0.0,False,False,False,59671.33653371593,0.8387599124142854,2022-04-01,False,105,38,0.003172917340519721,faint,52919012.284020536,,HD141004,1-2,0.8419328297548051,2,1.6290000530716497
86.20507381916873,1.0548949934898417,False,0.0,False,False,False,59671.33653371593,0.8472388642007452,2022-04-01,False,105,39,0.007668896644157597,faint,51404337.39350015,,HD141004,1-2,0.8549077608449028,3,1.6770000001997687
86.20507381916873,1.0548949934898417,False,0.0,False,False,False,59671.33653371593,0.8550826726472008,2022-04-01,False,105,40,0.012641044166317839,faint,49973957.363131955,,HD141004,1-2,0.8677237168135187,4,1.7249999473278876
86.20507381916873,1.0548949934898417,False,0.0,False,False,False,59671.33653371593,0.8623514948096959,2022-04-01,False,105,41,0.010226799384414509,faint,48621022.79935438,,HD141004,1-2,0.8725782941941104,5,1.7730000081428443
128.49107662984338,1.0548949934898417,False,0.0,False,False,False,59671.33653371593,0.6368039001411755,2022-04-01,False,105,42,-0.0018452613160409026,faint,83816746.80190027,,HD141004,1-3,0.6349586388251346,0,1.5330000451285741
128.49107662984338,1.0548949934898417,False,0.0,False,False,False,59671.33653371593,0.6548739517766503,2022-04-01,False,105,43,-0.005590650068433289,faint,81272028.62691818,,HD141004,1-3,0.649283301708217,1,1.580999992256693
128.49107662984338,1.0548949934898417,False,0.0,False,False,False,59671.33653371593,0.6717383468549827,2022-04-01,False,105,44,-0.001876465159006524,faint,78877269.76285852,,HD141004,1-3,0.6698618816959762,2,1.6290000530716497
128.49107662984338,1.0548949934898417,False,0.0,False,False,False,59671.33653371593,0.6874888040304719,2022-04-01,False,105,45,-0.010179018114229388,faint,76619604.42131019,,HD141004,1-3,0.6773097859162425,3,1.6770000001997687
128.49107662984338,1.0548949934898417,False,0.0,False,False,False,59671.33653371593,0.702210650418829,2022-04-01,False,105,46,-0.009437066791688764,faint,74487582.92942709,,HD141004,1-3,0.6927735836271403,4,1.7249999473278876
128.49107662984338,1.0548949934898417,False,0.0,False,False,False,59671.33653371593,0.7159828090468304,2022-04-01,False,105,47,-0.007487319306458851,faint,72470996.07429405,,HD141004,1-3,0.7084954897403716,5,1.7730000081428443
125.96295193295856,1.0548949934898417,False,0.0,False,False,False,59671.33653371593,0.6485304891731335,2022-04-01,False,105,48,-1.6361740352466292e-05,faint,82167611.36650452,,HD141004,1-4,0.648514127432781,0,1.5330000451285741
125.96295193295856,1.0548949934898417,False,0.0,False,False,False,59671.33653371593,0.6661516969909413,2022-04-01,False,105,49,0.0011488880015857461,faint,79672961.76463678,,HD141004,1-4,0.6673005849925271,1,1.580999992256693
125.96295193295856,1.0548949934898417,False,0.0,False,False,False,59671.33653371593,0.6825822464913932,2022-04-01,False,105,50,-5.710648716139577e-05,faint,77325320.95099829,,HD141004,1-4,0.6825251400042318,2,1.6290000530716497
125.96295193295856,1.0548949934898417,False,0.0,False,False,False,59671.33653371593,0.6979148535437454,2022-04-01,False,105,51,0.007919890495924897,faint,75112076.27784945,,HD141004,1-4,0.7058347440396703,3,1.6770000001997687
125.96295193295856,1.0548949934898417,False,0.0,False,False,False,59671.33653371593,0.7122353702360895,2022-04-01,False,105,52,0.012632823490111744,faint,73022003.35025027,,HD141004,1-4,0.7248681937262013,4,1.7249999473278876
125.96295193295856,1.0548949934898417,False,0.0,False,False,False,59671.33653371593,0.7256228941143963,2022-04-01,False,105,53,0.024167532709966855,faint,71045093.82653661,,HD141004,1-4,0.7497904268243631,5,1.7730000081428443
56.5868878572077,1.0548949934898417,False,0.0,False,False,False,59671.33653371593,0.9185889925500094,2022-04-01,False,105,54,0.03036228295574228,faint,36912515.4542717,,HD141004,2-3,0.9489512755057516,0,1.5330000451285741
56.5868878572077,1.0548949934898417,False,0.0,False,False,False,59671.33653371593,0.9232960574667941,2022-04-01,False,105,55,0.004336232681431684,faint,35791833.10205873,,HD141004,2-3,0.9276322901482258,1,1.580999992256693
56.5868878572077,1.0548949934898417,False,0.0,False,False,False,59671.33653371593,0.9276107938943994,2022-04-01,False,105,56,0.004518178718868282,faint,34737192.15079656,,HD141004,2-3,0.9321289726132677,2,1.6290000530716497
56.5868878572077,1.0548949934898417,False,0.0,False,False,False,59671.33653371593,0.93157512311463,2022-04-01,False,105,57,-0.004949965539447487,faint,33742926.565573595,,HD141004,2-3,0.9266251575751825,3,1.6770000001997687
56.5868878572077,1.0548949934898417,False,0.0,False,False,False,59671.33653371593,0.9352256033517551,2022-04-01,False,105,58,0.019532399017875957,faint,32803993.96235557,,HD141004,2-3,0.954758002369631,4,1.7249999473278876
56.5868878572077,1.0548949934898417,False,0.0,False,False,False,59671.33653371593,0.9385941971312741,2022-04-01,False,105,59,0.004322951537805042,faint,31915898.250040334,,HD141004,2-3,0.9429171486690792,5,1.7730000081428443
113.35939495579808,1.0548949934898417,False,0.0,False,False,False,59671.33653371593,0.7059238175339797,2022-04-01,False,105,60,0.00973470676384769,faint,73946113.2542175,,HD141004,2-4,0.7156585242978274,0,1.5330000451285741
113.35939495579808,1.0548949934898417,False,0.0,False,False,False,59671.33653371593,0.7211985474234891,2022-04-01,False,105,61,0.014734658905421472,faint,71701072.42947596,,HD141004,2-4,0.7359332063289106,1,1.580999992256693
113.35939495579808,1.0548949934898417,False,0.0,False,False,False,59671.33653371593,0.7353813872466969,2022-04-01,False,105,62,0.014757046576603594,faint,69588331.03906111,,HD141004,2-4,0.7501384338233005,2,1.6290000530716497
113.35939495579808,1.0548949934898417,False,0.0,False,False,False,59671.33653371593,0.7485660059193378,2022-04-01,False,105,63,0.012623662471298647,faint,67596538.42712845,,HD141004,2-4,0.7611896683906364,3,1.6770000001997687
113.35939495579808,1.0548949934898417,False,0.0,False,False,False,59671.33653371593,0.7608375105400594,2022-04-01,False,105,64,0.008104527076036372,faint,65715593.28532011,,HD141004,2-4,0.7689420376160958,4,1.7249999473278876
113.35939495579808,1.0548949934898417,False,0.0,False,False,False,59671.33653371593,0.7722730566356705,2022-04-01,False,105,65,0.016789984582172846,faint,63936488.68312082,,HD141004,2-4,0.7890630412178433,5,1.7730000081428443
88.44194723119696,1.0548949934898417,False,0.0,False,False,False,59671.33653371593,0.8109415446507032,2022-04-01,False,105,66,-0.024360627367282395,faint,57692070.85951472,,HD141004,3-4,0.7865809172834208,0,1.5330000451285741
88.44194723119696,1.0548949934898417,False,0.0,False,False,False,59671.33653371593,0.8213371549675216,2022-04-01,False,105,67,-0.01486243899364792,faint,55940510.85664865,,HD141004,3-4,0.8064747159738737,1,1.580999992256693
88.44194723119696,1.0548949934898417,False,0.0,False,False,False,59671.33653371593,0.8309241366757488,2022-04-01,False,105,68,-0.018554280267236822,faint,54292169.643844046,,HD141004,3-4,0.812369856408512,2,1.6290000530716497
88.44194723119696,1.0548949934898417,False,0.0,False,False,False,59671.33653371593,0.8397812901344825,2022-04-01,False,105,69,-0.013657455173838762,faint,52738191.544819035,,HD141004,3-4,0.8261238349606438,3,1.6770000001997687
88.44194723119696,1.0548949934898417,False,0.0,False,False,False,59671.33653371593,0.8479785128488695,2022-04-01,False,105,70,-0.015099087249314747,faint,51270695.612598725,,HD141004,3-4,0.8328794255995547,4,1.7249999473278876
88.44194723119696,1.0548949934898417,False,0.0,False,False,False,59671.33653371593,0.855577852503392,2022-04-01,False,105,71,-0.013585038634491897,faint,49882654.72363806,,HD141004,3-4,0.8419928138689001,5,1.7730000081428443
77.6642686378773,1.066027723631301,False,0.0,False,False,False,59672.37168241318,0.8034384502096128,2022-04-02,False,105,0,0.009067549059410762,faint,50661621.88622997,,HD142860,1-2,0.8125059992690236,0,1.5330000451285741
77.6642686378773,1.066027723631301,False,0.0,False,False,False,59672.37168241318,0.8142059136125583,2022-04-02,False,105,1,0.010682806004147505,faint,49123509.81546851,,HD142860,1-2,0.8248887196167058,1,1.580999992256693
77.6642686378773,1.066027723631301,False,0.0,False,False,False,59672.37168241318,0.8241403214906967,2022-04-02,False,105,2,0.016572810567628937,faint,47676038.12623162,,HD142860,1-2,0.8407131320583257,2,1.6290000530716497
77.6642686378773,1.066027723631301,False,0.0,False,False,False,59672.37168241318,0.8333222404269702,2022-04-02,False,105,3,0.013180369524970259,faint,46311430.30925804,,HD142860,1-2,0.8465026099519405,3,1.6770000001997687
77.6642686378773,1.066027723631301,False,0.0,False,False,False,59672.37168241318,0.8418232355205868,2022-04-02,False,105,4,0.014566154401963849,faint,45022765.8025052,,HD142860,1-2,0.8563893899225506,4,1.7249999473278876
77.6642686378773,1.066027723631301,False,0.0,False,False,False,59672.37168241318,0.8497069143179186,2022-04-02,False,105,5,0.0033127609040748407,faint,43803873.81905763,,HD142860,1-2,0.8530196752219934,5,1.7730000081428443
123.52038381342851,1.066027723631301,False,0.0,False,False,False,59672.37168241318,0.5654784425997856,2022-04-02,False,105,6,0.008478070502857094,faint,80574285.82989293,,HD142860,1-3,0.5739565131026427,0,1.5330000451285741
123.52038381342851,1.066027723631301,False,0.0,False,False,False,59672.37168241318,0.5860356409182715,2022-04-02,False,105,7,0.0019360445562479622,faint,78128010.38481826,,HD142860,1-3,0.5879716854745195,1,1.580999992256693
123.52038381342851,1.066027723631301,False,0.0,False,False,False,59672.37168241318,0.6053358513628374,2022-04-02,False,105,8,0.007871910331932908,faint,75825893.05661343,,HD142860,1-3,0.6132077616947703,2,1.6290000530716497
123.52038381342851,1.066027723631301,False,0.0,False,False,False,59672.37168241318,0.6234588168200639,2022-04-02,False,105,9,-0.005006566356582143,faint,73655565.77144569,,HD142860,1-3,0.6184522504634817,3,1.6770000001997687
123.52038381342851,1.066027723631301,False,0.0,False,False,False,59672.37168241318,0.6404816231884491,2022-04-02,False,105,10,-0.00642982257012259,faint,71606021.78844576,,HD142860,1-3,0.6340518006183266,4,1.7249999473278876
123.52038381342851,1.066027723631301,False,0.0,False,False,False,59672.37168241318,0.6564778277750855,2022-04-02,False,105,11,-0.004722171728275493,faint,69667446.83933295,,HD142860,1-3,0.65175565604681,5,1.7730000081428443
128.2495242475661,1.066027723631301,False,0.0,False,False,False,59672.37168241318,0.5395460253123501,2022-04-02,False,105,12,-0.005130684758458681,faint,83659178.39018047,,HD142860,1-4,0.5344153405538914,0,1.5330000451285741
128.2495242475661,1.066027723631301,False,0.0,False,False,False,59672.37168241318,0.5608961621668674,2022-04-02,False,105,13,-0.018550477202727844,faint,81119244.07064977,,HD142860,1-4,0.5423456849641396,1,1.580999992256693
128.2495242475661,1.066027723631301,False,0.0,False,False,False,59672.37168241318,0.580988455524086,2022-04-02,False,105,14,-0.00888324570448451,faint,78728987.1511902,,HD142860,1-4,0.5721052098196014,2,1.6290000530716497
128.2495242475661,1.066027723631301,False,0.0,False,False,False,59672.37168241318,0.59989575878485,2022-04-02,False,105,15,-0.012464135713290858,faint,76475566.02998728,,HD142860,1-4,0.5874316230715592,3,1.6770000001997687
128.2495242475661,1.066027723631301,False,0.0,False,False,False,59672.37168241318,0.6176899722485115,2022-04-02,False,105,16,5.8702715929448424e-05,faint,74347552.55861376,,HD142860,1-4,0.617748674964441,4,1.7249999473278876
128.2495242475661,1.066027723631301,False,0.0,False,False,False,59672.37168241318,0.6344408179947537,2022-04-02,False,105,17,0.0005920244944616071,faint,72334756.71661332,,HD142860,1-4,0.6350328424892153,5,1.7730000081428443
57.609320013643,1.066027723631301,False,0.0,False,False,False,59672.37168241318,0.887415388144874,2022-04-02,False,105,18,0.04125969712950994,faint,37579464.00374127,,HD142860,2-3,0.9286750852743839,0,1.5330000451285741
57.609320013643,1.066027723631301,False,0.0,False,False,False,59672.37168241318,0.8938355555218009,2022-04-02,False,105,19,0.01696920287987247,faint,36438532.7614154,,HD142860,2-3,0.9108047584016734,1,1.580999992256693
57.609320013643,1.066027723631301,False,0.0,False,False,False,59672.37168241318,0.8997304399217533,2022-04-02,False,105,20,0.039092964118337625,faint,35364836.179725476,,HD142860,2-3,0.9388234040400909,2,1.6290000530716497
57.609320013643,1.066027723631301,False,0.0,False,False,False,59672.37168241318,0.9051548477118728,2022-04-02,False,105,21,0.00548246544179698,faint,34352605.84781182,,HD142860,2-3,0.9106373131536698,3,1.6770000001997687
57.609320013643,1.066027723631301,False,0.0,False,False,False,59672.37168241318,0.9101567837210244,2022-04-02,False,105,22,0.02672356061270298,faint,33396708.274039518,,HD142860,2-3,0.9368803443337274,4,1.7249999473278876
57.609320013643,1.066027723631301,False,0.0,False,False,False,59672.37168241318,0.9147783840857694,2022-04-02,False,105,23,0.030745487234782876,faint,32492566.130322106,,HD142860,2-3,0.9455238713205523,5,1.7730000081428443
105.92387502755552,1.066027723631301,False,0.0,False,False,False,59672.37168241318,0.661172069318382,2022-04-02,False,105,24,0.017096027294031257,faint,69095806.85542093,,HD142860,2-4,0.6782680966124133,0,1.5330000451285741
105.92387502755552,1.066027723631301,False,0.0,False,False,False,59672.37168241318,0.6782977767267252,2022-04-02,False,105,25,0.011904679653240935,faint,66998023.74847678,,HD142860,2-4,0.6902024563799661,1,1.580999992256693
105.92387502755552,1.066027723631301,False,0.0,False,False,False,59672.37168241318,0.6942509472365747,2022-04-02,False,105,26,0.0091577324882951,faint,65023862.2324321,,HD142860,2-4,0.7034086797248698,2,1.6290000530716497
105.92387502755552,1.066027723631301,False,0.0,False,False,False,59672.37168241318,0.7091250732363102,2022-04-02,False,105,27,0.004639800997437549,faint,63162716.16871651,,HD142860,2-4,0.7137648742337478,3,1.6770000001997687
105.92387502755552,1.066027723631301,False,0.0,False,False,False,59672.37168241318,0.7230063199513829,2022-04-02,False,105,28,-0.00843005237786798,faint,61405146.81848946,,HD142860,2-4,0.7145762675735149,4,1.7249999473278876
105.92387502755552,1.066027723631301,False,0.0,False,False,False,59672.37168241318,0.7359737591210245,2022-04-02,False,105,29,0.002789768210977761,faint,59742738.03783402,,HD142860,2-4,0.7387635273320022,5,1.7730000081428443
75.99567421874322,1.066027723631301,False,0.0,False,False,False,59672.37168241318,0.8110801481863302,2022-04-02,False,105,30,-0.011221460629923241,faint,49573171.54701675,,HD142860,3-4,0.799858687556407,0,1.5330000451285741
75.99567421874322,1.066027723631301,False,0.0,False,False,False,59672.37168241318,0.8214689457006563,2022-04-02,False,105,31,-0.013778570627633324,faint,48068105.37061942,,HD142860,3-4,0.807690375073023,1,1.580999992256693
75.99567421874322,1.066027723631301,False,0.0,False,False,False,59672.37168241318,0.8310495555014975,2022-04-02,False,105,32,-0.0033917410599434428,faint,46651732.193283506,,HD142860,3-4,0.8276578144415541,2,1.6290000530716497
75.99567421874322,1.066027723631301,False,0.0,False,False,False,59672.37168241318,0.8399007470976658,2022-04-02,False,105,33,-0.0057073513827961,faint,45316442.58180705,,HD142860,3-4,0.8341933957148697,3,1.6770000001997687
75.99567421874322,1.066027723631301,False,0.0,False,False,False,59672.37168241318,0.8480923886467308,2022-04-02,False,105,34,-0.007741898464898589,faint,44055464.66042759,,HD142860,3-4,0.8403504901818322,4,1.7249999473278876
75.99567421874322,1.066027723631301,False,0.0,False,False,False,59672.37168241318,0.8556865002170703,2022-04-02,False,105,35,-0.01070206847303179,faint,42862760.21980735,,HD142860,3-4,0.8449844317440385,5,1.7730000081428443
74.9654196528604,1.066027723631301,False,0.0,False,False,False,59672.38131616216,0.8157449682504937,2022-04-02,False,105,36,-0.022517109226969367,faint,48901120.31704016,,HD142860,1-2,0.7932278590235243,0,1.5330000451285741
74.9654196528604,1.066027723631301,False,0.0,False,False,False,59672.38131616216,0.8259008905826181,2022-04-02,False,105,37,-0.013666161202979143,faint,47416457.950677164,,HD142860,1-2,0.8122347293796389,1,1.580999992256693
74.9654196528604,1.066027723631301,False,0.0,False,False,False,59672.38131616216,0.8352641213442151,2022-04-02,False,105,38,-0.007202181000036112,faint,46019286.19431613,,HD142860,1-2,0.828061940344179,2,1.6290000530716497
74.9654196528604,1.066027723631301,False,0.0,False,False,False,59672.38131616216,0.8439122787275197,2022-04-02,False,105,39,-0.005420227436581437,faint,44702098.773959644,,HD142860,1-2,0.8384920512909383,3,1.6770000001997687
74.9654196528604,1.066027723631301,False,0.0,False,False,False,59672.38131616216,0.8519141504689275,2022-04-02,False,105,40,-0.0003725566867486263,faint,43458215.61849068,,HD142860,1-2,0.8515415937821789,4,1.7249999473278876
74.9654196528604,1.066027723631301,False,0.0,False,False,False,59672.38131616216,0.8593307509480524,2022-04-02,False,105,41,-0.006956753587167297,faint,42281680.3770825,,HD142860,1-2,0.8523739973608851,5,1.7730000081428443
121.09220213703789,1.066027723631301,False,0.0,False,False,False,59672.38131616216,0.5787926963717881,2022-04-02,False,105,42,0.010832765566443636,faint,78990344.79603148,,HD142860,1-3,0.5896254619382317,0,1.5330000451285741
121.09220213703789,1.066027723631301,False,0.0,False,False,False,59672.38131616216,0.5989188500092949,2022-04-02,False,105,43,0.009764164289079114,faint,76592158.58957273,,HD142860,1-3,0.608683014298374,1,1.580999992256693
121.09220213703789,1.066027723631301,False,0.0,False,False,False,59672.38131616216,0.6177922287692893,2022-04-02,False,105,44,0.011259212803677032,faint,74335296.61874835,,HD142860,1-3,0.6290514415729663,2,1.6290000530716497
121.09220213703789,1.066027723631301,False,0.0,False,False,False,59672.38131616216,0.6354955873023365,2022-04-02,False,105,45,0.002818546575776293,faint,72207633.9431205,,HD142860,1-3,0.6383141338781128,3,1.6770000001997687
121.09220213703789,1.066027723631301,False,0.0,False,False,False,59672.38131616216,0.6521082173659987,2022-04-02,False,105,46,0.005652748335445379,faint,70198380.19393325,,HD142860,1-3,0.657760965701444,4,1.7249999473278876
121.09220213703789,1.066027723631301,False,0.0,False,False,False,59672.38131616216,0.667705250314318,2022-04-02,False,105,47,0.001354392436060392,faint,68297914.03321974,,HD142860,1-3,0.6690596427503784,5,1.7730000081428443
129.64163569315608,1.066027723631301,False,0.0,False,False,False,59672.38131616216,0.5319212372258315,2022-04-02,False,105,48,-0.00637431614229067,faint,84567274.54452418,,HD142860,1-4,0.5255469210835408,0,1.5330000451285741
129.64163569315608,1.066027723631301,False,0.0,False,False,False,59672.38131616216,0.5534924090433752,2022-04-02,False,105,49,-0.012407591940129303,faint,81999769.97350124,,HD142860,1-4,0.5410848171032459,1,1.580999992256693
129.64163569315608,1.066027723631301,False,0.0,False,False,False,59672.38131616216,0.57380737113585,2022-04-02,False,105,50,-0.00754507476733568,faint,79583567.50738174,,HD142860,1-4,0.5662622963685143,2,1.6290000530716497
129.64163569315608,1.066027723631301,False,0.0,False,False,False,59672.38131616216,0.5929366939310847,2022-04-02,False,105,51,-0.006195888025412599,faint,77305686.1524823,,HD142860,1-4,0.5867408059056721,3,1.6770000001997687
129.64163569315608,1.066027723631301,False,0.0,False,False,False,59672.38131616216,0.6109505282314837,2022-04-02,False,105,52,0.0050016162675915465,faint,75154573.71113405,,HD142860,1-4,0.6159521444990752,4,1.7249999473278876
129.64163569315608,1.066027723631301,False,0.0,False,False,False,59672.38131616216,0.6279172730197915,2022-04-02,False,105,53,0.00662040664972896,faint,73119929.55315955,,HD142860,1-4,0.6345376796695205,5,1.7730000081428443
57.96236710886734,1.066027723631301,False,0.0,False,False,False,59672.38131616216,0.8861002469861203,2022-04-02,False,105,54,0.017429565454540663,faint,37809762.16736248,,HD142860,2-3,0.903529812440661,0,1.5330000451285741
57.96236710886734,1.066027723631301,False,0.0,False,False,False,59672.38131616216,0.8925915459886005,2022-04-02,False,105,55,0.001680816616980385,faint,36661838.95809691,,HD142860,2-3,0.8942723626055809,1,1.580999992256693
57.96236710886734,1.066027723631301,False,0.0,False,False,False,59672.38131616216,0.8985521702829242,2022-04-02,False,105,56,0.016049916645635265,faint,35581562.443520635,,HD142860,2-3,0.9146020869285595,2,1.6290000530716497
57.96236710886734,1.066027723631301,False,0.0,False,False,False,59672.38131616216,0.9040374306728471,2022-04-02,False,105,57,-0.010794349641372047,faint,34563128.86223179,,HD142860,2-3,0.8932430810314751,3,1.6770000001997687
57.96236710886734,1.066027723631301,False,0.0,False,False,False,59672.38131616216,0.9090957831897838,2022-04-02,False,105,58,0.002161322501199714,faint,33601373.26302762,,HD142860,2-3,0.9112571056909835,4,1.7249999473278876
57.96236710886734,1.066027723631301,False,0.0,False,False,False,59672.38131616216,0.9137697674014902,2022-04-02,False,105,59,0.009687875357585307,faint,32691690.26658996,,HD142860,2-3,0.9234576427590755,5,1.7730000081428443
107.21210419115242,1.066027723631301,False,0.0,False,False,False,59672.38131616216,0.6542676092129363,2022-04-02,False,105,60,0.0058530617050144285,faint,69936138.96610188,,HD142860,2-4,0.6601206709179507,0,1.5330000451285741
107.21210419115242,1.066027723631301,False,0.0,False,False,False,59672.38131616216,0.6716656351063922,2022-04-02,False,105,61,0.009700705313980929,faint,67812842.95777866,,HD142860,2-4,0.6813663404203731,1,1.580999992256693
107.21210419115242,1.066027723631301,False,0.0,False,False,False,59672.38131616216,0.6878809420390852,2022-04-02,False,105,62,0.008447551531400976,faint,65814672.00629785,,HD142860,2-4,0.6963284935704862,2,1.6290000530716497
107.21210419115242,1.066027723631301,False,0.0,False,False,False,59672.38131616216,0.7030066419862463,2022-04-02,False,105,63,0.004972831151656587,faint,63930890.98293442,,HD142860,2-4,0.7079794731379029,3,1.6770000001997687
107.21210419115242,1.066027723631301,False,0.0,False,False,False,59672.38131616216,0.7171287661128826,2022-04-02,False,105,64,-0.0031032511783776195,faint,62151946.35642129,,HD142860,2-4,0.714025514934505,4,1.7249999473278876
107.21210419115242,1.066027723631301,False,0.0,False,False,False,59672.38131616216,0.7303264315063536,2022-04-02,False,105,65,0.006942938823861766,faint,60469319.62705029,,HD142860,2-4,0.7372693703302153,5,1.7730000081428443
74.89690015236486,1.066027723631301,False,0.0,False,False,False,59672.38131616216,0.8160537393681021,2022-04-02,False,105,66,-0.03661234200717911,faint,48856423.97100072,,HD142860,3-4,0.779441397360923,0,1.5330000451285741
74.89690015236486,1.066027723631301,False,0.0,False,False,False,59672.38131616216,0.8261942015858598,2022-04-02,False,105,67,-0.030980447034400616,faint,47373118.60796297,,HD142860,3-4,0.7952137545514592,1,1.580999992256693
74.89690015236486,1.066027723631301,False,0.0,False,False,False,59672.38131616216,0.8355430063584517,2022-04-02,False,105,68,-0.023861069947162528,faint,45977223.88721777,,HD142860,3-4,0.8116819364112892,2,1.6290000530716497
74.89690015236486,1.066027723631301,False,0.0,False,False,False,59672.38131616216,0.8441776942202931,2022-04-02,False,105,69,-0.015132244730037603,faint,44661240.39561297,,HD142860,3-4,0.8290454494902555,3,1.6770000001997687
74.89690015236486,1.066027723631301,False,0.0,False,False,False,59672.38131616216,0.8521669802043965,2022-04-02,False,105,70,-0.02476462865104634,faint,43418494.16771517,,HD142860,3-4,0.8274023515533502,4,1.7249999473278876
74.89690015236486,1.066027723631301,False,0.0,False,False,False,59672.38131616216,0.8595718111454032,2022-04-02,False,105,71,-0.019040164690078076,faint,42243034.29689025,,HD142860,3-4,0.8405316464553251,5,1.7730000081428443
68.24160354514964,1.0861547362146218,False,0.0,False,False,False,58813.207080333144,0.8903780856468333,2019-11-25,False,104,0,0.003251983162854022,bright,44515069.495269425,,HR_2998,1-2,0.8936300688096873,0,1.5330000451285741
68.24160354514964,1.0861547362146218,False,0.0,False,False,False,58813.207080333144,0.8966370528714017,2019-11-25,False,104,1,-0.002352998165618181,bright,43163569.81617863,,HR_2998,1-2,0.8942840547057835,1,1.580999992256693
68.24160354514964,1.0861547362146218,False,0.0,False,False,False,58813.207080333144,0.9023830652947201,2019-11-25,False,104,2,0.007109150321368718,bright,41891713.51865396,,HR_2998,1-2,0.9094922156160888,2,1.6290000530716497
68.24160354514964,1.0861547362146218,False,0.0,False,False,False,58813.207080333144,0.9076697602698286,2019-11-25,False,104,3,-0.0006236893773535757,bright,40692667.5831965,,HR_2998,1-2,0.907046070892475,3,1.6770000001997687
68.24160354514964,1.0861547362146218,False,0.0,False,False,False,58813.207080333144,0.9125440997166226,2019-11-25,False,104,4,0.01389221736751256,bright,39560351.089204,,HR_2998,1-2,0.9264363170841352,4,1.7249999473278876
68.24160354514964,1.0861547362146218,False,0.0,False,False,False,58813.207080333144,0.9170472894091422,2019-11-25,False,104,5,0.013064296158421196,bright,38489341.924273506,,HR_2998,1-2,0.9301115855675633,5,1.7730000081428443
109.13715098238012,1.0861547362146218,False,0.0,False,False,False,58813.207080333144,0.7397186554075865,2019-11-25,False,104,6,0.015435695147816508,bright,71191877.21434587,,HR_2998,1-3,0.755154350555403,0,1.5330000451285741
109.13715098238012,1.0861547362146218,False,0.0,False,False,False,58813.207080333144,0.7534984745951782,2019-11-25,False,104,7,-0.0016070931518907816,bright,69030456.36742829,,HR_2998,1-3,0.7518913814432874,1,1.580999992256693
109.13715098238012,1.0861547362146218,False,0.0,False,False,False,58813.207080333144,0.766264156198715,2019-11-25,False,104,8,0.0033414597446875804,bright,66996407.26014135,,HR_2998,1-3,0.7696056159434026,2,1.6290000530716497
109.13715098238012,1.0861547362146218,False,0.0,False,False,False,58813.207080333144,0.7781068061951517,2019-11-25,False,104,9,-0.0051891347940121735,bright,65078802.009170786,,HR_2998,1-3,0.7729176714011395,3,1.6770000001997687
109.13715098238012,1.0861547362146218,False,0.0,False,False,False,58813.207080333144,0.7891084775472584,2019-11-25,False,104,10,-0.009996532189358365,bright,63267915.54483181,,HR_2998,1-3,0.7791119453579001,4,1.7249999473278876
109.13715098238012,1.0861547362146218,False,0.0,False,False,False,58813.207080333144,0.7993429911800873,2019-11-25,False,104,11,-0.007419052547193106,bright,61555076.41350633,,HR_2998,1-3,0.7919239386328942,5,1.7730000081428443
132.16668023580604,1.0861547362146218,False,0.0,False,False,False,58813.207080333144,0.6392209248541708,2019-11-25,False,104,12,0.008374314746184108,bright,86214400.74694917,,HR_2998,1-4,0.6475952396003549,0,1.5330000451285741
132.16668023580604,1.0861547362146218,False,0.0,False,False,False,58813.207080333144,0.6571924223176493,2019-11-25,False,104,13,-0.005375297555315073,bright,83596888.6041255,,HR_2998,1-4,0.6518171247623342,1,1.580999992256693
132.16668023580604,1.0861547362146218,False,0.0,False,False,False,58813.207080333144,0.6739623570272986,2019-11-25,False,104,14,-0.0002764158585452092,bright,81133625.49411337,,HR_2998,1-4,0.6736859411687534,2,1.6290000530716497
132.16668023580604,1.0861547362146218,False,0.0,False,False,False,58813.207080333144,0.6896225026462478,2019-11-25,False,104,15,-0.005072292737182682,bright,78811377.59097317,,HR_2998,1-4,0.6845502099090651,3,1.6770000001997687
132.16668023580604,1.0861547362146218,False,0.0,False,False,False,58813.207080333144,0.7042581663397386,2019-11-25,False,104,16,0.0027860800011477727,bright,76618367.69359845,,HR_2998,1-4,0.7070442463408864,4,1.7249999473278876
132.16668023580604,1.0861547362146218,False,0.0,False,False,False,58813.207080333144,0.7179481981602985,2019-11-25,False,104,17,0.01997250597949385,bright,74544094.54529333,,HR_2998,1-4,0.7379207041397924,5,1.7730000081428443
57.404597919885184,1.0861547362146218,False,0.0,False,False,False,58813.207080333144,0.9213327997796861,2019-11-25,False,104,18,0.026542985561300747,bright,37445920.56751741,,HR_2998,2-3,0.9478757853409868,0,1.5330000451285741
57.404597919885184,1.0861547362146218,False,0.0,False,False,False,58813.207080333144,0.9258863402069399,2019-11-25,False,104,19,0.014162801403563408,bright,36309043.77042205,,HR_2998,2-3,0.9400491416105033,1,1.580999992256693
57.404597919885184,1.0861547362146218,False,0.0,False,False,False,58813.207080333144,0.9300597798356876,2019-11-25,False,104,20,0.017224372068106564,bright,35239162.70698876,,HR_2998,2-3,0.9472841519037941,2,1.6290000530716497
57.404597919885184,1.0861547362146218,False,0.0,False,False,False,58813.207080333144,0.9338938105742384,2019-11-25,False,104,21,0.022875903083660165,bright,34230529.46514431,,HR_2998,2-3,0.9567697136578985,3,1.6770000001997687
57.404597919885184,1.0861547362146218,False,0.0,False,False,False,58813.207080333144,0.937423906147982,2019-11-25,False,104,22,0.023512879057093317,bright,33278028.79577348,,HR_2998,2-3,0.9609367852050753,4,1.7249999473278876
57.404597919885184,1.0861547362146218,False,0.0,False,False,False,58813.207080333144,0.9406810711383504,2019-11-25,False,104,23,0.029292810360304622,bright,32377099.63691117,,HR_2998,2-3,0.969973881498655,5,1.7730000081428443
122.0812359167894,1.0861547362146218,False,0.0,False,False,False,58813.207080333144,0.684082981213756,2019-11-25,False,104,24,0.006443040267741118,bright,79635507.05998208,,HR_2998,2-4,0.6905260214814971,0,1.5330000451285741
122.0812359167894,1.0861547362146218,False,0.0,False,False,False,58813.207080333144,0.7002739440441205,2019-11-25,False,104,25,-0.005140469766153344,bright,77217733.40588868,,HR_2998,2-4,0.6951334742779671,1,1.580999992256693
122.0812359167894,1.0861547362146218,False,0.0,False,False,False,58813.207080333144,0.7153314463012939,2019-11-25,False,104,26,-0.00014106386840762042,bright,74942438.2685516,,HR_2998,2-4,0.7151903824328862,2,1.6290000530716497
122.0812359167894,1.0861547362146218,False,0.0,False,False,False,58813.207080333144,0.7293494198619654,2019-11-25,False,104,27,-0.0009871143663221504,bright,72797397.67575835,,HR_2998,2-4,0.7283623054956433,3,1.6770000001997687
122.0812359167894,1.0861547362146218,False,0.0,False,False,False,58813.207080333144,0.7424137812686784,2019-11-25,False,104,28,-0.01162799384563551,bright,70771733.1272383,,HR_2998,2-4,0.7307857874230429,4,1.7249999473278876
122.0812359167894,1.0861547362146218,False,0.0,False,False,False,58813.207080333144,0.7546028673010359,2019-11-25,False,104,29,-0.001390310401638395,bright,68855744.70169644,,HR_2998,2-4,0.7532125568993975,5,1.7730000081428443
84.19685459580579,1.0861547362146218,False,0.0,False,False,False,58813.207080333144,0.8372497573891146,2019-11-25,False,104,30,-0.03271684258641294,bright,54922930.27867727,,HR_2998,3-4,0.8045329148027016,0,1.5330000451285741
84.19685459580579,1.0861547362146218,False,0.0,False,False,False,58813.207080333144,0.8463141372157629,2019-11-25,False,104,31,-0.037167312424897236,bright,53255442.76292159,,HR_2998,3-4,0.8091468247908656,1,1.580999992256693
84.19685459580579,1.0861547362146218,False,0.0,False,False,False,58813.207080333144,0.8546605816681785,2019-11-25,False,104,32,-0.011626144454088161,bright,51686219.67632464,,HR_2998,3-4,0.8430344372140903,2,1.6290000530716497
84.19685459580579,1.0861547362146218,False,0.0,False,False,False,58813.207080333144,0.8623608264781775,2019-11-25,False,104,33,-0.01849641453615658,bright,50206830.40296722,,HR_2998,3-4,0.8438644119420209,3,1.6770000001997687
84.19685459580579,1.0861547362146218,False,0.0,False,False,False,58813.207080333144,0.8694782080971509,2019-11-25,False,104,34,-0.02064732648850609,bright,48809772.27056208,,HR_2998,3-4,0.8488308816086448,4,1.7249999473278876
84.19685459580579,1.0861547362146218,False,0.0,False,False,False,58813.207080333144,0.876068718405409,2019-11-25,False,104,35,-0.02422501309510927,bright,47488355.44789369,,HR_2998,3-4,0.8518437053102997,5,1.7730000081428443
72.99662721944729,1.0861547362146218,False,0.0,False,False,False,58813.226092414756,0.8754340074458741,2019-11-25,False,104,36,0.007865254010103406,bright,47616846.0995218,,HR_2998,1-2,0.8832992614559775,0,1.5330000451285741
72.99662721944729,1.0861547362146218,False,0.0,False,False,False,58813.226092414756,0.8824979378165917,2019-11-25,False,104,37,-0.005888112995673822,bright,46171174.93799169,,HR_2998,1-2,0.8766098248209179,1,1.580999992256693
72.99662721944729,1.0861547362146218,False,0.0,False,False,False,58813.226092414756,0.8889882732435859,2019-11-25,False,104,38,0.0012685584344078737,bright,44810696.64902989,,HR_2998,1-2,0.8902568316779937,2,1.6290000530716497
72.99662721944729,1.0861547362146218,False,0.0,False,False,False,58813.226092414756,0.8949642711447737,2019-11-25,False,104,39,-0.0039429543924027755,bright,43528102.09347152,,HR_2998,1-2,0.891021316752371,3,1.6770000001997687
72.99662721944729,1.0861547362146218,False,0.0,False,False,False,58813.226092414756,0.9004779296733435,2019-11-25,False,104,40,0.009097703934214496,bright,42316886.63673455,,HR_2998,1-2,0.909575633607558,4,1.7249999473278876
72.99662721944729,1.0861547362146218,False,0.0,False,False,False,58813.226092414756,0.9055749648370185,2019-11-25,False,104,41,0.010247511894349914,bright,41171250.357696675,,HR_2998,1-2,0.9158224767313684,5,1.7730000081428443
113.85312425926512,1.0861547362146218,False,0.0,False,False,False,58813.226092414756,0.7197571525266785,2019-11-25,False,104,42,0.014396158493167444,bright,74268180.63121201,,HR_2998,1-3,0.7341533110198459,0,1.5330000451285741
113.85312425926512,1.0861547362146218,False,0.0,False,False,False,58813.226092414756,0.7344267858632092,2019-11-25,False,104,43,-0.0036894123815807145,bright,72013361.68051024,,HR_2998,1-3,0.7307373734816285,1,1.580999992256693
113.85312425926512,1.0861547362146218,False,0.0,False,False,False,58813.226092414756,0.7480351555951134,2019-11-25,False,104,44,-0.007280064866307057,bright,69891418.3855201,,HR_2998,1-3,0.7407550907288063,2,1.6290000530716497
113.85312425926512,1.0861547362146218,False,0.0,False,False,False,58813.226092414756,0.7606750772989214,2019-11-25,False,104,45,-0.019208604887399394,bright,67890950.65337068,,HR_2998,1-3,0.741466472411522,3,1.6770000001997687
113.85312425926512,1.0861547362146218,False,0.0,False,False,False,58813.226092414756,0.7724305707780449,2019-11-25,False,104,46,-0.019954799302198345,bright,66001813.18012755,,HR_2998,1-3,0.7524757714758465,4,1.7249999473278876
113.85312425926512,1.0861547362146218,False,0.0,False,False,False,58813.226092414756,0.783377562278444,2019-11-25,False,104,47,-0.014878517756706233,bright,64214959.80618878,,HR_2998,1-3,0.7684990445217378,5,1.7730000081428443
132.3412847030612,1.0861547362146218,False,0.0,False,False,False,58813.226092414756,0.638435833633406,2019-11-25,False,104,48,0.010430333041442585,bright,86328297.98251025,,HR_2998,1-4,0.6488661666748485,0,1.5330000451285741
132.3412847030612,1.0861547362146218,False,0.0,False,False,False,58813.226092414756,0.6564371127490188,2019-11-25,False,104,49,0.0015349208702687411,bright,83707327.8628923,,HR_2998,1-4,0.6579720336192876,1,1.580999992256693
132.3412847030612,1.0861547362146218,False,0.0,False,False,False,58813.226092414756,0.673235869169306,2019-11-25,False,104,50,0.005155322821102315,bright,81240810.5533931,,HR_2998,1-4,0.6783911919904083,2,1.6290000530716497
132.3412847030612,1.0861547362146218,False,0.0,False,False,False,58813.226092414756,0.688923803224987,2019-11-25,False,104,51,-0.007705197910475303,bright,78915494.74495907,,HR_2998,1-4,0.6812186053145117,3,1.6770000001997687
132.3412847030612,1.0861547362146218,False,0.0,False,False,False,58813.226092414756,0.7035861813283149,2019-11-25,False,104,52,0.006212432616773178,bright,76719587.67770664,,HR_2998,1-4,0.709798613945088,4,1.7249999473278876
132.3412847030612,1.0861547362146218,False,0.0,False,False,False,58813.226092414756,0.7173018370713367,2019-11-25,False,104,53,0.014036274627768575,bright,74642574.22180392,,HR_2998,1-4,0.7313381116991052,5,1.7730000081428443
57.72526466688395,1.0861547362146218,False,0.0,False,False,False,58813.226092414756,0.9204817860128943,2019-11-25,False,104,54,0.02348689666906212,bright,37655096.521567605,,HR_2998,2-3,0.9439686826819564,0,1.5330000451285741
57.72526466688395,1.0861547362146218,False,0.0,False,False,False,58813.226092414756,0.9250828855469886,2019-11-25,False,104,55,-0.0010270555721092478,bright,36511869.03833432,,HR_2998,2-3,0.9240558299748793,1,1.580999992256693
57.72526466688395,1.0861547362146218,False,0.0,False,False,False,58813.226092414756,0.9293001028577836,2019-11-25,False,104,56,0.008078244287465175,bright,35436011.53237346,,HR_2998,2-3,0.9373783471452488,2,1.6290000530716497
57.72526466688395,1.0861547362146218,False,0.0,False,False,False,58813.226092414756,0.9331745091367469,2019-11-25,False,104,57,-0.001416551927005516,bright,34421743.98330803,,HR_2998,2-3,0.9317579572097414,3,1.6770000001997687
57.72526466688395,1.0861547362146218,False,0.0,False,False,False,58813.226092414756,0.9367419128463567,2019-11-25,False,104,58,0.01831844991956444,bright,33463922.567825764,,HR_2998,2-3,0.9550603627659211,4,1.7249999473278876
57.72526466688395,1.0861547362146218,False,0.0,False,False,False,58813.226092414756,0.9400336143610506,2019-11-25,False,104,59,0.015960364861553833,bright,32557960.7454989,,HR_2998,2-3,0.9559939792226044,5,1.7730000081428443
123.03253399864404,1.0861547362146218,False,0.0,False,False,False,58813.226092414756,0.6798985684742646,2019-11-25,False,104,60,0.01662986132916211,bright,80256053.73568347,,HR_2998,2-4,0.6965284298034267,0,1.5330000451285741
123.03253399864404,1.0861547362146218,False,0.0,False,False,False,58813.226092414756,0.6962619950922174,2019-11-25,False,104,61,0.003980329753878187,bright,77819439.97547366,,HR_2998,2-4,0.7002423248460956,1,1.580999992256693
123.03253399864404,1.0861547362146218,False,0.0,False,False,False,58813.226092414756,0.7114845246880893,2019-11-25,False,104,62,0.012538171929565523,bright,75526414.97257987,,HR_2998,2-4,0.7240226966176548,2,1.6290000530716497
123.03253399864404,1.0861547362146218,False,0.0,False,False,False,58813.226092414756,0.7256600562140152,2019-11-25,False,104,63,0.006158761403291746,bright,73364659.50148365,,HR_2998,2-4,0.7318188176173069,3,1.6770000001997687
123.03253399864404,1.0861547362146218,False,0.0,False,False,False,58813.226092414756,0.7388745913570113,2019-11-25,False,104,64,-0.0002524719116434593,bright,71323210.29297866,,HR_2998,2-4,0.7386221194453678,4,1.7249999473278876
123.03253399864404,1.0861547362146218,False,0.0,False,False,False,58813.226092414756,0.7512066344774053,2019-11-25,False,104,65,-0.0004746553220240646,bright,69392291.84071822,,HR_2998,2-4,0.7507319791553813,5,1.7730000081428443
87.24831451356847,1.0861547362146218,False,0.0,False,False,False,58813.226092414756,0.8261754414151808,2019-11-25,False,104,66,-0.009238524413326954,bright,56913445.49585508,,HR_2998,3-4,0.8169369170018539,0,1.5330000451285741
87.24831451356847,1.0861547362146218,False,0.0,False,False,False,58813.226092414756,0.8358044072658717,2019-11-25,False,104,67,-0.019169608972814278,bright,55185524.94679755,,HR_2998,3-4,0.8166347982930574,1,1.580999992256693
87.24831451356847,1.0861547362146218,False,0.0,False,False,False,58813.226092414756,0.8446764823517361,2019-11-25,False,104,68,-0.006368154385594793,bright,53559430.1234384,,HR_2998,3-4,0.8383083279661413,2,1.6290000530716497
87.24831451356847,1.0861547362146218,False,0.0,False,False,False,58813.226092414756,0.8528665114172285,2019-11-25,False,104,69,-0.006763960108484013,bright,52026424.86772524,,HR_2998,3-4,0.8461025513087445,3,1.6770000001997687
87.24831451356847,1.0861547362146218,False,0.0,False,False,False,58813.226092414756,0.8604407033324115,2019-11-25,False,104,70,-0.001396749295759614,bright,50578734.59574334,,HR_2998,3-4,0.8590439540366519,4,1.7249999473278876
87.24831451356847,1.0861547362146218,False,0.0,False,False,False,58813.226092414756,0.8674576898529299,2019-11-25,False,104,71,0.004764331784911757,bright,49209427.02361183,,HR_2998,3-4,0.8722220216378417,5,1.7730000081428443
63.36394528852091,1.0642354034841182,False,0.0,False,False,False,58812.19185073241,0.9165411726928291,2019-11-24,False,104,0,-0.0001540207495325241,faint,41333296.42740259,,HR_2998,1-2,0.9163871519432966,0,1.5330000451285741
63.36394528852091,1.0642354034841182,False,0.0,False,False,False,58812.19185073241,0.9213620036204783,2019-11-24,False,104,1,-0.0024366946426320757,faint,40078396.96322596,,HR_2998,1-2,0.9189253089778462,1,1.580999992256693
63.36394528852091,1.0642354034841182,False,0.0,False,False,False,58812.19185073241,0.9257815368168024,2019-11-24,False,104,2,-0.0011812715520959083,faint,38897448.26529721,,HR_2998,1-2,0.9246002652647065,2,1.6290000530716497
63.36394528852091,1.0642354034841182,False,0.0,False,False,False,58812.19185073241,0.9298425825630166,2019-11-24,False,104,3,-0.013497057196212192,faint,37784105.713162094,,HR_2998,1-2,0.9163455253668044,3,1.6770000001997687
63.36394528852091,1.0642354034841182,False,0.0,False,False,False,58812.19185073241,0.9335824854502193,2019-11-24,False,104,4,-0.006054028883912377,faint,36732723.02800639,,HR_2998,1-2,0.9275284565663069,4,1.7249999473278876
63.36394528852091,1.0642354034841182,False,0.0,False,False,False,58812.19185073241,0.9370339042763172,2019-11-24,False,104,5,-0.009521900605995448,faint,35738265.65003371,,HR_2998,1-2,0.9275120036703217,5,1.7730000081428443
104.53223329775523,1.0642354034841182,False,0.0,False,False,False,58812.19185073241,0.786518358093158,2019-11-24,False,104,6,0.008296895253272818,faint,68188017.10406213,,HR_2998,1-3,0.7948152533464308,0,1.5330000451285741
104.53223329775523,1.0642354034841182,False,0.0,False,False,False,58812.19185073241,0.7981092057731233,2019-11-24,False,104,7,0.017052308648816128,faint,66117794.946063004,,HR_2998,1-3,0.8151615144219394,1,1.580999992256693
104.53223329775523,1.0642354034841182,False,0.0,False,False,False,58812.19185073241,0.8088146806835271,2019-11-24,False,104,8,0.0038373368707056432,faint,64169570.22232675,,HR_2998,1-3,0.8126520175542328,2,1.6290000530716497
104.53223329775523,1.0642354034841182,False,0.0,False,False,False,58812.19185073241,0.8187188599489351,2019-11-24,False,104,9,-0.006728616301574286,faint,62332876.139119305,,HR_2998,1-3,0.8119902436473608,3,1.6770000001997687
104.53223329775523,1.0642354034841182,False,0.0,False,False,False,58812.19185073241,0.827896681000969,2019-11-24,False,104,10,-0.012573390340368862,faint,60598397.964986004,,HR_2998,1-3,0.8153232906606002,4,1.7249999473278876
104.53223329775523,1.0642354034841182,False,0.0,False,False,False,58812.19185073241,0.8364149491502425,2019-11-24,False,104,11,-0.017201591528053006,faint,58957830.12840992,,HR_2998,1-3,0.8192133576221895,5,1.7730000081428443
118.25713666219954,1.0642354034841182,False,0.0,False,False,False,58812.19185073241,0.7341237273161046,2019-11-24,False,104,12,0.014776810515807592,faint,77140987.07171349,,HR_2998,1-4,0.7489005378319122,0,1.5330000451285741
118.25713666219954,1.0642354034841182,False,0.0,False,False,False,58812.19185073241,0.7481556653622407,2019-11-24,False,104,13,0.0062317563290318345,faint,74798948.28677467,,HR_2998,1-4,0.7543874216912725,1,1.580999992256693
118.25713666219954,1.0642354034841182,False,0.0,False,False,False,58812.19185073241,0.7611597785061018,2019-11-24,False,104,14,0.011151212171615965,faint,72594924.99046478,,HR_2998,1-4,0.7723109906777178,2,1.6290000530716497
118.25713666219954,1.0642354034841182,False,0.0,False,False,False,58812.19185073241,0.773227730042117,2019-11-24,False,104,15,0.0024068210965094705,faint,70517076.11694242,,HR_2998,1-4,0.7756345511386264,3,1.6770000001997687
118.25713666219954,1.0642354034841182,False,0.0,False,False,False,58812.19185073241,0.7844421892062541,2019-11-24,False,104,16,0.0070021261330260876,faint,68554863.92645162,,HR_2998,1-4,0.7914443153392802,4,1.7249999473278876
118.25713666219954,1.0642354034841182,False,0.0,False,False,False,58812.19185073241,0.7948776211506687,2019-11-24,False,104,17,0.01649514658485618,faint,66698892.34014712,,HR_2998,1-4,0.8113727677355249,5,1.7730000081428443
57.10655416950259,1.0642354034841182,False,0.0,False,False,False,58812.19185073241,0.9317487398690985,2019-11-24,False,104,18,0.03725318317400339,faint,37251501.94937731,,HR_2998,2-3,0.9690019230431018,0,1.5330000451285741
57.10655416950259,1.0642354034841182,False,0.0,False,False,False,58812.19185073241,0.9357171521398113,2019-11-24,False,104,19,0.022995776810209256,faint,36120527.79835226,,HR_2998,2-3,0.9587129289500206,1,1.580999992256693
57.10655416950259,1.0642354034841182,False,0.0,False,False,False,58812.19185073241,0.939352330096479,2019-11-24,False,104,20,0.020986281675166363,faint,35056201.54021617,,HR_2998,2-3,0.9603386117716454,2,1.6290000530716497
57.10655416950259,1.0642354034841182,False,0.0,False,False,False,58812.19185073241,0.9426902168681507,2019-11-24,False,104,21,0.020377799651162265,faint,34052805.10596297,,HR_2998,2-3,0.963068016519313,3,1.6770000001997687
57.10655416950259,1.0642354034841182,False,0.0,False,False,False,58812.19185073241,0.9457621032037461,2019-11-24,False,104,22,0.022018723537394203,faint,33105249.80476871,,HR_2998,2-3,0.9677808267411403,4,1.7249999473278876
57.10655416950259,1.0642354034841182,False,0.0,False,False,False,58812.19185073241,0.9485953036780388,2019-11-24,False,104,23,0.0300336804763931,faint,32208998.255628724,,HR_2998,2-3,0.9786289841544319,5,1.7730000081428443
89.10691368224931,1.0642354034841182,False,0.0,False,False,False,58812.19185073241,0.8406726562294632,2019-11-24,False,104,24,0.035182264510019046,faint,58125838.916577354,,HR_2998,2-4,0.8758549207394822,0,1.5330000451285741
89.10691368224931,1.0642354034841182,False,0.0,False,False,False,58812.19185073241,0.8495610907564203,2019-11-24,False,104,25,0.02529622069105053,faint,56361109.49947545,,HR_2998,2-4,0.8748573114474708,1,1.580999992256693
89.10691368224931,1.0642354034841182,False,0.0,False,False,False,58812.19185073241,0.8577438976135161,2019-11-24,False,104,26,0.02286262361774749,faint,54700374.94119716,,HR_2998,2-4,0.8806065212312636,2,1.6290000530716497
89.10691368224931,1.0642354034841182,False,0.0,False,False,False,58812.19185073241,0.8652918049980949,2019-11-24,False,104,27,0.01956245863331796,faint,53134712.98248936,,HR_2998,2-4,0.8848542636314128,3,1.6770000001997687
89.10691368224931,1.0642354034841182,False,0.0,False,False,False,58812.19185073241,0.8722672234791443,2019-11-24,False,104,28,0.008994828229489382,faint,51656183.422080934,,HR_2998,2-4,0.8812620517086337,4,1.7249999473278876
89.10691368224931,1.0642354034841182,False,0.0,False,False,False,58812.19185073241,0.8787252977977202,2019-11-24,False,104,29,0.01876755508881489,faint,50257706.30175332,,HR_2998,2-4,0.8974928528865351,5,1.7730000081428443
40.425513656867565,1.0642354034841182,False,0.0,False,False,False,58812.19185073241,0.9652921470147383,2019-11-24,False,104,30,-0.012541815106205556,faint,26370197.303860508,,HR_2998,3-4,0.9527503319085328,0,1.5330000451285741
40.425513656867565,1.0642354034841182,False,0.0,False,False,False,58812.19185073241,0.9673388219030065,2019-11-24,False,104,31,-0.020035377014944733,faint,25569584.980936565,,HR_2998,3-4,0.9473034448880617,1,1.580999992256693
40.425513656867565,1.0642354034841182,False,0.0,False,False,False,58812.19185073241,0.9692104371453808,2019-11-24,False,104,32,-0.00998570177191549,faint,24816152.44925317,,HR_2998,3-4,0.9592247353734653,2,1.6290000530716497
40.425513656867565,1.0642354034841182,False,0.0,False,False,False,58812.19185073241,0.9709263115982899,2019-11-24,False,104,33,-0.016117721463029255,faint,24105851.909392945,,HR_2998,3-4,0.9548085901352606,3,1.6770000001997687
40.425513656867565,1.0642354034841182,False,0.0,False,False,False,58812.19185073241,0.972503193009184,2019-11-24,False,104,34,-0.02258774354325832,faint,23435081.09637263,,HR_2998,3-4,0.9499154494659257,4,1.7249999473278876
40.425513656867565,1.0642354034841182,False,0.0,False,False,False,58812.19185073241,0.9739556454563213,2019-11-24,False,104,35,0.005878019623490882,faint,22800628.01534439,,HR_2998,3-4,0.9798336650798122,5,1.7730000081428443
71.36072323322162,1.0642354034841182,False,0.0,False,False,False,58812.22206935509,0.8951680449568848,2019-11-24,False,104,36,0.012848879563835625,faint,46549720.24298703,,HR_2998,1-2,0.9080169245207205,0,1.5330000451285741
71.36072323322162,1.0642354034841182,False,0.0,False,False,False,58812.22206935509,0.9011664412043215,2019-11-24,False,104,37,-0.0010534052970145868,faint,45136447.553907014,,HR_2998,1-2,0.900113035907307,1,1.580999992256693
71.36072323322162,1.0642354034841182,False,0.0,False,False,False,58812.22206935509,0.9066718050741106,2019-11-24,False,104,38,0.00985157418399718,faint,43806458.50726863,,HR_2998,1-2,0.9165233792581078,2,1.6290000530716497
71.36072323322162,1.0642354034841182,False,0.0,False,False,False,58812.22206935509,0.9117358854912007,2019-11-24,False,104,39,0.001719775495911846,faint,42552607.76667915,,HR_2998,1-2,0.9134556609871125,3,1.6770000001997687
71.36072323322162,1.0642354034841182,False,0.0,False,False,False,58812.22206935509,0.9164039595457749,2019-11-24,False,104,40,0.008649833968848109,faint,41368536.47083468,,HR_2998,1-2,0.925053793514623,4,1.7249999473278876
71.36072323322162,1.0642354034841182,False,0.0,False,False,False,58812.22206935509,0.9207157299125979,2019-11-24,False,104,41,0.007764304613461559,faint,40248574.678783834,,HR_2998,1-2,0.9284800345260594,5,1.7730000081428443
112.20364898422463,1.0642354034841182,False,0.0,False,False,False,58812.22206935509,0.7576558440099976,2019-11-24,False,104,42,-0.0068757952652626075,faint,73192202.00989231,,HR_2998,1-3,0.750780048744735,0,1.5330000451285741
112.20364898422463,1.0642354034841182,False,0.0,False,False,False,58812.22206935509,0.7706133898587532,2019-11-24,False,104,43,-0.01859709912292562,faint,70970050.30598831,,HR_2998,1-3,0.7520162907358275,1,1.580999992256693
112.20364898422463,1.0642354034841182,False,0.0,False,False,False,58812.22206935509,0.782603160230244,2019-11-24,False,104,44,-0.02208721017618953,faint,68878849.18889531,,HR_2998,1-3,0.7605159500540545,2,1.6290000530716497
112.20364898422463,1.0642354034841182,False,0.0,False,False,False,58812.22206935509,0.7937140656218107,2019-11-24,False,104,45,-0.03093458169357821,faint,66907363.727405265,,HR_2998,1-3,0.7627794839282325,3,1.6770000001997687
112.20364898422463,1.0642354034841182,False,0.0,False,False,False,58812.22206935509,0.8040258440932931,2019-11-24,False,104,46,-0.03422281886839584,faint,65045595.600181766,,HR_2998,1-3,0.7698030252248973,4,1.7249999473278876
112.20364898422463,1.0642354034841182,False,0.0,False,False,False,58812.22206935509,0.8136099693315738,2019-11-24,False,104,47,-0.03996366374200988,faint,63284629.70609574,,HR_2998,1-3,0.7736463055895639,5,1.7730000081428443
121.64229852122014,1.0642354034841182,False,0.0,False,False,False,58812.22206935509,0.7207076271913246,2019-11-24,False,104,48,0.002948148487020963,faint,79349181.30483022,,HR_2998,1-4,0.7236557756783456,0,1.5330000451285741
121.64229852122014,1.0642354034841182,False,0.0,False,False,False,58812.22206935509,0.7353355066827973,2019-11-24,False,104,49,-0.0025913194911963977,faint,76940100.64325804,,HR_2998,1-4,0.732744187191601,1,1.580999992256693
121.64229852122014,1.0642354034841182,False,0.0,False,False,False,58812.22206935509,0.7489042584162937,2019-11-24,False,104,50,-5.607613315472548e-05,faint,74672986.22357371,,HR_2998,1-4,0.748848182283139,2,1.6290000530716497
121.64229852122014,1.0642354034841182,False,0.0,False,False,False,58812.22206935509,0.7615066341550921,2019-11-24,False,104,51,-0.011600433650754027,faint,72535658.0242873,,HR_2998,1-4,0.7499062005043381,3,1.6770000001997687
121.64229852122014,1.0642354034841182,False,0.0,False,False,False,58812.22206935509,0.7732265746945682,2019-11-24,False,104,52,-2.0098906105991965e-05,faint,70517276.65826902,,HR_2998,1-4,0.7732064757884622,4,1.7249999473278876
121.64229852122014,1.0642354034841182,False,0.0,False,False,False,58812.22206935509,0.7841399182416521,2019-11-24,False,104,53,-0.001874571928997315,faint,68608177.07983893,,HR_2998,1-4,0.7822653463126548,5,1.7730000081428443
57.60941955437199,1.0642354034841182,False,0.0,False,False,False,58812.22206935509,0.9305775638986783,2019-11-24,False,104,54,0.036678241385804444,faint,37579528.93572174,,HR_2998,2-3,0.9672558052844827,0,1.5330000451285741
57.60941955437199,1.0642354034841182,False,0.0,False,False,False,58812.22206935509,0.9346120468787578,2019-11-24,False,104,55,0.030109340653264427,faint,36438595.722028606,,HR_2998,2-3,0.9647213875320222,1,1.580999992256693
57.60941955437199,1.0642354034841182,False,0.0,False,False,False,58812.22206935509,0.9383079721220494,2019-11-24,False,104,56,0.029994486240118245,faint,35364897.28514337,,HR_2998,2-3,0.9683024583621677,2,1.6290000530716497
57.60941955437199,1.0642354034841182,False,0.0,False,False,False,58812.22206935509,0.9417018265326983,2019-11-24,False,104,57,0.03502097555934547,faint,34352665.20423936,,HR_2998,2-3,0.9767228020920438,3,1.6770000001997687
57.60941955437199,1.0642354034841182,False,0.0,False,False,False,58812.22206935509,0.9448253791154453,2019-11-24,False,104,58,0.039171985499933726,faint,33396765.97881171,,HR_2998,2-3,0.983997364615379,4,1.7249999473278876
57.60941955437199,1.0642354034841182,False,0.0,False,False,False,58812.22206935509,0.9477063657657584,2019-11-24,False,104,59,0.03528398286244361,faint,32492622.27286499,,HR_2998,2-3,0.982990348628202,5,1.7730000081428443
89.07164077816716,1.0642354034841182,False,0.0,False,False,False,58812.22206935509,0.8407897998964667,2019-11-24,False,104,60,0.024121433303162076,faint,58102829.847403325,,HR_2998,2-4,0.8649112331996288,0,1.5330000451285741
89.07164077816716,1.0642354034841182,False,0.0,False,False,False,58812.22206935509,0.8496722009965458,2019-11-24,False,104,61,0.0035529723163110205,faint,56338798.99710043,,HR_2998,2-4,0.8532251733128569,1,1.580999992256693
89.07164077816716,1.0642354034841182,False,0.0,False,False,False,58812.22206935509,0.8578493978628108,2019-11-24,False,104,62,0.016786282391176188,faint,54678721.83933529,,HR_2998,2-4,0.874635680253987,2,1.6290000530716497
89.07164077816716,1.0642354034841182,False,0.0,False,False,False,58812.22206935509,0.8653920838225814,2019-11-24,False,104,63,0.0028431757564646443,faint,53113679.646724336,,HR_2998,2-4,0.868235259579046,3,1.6770000001997687
89.07164077816716,1.0642354034841182,False,0.0,False,False,False,58812.22206935509,0.8723626374405924,2019-11-24,False,104,64,-0.006789127218982061,faint,51635735.361119084,,HR_2998,2-4,0.8655735102216103,4,1.7249999473278876
89.07164077816716,1.0642354034841182,False,0.0,False,False,False,58812.22206935509,0.8788161742059389,2019-11-24,False,104,65,-0.002830232151475709,faint,50237811.826897055,,HR_2998,2-4,0.8759859420544632,5,1.7730000081428443
42.11433169144431,1.0642354034841182,False,0.0,False,False,False,58812.22206935509,0.9623790687845756,2019-11-24,False,104,66,-0.028161050903526053,faint,27471839.824970223,,HR_2998,3-4,0.9342180178810495,0,1.5330000451285741
42.11433169144431,1.0642354034841182,False,0.0,False,False,False,58812.22206935509,0.964594862767653,2019-11-24,False,104,67,-0.02846910111226819,faint,26637781.086469848,,HR_2998,3-4,0.9361257616553849,1,1.580999992256693
42.11433169144431,1.0642354034841182,False,0.0,False,False,False,58812.22206935509,0.9666214268668027,2019-11-24,False,104,68,-0.0245789961789753,faint,25852873.124241672,,HR_2998,3-4,0.9420424306878274,2,1.6290000530716497
42.11433169144431,1.0642354034841182,False,0.0,False,False,False,58812.22206935509,0.9684796038171395,2019-11-24,False,104,69,-0.02696064234682638,faint,25112899.03782203,,HR_2998,3-4,0.9415189614703131,3,1.6770000001997687
42.11433169144431,1.0642354034841182,False,0.0,False,False,False,58812.22206935509,0.970187468787157,2019-11-24,False,104,70,-0.02409149755459672,faint,24414106.07384745,,HR_2998,3-4,0.9460959712325603,4,1.7249999473278876
42.11433169144431,1.0642354034841182,False,0.0,False,False,False,58812.22206935509,0.9717607452087005,2019-11-24,False,104,71,-0.018690867156109015,faint,23753148.05303222,,HR_2998,3-4,0.9530698780525915,5,1.7730000081428443
84.95265563518308,1.0420470163647095,False,0.0,False,False,False,59462.25969305993,0.3612010146149117,2021-09-04,False,106,0,-0.0020770318251820408,bright,55415951.16395318,,bet_Hyi,1-2,0.3591239827897297,0,1.5330000451285741
84.95265563518308,1.0420470163647095,False,0.0,False,False,False,59462.25969305993,0.3860205664316913,2021-09-04,False,106,1,-0.0003472404371829829,bright,53733495.28858825,,bet_Hyi,1-2,0.3856733259945083,1,1.580999992256693
84.95265563518308,1.0420470163647095,False,0.0,False,False,False,59462.25969305993,0.4098677521832234,2021-09-04,False,106,2,0.0024973303739348474,bright,52150185.92233682,,bet_Hyi,1-2,0.41236508255715826,2,1.6290000530716497
84.95265563518308,1.0420470163647095,False,0.0,False,False,False,59462.25969305993,0.4327319945043961,2021-09-04,False,106,3,0.0004436717583797267,bright,50657516.77105742,,bet_Hyi,1-2,0.4331756662627758,3,1.6770000001997687
84.95265563518308,1.0420470163647095,False,0.0,False,False,False,59462.25969305993,0.4546171638903494,2021-09-04,False,106,4,0.0007403118337059311,bright,49247917.81401446,,bet_Hyi,1-2,0.4553574757240553,4,1.7249999473278876
84.95265563518308,1.0420470163647095,False,0.0,False,False,False,59462.25969305993,0.4755378175339883,2021-09-04,False,106,5,-0.004241748374296583,bright,47914639.168088906,,bet_Hyi,1-2,0.47129606915969174,5,1.7730000081428443
129.1558885239455,1.0420470163647095,False,0.0,False,False,False,59462.25969305993,0.06224142034476717,2021-09-04,False,106,6,0.00024952206473038974,bright,84250414.03903747,,bet_Hyi,1-3,0.06249094240949756,0,1.5330000451285741
129.1558885239455,1.0420470163647095,False,0.0,False,False,False,59462.25969305993,0.07780331877794874,2021-09-04,False,106,7,-0.0013550201947356844,bright,81692529.51076269,,bet_Hyi,1-3,0.07644829858321306,1,1.580999992256693
129.1558885239455,1.0420470163647095,False,0.0,False,False,False,59462.25969305993,0.09439634117495012,2021-09-04,False,106,8,-0.0010340364960115533,bright,79285380.18179224,,bet_Hyi,1-3,0.09336230467893857,2,1.6290000530716497
129.1558885239455,1.0420470163647095,False,0.0,False,False,False,59462.25969305993,0.11181147539615616,2021-09-04,False,106,9,-0.0013650808469793524,bright,77016033.6962195,,bet_Hyi,1-3,0.1104463945491768,3,1.6770000001997687
129.1558885239455,1.0420470163647095,False,0.0,False,False,False,59462.25969305993,0.12985779626150346,2021-09-04,False,106,10,-0.0017425390777744965,bright,74872981.14067453,,bet_Hyi,1-3,0.12811525718372896,4,1.7249999473278876
129.1558885239455,1.0420470163647095,False,0.0,False,False,False,59462.25969305993,0.1483638691432461,2021-09-04,False,106,11,-0.0032672622924579398,bright,72845960.47984895,,bet_Hyi,1-3,0.14509660685078815,5,1.7730000081428443
110.16535968240652,1.0420470163647095,False,0.0,False,False,False,59462.25969305993,0.15784371604102956,2021-09-04,False,106,12,0.005532925847082926,bright,71862593.89390093,,bet_Hyi,1-4,0.1633766418881125,0,1.5330000451285741
110.16535968240652,1.0420470163647095,False,0.0,False,False,False,59462.25969305993,0.18003770606633973,2021-09-04,False,106,13,0.0011721379520073516,bright,69680809.75456446,,bet_Hyi,1-4,0.18120984401834708,1,1.580999992256693
110.16535968240652,1.0420470163647095,False,0.0,False,False,False,59462.25969305993,0.20236419288744625,2021-09-04,False,106,14,-0.003371185975906299,bright,67627597.35622981,,bet_Hyi,1-4,0.19899300691153995,2,1.6290000530716497
110.16535968240652,1.0420470163647095,False,0.0,False,False,False,59462.25969305993,0.22465904601074393,2021-09-04,False,106,15,-0.002852140225471561,bright,65691925.861230366,,bet_Hyi,1-4,0.22180690578527237,3,1.6770000001997687
110.16535968240652,1.0420470163647095,False,0.0,False,False,False,59462.25969305993,0.24678723570460911,2021-09-04,False,106,16,-0.002236655930279302,bright,63863978.57754039,,bet_Hyi,1-4,0.2445505797743298,4,1.7249999473278876
110.16535968240652,1.0420470163647095,False,0.0,False,False,False,59462.25969305993,0.2686391955173244,2021-09-04,False,106,17,-0.0031541693146928673,bright,62135002.35558425,,bet_Hyi,1-4,0.26548502620263154,5,1.7730000081428443
51.75298167689702,1.0420470163647095,False,0.0,False,False,False,59462.25969305993,0.699680749185171,2021-09-04,False,106,18,0.017079510086333682,bright,33759282.552765,,bet_Hyi,2-3,0.7167602592715047,0,1.5330000451285741
51.75298167689702,1.0420470163647095,False,0.0,False,False,False,59462.25969305993,0.7152224092710073,2021-09-04,False,106,19,0.013469979549444955,bright,32734333.921802033,,bet_Hyi,2-3,0.7286923888204523,1,1.580999992256693
51.75298167689702,1.0420470163647095,False,0.0,False,False,False,59462.25969305993,0.729659429740824,2021-09-04,False,106,20,0.01690760858817475,bright,31769785.13862622,,bet_Hyi,2-3,0.7465670383289987,2,1.6290000530716497
51.75298167689702,1.0420470163647095,False,0.0,False,False,False,59462.25969305993,0.7430856920640696,2021-09-04,False,106,21,0.014537215812394977,bright,30860454.186483048,,bet_Hyi,2-3,0.7576229078764646,3,1.6770000001997687
51.75298167689702,1.0420470163647095,False,0.0,False,False,False,59462.25969305993,0.7555866499299186,2021-09-04,False,106,22,0.03561165710056746,bright,30001729.424435645,,bet_Hyi,2-3,0.7911983070304861,4,1.7249999473278876
51.75298167689702,1.0420470163647095,False,0.0,False,False,False,59462.25969305993,0.7672398931845332,2021-09-04,False,106,23,0.028121480715158187,bright,29189498.837682728,,bet_Hyi,2-3,0.7953613738996914,5,1.7730000081428443
81.05654012496765,1.0420470163647095,False,0.0,False,False,False,59462.25969305993,0.39890388043830954,2021-09-04,False,106,24,-0.02731162086446559,bright,52874453.841369174,,bet_Hyi,2-4,0.37159225957384395,0,1.5330000451285741
81.05654012496765,1.0420470163647095,False,0.0,False,False,False,59462.25969305993,0.42332154154387375,2021-09-04,False,106,25,-0.02466369269141161,bright,51269159.09042409,,bet_Hyi,2-4,0.39865784885246214,1,1.580999992256693
81.05654012496765,1.0420470163647095,False,0.0,False,False,False,59462.25969305993,0.4466605290816073,2021-09-04,False,106,26,-0.01576117587949394,bright,49758463.771764204,,bet_Hyi,2-4,0.43089935320211337,2,1.6290000530716497
81.05654012496765,1.0420470163647095,False,0.0,False,False,False,59462.25969305993,0.46893298926024174,2021-09-04,False,106,27,-0.023666527229101397,bright,48334251.708593905,,bet_Hyi,2-4,0.44526646203114034,3,1.6770000001997687
81.05654012496765,1.0420470163647095,False,0.0,False,False,False,59462.25969305993,0.4901618921438426,2021-09-04,False,106,28,-0.0358436857819327,bright,46989300.057967156,,bet_Hyi,2-4,0.4543182063619099,4,1.7249999473278876
81.05654012496765,1.0420470163647095,False,0.0,False,False,False,59462.25969305993,0.5103777641375321,2021-09-04,False,106,29,-0.03685104394553207,bright,45717168.50124076,,bet_Hyi,2-4,0.47352672019200004,5,1.7730000081428443
68.75723739258045,1.0420470163647095,False,0.0,False,False,False,59462.25969305993,0.5241922370639457,2021-09-04,False,106,30,-0.03419390746767165,bright,44851425.55022803,,bet_Hyi,3-4,0.48999832959627404,0,1.5330000451285741
68.75723739258045,1.0420470163647095,False,0.0,False,False,False,59462.25969305993,0.5459812427720431,2021-09-04,False,106,31,-0.018769059407020006,bright,43489713.93379801,,bet_Hyi,3-4,0.5272121833650231,1,1.580999992256693
68.75723739258045,1.0420470163647095,False,0.0,False,False,False,59462.25969305993,0.5665166514617461,2021-09-04,False,106,32,-0.008561747068948744,bright,42208247.4846649,,bet_Hyi,3-4,0.5579549043927974,2,1.6290000530716497
68.75723739258045,1.0420470163647095,False,0.0,False,False,False,59462.25969305993,0.5858665915276746,2021-09-04,False,106,33,-0.004795398212810609,bright,41000141.55300531,,bet_Hyi,3-4,0.581071193314864,3,1.6770000001997687
68.75723739258045,1.0420470163647095,False,0.0,False,False,False,59462.25969305993,0.6040993279936162,2021-09-04,False,106,34,-0.0040258212367101365,bright,39859269.27075499,,bet_Hyi,3-4,0.6000735067569061,4,1.7249999473278876
68.75723739258045,1.0420470163647095,False,0.0,False,False,False,59462.25969305993,0.6212818204822478,2021-09-04,False,106,35,-0.011222914007769647,bright,38780167.556006536,,bet_Hyi,3-4,0.6100589064744781,5,1.7730000081428443
85.35394356687242,1.0420470163647095,False,0.0,False,False,False,59462.26965888353,0.3573918357096673,2021-09-04,False,106,36,0.005656936044368788,bright,55677717.58265911,,bet_Hyi,1-2,0.3630487717540361,0,1.5330000451285741
85.35394356687242,1.0420470163647095,False,0.0,False,False,False,59462.26965888353,0.38224028862227777,2021-09-04,False,106,37,0.004799963029667842,bright,53987314.34845842,,bet_Hyi,1-2,0.3870402516519456,1,1.580999992256693
85.35394356687242,1.0420470163647095,False,0.0,False,False,False,59462.26965888353,0.4061286235165534,2021-09-04,False,106,38,0.00886870201900114,bright,52396525.958319426,,bet_Hyi,1-2,0.4149973255355545,2,1.6290000530716497
85.35394356687242,1.0420470163647095,False,0.0,False,False,False,59462.26965888353,0.42904382596844487,2021-09-04,False,106,39,0.006749869767622263,bright,50896805.937212184,,bet_Hyi,1-2,0.43579369573606713,3,1.6770000001997687
85.35394356687242,1.0420470163647095,False,0.0,False,False,False,59462.26965888353,0.4509876988041728,2021-09-04,False,106,40,0.008415430803896284,bright,49480548.50615503,,bet_Hyi,1-2,0.45940312960806906,4,1.7249999473278876
85.35394356687242,1.0420470163647095,False,0.0,False,False,False,59462.26965888353,0.4719730548201851,2021-09-04,False,106,41,0.001715020396223954,bright,48140971.89783868,,bet_Hyi,1-2,0.47368807521640904,5,1.7730000081428443
129.20616620445173,1.0420470163647095,False,0.0,False,False,False,59462.26965888353,0.06205543850675532,2021-09-04,False,106,42,0.002577173506105021,bright,84283210.95947202,,bet_Hyi,1-3,0.06463261201286034,0,1.5330000451285741
129.20616620445173,1.0420470163647095,False,0.0,False,False,False,59462.26965888353,0.07759687661331867,2021-09-04,False,106,43,0.0012947365551408546,bright,81724330.70035946,,bet_Hyi,1-3,0.07889161316845952,1,1.580999992256693
129.20616620445173,1.0420470163647095,False,0.0,False,False,False,59462.26965888353,0.09417141557061762,2021-09-04,False,106,44,0.0017357841873729268,bright,79316244.31860515,,bet_Hyi,1-3,0.09590719975799054,2,1.6290000530716497
129.20616620445173,1.0420470163647095,False,0.0,False,False,False,59462.26965888353,0.11157007061414691,2021-09-04,False,106,45,0.0017795450674749774,bright,77046014.42400737,,bet_Hyi,1-3,0.11334961568162188,3,1.6770000001997687
129.20616620445173,1.0420470163647095,False,0.0,False,False,False,59462.26965888353,0.12960188529980166,2021-09-04,False,106,46,0.00170727643953969,bright,74902127.6230174,,bet_Hyi,1-3,0.13130916173934135,4,1.7249999473278876
129.20616620445173,1.0420470163647095,False,0.0,False,False,False,59462.26965888353,0.1480953526271872,2021-09-04,False,106,47,0.0002935822786473974,bright,72874317.88553159,,bet_Hyi,1-3,0.1483889349058346,5,1.7730000081428443
109.25574518332449,1.0420470163647095,False,0.0,False,False,False,59462.26965888353,0.16372165149523638,2021-09-04,False,106,48,0.008673874952570299,bright,71269238.07374129,,bet_Hyi,1-4,0.17239552644780667,0,1.5330000451285741
109.25574518332449,1.0420470163647095,False,0.0,False,False,False,59462.26965888353,0.18615444747745516,2021-09-04,False,106,49,0.003409609116999307,bright,69105468.51260553,,bet_Hyi,1-4,0.18956405659445447,1,1.580999992256693
109.25574518332449,1.0420470163647095,False,0.0,False,False,False,59462.26965888353,0.2086731396120414,2021-09-04,False,106,50,-0.00023513122472529346,bright,67069209.09996987,,bet_Hyi,1-4,0.2084380083873161,2,1.6290000530716497
109.25574518332449,1.0420470163647095,False,0.0,False,False,False,59462.26965888353,0.23111807424096753,2021-09-04,False,106,51,-0.0003611054939694214,bright,65149520.07770403,,bet_Hyi,1-4,0.2307569687469981,3,1.6770000001997687
109.25574518332449,1.0420470163647095,False,0.0,False,False,False,59462.26965888353,0.2533586608381673,2021-09-04,False,106,52,-0.0004967579900915231,bright,63336665.8083481,,bet_Hyi,1-4,0.2528619028480758,4,1.7249999473278876
109.25574518332449,1.0420470163647095,False,0.0,False,False,False,59462.26965888353,0.2752895973487576,2021-09-04,False,106,53,0.0007151850851138675,bright,61621965.41542381,,bet_Hyi,1-4,0.27600478243387144,5,1.7730000081428443
51.40157122619216,1.0420470163647095,False,0.0,False,False,False,59462.26965888353,0.7031735115349109,2021-09-04,False,106,54,0.021049042065115486,bright,33530051.99806179,,bet_Hyi,2-3,0.7242225536000264,0,1.5330000451285741
51.40157122619216,1.0420470163647095,False,0.0,False,False,False,59462.26965888353,0.7185662073071233,2021-09-04,False,106,55,0.014940089706094728,bright,32512062.92090009,,bet_Hyi,2-3,0.733506297013218,1,1.580999992256693
51.40157122619216,1.0420470163647095,False,0.0,False,False,False,59462.26965888353,0.7328613316271776,2021-09-04,False,106,56,0.017166777136710554,bright,31554063.567566574,,bet_Hyi,2-3,0.7500281087638881,2,1.6290000530716497
51.40157122619216,1.0420470163647095,False,0.0,False,False,False,59462.26965888353,0.746152657403715,2021-09-04,False,106,57,0.016857302499243554,bright,30650907.107972015,,bet_Hyi,2-3,0.7630099599029585,3,1.6770000001997687
51.40157122619216,1.0420470163647095,False,0.0,False,False,False,59462.26965888353,0.7585254530829753,2021-09-04,False,106,58,0.040635012300146545,bright,29798013.214908093,,bet_Hyi,2-3,0.7991604653831218,4,1.7249999473278876
51.40157122619216,1.0420470163647095,False,0.0,False,False,False,59462.26965888353,0.7700570727760709,2021-09-04,False,106,59,0.027316462193819002,bright,28991297.794766236,,bet_Hyi,2-3,0.7973735349698899,5,1.7730000081428443
80.75678333119332,1.0420470163647095,False,0.0,False,False,False,59462.26965888353,0.40185496794337705,2021-09-04,False,106,60,-0.025300692506132927,bright,52678917.77812712,,bet_Hyi,2-4,0.3765542754372441,0,1.5330000451285741
80.75678333119332,1.0420470163647095,False,0.0,False,False,False,59462.26965888353,0.42623269220266674,2021-09-04,False,106,61,-0.016345632940334753,bright,51079559.59944214,,bet_Hyi,2-4,0.409887059262332,1,1.580999992256693
80.75678333119332,1.0420470163647095,False,0.0,False,False,False,59462.26965888353,0.44952453767059924,2021-09-04,False,106,62,-0.008115766364736154,bright,49574451.01301131,,bet_Hyi,2-4,0.4414087713058631,2,1.6290000530716497
80.75678333119332,1.0420470163647095,False,0.0,False,False,False,59462.26965888353,0.47174431918260673,2021-09-04,False,106,63,-0.009691564101404926,bright,48155505.85663289,,bet_Hyi,2-4,0.4620527550812018,3,1.6770000001997687
80.75678333119332,1.0420470163647095,False,0.0,False,False,False,59462.26965888353,0.4929163960277763,2021-09-04,False,106,64,-0.01905454949501917,bright,46815527.998299174,,bet_Hyi,2-4,0.47386184653275715,4,1.7249999473278876
80.75678333119332,1.0420470163647095,False,0.0,False,False,False,59462.26965888353,0.513072445369533,2021-09-04,False,106,65,-0.01745233771169208,bright,45548100.936436675,,bet_Hyi,2-4,0.4956201076578409,5,1.7730000081428443
69.25247578251077,1.0420470163647095,False,0.0,False,False,False,59462.26965888353,0.5190329651543844,2021-09-04,False,106,66,-0.023144680675827034,bright,45174477.32801763,,bet_Hyi,3-4,0.4958882844785573,0,1.5330000451285741
69.25247578251077,1.0420470163647095,False,0.0,False,False,False,59462.26965888353,0.5409643711080084,2021-09-04,False,106,67,-0.011009710488683822,bright,43802957.69872898,,bet_Hyi,3-4,0.5299546606193246,1,1.580999992256693
69.25247578251077,1.0420470163647095,False,0.0,False,False,False,59462.26965888353,0.5616443845202447,2021-09-04,False,106,68,0.0022778441915294323,bright,42512261.21934618,,bet_Hyi,3-4,0.5639222287117741,2,1.6290000530716497
69.25247578251077,1.0420470163647095,False,0.0,False,False,False,59462.26965888353,0.5811394425629584,2021-09-04,False,106,69,0.006200684017783176,bright,41295453.651914865,,bet_Hyi,3-4,0.5873401265807415,3,1.6770000001997687
69.25247578251077,1.0420470163647095,False,0.0,False,False,False,59462.26965888353,0.599516497655435,2021-09-04,False,106,70,0.005004182569411375,bright,40146363.99832149,,bet_Hyi,3-4,0.6045206802248464,4,1.7249999473278876
69.25247578251077,1.0420470163647095,False,0.0,False,False,False,59462.26965888353,0.6168415015316933,2021-09-04,False,106,71,-0.0016977753329624479,bright,39059489.82766803,,bet_Hyi,3-4,0.6151437261987308,5,1.7730000081428443
81.55684234548737,1.028973804231585,False,0.0,False,False,False,59468.173198051656,0.38020945166900977,2021-09-10,False,106,0,0.0028494764890159008,faint,53200808.83536251,,bet_Hyi,1-2,0.38305892815802567,0,1.5330000451285741
81.55684234548737,1.028973804231585,False,0.0,False,False,False,59468.173198051656,0.40485205767833643,2021-09-10,False,106,1,-0.0002802871042633659,faint,51585605.784269795,,bet_Hyi,1-2,0.40457177057407306,1,1.580999992256693
81.55684234548737,1.028973804231585,False,0.0,False,False,False,59468.173198051656,0.4284653567180415,2021-09-10,False,106,2,0.006483369295628039,faint,50065586.05796447,,bet_Hyi,1-2,0.4349487260136695,2,1.6290000530716497
81.55684234548737,1.028973804231585,False,0.0,False,False,False,59468.173198051656,0.45105054986170684,2021-09-10,False,106,3,0.007817374683748435,faint,48632583.384479485,,bet_Hyi,1-2,0.4588679245454553,3,1.6770000001997687
81.55684234548737,1.028973804231585,False,0.0,False,False,False,59468.173198051656,0.47262144881090595,2021-09-10,False,106,4,0.01225180441357726,faint,47279330.33958816,,bet_Hyi,1-2,0.4848732532244832,4,1.7249999473278876
81.55684234548737,1.028973804231585,False,0.0,False,False,False,59468.173198051656,0.493200956040777,2021-09-10,False,106,5,0.011425095662232099,faint,45999346.853311814,,bet_Hyi,1-2,0.5046260517030091,5,1.7730000081428443
128.13720877579917,1.028973804231585,False,0.0,False,False,False,59468.173198051656,0.05787711773270213,2021-09-10,False,106,6,0.007064570318397884,faint,83585913.24441363,,bet_Hyi,1-3,0.06494168805110001,0,1.5330000451285741
128.13720877579917,1.028973804231585,False,0.0,False,False,False,59468.173198051656,0.07294644534088991,2021-09-10,False,106,7,0.005312010974119263,faint,81048203.29119562,,bet_Hyi,1-3,0.07825845631500918,1,1.580999992256693
128.13720877579917,1.028973804231585,False,0.0,False,False,False,59468.173198051656,0.08909340135547256,2021-09-10,False,106,8,0.00777437495759381,faint,78660039.65695585,,bet_Hyi,1-3,0.09686777631306637,2,1.6290000530716497
128.13720877579917,1.028973804231585,False,0.0,False,False,False,59468.173198051656,0.10610986345967469,2021-09-10,False,106,9,0.007803993277481033,faint,76408591.98600782,,bet_Hyi,1-3,0.11391385673715572,3,1.6770000001997687
128.13720877579917,1.028973804231585,False,0.0,False,False,False,59468.173198051656,0.1238043523565912,2021-09-10,False,106,10,0.008511186794076406,faint,74282442.13821003,,bet_Hyi,1-3,0.1323155391506676,4,1.7249999473278876
128.13720877579917,1.028973804231585,False,0.0,False,False,False,59468.173198051656,0.14200385876925387,2021-09-10,False,106,11,0.008316287621715879,faint,72271409.01709212,,bet_Hyi,1-3,0.15032014639096974,5,1.7730000081428443
115.25929099850306,1.028973804231585,False,0.0,False,False,False,59468.173198051656,0.1160953824440174,2021-09-10,False,106,12,-0.0012720560151160132,faint,75185445.27429298,,bet_Hyi,1-4,0.11482332642890139,0,1.5330000451285741
115.25929099850306,1.028973804231585,False,0.0,False,False,False,59468.173198051656,0.13613678112561775,2021-09-10,False,106,13,-0.005628081970909166,faint,72902777.71221483,,bet_Hyi,1-4,0.13050869915470859,1,1.580999992256693
115.25929099850306,1.028973804231585,False,0.0,False,False,False,59468.173198051656,0.1566708002932949,2021-09-10,False,106,14,-0.005884664478539942,faint,70754626.91432676,,bet_Hyi,1-4,0.15078613581475495,2,1.6290000530716497
115.25929099850306,1.028973804231585,False,0.0,False,False,False,59468.173198051656,0.177504717544824,2021-09-10,False,106,15,-0.007163071972160234,faint,68729451.98853493,,bet_Hyi,1-4,0.17034164557266376,3,1.6770000001997687
115.25929099850306,1.028973804231585,False,0.0,False,False,False,59468.173198051656,0.19847346550127423,2021-09-10,False,106,16,-0.0026621978062812135,faint,66816982.3292143,,bet_Hyi,1-4,0.19581126769499302,4,1.7249999473278876
115.25929099850306,1.028973804231585,False,0.0,False,False,False,59468.173198051656,0.21943742638413077,2021-09-10,False,106,17,-0.004075906370092114,faint,65008060.05028345,,bet_Hyi,1-4,0.21536152001403866,5,1.7730000081428443
53.733305704641765,1.028973804231585,False,0.0,False,True,False,59468.173198051656,0.6703961310816376,2021-09-10,False,106,18,0.05204976831481534,faint,35051079.01033043,,bet_Hyi,2-3,0.722445899396453,0,1.5330000451285741
53.733305704641765,1.028973804231585,False,0.0,False,False,False,59468.173198051656,0.6871522057914287,2021-09-10,False,106,19,0.029053660317233332,faint,33986910.79558055,,bet_Hyi,2-3,0.716205866108662,1,1.580999992256693
53.733305704641765,1.028973804231585,False,0.0,False,False,False,59468.173198051656,0.7027503328860738,2021-09-10,False,106,20,0.0443861712169582,faint,32985453.62433967,,bet_Hyi,2-3,0.747136504103032,2,1.6290000530716497
53.733305704641765,1.028973804231585,False,0.0,False,False,False,59468.173198051656,0.7172843603634897,2021-09-10,False,106,21,0.03576819170086776,faint,32041327.190364286,,bet_Hyi,2-3,0.7530525520643575,3,1.6770000001997687
53.733305704641765,1.028973804231585,False,0.0,False,True,False,59468.173198051656,0.7308405037299246,2021-09-10,False,106,22,0.055052046648934816,faint,31149743.388617128,,bet_Hyi,2-3,0.7858925503788594,4,1.7249999473278876
53.733305704641765,1.028973804231585,False,0.0,False,False,False,59468.173198051656,0.7434976654346883,2021-09-10,False,106,23,0.04862634017132261,faint,30306432.858353753,,bet_Hyi,2-3,0.7921240056060109,5,1.7730000081428443
81.3875608775483,1.028973804231585,False,0.0,False,False,False,59468.173198051656,0.3818781322941209,2021-09-10,False,106,24,-0.020904189323945888,faint,53090383.87583495,,bet_Hyi,2-4,0.360973942970175,0,1.5330000451285741
81.3875608775483,1.028973804231585,False,0.0,False,False,False,59468.173198051656,0.40650266840809124,2021-09-10,False,106,25,-0.019966228409620423,faint,51478533.38150688,,bet_Hyi,2-4,0.3865364399984708,1,1.580999992256693
81.3875608775483,1.028973804231585,False,0.0,False,False,False,59468.173198051656,0.4300932267498971,2021-09-10,False,106,26,-0.013702253109347973,faint,49961668.647022784,,bet_Hyi,2-4,0.4163909736405491,2,1.6290000530716497
81.3875608775483,1.028973804231585,False,0.0,False,False,False,59468.173198051656,0.4526520114181564,2021-09-10,False,106,27,-0.009256837923988903,faint,48531640.350538574,,bet_Hyi,2-4,0.4433951734941675,3,1.6770000001997687
81.3875608775483,1.028973804231585,False,0.0,False,False,False,59468.173198051656,0.4741936766442512,2021-09-10,False,106,28,-0.013155194203082365,faint,47181196.15227917,,bet_Hyi,2-4,0.46103848244116885,4,1.7249999473278876
81.3875608775483,1.028973804231585,False,0.0,False,False,False,59468.173198051656,0.49474182891731927,2021-09-10,False,106,29,-0.00779339476065416,faint,45903869.43246488,,bet_Hyi,2-4,0.4869484341566651,5,1.7730000081428443
63.93889609773373,1.028973804231585,False,0.0,False,False,False,59468.173198051656,0.5629287825848986,2021-09-10,False,106,30,-0.002149147073227442,faint,41708345.867903166,,bet_Hyi,3-4,0.5607796355116712,0,1.5330000451285741
63.93889609773373,1.028973804231585,False,0.0,False,False,False,59468.173198051656,0.58356633868827,2021-09-10,False,106,31,-0.0005231196605157695,faint,40442059.71593233,,bet_Hyi,3-4,0.5830432190277542,1,1.580999992256693
63.93889609773373,1.028973804231585,False,0.0,False,False,False,59468.173198051656,0.6029464463884303,2021-09-10,False,106,32,0.0013559962004667803,faint,39250395.34355463,,bet_Hyi,3-4,0.6043024425888971,2,1.6290000530716497
63.93889609773373,1.028973804231585,False,0.0,False,False,False,59468.173198051656,0.6211482233092721,2021-09-10,False,106,33,0.007786072164315483,faint,38126950.56059461,,bet_Hyi,3-4,0.6289342954735876,3,1.6770000001997687
63.93889609773373,1.028973804231585,False,0.0,False,False,False,59468.173198051656,0.6382482908460543,2021-09-10,False,106,34,0.015054387270195146,faint,37066027.85511868,,bet_Hyi,3-4,0.6533026781162494,4,1.7249999473278876
63.93889609773373,1.028973804231585,False,0.0,False,False,False,59468.173198051656,0.6543198685140091,2021-09-10,False,106,35,0.017519587314414498,faint,36062546.98481784,,bet_Hyi,3-4,0.6718394558284236,5,1.7730000081428443
82.10918607502194,1.028973804231585,False,0.0,False,False,False,59468.18351912389,0.37478195850804,2021-09-10,False,106,36,0.0015239591578680156,faint,53561111.3228215,,bet_Hyi,1-2,0.37630591766590804,0,1.5330000451285741
82.10918607502194,1.028973804231585,False,0.0,False,False,False,59468.18351912389,0.3994805469925788,2021-09-10,False,106,37,-0.00034019088231224126,faint,51934969.308773145,,bet_Hyi,1-2,0.39914035611026655,1,1.580999992256693
82.10918607502194,1.028973804231585,False,0.0,False,False,False,59468.18351912389,0.42316538372791285,2021-09-10,False,106,38,0.0032408848544547286,faint,50404655.24859652,,bet_Hyi,1-2,0.4264062685823676,2,1.6290000530716497
82.10918607502194,1.028973804231585,False,0.0,False,False,False,59468.18351912389,0.44583437252919206,2021-09-10,False,106,39,0.004124362249726232,faint,48961947.5642462,,bet_Hyi,1-2,0.4499587347789183,3,1.6770000001997687
82.10918607502194,1.028973804231585,False,0.0,False,False,False,59468.18351912389,0.46749855092341575,2021-09-10,False,106,40,0.010128087109718409,faint,47599529.6128636,,bet_Hyi,1-2,0.47762663803313415,4,1.7249999473278876
82.10918607502194,1.028973804231585,False,0.0,False,False,False,59468.18351912389,0.4881784996378669,2021-09-10,False,106,41,0.013170838329395973,faint,46310877.43819497,,bet_Hyi,1-2,0.5013493379672629,5,1.7730000081428443
128.3520851818867,1.028973804231585,False,0.0,False,False,False,59468.18351912389,0.05710596375386947,2021-09-10,False,106,42,0.006264266950552454,faint,83726080.49800919,,bet_Hyi,1-3,0.06337023070442192,0,1.5330000451285741
128.3520851818867,1.028973804231585,False,0.0,False,False,False,59468.18351912389,0.07208545658340079,2021-09-10,False,106,43,0.004645845073536062,faint,81184114.9971665,,bet_Hyi,1-3,0.07673130165693685,1,1.580999992256693
128.3520851818867,1.028973804231585,False,0.0,False,False,False,59468.18351912389,0.08815081613261114,2021-09-10,False,106,44,0.0065809738590597855,faint,78791946.59316643,,bet_Hyi,1-3,0.09473178999167092,2,1.6290000530716497
128.3520851818867,1.028973804231585,False,0.0,False,False,False,59468.18351912389,0.10509413392743922,2021-09-10,False,106,45,0.006345030881142175,faint,76536723.41478656,,bet_Hyi,1-3,0.11143916480858139,3,1.6770000001997687
128.3520851818867,1.028973804231585,False,0.0,False,False,False,59468.18351912389,0.12272387401785077,2021-09-10,False,106,46,0.0068225138768269605,faint,74407008.17452812,,bet_Hyi,1-3,0.12954638789467773,4,1.7249999473278876
128.3520851818867,1.028973804231585,False,0.0,False,False,False,59468.18351912389,0.14086677747658904,2021-09-10,False,106,47,0.006616814642617902,faint,72392602.70299211,,bet_Hyi,1-3,0.14748359211920695,5,1.7730000081428443
114.65660179027512,1.028973804231585,False,0.0,False,False,False,59468.18351912389,0.1194164197398174,2021-09-10,False,106,48,-0.00047696137454041054,faint,74792301.64057742,,bet_Hyi,1-4,0.11893945836527699,0,1.5330000451285741
114.65660179027512,1.028973804231585,False,0.0,False,False,False,59468.18351912389,0.13966243227265213,2021-09-10,False,106,49,-0.0021856933268081524,faint,72521570.11501068,,bet_Hyi,1-4,0.13747673894584397,1,1.580999992256693
114.65660179027512,1.028973804231585,False,0.0,False,False,False,59468.18351912389,0.16037052059537443,2021-09-10,False,106,50,-0.002892885525998312,faint,70384651.96736987,,bet_Hyi,1-4,0.15747763506937612,2,1.6290000530716497
114.65660179027512,1.028973804231585,False,0.0,False,False,False,59468.18351912389,0.18134994206403954,2021-09-10,False,106,51,-0.003609861317204699,faint,68370066.65272327,,bet_Hyi,1-4,0.17774008074683484,3,1.6770000001997687
114.65660179027512,1.028973804231585,False,0.0,False,False,False,59468.18351912389,0.20243785931507016,2021-09-10,False,106,52,0.00039820270773352484,faint,66467597.27029789,,bet_Hyi,1-4,0.2028360620228037,4,1.7249999473278876
114.65660179027512,1.028973804231585,False,0.0,False,False,False,59468.18351912389,0.22349698668593565,2021-09-10,False,106,53,-0.0007274060686802142,faint,64668133.82046959,,bet_Hyi,1-4,0.22276958061725544,5,1.7730000081428443
53.49724244855087,1.028973804231585,False,0.0,False,False,False,59468.18351912389,0.6728313727058203,2021-09-10,False,106,54,0.029008771129005795,faint,34897091.24181011,,bet_Hyi,2-3,0.7018401438348261,0,1.5330000451285741
53.49724244855087,1.028973804231585,False,0.0,False,False,False,59468.18351912389,0.6894888537841896,2021-09-10,False,106,55,0.006288020994603238,faint,33837598.17240087,,bet_Hyi,2-3,0.6957768747787928,1,1.580999992256693
53.49724244855087,1.028973804231585,False,0.0,False,False,False,59468.18351912389,0.7049924101626711,2021-09-10,False,106,56,0.02332970606224305,faint,32840540.64189638,,bet_Hyi,2-3,0.7283221162249142,2,1.6290000530716497
53.49724244855087,1.028973804231585,False,0.0,False,False,False,59468.18351912389,0.7194359570815885,2021-09-10,False,106,57,0.01191574921127414,faint,31900561.98102453,,bet_Hyi,2-3,0.7313517062928626,3,1.6770000001997687
53.49724244855087,1.028973804231585,False,0.0,False,False,False,59468.18351912389,0.7329057008696143,2021-09-10,False,106,58,0.03107157123205795,faint,31012895.12003801,,bet_Hyi,2-3,0.7639772721016722,4,1.7249999473278876
53.49724244855087,1.028973804231585,False,0.0,False,False,False,59468.18351912389,0.7454804803622403,2021-09-10,False,106,59,0.02472883920104474,faint,30173289.45451465,,bet_Hyi,2-3,0.7702093195632851,5,1.7730000081428443
81.53421691247246,1.028973804231585,False,0.0,False,False,False,59468.18351912389,0.3804323384662358,2021-09-10,False,106,60,-0.013787956021969472,faint,53186049.91015125,,bet_Hyi,2-4,0.36664438244426634,0,1.5330000451285741
81.53421691247246,1.028973804231585,False,0.0,False,False,False,59468.18351912389,0.4050725540836751,2021-09-10,False,106,61,-0.010488586172273995,faint,51571294.94737813,,bet_Hyi,2-4,0.3945839679114011,1,1.580999992256693
81.53421691247246,1.028973804231585,False,0.0,False,False,False,59468.18351912389,0.42868283582058786,2021-09-10,False,106,62,-0.003725071942988767,faint,50051696.903711684,,bet_Hyi,2-4,0.4249577638775991,2,1.6290000530716497
81.53421691247246,1.028973804231585,False,0.0,False,False,False,59468.18351912389,0.4512645190178708,2021-09-10,False,106,63,-0.004070047522449938,faint,48619091.772665404,,bet_Hyi,2-4,0.44719447149542085,3,1.6770000001997687
81.53421691247246,1.028973804231585,False,0.0,False,False,False,59468.18351912389,0.47283152819745217,2021-09-10,False,106,64,-0.009809160129615635,faint,47266214.14613554,,bet_Hyi,2-4,0.46302236806783653,4,1.7249999473278876
81.53421691247246,1.028973804231585,False,0.0,False,False,False,59468.18351912389,0.49340686013689916,2021-09-10,False,106,65,-0.006698803081127469,faint,45986585.75183917,,bet_Hyi,2-4,0.4867080570557717,5,1.7730000081428443
64.7913978940628,1.028973804231585,False,0.0,False,False,False,59468.18351912389,0.5538617706629235,2021-09-10,False,106,66,-0.008048394183878038,faint,42264446.1752959,,bet_Hyi,3-4,0.5458133764790455,0,1.5330000451285741
64.7913978940628,1.028973804231585,False,0.0,False,False,False,59468.18351912389,0.574781541606701,2021-09-10,False,106,67,-0.0040823989393408144,faint,40981276.54104579,,bet_Hyi,3-4,0.5706991426673602,1,1.580999992256693
64.7913978940628,1.028973804231585,False,0.0,False,False,False,59468.18351912389,0.5944427867928449,2021-09-10,False,106,68,-0.0029118515570740744,faint,39773723.62382177,,bet_Hyi,3-4,0.5915309352357708,2,1.6290000530716497
64.7913978940628,1.028973804231585,False,0.0,False,False,False,59468.18351912389,0.6129223221074204,2021-09-10,False,106,69,0.003171006326518566,faint,38635299.8725967,,bet_Hyi,3-4,0.6160933284339389,3,1.6770000001997687
64.7913978940628,1.028973804231585,False,0.0,False,False,False,59468.18351912389,0.6302950492098499,2021-09-10,False,106,70,0.009877648263408312,faint,37560231.81010988,,bet_Hyi,3-4,0.6401726974732582,4,1.7249999473278876
64.7913978940628,1.028973804231585,False,0.0,False,False,False,59468.18351912389,0.6466329276699592,2021-09-10,False,106,71,0.02201595734693207,faint,36543371.458824486,,bet_Hyi,3-4,0.6686488850168912,5,1.7730000081428443
89.63060128345867,1.0502870262203317,False,0.0,False,False,False,58851.12169624083,0.7084649194811495,2020-01-02,False,104,0,0.004778931701196587,faint,58467448.56158257,,gam_Lep,1-2,0.7132438511823461,0,1.5330000451285741
89.63060128345867,1.0502870262203317,False,0.0,False,False,False,58851.12169624083,0.7236323964141419,2020-01-02,False,104,1,-0.005086297575650045,faint,56692347.70553126,,gam_Lep,1-2,0.7185460988384919,1,1.580999992256693
89.63060128345867,1.0502870262203317,False,0.0,False,False,False,58851.12169624083,0.7377129304825345,2020-01-02,False,104,2,0.009926879497757501,faint,55021852.89340588,,gam_Lep,1-2,0.747639809980292,2,1.6290000530716497
89.63060128345867,1.0502870262203317,False,0.0,False,False,False,58851.12169624083,0.750800142841229,2020-01-02,False,104,3,0.006275906884803617,faint,53446989.42920789,,gam_Lep,1-2,0.7570760497260326,3,1.6770000001997687
89.63060128345867,1.0502870262203317,False,0.0,False,False,False,58851.12169624083,0.7629790319405579,2020-01-02,False,104,4,0.011258065797898564,faint,51959770.44654466,,gam_Lep,1-2,0.7742370977384565,4,1.7249999473278876
89.63060128345867,1.0502870262203317,False,0.0,False,False,False,58851.12169624083,0.7743266036716845,2020-01-02,False,104,5,0.0048504753464893025,faint,50553074.377785034,,gam_Lep,1-2,0.7791770790181738,5,1.7730000081428443
127.39326828434966,1.0502870262203317,False,0.0,False,False,False,58851.12169624083,0.4873771527430747,2020-01-02,False,104,6,0.012888268361281097,faint,83100629.18078066,,gam_Lep,1-3,0.5002654211043558,0,1.5330000451285741
127.39326828434966,1.0502870262203317,False,0.0,False,False,False,58851.12169624083,0.5101296753595516,2020-01-02,False,104,7,-0.002404350500770147,faint,80577652.69341376,,gam_Lep,1-3,0.5077253248587814,1,1.580999992256693
127.39326828434966,1.0502870262203317,False,0.0,False,False,False,58851.12169624083,0.5316523084216739,2020-01-02,False,104,8,0.0010999438510151949,faint,78203354.28727356,,gam_Lep,1-3,0.5327522522726891,2,1.6290000530716497
127.39326828434966,1.0502870262203317,False,0.0,False,False,False,58851.12169624083,0.5520000696560018,2020-01-02,False,104,9,-0.005973699419497436,faint,75964978.09730127,,gam_Lep,1-3,0.5460263702365044,3,1.6770000001997687
127.39326828434966,1.0502870262203317,False,0.0,False,False,False,58851.12169624083,0.5712309358674501,2020-01-02,False,104,10,-0.009705295494491062,faint,73851172.27492574,,gam_Lep,1-3,0.561525640372959,4,1.7249999473278876
127.39326828434966,1.0502870262203317,False,0.0,False,False,False,58851.12169624083,0.5894038650958618,2020-01-02,False,104,11,-0.007348582438802653,faint,71851814.83320446,,gam_Lep,1-3,0.5820552826570592,5,1.7730000081428443
126.0944479738526,1.0502870262203317,False,0.0,False,False,False,58851.12169624083,0.49500097699899576,2020-01-02,False,104,12,0.032229427949246936,faint,82253388.29867871,,gam_Lep,1-4,0.5272304049482427,0,1.5330000451285741
126.0944479738526,1.0502870262203317,False,0.0,False,False,False,58851.12169624083,0.5175668007760826,2020-01-02,False,104,13,0.00011488184707264537,faint,79756134.4664319,,gam_Lep,1-4,0.5176816826231553,1,1.580999992256693
126.0944479738526,1.0502870262203317,False,0.0,False,False,False,58851.12169624083,0.5388958997163441,2020-01-02,False,104,14,0.013937294631938935,faint,77406042.88875765,,gam_Lep,1-4,0.552833194348283,2,1.6290000530716497
126.0944479738526,1.0502870262203317,False,0.0,False,False,False,58851.12169624083,0.5590462537270225,2020-01-02,False,104,15,0.009043750579215137,faint,75190487.75124143,,gam_Lep,1-4,0.5680900043062377,3,1.6770000001997687
126.0944479738526,1.0502870262203317,False,0.0,False,False,False,58851.12169624083,0.5780781898714861,2020-01-02,False,104,16,0.019436072731853993,faint,73098232.94150199,,gam_Lep,1-4,0.5975142626033401,4,1.7249999473278876
126.0944479738526,1.0502870262203317,False,0.0,False,False,False,58851.12169624083,0.5960525170150119,2020-01-02,False,104,17,0.022580414742644384,faint,71119259.66990386,,gam_Lep,1-4,0.6186329317576563,5,1.7730000081428443
57.50022248368932,1.0502870262203317,False,0.0,False,False,False,58851.12169624083,0.8698353751359826,2020-01-02,False,104,18,0.009098928300252385,faint,37508297.97194606,,gam_Lep,2-3,0.878934303436235,0,1.5330000451285741
57.50022248368932,1.0502870262203317,False,0.0,False,False,False,58851.12169624083,0.8771989675832718,2020-01-02,False,104,19,-0.017167602851315245,faint,36369527.365787305,,gam_Lep,2-3,0.8600313647319565,1,1.580999992256693
57.50022248368932,1.0502870262203317,False,0.0,False,False,False,58851.12169624083,0.8839666086993778,2020-01-02,False,104,20,0.0005446667765565127,faint,35297864.09476577,,gam_Lep,2-3,0.8845112754759343,2,1.6290000530716497
57.50022248368932,1.0502870262203317,False,0.0,False,False,False,58851.12169624083,0.8901995966307792,2020-01-02,False,104,21,-0.011221538225384964,faint,34287550.67193783,,gam_Lep,2-3,0.8789780584053942,3,1.6770000001997687
57.50022248368932,1.0502870262203317,False,0.0,False,False,False,58851.12169624083,0.8959517637674339,2020-01-02,False,104,22,0.010541716369318777,faint,33333463.32720768,,gam_Lep,2-3,0.9064934801367527,4,1.7249999473278876
57.50022248368932,1.0502870262203317,False,0.0,False,False,False,58851.12169624083,0.9012704730565114,2020-01-02,False,104,23,0.01405369331303119,faint,32431033.400794398,,gam_Lep,2-3,0.9153241663695426,5,1.7730000081428443
89.99951074016569,1.0502870262203317,False,0.0,False,False,False,58851.12169624083,0.7063935336271525,2020-01-02,False,104,24,0.0091010766774412,faint,58708093.99266348,,gam_Lep,2-4,0.7154946103045937,0,1.5330000451285741
89.99951074016569,1.0502870262203317,False,0.0,False,False,False,58851.12169624083,0.7216502610491073,2020-01-02,False,104,25,-0.01114314536683858,faint,56925687.021479286,,gam_Lep,2-4,0.7105071156822688,1,1.580999992256693
89.99951074016569,1.0502870262203317,False,0.0,False,False,False,58851.12169624083,0.7358156967685031,2020-01-02,False,104,26,0.00486366054078502,faint,55248316.64091245,,gam_Lep,2-4,0.7406793573092881,2,1.6290000530716497
89.99951074016569,1.0502870262203317,False,0.0,False,False,False,58851.12169624083,0.7489835513803343,2020-01-02,False,104,27,-0.007540173899572844,faint,53666971.21612684,,gam_Lep,2-4,0.7414433774807615,3,1.6770000001997687
89.99951074016569,1.0502870262203317,False,0.0,False,False,False,58851.12169624083,0.761238954168313,2020-01-02,False,104,28,-0.022392976818260246,faint,52173631.00768756,,gam_Lep,2-4,0.7388459773500528,4,1.7249999473278876
89.99951074016569,1.0502870262203317,False,0.0,False,False,False,58851.12169624083,0.7726590683954041,2020-01-02,False,104,29,-0.001688444531353972,faint,50761145.13639345,,gam_Lep,2-4,0.7709706238640501,5,1.7730000081428443
48.64832985740844,1.0502870262203317,False,0.0,False,False,False,58851.12169624083,0.9052957023928487,2020-01-02,False,104,30,-0.008144603106589376,faint,31734069.42289311,,gam_Lep,3-4,0.8971510992862594,0,1.5330000451285741
48.64832985740844,1.0502870262203317,False,0.0,False,False,False,58851.12169624083,0.910739770036293,2020-01-02,False,104,31,-0.01423504669755793,faint,30770607.27114149,,gam_Lep,3-4,0.8965047233387351,1,1.580999992256693
48.64832985740844,1.0502870262203317,False,0.0,False,False,False,58851.12169624083,0.9157335738134635,2020-01-02,False,104,32,-0.0018668880574027602,faint,29863921.591455404,,gam_Lep,3-4,0.9138666857560608,2,1.6290000530716497
48.64832985740844,1.0502870262203317,False,0.0,False,False,False,58851.12169624083,0.9203247536697875,2020-01-02,False,104,33,-0.003555908332910973,faint,29009141.23530908,,gam_Lep,3-4,0.9167688453368765,3,1.6770000001997687
48.64832985740844,1.0502870262203317,False,0.0,False,False,False,58851.12169624083,0.9245549302769885,2020-01-02,False,104,34,0.008686954288306348,faint,28201931.213254336,,gam_Lep,3-4,0.9332418845652949,4,1.7249999473278876
48.64832985740844,1.0502870262203317,False,0.0,False,False,False,58851.12169624083,0.9284605517221695,2020-01-02,False,104,35,7.07205956764767e-05,faint,27438426.189498935,,gam_Lep,3-4,0.9285312723178459,5,1.7730000081428443
90.25192691025954,1.0502870262203317,False,0.0,False,False,False,58851.13364998453,0.7049742471187777,2020-01-02,False,104,36,0.0007993304130347045,faint,58872749.02375494,,gam_Lep,1-2,0.7057735775318124,0,1.5330000451285741
90.25192691025954,1.0502870262203317,False,0.0,False,False,False,58851.13364998453,0.7202919541278974,2020-01-02,False,104,37,-0.012186576780583325,faint,57085343.04382598,,gam_Lep,1-2,0.708105377347314,1,1.580999992256693
90.25192691025954,1.0502870262203317,False,0.0,False,False,False,58851.13364998453,0.7345154198737102,2020-01-02,False,104,38,2.8961783721914713e-05,faint,55403268.24427053,,gam_Lep,1-2,0.7345443816574321,2,1.6290000530716497
90.25192691025954,1.0502870262203317,False,0.0,False,False,False,58851.13364998453,0.7477384113860069,2020-01-02,False,104,39,0.0016399009708946144,faint,53817487.71586672,,gam_Lep,1-2,0.7493783123569016,3,1.6770000001997687
90.25192691025954,1.0502870262203317,False,0.0,False,False,False,58851.13364998453,0.760046143542155,2020-01-02,False,104,40,0.0036282457728266104,faint,52319959.22670279,,gam_Lep,1-2,0.7636743893149817,4,1.7249999473278876
90.25192691025954,1.0502870262203317,False,0.0,False,False,False,58851.13364998453,0.7715158840454511,2020-01-02,False,104,41,0.007197843806887594,faint,50903511.84194031,,gam_Lep,1-2,0.7787137278523387,5,1.7730000081428443
128.59681919603872,1.0502870262203317,False,0.0,False,False,False,58851.13364998453,0.4803299044902722,2020-01-02,False,104,42,0.022677675942279485,faint,83885724.3381576,,gam_Lep,1-3,0.5030075804325517,0,1.5330000451285741
128.59681919603872,1.0502870262203317,False,0.0,False,False,False,58851.13364998453,0.5032494330174593,2020-01-02,False,104,43,0.0028219136499274544,faint,81338911.97082283,,gam_Lep,1-3,0.5060713466673867,1,1.580999992256693
128.59681919603872,1.0502870262203317,False,0.0,False,False,False,58851.13364998453,0.5249462146532285,2020-01-02,False,104,44,0.0041054225595197336,faint,78942182.32439956,,gam_Lep,1-3,0.5290516372127483,2,1.6290000530716497
128.59681919603872,1.0502870262203317,False,0.0,False,False,False,58851.13364998453,0.5454724258323962,2020-01-02,False,104,45,-0.0008920582291447321,faint,76682659.0224925,,gam_Lep,1-3,0.5445803676032515,3,1.6770000001997687
128.59681919603872,1.0502870262203317,False,0.0,False,False,False,58851.13364998453,0.5648837785042051,2020-01-02,False,104,46,-0.003069108208471616,faint,74548882.96967296,,gam_Lep,1-3,0.5618146702957335,4,1.7249999473278876
128.59681919603872,1.0502870262203317,False,0.0,False,False,False,58851.13364998453,0.5832374379188016,2020-01-02,False,104,47,-0.0019807192140024465,faint,72530636.55128767,,gam_Lep,1-3,0.5812567187047991,5,1.7730000081428443
127.24088380231346,1.0502870262203317,False,0.0,False,False,False,58851.13364998453,0.48827064822749466,2020-01-02,False,104,48,0.005770853839738355,faint,83001226.39046736,,gam_Lep,1-4,0.494041502067233,0,1.5330000451285741
127.24088380231346,1.0502870262203317,False,0.0,False,False,False,58851.13364998453,0.5110016122542103,2020-01-02,False,104,49,-0.020706916838274636,faint,80481267.82131855,,gam_Lep,1-4,0.4902946954159356,1,1.580999992256693
127.24088380231346,1.0502870262203317,False,0.0,False,False,False,58851.13364998453,0.5325018378816726,2020-01-02,False,104,50,-0.012928033935225458,faint,78109809.48858012,,gam_Lep,1-4,0.5195738039464471,2,1.6290000530716497
127.24088380231346,1.0502870262203317,False,0.0,False,False,False,58851.13364998453,0.5528266960010709,2020-01-02,False,104,51,-0.01815200794324412,faint,75874110.78542408,,gam_Lep,1-4,0.5346746880578268,3,1.6770000001997687
127.24088380231346,1.0502870262203317,False,0.0,False,False,False,58851.13364998453,0.5720344442307729,2020-01-02,False,104,52,-0.0028360076052935668,faint,73762833.44206244,,gam_Lep,1-4,0.5691984366254793,4,1.7249999473278876
127.24088380231346,1.0502870262203317,False,0.0,False,False,False,58851.13364998453,0.5901842622816785,2020-01-02,False,104,53,0.0014276400445547566,faint,71765867.57920766,,gam_Lep,1-4,0.5916119023262333,5,1.7730000081428443
57.91414899860203,1.0502870262203317,False,0.0,False,False,False,58851.13364998453,0.8680638727852661,2020-01-02,False,104,54,0.025620605570682797,faint,37778308.736934654,,gam_Lep,2-3,0.8936844783559489,0,1.5330000451285741
57.91414899860203,1.0502870262203317,False,0.0,False,False,False,58851.13364998453,0.8755215647212704,2020-01-02,False,104,55,-0.007124820870561321,faint,36631340.46948118,,gam_Lep,2-3,0.8683967438507091,1,1.580999992256693
57.91414899860203,1.0502870262203317,False,0.0,False,False,False,58851.13364998453,0.8823763669762433,2020-01-02,False,104,56,0.009797075933006383,faint,35551962.62234544,,gam_Lep,2-3,0.8921734429092497,2,1.6290000530716497
57.91414899860203,1.0502870262203317,False,0.0,False,False,False,58851.13364998453,0.8886901992835258,2020-01-02,False,104,57,-0.0024384837933875136,faint,34534376.26219627,,gam_Lep,2-3,0.8862517154901383,3,1.6770000001997687
57.91414899860203,1.0502870262203317,False,0.0,False,False,False,58851.13364998453,0.8945174548097321,2020-01-02,False,104,58,0.025658648736570977,faint,33573420.73448407,,gam_Lep,2-3,0.9201761035463031,4,1.7249999473278876
57.91414899860203,1.0502870262203317,False,0.0,False,False,False,58851.13364998453,0.8999060016349598,2020-01-02,False,104,59,0.019684825753493507,faint,32664494.491043508,,gam_Lep,2-3,0.9195908273884533,5,1.7730000081428443
90.21456564840327,1.0502870262203317,False,0.0,False,False,False,58851.13364998453,0.7051844236836906,2020-01-02,False,104,60,0.007168873947276833,faint,58848377.68601428,,gam_Lep,2-4,0.7123532976309674,0,1.5330000451285741
90.21456564840327,1.0502870262203317,False,0.0,False,False,False,58851.13364998453,0.7204931093900331,2020-01-02,False,104,61,-0.017561705441277997,faint,57061711.63203644,,gam_Lep,2-4,0.7029314039487551,1,1.580999992256693
90.21456564840327,1.0502870262203317,False,0.0,False,False,False,58851.13364998453,0.7347079890707255,2020-01-02,False,104,62,0.0010447740495629354,faint,55380333.154866554,,gam_Lep,2-4,0.7357527631202885,2,1.6290000530716497
90.21456564840327,1.0502870262203317,False,0.0,False,False,False,58851.13364998453,0.7479228216471269,2020-01-02,False,104,63,-0.015047656214028371,faint,53795209.08625919,,gam_Lep,2-4,0.7328751654330985,3,1.6770000001997687
90.21456564840327,1.0502870262203317,False,0.0,False,False,False,58851.13364998453,0.7602228095293204,2020-01-02,False,104,64,-0.03212424901310584,faint,52298300.523516074,,gam_Lep,2-4,0.7280985605162146,4,1.7249999473278876
90.21456564840327,1.0502870262203317,False,0.0,False,False,False,58851.13364998453,0.7716852051283992,2020-01-02,False,104,65,-0.012893853277321288,faint,50882439.500324585,,gam_Lep,2-4,0.7587913518510779,5,1.7730000081428443
48.64016182295213,1.0502870262203317,False,0.0,False,False,False,58851.13364998453,0.9053261946523076,2020-01-02,False,104,66,-0.007002876096501853,faint,31728741.285765998,,gam_Lep,3-4,0.8983233185558057,0,1.5330000451285741
48.64016182295213,1.0502870262203317,False,0.0,False,False,False,58851.13364998453,0.9107685827202026,2020-01-02,False,104,67,-0.017088150600072072,faint,30765440.89891106,,gam_Lep,3-4,0.8936804321201305,1,1.580999992256693
48.64016182295213,1.0502870262203317,False,0.0,False,False,False,58851.13364998453,0.9157608377132223,2020-01-02,False,104,68,-0.008994927128960328,faint,29858907.451375477,,gam_Lep,3-4,0.9067659105842619,2,1.6290000530716497
48.64016182295213,1.0502870262203317,False,0.0,False,False,False,58851.13364998453,0.920350586840228,2020-01-02,False,104,69,0.002063108282582715,faint,29004270.612497307,,gam_Lep,3-4,0.9224136951228107,3,1.6770000001997687
48.64016182295213,1.0502870262203317,False,0.0,False,False,False,58851.13364998453,0.9245794394685865,2020-01-02,False,104,70,0.006979594867965289,faint,28197196.120671313,,gam_Lep,3-4,0.9315590343365517,4,1.7249999473278876
48.64016182295213,1.0502870262203317,False,0.0,False,False,False,58851.13364998453,0.9284838336462873,2020-01-02,False,104,71,0.016180984415309907,faint,27433819.28909352,,gam_Lep,3-4,0.9446648180615972,5,1.7730000081428443
75.87573092725593,1.0179755906181502,False,0.0,False,True,False,59263.144944627675,0.7721025775072239,2021-02-17,False,106,0,0.06718166188895669,faint,49494930.65467729,,gam_Lep,1-2,0.8392842393961806,0,1.5330000451285741
75.87573092725593,1.0179755906181502,False,0.0,False,False,False,59263.144944627675,0.7843865789380482,2021-02-17,False,106,1,0.042378929352685724,faint,47992239.910736606,,gam_Lep,1-2,0.8267655082907339,1,1.580999992256693
75.87573092725593,1.0179755906181502,False,0.0,False,False,False,59263.144944627675,0.7957421543917554,2021-02-17,False,106,2,0.04885261443296962,faint,46578102.18249184,,gam_Lep,1-2,0.8445947688247251,2,1.6290000530716497
75.87573092725593,1.0179755906181502,False,0.0,False,False,False,59263.144944627675,0.806256113261977,2021-02-17,False,106,3,0.04660747661175435,faint,45244920.04664127,,gam_Lep,1-2,0.8528635898737313,3,1.6770000001997687
75.87573092725593,1.0179755906181502,False,0.0,False,True,False,59263.144944627675,0.8160060534139092,2021-02-17,False,106,4,0.056372479204418124,faint,43985932.315413274,,gam_Lep,1-2,0.8723785326183273,4,1.7249999473278876
75.87573092725593,1.0179755906181502,False,0.0,False,False,False,59263.144944627675,0.8250613291885859,2021-02-17,False,106,5,0.04816239200015715,faint,42795110.30952172,,gam_Lep,1-2,0.873223721188743,5,1.7730000081428443
99.6820242938059,1.0179755906181502,False,0.0,False,True,False,59263.144944627675,0.6352451561759056,2021-02-17,False,106,6,0.0818467670098868,faint,65024149.61471542,,gam_Lep,1-3,0.7170919231857924,0,1.5330000451285741
99.6820242938059,1.0179755906181502,False,0.0,False,True,False,59263.144944627675,0.6533775181550685,2021-02-17,False,106,7,0.06722157981105115,faint,63049984.049349315,,gam_Lep,1-3,0.7205990979661197,1,1.580999992256693
99.6820242938059,1.0179755906181502,False,0.0,False,True,False,59263.144944627675,0.6703017921007726,2021-02-17,False,106,8,0.07396965353416374,faint,61192155.33838997,,gam_Lep,1-3,0.7442714456349363,2,1.6290000530716497
99.6820242938059,1.0179755906181502,False,0.0,False,True,False,59263.144944627675,0.6861096294915299,2021-02-17,False,106,9,0.07365826661889774,faint,59440682.33865922,,gam_Lep,1-3,0.7597678961104276,3,1.6770000001997687
99.6820242938059,1.0179755906181502,False,0.0,False,True,False,59263.144944627675,0.7008863434132423,2021-02-17,False,106,10,0.06607520197040373,faint,57786682.51452321,,gam_Lep,1-3,0.766961545383646,4,1.7249999473278876
99.6820242938059,1.0179755906181502,False,0.0,False,True,False,59263.144944627675,0.7147108811565729,2021-02-17,False,106,11,0.07129583866524081,faint,56222235.66610095,,gam_Lep,1-3,0.7860067198218137,5,1.7730000081428443
113.96104827560066,1.0179755906181502,False,0.0,False,True,False,59263.144944627675,0.5485479030876199,2021-02-17,False,106,12,0.08926014703821239,faint,74338581.16164806,,gam_Lep,1-4,0.6378080501258323,0,1.5330000451285741
113.96104827560066,1.0179755906181502,False,0.0,False,True,False,59263.144944627675,0.5696348534178757,2021-02-17,False,106,13,0.05621168938899401,faint,72081624.81578165,,gam_Lep,1-4,0.6258465428068697,1,1.580999992256693
113.96104827560066,1.0179755906181502,False,0.0,False,True,False,59263.144944627675,0.5894623777420175,2021-02-17,False,106,14,0.0687395144252092,faint,69957670.08154187,,gam_Lep,1-4,0.6582018921672267,2,1.6290000530716497
113.96104827560066,1.0179755906181502,False,0.0,False,True,False,59263.144944627675,0.6081059774176988,2021-02-17,False,106,15,0.05417207464792906,faint,67955306.05964538,,gam_Lep,1-4,0.6622780520656278,3,1.6770000001997687
113.96104827560066,1.0179755906181502,False,0.0,False,True,False,59263.144944627675,0.625639576949423,2021-02-17,False,106,16,0.08861215193986716,faint,66064377.82918898,,gam_Lep,1-4,0.7142517288892901,4,1.7249999473278876
113.96104827560066,1.0179755906181502,False,0.0,False,True,False,59263.144944627675,0.6421344246494237,2021-02-17,False,106,17,0.11057641528588069,faint,64275830.655506246,,gam_Lep,1-4,0.7527108399353044,5,1.7730000081428443
48.03669711385167,1.0179755906181502,False,0.0,False,True,False,59263.144944627675,0.9027250332080351,2021-02-17,False,106,18,0.11817482451231831,faint,31335091.780654702,,gam_Lep,2-3,1.0208998577203534,0,1.5330000451285741
48.03669711385167,1.0179755906181502,False,0.0,False,True,False,59263.144944627675,0.9083105219640986,2021-02-17,False,106,19,0.07178933049762126,faint,30383742.788818672,,gam_Lep,2-3,0.9800998524617198,1,1.580999992256693
48.03669711385167,1.0179755906181502,False,0.0,False,True,False,59263.144944627675,0.9134347541552356,2021-02-17,False,106,20,0.0808056776739825,faint,29488456.44496663,,gam_Lep,2-3,0.9942404318292181,2,1.6290000530716497
48.03669711385167,1.0179755906181502,False,0.0,False,True,False,59263.144944627675,0.9181464373878973,2021-02-17,False,106,21,0.06709906160824441,faint,28644422.843249504,,gam_Lep,2-3,0.9852454989961417,3,1.6770000001997687
48.03669711385167,1.0179755906181502,False,0.0,False,True,False,59263.144944627675,0.922488140418085,2021-02-17,False,106,22,0.11210089502606702,faint,27847361.496017985,,gam_Lep,2-3,1.034589035444152,4,1.7249999473278876
48.03669711385167,1.0179755906181502,False,0.0,False,True,False,59263.144944627675,0.92649715367719,2021-02-17,False,106,23,0.10463822392562072,faint,27093455.664542515,,gam_Lep,2-3,1.0311353776028107,5,1.7730000081428443
131.16453740343397,1.0179755906181502,False,0.0,False,True,False,59263.144944627675,0.4448846145987124,2021-02-17,False,106,24,0.052938746513107704,faint,85560687.242141,,gam_Lep,2-4,0.49782336111182013,0,1.5330000451285741
131.16453740343397,1.0179755906181502,False,0.0,False,False,False,59263.144944627675,0.4685595264668776,2021-02-17,False,106,25,0.031556058039972856,faint,82963022.16688305,,gam_Lep,2-4,0.5001155845068505,1,1.580999992256693
131.16453740343397,1.0179755906181502,False,0.0,False,True,False,59263.144944627675,0.4910599193392693,2021-02-17,False,106,26,0.060948922352863866,faint,80518436.54400718,,gam_Lep,2-4,0.5520088416921332,2,1.6290000530716497
131.16453740343397,1.0179755906181502,False,0.0,False,True,False,59263.144944627675,0.5124221860819694,2021-02-17,False,106,27,0.06440572076860174,faint,78213796.89195545,,gam_Lep,2-4,0.5768279068505712,3,1.6770000001997687
131.16453740343397,1.0179755906181502,False,0.0,False,False,False,59263.144944627675,0.5326892988054963,2021-02-17,False,106,28,0.040098091476890696,faint,76037415.3092668,,gam_Lep,2-4,0.572787390282387,4,1.7249999473278876
131.16453740343397,1.0179755906181502,False,0.0,False,True,False,59263.144944627675,0.5519082005805003,2021-02-17,False,106,29,0.06770750065877229,faint,73978870.16414864,,gam_Lep,2-4,0.6196157012392726,5,1.7730000081428443
102.92559719096263,1.0179755906181502,False,0.0,False,True,False,59263.144944627675,0.6156762993460322,2021-02-17,False,106,30,0.12869329254619577,faint,67139983.14483427,,gam_Lep,3-4,0.744369591892228,0,1.5330000451285741
102.92559719096263,1.0179755906181502,False,0.0,False,True,False,59263.144944627675,0.6345312743589948,2021-02-17,False,106,31,0.15878095399143566,faint,65101579.81977492,,gam_Lep,3-4,0.7933122283504305,1,1.580999992256693
102.92559719096263,1.0179755906181502,False,0.0,False,True,False,59263.144944627675,0.6521575290673576,2021-02-17,False,106,32,0.21488993126972444,faint,63183298.856796026,,gam_Lep,3-4,0.867047460337082,2,1.6290000530716497
102.92559719096263,1.0179755906181502,False,0.0,False,True,False,59263.144944627675,0.6686443864283297,2021-02-17,False,106,33,0.22023677986490975,faint,61374834.33434816,,gam_Lep,3-4,0.8888811662932394,3,1.6770000001997687
102.92559719096263,1.0179755906181502,False,0.0,False,True,False,59263.144944627675,0.6840757190631588,2021-02-17,False,106,34,0.22282229414378762,faint,59667014.686232075,,gam_Lep,3-4,0.9068980132069464,4,1.7249999473278876
102.92559719096263,1.0179755906181502,False,0.0,False,True,False,59263.144944627675,0.6985297040725582,2021-02-17,False,106,35,0.16765687149614994,faint,58051661.99563282,,gam_Lep,3-4,0.8661865755687082,5,1.7730000081428443
74.20151615282418,1.0179755906181502,False,0.0,False,False,False,59263.15440006645,0.781051979939049,2021-02-17,False,106,36,0.007532000948469286,faint,48402814.0694548,,gam_Lep,1-2,0.7885839808875182,0,1.5330000451285741
74.20151615282418,1.0179755906181502,False,0.0,False,False,False,59263.15440006645,0.7929093265900609,2021-02-17,False,106,37,-0.02100472256828645,faint,46933280.528932944,,gam_Lep,1-2,0.7719046040217744,1,1.580999992256693
74.20151615282418,1.0179755906181502,False,0.0,False,False,False,59263.15440006645,0.8038643125927718,2021-02-17,False,106,38,-0.007749666179621584,faint,45550346.06224197,,gam_Lep,1-2,0.7961146464131502,2,1.6290000530716497
74.20151615282418,1.0179755906181502,False,0.0,False,False,False,59263.15440006645,0.8140021631284989,2021-02-17,False,106,39,-0.017434296528569426,faint,44246580.88490465,,gam_Lep,1-2,0.7965678665999295,3,1.6770000001997687
74.20151615282418,1.0179755906181502,False,0.0,False,False,False,59263.15440006645,0.8233989167270857,2021-02-17,False,106,40,-0.007601749534241309,faint,43015372.99625202,,gam_Lep,1-2,0.8157971671928443,4,1.7249999473278876
74.20151615282418,1.0179755906181502,False,0.0,False,False,False,59263.15440006645,0.8321224214826397,2021-02-17,False,106,41,-0.009392092651900219,faint,41850826.74113898,,gam_Lep,1-2,0.8227303288307395,5,1.7730000081428443
95.45499980628854,1.0179755906181502,False,0.0,False,True,False,59263.15440006645,0.6605301903344899,2021-02-17,False,106,42,-0.08064742205989761,faint,62266795.170435004,,gam_Lep,1-3,0.5798827682745923,0,1.5330000451285741
95.45499980628854,1.0179755906181502,False,0.0,False,True,False,59263.15440006645,0.6776840447237844,2021-02-17,False,106,43,-0.08520713639512523,faint,60376344.25920373,,gam_Lep,1-3,0.5924769083286592,1,1.580999992256693
95.45499980628854,1.0179755906181502,False,0.0,False,True,False,59263.15440006645,0.6936639384165301,2021-02-17,False,106,44,-0.0689654503781193,faint,58597296.9284428,,gam_Lep,1-3,0.6246984880384108,2,1.6290000530716497
95.45499980628854,1.0179755906181502,False,0.0,False,True,False,59263.15440006645,0.7085634017569661,2021-02-17,False,106,45,-0.0699485593870377,faint,56920095.28617632,,gam_Lep,1-3,0.6386148423699284,3,1.6770000001997687
95.45499980628854,1.0179755906181502,False,0.0,False,True,False,59263.15440006645,0.7224686495322746,2021-02-17,False,106,46,-0.0736425231941531,faint,55336233.461428896,,gam_Lep,1-3,0.6488261263381215,4,1.7249999473278876
95.45499980628854,1.0179755906181502,False,0.0,False,True,False,59263.15440006645,0.7354588101329839,2021-02-17,False,106,47,-0.0670171071076121,faint,53838127.11105079,,gam_Lep,1-3,0.6684417030253718,5,1.7730000081428443
110.73230564708781,1.0179755906181502,False,0.0,False,False,False,59263.15440006645,0.5682260561593533,2021-02-17,False,106,48,-0.02782908408133511,faint,72232421.64862467,,gam_Lep,1-4,0.5403969720780182,0,1.5330000451285741
110.73230564708781,1.0179755906181502,False,0.0,False,True,False,59263.15440006645,0.588700087246331,2021-02-17,False,106,49,-0.053152060804454004,faint,70039409.35447468,,gam_Lep,1-4,0.535548026441877,1,1.580999992256693
110.73230564708781,1.0179755906181502,False,0.0,False,False,False,59263.15440006645,0.6079170868369217,2021-02-17,False,106,50,-0.038885600676384025,faint,67975630.47238119,,gam_Lep,1-4,0.5690314861605377,2,1.6290000530716497
110.73230564708781,1.0179755906181502,False,0.0,False,False,False,59263.15440006645,0.6259575463981359,2021-02-17,False,106,51,-0.04916165817457063,faint,66029997.396480076,,gam_Lep,1-4,0.5767958882235653,3,1.6770000001997687
110.73230564708781,1.0179755906181502,False,0.0,False,False,False,59263.15440006645,0.6428991175161646,2021-02-17,False,106,52,-0.010438480838040332,faint,64192642.91492748,,gam_Lep,1-4,0.6324606366781242,4,1.7249999473278876
110.73230564708781,1.0179755906181502,False,0.0,False,False,False,59263.15440006645,0.6588157779627102,2021-02-17,False,106,53,0.009211347410211013,faint,62454768.831657276,,gam_Lep,1-4,0.6680271253729212,5,1.7730000081428443
46.311475747233025,1.0179755906181502,False,0.0,False,True,False,59263.15440006645,0.9093167503889473,2021-02-17,False,106,54,-0.1332649273755715,faint,30209702.794463284,,gam_Lep,2-3,0.7760518230133758,0,1.5330000451285741
46.311475747233025,1.0179755906181502,False,0.0,False,True,False,59263.15440006645,0.9145389080162349,2021-02-17,False,106,55,-0.16938714976561642,faint,29292521.17270968,,gam_Lep,2-3,0.7451517582506185,1,1.580999992256693
46.311475747233025,1.0179755906181502,False,0.0,False,True,False,59263.15440006645,0.919328130227822,2021-02-17,False,106,56,-0.1671534256240722,faint,28429388.728323184,,gam_Lep,2-3,0.7521747046037498,2,1.6290000530716497
46.311475747233025,1.0179755906181502,False,0.0,False,True,False,59263.15440006645,0.9237303627504893,2021-02-17,False,106,57,-0.16847233838313802,faint,27615668.301560096,,gam_Lep,2-3,0.7552580243673512,3,1.6770000001997687
46.311475747233025,1.0179755906181502,False,0.0,False,True,False,59263.15440006645,0.9277857237040785,2021-02-17,False,106,58,-0.12246451941106729,faint,26847233.13700493,,gam_Lep,2-3,0.8053212042930112,4,1.7249999473278876
46.311475747233025,1.0179755906181502,False,0.0,False,True,False,59263.15440006645,0.9315293276991863,2021-02-17,False,106,59,-0.11971324127587413,faint,26120403.572779834,,gam_Lep,2-3,0.8118160864233122,5,1.7730000081428443
130.76405062715756,1.0179755906181502,False,0.0,False,True,False,59263.15440006645,0.4472530219964963,2021-02-17,False,106,60,-0.05157367699783744,faint,85299443.42969035,,gam_Lep,2-4,0.39567934499865887,0,1.5330000451285741
130.76405062715756,1.0179755906181502,False,0.0,False,True,False,59263.15440006645,0.47088201065749746,2021-02-17,False,106,61,-0.07096335844462898,faint,82709709.846682,,gam_Lep,2-4,0.3999186522128685,1,1.580999992256693
130.76405062715756,1.0179755906181502,False,0.0,False,False,False,59263.15440006645,0.4933326051997161,2021-02-17,False,106,62,-0.04419530406622241,faint,80272588.31611963,,gam_Lep,2-4,0.4491373011334937,2,1.6290000530716497
130.76405062715756,1.0179755906181502,False,0.0,False,False,False,59263.15440006645,0.5146423302773933,2021-02-17,False,106,63,-0.041342907387140304,faint,77974985.45711425,,gam_Lep,2-4,0.47329942289025295,3,1.6770000001997687
130.76405062715756,1.0179755906181502,False,0.0,False,True,False,59263.15440006645,0.5348550794734186,2021-02-17,False,106,64,-0.05973761244260456,faint,75805249.05506095,,gam_Lep,2-4,0.47511746703081403,4,1.7249999473278876
130.76405062715756,1.0179755906181502,False,0.0,False,False,False,59263.15440006645,0.554018542023988,2021-02-17,False,106,65,-0.04059436310613995,faint,73752989.29870188,,gam_Lep,2-4,0.5134241789178481,5,1.7730000081428443
102.96956487958839,1.0179755906181502,False,0.0,False,True,False,59263.15440006645,0.6154102436494062,2021-02-17,False,106,66,-0.14799231487620235,faint,67168663.95848817,,gam_Lep,3-4,0.4674179287732039,0,1.5330000451285741
102.96956487958839,1.0179755906181502,False,0.0,False,True,False,59263.15440006645,0.6342748288890928,2021-02-17,False,106,67,-0.13054038327926665,faint,65129389.86964279,,gam_Lep,3-4,0.5037344456098262,1,1.580999992256693
102.96956487958839,1.0179755906181502,False,0.0,False,True,False,59263.15440006645,0.6519104486724383,2021-02-17,False,106,68,-0.09268159305502754,faint,63210289.45666915,,gam_Lep,3-4,0.5592288556174108,2,1.6290000530716497
102.96956487958839,1.0179755906181502,False,0.0,False,True,False,59263.15440006645,0.6684063890253656,2021-02-17,False,106,69,-0.08465557012357772,faint,61401052.39554107,,gam_Lep,3-4,0.5837508189017879,3,1.6770000001997687
102.96956487958839,1.0179755906181502,False,0.0,False,True,False,59263.15440006645,0.6838464984887883,2021-02-17,False,106,70,-0.07857751841715144,faint,59692503.202155724,,gam_Lep,3-4,0.6052689800716369,4,1.7249999473278876
102.96956487958839,1.0179755906181502,False,0.0,False,True,False,59263.15440006645,0.6983089398644372,2021-02-17,False,106,71,-0.10376351855068278,faint,58076460.46626104,,gam_Lep,3-4,0.5945454213137544,5,1.7730000081428443
84.84260949247404,1.091364320898265,False,0.0,False,False,False,58814.02263447767,0.8033886256837617,2019-11-26,False,104,0,-0.0031963739112619294,bright,55344166.3371629,,iot_Psc,1-2,0.8001922517724998,0,1.5330000451285741
84.84260949247404,1.091364320898265,False,0.0,False,False,False,58814.02263447767,0.8141586279184755,2019-11-26,False,104,1,-0.012284287363992119,bright,53663889.88488932,,iot_Psc,1-2,0.8018743405544834,1,1.580999992256693
84.84260949247404,1.091364320898265,False,0.0,False,False,False,58814.02263447767,0.8240953997232766,2019-11-26,False,104,2,-0.001797022783201152,bright,52082631.50912392,,iot_Psc,1-2,0.8222983769400755,2,1.6290000530716497
84.84260949247404,1.091364320898265,False,0.0,False,False,False,58814.02263447767,0.8332795215806214,2019-11-26,False,104,3,-0.00903130719997447,bright,50591895.93462574,,iot_Psc,1-2,0.8242482143806469,3,1.6770000001997687
84.84260949247404,1.091364320898265,False,0.0,False,False,False,58814.02263447767,0.841782571446717,2019-11-26,False,104,4,-0.004020264435283694,bright,49184122.94672794,,iot_Psc,1-2,0.8377623070114333,4,1.7249999473278876
84.84260949247404,1.091364320898265,False,0.0,False,False,False,58814.02263447767,0.8496681686949696,2019-11-26,False,104,5,-0.0017841013942432316,bright,47852571.40598872,,iot_Psc,1-2,0.8478840673007264,5,1.7730000081428443
127.3940887196257,1.091364320898265,False,0.0,False,False,False,58814.02263447767,0.6031992091004837,2019-11-26,False,104,6,0.0038584544808876187,bright,83101164.36359337,,iot_Psc,1-3,0.6070576635813714,0,1.5330000451285741
127.3940887196257,1.091364320898265,False,0.0,False,False,False,58814.02263447767,0.6224951773437032,2019-11-26,False,104,7,-0.012934776550800553,bright,80578171.62780975,,iot_Psc,1-3,0.6095604007929026,1,1.580999992256693
127.3940887196257,1.091364320898265,False,0.0,False,False,False,58814.02263447767,0.6405525097344206,2019-11-26,False,104,8,-0.0035624817138321108,bright,78203857.93076608,,iot_Psc,1-3,0.6369900280205885,2,1.6290000530716497
127.3940887196257,1.091364320898265,False,0.0,False,False,False,58814.02263447767,0.657458565529416,2019-11-26,False,104,9,-0.011362616803388015,bright,75965467.32525353,,iot_Psc,1-3,0.6460959487260279,3,1.6770000001997687
127.3940887196257,1.091364320898265,False,0.0,False,False,False,58814.02263447767,0.6732958894953351,2019-11-26,False,104,10,-0.015361740038745575,bright,73851647.88959303,,iot_Psc,1-3,0.6579341494565896,4,1.7249999473278876
127.3940887196257,1.091364320898265,False,0.0,False,False,False,58814.02263447767,0.6881418183969776,2019-11-26,False,104,11,-0.012509137022100436,bright,71852277.5716547,,iot_Psc,1-3,0.6756326813748772,5,1.7730000081428443
128.43547183949167,1.091364320898265,False,0.0,False,False,False,58814.02263447767,0.597989293521666,2019-11-26,False,104,12,0.018511077224991235,bright,83780474.92406934,,iot_Psc,1-4,0.6165003707466572,0,1.5330000451285741
128.43547183949167,1.091364320898265,False,0.0,False,False,False,58814.02263447767,0.6174668569630812,2019-11-26,False,104,13,-0.007889374446348074,bright,81236857.98136218,,iot_Psc,1-4,0.6095774825167332,1,1.580999992256693
128.43547183949167,1.091364320898265,False,0.0,False,False,False,58814.02263447767,0.6357020587411786,2019-11-26,False,104,14,-0.002835715005184869,bright,78843135.45436244,,iot_Psc,1-4,0.6328663437359937,2,1.6290000530716497
128.43547183949167,1.091364320898265,False,0.0,False,False,False,58814.02263447767,0.6527813774665707,2019-11-26,False,104,15,-0.00916553498641104,bright,76586447.12235664,,iot_Psc,1-4,0.6436158424801597,3,1.6770000001997687
128.43547183949167,1.091364320898265,False,0.0,False,False,False,58814.02263447767,0.6687867514575507,2019-11-26,False,104,16,0.0038645062783461137,bright,74455348.26736936,,iot_Psc,1-4,0.6726512577358968,4,1.7249999473278876
128.43547183949167,1.091364320898265,False,0.0,False,False,False,58814.02263447767,0.6837951221394658,2019-11-26,False,104,17,0.01235201219960036,bright,72439634.09454428,,iot_Psc,1-4,0.6961471343390662,5,1.7730000081428443
57.40078479212389,1.091364320898265,False,0.0,False,False,False,58814.02263447767,0.905538252490553,2019-11-26,False,104,18,0.017739563305225192,bright,37443433.204406485,,iot_Psc,2-3,0.9232778157957782,0,1.5330000451285741
57.40078479212389,1.091364320898265,False,0.0,False,False,False,58814.02263447767,0.9109687858480269,2019-11-26,False,104,19,-0.002616620615347287,bright,36306631.92489392,,iot_Psc,2-3,0.9083521652326796,1,1.580999992256693
57.40078479212389,1.091364320898265,False,0.0,False,False,False,58814.02263447767,0.9159501290103448,2019-11-26,False,104,20,0.0034384228803939765,bright,35236821.9288199,,iot_Psc,2-3,0.9193885518907388,2,1.6290000530716497
57.40078479212389,1.091364320898265,False,0.0,False,False,False,58814.02263447767,0.920529814589121,2019-11-26,False,104,21,-0.00832053496268903,bright,34228255.685918994,,iot_Psc,2-3,0.912209279626432,3,1.6770000001997687
57.40078479212389,1.091364320898265,False,0.0,False,False,False,58814.02263447767,0.9247493684655579,2019-11-26,False,104,22,0.015511566290133727,bright,33275818.28685886,,iot_Psc,2-3,0.9402609347556916,4,1.7249999473278876
57.40078479212389,1.091364320898265,False,0.0,False,False,False,58814.02263447767,0.9286451549157377,2019-11-26,False,104,23,0.01772966389031916,bright,32374948.972645078,,iot_Psc,2-3,0.9463748188060569,5,1.7730000081428443
116.04587636936647,1.091364320898265,False,0.0,False,False,False,58814.02263447767,0.6594657201326837,2019-11-26,False,104,24,0.025399545032008586,bright,75698547.2623607,,iot_Psc,2-4,0.6848652651646923,0,1.5330000451285741
116.04587636936647,1.091364320898265,False,0.0,False,False,False,58814.02263447767,0.6766593220555918,2019-11-26,False,104,25,0.00678812523825989,bright,73400301.66839185,,iot_Psc,2-4,0.6834474472938517,1,1.580999992256693
116.04587636936647,1.091364320898265,False,0.0,False,False,False,58814.02263447767,0.6926777704261894,2019-11-26,False,104,26,0.011120596172612407,bright,71237490.8463323,,iot_Psc,2-4,0.7037983665988018,2,1.6290000530716497
116.04587636936647,1.091364320898265,False,0.0,False,False,False,58814.02263447767,0.7076144790494286,2019-11-26,False,104,27,-0.0009600696742622095,bright,69198495.14343636,,iot_Psc,2-4,0.7066544093751664,3,1.6770000001997687
116.04587636936647,1.091364320898265,False,0.0,False,False,False,58814.02263447767,0.7215555930656564,2019-11-26,False,104,28,-0.00586225119107453,bright,67272973.8624789,,iot_Psc,2-4,0.7156933418745819,4,1.7249999473278876
116.04587636936647,1.091364320898265,False,0.0,False,False,False,58814.02263447767,0.7345802064457336,2019-11-26,False,104,29,0.009202130309500678,bright,65451706.61951687,,iot_Psc,2-4,0.7437823367552343,5,1.7730000081428443
88.88126765720855,1.091364320898265,False,0.0,False,False,False,58814.02263447767,0.7860882943727157,2019-11-26,False,104,30,-0.0007876666780695096,bright,57978646.471438296,,iot_Psc,3-4,0.7853006276946461,0,1.5330000451285741
88.88126765720855,1.091364320898265,False,0.0,False,False,False,58814.02263447767,0.7977024135274434,2019-11-26,False,104,31,-0.013823720107488002,bright,56218385.890274994,,iot_Psc,3-4,0.7838786934199554,1,1.580999992256693
88.88126765720855,1.091364320898265,False,0.0,False,False,False,58814.02263447767,0.8084294058638184,2019-11-26,False,104,32,0.0009404429819077631,bright,54561856.82106863,,iot_Psc,3-4,0.8093698488457262,2,1.6290000530716497
88.88126765720855,1.091364320898265,False,0.0,False,False,False,58814.02263447767,0.8183535094948331,2019-11-26,False,104,33,-0.0036791400394580176,bright,53000159.598462,,iot_Psc,3-4,0.8146743694553751,3,1.6770000001997687
88.88126765720855,1.091364320898265,False,0.0,False,False,False,58814.02263447767,0.8275498066911084,2019-11-26,False,104,34,0.001595333477696692,bright,51525374.12820803,,iot_Psc,3-4,0.8291451401688051,4,1.7249999473278876
88.88126765720855,1.091364320898265,False,0.0,False,False,False,58814.02263447767,0.8360852328660857,2019-11-26,False,104,35,0.0023544158636981116,bright,50130438.38071303,,iot_Psc,3-4,0.8384396487297838,5,1.7730000081428443
82.30672134184947,1.091364320898265,False,0.0,False,False,False,58814.035351759034,0.8139931212484519,2019-11-26,False,104,36,-0.005156325168792386,bright,53689966.678994015,,iot_Psc,1-2,0.8088367960796595,0,1.5330000451285741
82.30672134184947,1.091364320898265,False,0.0,False,False,False,58814.035351759034,0.8242367234480351,2019-11-26,False,104,37,-0.013017420091360754,bright,52059912.55216025,,iot_Psc,1-2,0.8112193033566744,1,1.580999992256693
82.30672134184947,1.091364320898265,False,0.0,False,False,False,58814.035351759034,0.8336817732712455,2019-11-26,False,104,38,-0.007413986248266724,bright,50525916.91857318,,iot_Psc,1-2,0.8262677870229788,2,1.6290000530716497
82.30672134184947,1.091364320898265,False,0.0,False,False,False,58814.035351759034,0.8424063283987272,2019-11-26,False,104,39,-0.005980638937825189,bright,49079738.42101662,,iot_Psc,1-2,0.836425689460902,3,1.6770000001997687
82.30672134184947,1.091364320898265,False,0.0,False,False,False,58814.035351759034,0.850479588147649,2019-11-26,False,104,40,0.0018411257610204679,bright,47714042.8145211,,iot_Psc,1-2,0.8523207139086695,4,1.7249999473278876
82.30672134184947,1.091364320898265,False,0.0,False,False,False,58814.035351759034,0.8579629493746002,2019-11-26,False,104,41,0.001996313278439632,bright,46422290.44773829,,iot_Psc,1-2,0.8599592626530398,5,1.7730000081428443
125.26000609483793,1.091364320898265,False,0.0,False,False,False,58814.035351759034,0.613857727541742,2019-11-26,False,104,42,0.010732314221039041,bright,81709068.75891988,,iot_Psc,1-3,0.624590041762781,0,1.5330000451285741
125.26000609483793,1.091364320898265,False,0.0,False,False,False,58814.035351759034,0.6327750867946986,2019-11-26,False,104,43,-0.004281504417973592,bright,79228340.73897995,,iot_Psc,1-3,0.628493582376725,1,1.580999992256693
125.26000609483793,1.091364320898265,False,0.0,False,False,False,58814.035351759034,0.6504625894849697,2019-11-26,False,104,44,0.0011246678717784508,bright,76893801.11354025,,iot_Psc,1-3,0.6515872573567482,2,1.6290000530716497
125.26000609483793,1.091364320898265,False,0.0,False,False,False,58814.035351759034,0.6670092270681908,2019-11-26,False,104,45,-0.004698722545331546,bright,74692907.62070163,,iot_Psc,1-3,0.6623105045228592,3,1.6770000001997687
125.26000609483793,1.091364320898265,False,0.0,False,False,False,58814.035351759034,0.68249863980612,2019-11-26,False,104,46,-0.008664598464633522,bright,72614498.50411418,,iot_Psc,1-3,0.6738340413414865,4,1.7249999473278876
125.26000609483793,1.091364320898265,False,0.0,False,False,False,58814.035351759034,0.6970088491207602,2019-11-26,False,104,47,-0.01540008117253966,bright,70648621.27442595,,iot_Psc,1-3,0.6816087679482206,5,1.7730000081428443
130.1879476424831,1.091364320898265,False,0.0,False,False,False,58814.035351759034,0.5892112820425618,2019-11-26,False,104,48,0.03696867978981444,bright,84923642.40704514,,iot_Psc,1-4,0.6261799618323762,0,1.5330000451285741
130.1879476424831,1.091364320898265,False,0.0,False,False,False,58814.035351759034,0.6089895732641822,2019-11-26,False,104,49,0.013951063804561459,bright,82345318.33023919,,iot_Psc,1-4,0.6229406370687437,1,1.580999992256693
130.1879476424831,1.091364320898265,False,0.0,False,False,False,58814.035351759034,0.6275200736317406,2019-11-26,False,104,50,0.01465861118092815,bright,79918933.94785355,,iot_Psc,1-4,0.6421786848126687,2,1.6290000530716497
130.1879476424831,1.091364320898265,False,0.0,False,False,False,58814.035351759034,0.6448876548406883,2019-11-26,False,104,51,0.01582687561316276,bright,77631453.56408751,,iot_Psc,1-4,0.6607145304538511,3,1.6770000001997687
130.1879476424831,1.091364320898265,False,0.0,False,False,False,58814.035351759034,0.6611731276522214,2019-11-26,False,104,52,0.025751305913757627,bright,75471276.30012444,,iot_Psc,1-4,0.686924433565979,4,1.7249999473278876
130.1879476424831,1.091364320898265,False,0.0,False,False,False,58814.035351759034,0.6764526767719551,2019-11-26,False,104,53,0.03833635886007891,bright,73428058.11876473,,iot_Psc,1-4,0.714789035632034,5,1.7730000081428443
57.9352822240715,1.091364320898265,False,0.0,False,False,False,58814.035351759034,0.9038447066532088,2019-11-26,False,104,54,0.022755082948964334,bright,37792094.27173397,,iot_Psc,2-3,0.9265997896021732,0,1.5330000451285741
57.9352822240715,1.091364320898265,False,0.0,False,False,False,58814.035351759034,0.9093684622292381,2019-11-26,False,104,55,-0.012720993534434566,bright,36644707.46857857,,iot_Psc,2-3,0.8966474686948035,1,1.580999992256693
57.9352822240715,1.091364320898265,False,0.0,False,False,False,58814.035351759034,0.9144357752086545,2019-11-26,False,104,56,-0.01202096892083937,bright,35564935.749896675,,iot_Psc,2-3,0.9024148062878151,2,1.6290000530716497
57.9352822240715,1.091364320898265,False,0.0,False,False,False,58814.035351759034,0.9190948834694502,2019-11-26,False,104,57,-0.011981842705284573,bright,34546978.06629105,,iot_Psc,2-3,0.9071130407641657,3,1.6770000001997687
57.9352822240715,1.091364320898265,False,0.0,False,False,False,58814.035351759034,0.9233879390191796,2019-11-26,False,104,58,0.017766753537299618,bright,33585671.88005784,,iot_Psc,2-3,0.9411546925564792,4,1.7249999473278876
57.9352822240715,1.091364320898265,False,0.0,False,False,False,58814.035351759034,0.9273518623105277,2019-11-26,False,104,59,0.01483750166574227,bright,32676413.963898785,,iot_Psc,2-3,0.94218936397627,5,1.7730000081428443
117.06820074720774,1.091364320898265,False,0.0,False,False,False,58814.035351759034,0.6544472999401995,2019-11-26,False,104,60,0.0301265367933371,bright,76365425.50616111,,iot_Psc,2-4,0.6845738367335366,0,1.5330000451285741
117.06820074720774,1.091364320898265,False,0.0,False,False,False,58814.035351759034,0.6718385496970767,2019-11-26,False,104,61,0.013703292899031161,bright,74046933.15659449,,iot_Psc,2-4,0.6855418425961078,1,1.580999992256693
117.06820074720774,1.091364320898265,False,0.0,False,False,False,58814.035351759034,0.6880472932307378,2019-11-26,False,104,62,0.015235417853575295,bright,71865068.71283609,,iot_Psc,2-4,0.7032827110843131,2,1.6290000530716497
117.06820074720774,1.091364320898265,False,0.0,False,False,False,58814.035351759034,0.7031666604062223,2019-11-26,False,104,63,0.016007571984540614,bright,69808110.15698406,,iot_Psc,2-4,0.719174232390763,3,1.6770000001997687
117.06820074720774,1.091364320898265,False,0.0,False,False,False,58814.035351759034,0.7172826926449082,2019-11-26,False,104,64,-0.0008614331817887733,bright,67865625.69381659,,iot_Psc,2-4,0.7164212594631194,4,1.7249999473278876
117.06820074720774,1.091364320898265,False,0.0,False,False,False,58814.035351759034,0.7304745115817404,2019-11-26,False,104,65,0.01975886707192387,bright,66028313.710969806,,iot_Psc,2-4,0.7502333786536642,5,1.7730000081428443
87.6054557370957,1.091364320898265,False,0.0,False,False,False,58814.035351759034,0.79160627748264,2019-11-26,False,104,66,-0.014265739663833377,bright,57146414.32365264,,iot_Psc,3-4,0.7773405378188066,0,1.5330000451285741
87.6054557370957,1.091364320898265,False,0.0,False,False,False,58814.035351759034,0.8029531590045973,2019-11-26,False,104,67,-0.02746882962122832,bright,55411420.724961,,iot_Psc,3-4,0.775484329383369,1,1.580999992256693
87.6054557370957,1.091364320898265,False,0.0,False,False,False,58814.035351759034,0.8134297408731762,2019-11-26,False,104,68,-0.002117497467261642,bright,53778669.664194584,,iot_Psc,3-4,0.8113122434059146,2,1.6290000530716497
87.6054557370957,1.091364320898265,False,0.0,False,False,False,58814.035351759034,0.8231191564480402,2019-11-26,False,104,69,0.0010062781061824788,bright,52239389.22281449,,iot_Psc,3-4,0.8241254345542227,3,1.6770000001997687
87.6054557370957,1.091364320898265,False,0.0,False,False,False,58814.035351759034,0.8320954211543735,2019-11-26,False,104,70,0.021373666904867417,bright,50785772.992515735,,iot_Psc,3-4,0.8534690880592409,4,1.7249999473278876
87.6054557370957,1.091364320898265,False,0.0,False,False,False,58814.035351759034,0.8404244546769947,2019-11-26,False,104,71,0.031473895188007917,bright,49410860.31288818,,iot_Psc,3-4,0.8718983498650026,5,1.7730000081428443
87.21968959387617,1.0615994359258774,False,0.0,False,False,False,58816.00240277297,0.8071466515883892,2019-11-28,False,104,0,0.014301976656018955,faint,56894773.01128258,,iot_Psc,1-2,0.8214486282444081,0,1.5330000451285741
87.21968959387617,1.0615994359258774,False,0.0,False,False,False,58816.00240277297,0.8177308814270678,2019-11-28,False,104,1,0.005493086568774452,faint,55167419.36815587,,iot_Psc,1-2,0.8232239679958423,1,1.580999992256693
87.21968959387617,1.0615994359258774,False,0.0,False,False,False,58816.00240277297,0.8274940282924704,2019-11-28,False,104,2,0.014040003465065398,faint,53541858.04316846,,iot_Psc,1-2,0.8415340317575358,2,1.6290000530716497
87.21968959387617,1.0615994359258774,False,0.0,False,False,False,58816.00240277297,0.8365158029897397,2019-11-28,False,104,3,0.005744084746010514,faint,52009355.74447604,,iot_Psc,1-2,0.8422598877357502,3,1.6770000001997687
87.21968959387617,1.0615994359258774,False,0.0,False,False,False,58816.00240277297,0.8448669605106343,2019-11-28,False,104,4,0.0024040711043418206,faint,50562140.43889328,,iot_Psc,1-2,0.8472710316149761,4,1.7249999473278876
87.21968959387617,1.0615994359258774,False,0.0,False,False,False,58816.00240277297,0.8526103490463198,2019-11-28,False,104,5,0.007427074879085338,faint,49193282.116922125,,iot_Psc,1-2,0.8600374239254052,5,1.7730000081428443
128.85762013204464,1.0615994359258774,False,0.0,False,False,False,58816.00240277297,0.6200062470525268,2019-11-28,False,104,6,0.006369416439068298,faint,84055848.88370779,,iot_Psc,1-3,0.6263756634915951,0,1.5330000451285741
128.85762013204464,1.0615994359258774,False,0.0,False,False,False,58816.00240277297,0.6387009230019642,2019-11-28,False,104,7,-0.005027412406873544,faint,81503871.45044537,,iot_Psc,1-3,0.6336735105950907,1,1.580999992256693
128.85762013204464,1.0615994359258774,False,0.0,False,False,False,58816.00240277297,0.6561715075667449,2019-11-28,False,104,8,0.0009125700369974066,faint,79102281.11353965,,iot_Psc,1-3,0.6570840776037423,2,1.6290000530716497
128.85762013204464,1.0615994359258774,False,0.0,False,False,False,58816.00240277297,0.6725078303499419,2019-11-28,False,104,9,-0.003604516158255189,faint,76838175.38264447,,iot_Psc,1-3,0.6689033141916867,3,1.6770000001997687
128.85762013204464,1.0615994359258774,False,0.0,False,False,False,58816.00240277297,0.6877940751438699,2019-11-28,False,104,10,-0.006796769668645841,faint,74700071.92269868,,iot_Psc,1-3,0.6809973054752241,4,1.7249999473278876
128.85762013204464,1.0615994359258774,False,0.0,False,False,False,58816.00240277297,0.7021085828621344,2019-11-28,False,104,11,-0.0012444496193914079,faint,72677732.39720315,,iot_Psc,1-3,0.700864133242743,5,1.7730000081428443
125.79268527414429,1.0615994359258774,False,0.0,False,False,False,58816.00240277297,0.6346625721020395,2019-11-28,False,104,12,0.020121694900846365,faint,82056543.75149998,,iot_Psc,1-4,0.6547842670028858,0,1.5330000451285741
125.79268527414429,1.0615994359258774,False,0.0,False,False,False,58816.00240277297,0.6528140585795621,2019-11-28,False,104,13,0.0073509110058318505,faint,79565266.21773723,,iot_Psc,1-4,0.660164969585394,1,1.580999992256693
125.79268527414429,1.0615994359258774,False,0.0,False,False,False,58816.00240277297,0.6697572383888,2019-11-28,False,104,14,0.014058051727476317,faint,77220798.75746416,,iot_Psc,1-4,0.6838152901162763,2,1.6290000530716497
125.79268527414429,1.0615994359258774,False,0.0,False,False,False,58816.00240277297,0.6855836344489608,2019-11-28,False,104,15,0.019033655290139784,faint,75010545.77171111,,iot_Psc,1-4,0.7046172897391005,3,1.6770000001997687
125.79268527414429,1.0615994359258774,False,0.0,False,False,False,58816.00240277297,0.7003784664886323,2019-11-28,False,104,16,0.03080156765337605,faint,72923298.03777881,,iot_Psc,1-4,0.7311800341420084,4,1.7249999473278876
125.79268527414429,1.0615994359258774,False,0.0,False,False,False,58816.00240277297,0.7142206159310711,2019-11-28,False,104,17,0.036732838532941514,faint,70949060.74248005,,iot_Psc,1-4,0.7509534544640126,5,1.7730000081428443
56.4426556625146,1.0615994359258774,False,0.0,False,False,False,58816.00240277297,0.9150230823617985,2019-11-28,False,104,18,-0.0033287870468883263,faint,36818430.5289963,,iot_Psc,2-3,0.9116942953149102,0,1.5330000451285741
56.4426556625146,1.0615994359258774,False,0.0,False,False,False,58816.00240277297,0.9199287289124536,2019-11-28,False,104,19,-0.007374379183535007,faint,35700604.641970485,,iot_Psc,2-3,0.9125543497289186,1,1.580999992256693
56.4426556625146,1.0615994359258774,False,0.0,False,False,False,58816.00240277297,0.9244263367630312,2019-11-28,False,104,20,-0.002199200520170752,faint,34648651.8254472,,iot_Psc,2-3,0.9222271362428605,2,1.6290000530716497
56.4426556625146,1.0615994359258774,False,0.0,False,False,False,58816.00240277297,0.928559391928976,2019-11-28,False,104,21,-0.008497211573029295,faint,33656920.48645856,,iot_Psc,2-3,0.9200621803559467,3,1.6770000001997687
56.4426556625146,1.0615994359258774,False,0.0,False,False,False,58816.00240277297,0.9323658354412966,2019-11-28,False,104,22,-0.004375825380116272,faint,32720381.093313735,,iot_Psc,2-3,0.9279900100611803,4,1.7249999473278876
56.4426556625146,1.0615994359258774,False,0.0,False,False,False,58816.00240277297,0.9358788532003312,2019-11-28,False,104,23,0.010405160428483162,faint,31834549.014828444,,iot_Psc,2-3,0.9462840136288143,5,1.7730000081428443
115.04751197740275,1.0615994359258774,False,0.0,False,False,False,58816.00240277297,0.6853217545982734,2019-11-28,False,104,24,0.016058038135311925,faint,75047298.4935585,,iot_Psc,2-4,0.7013797927335853,0,1.5330000451285741
115.04751197740275,1.0615994359258774,False,0.0,False,False,False,58816.00240277297,0.7014670635687156,2019-11-28,False,104,25,0.010653431927128199,faint,72768825.13654275,,iot_Psc,2-4,0.7121204954958438,1,1.580999992256693
115.04751197740275,1.0615994359258774,False,0.0,False,False,False,58816.00240277297,0.7164801885938412,2019-11-28,False,104,26,0.02158813262685788,faint,70624621.38074744,,iot_Psc,2-4,0.7380683212206991,2,1.6290000530716497
115.04751197740275,1.0615994359258774,False,0.0,False,False,False,58816.00240277297,0.7304552164700425,2019-11-28,False,104,27,0.008885497354603311,faint,68603167.53947406,,iot_Psc,2-4,0.7393407138246458,3,1.6770000001997687
115.04751197740275,1.0615994359258774,False,0.0,False,False,False,58816.00240277297,0.743478160620066,2019-11-28,False,104,28,0.0018799815038123002,faint,66694211.87845088,,iot_Psc,2-4,0.7453581421238783,4,1.7249999473278876
115.04751197740275,1.0615994359258774,False,0.0,False,False,False,58816.00240277297,0.7556274108918485,2019-11-28,False,104,29,0.01944587040819956,faint,64888613.338423505,,iot_Psc,2-4,0.775073281300048,5,1.7730000081428443
90.48931938779634,1.0615994359258774,False,0.0,False,False,False,58816.00240277297,0.7937937614151174,2019-11-28,False,104,30,-0.009118268683440345,faint,59027603.86429533,,iot_Psc,3-4,0.784675492731677,0,1.5330000451285741
90.48931938779634,1.0615994359258774,False,0.0,False,False,False,58816.00240277297,0.8050341826623058,2019-11-28,False,104,31,-0.012603070051687038,faint,57235496.41428739,,iot_Psc,3-4,0.7924311126106187,1,1.580999992256693
90.48931938779634,1.0615994359258774,False,0.0,False,False,False,58816.00240277297,0.8154110694756526,2019-11-28,False,104,32,-0.003286150352783679,faint,55548997.20056441,,iot_Psc,3-4,0.8121249191228689,2,1.6290000530716497
90.48931938779634,1.0615994359258774,False,0.0,False,False,False,58816.00240277297,0.8250071012046036,2019-11-28,False,104,33,-0.0034169983462160047,faint,53959045.54383841,,iot_Psc,3-4,0.8215901028583876,3,1.6770000001997687
90.48931938779634,1.0615994359258774,False,0.0,False,False,False,58816.00240277297,0.8338958571379805,2019-11-28,False,104,34,0.00010398799621724741,faint,52457578.058462486,,iot_Psc,3-4,0.8339998451341978,4,1.7249999473278876
90.48931938779634,1.0615994359258774,False,0.0,False,False,False,58816.00240277297,0.8421428434031185,2019-11-28,False,104,35,-0.00498057401432539,faint,51037404.94766311,,iot_Psc,3-4,0.8371622693887931,5,1.7730000081428443
85.35740152941207,1.0615994359258774,False,0.0,False,False,False,58816.01428244478,0.8146123825909402,2019-11-28,False,104,36,-0.007200604293461477,faint,55679973.26591929,,iot_Psc,1-2,0.8074117782974787,0,1.5330000451285741
85.35740152941207,1.0615994359258774,False,0.0,False,False,False,58816.01428244478,0.8248250368609158,2019-11-28,False,104,37,-0.01903263495539176,faint,53989501.548051454,,iot_Psc,1-2,0.805792401905524,1,1.580999992256693
85.35740152941207,1.0615994359258774,False,0.0,False,False,False,58816.01428244478,0.8342412020249323,2019-11-28,False,104,38,-0.009046815516295492,faint,52398648.70996276,,iot_Psc,1-2,0.8251943865086369,2,1.6290000530716497
85.35740152941207,1.0615994359258774,False,0.0,False,False,False,58816.01428244478,0.8429387818686322,2019-11-28,False,104,39,-0.01054018907721399,faint,50898867.9303781,,iot_Psc,1-2,0.8323985927914183,3,1.6770000001997687
85.35740152941207,1.0615994359258774,False,0.0,False,False,False,58816.01428244478,0.8509868314158484,2019-11-28,False,104,40,-0.015030515981212966,faint,49482553.12218126,,iot_Psc,1-2,0.8359563154346354,4,1.7249999473278876
85.35740152941207,1.0615994359258774,False,0.0,False,False,False,58816.01428244478,0.8584466133046305,2019-11-28,False,104,41,-0.00408854967958272,faint,48142922.24331176,,iot_Psc,1-2,0.8543580636250477,5,1.7730000081428443
127.76780362718887,1.0615994359258774,False,0.0,False,False,False,58816.01428244478,0.6252256482233002,2019-11-28,False,104,42,-0.004151496630881213,faint,83344944.46572104,,iot_Psc,1-3,0.621074151592419,0,1.5330000451285741
127.76780362718887,1.0615994359258774,False,0.0,False,False,False,58816.01428244478,0.6437288689266472,2019-11-28,False,104,43,-0.025081360839750655,faint,80814550.44463044,,iot_Psc,1-3,0.6186475080868965,1,1.580999992256693
127.76780362718887,1.0615994359258774,False,0.0,False,False,False,58816.01428244478,0.6610132910761631,2019-11-28,False,104,44,-0.014574313129267491,faint,78433271.61731476,,iot_Psc,1-3,0.6464389779468956,2,1.6290000530716497
127.76780362718887,1.0615994359258774,False,0.0,False,False,False,58816.01428244478,0.6771693964651418,2019-11-28,False,104,45,-0.02417757934487741,faint,76188314.61655863,,iot_Psc,1-3,0.6529918171202644,3,1.6770000001997687
127.76780362718887,1.0615994359258774,False,0.0,False,False,False,58816.01428244478,0.6922817796788837,2019-11-28,False,104,46,-0.026374872541731653,faint,74068294.21943326,,iot_Psc,1-3,0.6659069071371521,4,1.7249999473278876
127.76780362718887,1.0615994359258774,False,0.0,False,False,False,58816.01428244478,0.706429009733435,2019-11-28,False,104,47,-0.01836944989703604,faint,72063058.68042335,,iot_Psc,1-3,0.688059559836399,5,1.7730000081428443
127.9687876115408,1.0615994359258774,False,0.0,False,False,False,58816.01428244478,0.6242637116735169,2019-11-28,False,104,48,-0.0005449487278379461,faint,83476049.47448514,,iot_Psc,1-4,0.623718762945679,0,1.5330000451285741
127.9687876115408,1.0615994359258774,False,0.0,False,False,False,58816.01428244478,0.6428023837207397,2019-11-28,False,104,49,-0.017958355111883817,faint,80941675.04003608,,iot_Psc,1-4,0.6248440286088559,1,1.580999992256693
127.9687876115408,1.0615994359258774,False,0.0,False,False,False,58816.01428244478,0.6601212543272442,2019-11-28,False,104,50,-0.009667675152926991,faint,78556650.36366469,,iot_Psc,1-4,0.6504535791743172,2,1.6290000530716497
127.9687876115408,1.0615994359258774,False,0.0,False,False,False,58816.01428244478,0.676310689178317,2019-11-28,False,104,51,-0.006264452715448288,faint,76308161.95366538,,iot_Psc,1-4,0.6700462364628688,3,1.6770000001997687
127.9687876115408,1.0615994359258774,False,0.0,False,False,False,58816.01428244478,0.6914552106373946,2019-11-28,False,104,52,0.006331333361828118,faint,74184806.67768769,,iot_Psc,1-4,0.6977865439992227,4,1.7249999473278876
127.9687876115408,1.0615994359258774,False,0.0,False,False,False,58816.01428244478,0.70563334864969,2019-11-28,False,104,53,0.016621253942500358,faint,72176416.82110518,,iot_Psc,1-4,0.7222546025921903,5,1.7730000081428443
57.24175053915569,1.0615994359258774,False,0.0,False,False,False,58816.01428244478,0.9126914979843004,2019-11-28,False,104,54,0.014612866440594119,faint,37339692.66410215,,iot_Psc,2-3,0.9273043644248945,0,1.5330000451285741
57.24175053915569,1.0615994359258774,False,0.0,False,False,False,58816.01428244478,0.9177266105833768,2019-11-28,False,104,55,-0.012186541718823607,faint,36206040.99905767,,iot_Psc,2-3,0.9055400688645532,1,1.580999992256693
57.24175053915569,1.0615994359258774,False,0.0,False,False,False,58816.01428244478,0.9223434847492983,2019-11-28,False,104,56,-0.0071921388240003825,faint,35139195.011823595,,iot_Psc,2-3,0.9151513459252979,2,1.6290000530716497
57.24175053915569,1.0615994359258774,False,0.0,False,False,False,58816.01428244478,0.9265866164360553,2019-11-28,False,104,57,-0.011084614356632438,faint,34133423.09620567,,iot_Psc,2-3,0.9155020020794229,3,1.6770000001997687
57.24175053915569,1.0615994359258774,False,0.0,False,False,False,58816.01428244478,0.9304948401914631,2019-11-28,False,104,58,0.009585127459793008,faint,33183624.514207125,,iot_Psc,2-3,0.9400799676512561,4,1.7249999473278876
57.24175053915569,1.0615994359258774,False,0.0,False,False,False,58816.01428244478,0.9341021331972255,2019-11-28,False,104,59,0.008223727522122415,faint,32285251.14284372,,iot_Psc,2-3,0.9423258607193479,5,1.7730000081428443
115.83326094553958,1.0615994359258774,False,0.0,False,False,False,58816.01428244478,0.681664867911231,2019-11-28,False,104,60,0.002679117877822379,faint,75559854.88299483,,iot_Psc,2-4,0.6843439857890534,0,1.5330000451285741
115.83326094553958,1.0615994359258774,False,0.0,False,False,False,58816.01428244478,0.6979614397667327,2019-11-28,False,104,61,-0.006841273361626765,faint,73265820.05873454,,iot_Psc,2-4,0.691120166405106,1,1.580999992256693
115.83326094553958,1.0615994359258774,False,0.0,False,False,False,58816.01428244478,0.713119238239727,2019-11-28,False,104,62,0.00934666205477952,faint,71106971.86726536,,iot_Psc,2-4,0.7224659002945065,2,1.6290000530716497
115.83326094553958,1.0615994359258774,False,0.0,False,False,False,58816.01428244478,0.7272323350889356,2019-11-28,False,104,63,-0.0033793852274263125,faint,69071711.94498582,,iot_Psc,2-4,0.7238529498615093,3,1.6770000001997687
115.83326094553958,1.0615994359258774,False,0.0,False,False,False,58816.01428244478,0.7403868298052958,2019-11-28,False,104,64,-0.009492230040201277,faint,67149718.54055484,,iot_Psc,2-4,0.7308945997650945,4,1.7249999473278876
115.83326094553958,1.0615994359258774,False,0.0,False,False,False,58816.01428244478,0.7526612685746493,2019-11-28,False,104,65,0.009541238835951704,faint,65331788.163312465,,iot_Psc,2-4,0.762202507410601,5,1.7730000081428443
89.18706463513695,1.0615994359258774,False,0.0,False,False,False,58816.01428244478,0.7991486551268829,2019-11-28,False,104,66,-0.009990273577422104,faint,58178122.641644634,,iot_Psc,3-4,0.7891583815494608,0,1.5330000451285741
89.18706463513695,1.0615994359258774,False,0.0,False,False,False,58816.01428244478,0.8101272273068924,2019-11-28,False,104,67,-0.013739116729304834,faint,56411805.86461156,,iot_Psc,3-4,0.7963881105775875,1,1.580999992256693
89.18706463513695,1.0615994359258774,False,0.0,False,False,False,58816.01428244478,0.8202590514911694,2019-11-28,False,104,68,-0.0010835310201902093,faint,54749577.48894202,,iot_Psc,3-4,0.8191755204709792,2,1.6290000530716497
89.18706463513695,1.0615994359258774,False,0.0,False,False,False,58816.01428244478,0.8296256572146958,2019-11-28,False,104,69,0.010140357081215412,faint,53182507.22988238,,iot_Psc,3-4,0.8397660142959112,3,1.6770000001997687
89.18706463513695,1.0615994359258774,False,0.0,False,False,False,58816.01428244478,0.8382995245387608,2019-11-28,False,104,70,0.012029527742559498,faint,51702647.74401427,,iot_Psc,3-4,0.8503290522813203,4,1.7249999473278876
89.18706463513695,1.0615994359258774,False,0.0,False,False,False,58816.01428244478,0.8463451211867062,2019-11-28,False,104,71,0.026285160745912584,faint,50302912.704753615,,iot_Psc,3-4,0.8726302819326188,5,1.7730000081428443
69.8510107144794,0.993360295635206,False,0.0,False,False,False,59636.11695782031,0.7854602234373325,2022-02-25,False,106,0,0.0211069289808955,bright,45564911.06210041,,ksi_Gem,1-2,0.806567152418228,0,1.5330000451285741
69.8510107144794,0.993360295635206,False,0.0,False,False,False,59636.11695782031,0.7971044158545167,2022-02-25,False,106,1,0.022450254859414542,bright,44181537.670202784,,ksi_Gem,1-2,0.8195546707139313,1,1.580999992256693
69.8510107144794,0.993360295635206,False,0.0,False,False,False,59636.11695782031,0.8078596285549678,2022-02-25,False,106,2,0.013180320335721585,bright,42879685.96610419,,ksi_Gem,1-2,0.8210399488906894,2,1.6290000530716497
69.8510107144794,0.993360295635206,False,0.0,False,False,False,59636.11695782031,0.8178102148294053,2022-02-25,False,106,3,0.02803779363726744,bright,41652361.78065508,,ksi_Gem,1-2,0.8458480084666727,3,1.6770000001997687
69.8510107144794,0.993360295635206,False,0.0,False,False,False,59636.11695782031,0.8270313696754087,2022-02-25,False,106,4,0.015114763058904579,bright,40493340.781072,,ksi_Gem,1-2,0.8421461327343133,4,1.7249999473278876
69.8510107144794,0.993360295635206,False,0.0,False,False,False,59636.11695782031,0.8355901369335438,2022-02-25,False,106,5,0.025353481128230992,bright,39397072.98007624,,ksi_Gem,1-2,0.8609436180617748,5,1.7730000081428443
114.8738264816902,0.993360295635206,False,0.0,False,False,False,59636.11695782031,0.5079024841953012,2022-02-25,False,106,6,0.013393598954542063,bright,74934000.71756399,,ksi_Gem,1-3,0.5212960831498432,0,1.5330000451285741
114.8738264816902,0.993360295635206,False,0.0,False,False,False,59636.11695782031,0.5301316968882964,2022-02-25,False,106,7,0.023988320731250456,bright,72658967.13745154,,ksi_Gem,1-3,0.5541200176195469,1,1.580999992256693
114.8738264816902,0.993360295635206,False,0.0,False,False,False,59636.11695782031,0.5511157007947498,2022-02-25,False,106,8,0.01922141040519254,bright,70518000.45376524,,ksi_Gem,1-3,0.5703371111999423,2,1.6290000530716497
114.8738264816902,0.993360295635206,False,0.0,False,False,False,59636.11695782031,0.5709170975419091,2022-02-25,False,106,9,0.01839401867363122,bright,68499598.37090407,,ksi_Gem,1-3,0.5893111162155403,3,1.6770000001997687
114.8738264816902,0.993360295635206,False,0.0,False,False,False,59636.11695782031,0.5895998425220845,2022-02-25,False,106,10,0.0130039822901159,bright,66593524.63148511,,ksi_Gem,1-3,0.6026038248122004,4,1.7249999473278876
114.8738264816902,0.993360295635206,False,0.0,False,False,False,59636.11695782031,0.6072275679971738,2022-02-25,False,106,11,0.019704622088490553,bright,64790651.97637338,,ksi_Gem,1-3,0.6269321900856644,5,1.7730000081428443
124.76014628143132,0.993360295635206,False,0.0,False,False,False,59636.11695782031,0.4456973701045396,2022-02-25,False,106,12,0.0228160991908104,bright,81383002.35403292,,ksi_Gem,1-4,0.46851346929535,0,1.5330000451285741
124.76014628143132,0.993360295635206,False,0.0,False,False,False,59636.11695782031,0.46934788298031116,2022-02-25,False,106,13,0.028732897815160474,bright,78912173.87253162,,ksi_Gem,1-4,0.49808078079547163,1,1.580999992256693
124.76014628143132,0.993360295635206,False,0.0,False,False,False,59636.11695782031,0.4918237494518213,2022-02-25,False,106,14,0.02432631824182352,bright,76586950.40935268,,ksi_Gem,1-4,0.5161500676936448,2,1.6290000530716497
124.76014628143132,0.993360295635206,False,0.0,False,False,False,59636.11695782031,0.513161617863698,2022-02-25,False,106,15,0.021911682601687077,bright,74394839.75347021,,ksi_Gem,1-4,0.535073300465385,3,1.6770000001997687
124.76014628143132,0.993360295635206,False,0.0,False,False,False,59636.11695782031,0.5334046528759223,2022-02-25,False,106,16,0.035079383370214434,bright,72324724.69039266,,ksi_Gem,1-4,0.5684840362461367,4,1.7249999473278876
124.76014628143132,0.993360295635206,False,0.0,False,False,False,59636.11695782031,0.5525999405363612,2022-02-25,False,106,17,0.027459439961277532,bright,70366692.44695222,,ksi_Gem,1-4,0.5800593804976387,5,1.7730000081428443
58.20292765714229,0.993360295635206,False,0.0,False,True,False,59636.11695782031,0.8465097168310385,2022-02-25,False,106,18,-0.07664755241738408,bright,37966683.59018917,,ksi_Gem,2-3,0.7698621644136544,0,1.5330000451285741
58.20292765714229,0.993360295635206,False,0.0,False,True,False,59636.11695782031,0.8550977176557559,2022-02-25,False,106,19,0.10837041551358129,bright,36813996.168377206,,ksi_Gem,2-3,0.9634681331693372,1,1.580999992256693
58.20292765714229,0.993360295635206,False,0.0,False,True,False,59636.11695782031,0.863001152140088,2022-02-25,False,106,20,0.10811699650851503,bright,35729236.194556646,,ksi_Gem,2-3,0.971118148648603,2,1.6290000530716497
58.20292765714229,0.993360295635206,False,0.0,False,False,False,59636.11695782031,0.8702890176336288,2022-02-25,False,106,21,0.042930844547851454,bright,34706575.82004115,,ksi_Gem,2-3,0.9132198621814802,3,1.6770000001997687
58.20292765714229,0.993360295635206,False,0.0,False,False,False,59636.11695782031,0.8770221354167562,2022-02-25,False,106,22,0.03751186022481867,bright,33740828.65759015,,ksi_Gem,2-3,0.9145339956415749,4,1.7249999473278876
58.20292765714229,0.993360295635206,False,0.0,False,True,False,59636.11695782031,0.8832541970911253,2022-02-25,False,106,23,0.07387309342028359,bright,32827370.214232445,,ksi_Gem,2-3,0.9571272905114089,5,1.7730000081428443
85.69631715733746,0.993360295635206,False,0.0,False,False,False,59636.11695782031,0.6926146313677888,2022-02-25,False,106,24,-0.01443085546680467,bright,55901053.25153466,,ksi_Gem,2-4,0.6781837759009841,0,1.5330000451285741
85.69631715733746,0.993360295635206,False,0.0,False,False,False,59636.11695782031,0.7084549061337867,2022-02-25,False,106,25,-0.004063305032174447,bright,54203869.43520219,,ksi_Gem,2-4,0.7043916011016123,1,1.580999992256693
85.69631715733746,0.993360295635206,False,0.0,False,False,False,59636.11695782031,0.7231767178691334,2022-02-25,False,106,26,-0.012386092630581325,bright,52606700.04015537,,ksi_Gem,2-4,0.7107906252385521,2,1.6290000530716497
85.69631715733746,0.993360295635206,False,0.0,False,False,False,59636.11695782031,0.7368740917993887,2022-02-25,False,106,27,-0.014317056121303517,bright,51100964.30955819,,ksi_Gem,2-4,0.7225570356780852,3,1.6770000001997687
85.69631715733746,0.993360295635206,False,0.0,False,False,False,59636.11695782031,0.7496327928497472,2022-02-25,False,106,28,-0.01378161517671117,bright,49679025.955963306,,ksi_Gem,2-4,0.735851177673036,4,1.7249999473278876
85.69631715733746,0.993360295635206,False,0.0,False,False,False,59636.11695782031,0.761530834554478,2022-02-25,False,106,29,-0.004676535594177689,bright,48334076.00888923,,ksi_Gem,2-4,0.7568542989603003,5,1.7730000081428443
37.75118294461401,0.993360295635206,False,0.0,False,False,False,59636.11695782031,0.9328142411536101,2022-02-25,False,106,30,0.02463122990817468,bright,24625689.38897049,,ksi_Gem,3-4,0.9574454710617848,0,1.5330000451285741
37.75118294461401,0.993360295635206,False,0.0,False,True,False,59636.11695782031,0.9367226995330028,2022-02-25,False,106,31,0.05089430570569997,bright,23878041.195135362,,ksi_Gem,3-4,0.9876170052387028,1,1.580999992256693
37.75118294461401,0.993360295635206,False,0.0,False,False,False,59636.11695782031,0.9403027366745224,2022-02-25,False,106,32,0.03816238755631585,bright,23174451.63579351,,ksi_Gem,3-4,0.9784651242308382,2,1.6290000530716497
37.75118294461401,0.993360295635206,False,0.0,False,False,False,59636.11695782031,0.9435898064956002,2022-02-25,False,106,33,0.02411782208962432,bright,22511140.69178115,,ksi_Gem,3-4,0.9677076285852245,3,1.6770000001997687
37.75118294461401,0.993360295635206,False,0.0,False,False,False,59636.11695782031,0.9466147690742032,2022-02-25,False,106,34,0.023531974159304858,bright,21884744.404249117,,ksi_Gem,3-4,0.970146743233508,4,1.7249999473278876
37.75118294461401,0.993360295635206,False,0.0,False,False,False,59636.11695782031,0.949404559267518,2022-02-25,False,106,35,0.030166213885155613,bright,21292263.266347673,,ksi_Gem,3-4,0.9795707731526736,5,1.7730000081428443
65.55564468360073,0.993360295635206,False,0.0,False,False,False,59636.12936337921,0.8088138787090514,2022-02-25,False,106,36,-0.03721549585746542,bright,42762976.356013425,,ksi_Gem,1-2,0.771598382851586,0,1.5330000451285741
65.55564468360073,0.993360295635206,False,0.0,False,False,False,59636.12936337921,0.8193152418610339,2022-02-25,False,106,37,-0.014445264833412241,bright,41464671.097200766,,ksi_Gem,1-2,0.8048699770276216,1,1.580999992256693
65.55564468360073,0.993360295635206,False,0.0,False,False,False,59636.12936337921,0.8290009935716045,2022-02-25,False,106,38,-0.014816329847309295,bright,40242874.49223143,,ksi_Gem,1-2,0.8141846637242952,2,1.6290000530716497
65.55564468360073,0.993360295635206,False,0.0,False,False,False,59636.12936337921,0.8379504446804018,2022-02-25,False,106,39,-0.0006698603591330787,bright,39091022.4661846,,ksi_Gem,1-2,0.8372805843212687,3,1.6770000001997687
65.55564468360073,0.993360295635206,False,0.0,False,False,False,59636.12936337921,0.8462339734742378,2022-02-25,False,106,40,-0.007602148898615435,bright,38003273.4407614,,ksi_Gem,1-2,0.8386318245756224,4,1.7249999473278876
65.55564468360073,0.993360295635206,False,0.0,False,False,False,59636.12936337921,0.8539140764679316,2022-02-25,False,106,41,-0.006506829896374744,bright,36974418.71546745,,ksi_Gem,1-2,0.8474072465715569,5,1.7730000081428443
110.04554822502965,0.993360295635206,False,0.0,False,False,False,59636.12936337921,0.5386980060512959,2022-02-25,False,106,42,-0.030940016047325214,bright,71784438.99902171,,ksi_Gem,1-3,0.5077579900039707,0,1.5330000451285741
110.04554822502965,0.993360295635206,False,0.0,False,False,False,59636.12936337921,0.56007236005894,2022-02-25,False,106,43,-0.01834856512368299,bright,69605027.68121615,,ksi_Gem,1-3,0.541723794935257,1,1.580999992256693
110.04554822502965,0.993360295635206,False,0.0,False,False,False,59636.12936337921,0.5801891081644855,2022-02-25,False,106,44,-0.02096447987604544,bright,67554048.27490783,,ksi_Gem,1-3,0.5592246282884401,2,1.6290000530716497
110.04554822502965,0.993360295635206,False,0.0,False,False,False,59636.12936337921,0.5991208425159594,2022-02-25,False,106,45,-0.011451249428587329,bright,65620481.93912984,,ksi_Gem,1-3,0.5876695930873721,3,1.6770000001997687
110.04554822502965,0.993360295635206,False,0.0,False,False,False,59636.12936337921,0.6169392623403894,2022-02-25,False,106,46,-0.015012198553375211,bright,63794522.65809966,,ksi_Gem,1-3,0.6019270637870142,4,1.7249999473278876
110.04554822502965,0.993360295635206,False,0.0,False,False,False,59636.12936337921,0.6337139368613962,2022-02-25,False,106,47,-0.02121716829863074,bright,62067426.80181853,,ksi_Gem,1-3,0.6124967685627655,5,1.7730000081428443
122.4336161525894,0.993360295635206,False,0.0,False,False,False,59636.12936337921,0.4601924965705405,2022-02-25,False,106,48,0.024002301389621894,bright,79865370.22073002,,ksi_Gem,1-4,0.4841947979601624,0,1.5330000451285741
122.4336161525894,0.993360295635206,False,0.0,False,False,False,59636.12936337921,0.48355067036798205,2022-02-25,False,106,49,0.04425739550902019,bright,77440617.8066008,,ksi_Gem,1-4,0.5278080658770022,1,1.580999992256693
122.4336161525894,0.993360295635206,False,0.0,False,False,False,59636.12936337921,0.5057121091715108,2022-02-25,False,106,50,0.03665673015896265,bright,75158755.16500323,,ksi_Gem,1-4,0.5423688393304734,2,1.6290000530716497
122.4336161525894,0.993360295635206,False,0.0,False,False,False,59636.12936337921,0.5267201932439697,2022-02-25,False,106,51,0.048669767813670384,bright,73007523.03995514,,ksi_Gem,1-4,0.5753899610576401,3,1.6770000001997687
122.4336161525894,0.993360295635206,False,0.0,False,False,False,59636.12936337921,0.5466235501670111,2022-02-25,False,106,52,0.04678987397529866,bright,70976011.53104107,,ksi_Gem,1-4,0.5934134241423098,4,1.7249999473278876
122.4336161525894,0.993360295635206,False,0.0,False,False,False,59636.12936337921,0.5654736742807109,2022-02-25,False,106,53,0.04198107300513887,bright,69054492.71871935,,ksi_Gem,1-4,0.6074547472858498,5,1.7730000081428443
57.979115023784296,0.993360295635206,False,0.0,False,True,False,59636.12936337921,0.8476080537825401,2022-02-25,False,106,54,0.08875523816269137,bright,37820687.09523197,,ksi_Gem,2-3,0.9363632919452315,0,1.5330000451285741
57.979115023784296,0.993360295635206,False,0.0,False,True,False,59636.12936337921,0.8561390698883524,2022-02-25,False,106,55,0.1970498965514058,bright,36672432.199715495,,ksi_Gem,2-3,1.0531889664397582,1,1.580999992256693
57.979115023784296,0.993360295635206,False,0.0,False,True,False,59636.12936337921,0.8639895670533219,2022-02-25,False,106,56,0.23377662049476233,bright,35591843.54503772,,ksi_Gem,2-3,1.0977661875480842,2,1.6290000530716497
57.979115023784296,0.993360295635206,False,0.0,False,True,False,59636.12936337921,0.8712282021674219,2022-02-25,False,106,57,0.12195834576585984,bright,34573115.69283105,,ksi_Gem,2-3,0.9931865479332818,3,1.6770000001997687
57.979115023784296,0.993360295635206,False,0.0,False,True,False,59636.12936337921,0.8779154854049097,2022-02-25,False,106,58,0.14212942581745225,bright,33611082.199507825,,ksi_Gem,2-3,1.020044911222362,4,1.7249999473278876
57.979115023784296,0.993360295635206,False,0.0,False,True,False,59636.12936337921,0.8841048250655192,2022-02-25,False,106,59,0.12410162439108863,bright,32701136.355050217,,ksi_Gem,2-3,1.0082064494566079,5,1.7730000081428443
86.91708689301635,0.993360295635206,False,0.0,False,False,False,59636.12936337921,0.6851187894065461,2022-02-25,False,106,60,-0.043353886586920076,bright,56697380.518163346,,ksi_Gem,2-4,0.6417649028196261,0,1.5330000451285741
86.91708689301635,0.993360295635206,False,0.0,False,True,False,59636.12936337921,0.7012720178502148,2022-02-25,False,106,61,-0.05132507216520965,bright,54976019.80943235,,ksi_Gem,2-4,0.6499469456850051,1,1.580999992256693
86.91708689301635,0.993360295635206,False,0.0,False,True,False,59636.12936337921,0.7162927780966035,2022-02-25,False,106,62,-0.058357262344489236,bright,53356098.25740957,,ksi_Gem,2-4,0.6579355157521143,2,1.6290000530716497
86.91708689301635,0.993360295635206,False,0.0,False,True,False,59636.12936337921,0.7302751433181996,2022-02-25,False,106,63,-0.05648506160794142,bright,51828912.86980474,,ksi_Gem,2-4,0.6737900817102582,3,1.6770000001997687
86.91708689301635,0.993360295635206,False,0.0,False,True,False,59636.12936337921,0.7433051209592841,2022-02-25,False,106,64,-0.05633713101787585,bright,50386718.577965945,,ksi_Gem,2-4,0.6869679899414083,4,1.7249999473278876
86.91708689301635,0.993360295635206,False,0.0,False,False,False,59636.12936337921,0.7554611004992147,2022-02-25,False,106,65,-0.04811104103536612,bright,49022609.41558538,,ksi_Gem,2-4,0.7073500594638485,5,1.7730000081428443
37.902598253812265,0.993360295635206,False,0.0,False,False,False,59636.12936337921,0.9322899322346209,2022-02-25,False,106,66,-0.006319242741917641,bright,24724459.97262403,,ksi_Gem,3-4,0.9259706894927032,0,1.5330000451285741
37.902598253812265,0.993360295635206,False,0.0,False,False,False,59636.12936337921,0.9362280096745906,2022-02-25,False,106,67,0.002940217412839563,bright,23973813.05467986,,ksi_Gem,3-4,0.9391682270874302,1,1.580999992256693
37.902598253812265,0.993360295635206,False,0.0,False,False,False,59636.12936337921,0.939835274845344,2022-02-25,False,106,68,-0.010562461151558344,bright,23267401.484943453,,ksi_Gem,3-4,0.9292728136937857,2,1.6290000530716497
37.902598253812265,0.993360295635206,False,0.0,False,False,False,59636.12936337921,0.9431474265366958,2022-02-25,False,106,69,-0.014445960527005974,bright,22601430.08306333,,ksi_Gem,3-4,0.9287014660096898,3,1.6770000001997687
37.902598253812265,0.993360295635206,False,0.0,False,False,False,59636.12936337921,0.9461955400893414,2022-02-25,False,106,70,-0.009556211731427622,bright,21972521.397768915,,ksi_Gem,3-4,0.9366393283579137,4,1.7249999473278876
37.902598253812265,0.993360295635206,False,0.0,False,False,False,59636.12936337921,0.9490067399143034,2022-02-25,False,106,71,-0.041633825729307405,bright,21377663.89156079,,ksi_Gem,3-4,0.907372914184996,5,1.7730000081428443
79.32693818549416,1.0656622422696338,False,0.0,False,False,False,59639.07641295022,0.7092406435156478,2022-02-28,False,106,0,0.03037657995175136,faint,51746207.338722505,,ksi_Gem,1-2,0.7396172234673991,0,1.5330000451285741
79.32693818549416,1.0656622422696338,False,0.0,False,False,False,59639.07641295022,0.7243724485241145,2022-02-28,False,106,1,0.011214905620059445,faint,50175166.71348253,,ksi_Gem,1-2,0.735587354144174,1,1.580999992256693
79.32693818549416,1.0656622422696338,False,0.0,False,False,False,59639.07641295022,0.7384193298767943,2022-02-28,False,106,2,-0.002298241322732819,faint,48696706.93743375,,ksi_Gem,1-2,0.7361210885540614,2,1.6290000530716497
79.32693818549416,1.0656622422696338,False,0.0,False,False,False,59639.07641295022,0.7514748126596803,2022-02-28,False,106,3,-0.0039948333264422375,faint,47302885.018511936,,ksi_Gem,1-2,0.7474799793332381,3,1.6770000001997687
79.32693818549416,1.0656622422696338,False,0.0,False,False,False,59639.07641295022,0.7636237939988098,2022-02-28,False,106,4,0.005890930521055049,faint,45986632.23635201,,ksi_Gem,1-2,0.7695147245198648,4,1.7249999473278876
79.32693818549416,1.0656622422696338,False,0.0,False,False,False,59639.07641295022,0.774943177059176,2022-02-28,False,106,5,-0.003527449653840109,faint,44741645.69721935,,ksi_Gem,1-2,0.7714157274053359,5,1.7730000081428443
124.29199922199041,1.0656622422696338,False,0.0,False,False,False,59639.07641295022,0.41353123896068067,2022-02-28,False,106,6,0.028393034390485128,faint,81077622.67649896,,ksi_Gem,1-3,0.4419242733511658,0,1.5330000451285741
124.29199922199041,1.0656622422696338,False,0.0,False,False,False,59639.07641295022,0.43773909600386535,2022-02-28,False,106,7,0.005349908497357447,faint,78616065.67409155,,ksi_Gem,1-3,0.4430890045012228,1,1.580999992256693
124.29199922199041,1.0656622422696338,False,0.0,False,False,False,59639.07641295022,0.46083416239597,2022-02-28,False,106,8,0.006862032703223941,faint,76299567.32513598,,ksi_Gem,1-3,0.46769619509919397,2,1.6290000530716497
124.29199922199041,1.0656622422696338,False,0.0,False,False,False,59639.07641295022,0.48283668916646766,2022-02-28,False,106,9,0.00018279586176855878,faint,74115682.2940873,,ksi_Gem,1-3,0.4830194850282362,3,1.6770000001997687
124.29199922199041,1.0656622422696338,False,0.0,False,False,False,59639.07641295022,0.5037763753027268,2022-02-28,False,106,10,0.002983232267833147,faint,72053335.08243,,ksi_Gem,1-3,0.5067596075705599,4,1.7249999473278876
124.29199922199041,1.0656622422696338,False,0.0,False,False,False,59639.07641295022,0.5236893056600991,2022-02-28,False,106,11,-0.005698952818545044,faint,70102650.11345485,,ksi_Gem,1-3,0.517990352841554,5,1.7730000081428443
128.62149493641363,1.0656622422696338,False,0.0,False,False,False,59639.07641295022,0.3862574998701515,2022-02-28,False,106,12,0.0129622201232929,faint,83901820.7110529,,ksi_Gem,1-4,0.3992197199934444,0,1.5330000451285741
128.62149493641363,1.0656622422696338,False,0.0,False,False,False,59639.07641295022,0.41083227500839453,2022-02-28,False,106,13,0.0016970542453954574,faint,81354519.64982077,,ksi_Gem,1-4,0.41252932925379,1,1.580999992256693
128.62149493641363,1.0656622422696338,False,0.0,False,False,False,59639.07641295022,0.4343611186566906,2022-02-28,False,106,14,-0.0072362703686775776,faint,78957330.1080527,,ksi_Gem,1-4,0.427124848288013,2,1.6290000530716497
128.62149493641363,1.0656622422696338,False,0.0,False,False,False,59639.07641295022,0.45684883804515763,2022-02-28,False,106,15,0.0034944600253765112,faint,76697373.23857597,,ksi_Gem,1-4,0.46034329807053415,3,1.6770000001997687
128.62149493641363,1.0656622422696338,False,0.0,False,False,False,59639.07641295022,0.47831227020268874,2022-02-28,False,106,16,0.002669251616853885,faint,74563187.74713868,,ksi_Gem,1-4,0.4809815218195426,4,1.7249999473278876
128.62149493641363,1.0656622422696338,False,0.0,False,False,False,59639.07641295022,0.49877684247575793,2022-02-28,False,106,17,0.009166468645770087,faint,72544554.0584854,,ksi_Gem,1-4,0.507943311121528,5,1.7730000081428443
57.651735060172676,1.0656622422696338,False,0.0,False,False,False,59639.07641295022,0.8360955208446548,2022-02-28,False,106,18,0.024041020853217243,faint,37607132.00457693,,ksi_Gem,2-3,0.860136541697872,0,1.5330000451285741
57.651735060172676,1.0656622422696338,False,0.0,False,False,False,59639.07641295022,0.8452204057364452,2022-02-28,False,106,19,0.0085462316623095,faint,36465360.74796657,,ksi_Gem,2-3,0.8537666373987547,1,1.580999992256693
57.651735060172676,1.0656622422696338,False,0.0,False,False,False,59639.07641295022,0.8536229871267247,2022-02-28,False,106,20,0.013146874807297926,faint,35390873.65372659,,ksi_Gem,2-3,0.8667698619340226,2,1.6290000530716497
57.651735060172676,1.0656622422696338,False,0.0,False,False,False,59639.07641295022,0.8613753784720737,2022-02-28,False,106,21,-0.027852406745071057,faint,34377898.06398632,,ksi_Gem,2-3,0.8335229717270026,3,1.6770000001997687
57.651735060172676,1.0656622422696338,False,0.0,False,False,False,59639.07641295022,0.8685412594693747,2022-02-28,False,106,22,0.01371375508027306,faint,33421296.707561143,,ksi_Gem,2-3,0.8822550145496477,4,1.7249999473278876
57.651735060172676,1.0656622422696338,False,0.0,False,False,False,59639.07641295022,0.8751769330949526,2022-02-28,False,106,23,-0.008844429426652867,faint,32516488.886292145,,ksi_Gem,2-3,0.8663325036682997,5,1.7730000081428443
109.07230831137049,1.0656622422696338,False,0.0,False,False,False,59639.07641295022,0.512991351550317,2022-02-28,False,106,24,0.010408945759396437,faint,71149579.32191221,,ksi_Gem,2-4,0.5234002973097135,0,1.5330000451285741
109.07230831137049,1.0656622422696338,False,0.0,False,False,False,59639.07641295022,0.5350858514535874,2022-02-28,False,106,25,0.007303879129476498,faint,68989442.66007395,,ksi_Gem,2-4,0.542389730583064,1,1.580999992256693
109.07230831137049,1.0656622422696338,False,0.0,False,False,False,59639.07641295022,0.5559320965177571,2022-02-28,False,106,26,0.00434908867902517,faint,66956602.06130949,,ksi_Gem,2-4,0.5602811851967823,2,1.6290000530716497
109.07230831137049,1.0656622422696338,False,0.0,False,False,False,59639.07641295022,0.5755944705292606,2022-02-28,False,106,27,-0.004939891256190321,faint,65040136.13498957,,ksi_Gem,2-4,0.5706545792730703,3,1.6770000001997687
109.07230831137049,1.0656622422696338,False,0.0,False,False,False,59639.07641295022,0.5941383243790396,2022-02-28,False,106,28,-0.006259398670563354,faint,63230325.58947554,,ksi_Gem,2-4,0.5878789257084762,4,1.7249999473278876
109.07230831137049,1.0656622422696338,False,0.0,False,False,False,59639.07641295022,0.6116283729844297,2022-02-28,False,106,29,-0.0063145743446269,faint,61518504.12320073,,ksi_Gem,2-4,0.6053137986398028,5,1.7730000081428443
79.61676677638789,1.0656622422696338,False,0.0,False,False,False,59639.07641295022,0.7074063690165716,2022-02-28,False,106,30,-0.02454777739545566,faint,51935267.079336815,,ksi_Gem,3-4,0.682858591621116,0,1.5330000451285741
79.61676677638789,1.0656622422696338,False,0.0,False,False,False,59639.07641295022,0.7226172939147406,2022-02-28,False,106,31,-0.015367648461374284,faint,50358486.50621702,,ksi_Gem,3-4,0.7072496454533663,1,1.580999992256693
79.61676677638789,1.0656622422696338,False,0.0,False,False,False,59639.07641295022,0.73673942875986,2022-02-28,False,106,32,-0.027796600481599154,faint,48874625.035316706,,ksi_Gem,3-4,0.7089428282782608,2,1.6290000530716497
79.61676677638789,1.0656622422696338,False,0.0,False,False,False,59639.07641295022,0.7498663804009105,2022-02-28,False,106,33,-0.021330891067804947,faint,47475710.6540869,,ksi_Gem,3-4,0.7285354893331055,3,1.6770000001997687
79.61676677638789,1.0656622422696338,False,0.0,False,False,False,59639.07641295022,0.7620831639394157,2022-02-28,False,106,34,0.0012830863588767505,faint,46154648.81591347,,ksi_Gem,3-4,0.7633662502982924,4,1.7249999473278876
79.61676677638789,1.0656622422696338,False,0.0,False,False,False,59639.07641295022,0.7734668236537439,2022-02-28,False,106,35,0.010375197310812045,faint,44905113.59883392,,ksi_Gem,3-4,0.7838420209645559,5,1.7730000081428443
76.28470911917071,1.0656622422696338,False,0.0,False,False,False,59639.08782421204,0.7283203193261982,2022-02-28,False,106,36,0.016655150892634363,faint,49761713.55087771,,ksi_Gem,1-2,0.7449754702188326,0,1.5330000451285741
76.28470911917071,1.0656622422696338,False,0.0,False,False,False,59639.08782421204,0.7426153253204564,2022-02-28,False,106,37,0.005430903845528912,faint,48250923.14534625,,ksi_Gem,1-2,0.7480462291659853,1,1.580999992256693
76.28470911917071,1.0656622422696338,False,0.0,False,False,False,59639.08782421204,0.7558680379794116,2022-02-28,False,106,38,-0.0017456824115261727,faint,46829163.06560452,,ksi_Gem,1-2,0.7541223555678854,2,1.6290000530716497
76.28470911917071,1.0656622422696338,False,0.0,False,False,False,59639.08782421204,0.768170742297562,2022-02-28,False,106,39,4.295438657886397e-05,faint,45488794.937437974,,ksi_Gem,1-2,0.7682136966841409,3,1.6770000001997687
76.28470911917071,1.0656622422696338,False,0.0,False,False,False,59639.08782421204,0.7796067831867423,2022-02-28,False,106,40,0.006222981750482859,faint,44223021.1295598,,ksi_Gem,1-2,0.7858297649372251,4,1.7249999473278876
76.28470911917071,1.0656622422696338,False,0.0,False,False,False,59639.08782421204,0.7902513244980103,2022-02-28,False,106,41,-0.009154623948845031,faint,43025780.46746671,,ksi_Gem,1-2,0.7810967005491652,5,1.7730000081428443
121.5089924422183,1.0656622422696338,False,0.0,False,False,False,59639.08782421204,0.431348860284655,2022-02-28,False,106,42,0.014741755018787328,faint,79262223.65637779,,ksi_Gem,1-3,0.44609061530344235,0,1.5330000451285741
121.5089924422183,1.0656622422696338,False,0.0,False,False,False,59639.08782421204,0.45526395929056807,2022-02-28,False,106,43,-0.00381644666532005,faint,76855783.07231893,,ksi_Gem,1-3,0.451447512625248,1,1.580999992256693
121.5089924422183,1.0656622422696338,False,0.0,False,False,False,59639.08782421204,0.4780297850074208,2022-02-28,False,106,44,-0.0032414819667793693,faint,74591153.15134607,,ksi_Gem,1-3,0.47478830304064146,2,1.6290000530716497
121.5089924422183,1.0656622422696338,False,0.0,False,False,False,59639.08782421204,0.4996759179635556,2022-02-28,False,106,45,-0.0180903830360144,faint,72456167.21988302,,ksi_Gem,1-3,0.4815855349275412,3,1.6770000001997687
121.5089924422183,1.0656622422696338,False,0.0,False,False,False,59639.08782421204,0.5202397446749971,2022-02-28,False,106,46,-0.012504549120948227,faint,70439997.76953146,,ksi_Gem,1-3,0.5077351955540489,4,1.7249999473278876
121.5089924422183,1.0656622422696338,False,0.0,False,False,False,59639.08782421204,0.539763652326511,2022-02-28,False,106,47,-0.023996472983949246,faint,68532990.34639867,,ksi_Gem,1-3,0.5157671793425618,5,1.7730000081428443
130.1670040003719,1.0656622422696338,False,0.0,False,False,False,59639.08782421204,0.3766668168229271,2022-02-28,False,106,48,0.011849726213957856,faint,84909980.54044719,,ksi_Gem,1-4,0.38851654303688493,0,1.5330000451285741
130.1670040003719,1.0656622422696338,False,0.0,False,False,False,59639.08782421204,0.4013459939483013,2022-02-28,False,106,49,0.0068515794400501595,faint,82332071.24471498,,ksi_Gem,1-4,0.40819757338835144,1,1.580999992256693
130.1670040003719,1.0656622422696338,False,0.0,False,False,False,59639.08782421204,0.4250060117247474,2022-02-28,False,106,50,-0.00320294815424349,faint,79906077.20050617,,ksi_Gem,1-4,0.4218030635705039,2,1.6290000530716497
130.1670040003719,1.0656622422696338,False,0.0,False,False,False,59639.08782421204,0.44764592004756454,2022-02-28,False,106,51,0.0035865156914503538,faint,77618964.80910319,,ksi_Gem,1-4,0.4512324357390149,3,1.6770000001997687
130.1670040003719,1.0656622422696338,False,0.0,False,False,False,59639.08782421204,0.46927772066737805,2022-02-28,False,106,52,0.005724198206325526,faint,75459135.05795011,,ksi_Gem,1-4,0.4750019188737036,4,1.7249999473278876
130.1670040003719,1.0656622422696338,False,0.0,False,False,False,59639.08782421204,0.4899228012604538,2022-02-28,False,106,53,0.012250713164609517,faint,73416245.573917,,ksi_Gem,1-4,0.5021735144250633,5,1.7730000081428443
58.03933207241616,1.0656622422696338,False,0.0,False,False,False,59639.08782421204,0.8340482425597623,2022-02-28,False,106,54,0.01572388040720263,faint,37859967.621558905,,ksi_Gem,2-3,0.8497721229669649,0,1.5330000451285741
58.03933207241616,1.0656622422696338,False,0.0,False,False,False,59639.08782421204,0.843277936003619,2022-02-28,False,106,55,-0.011689419292171377,faint,36710520.14970081,,ksi_Gem,2-3,0.8315885167114476,1,1.580999992256693
58.03933207241616,1.0656622422696338,False,0.0,False,False,False,59639.08782421204,0.8517780439982398,2022-02-28,False,106,56,-0.0017827143242121757,faint,35628809.196768865,,ksi_Gem,2-3,0.8499953296740276,2,1.6290000530716497
58.03933207241616,1.0656622422696338,False,0.0,False,False,False,59639.08782421204,0.8596212686967012,2022-02-28,False,106,57,-0.04747767228190236,faint,34609023.2948732,,ksi_Gem,2-3,0.8121435964147988,3,1.6770000001997687
58.03933207241616,1.0656622422696338,False,0.0,False,False,False,59639.08782421204,0.8668718322188019,2022-02-28,False,106,58,0.005973326217040831,faint,33645990.63456322,,ksi_Gem,2-3,0.8728451584358428,4,1.7249999473278876
58.03933207241616,1.0656622422696338,False,0.0,False,False,False,59639.08782421204,0.8735865349279086,2022-02-28,False,106,59,-0.011266828858112476,faint,32735099.72129686,,ksi_Gem,2-3,0.8623197060697961,5,1.7730000081428443
110.44547633690642,1.0656622422696338,False,0.0,False,False,False,59639.08782421204,0.5038580236174198,2022-02-28,False,106,60,-0.0005155462668019473,faint,72045318.38591255,,ksi_Gem,2-4,0.5033424773506179,0,1.5330000451285741
110.44547633690642,1.0656622422696338,False,0.0,False,False,False,59639.08782421204,0.5261924030345081,2022-02-28,False,106,61,0.0014270132395677315,faint,69857986.6399989,,ksi_Gem,2-4,0.5276194162740758,1,1.580999992256693
110.44547633690642,1.0656622422696338,False,0.0,False,False,False,59639.08782421204,0.5472842806906612,2022-02-28,False,106,62,-0.0018750871143969894,faint,67799553.55351275,,ksi_Gem,2-4,0.5454091935762642,2,1.6290000530716497
110.44547633690642,1.0656622422696338,False,0.0,False,False,False,59639.08782421204,0.5671948048183049,2022-02-28,False,106,63,-0.010143705335215913,faint,65858960.24075723,,ksi_Gem,2-4,0.557051099483089,3,1.6770000001997687
110.44547633690642,1.0656622422696338,False,0.0,False,False,False,59639.08782421204,0.5859867888987365,2022-02-28,False,106,64,-0.014174653872280896,faint,64026365.04887555,,ksi_Gem,2-4,0.5718121350264556,4,1.7249999473278876
110.44547633690642,1.0656622422696338,False,0.0,False,False,False,59639.08782421204,0.6037229758409632,2022-02-28,False,106,65,-0.019261903070055042,faint,62292992.571722664,,ksi_Gem,2-4,0.5844610727709082,5,1.7730000081428443
78.37668573488443,1.0656622422696338,False,0.0,False,False,False,59639.08782421204,0.7152349978188932,2022-02-28,False,106,66,0.007716184240970869,faint,51126342.74470025,,ksi_Gem,3-4,0.7229511820598641,0,1.5330000451285741
78.37668573488443,1.0656622422696338,False,0.0,False,False,False,59639.08782421204,0.7301066054914245,2022-02-28,False,106,67,0.014873425482815894,faint,49574121.51723724,,ksi_Gem,3-4,0.7449800309742404,1,1.580999992256693
78.37668573488443,1.0656622422696338,False,0.0,False,False,False,59639.08782421204,0.7439062098551787,2022-02-28,False,106,68,0.00872563332790044,faint,48113372.11874057,,ksi_Gem,3-4,0.7526318431830792,2,1.6290000530716497
78.37668573488443,1.0656622422696338,False,0.0,False,False,False,59639.08782421204,0.7567270229172846,2022-02-28,False,106,69,0.02397918175244307,faint,46736246.705753125,,ksi_Gem,3-4,0.7807062046697276,3,1.6770000001997687
78.37668573488443,1.0656622422696338,False,0.0,False,False,False,59639.08782421204,0.7686535179508792,2022-02-28,False,106,70,0.048051773919505214,faint,45435761.2336707,,ksi_Gem,3-4,0.8167052918703844,4,1.7249999473278876
78.37668573488443,1.0656622422696338,False,0.0,False,True,False,59639.08782421204,0.7797621049432332,2022-02-28,False,106,71,0.09614781008681716,faint,44205688.31073006,,ksi_Gem,3-4,0.8759099150300503,5,1.7730000081428443
86.46585510027293,1.031961585325972,False,0.0,False,False,False,58816.220582631926,0.6575463040602195,2019-11-28,False,104,0,0.010277437722711169,bright,56403034.934693016,,pi3_Ori,1-2,0.6678237417829307,0,1.5330000451285741
86.46585510027293,1.031961585325972,False,0.0,False,False,False,58816.220582631926,0.6748131503598239,2019-11-28,False,104,1,0.0018889300602831227,bright,54690610.70446497,,pi3_Ori,1-2,0.676702080420107,1,1.580999992256693
86.46585510027293,1.031961585325972,False,0.0,False,False,False,58816.220582631926,0.69090242617334,2019-11-28,False,104,2,0.0013232040612073392,bright,53079099.00753688,,pi3_Ori,1-2,0.6922256302345473,2,1.6290000530716497
86.46585510027293,1.031961585325972,False,0.0,False,False,False,58816.220582631926,0.7059073762098828,2019-11-28,False,104,3,0.0013151129896737945,bright,51559842.0333768,,pi3_Ori,1-2,0.7072224891995565,3,1.6770000001997687
86.46585510027293,1.031961585325972,False,0.0,False,False,False,58816.220582631926,0.7199140547076109,2019-11-28,False,104,4,0.005080718000774032,bright,50125134.922011405,,pi3_Ori,1-2,0.724994772708385,4,1.7249999473278876
86.46585510027293,1.031961585325972,False,0.0,False,False,False,58816.220582631926,0.7330015228650132,2019-11-28,False,104,5,0.002859215691071615,bright,48768107.55959494,,pi3_Ori,1-2,0.7358607385560848,5,1.7730000081428443
128.5950176650851,1.031961585325972,False,0.0,False,False,False,58816.220582631926,0.3782889150626912,2019-11-28,False,104,6,0.006703722362207953,bright,83884549.17122962,,pi3_Ori,1-3,0.38499263742489914,0,1.5330000451285741
128.5950176650851,1.031961585325972,False,0.0,False,False,False,58816.220582631926,0.402944096060596,2019-11-28,False,104,7,-0.006746503880894594,bright,81337772.48254803,,pi3_Ori,1-3,0.3961975921797014,1,1.580999992256693
128.5950176650851,1.031961585325972,False,0.0,False,False,False,58816.220582631926,0.42657638738801296,2019-11-28,False,104,8,-0.0045805864424319775,bright,78941076.41224797,,pi3_Ori,1-3,0.421995800945581,2,1.6290000530716497
128.5950176650851,1.031961585325972,False,0.0,False,False,False,58816.220582631926,0.44918574376900877,2019-11-28,False,104,9,-0.00023581592709764898,bright,76681584.76432112,,pi3_Ori,1-3,0.4489499278419111,3,1.6770000001997687
128.5950176650851,1.031961585325972,False,0.0,False,False,False,58816.220582631926,0.47078491520859567,2019-11-28,False,104,10,-0.0047737169521280265,bright,74547838.60387085,,pi3_Ori,1-3,0.46601119825646764,4,1.7249999473278876
128.5950176650851,1.031961585325972,False,0.0,False,False,False,58816.220582631926,0.49139590519076126,2019-11-28,False,104,11,-0.0004739904240921855,bright,72529620.45938392,,pi3_Ori,1-3,0.4909219147666691,5,1.7730000081428443
125.8977423689748,1.031961585325972,False,0.0,False,False,False,58816.220582631926,0.39526907816515794,2019-11-28,False,104,12,0.0020459942988699242,bright,82125074.14402303,,pi3_Ori,1-4,0.39731507246402786,0,1.5330000451285741
125.8977423689748,1.031961585325972,False,0.0,False,False,False,58816.220582631926,0.41972703752813595,2019-11-28,False,104,13,-0.010383728756759358,bright,79631715.99341406,,pi3_Ori,1-4,0.4093433087713766,1,1.580999992256693
125.8977423689748,1.031961585325972,False,0.0,False,False,False,58816.220582631926,0.4431163587030522,2019-11-28,False,104,14,-0.010339418278972723,bright,77285290.52628419,,pi3_Ori,1-4,0.4327769404240795,2,1.6290000530716497
125.8977423689748,1.031961585325972,False,0.0,False,False,False,58816.220582631926,0.465447021578071,2019-11-28,False,104,15,-0.0034040759349027727,bright,75073191.62431575,,pi3_Ori,1-4,0.4620429456431682,3,1.6770000001997687
125.8977423689748,1.031961585325972,False,0.0,False,False,False,58816.220582631926,0.48674017698203415,2019-11-28,False,104,16,0.007861361350133822,bright,72984200.7033083,,pi3_Ori,1-4,0.49460153833216797,4,1.7249999473278876
125.8977423689748,1.031961585325972,False,0.0,False,False,False,58816.220582631926,0.507024831657511,2019-11-28,False,104,17,0.011176873878991023,bright,71008314.60280043,,pi3_Ori,1-4,0.518201705536502,5,1.7730000081428443
56.54503427505777,1.031961585325972,False,0.0,False,False,False,58816.220582631926,0.83885019716627,2019-11-28,False,104,18,-0.003290077864111507,bright,36885213.705466844,,pi3_Ori,2-3,0.8355601193021585,0,1.5330000451285741
56.54503427505777,1.031961585325972,False,0.0,False,False,False,58816.220582631926,0.8478332646226201,2019-11-28,False,104,19,-0.030767509297385587,bright,35765360.247944295,,pi3_Ori,2-3,0.8170657553252345,1,1.580999992256693
56.54503427505777,1.031961585325972,False,0.0,False,False,False,58816.220582631926,0.8561039741766684,2019-11-28,False,104,20,-0.03004589239689337,bright,34711499.34491175,,pi3_Ori,2-3,0.826058081779775,2,1.6290000530716497
56.54503427505777,1.031961585325972,False,0.0,False,False,False,58816.220582631926,0.8637336214182585,2019-11-28,False,104,21,-0.035299077370848586,bright,33717969.15224924,,pi3_Ori,2-3,0.8284345440474099,3,1.6770000001997687
56.54503427505777,1.031961585325972,False,0.0,False,False,False,58816.220582631926,0.8707851351612557,2019-11-28,False,104,22,-0.0032790414959905645,bright,32779731.01544084,,pi3_Ori,2-3,0.8675060936652651,4,1.7249999473278876
56.54503427505777,1.031961585325972,False,0.0,False,False,False,58816.220582631926,0.8773141318978098,2019-11-28,False,104,23,0.003769297865114485,bright,31892292.168845914,,pi3_Ori,2-3,0.8810834297629243,5,1.7730000081428443
113.73612018873504,1.031961585325972,False,0.0,False,False,False,58816.220582631926,0.4744087001091917,2019-11-28,False,104,24,-0.00979524264348719,bright,74191857.03885344,,pi3_Ori,2-4,0.46461345746570454,0,1.5330000451285741
113.73612018873504,1.031961585325972,False,0.0,False,False,False,58816.220582631926,0.49745159924092863,2019-11-28,False,104,25,-0.010589083906070385,bright,71939355.31042603,,pi3_Ori,2-4,0.48686251533485825,1,1.580999992256693
113.73612018873504,1.031961585325972,False,0.0,False,False,False,58816.220582631926,0.5192802049510827,2019-11-28,False,104,26,-0.009623621352082723,bright,69819592.68464953,,pi3_Ori,2-4,0.509656583599,2,1.6290000530716497
113.73612018873504,1.031961585325972,False,0.0,False,False,False,58816.220582631926,0.539944012991498,2019-11-28,False,104,27,-0.006126600132301374,bright,67821180.78424954,,pi3_Ori,2-4,0.5338174128591966,3,1.6770000001997687
113.73612018873504,1.031961585325972,False,0.0,False,False,False,58816.220582631926,0.5594965659302248,2019-11-28,False,104,28,-0.03250056690992997,bright,65933984.73137234,,pi3_Ori,2-4,0.5269959990202948,4,1.7249999473278876
113.73612018873504,1.031961585325972,False,0.0,False,False,False,58816.220582631926,0.5779932836560837,2019-11-28,False,104,29,-0.00866145912793781,bright,64148967.66293287,,pi3_Ori,2-4,0.5693318245281459,5,1.7730000081428443
88.93143150613763,1.031961585325972,False,0.0,False,False,False,58816.220582631926,0.6411936029028371,2019-11-28,False,104,30,0.0023279613502187324,bright,58011369.13774772,,pi3_Ori,3-4,0.6435215642530558,0,1.5330000451285741
88.93143150613763,1.031961585325972,False,0.0,False,False,False,58816.220582631926,0.6590946686233491,2019-11-28,False,104,31,0.001903508619671812,bright,56250115.080138855,,pi3_Ori,3-4,0.6609981772430209,1,1.580999992256693
88.93143150613763,1.031961585325972,False,0.0,False,False,False,58816.220582631926,0.6757958520123437,2019-11-28,False,104,32,0.005968650328371128,bright,54592651.079690345,,pi3_Ori,3-4,0.6817645023407148,2,1.6290000530716497
88.93143150613763,1.031961585325972,False,0.0,False,False,False,58816.220582631926,0.6913892211880442,2019-11-28,False,104,33,0.0024439990457768568,bright,53030072.44814781,,pi3_Ori,3-4,0.6938332202338211,3,1.6770000001997687
88.93143150613763,1.031961585325972,False,0.0,False,False,False,58816.220582631926,0.7059602794463649,2019-11-28,False,104,34,0.011685207128279806,bright,51554454.621228784,,pi3_Ori,3-4,0.7176454865746447,4,1.7249999473278876
88.93143150613763,1.031961585325972,False,0.0,False,False,False,58816.220582631926,0.7195879978215165,2019-11-28,False,104,35,0.005478478685825627,bright,50158731.58358877,,pi3_Ori,3-4,0.7250664765073421,5,1.7730000081428443
84.55230615670533,1.031961585325972,False,0.0,False,False,False,58816.23179586067,0.6701488405516528,2019-11-28,False,104,36,0.0201580286502282,bright,55154796.913012385,,pi3_Ori,1-2,0.690306869201881,0,1.5330000451285741
84.55230615670533,1.031961585325972,False,0.0,False,False,False,58816.23179586067,0.6869129609388545,2019-11-28,False,104,37,0.010739109641028866,bright,53480269.810765006,,pi3_Ori,1-2,0.6976520705798833,1,1.580999992256693
84.55230615670533,1.031961585325972,False,0.0,False,False,False,58816.23179586067,0.7025190586408522,2019-11-28,False,104,38,0.009118596561023762,bright,51904421.97793249,,pi3_Ori,1-2,0.7116376552018759,2,1.6290000530716497
84.55230615670533,1.031961585325972,False,0.0,False,False,False,58816.23179586067,0.717060923164788,2019-11-28,False,104,39,0.010535263564887098,bright,50418787.20729471,,pi3_Ori,1-2,0.7275961867296751,3,1.6770000001997687
84.55230615670533,1.031961585325972,False,0.0,False,False,False,58816.23179586067,0.730624727346558,2019-11-28,False,104,40,0.015197659487560689,bright,49015831.1527378,,pi3_Ori,1-2,0.7458223868341187,4,1.7249999473278876
84.55230615670533,1.031961585325972,False,0.0,False,False,False,58816.23179586067,0.7432893433085691,2019-11-28,False,104,41,0.015785052788389375,bright,47688835.74076851,,pi3_Ori,1-2,0.7590743960969585,5,1.7730000081428443
127.37888825405534,1.031961585325972,False,0.0,False,False,False,58816.23179586067,0.3859145130979341,2019-11-28,False,104,42,0.015605220634855477,bright,83091248.8612301,,pi3_Ori,1-3,0.4015197337327896,0,1.5330000451285741
127.37888825405534,1.031961585325972,False,0.0,False,False,False,58816.23179586067,0.41048617781671876,2019-11-28,False,104,43,0.0017650628153338954,bright,80568557.1650363,,pi3_Ori,1-3,0.41225124063205265,1,1.580999992256693
127.37888825405534,1.031961585325972,False,0.0,False,False,False,58816.23179586067,0.43401374383868685,2019-11-28,False,104,44,0.004228803186060948,bright,78194526.76742959,,pi3_Ori,1-3,0.4382425470247478,2,1.6290000530716497
127.37888825405534,1.031961585325972,False,0.0,False,False,False,58816.23179586067,0.45650173329216914,2019-11-28,False,104,45,0.007393339004716337,bright,75956403.243221,,pi3_Ori,1-3,0.4638950722968855,3,1.6770000001997687
127.37888825405534,1.031961585325972,False,0.0,False,False,False,58816.23179586067,0.47796673166054016,2019-11-28,False,104,46,0.0019863510782094362,bright,73842836.02522522,,pi3_Ori,1-3,0.4799530827387496,4,1.7249999473278876
127.37888825405534,1.031961585325972,False,0.0,False,False,False,58816.23179586067,0.49843394643518946,2019-11-28,False,104,47,0.0071025464875461575,bright,71843704.26905993,,pi3_Ori,1-3,0.5055364929227356,5,1.7730000081428443
127.95148200780835,1.031961585325972,False,0.0,False,False,False,58816.23179586067,0.38231779760816237,2019-11-28,False,104,48,0.013033755678092451,bright,83464760.7574447,,pi3_Ori,1-4,0.3953515532862548,0,1.5330000451285741
127.95148200780835,1.031961585325972,False,0.0,False,False,False,58816.23179586067,0.4069298940683447,2019-11-28,False,104,49,-0.0031641622617690768,bright,80930729.05406694,,pi3_Ori,1-4,0.4037657318065756,1,1.580999992256693
127.95148200780835,1.031961585325972,False,0.0,False,False,False,58816.23179586067,0.43050775952297493,2019-11-28,False,104,50,-0.003888291829579671,bright,78546026.91175023,,pi3_Ori,1-4,0.42661946769339526,2,1.6290000530716497
127.95148200780835,1.031961585325972,False,0.0,False,False,False,58816.23179586067,0.4530537749780554,2019-11-28,False,104,51,0.004921441312408348,bright,76297842.57159597,,pi3_Ori,1-4,0.4579752162904637,3,1.6770000001997687
127.95148200780835,1.031961585325972,False,0.0,False,False,False,58816.23179586067,0.4745827295793962,2019-11-28,False,104,52,0.014893279340921883,bright,74174774.44333357,,pi3_Ori,1-4,0.48947600892031806,4,1.7249999473278876
127.95148200780835,1.031961585325972,False,0.0,False,False,False,58816.23179586067,0.4951183315840553,2019-11-28,False,104,53,0.018339505395288558,bright,72166656.18734716,,pi3_Ori,1-4,0.5134578369793439,5,1.7730000081428443
57.280388505630654,1.031961585325972,False,0.0,False,False,False,58816.23179586067,0.8349426952768239,2019-11-28,False,104,54,0.015994603464718815,bright,37364896.816311896,,pi3_Ori,2-3,0.8509372987415427,0,1.5330000451285741
57.280388505630654,1.031961585325972,False,0.0,False,False,False,58816.23179586067,0.8441261952564592,2019-11-28,False,104,55,-0.015848001982348703,bright,36230479.940654255,,pi3_Ori,2-3,0.8282781932741105,1,1.580999992256693
57.280388505630654,1.031961585325972,False,0.0,False,False,False,58816.23179586067,0.8525833659382012,2019-11-28,False,104,56,-0.011207766058052848,bright,35162913.83638846,,pi3_Ori,2-3,0.8413755998801483,2,1.6290000530716497
57.280388505630654,1.031961585325972,False,0.0,False,False,False,58816.23179586067,0.860386639261839,2019-11-28,False,104,57,-0.016656069527279604,bright,34156463.02850761,,pi3_Ori,2-3,0.8437305697345594,3,1.6770000001997687
57.280388505630654,1.031961585325972,False,0.0,False,False,False,58816.23179586067,0.8675999897295781,2019-11-28,False,104,58,0.015309976207379727,bright,33206023.33603597,,pi3_Ori,2-3,0.8829099659369578,4,1.7249999473278876
57.280388505630654,1.031961585325972,False,0.0,False,False,False,58816.23179586067,0.8742799916804155,2019-11-28,False,104,59,0.02477633831968562,bright,32307043.566023365,,pi3_Ori,2-3,0.8990563300001011,5,1.7730000081428443
114.55530939114558,1.031961585325972,False,0.0,False,False,False,58816.23179586067,0.4689710169480069,2019-11-28,False,104,60,0.0019067121183563573,bright,74726227.01817189,,pi3_Ori,2-4,0.47087772906636327,0,1.5330000451285741
114.55530939114558,1.031961585325972,False,0.0,False,False,False,58816.23179586067,0.4921351843417104,2019-11-28,False,104,61,0.00028605135512538293,bright,72457501.55104761,,pi3_Ori,2-4,0.49242123569683577,1,1.580999992256693
114.55530939114558,1.031961585325972,False,0.0,False,False,False,58816.23179586067,0.5140916699193498,2019-11-28,False,104,62,-0.000870778923834914,bright,70322471.24555925,,pi3_Ori,2-4,0.5132208909955149,2,1.6290000530716497
114.55530939114558,1.031961585325972,False,0.0,False,False,False,58816.23179586067,0.5348876445334297,2019-11-28,False,104,63,0.004824368026062342,bright,68309665.69916485,,pi3_Ori,2-4,0.5397120125594921,3,1.6770000001997687
114.55530939114558,1.031961585325972,False,0.0,False,False,False,58816.23179586067,0.5545747831932148,2019-11-28,False,104,64,-0.027551431232157086,bright,66408877.03712546,,pi3_Ori,2-4,0.5270233519610578,4,1.7249999473278876
114.55530939114558,1.031961585325972,False,0.0,False,False,False,58816.23179586067,0.5732070150420914,2019-11-28,False,104,65,-0.0010112246703225525,bright,64611003.30796855,,pi3_Ori,2-4,0.5721957903717688,5,1.7730000081428443
87.66166944925689,1.031961585325972,False,0.0,False,False,False,58816.23179586067,0.6496300878583138,2019-11-28,False,104,66,-0.00036242539190034506,bright,57183083.41074095,,pi3_Ori,3-4,0.6492676624664134,0,1.5330000451285741
87.66166944925689,1.031961585325972,False,0.0,False,False,False,58816.23179586067,0.6672065392466533,2019-11-28,False,104,67,-0.005969398374984891,bright,55446976.52030351,,pi3_Ori,3-4,0.6612371408716684,1,1.580999992256693
87.66166944925689,1.031961585325972,False,0.0,False,False,False,58816.23179586067,0.6835941852418776,2019-11-28,False,104,68,0.002159810840056009,bright,53813177.77366652,,pi3_Ori,3-4,0.6857539960819337,2,1.6290000530716497
87.66166944925689,1.031961585325972,False,0.0,False,False,False,58816.23179586067,0.6988857673240647,2019-11-28,False,104,69,-0.0009387643029340476,bright,52272909.62362218,,pi3_Ori,3-4,0.6979470030211307,3,1.6770000001997687
87.66166944925689,1.031961585325972,False,0.0,False,False,False,58816.23179586067,0.7131671292088168,2019-11-28,False,104,70,0.012373498904038271,bright,50818360.65273466,,pi3_Ori,3-4,0.725540628112855,4,1.7249999473278876
87.66166944925689,1.031961585325972,False,0.0,False,False,False,58816.23179586067,0.7265173359916742,2019-11-28,False,104,71,0.013035981312082057,bright,49442565.734153286,,pi3_Ori,3-4,0.7395533173037563,5,1.7730000081428443
88.91490095007435,1.060000336795333,False,0.0,False,False,False,58815.20390065864,0.6231587535763807,2019-11-27,False,104,0,0.027771408585662072,faint,58000585.99647137,,pi3_Ori,1-2,0.6509301621620428,0,1.5330000451285741
88.91490095007435,1.060000336795333,False,0.0,False,False,False,58815.20390065864,0.6417348948306646,2019-11-27,False,104,1,0.01260469071913628,faint,56239659.32040183,,pi3_Ori,1-2,0.6543395855498009,1,1.580999992256693
88.91490095007435,1.060000336795333,False,0.0,False,False,False,58815.20390065864,0.6590906170894649,2019-11-27,False,104,2,0.010709801718260747,faint,54582503.40901832,,pi3_Ori,1-2,0.6698004188077257,2,1.6290000530716497
88.91490095007435,1.060000336795333,False,0.0,False,False,False,58815.20390065864,0.6753160735758089,2019-11-27,False,104,3,0.007623797648869113,faint,53020215.22926808,,pi3_Ori,1-2,0.682939871224678,3,1.6770000001997687
88.91490095007435,1.060000336795333,False,0.0,False,False,False,58815.20390065864,0.6904956360893117,2019-11-27,False,104,4,0.014627424502372977,faint,51544871.689885005,,pi3_Ori,1-2,0.7051230605916847,4,1.7249999473278876
88.91490095007435,1.060000336795333,False,0.0,False,False,False,58815.20390065864,0.7047077320241873,2019-11-27,False,104,5,0.008910788133801528,faint,50149408.088954054,,pi3_Ori,1-2,0.7136185201579889,5,1.7730000081428443
129.20490880091648,1.060000336795333,False,0.0,False,False,False,58815.20390065864,0.35018224746644205,2019-11-27,False,104,6,0.021850609519617925,faint,84282390.73540272,,pi3_Ori,1-3,0.37203285698606,0,1.5330000451285741
129.20490880091648,1.060000336795333,False,0.0,False,False,False,58815.20390065864,0.3750706710225642,2019-11-27,False,104,7,-0.0013301199260161711,faint,81723535.37870139,,pi3_Ori,1-3,0.373740551096548,1,1.580999992256693
129.20490880091648,1.060000336795333,False,0.0,False,False,False,58815.20390065864,0.3990239648229954,2019-11-27,False,104,8,0.003292138316422444,faint,79315472.43186833,,pi3_Ori,1-3,0.40231610313941785,2,1.6290000530716497
129.20490880091648,1.060000336795333,False,0.0,False,False,False,58815.20390065864,0.42202435559743934,2019-11-27,False,104,9,0.0024729166240214373,faint,77045264.6306054,,pi3_Ori,1-3,0.4244972722214608,3,1.6770000001997687
129.20490880091648,1.060000336795333,False,0.0,False,False,False,58815.20390065864,0.44406958213566905,2019-11-27,False,104,10,-0.0023021159531411706,faint,74901398.69340949,,pi3_Ori,1-3,0.4417674661825279,4,1.7249999473278876
129.20490880091648,1.060000336795333,False,0.0,False,False,False,58815.20390065864,0.465169007532587,2019-11-27,False,104,11,-0.003984484030788771,faint,72873608.69008349,,pi3_Ori,1-3,0.4611845235017982,5,1.7730000081428443
121.49721254595747,1.060000336795333,False,0.0,False,False,False,58815.20390065864,0.399636238711324,2019-11-27,False,104,12,0.037535671547664906,faint,79254539.44508357,,pi3_Ori,1-4,0.4371719102589889,0,1.5330000451285741
121.49721254595747,1.060000336795333,False,0.0,False,False,False,58815.20390065864,0.4240369597343357,2019-11-27,False,104,13,0.01658205980077243,faint,76848332.15750645,,pi3_Ori,1-4,0.4406190195351081,1,1.580999992256693
121.49721254595747,1.060000336795333,False,0.0,False,False,False,58815.20390065864,0.44735813755097587,2019-11-27,False,104,14,0.015629584095047278,faint,74583921.78493904,,pi3_Ori,1-4,0.46298772164602314,2,1.6290000530716497
121.49721254595747,1.060000336795333,False,0.0,False,False,False,58815.20390065864,0.4696122446065168,2019-11-27,False,104,15,0.010883817007838414,faint,72449142.83332403,,pi3_Ori,1-4,0.4804960616143552,3,1.6770000001997687
121.49721254595747,1.060000336795333,False,0.0,False,False,False,58815.20390065864,0.49082251012486616,2019-11-27,False,104,16,0.021290326660490078,faint,70433168.84395435,,pi3_Ori,1-4,0.5121128367853562,4,1.7249999473278876
121.49721254595747,1.060000336795333,False,0.0,False,False,False,58815.20390065864,0.511019665094082,2019-11-27,False,104,17,0.024007632961389858,faint,68526346.29890473,,pi3_Ori,1-4,0.5350272980554719,5,1.7730000081428443
54.78998486224344,1.060000336795333,False,0.0,False,False,False,58815.20390065864,0.8392768475430745,2019-11-27,False,104,18,0.02401453041494761,faint,35740367.41639375,,pi3_Ori,2-3,0.8632913779580221,0,1.5330000451285741
54.78998486224344,1.060000336795333,False,0.0,False,False,False,58815.20390065864,0.8482379768803039,2019-11-27,False,104,19,-0.010349187233208768,faint,34655272.06235917,,pi3_Ori,2-3,0.8378887896470951,1,1.580999992256693
54.78998486224344,1.060000336795333,False,0.0,False,False,False,58815.20390065864,0.8564882837358668,2019-11-27,False,104,20,0.004777621705564616,faint,33634120.98049426,,pi3_Ori,2-3,0.8612659054414314,2,1.6290000530716497
54.78998486224344,1.060000336795333,False,0.0,False,False,False,58815.20390065864,0.8640989378917235,2019-11-27,False,104,21,-0.01233269793206293,faint,32671428.05946137,,pi3_Ori,2-3,0.8517662399596606,3,1.6770000001997687
54.78998486224344,1.060000336795333,False,0.0,False,False,False,58815.20390065864,0.8711327525707518,2019-11-27,False,104,22,0.0016884724721049071,faint,31762311.03491679,,pi3_Ori,2-3,0.8728212250428568,4,1.7249999473278876
54.78998486224344,1.060000336795333,False,0.0,False,False,False,58815.20390065864,0.8776452385211432,2019-11-27,False,104,23,0.01298707807739885,faint,30902416.588048436,,pi3_Ori,2-3,0.890632316598542,5,1.7730000081428443
112.6563373633253,1.060000336795333,False,0.0,False,False,False,58815.20390065864,0.45875847428888294,2019-11-27,False,104,24,0.031966075370353175,faint,73487497.74751423,,pi3_Ori,2-4,0.4907245496592361,0,1.5330000451285741
112.6563373633253,1.060000336795333,False,0.0,False,False,False,58815.20390065864,0.48214133363208783,2019-11-27,False,104,25,0.026712700359972807,faint,71256380.71795404,,pi3_Ori,2-4,0.5088540339920606,1,1.580999992256693
112.6563373633253,1.060000336795333,False,0.0,False,False,False,58815.20390065864,0.5043302401517167,2019-11-27,False,104,26,0.02940983253738605,faint,69156742.59856531,,pi3_Ori,2-4,0.5337400726891027,2,1.6290000530716497
112.6563373633253,1.060000336795333,False,0.0,False,False,False,58815.20390065864,0.52536784050321,2019-11-27,False,104,27,0.015731212142058082,faint,67177303.13053392,,pi3_Ori,2-4,0.541099052645268,3,1.6770000001997687
112.6563373633253,1.060000336795333,False,0.0,False,False,False,58815.20390065864,0.5453021593476053,2019-11-27,False,104,28,-0.0076942491915625855,faint,65308023.65405036,,pi3_Ori,2-4,0.5376079101560427,4,1.7249999473278876
112.6563373633253,1.060000336795333,False,0.0,False,False,False,58815.20390065864,0.5641841981051017,2019-11-27,False,104,29,0.009437038930469877,faint,63539953.09979095,,pi3_Ori,2-4,0.5736212370355716,5,1.7730000081428443
91.2540809213825,1.060000336795333,False,0.0,False,False,False,58815.20390065864,0.6069754232417065,2019-11-27,False,104,30,0.023222479223119485,faint,59526469.82063783,,pi3_Ori,3-4,0.630197902464826,0,1.5330000451285741
91.2540809213825,1.060000336795333,False,0.0,False,False,False,58815.20390065864,0.6261348799279314,2019-11-27,False,104,31,0.007255352361260514,faint,57719216.55175212,,pi3_Ori,3-4,0.6333902322891919,1,1.580999992256693
91.2540809213825,1.060000336795333,False,0.0,False,False,False,58815.20390065864,0.6440591954413427,2019-11-27,False,104,32,0.017483666642036044,faint,56018464.05671589,,pi3_Ori,3-4,0.6615428620833788,2,1.6290000530716497
91.2540809213825,1.060000336795333,False,0.0,False,False,False,58815.20390065864,0.6608362517439093,2019-11-27,False,104,33,0.009009080790420843,faint,54415075.08080624,,pi3_Ori,3-4,0.6698453325343301,3,1.6770000001997687
91.2540809213825,1.060000336795333,False,0.0,False,False,False,58815.20390065864,0.6765489339117416,2019-11-27,False,104,34,0.01069486530611008,faint,52900918.09146991,,pi3_Ori,3-4,0.6872437992178517,4,1.7249999473278876
91.2540809213825,1.060000336795333,False,0.0,False,False,False,58815.20390065864,0.6912747802564645,2019-11-27,False,104,35,0.0072573172673656705,faint,51468742.52807701,,pi3_Ori,3-4,0.6985320975238302,5,1.7730000081428443
87.38845292455231,1.060000336795333,False,0.0,False,False,False,58815.21695608556,0.6336778114157169,2019-11-27,False,104,36,0.0029731133313551927,faint,57004859.98173794,,pi3_Ori,1-2,0.6366509247470721,0,1.5330000451285741
87.38845292455231,1.060000336795333,False,0.0,False,False,False,58815.21695608556,0.6518633594924619,2019-11-27,False,104,37,-0.012836450346809802,faint,55274164.04336314,,pi3_Ori,1-2,0.6390269091456521,1,1.580999992256693
87.38845292455231,1.060000336795333,False,0.0,False,False,False,58815.21695608556,0.668839943216338,2019-11-27,False,104,38,-0.020180862949013334,faint,53645457.38336365,,pi3_Ori,1-2,0.6486590802673247,2,1.6290000530716497
87.38845292455231,1.060000336795333,False,0.0,False,False,False,58815.21695608556,0.6846989115140576,2019-11-27,False,104,39,-0.020283858587065273,faint,52109989.81165317,,pi3_Ori,1-2,0.6644150529269923,3,1.6770000001997687
87.38845292455231,1.060000336795333,False,0.0,False,False,False,58815.21695608556,0.699525363174088,2019-11-27,False,104,40,-0.012726235182095924,faint,50659974.25676531,,pi3_Ori,1-2,0.686799127991992,4,1.7249999473278876
87.38845292455231,1.060000336795333,False,0.0,False,False,False,58815.21695608556,0.7133980996120863,2019-11-27,False,104,41,-0.01664808667207096,faint,49288467.30017146,,pi3_Ori,1-2,0.6967500129400154,5,1.7730000081428443
129.0027589462697,1.060000336795333,False,0.0,False,False,False,58815.21695608556,0.3514495749608497,2019-11-27,False,104,42,0.004487549342379882,faint,84150525.21113926,,pi3_Ori,1-3,0.3559371243032296,0,1.5330000451285741
129.0027589462697,1.060000336795333,False,0.0,False,False,False,58815.21695608556,0.37633010251738536,2019-11-27,False,104,43,-0.01636134105003606,faint,81595673.3574257,,pi3_Ori,1-3,0.3599687614673493,1,1.580999992256693
129.0027589462697,1.060000336795333,False,0.0,False,False,False,58815.21695608556,0.40027121208729266,2019-11-27,False,104,44,-0.016192477658009963,faint,79191377.98861425,,pi3_Ori,1-3,0.3840787344292827,2,1.6290000530716497
129.0027589462697,1.060000336795333,False,0.0,False,False,False,58815.21695608556,0.4232559592728349,2019-11-27,False,104,45,-0.017850728388642156,faint,76924722.08163539,,pi3_Ori,1-3,0.4054052308841927,3,1.6770000001997687
129.0027589462697,1.060000336795333,False,0.0,False,False,False,58815.21695608556,0.4452827890292192,2019-11-27,False,104,46,-0.018716861773291238,faint,74784210.36829683,,pi3_Ori,1-3,0.42656592725592796,4,1.7249999473278876
129.0027589462697,1.060000336795333,False,0.0,False,False,False,58815.21695608556,0.4663616625530524,2019-11-27,False,104,47,-0.02453369009250994,faint,72759592.98014645,,pi3_Ori,1-3,0.44182797246054245,5,1.7730000081428443
124.5726480133086,1.060000336795333,False,0.0,False,False,False,58815.21695608556,0.37963643866642305,2019-11-27,False,104,48,0.014978986975930142,faint,81260694.28971255,,pi3_Ori,1-4,0.3946154256423532,0,1.5330000451285741
124.5726480133086,1.060000336795333,False,0.0,False,False,False,58815.21695608556,0.4042774703955653,2019-11-27,False,104,49,-0.005287697655729895,faint,78793579.14195539,,pi3_Ori,1-4,0.3989897727398354,1,1.580999992256693
124.5726480133086,1.060000336795333,False,0.0,False,False,False,58815.21695608556,0.4278917851778204,2019-11-27,False,104,50,-0.0032622909112383636,faint,76471850.18712176,,pi3_Ori,1-4,0.42462949426658203,2,1.6290000530716497
124.5726480133086,1.060000336795333,False,0.0,False,False,False,58815.21695608556,0.45048015251404716,2019-11-27,False,104,51,-0.008329226573429604,faint,74283033.98835371,,pi3_Ori,1-4,0.44215092594061756,3,1.6770000001997687
124.5726480133086,1.060000336795333,False,0.0,False,False,False,58815.21695608556,0.4720560075988966,2019-11-27,False,104,52,0.002066989175417866,faint,72216030.03888664,,pi3_Ori,1-4,0.47412299677431446,4,1.7249999473278876
124.5726480133086,1.060000336795333,False,0.0,False,False,False,58815.21695608556,0.49264192709245785,2019-11-27,False,104,53,0.010163244022985463,faint,70260940.46316114,,pi3_Ori,1-4,0.5028051711154433,5,1.7730000081428443
56.036766281900945,1.060000336795333,False,0.0,False,False,False,58815.21695608556,0.8324331294696045,2019-11-27,False,104,54,0.029277666641295164,faint,36553662.5129069,,pi3_Ori,2-3,0.8617107961108996,0,1.5330000451285741
56.036766281900945,1.060000336795333,False,0.0,False,False,False,58815.21695608556,0.8417448893987048,2019-11-27,False,104,55,-0.010031598248672169,faint,35443875.11470825,,pi3_Ori,2-3,0.8317132911500327,1,1.580999992256693
56.036766281900945,1.060000336795333,False,0.0,False,False,False,58815.21695608556,0.8503214335611785,2019-11-27,False,104,56,-0.00021833881000954403,faint,34399487.08180688,,pi3_Ori,2-3,0.850103094751169,2,1.6290000530716497
56.036766281900945,1.060000336795333,False,0.0,False,False,False,58815.21695608556,0.8582359086075907,2019-11-27,False,104,57,-0.012869465841743533,faint,33414887.46286565,,pi3_Ori,2-3,0.8453664427658472,3,1.6770000001997687
56.036766281900945,1.060000336795333,False,0.0,False,False,False,58815.21695608556,0.8655529482896582,2019-11-27,False,104,58,0.007431743550644132,faint,32485082.89446892,,pi3_Ori,2-3,0.8729846918403024,4,1.7249999473278876
56.036766281900945,1.060000336795333,False,0.0,False,False,False,58815.21695608556,0.8723297320077757,2019-11-27,False,104,59,0.012947792583771212,faint,31605620.995229155,,pi3_Ori,2-3,0.885277524591547,5,1.7730000081428443
113.33324825211983,1.060000336795333,False,0.0,False,False,False,58815.21695608556,0.45415943412579834,2019-11-27,False,104,60,0.02910638514169006,faint,73929057.34886295,,pi3_Ori,2-4,0.4832658192674884,0,1.5330000451285741
113.33324825211983,1.060000336795333,False,0.0,False,False,False,58815.21695608556,0.4776368488938695,2019-11-27,False,104,61,0.02030275021282557,faint,71684534.34990208,,pi3_Ori,2-4,0.49793959910669505,1,1.580999992256693
113.33324825211983,1.060000336795333,False,0.0,False,False,False,58815.21695608556,0.4999270580532843,2019-11-27,False,104,62,0.024098369523875784,faint,69572280.26998413,,pi3_Ori,2-4,0.5240254275771601,2,1.6290000530716497
113.33324825211983,1.060000336795333,False,0.0,False,False,False,58815.21695608556,0.5210706038456826,2019-11-27,False,104,63,0.013873414813124207,faint,67580947.07132933,,pi3_Ori,2-4,0.5349440186588068,3,1.6770000001997687
113.33324825211983,1.060000336795333,False,0.0,False,False,False,58815.21695608556,0.5411138061416129,2019-11-27,False,104,64,-0.010151061641912595,faint,65700435.77547859,,pi3_Ori,2-4,0.5309627444997003,4,1.7249999473278876
113.33324825211983,1.060000336795333,False,0.0,False,False,False,58815.21695608556,0.5601062931883168,2019-11-27,False,104,65,0.00515913926200251,faint,63921741.5293937,,pi3_Ori,2-4,0.5652654324503193,5,1.7730000081428443
89.67812337086833,1.060000336795333,False,0.0,False,False,False,58815.21695608556,0.6178861931641643,2019-11-27,False,104,66,-0.0059653130073967775,faint,58498447.96537299,,pi3_Ori,3-4,0.6119208801567675,0,1.5330000451285741
89.67812337086833,1.060000336795333,False,0.0,False,False,False,58815.21695608556,0.6366547461818206,2019-11-27,False,104,67,-0.02604705274905983,faint,56722405.9519844,,pi3_Ori,3-4,0.6106076934327608,1,1.580999992256693
89.67812337086833,1.060000336795333,False,0.0,False,False,False,58815.21695608556,0.6541976951658192,2019-11-27,False,104,68,0.002724383469443703,faint,55051025.44457925,,pi3_Ori,3-4,0.6569220786352629,2,1.6290000530716497
89.67812337086833,1.060000336795333,False,0.0,False,False,False,58815.21695608556,0.6706045108791422,2019-11-27,False,104,69,-0.005544475602785148,faint,53475326.98878094,,pi3_Ori,3-4,0.665060035276357,3,1.6770000001997687
89.67812337086833,1.060000336795333,False,0.0,False,False,False,58815.21695608556,0.6859591298845713,2019-11-27,False,104,70,0.009852606759898519,faint,51987319.483565375,,pi3_Ori,3-4,0.6958117366444698,4,1.7249999473278876
89.67812337086833,1.060000336795333,False,0.0,False,False,False,58815.21695608556,0.7003397318180233,2019-11-27,False,104,71,0.012012356151145487,faint,50579877.5854508,,pi3_Ori,3-4,0.7123520879691688,5,1.7730000081428443
31.591535664856583,1.0,False,0.0,False,True,False,59585.31377532213,0.9771427272260517,2022-01-05,False,106,0,0.0856669336797159,bright,20607654.75203034,,psi Vel A,1-2,1.0628096609057676,0,1.5330000451285741
31.591535664856583,1.0,False,0.0,False,True,False,59585.31377532213,0.9784971354680682,2022-01-05,False,106,1,0.08550183368612985,bright,19981996.090818033,,psi Vel A,1-2,1.063998969154198,1,1.580999992256693
31.591535664856583,1.0,False,0.0,False,True,False,59585.31377532213,0.9797349678707717,2022-01-05,False,106,2,0.08006799829278022,bright,19393207.26557832,,psi Vel A,1-2,1.059802966163552,2,1.6290000530716497
31.591535664856583,1.0,False,0.0,False,True,False,59585.31377532213,0.9808691880570091,2022-01-05,False,106,3,0.07343878391639169,bright,18838125.021522548,,psi Vel A,1-2,1.0543079719734008,3,1.6770000001997687
31.591535664856583,1.0,False,0.0,False,True,False,59585.31377532213,0.9819110185492091,2022-01-05,False,106,4,0.07633825028643393,bright,18313934.277965326,,psi Vel A,1-2,1.058249268835643,4,1.7249999473278876
31.591535664856583,1.0,False,0.0,False,True,False,59585.31377532213,0.9828702061664147,2022-01-05,False,106,5,0.07796097446575123,bright,17818124.940646566,,psi Vel A,1-2,1.060831180632166,5,1.7730000081428443
90.38018300707729,1.0,False,0.0,False,False,False,59585.31377532213,0.825427099157194,2022-01-05,False,106,6,0.03614521396447823,bright,58956412.48953585,,psi Vel A,1-3,0.8615723131216723,0,1.5330000451285741
90.38018300707729,1.0,False,0.0,False,False,False,59585.31377532213,0.8350943470671355,2022-01-05,False,106,7,0.044410998591756234,bright,57166466.445120044,,psi Vel A,1-3,0.8795053456588917,1,1.580999992256693
90.38018300707729,1.0,False,0.0,False,False,False,59585.31377532213,0.8440020478744427,2022-01-05,False,106,8,0.044980261208084626,bright,55482001.26614853,,psi Vel A,1-3,0.8889823090825273,2,1.6290000530716497
90.38018300707729,1.0,False,0.0,False,False,False,59585.31377532213,0.8522252605346619,2022-01-05,False,106,9,0.03354802859696049,bright,53893967.20113952,,psi Vel A,1-3,0.8857732891316223,3,1.6770000001997687
90.38018300707729,1.0,False,0.0,False,True,False,59585.31377532213,0.8598303913996111,2022-01-05,False,106,10,0.050133290081942006,bright,52394310.58944713,,psi Vel A,1-3,0.9099636814815532,4,1.7249999473278876
90.38018300707729,1.0,False,0.0,False,False,False,59585.31377532213,0.866876253392119,2022-01-05,False,106,11,0.03362081743323131,bright,50975850.30569029,,psi Vel A,1-3,0.9004970708253504,5,1.7730000081428443
128.40122097330888,1.0,False,0.0,False,True,False,59585.31377532213,0.6745547597370635,2022-01-05,False,106,12,0.06981245990198193,bright,83758132.54626471,,psi Vel A,1-4,0.7443672196390454,0,1.5330000451285741
128.40122097330888,1.0,False,0.0,False,True,False,59585.31377532213,0.6911379863868637,2022-01-05,False,106,13,0.06482652679486334,bright,81215193.92927454,,psi Vel A,1-4,0.7559645131817271,1,1.580999992256693
128.40122097330888,1.0,False,0.0,False,True,False,59585.31377532213,0.7065708973574933,2022-01-05,False,106,14,0.07006594523630061,bright,78822109.75450552,,psi Vel A,1-4,0.776636842593794,2,1.6290000530716497
128.40122097330888,1.0,False,0.0,False,True,False,59585.31377532213,0.7209473369376593,2022-01-05,False,106,15,0.07013661690919881,bright,76566023.23077722,,psi Vel A,1-4,0.7910839538468581,3,1.6770000001997687
128.40122097330888,1.0,False,0.0,False,True,False,59585.31377532213,0.7343534050274129,2022-01-05,False,106,16,0.08256342873566647,bright,74435492.69216436,,psi Vel A,1-4,0.8169168337630793,4,1.7249999473278876
128.40122097330888,1.0,False,0.0,False,True,False,59585.31377532213,0.7468678112122299,2022-01-05,False,106,17,0.08536106482388928,bright,72420316.06520109,,psi Vel A,1-4,0.8322288760361192,5,1.7730000081428443
100.67775126048492,1.0,False,0.0,False,True,False,59585.31377532213,0.7874297662651452,2022-01-05,False,106,18,0.05232136035973889,bright,65673677.94959262,,psi Vel A,2-4,0.839751126624884,0,1.5330000451285741
100.67775126048492,1.0,False,0.0,False,True,False,59585.31377532213,0.7989771859749359,2022-01-05,False,106,19,0.06003486861087115,bright,63679792.380504176,,psi Vel A,2-4,0.8590120545858071,1,1.580999992256693
100.67775126048492,1.0,False,0.0,False,False,False,59585.31377532213,0.8096418834568602,2022-01-05,False,106,20,0.04153635894074614,bright,61803405.75842617,,psi Vel A,2-4,0.8511782423976063,2,1.6290000530716497
100.67775126048492,1.0,False,0.0,False,False,False,59585.31377532213,0.8195077751337236,2022-01-05,False,106,21,0.034653500378248214,bright,60034437.2382182,,psi Vel A,2-4,0.8541612755119719,3,1.6770000001997687
100.67775126048492,1.0,False,0.0,False,False,False,59585.31377532213,0.8286496401659414,2022-01-05,False,106,22,0.03893894750731186,bright,58363915.55631052,,psi Vel A,2-4,0.8675885876732533,4,1.7249999473278876
100.67775126048492,1.0,False,0.0,False,False,False,59585.31377532213,0.8371341309131163,2022-01-05,False,106,23,0.03098532522268127,bright,56783841.39768919,,psi Vel A,2-4,0.8681194561357976,5,1.7730000081428443
70.85169639341083,1.0,False,0.0,False,True,False,59585.31377532213,0.8894160798311626,2022-01-05,False,106,24,0.06027966298936771,bright,46217674.0428396,,psi Vel A,3-2,0.9496957428205303,0,1.5330000451285741
70.85169639341083,1.0,False,0.0,False,True,False,59585.31377532213,0.8957273836103226,2022-01-05,False,106,25,0.05061945551349667,bright,44814482.44176036,,psi Vel A,3-2,0.9463468391238192,1,1.580999992256693
70.85169639341083,1.0,False,0.0,False,True,False,59585.31377532213,0.9015217306827206,2022-01-05,False,106,26,0.055306821020411956,bright,43493980.4082956,,psi Vel A,3-2,0.9568285517031325,2,1.6290000530716497
70.85169639341083,1.0,False,0.0,False,False,False,59585.31377532213,0.9068531377921545,2022-01-05,False,106,27,0.03892096697991543,bright,42249073.574818596,,psi Vel A,3-2,0.9457741047720699,3,1.6770000001997687
70.85169639341083,1.0,False,0.0,False,True,False,59585.31377532213,0.9117689053375204,2022-01-05,False,106,28,0.0579778879162699,bright,41073448.43874558,,psi Vel A,3-2,0.9697467932537903,4,1.7249999473278876
70.85169639341083,1.0,False,0.0,False,True,False,59585.31377532213,0.9163105410559234,2022-01-05,False,106,29,0.06323919990449067,bright,39961475.503672175,,psi Vel A,3-2,0.979549740960414,5,1.7730000081428443
127.07759651426285,1.0,False,0.0,False,True,False,59585.31377532213,0.6802051091337753,2022-01-05,False,106,30,0.08540230363674628,bright,82894711.52859929,,psi Vel A,3-4,0.7656074127705216,0,1.5330000451285741
127.07759651426285,1.0,False,0.0,False,True,False,59585.31377532213,0.6965573164168878,2022-01-05,False,106,31,0.07970573052995378,bright,80377986.80370289,,psi Vel A,3-4,0.7762630469468416,1,1.580999992256693
127.07759651426285,1.0,False,0.0,False,True,False,59585.31377532213,0.711768930032257,2022-01-05,False,106,32,0.07779539919807732,bright,78009571.74595837,,psi Vel A,3-4,0.7895643292303344,2,1.6290000530716497
127.07759651426285,1.0,False,0.0,False,True,False,59585.31377532213,0.7259338890698724,2022-01-05,False,106,33,0.07399709420268497,bright,75776742.09846453,,psi Vel A,3-4,0.7999309832725574,3,1.6770000001997687
127.07759651426285,1.0,False,0.0,False,True,False,59585.31377532213,0.739138220743963,2022-01-05,False,106,34,0.06540233860850575,bright,73668174.14175142,,psi Vel A,3-4,0.8045405593524687,4,1.7249999473278876
127.07759651426285,1.0,False,0.0,False,True,False,59585.31377532213,0.751460443882108,2022-01-05,False,106,35,0.08144461265165848,bright,71673770.97046503,,psi Vel A,3-4,0.8329050565337665,5,1.7730000081428443
31.337149358408855,1.0,False,0.0,False,True,False,59585.32318454306,0.9775058639567263,2022-01-05,False,106,36,0.09286817669057112,bright,20441714.570060942,,psi Vel A,1-2,1.0703740406472975,0,1.5330000451285741
31.337149358408855,1.0,False,0.0,False,True,False,59585.32318454306,0.9788389506963407,2022-01-05,False,106,37,0.08525672917254556,bright,19821093.935414083,,psi Vel A,1-2,1.0640956798688863,1,1.580999992256693
31.337149358408855,1.0,False,0.0,False,True,False,59585.32318454306,0.9800572749899155,2022-01-05,False,106,38,0.08376728854117443,bright,19237046.247677762,,psi Vel A,1-2,1.06382456353109,2,1.6290000530716497
31.337149358408855,1.0,False,0.0,False,True,False,59585.32318454306,0.9811736017497462,2022-01-05,False,106,39,0.07035405015839313,bright,18686433.72371848,,psi Vel A,1-2,1.0515276519081393,3,1.6770000001997687
31.337149358408855,1.0,False,0.0,False,True,False,59585.32318454306,0.9821989810069935,2022-01-05,False,106,40,0.07767179720284134,bright,18166463.950883992,,psi Vel A,1-2,1.0598707782098349,4,1.7249999473278876
31.337149358408855,1.0,False,0.0,False,True,False,59585.32318454306,0.9831430094015392,2022-01-05,False,106,41,0.07335984506323845,bright,17674647.04708796,,psi Vel A,1-2,1.0565028544647777,5,1.7730000081428443
90.4993182452274,1.0,False,0.0,False,False,False,59585.32318454306,0.8250027875677584,2022-01-05,False,106,42,0.04727736594490706,bright,59034126.27599573,,psi Vel A,1-3,0.8722801535126654,0,1.5330000451285741
90.4993182452274,1.0,False,0.0,False,True,False,59585.32318454306,0.834691508217714,2022-01-05,False,106,43,0.05426985635233972,bright,57241820.802320294,,psi Vel A,1-3,0.8889613645700537,1,1.580999992256693
90.4993182452274,1.0,False,0.0,False,True,False,59585.32318454306,0.8436192186877022,2022-01-05,False,106,44,0.05404329095584237,bright,55555135.23439209,,psi Vel A,1-3,0.8976625096435445,2,1.6290000530716497
90.4993182452274,1.0,False,0.0,False,True,False,59585.32318454306,0.8518610919246454,2022-01-05,False,106,45,0.0502279900295054,bright,53965007.891739346,,psi Vel A,1-3,0.9020890819541508,3,1.6770000001997687
90.4993182452274,1.0,False,0.0,False,True,False,59585.32318454306,0.8594836401426158,2022-01-05,False,106,46,0.056835836161450826,bright,52463374.49772994,,psi Vel A,1-3,0.9163194763040666,4,1.7249999473278876
90.4993182452274,1.0,False,0.0,False,False,False,59585.32318454306,0.8665457739715143,2022-01-05,False,106,47,0.04827952207192132,bright,51043044.46113471,,psi Vel A,1-3,0.9148252960434357,5,1.7730000081428443
127.18771204101084,1.0,False,0.0,False,True,False,59585.32318454306,0.6797357911972317,2022-01-05,False,106,48,0.07035790969684885,bright,82966541.61568762,,psi Vel A,1-4,0.7500937008940806,0,1.5330000451285741
127.18771204101084,1.0,False,0.0,False,True,False,59585.32318454306,0.696107276520634,2022-01-05,False,106,49,0.07258206272523093,bright,80447636.09357469,,psi Vel A,1-4,0.7686893392458649,1,1.580999992256693
127.18771204101084,1.0,False,0.0,False,True,False,59585.32318454306,0.711337345358259,2022-01-05,False,106,50,0.0731937053474565,bright,78077168.75219563,,psi Vel A,1-4,0.7845310507057155,2,1.6290000530716497
127.18771204101084,1.0,False,0.0,False,True,False,59585.32318454306,0.7255199313251463,2022-01-05,False,106,51,0.06840382900786246,bright,75842404.30880137,,psi Vel A,1-4,0.7939237603330087,3,1.6770000001997687
127.18771204101084,1.0,False,0.0,False,True,False,59585.32318454306,0.7387410696908271,2022-01-05,False,106,52,0.07817237720944703,bright,73732009.23167044,,psi Vel A,1-4,0.8169134469002741,4,1.7249999473278876
127.18771204101084,1.0,False,0.0,False,True,False,59585.32318454306,0.7510792968248211,2022-01-05,False,106,53,0.08668046422241527,bright,71735877.86625874,,psi Vel A,1-4,0.8377597610472364,5,1.7730000081428443
,1.0,True,,False,False,False,,,unknown,True,106,54,,bright,,,psi Vel A,2-3,,0,1.5330000451285741
,1.0,True,,False,False,False,,,unknown,True,106,55,,bright,,,psi Vel A,2-3,,1,1.580999992256693
,1.0,True,,False,False,False,,,unknown,True,106,56,,bright,,,psi Vel A,2-3,,2,1.6290000530716497
,1.0,True,,False,False,False,,,unknown,True,106,57,,bright,,,psi Vel A,2-3,,3,1.6770000001997687
,1.0,True,,False,False,False,,,unknown,True,106,58,,bright,,,psi Vel A,2-3,,4,1.7249999473278876
,1.0,True,,False,False,False,,,unknown,True,106,59,,bright,,,psi Vel A,2-3,,5,1.7730000081428443
,1.0,True,,False,False,False,,,unknown,True,106,60,,bright,,,psi Vel A,2-3,,0,1.5330000451285741
,1.0,True,,False,False,False,,,unknown,True,106,61,,bright,,,psi Vel A,2-3,,1,1.580999992256693
,1.0,True,,False,False,False,,,unknown,True,106,62,,bright,,,psi Vel A,2-3,,2,1.6290000530716497
,1.0,True,,False,False,False,,,unknown,True,106,63,,bright,,,psi Vel A,2-3,,3,1.6770000001997687
,1.0,True,,False,False,False,,,unknown,True,106,64,,bright,,,psi Vel A,2-3,,4,1.7249999473278876
,1.0,True,,False,False,False,,,unknown,True,106,65,,bright,,,psi Vel A,2-3,,5,1.7730000081428443
99.78620336475947,1.0,False,0.0,False,True,False,59585.32318454306,0.7908201050971155,2022-01-05,False,106,66,0.06437373758760123,bright,65092107.25847716,,psi Vel A,2-4,0.8551938426847168,0,1.5330000451285741
99.78620336475947,1.0,False,0.0,False,True,False,59585.32318454306,0.8022033335833403,2022-01-05,False,106,67,0.0657879512396582,bright,63115878.46520246,,psi Vel A,2-4,0.8679912848229985,1,1.580999992256693
99.78620336475947,1.0,False,0.0,False,True,False,59585.32318454306,0.8127141785873404,2022-01-05,False,106,68,0.05931435520823625,bright,61256108.11160022,,psi Vel A,2-4,0.8720285337955767,2,1.6290000530716497
99.78620336475947,1.0,False,0.0,False,True,False,59585.32318454306,0.8224358776525098,2022-01-05,False,106,69,0.058060864714234994,bright,59502804.62306063,,psi Vel A,2-4,0.8804967423667448,3,1.6770000001997687
99.78620336475947,1.0,False,0.0,False,True,False,59585.32318454306,0.831442554397143,2022-01-05,False,106,70,0.05676679396309048,bright,57847076.18068822,,psi Vel A,2-4,0.8882093483602335,4,1.7249999473278876
99.78620336475947,1.0,False,0.0,False,True,False,59585.32318454306,0.8398002370762879,2022-01-05,False,106,71,0.06898671966372405,bright,56280994.30709086,,psi Vel A,2-4,0.908786956740012,5,1.7730000081428443
71.12134572219045,1.0,False,0.0,False,True,False,59585.32318454306,0.8886138865210953,2022-01-05,False,106,72,0.08795318346267633,bright,46393570.53393005,,psi Vel A,3-2,0.9765670699837716,0,1.5330000451285741
71.12134572219045,1.0,False,0.0,False,True,False,59585.32318454306,0.8949686690110873,2022-01-05,False,106,73,0.06337868035598149,bright,44985038.62778205,,psi Vel A,3-2,0.9583473493670688,1,1.580999992256693
71.12134572219045,1.0,False,0.0,False,True,False,59585.32318454306,0.9008031887567176,2022-01-05,False,106,74,0.06941933592355298,bright,43659510.99147218,,psi Vel A,3-2,0.9702225246802706,2,1.6290000530716497
71.12134572219045,1.0,False,0.0,False,True,False,59585.32318454306,0.906171773293312,2022-01-05,False,106,75,0.05482614195161695,bright,42409866.25743488,,psi Vel A,3-2,0.960997915244929,3,1.6770000001997687
71.12134572219045,1.0,False,0.0,False,True,False,59585.32318454306,0.9111220007516837,2022-01-05,False,106,76,0.08375558800770855,bright,41229766.89498514,,psi Vel A,3-2,0.9948775887593923,4,1.7249999473278876
71.12134572219045,1.0,False,0.0,False,True,False,59585.32318454306,0.9156956269928533,2022-01-05,False,106,77,0.08045933646175751,bright,40113561.98282683,,psi Vel A,3-2,0.9961549634546109,5,1.7730000081428443
126.79882158004276,1.0,False,0.0,False,True,False,59585.32318454306,0.6813926425116438,2022-01-05,False,106,78,0.10557201504672953,bright,82712862.26179336,,psi Vel A,3-4,0.7869646575583733,0,1.5330000451285741
126.79882158004276,1.0,False,0.0,False,True,False,59585.32318454306,0.697695997619318,2022-01-05,False,106,79,0.09607555844323523,bright,80201658.57120103,,psi Vel A,3-4,0.7937715560625532,1,1.580999992256693
126.79882158004276,1.0,False,0.0,False,True,False,59585.32318454306,0.7128608534237239,2022-01-05,False,106,80,0.09459530274148764,bright,77838439.1952292,,psi Vel A,3-4,0.8074561561652115,2,1.6290000530716497
126.79882158004276,1.0,False,0.0,False,True,False,59585.32318454306,0.7269811609280369,2022-01-05,False,106,81,0.08652085639248641,bright,75610507.79066078,,psi Vel A,3-4,0.8135020173205233,3,1.6770000001997687
126.79882158004276,1.0,False,0.0,False,True,False,59585.32318454306,0.7401429253327038,2022-01-05,False,106,82,0.07975608857295291,bright,73506565.47929788,,psi Vel A,3-4,0.8198990139056567,4,1.7249999473278876
126.79882158004276,1.0,False,0.0,False,True,False,59585.32318454306,0.7524246197067346,2022-01-05,False,106,83,0.09185350638815559,bright,71516537.50574999,,psi Vel A,3-4,0.8442781260948902,5,1.7730000081428443
90.44891971835081,1.0,False,0.0,False,False,False,59278.15880665843,0.8251823327545901,2021-03-04,False,106,0,-0.047593786203480426,faint,59001250.52557632,,psi_Vel,1-2,0.7775885465511096,0,1.5330000451285741
90.44891971835081,1.0,False,0.0,False,False,False,59278.15880665843,0.8348619686210483,2021-03-04,False,106,1,-0.03870793746208456,faint,57209943.176056266,,psi_Vel,1-2,0.7961540311589638,1,1.580999992256693
90.44891971835081,1.0,False,0.0,False,False,False,59278.15880665843,0.8437812131622917,2021-03-04,False,106,2,-0.034855306778499795,faint,55524196.91319219,,psi_Vel,1-2,0.8089259063837919,2,1.6290000530716497
90.44891971835081,1.0,False,0.0,False,False,False,59278.15880665843,0.8520151911317848,2021-03-04,False,106,3,-0.029322831163972385,faint,53934955.10290775,,psi_Vel,1-2,0.8226923599678124,3,1.6770000001997687
90.44891971835081,1.0,False,0.0,False,False,False,59278.15880665843,0.8596303699824142,2021-03-04,False,106,4,-0.028447358731753747,faint,52434157.95951807,,psi_Vel,1-2,0.8311830112506604,4,1.7249999473278876
90.44891971835081,1.0,False,0.0,False,False,False,59278.15880665843,0.8666856190276433,2021-03-04,False,106,5,-0.029435381369605107,faint,51014618.89619104,,psi_Vel,1-2,0.8372502376580382,5,1.7730000081428443
128.81611371154446,1.0,False,0.0,False,True,False,59278.15880665843,0.6727796904921769,2021-03-04,False,106,6,-0.07636565139228635,faint,84028773.59389806,,psi_Vel,1-3,0.5964140390998905,0,1.5330000451285741
128.81611371154446,1.0,False,0.0,False,True,False,59278.15880665843,0.6894350048860907,2021-03-04,False,106,7,-0.07144374633113315,faint,81477618.1799182,,psi_Vel,1-3,0.6179912585549575,1,1.580999992256693
128.81611371154446,1.0,False,0.0,False,True,False,59278.15880665843,0.7049370326002908,2021-03-04,False,106,8,-0.06315722563686543,faint,79076801.42099948,,psi_Vel,1-3,0.6417798069634254,2,1.6290000530716497
128.81611371154446,1.0,False,0.0,False,True,False,59278.15880665843,0.7193795751283055,2021-03-04,False,106,9,-0.060181207434719,faint,76813424.9828262,,psi_Vel,1-3,0.6591983676935865,3,1.6770000001997687
128.81611371154446,1.0,False,0.0,False,True,False,59278.15880665843,0.7328487442533319,2021-03-04,False,106,10,-0.05882022151616684,faint,74676010.22892039,,psi_Vel,1-3,0.6740285227371651,4,1.7249999473278876
128.81611371154446,1.0,False,0.0,False,False,False,59278.15880665843,0.7454233002711173,2021-03-04,False,106,11,-0.04612270636745541,faint,72654322.12066081,,psi_Vel,1-3,0.6993005939036618,5,1.7730000081428443
127.9010878912181,1.0,False,0.0,False,True,False,59278.15880665843,0.6766920365688303,2021-03-04,False,106,12,-0.056567162840272855,faint,83431887.8839243,,psi_Vel,1-4,0.6201248737285574,0,1.5330000451285741
127.9010878912181,1.0,False,0.0,False,True,False,59278.15880665843,0.6931881559054152,2021-03-04,False,106,13,-0.05204808225517765,faint,80898854.21735784,,psi_Vel,1-4,0.6411400736502375,1,1.580999992256693
127.9010878912181,1.0,False,0.0,False,False,False,59278.15880665843,0.7085375896471311,2021-03-04,False,106,14,-0.049172196068989926,faint,78515091.29790834,,psi_Vel,1-4,0.6593653935781412,2,1.6290000530716497
127.9010878912181,1.0,False,0.0,False,False,False,59278.15880665843,0.7228342253523735,2021-03-04,False,106,15,-0.034712768158119744,faint,76267792.41263099,,psi_Vel,1-4,0.6881214571942538,3,1.6770000001997687
127.9010878912181,1.0,False,0.0,False,False,False,59278.15880665843,0.7361641416618795,2021-03-04,False,106,16,-0.03208508675130772,faint,74145560.4618095,,psi_Vel,1-4,0.7040790549105718,4,1.7249999473278876
127.9010878912181,1.0,False,0.0,False,True,False,59278.15880665843,0.748605981251521,2021-03-04,False,106,17,-0.056513092182053026,faint,72138233.10987462,,psi_Vel,1-4,0.692092889069468,5,1.7730000081428443
56.59914165103444,1.0,False,0.0,False,False,False,59278.15880665843,0.9281826696225888,2021-03-04,False,106,18,0.030063591585743787,faint,36920508.79638912,,psi_Vel,2-3,0.9582462612083326,0,1.5330000451285741
56.59914165103444,1.0,False,0.0,False,False,False,59278.15880665843,0.932352102844506,2021-03-04,False,106,19,0.0023803388910822454,faint,35799583.762328655,,psi_Vel,2-3,0.9347324417355882,1,1.580999992256693
56.59914165103444,1.0,False,0.0,False,False,False,59278.15880665843,0.9361721226576484,2021-03-04,False,106,20,-0.00508469290936886,faint,34744714.43037147,,psi_Vel,2-3,0.9310874297482795,2,1.6290000530716497
56.59914165103444,1.0,False,0.0,False,False,False,59278.15880665843,0.9396803224206354,2021-03-04,False,106,21,-0.00407142958194151,faint,33750233.538635775,,psi_Vel,2-3,0.9356088928386939,3,1.6770000001997687
56.59914165103444,1.0,False,0.0,False,False,False,59278.15880665843,0.9429094446791201,2021-03-04,False,106,22,-0.008712174344860601,faint,32811097.611167684,,psi_Vel,2-3,0.9341972703342595,4,1.7249999473278876
56.59914165103444,1.0,False,0.0,False,False,False,59278.15880665843,0.9458880832877518,2021-03-04,False,106,23,0.015236102734957568,faint,31922809.5832442,,psi_Vel,2-3,0.9611241860227093,5,1.7730000081428443
126.96380370496901,1.0,False,0.0,False,True,False,59278.15880665843,0.6806899545450068,2021-03-04,False,106,24,-0.05951282351606901,faint,82820482.69236706,,psi_Vel,2-4,0.6211771310289378,0,1.5330000451285741
126.96380370496901,1.0,False,0.0,False,False,False,59278.15880665843,0.6970222289869039,2021-03-04,False,106,25,-0.040703874740974366,faint,80306011.59190582,,psi_Vel,2-4,0.6563183542459295,1,1.580999992256693
126.96380370496901,1.0,False,0.0,False,True,False,59278.15880665843,0.7122147627081377,2021-03-04,False,106,26,-0.06325341192428613,faint,77939717.3533331,,psi_Vel,2-4,0.6489613507838515,2,1.6290000530716497
126.96380370496901,1.0,False,0.0,False,True,False,59278.15880665843,0.7263614999985506,2021-03-04,False,106,27,-0.05976839618046437,faint,75708887.11380129,,psi_Vel,2-4,0.6665931038180862,3,1.6770000001997687
126.96380370496901,1.0,False,0.0,False,False,False,59278.15880665843,0.7395484593669954,2021-03-04,False,106,28,-0.04678525041745096,faint,73602207.2937697,,psi_Vel,2-4,0.6927632089495445,4,1.7249999473278876
126.96380370496901,1.0,False,0.0,False,False,False,59278.15880665843,0.7518541411962059,2021-03-04,False,106,29,-0.04987804890933745,faint,71609590.0292517,,psi_Vel,2-4,0.7019760922868684,5,1.7730000081428443
101.20334892244288,1.0,False,0.0,False,True,False,59278.15880665843,0.7854226520646299,2021-03-04,False,106,30,-0.07499735079608405,faint,66016533.55721517,,psi_Vel,3-4,0.7104253012685459,0,1.5330000451285741
101.20334892244288,1.0,False,0.0,False,True,False,59278.15880665843,0.7970669387646444,2021-03-04,False,106,31,-0.06965311481773295,faint,64012238.72113175,,psi_Vel,3-4,0.7274138239469115,1,1.580999992256693
101.20334892244288,1.0,False,0.0,False,True,False,59278.15880665843,0.8078224435343028,2021-03-04,False,106,32,-0.06735388861091607,faint,62126056.246353954,,psi_Vel,3-4,0.7404685549233867,2,1.6290000530716497
101.20334892244288,1.0,False,0.0,False,True,False,59278.15880665843,0.8177734743630363,2021-03-04,False,106,33,-0.05602452317752493,faint,60347852.65974196,,psi_Vel,3-4,0.7617489511855113,3,1.6770000001997687
101.20334892244288,1.0,False,0.0,False,True,False,59278.15880665843,0.8269951899897454,2021-03-04,False,106,34,-0.0593523136965195,faint,58668609.86240145,,psi_Vel,3-4,0.7676428762932259,4,1.7249999473278876
101.20334892244288,1.0,False,0.0,False,True,False,59278.15880665843,0.8355546052288303,2021-03-04,False,106,35,-0.06344906488191138,faint,57080286.77814269,,psi_Vel,3-4,0.7721055403469189,5,1.7730000081428443
90.50708686162524,1.0,False,0.0,False,True,False,59278.16855511484,0.8249751058089507,2021-03-04,False,106,36,-0.05426448045635113,faint,59039193.86645179,,psi_Vel,1-2,0.7707106253525996,0,1.5330000451285741
90.50708686162524,1.0,False,0.0,False,True,False,59278.16855511484,0.8346652269559351,2021-03-04,False,106,37,-0.05108285756466402,faint,57246734.538206376,,psi_Vel,1-2,0.7835823693912711,1,1.580999992256693
90.50708686162524,1.0,False,0.0,False,False,False,59278.16855511484,0.8435942425408639,2021-03-04,False,106,38,-0.045488772811667966,faint,55559904.1823017,,psi_Vel,1-2,0.7981054697291959,2,1.6290000530716497
90.50708686162524,1.0,False,0.0,False,False,False,59278.16855511484,0.8518373329355851,2021-03-04,False,106,39,-0.04220415518155152,faint,53969640.34039582,,psi_Vel,1-2,0.8096331777540335,3,1.6770000001997687
90.50708686162524,1.0,False,0.0,False,False,False,59278.16855511484,0.8594610172509008,2021-03-04,False,106,40,-0.03648915063181224,faint,52467878.043605335,,psi_Vel,1-2,0.8229718666190886,4,1.7249999473278876
90.50708686162524,1.0,False,0.0,False,False,False,59278.16855511484,0.8665242124831345,2021-03-04,False,106,41,-0.03678440203896316,faint,51047426.08344839,,psi_Vel,1-2,0.8297398104441713,5,1.7730000081428443
128.19724944627708,1.0,False,0.0,False,True,False,59278.16855511484,0.6754267453994645,2021-03-04,False,106,42,-0.07950836034499975,faint,83625078.71650131,,psi_Vel,1-3,0.5959183850544647,0,1.5330000451285741
128.19724944627708,1.0,False,0.0,False,True,False,59278.16855511484,0.6919744740399716,2021-03-04,False,106,43,-0.08101412682264997,faint,81086179.68004571,,psi_Vel,1-3,0.6109603472173216,1,1.580999992256693
128.19724944627708,1.0,False,0.0,False,True,False,59278.16855511484,0.7073733610703601,2021-03-04,False,106,44,-0.07359030530710176,faint,78696897.03480843,,psi_Vel,1-3,0.6337830557632583,2,1.6290000530716497
128.19724944627708,1.0,False,0.0,False,True,False,59278.16855511484,0.7217172695222769,2021-03-04,False,106,45,-0.07353663927276266,faint,76444394.41324143,,psi_Vel,1-3,0.6481806302495142,3,1.6770000001997687
128.19724944627708,1.0,False,0.0,False,True,False,59278.16855511484,0.7350922915390325,2021-03-04,False,106,46,-0.06792139071655012,faint,74317248.32505712,,psi_Vel,1-3,0.6671709008224824,4,1.7249999473278876
128.19724944627708,1.0,False,0.0,False,True,False,59278.16855511484,0.7475771101793737,2021-03-04,False,106,47,-0.05283031293035467,faint,72305272.90327495,,psi_Vel,1-3,0.694746797249019,5,1.7730000081428443
126.55435332757054,1.0,False,0.0,False,True,False,59278.16855511484,0.6824332986406544,2021-03-04,False,106,48,-0.05584699590801323,faint,82553391.78216156,,psi_Vel,1-4,0.6265863027326412,0,1.5330000451285741
126.55435332757054,1.0,False,0.0,False,True,False,59278.16855511484,0.6986937587771826,2021-03-04,False,106,49,-0.05007998436070871,faint,80047029.69474968,,psi_Vel,1-4,0.6486137744164739,1,1.580999992256693
126.55435332757054,1.0,False,0.0,False,False,False,59278.16855511484,0.713817569485831,2021-03-04,False,106,50,-0.04856721730687219,faint,77688366.60805449,,psi_Vel,1-4,0.6652503521789588,2,1.6290000530716497
126.55435332757054,1.0,False,0.0,False,False,False,59278.16855511484,0.7278986899234059,2021-03-04,False,106,51,-0.04441116226575159,faint,75464730.65742102,,psi_Vel,1-4,0.6834875276576543,3,1.6770000001997687
126.55435332757054,1.0,False,0.0,False,False,False,59278.16855511484,0.7410231040778271,2021-03-04,False,106,52,-0.038094131786584384,faint,73364844.74889964,,psi_Vel,1-4,0.7029289722912427,4,1.7249999473278876
126.55435332757054,1.0,False,0.0,False,True,False,59278.16855511484,0.7532692433037402,2021-03-04,False,106,53,-0.050590773617209095,faint,71378653.55123816,,psi_Vel,1-4,0.7026784696865311,5,1.7730000081428443
55.9917807934754,1.0,False,0.0,False,False,False,59278.16855511484,0.9296692466512526,2021-03-04,False,106,54,0.022788355979820762,faint,36524317.7724625,,psi_Vel,2-3,0.9524576026310734,0,1.5330000451285741
55.9917807934754,1.0,False,0.0,False,False,False,59278.16855511484,0.9337549841134262,2021-03-04,False,106,55,-0.020571420753913938,faint,35415421.2951979,,psi_Vel,2-3,0.9131835633595122,1,1.580999992256693
55.9917807934754,1.0,False,0.0,False,False,False,59278.16855511484,0.937498032761861,2021-03-04,False,106,56,-0.011220031251304996,faint,34371871.68158592,,psi_Vel,2-3,0.9262780015105561,2,1.6290000530716497
55.9917807934754,1.0,False,0.0,False,False,False,59278.16855511484,0.940935301676703,2021-03-04,False,106,57,-0.01872551032822356,faint,33388062.484678302,,psi_Vel,2-3,0.9222097913484795,3,1.6770000001997687
55.9917807934754,1.0,False,0.0,False,False,False,59278.16855511484,0.9440989311384821,2021-03-04,False,106,58,-0.011662725091543757,faint,32459004.34965781,,psi_Vel,2-3,0.9324362060469383,4,1.7249999473278876
55.9917807934754,1.0,False,0.0,False,False,False,59278.16855511484,0.9470169840936072,2021-03-04,False,106,59,0.008983787227488271,faint,31580248.469442952,,psi_Vel,2-3,0.9560007713210955,5,1.7730000081428443
126.65131941988935,1.0,False,0.0,False,True,False,59278.16855511484,0.682020614725266,2021-03-04,False,106,60,-0.0545808002808893,faint,82616644.2867045,,psi_Vel,2-4,0.6274398144443767,0,1.5330000451285741
126.65131941988935,1.0,False,0.0,False,False,False,59278.16855511484,0.6982980948318029,2021-03-04,False,106,61,-0.04658040547242437,faint,80108361.82175393,,psi_Vel,2-4,0.6517176893593786,1,1.580999992256693
126.65131941988935,1.0,False,0.0,False,True,False,59278.16855511484,0.7134381902967335,2021-03-04,False,106,62,-0.06132978606524253,faint,77747891.52466573,,psi_Vel,2-4,0.652108404231491,2,1.6290000530716497
126.65131941988935,1.0,False,0.0,False,True,False,59278.16855511484,0.7275348572989113,2021-03-04,False,106,63,-0.06210374167112964,faint,75522551.82158755,,psi_Vel,2-4,0.6654311156277817,3,1.6770000001997687
126.65131941988935,1.0,False,0.0,False,False,False,59278.16855511484,0.7406740884530095,2021-03-04,False,106,64,-0.04535058009274062,faint,73421056.97804725,,psi_Vel,2-4,0.6953235083602689,4,1.7249999473278876
126.65131941988935,1.0,False,0.0,False,False,False,59278.16855511484,0.7529343318364351,2021-03-04,False,106,65,-0.04912732601855663,faint,71433343.95838621,,psi_Vel,2-4,0.7038070058178785,5,1.7730000081428443
101.49350005710853,1.0,False,0.0,False,True,False,59278.16855511484,0.7843120037579936,2021-03-04,False,106,66,-0.0755035453287034,faint,66205803.69819636,,psi_Vel,3-4,0.7088084584292902,0,1.5330000451285741
101.49350005710853,1.0,False,0.0,False,True,False,59278.16855511484,0.7960097846819544,2021-03-04,False,106,67,-0.08726343725235663,faint,64195762.5263732,,psi_Vel,3-4,0.7087463474295977,1,1.580999992256693
101.49350005710853,1.0,False,0.0,False,True,False,59278.16855511484,0.8068154500227624,2021-03-04,False,106,68,-0.07470749898779638,faint,62304172.34531818,,psi_Vel,3-4,0.7321079510349661,2,1.6290000530716497
101.49350005710853,1.0,False,0.0,False,True,False,59278.16855511484,0.816813521139051,2021-03-04,False,106,69,-0.07237955906705751,faint,60520870.62911053,,psi_Vel,3-4,0.7444339620719935,3,1.6770000001997687
101.49350005710853,1.0,False,0.0,False,True,False,59278.16855511484,0.8260793640888732,2021-03-04,False,106,70,-0.061051828455302326,faint,58836813.42386538,,psi_Vel,3-4,0.7650275356335708,4,1.7249999473278876
101.49350005710853,1.0,False,0.0,False,True,False,59278.16855511484,0.8346801920055755,2021-03-04,False,106,71,-0.06607589691288618,faint,57243936.599537544,,psi_Vel,3-4,0.7686042950926893,5,1.7730000081428443
87.9585169242079,1.0022716976068584,False,0.0,False,False,False,59263.169799339434,0.571392076835707,2021-02-17,False,106,0,0.019458247423047692,bright,57376721.67963357,,rho_Pup,1-2,0.5908503242587547,0,1.5330000451285741
87.9585169242079,1.0022716976068584,False,0.0,False,False,False,59263.169799339434,0.5917603782161934,2021-02-17,False,106,1,0.014160485264329337,bright,55634735.834917605,,rho_Pup,1-2,0.6059208634805228,1,1.580999992256693
87.9585169242079,1.0022716976068584,False,0.0,False,False,False,59263.169799339434,0.6108731573395622,2021-02-17,False,106,2,0.013344313042809697,bright,53995404.57862658,,rho_Pup,1-2,0.6242174703823719,2,1.6290000530716497
87.9585169242079,1.0022716976068584,False,0.0,False,False,False,59263.169799339434,0.6288115518410361,2021-02-17,False,106,3,0.016019166172226984,bright,52449920.64026836,,rho_Pup,1-2,0.6448307180132631,3,1.6770000001997687
87.9585169242079,1.0022716976068584,False,0.0,False,False,False,59263.169799339434,0.6456536768074367,2021-02-17,False,106,4,0.020684653745398074,bright,50990446.15071444,,rho_Pup,1-2,0.6663383305528348,4,1.7249999473278876
87.9585169242079,1.0022716976068584,False,0.0,False,False,False,59263.169799339434,0.6614738313523431,2021-02-17,False,106,5,0.008773100597381345,bright,49609992.397203304,,rho_Pup,1-2,0.6702469319497244,5,1.7730000081428443
124.54887015662983,1.0022716976068584,False,0.0,False,False,False,59263.169799339434,0.3057842267467916,2021-02-17,False,106,6,-0.01116917232482828,bright,81245183.62045045,,rho_Pup,1-3,0.29461505442196334,0,1.5330000451285741
124.54887015662983,1.0022716976068584,False,0.0,False,False,False,59263.169799339434,0.3307922205123863,2021-02-17,False,106,7,-0.01600639481321947,bright,78778539.38433665,,rho_Pup,1-3,0.31478582569916685,1,1.580999992256693
124.54887015662983,1.0022716976068584,False,0.0,False,False,False,59263.169799339434,0.35503452765785265,2021-02-17,False,106,8,-0.01915621602067863,bright,76457253.59049554,,rho_Pup,1-3,0.335878311637174,2,1.6290000530716497
124.54887015662983,1.0022716976068584,False,0.0,False,False,False,59263.169799339434,0.3784627674556356,2021-02-17,False,106,9,-0.019232576423456715,bright,74268855.1829417,,rho_Pup,1-3,0.3592301910321789,3,1.6770000001997687
124.54887015662983,1.0022716976068584,False,0.0,False,False,False,59263.169799339434,0.4010483354491012,2021-02-17,False,106,10,-0.01892557576568421,bright,72202245.77372442,,rho_Pup,1-3,0.38212275968341697,4,1.7249999473278876
124.54887015662983,1.0022716976068584,False,0.0,False,False,False,59263.169799339434,0.4227780696478751,2021-02-17,False,106,11,-0.022274250752081726,bright,70247529.37654547,,rho_Pup,1-3,0.4005038188957934,5,1.7730000081428443
129.7353246045139,1.0022716976068584,False,0.0,False,False,False,59263.169799339434,0.2728606423939644,2021-02-17,False,106,12,-0.03297950155729848,bright,84628389.29246925,,rho_Pup,1-4,0.23988114083666592,0,1.5330000451285741
129.7353246045139,1.0022716976068584,False,0.0,False,False,False,59263.169799339434,0.29771420292412054,2021-02-17,False,106,13,-0.034430611275837575,bright,82059029.24726258,,rho_Pup,1-4,0.26328359164828297,1,1.580999992256693
129.7353246045139,1.0022716976068584,False,0.0,False,False,False,59263.169799339434,0.32195589501898,2021-02-17,False,106,14,-0.03649865890365245,bright,79641080.64937407,,rho_Pup,1-4,0.28545723611532753,2,1.6290000530716497
129.7353246045139,1.0022716976068584,False,0.0,False,False,False,59263.169799339434,0.3455127174768729,2021-02-17,False,106,15,-0.0457845808164874,bright,77361553.12406647,,rho_Pup,1-4,0.2997281366603855,3,1.6770000001997687
129.7353246045139,1.0022716976068584,False,0.0,False,False,False,59263.169799339434,0.3683344316651564,2021-02-17,False,106,16,-0.048626276474341645,bright,75208886.12517379,,rho_Pup,1-4,0.31970815519081475,4,1.7249999473278876
129.7353246045139,1.0022716976068584,False,0.0,False,False,False,59263.169799339434,0.3903890268187948,2021-02-17,False,106,17,-0.0431478854374871,bright,73172771.57849938,,rho_Pup,1-4,0.3472411413813077,5,1.7730000081428443
56.72296829510008,1.0022716976068584,False,0.0,False,True,False,59263.169799339434,0.7974316596867111,2021-02-17,False,106,18,-0.09331243197663297,bright,37001282.86059031,,rho_Pup,2-3,0.7041192277100782,0,1.5330000451285741
56.72296829510008,1.0022716976068584,False,0.0,False,True,False,59263.169799339434,0.8084944179788661,2021-02-17,False,106,19,-0.0930306966029043,bright,35877905.48571392,,rho_Pup,2-3,0.7154637213759618,1,1.580999992256693
56.72296829510008,1.0022716976068584,False,0.0,False,True,False,59263.169799339434,0.8187050045412413,2021-02-17,False,106,20,-0.09868441935457117,bright,34820728.328487776,,rho_Pup,2-3,0.7200205851866701,2,1.6290000530716497
56.72296829510008,1.0022716976068584,False,0.0,False,True,False,59263.169799339434,0.8281453246353279,2021-02-17,False,106,21,-0.09662992757235955,bright,33824071.72829045,,rho_Pup,2-3,0.7315153970629683,3,1.6770000001997687
56.72296829510008,1.0022716976068584,False,0.0,False,True,False,59263.169799339434,0.8368882165732793,2021-02-17,False,106,22,-0.10659685500508986,bright,32882881.17513675,,rho_Pup,2-3,0.7302913615681894,4,1.7249999473278876
56.72296829510008,1.0022716976068584,False,0.0,False,True,False,59263.169799339434,0.8449984858071549,2021-02-17,False,106,23,-0.10220623487234293,bright,31992649.76570159,,rho_Pup,2-3,0.7427922509348119,5,1.7730000081428443
132.30502322279918,1.0022716976068584,False,0.0,False,False,False,59263.169799339434,0.2571790889701719,2021-02-17,False,106,24,0.0024250363877194037,bright,86304644.04957186,,rho_Pup,2-4,0.2596041253578913,0,1.5330000451285741
132.30502322279918,1.0022716976068584,False,0.0,False,False,False,59263.169799339434,0.2818794633216942,2021-02-17,False,106,25,-0.007887596037306155,bright,83684392.07513796,,rho_Pup,2-4,0.27399186728438807,1,1.580999992256693
132.30502322279918,1.0022716976068584,False,0.0,False,False,False,59263.169799339434,0.30604987449101256,2021-02-17,False,106,26,-0.0092158040837107,bright,81218550.59078987,,rho_Pup,2-4,0.29683407040730186,2,1.6290000530716497
132.30502322279918,1.0022716976068584,False,0.0,False,False,False,59263.169799339434,0.3296051454180208,2021-02-17,False,106,27,-0.014882552823234751,bright,78893871.91832955,,rho_Pup,2-4,0.314722592594786,3,1.6770000001997687
132.30502322279918,1.0022716976068584,False,0.0,False,False,False,59263.169799339434,0.3524841851094664,2021-02-17,False,106,28,-0.020297622066137666,bright,76698566.52908678,,rho_Pup,2-4,0.3321865630433287,4,1.7249999473278876
132.30502322279918,1.0022716976068584,False,0.0,False,False,False,59263.169799339434,0.3746454088309156,2021-02-17,False,106,29,-0.014411726959664528,bright,74622122.17437273,,rho_Pup,2-4,0.3602336818712511,5,1.7730000081428443
103.68115196280252,1.0022716976068584,False,0.0,False,True,False,59263.169799339434,0.4523240971013812,2021-02-17,False,106,30,-0.12261845486185441,bright,67632843.38592872,,rho_Pup,3-4,0.3297056422395268,0,1.5330000451285741
103.68115196280252,1.0022716976068584,False,0.0,False,True,False,59263.169799339434,0.47584598327640104,2021-02-17,False,106,31,-0.12926512631861986,bright,65579476.57849749,,rho_Pup,3-4,0.3465808569577812,1,1.580999992256693
103.68115196280252,1.0022716976068584,False,0.0,False,True,False,59263.169799339434,0.4981824132981722,2021-02-17,False,106,32,-0.12446657680588546,bright,63647113.92568765,,rho_Pup,3-4,0.37371583649228673,2,1.6290000530716497
103.68115196280252,1.0022716976068584,False,0.0,False,True,False,59263.169799339434,0.5193731950931906,2021-02-17,False,106,33,-0.13581735970466613,bright,61825373.85238625,,rho_Pup,3-4,0.38355583538852445,3,1.6770000001997687
103.68115196280252,1.0022716976068584,False,0.0,False,True,False,59263.169799339434,0.5394640660162422,2021-02-17,False,106,34,-0.13630183097288034,bright,60105017.46589029,,rho_Pup,3-4,0.40316223504336185,4,1.7249999473278876
103.68115196280252,1.0022716976068584,False,0.0,False,True,False,59263.169799339434,0.5585041955198934,2021-02-17,False,106,35,-0.1284200010699938,bright,58477806.817048416,,rho_Pup,3-4,0.4300841944498996,5,1.7730000081428443
86.86006883359249,1.0022716976068584,False,0.0,False,False,False,59263.17977957303,0.5797750383894038,2021-02-17,False,106,36,0.032808353725874984,bright,56660186.742726065,,rho_Pup,1-2,0.6125833921152788,0,1.5330000451285741
86.86006883359249,1.0022716976068584,False,0.0,False,False,False,59263.17977957303,0.5998693326401261,2021-02-17,False,106,37,0.034847024929038684,bright,54939955.25554044,,rho_Pup,1-2,0.6347163575691648,1,1.580999992256693
86.86006883359249,1.0022716976068584,False,0.0,False,False,False,59263.17977957303,0.6187111720638764,2021-02-17,False,106,38,0.029915876218646775,bright,53321096.38045055,,rho_Pup,1-2,0.6486270482825232,2,1.6290000530716497
86.86006883359249,1.0022716976068584,False,0.0,False,False,False,59263.17977957303,0.6363835321422053,2021-02-17,False,106,39,0.03879448595087276,bright,51794912.834374174,,rho_Pup,1-2,0.6751780180930781,3,1.6770000001997687
86.86006883359249,1.0022716976068584,False,0.0,False,False,False,59263.17977957303,0.6529658662149682,2021-02-17,False,106,40,0.03874518133277827,bright,50353664.62946457,,rho_Pup,1-2,0.6917110475477465,4,1.7249999473278876
86.86006883359249,1.0022716976068584,False,0.0,False,False,False,59263.17977957303,0.6685334207808897,2021-02-17,False,106,41,0.03426930103306358,bright,48990450.32976361,,rho_Pup,1-2,0.7028027218139533,5,1.7730000081428443
122.41065283689089,1.0022716976068584,False,0.0,False,False,False,59263.17977957303,0.3198262153953292,2021-02-17,False,106,42,0.04844727371337698,bright,79850390.88933894,,rho_Pup,1-3,0.36827348910870616,0,1.5330000451285741
122.41065283689089,1.0022716976068584,False,0.0,False,False,False,59263.17977957303,0.3448368702359919,2021-02-17,False,106,43,0.04319900837327362,bright,77426093.25517072,,rho_Pup,1-3,0.3880358786092655,1,1.580999992256693
122.41065283689089,1.0022716976068584,False,0.0,False,False,False,59263.17977957303,0.3690234128243344,2021-02-17,False,106,44,0.04477187672586569,bright,75144658.59351742,,rho_Pup,1-3,0.41379528955020006,2,1.6290000530716497
122.41065283689089,1.0022716976068584,False,0.0,False,False,False,59263.17977957303,0.3923475081359868,2021-02-17,False,106,45,0.0427345759900159,bright,72993829.9477096,,rho_Pup,1-3,0.4350820841260027,3,1.6770000001997687
122.41065283689089,1.0022716976068584,False,0.0,False,False,False,59263.17977957303,0.4147892676872688,2021-02-17,False,106,46,0.040989040371082586,bright,70962699.463563,,rho_Pup,1-3,0.4557783080583514,4,1.7249999473278876
122.41065283689089,1.0022716976068584,False,0.0,False,False,False,59263.17977957303,0.43634303721291257,2021-02-17,False,106,47,0.04353435031685632,bright,69041541.04607804,,rho_Pup,1-3,0.4798773875297689,5,1.7730000081428443
128.3922810139154,1.0022716976068584,False,0.0,False,False,False,59263.17977957303,0.2812262472346251,2021-02-17,False,106,48,0.024114709346247487,bright,83752300.87038063,,rho_Pup,1-4,0.30534095658087257,0,1.5330000451285741
128.3922810139154,1.0022716976068584,False,0.0,False,False,False,59263.17977957303,0.30613977855180957,2021-02-17,False,106,49,0.03276162570554697,bright,81209539.30597457,,rho_Pup,1-4,0.33890140425735654,1,1.580999992256693
128.3922810139154,1.0022716976068584,False,0.0,False,False,False,59263.17977957303,0.33040006525376564,2021-02-17,False,106,50,0.03203749914520654,bright,78816621.75014564,,rho_Pup,1-4,0.3624375643989722,2,1.6290000530716497
128.3922810139154,1.0022716976068584,False,0.0,False,False,False,59263.17977957303,0.35394049195623656,2021-02-17,False,106,51,0.029166773543729485,bright,76560692.30687,,rho_Pup,1-4,0.38310726549996604,3,1.6770000001997687
128.3922810139154,1.0022716976068584,False,0.0,False,False,False,59263.17977957303,0.3767164698582383,2021-02-17,False,106,52,0.04140039844301224,bright,74430310.10685048,,rho_Pup,1-4,0.41811686830125055,4,1.7249999473278876
128.3922810139154,1.0022716976068584,False,0.0,False,False,False,59263.17977957303,0.39870094047654864,2021-02-17,False,106,53,0.03830133768793598,bright,72415273.78694253,,rho_Pup,1-4,0.4370022781644846,5,1.7730000081428443
55.98595144506506,1.0022716976068584,False,0.0,False,False,False,59263.17977957303,0.8021923388103078,2021-02-17,False,106,54,0.013459379841018082,bright,36520515.19696431,,rho_Pup,2-3,0.8156517186513259,0,1.5330000451285741
55.98595144506506,1.0022716976068584,False,0.0,False,False,False,59263.17977957303,0.8130213326610964,2021-02-17,False,106,55,0.0012608004405082474,bright,35411734.16778557,,rho_Pup,2-3,0.8142821331016047,1,1.580999992256693
55.98595144506506,1.0022716976068584,False,0.0,False,False,False,59263.17977957303,0.8230132557459932,2021-02-17,False,106,56,-0.0029797172087924206,bright,34368293.19894601,,rho_Pup,2-3,0.8200335385372007,2,1.6290000530716497
55.98595144506506,1.0022716976068584,False,0.0,False,False,False,59263.17977957303,0.8322489608379446,2021-02-17,False,106,57,0.0018820899304472505,bright,33384586.427188948,,rho_Pup,2-3,0.8341310507683919,3,1.6770000001997687
55.98595144506506,1.0022716976068584,False,0.0,False,False,False,59263.17977957303,0.8408002841298697,2021-02-17,False,106,58,0.010268773077268922,bright,32455625.017142836,,rho_Pup,2-3,0.8510690572071387,4,1.7249999473278876
55.98595144506506,1.0022716976068584,False,0.0,False,False,False,59263.17977957303,0.848731087409736,2021-02-17,False,106,59,0.009251583882353587,bright,31576960.624894973,,rho_Pup,2-3,0.8579826712920896,5,1.7730000081428443
132.2232685749863,1.0022716976068584,False,0.0,False,False,False,59263.17977957303,0.25767130645368574,2021-02-17,False,106,60,0.018038471629302055,bright,86251314.20912424,,rho_Pup,2-4,0.2757097780829878,0,1.5330000451285741
132.2232685749863,1.0022716976068584,False,0.0,False,False,False,59263.17977957303,0.28237732612374905,2021-02-17,False,106,61,0.015013351692304888,bright,83632681.35520545,,rho_Pup,2-4,0.29739067781605394,1,1.580999992256693
132.2232685749863,1.0022716976068584,False,0.0,False,False,False,59263.17977957303,0.3065507242393486,2021-02-17,False,106,62,0.01859156826066588,bright,81168363.57719296,,rho_Pup,2-4,0.3251422925000145,2,1.6290000530716497
132.2232685749863,1.0022716976068584,False,0.0,False,False,False,59263.17977957303,0.3301067096245363,2021-02-17,False,106,63,0.01584594780790577,bright,78845121.3829669,,rho_Pup,2-4,0.3459526574324421,3,1.6770000001997687
132.2232685749863,1.0022716976068584,False,0.0,False,False,False,59263.17977957303,0.3529845368941321,2021-02-17,False,106,64,0.01405472513526207,bright,76651172.52890752,,rho_Pup,2-4,0.3670392620293942,4,1.7249999473278876
132.2232685749863,1.0022716976068584,False,0.0,False,False,False,59263.17977957303,0.3751429274872852,2021-02-17,False,106,65,0.0245764914494237,bright,74576011.26211248,,rho_Pup,2-4,0.3997194189367089,5,1.7730000081428443
103.59318782050313,1.0022716976068584,False,0.0,False,False,False,59263.17977957303,0.4529779234631833,2021-02-17,False,106,66,-0.011592675813404285,bright,67575462.99472854,,rho_Pup,3-4,0.441385247649779,0,1.5330000451285741
103.59318782050313,1.0022716976068584,False,0.0,False,False,False,59263.17977957303,0.4764866388965722,2021-02-17,False,106,67,-0.008947133262542983,bright,65523838.28455049,,rho_Pup,3-4,0.46753950563402924,1,1.580999992256693
103.59318782050313,1.0022716976068584,False,0.0,False,False,False,59263.17977957303,0.49880889926632477,2021-02-17,False,106,68,-0.013765152977029127,bright,63593115.06784015,,rho_Pup,3-4,0.48504374628929564,2,1.6290000530716497
103.59318782050313,1.0022716976068584,False,0.0,False,False,False,59263.17977957303,0.5199848165290897,2021-02-17,False,106,69,-0.011414001994243916,bright,61772920.577318326,,rho_Pup,3-4,0.5085708145348458,3,1.6770000001997687
103.59318782050313,1.0022716976068584,False,0.0,False,False,False,59263.17977957303,0.5400603747764838,2021-02-17,False,106,70,-0.017257355916882378,bright,60054023.75865242,,rho_Pup,3-4,0.5228030188596015,4,1.7249999473278876
103.59318782050313,1.0022716976068584,False,0.0,False,False,False,59263.17977957303,0.5590849425806454,2021-02-17,False,106,71,-0.00319371148543679,bright,58428193.65185079,,rho_Pup,3-4,0.5558912310952087,5,1.7730000081428443
76.54382308939451,1.0408881917309747,False,0.0,False,False,False,59262.25016621398,0.6658958456897304,2021-02-16,False,106,0,0.01937962012438621,faint,49930737.66216015,,rho_Pup,1-2,0.6852754658141166,0,1.5330000451285741
76.54382308939451,1.0408881917309747,False,0.0,False,False,False,59262.25016621398,0.6828335081386354,2021-02-16,False,106,1,0.006158669831678232,faint,48414815.60043345,,rho_Pup,1-2,0.6889921779703136,1,1.580999992256693
76.54382308939451,1.0408881917309747,False,0.0,False,False,False,59262.25016621398,0.698605893266677,2021-02-16,False,106,2,0.0018112934014347104,faint,46988226.271118365,,rho_Pup,1-2,0.7004171866681117,2,1.6290000530716497
76.54382308939451,1.0408881917309747,False,0.0,False,False,False,59262.25016621398,0.7133067083952211,2021-02-16,False,106,3,0.003296664738002719,faint,45643305.35496506,,rho_Pup,1-2,0.7166033731332239,3,1.6770000001997687
76.54382308939451,1.0408881917309747,False,0.0,False,False,False,59262.25016621398,0.7270221721935042,2021-02-16,False,106,4,0.014482792399776012,faint,44373232.13137761,,rho_Pup,1-2,0.7415049645932802,4,1.7249999473278876
76.54382308939451,1.0408881917309747,False,0.0,False,False,False,59262.25016621398,0.7398312930673879,2021-02-16,False,106,5,0.008297365755217445,faint,43171924.83804413,,rho_Pup,1-2,0.7481286588226054,5,1.7730000081428443
99.33792747912864,1.0408881917309747,False,0.0,False,False,False,59262.25016621398,0.49548005604329,2021-02-16,False,106,6,0.00438181775837887,faint,64799689.85962885,,rho_Pup,1-3,0.49986187380166885,0,1.5330000451285741
99.33792747912864,1.0408881917309747,False,0.0,False,False,False,59262.25016621398,0.5180284938501127,2021-02-16,False,106,7,0.00022219516963650765,faint,62832339.00421172,,rho_Pup,1-3,0.5182506890197492,1,1.580999992256693
99.33792747912864,1.0408881917309747,False,0.0,False,False,False,59262.25016621398,0.5393406100805265,2021-02-16,False,106,8,-0.005384142308554218,faint,60980923.414837584,,rho_Pup,1-3,0.5339564677719723,2,1.6290000530716497
99.33792747912864,1.0408881917309747,False,0.0,False,False,False,59262.25016621398,0.5594744678388778,2021-02-16,False,106,9,-0.007214771241490392,faint,59235496.40268052,,rho_Pup,1-3,0.5522596965973874,3,1.6770000001997687
99.33792747912864,1.0408881917309747,False,0.0,False,False,False,59262.25016621398,0.5784904492604628,2021-02-16,False,106,10,-0.005780593549998603,faint,57587206.09412663,,rho_Pup,1-3,0.5727098557104642,4,1.7249999473278876
99.33792747912864,1.0408881917309747,False,0.0,False,False,False,59262.25016621398,0.5964493970437957,2021-02-16,False,106,11,-0.002488412187581779,faint,56028159.629385255,,rho_Pup,1-3,0.593960984856214,5,1.7730000081428443
111.59923048765172,1.0408881917309747,False,0.0,False,False,False,59262.25016621398,0.4058808009697847,2021-02-16,False,106,12,-0.010193439657511905,faint,72797930.33423674,,rho_Pup,1-4,0.3956873613122728,0,1.5330000451285741
111.59923048765172,1.0408881917309747,False,0.0,False,False,False,59262.25016621398,0.4302040808971131,2021-02-16,False,106,13,0.002456223075785857,faint,70587748.91475922,,rho_Pup,1-4,0.43266030397289895,1,1.580999992256693
111.59923048765172,1.0408881917309747,False,0.0,False,False,False,59262.25016621398,0.45343165229808124,2021-02-16,False,106,14,-0.0059087831659050405,faint,68507812.67761147,,rho_Pup,1-4,0.4475228691321762,2,1.6290000530716497
111.59923048765172,1.0408881917309747,False,0.0,False,False,False,59262.25016621398,0.4755796050292329,2021-02-16,False,106,15,0.004488047039084675,faint,66546947.21190085,,rho_Pup,1-4,0.4800676520683176,3,1.6770000001997687
111.59923048765172,1.0408881917309747,False,0.0,False,False,False,59262.25016621398,0.49667419278774755,2021-02-16,False,106,16,0.011725778373054274,faint,64695208.05523767,,rho_Pup,1-4,0.5083999711608018,4,1.7249999473278876
111.59923048765172,1.0408881917309747,False,0.0,False,False,False,59262.25016621398,0.5167486621975563,2021-02-16,False,106,17,0.0013137689228683858,faint,62943728.13035011,,rho_Pup,1-4,0.5180624311204247,5,1.7730000081428443
47.004433106130854,1.0408881917309747,False,0.0,False,True,False,59262.25016621398,0.8606097097369332,2021-02-16,False,106,18,-0.05501318043493553,faint,30661729.760215726,,rho_Pup,2-3,0.8055965293019977,0,1.5330000451285741
47.004433106130854,1.0408881917309747,False,0.0,False,False,False,59262.25016621398,0.8684610823617472,2021-02-16,False,106,19,-0.029630804456701854,faint,29730824.374665245,,rho_Pup,2-3,0.8388302779050454,1,1.580999992256693
47.004433106130854,1.0408881917309747,False,0.0,False,False,False,59262.25016621398,0.8756807974407168,2021-02-16,False,106,20,0.0006391779515910745,faint,28854776.902860798,,rho_Pup,2-3,0.8763199753923079,2,1.6290000530716497
47.004433106130854,1.0408881917309747,False,0.0,False,False,False,59262.25016621398,0.8823333144412183,2021-02-16,False,106,21,0.020131704070959988,faint,28028880.799362887,,rho_Pup,2-3,0.9024650185121783,3,1.6770000001997687
47.004433106130854,1.0408881917309747,False,0.0,False,False,False,59262.25016621398,0.8884753245379255,2021-02-16,False,106,22,0.014796307387222929,faint,27248947.560226366,,rho_Pup,2-3,0.9032716319251485,4,1.7249999473278876
47.004433106130854,1.0408881917309747,False,0.0,False,False,False,59262.25016621398,0.8941567710129336,2021-02-16,False,106,23,-0.004271029759260303,faint,26511242.464892235,,rho_Pup,2-3,0.8898857412536733,5,1.7730000081428443
130.3974775060741,1.0408881917309747,False,0.0,False,False,False,59262.25016621398,0.2802562277408075,2021-02-16,False,106,24,0.013816625556527018,faint,85060322.0270209,,rho_Pup,2-4,0.2940728532973345,0,1.5330000451285741
130.3974775060741,1.0408881917309747,False,0.0,False,False,False,59262.25016621398,0.30516355504421167,2021-02-16,False,106,25,0.013763474466509606,faint,82477848.28888386,,rho_Pup,2-4,0.31892702951072127,1,1.580999992256693
130.3974775060741,1.0408881917309747,False,0.0,False,False,False,59262.25016621398,0.32942235405140147,2021-02-16,False,106,26,0.014838165486952937,faint,80047558.78319097,,rho_Pup,2-4,0.3442605195383544,2,1.6290000530716497
130.3974775060741,1.0408881917309747,False,0.0,False,False,False,59262.25016621398,0.35296527315315634,2021-02-16,False,106,27,0.017122120293899923,faint,77756396.83395396,,rho_Pup,2-4,0.37008739344705627,3,1.6770000001997687
130.3974775060741,1.0408881917309747,False,0.0,False,False,False,59262.25016621398,0.37574707359469856,2021-02-16,False,106,28,0.014135262090036183,faint,75592742.89142235,,rho_Pup,2-4,0.38988233568473474,4,1.7249999473278876
130.3974775060741,1.0408881917309747,False,0.0,False,False,False,59262.25016621398,0.3977401282768447,2021-02-16,False,106,29,0.0153792674535706,faint,73546236.27027555,,rho_Pup,2-4,0.4131193957304153,5,1.7730000081428443
103.36048676994683,1.0408881917309747,False,0.0,False,False,False,59262.25016621398,0.4656501577667556,2021-02-16,False,106,30,-0.023376097779802263,faint,67423668.44567046,,rho_Pup,3-4,0.44227405998695335,0,1.5330000451285741
103.36048676994683,1.0408881917309747,False,0.0,False,False,False,59262.25016621398,0.4888937784676226,2021-02-16,False,106,31,-0.0009684398105564429,faint,65376652.29359792,,rho_Pup,3-4,0.48792533865706617,1,1.580999992256693
103.36048676994683,1.0408881917309747,False,0.0,False,False,False,59262.25016621398,0.5109329910265438,2021-02-16,False,106,32,-0.0010512890165287336,faint,63450266.054350235,,rho_Pup,3-4,0.509881702010015,2,1.6290000530716497
103.36048676994683,1.0408881917309747,False,0.0,False,False,False,59262.25016621398,0.5318136339323517,2021-02-16,False,106,33,-0.002818323383089516,faint,61634160.26096258,,rho_Pup,3-4,0.5289953105492622,3,1.6770000001997687
103.36048676994683,1.0408881917309747,False,0.0,False,False,False,59262.25016621398,0.5515863222211737,2021-02-16,False,106,34,-0.0071015547777851795,faint,59919124.59479055,,rho_Pup,3-4,0.5444847674433885,4,1.7249999473278876
103.36048676994683,1.0408881917309747,False,0.0,False,False,False,59262.25016621398,0.5703041476976338,2021-02-16,False,106,35,-0.011045261694439645,faint,58296946.58502193,,rho_Pup,3-4,0.5592588860031942,5,1.7730000081428443
74.43841636205167,1.0408881917309747,False,0.0,False,False,False,59262.2631233883,0.6812483766941564,2021-02-16,False,106,36,-0.007387065585159225,faint,48557347.79564762,,rho_Pup,1-2,0.6738613111089972,0,1.5330000451285741
74.43841636205167,1.0408881917309747,False,0.0,False,False,False,59262.2631233883,0.697562206694939,2021-02-16,False,106,37,-0.013016572169812779,faint,47083122.534238294,,rho_Pup,1-2,0.6845456345251262,1,1.580999992256693
74.43841636205167,1.0408881917309747,False,0.0,False,False,False,59262.2631233883,0.7127365076642064,2021-02-16,False,106,38,-0.01342874642831493,faint,45695772.82805502,,rho_Pup,1-2,0.6993077612358914,2,1.6290000530716497
74.43841636205167,1.0408881917309747,False,0.0,False,False,False,59262.2631233883,0.7268653504456667,2021-02-16,False,106,39,-0.007490807453734982,faint,44387845.17184518,,rho_Pup,1-2,0.7193745429919317,3,1.6770000001997687
74.43841636205167,1.0408881917309747,False,0.0,False,False,False,59262.2631233883,0.7400348450068371,2021-02-16,False,106,40,0.0021304819153398213,faint,43152706.45507007,,rho_Pup,1-2,0.742165326922177,4,1.7249999473278876
74.43841636205167,1.0408881917309747,False,0.0,False,False,False,59262.2631233883,0.752323555908503,2021-02-16,False,106,41,0.0017570899979576504,faint,41984442.199762486,,rho_Pup,1-2,0.7540806459064606,5,1.7730000081428443
93.69048441488172,1.0408881917309747,False,0.0,False,False,False,59262.2631233883,0.5377862601714728,2021-02-16,False,106,42,0.0015978555360156577,faint,61115774.074894965,,rho_Pup,1-3,0.5393841157074885,0,1.5330000451285741
93.69048441488172,1.0408881917309747,False,0.0,False,False,False,59262.2631233883,0.5591886089060095,2021-02-16,False,106,43,0.004419496718670701,faint,59260268.73735115,,rho_Pup,1-3,0.5636081056246802,1,1.580999992256693
93.69048441488172,1.0408881917309747,False,0.0,False,False,False,59262.2631233883,0.5793333068969093,2021-02-16,False,106,44,0.005242360506626409,faint,57514107.65040709,,rho_Pup,1-3,0.5845756674035357,2,1.6290000530716497
93.69048441488172,1.0408881917309747,False,0.0,False,False,False,59262.2631233883,0.5982927052670481,2021-02-16,False,106,45,0.004431829554144895,faint,55867909.60269593,,rho_Pup,1-3,0.602724534821193,3,1.6770000001997687
93.69048441488172,1.0408881917309747,False,0.0,False,False,False,59262.2631233883,0.6161383221929075,2021-02-16,False,106,46,0.005553805404789558,faint,54313325.95691556,,rho_Pup,1-3,0.6216921275976971,4,1.7249999473278876
93.69048441488172,1.0408881917309747,False,0.0,False,False,False,59262.2631233883,0.6329395933152268,2021-02-16,False,106,47,0.008068427567614389,faint,52842912.568860754,,rho_Pup,1-3,0.6410080208828411,5,1.7730000081428443
106.88227507191522,1.0408881917309747,False,0.0,False,True,False,59262.2631233883,0.4398470039360518,2021-02-16,False,106,48,-0.08604950921048415,faint,69720986.2527766,,rho_Pup,1-4,0.35379749472556765,0,1.5330000451285741
106.88227507191522,1.0408881917309747,False,0.0,False,True,False,59262.2631233883,0.46361048464321414,2021-02-16,False,106,49,-0.06836805268998941,faint,67604222.38797942,,rho_Pup,1-4,0.3952424319532247,1,1.580999992256693
106.88227507191522,1.0408881917309747,False,0.0,False,True,False,59262.2631233883,0.4862089547608516,2021-02-16,False,106,50,-0.0670671739860404,faint,65612198.64319681,,rho_Pup,1-4,0.4191417807748112,2,1.6290000530716497
106.88227507191522,1.0408881917309747,False,0.0,False,False,False,59262.2631233883,0.5076762600534163,2021-02-16,False,106,51,-0.04853600255850454,faint,63734212.915434174,,rho_Pup,1-4,0.4591402574949117,3,1.6770000001997687
106.88227507191522,1.0408881917309747,False,0.0,False,False,False,59262.2631233883,0.5280532826190819,2021-02-16,False,106,52,-0.046895455247684625,faint,61960741.0640686,,rho_Pup,1-4,0.4811578273713973,4,1.7249999473278876
106.88227507191522,1.0408881917309747,False,0.0,False,False,False,59262.2631233883,0.547385259525141,2021-02-16,False,106,53,-0.049156536249513993,faint,60283290.79584758,,rho_Pup,1-4,0.49822872327562706,5,1.7730000081428443
44.51887173832248,1.0408881917309747,False,0.0,False,True,False,59262.2631233883,0.8741652662254593,2021-02-16,False,106,54,0.18145427387913804,faint,29040359.05268916,,rho_Pup,2-3,1.0556195401045974,0,1.5330000451285741
44.51887173832248,1.0408881917309747,False,0.0,False,True,False,59262.2631233883,0.8812978367052984,2021-02-16,False,106,55,0.227972545935188,faint,28158679.289287653,,rho_Pup,2-3,1.1092703826404864,1,1.580999992256693
44.51887173832248,1.0408881917309747,False,0.0,False,True,False,59262.2631233883,0.8878516077513674,2021-02-16,False,106,56,0.24409967078793304,faint,27328956.59173092,,rho_Pup,2-3,1.1319512785393004,2,1.6290000530716497
44.51887173832248,1.0408881917309747,False,0.0,False,True,False,59262.2631233883,0.8938863238585159,2021-02-16,False,106,57,0.252726339550127,faint,26546733.29339253,,rho_Pup,2-3,1.1466126634086429,3,1.6770000001997687
44.51887173832248,1.0408881917309747,False,0.0,False,True,False,59262.2631233883,0.8994544188403817,2021-02-16,False,106,58,0.23333958058462456,faint,25808042.375470486,,rho_Pup,2-3,1.1327939994250062,4,1.7249999473278876
44.51887173832248,1.0408881917309747,False,0.0,False,True,False,59262.2631233883,0.9046019982254846,2021-02-16,False,106,59,0.18978013573812202,faint,25109346.606802583,,rho_Pup,2-3,1.0943821339636066,5,1.7730000081428443
129.6888927162005,1.0408881917309747,False,0.0,False,False,False,59262.2631233883,0.28464547734918283,2021-02-16,False,106,60,0.02315082677604713,faint,84598101.04266721,,rho_Pup,2-4,0.30779630412522996,0,1.5330000451285741
129.6888927162005,1.0408881917309747,False,0.0,False,False,False,59262.2631233883,0.30957933471074084,2021-02-16,False,106,61,0.02547122915569411,faint,82029660.56380858,,rho_Pup,2-4,0.33505056386643495,1,1.580999992256693
129.6888927162005,1.0408881917309747,False,0.0,False,False,False,59262.2631233883,0.3338434918047149,2021-02-16,False,106,62,0.03075274388369853,faint,79612577.34255967,,rho_Pup,2-4,0.36459623568841343,2,1.6290000530716497
129.6888927162005,1.0408881917309747,False,0.0,False,False,False,59262.2631233883,0.3573739192042638,2021-02-16,False,106,63,0.032346006893279156,faint,77333865.6533999,,rho_Pup,2-4,0.38971992609754297,3,1.6770000001997687
129.6888927162005,1.0408881917309747,False,0.0,False,False,False,59262.2631233883,0.38012830815630827,2021-02-16,False,106,64,0.028417611654975306,faint,75181969.08764848,,rho_Pup,2-4,0.4085459198112836,4,1.7249999473278876
129.6888927162005,1.0408881917309747,False,0.0,False,False,False,59262.2631233883,0.4020815926661745,2021-02-16,False,106,65,0.03165214746535955,faint,73146583.260338,,rho_Pup,2-4,0.43373374013153404,5,1.7730000081428443
103.41910480541897,1.0408881917309747,False,0.0,False,False,False,59262.2631233883,0.46521804455408283,2021-02-16,False,106,66,-0.03494018618479683,faint,67461905.91060622,,rho_Pup,3-4,0.430277858369286,0,1.5330000451285741
103.41910480541897,1.0408881917309747,False,0.0,False,False,False,59262.2631233883,0.4884710091195974,2021-02-16,False,106,67,-0.022858519846378544,faint,65413728.850055374,,rho_Pup,3-4,0.46561248927321885,1,1.580999992256693
103.41910480541897,1.0408881917309747,False,0.0,False,False,False,59262.2631233883,0.5105201339265865,2021-02-16,False,106,68,-0.016473060309007637,faint,63486250.11424121,,rho_Pup,3-4,0.4940470736175788,2,1.6290000530716497
103.41910480541897,1.0408881917309747,False,0.0,False,False,False,59262.2631233883,0.5314110674072023,2021-02-16,False,106,69,-0.014228882447100188,faint,61669114.36678558,,rho_Pup,3-4,0.5171821849601022,3,1.6770000001997687
103.41910480541897,1.0408881917309747,False,0.0,False,False,False,59262.2631233883,0.5511942714213883,2021-02-16,False,106,70,-0.013239102690577154,faint,59953106.06566708,,rho_Pup,3-4,0.5379551687308112,4,1.7249999473278876
103.41910480541897,1.0408881917309747,False,0.0,False,False,False,59262.2631233883,0.5699227150655982,2021-02-16,False,106,71,-0.012535576835716045,faint,58330008.082598306,,rho_Pup,3-4,0.5573871382298822,5,1.7730000081428443
87.49873839314033,1.0463681828681715,False,0.0,False,False,False,58816.03364297094,0.7058477370031736,2019-11-28,False,104,0,0.013593695239021764,bright,57076800.924556874,,zet_Tuc,1-2,0.7194414322421954,0,1.5330000451285741
87.49873839314033,1.0463681828681715,False,0.0,False,False,False,58816.03364297094,0.7211225584883265,2019-11-28,False,104,1,0.005540722345145022,bright,55343920.82333036,,zet_Tuc,1-2,0.7266632808334715,1,1.580999992256693
87.49873839314033,1.0463681828681715,False,0.0,False,False,False,58816.03364297094,0.7353058825140004,2019-11-28,False,104,2,0.018429092547346815,bright,53713158.7123968,,zet_Tuc,1-2,0.7537349750613472,2,1.6290000530716497
87.49873839314033,1.0463681828681715,False,0.0,False,False,False,58816.03364297094,0.7484912930778431,2019-11-28,False,104,3,0.012576300980111865,bright,52175753.35880575,,zet_Tuc,1-2,0.761067594057955,3,1.6770000001997687
87.49873839314033,1.0463681828681715,False,0.0,False,False,False,58816.03364297094,0.7607638282586936,2019-11-28,False,104,4,0.019407184910606556,bright,50723907.86369606,,zet_Tuc,1-2,0.7801710131693002,4,1.7249999473278876
87.49873839314033,1.0463681828681715,False,0.0,False,False,False,58816.03364297094,0.7722005875337161,2019-11-28,False,104,5,0.016441713893362575,bright,49350670.045846306,,zet_Tuc,1-2,0.7886423014270787,5,1.7730000081428443
129.23519317144857,1.0463681828681715,False,0.0,False,False,False,58816.03364297094,0.45447579796702786,2019-11-28,False,104,6,0.0031973542896193696,bright,84302145.70581405,,zet_Tuc,1-3,0.45767315225664723,0,1.5330000451285741
129.23519317144857,1.0463681828681715,False,0.0,False,False,False,58816.03364297094,0.477940311193195,2019-11-28,False,104,7,-0.0031999780208039064,bright,81742690.57837275,,zet_Tuc,1-3,0.4747403331723911,1,1.580999992256693
129.23519317144857,1.0463681828681715,False,0.0,False,False,False,58816.03364297094,0.5002180536001829,2019-11-28,False,104,8,0.006799927072131062,bright,79334063.20506996,,zet_Tuc,1-3,0.507017980672314,2,1.6290000530716497
129.23519317144857,1.0463681828681715,False,0.0,False,False,False,58816.03364297094,0.5213496107774882,2019-11-28,False,104,9,-0.002890223549975479,bright,77063323.28923896,,zet_Tuc,1-3,0.5184593872275127,3,1.6770000001997687
129.23519317144857,1.0463681828681715,False,0.0,False,False,False,58816.03364297094,0.5413813261030881,2019-11-28,False,104,10,-0.005430963674126876,bright,74918954.85077576,,zet_Tuc,1-3,0.5359503624289612,4,1.7249999473278876
129.23519317144857,1.0463681828681715,False,0.0,False,False,False,58816.03364297094,0.5603628369637489,2019-11-28,False,104,11,-0.0007716190991367,bright,72890689.55324931,,zet_Tuc,1-3,0.5595912178646122,5,1.7730000081428443
116.78804628181422,1.0463681828681715,False,0.0,False,False,False,58816.03364297094,0.5295694087296949,2019-11-28,False,104,12,0.004512449052965994,bright,76182676.3495099,,zet_Tuc,1-4,0.5340818577826609,0,1.5330000451285741
116.78804628181422,1.0463681828681715,False,0.0,False,False,False,58816.03364297094,0.5511983551483377,2019-11-28,False,104,13,-0.009717198822245643,bright,73869732.3553512,,zet_Tuc,1-4,0.5414811563260921,1,1.580999992256693
116.78804628181422,1.0463681828681715,False,0.0,False,False,False,58816.03364297094,0.5715731808435511,2019-11-28,False,104,14,-0.003571388718145996,bright,71693089.30444671,,zet_Tuc,1-4,0.5680017921254051,2,1.6290000530716497
116.78804628181422,1.0463681828681715,False,0.0,False,False,False,58816.03364297094,0.5907635439200288,2019-11-28,False,104,15,-0.005047180269442952,bright,69641053.23071086,,zet_Tuc,1-4,0.5857163636505859,3,1.6770000001997687
116.78804628181422,1.0463681828681715,False,0.0,False,False,False,58816.03364297094,0.6088388715603217,2019-11-28,False,104,16,0.00820458046737349,bright,67703217.30312213,,zet_Tuc,1-4,0.6170434520276952,4,1.7249999473278876
116.78804628181422,1.0463681828681715,False,0.0,False,False,False,58816.03364297094,0.6258669931466967,2019-11-28,False,104,17,0.010434168671361377,bright,65870302.16889036,,zet_Tuc,1-4,0.6363011618180581,5,1.7730000081428443
53.478613226635645,1.0463681828681715,False,0.0,False,False,False,58816.03364297094,0.8800270388228446,2019-11-28,False,104,18,0.01512951755177594,bright,34884939.10784611,,zet_Tuc,2-3,0.8951565563746205,0,1.5330000451285741
53.478613226635645,1.0463681828681715,False,0.0,False,False,False,58816.03364297094,0.8868450681608666,2019-11-28,False,104,19,-0.00458104482993027,bright,33825814.98327597,,zet_Tuc,2-3,0.8822640233309363,1,1.580999992256693
53.478613226635645,1.0463681828681715,False,0.0,False,False,False,58816.03364297094,0.8931078556779347,2019-11-28,False,104,20,0.005619304248017598,bright,32829104.655826215,,zet_Tuc,2-3,0.8987271599259523,2,1.6290000530716497
53.478613226635645,1.0463681828681715,False,0.0,False,False,False,58816.03364297094,0.8988729823292365,2019-11-28,False,104,21,-0.010292056789497184,bright,31889453.32156537,,zet_Tuc,2-3,0.8885809255397393,3,1.6770000001997687
53.478613226635645,1.0463681828681715,False,0.0,False,False,False,58816.03364297094,0.9041909396572763,2019-11-28,False,104,22,0.0060558374702402995,bright,31002095.570771888,,zet_Tuc,2-3,0.9102467771275166,4,1.7249999473278876
53.478613226635645,1.0463681828681715,False,0.0,False,False,False,58816.03364297094,0.9091060910689044,2019-11-28,False,104,23,0.005385017411360105,bright,30162782.27920181,,zet_Tuc,2-3,0.9144911084802645,5,1.7730000081428443
101.05054755799107,1.0463681828681715,False,0.0,False,False,False,58816.03364297094,0.6254355035569896,2019-11-28,False,104,24,0.014372558985960016,bright,65916858.82795644,,zet_Tuc,2-4,0.6398080625429496,0,1.5330000451285741
101.05054755799107,1.0463681828681715,False,0.0,False,False,False,58816.03364297094,0.6439250013257153,2019-11-28,False,104,25,-0.000991509293328141,bright,63915590.16629291,,zet_Tuc,2-4,0.6429334920323871,1,1.580999992256693
101.05054755799107,1.0463681828681715,False,0.0,False,False,False,58816.03364297094,0.6611969045687894,2019-11-28,False,104,26,0.009797478658864267,bright,62032255.53458375,,zet_Tuc,2-4,0.6709943832276537,2,1.6290000530716497
101.05054755799107,1.0463681828681715,False,0.0,False,False,False,58816.03364297094,0.6773415743154103,2019-11-28,False,104,27,0.0011189037263366064,bright,60256736.759662285,,zet_Tuc,2-4,0.6784604780417469,3,1.6770000001997687
101.05054755799107,1.0463681828681715,False,0.0,False,False,False,58816.03364297094,0.692443496099682,2019-11-28,False,104,28,-0.006418475005295354,bright,58580029.35856519,,zet_Tuc,2-4,0.6860250210943867,4,1.7249999473278876
101.05054755799107,1.0463681828681715,False,0.0,False,False,False,58816.03364297094,0.7065811410423823,2019-11-28,False,104,29,0.009339112862713939,bright,56994104.39588096,,zet_Tuc,2-4,0.7159202539050963,5,1.7730000081428443
83.08895511031189,1.0463681828681715,False,0.0,False,False,False,58816.03364297094,0.7310901597192154,2019-11-28,False,104,30,-0.009254945616317012,bright,54200230.048488446,,zet_Tuc,3-4,0.7218352141028984,0,1.5330000451285741
83.08895511031189,1.0463681828681715,False,0.0,False,False,False,58816.03364297094,0.7452590086789868,2019-11-28,False,104,31,-0.014678342770944153,bright,52554684.07163753,,zet_Tuc,3-4,0.7305806659080426,1,1.580999992256693
83.08895511031189,1.0463681828681715,False,0.0,False,False,False,58816.03364297094,0.7583925747722984,2019-11-28,False,104,32,-0.011137055351429836,bright,51006109.51708625,,zet_Tuc,3-4,0.7472555194208685,2,1.6290000530716497
83.08895511031189,1.0463681828681715,False,0.0,False,False,False,58816.03364297094,0.7705828293047743,2019-11-28,False,104,33,-0.01665436062171799,bright,49546186.70269178,,zet_Tuc,3-4,0.7539284686830563,3,1.6770000001997687
83.08895511031189,1.0463681828681715,False,0.0,False,False,False,58816.03364297094,0.7819127805478173,2019-11-28,False,104,34,-0.017256388877139206,bright,48167511.67965013,,zet_Tuc,3-4,0.7646563916706781,4,1.7249999473278876
83.08895511031189,1.0463681828681715,False,0.0,False,False,False,58816.03364297094,0.7924572470568858,2019-11-28,False,104,35,-0.01821753939550219,bright,46863482.644506395,,zet_Tuc,3-4,0.7742397076613836,5,1.7730000081428443
88.084034386105,1.0463681828681715,False,0.0,False,False,False,58816.044705705564,0.7024561768353722,2019-11-28,False,104,36,-0.0019694729221905183,bright,57458598.69085478,,zet_Tuc,1-2,0.7004867039131817,0,1.5330000451285741
88.084034386105,1.0463681828681715,False,0.0,False,False,False,58816.044705705564,0.7178762199770254,2019-11-28,False,104,37,-0.0057481454272449994,bright,55714127.01930208,,zet_Tuc,1-2,0.7121280745497804,1,1.580999992256693
88.084034386105,1.0463681828681715,False,0.0,False,False,False,58816.044705705564,0.732197801618913,2019-11-28,False,104,38,0.0015030863632732316,bright,54072456.42504023,,zet_Tuc,1-2,0.7337008879821862,2,1.6290000530716497
88.084034386105,1.0463681828681715,False,0.0,False,False,False,58816.044705705564,0.745514627534694,2019-11-28,False,104,39,-0.004287667222924507,bright,52524767.069536194,,zet_Tuc,1-2,0.7412269603117695,3,1.6770000001997687
88.084034386105,1.0463681828681715,False,0.0,False,False,False,58816.044705705564,0.7579119293045545,2019-11-28,False,104,40,0.005202053144196972,bright,51063209.898963556,,zet_Tuc,1-2,0.7631139824487515,4,1.7249999473278876
88.084034386105,1.0463681828681715,False,0.0,False,False,False,58816.044705705564,0.7694670466723789,2019-11-28,False,104,41,0.0004908779836780841,bright,49680786.22761539,,zet_Tuc,1-2,0.769957924656057,5,1.7730000081428443
129.18242671829836,1.0463681828681715,False,0.0,False,False,False,58816.044705705564,0.454789689445797,2019-11-28,False,104,42,0.00436241093816131,bright,84267725.31990612,,zet_Tuc,1-3,0.4591521003839583,0,1.5330000451285741
129.18242671829836,1.0463681828681715,False,0.0,False,False,False,58816.044705705564,0.4782478242864338,2019-11-28,False,104,43,-0.0034652565252109024,bright,81709315.21252288,,zet_Tuc,1-3,0.4747825677612229,1,1.580999992256693
129.18242671829836,1.0463681828681715,False,0.0,False,False,False,58816.044705705564,0.5005187174122986,2019-11-28,False,104,44,0.0074724936377180695,bright,79301671.27662851,,zet_Tuc,1-3,0.5079912110500167,2,1.6290000530716497
129.18242671829836,1.0463681828681715,False,0.0,False,False,False,58816.044705705564,0.5216430991810777,2019-11-28,False,104,45,-0.0032604382503640394,bright,77031858.49905176,,zet_Tuc,1-3,0.5183826609307136,3,1.6770000001997687
129.18242671829836,1.0463681828681715,False,0.0,False,False,False,58816.044705705564,0.5416674303856052,2019-11-28,False,104,46,-0.004359354086419298,bright,74888365.6016387,,zet_Tuc,1-3,0.5373080762991859,4,1.7249999473278876
129.18242671829836,1.0463681828681715,False,0.0,False,False,False,58816.044705705564,0.5606414431044031,2019-11-28,False,104,47,0.0006964402381507417,bright,72860928.44049811,,zet_Tuc,1-3,0.5613378833425539,5,1.7730000081428443
115.17673642530653,1.0463681828681715,False,0.0,False,False,False,58816.044705705564,0.5393927070868856,2019-11-28,False,104,48,-0.006921821663849137,bright,75131593.6299575,,zet_Tuc,1-4,0.5324708854230364,0,1.5330000451285741
115.17673642530653,1.0463681828681715,False,0.0,False,False,False,58816.044705705564,0.560738496778963,2019-11-28,False,104,49,-0.013340718875973878,bright,72850561.03062035,,zet_Tuc,1-4,0.5473977779029892,1,1.580999992256693
115.17673642530653,1.0463681828681715,False,0.0,False,False,False,58816.044705705564,0.5808278255632737,2019-11-28,False,104,50,-0.01044613192722088,bright,70703948.8477172,,zet_Tuc,1-4,0.5703816936360528,2,1.6290000530716497
115.17673642530653,1.0463681828681715,False,0.0,False,False,False,58816.044705705564,0.5997333214752731,2019-11-28,False,104,51,-0.020061645657622584,bright,68680224.45532878,,zet_Tuc,1-4,0.5796716758176506,3,1.6770000001997687
115.17673642530653,1.0463681828681715,False,0.0,False,False,False,58816.044705705564,0.6175266915470433,2019-11-28,False,104,52,-0.0011965676370478961,bright,66769124.60416079,,zet_Tuc,1-4,0.6163301239099954,4,1.7249999473278876
115.17673642530653,1.0463681828681715,False,0.0,False,False,False,58816.044705705564,0.6342774928964497,2019-11-28,False,104,53,0.0004152506152099722,bright,64961497.96747612,,zet_Tuc,1-4,0.6346927435116597,5,1.7730000081428443
52.830862362277756,1.0463681828681715,False,0.0,False,False,False,58816.044705705564,0.8827670048854198,2019-11-28,False,104,54,0.005749565882359087,bright,34462401.04829663,,zet_Tuc,2-3,0.8885165707677789,0,1.5330000451285741
52.830862362277756,1.0463681828681715,False,0.0,False,False,False,58816.044705705564,0.8894376599636543,2019-11-28,False,104,55,-0.01536811618247369,bright,33416105.389645107,,zet_Tuc,2-3,0.8740695437811806,1,1.580999992256693
52.830862362277756,1.0463681828681715,False,0.0,False,False,False,58816.044705705564,0.8955641507738595,2019-11-28,False,104,56,0.00012744430703370835,bright,32431467.5513114,,zet_Tuc,2-3,0.8956915950808932,2,1.6290000530716497
52.830862362277756,1.0463681828681715,False,0.0,False,False,False,58816.044705705564,0.9012030351523612,2019-11-28,False,104,57,-0.015335894927492433,bright,31503197.588541683,,zet_Tuc,2-3,0.8858671402248688,3,1.6770000001997687
52.830862362277756,1.0463681828681715,False,0.0,False,False,False,58816.044705705564,0.9064038871814192,2019-11-28,False,104,58,0.015740661116452115,bright,30626587.811852075,,zet_Tuc,2-3,0.9221445482978713,4,1.7249999473278876
52.830862362277756,1.0463681828681715,False,0.0,False,False,False,58816.044705705564,0.9112102481440487,2019-11-28,False,104,59,0.0035150702673646395,bright,29797440.563813783,,zet_Tuc,2-3,0.9147253184114134,5,1.7730000081428443
100.55160469691619,1.0463681828681715,False,0.0,False,False,False,58816.044705705564,0.6284507081530084,2019-11-28,False,104,60,0.011290335169196641,bright,65591390.565473095,,zet_Tuc,2-4,0.639741043322205,0,1.5330000451285741
100.55160469691619,1.0463681828681715,False,0.0,False,False,False,58816.044705705564,0.6468286506069058,2019-11-28,False,104,61,-0.0010535635197661541,bright,63600003.28234695,,zet_Tuc,2-4,0.6457750870871396,1,1.580999992256693
100.55160469691619,1.0463681828681715,False,0.0,False,False,False,58816.044705705564,0.6639922157972594,2019-11-28,False,104,62,0.012247457889880797,bright,61725967.72315362,,zet_Tuc,2-4,0.6762396736871402,2,1.6290000530716497
100.55160469691619,1.0463681828681715,False,0.0,False,False,False,58816.044705705564,0.6800321171922674,2019-11-28,False,104,63,0.009837353090174306,bright,59959215.673785456,,zet_Tuc,2-4,0.6898694702824417,3,1.6770000001997687
100.55160469691619,1.0463681828681715,False,0.0,False,False,False,58816.044705705564,0.695033057020211,2019-11-28,False,104,64,-0.0027815251549919706,bright,58290787.11142903,,zet_Tuc,2-4,0.692251531865219,4,1.7249999473278876
100.55160469691619,1.0463681828681715,False,0.0,False,False,False,58816.044705705564,0.7090736207135672,2019-11-28,False,104,65,0.020671485212227725,bright,56712692.74400088,,zet_Tuc,2-4,0.7297451059257949,5,1.7730000081428443
83.73135825130092,1.0463681828681715,False,0.0,False,False,False,58816.044705705564,0.7274490151657155,2019-11-28,False,104,66,0.008609462297241799,bright,54619279.704116575,,zet_Tuc,3-4,0.7360584774629573,0,1.5330000451285741
83.73135825130092,1.0463681828681715,False,0.0,False,False,False,58816.044705705564,0.7417800954884186,2019-11-28,False,104,67,-0.004853506499847393,bright,52961011.17102738,,zet_Tuc,3-4,0.7369265889885712,1,1.580999992256693
83.73135825130092,1.0463681828681715,False,0.0,False,False,False,58816.044705705564,0.7550673113148609,2019-11-28,False,104,68,-0.004554854568066924,bright,51400463.795821674,,zet_Tuc,3-4,0.750512456746794,2,1.6290000530716497
83.73135825130092,1.0463681828681715,False,0.0,False,False,False,58816.044705705564,0.7674029432515975,2019-11-28,False,104,69,-0.0015764944616085685,bright,49929253.57264557,,zet_Tuc,3-4,0.765826448789989,3,1.6770000001997687
83.73135825130092,1.0463681828681715,False,0.0,False,False,False,58816.044705705564,0.7788703562602596,2019-11-28,False,104,70,0.0031516267568769685,bright,48539919.30898609,,zet_Tuc,3-4,0.7820219830171365,4,1.7249999473278876
83.73135825130092,1.0463681828681715,False,0.0,False,False,False,58816.044705705564,0.7895447512222339,2019-11-28,False,104,71,0.010564038633425366,bright,47225808.159474626,,zet_Tuc,3-4,0.8001087898556593,5,1.7730000081428443
88.11085957721865,0.9783709187302598,False,0.0,False,False,False,58814.05071088539,0.794328088574284,2019-11-26,False,104,0,0.013503835240514794,faint,57476097.18421679,,zet_Tuc,1-2,0.8078319238147988,0,1.5330000451285741
88.11085957721865,0.9783709187302598,False,0.0,False,False,False,58814.05071088539,0.8055407609553897,2019-11-26,False,104,1,0.003451303184221377,faint,55731094.24969109,,zet_Tuc,1-2,0.8089920641396111,1,1.580999992256693
88.11085957721865,0.9783709187302598,False,0.0,False,False,False,58814.05071088539,0.8158918686274893,2019-11-26,False,104,2,0.016247743517506574,faint,54088923.69958885,,zet_Tuc,1-2,0.8321396121449959,2,1.6290000530716497
88.11085957721865,0.9783709187302598,False,0.0,False,False,False,58814.05071088539,0.8254639260897164,2019-11-26,False,104,3,0.012959367284376522,faint,52540763.00937546,,zet_Tuc,1-2,0.8384232933740929,3,1.6770000001997687
88.11085957721865,0.9783709187302598,False,0.0,False,False,False,58814.05071088539,0.8343303617154345,2019-11-26,False,104,4,0.019631617838943627,faint,51078760.73486659,,zet_Tuc,1-2,0.8539619795543781,4,1.7249999473278876
88.11085957721865,0.9783709187302598,False,0.0,False,False,False,58814.05071088539,0.8425565440137744,2019-11-26,False,104,5,0.011004130555553382,faint,49695916.05896928,,zet_Tuc,1-2,0.8535606745693278,5,1.7730000081428443
129.17713768455442,0.9783709187302598,False,0.0,False,False,False,58814.05071088539,0.6026929797270784,2019-11-26,False,104,6,0.023367311908462973,faint,84264275.20014863,,zet_Tuc,1-3,0.6260602916355413,0,1.5330000451285741
129.17713768455442,0.9783709187302598,False,0.0,False,False,False,58814.05071088539,0.6219999099284176,2019-11-26,False,104,7,0.0169367831833781,faint,81705969.84011944,,zet_Tuc,1-3,0.6389366931117957,1,1.580999992256693
129.17713768455442,0.9783709187302598,False,0.0,False,False,False,58814.05071088539,0.6400689233567883,2019-11-26,False,104,8,0.02741750706859969,faint,79298424.47885588,,zet_Tuc,1-3,0.667486430425388,2,1.6290000530716497
129.17713768455442,0.9783709187302598,False,0.0,False,False,False,58814.05071088539,0.6569871373934252,2019-11-26,False,104,9,0.02309468636105283,faint,77028704.63277668,,zet_Tuc,1-3,0.680081823754478,3,1.6770000001997687
129.17713768455442,0.9783709187302598,False,0.0,False,False,False,58814.05071088539,0.6728369034030391,2019-11-26,False,104,10,0.019338369370742292,faint,74885299.49502686,,zet_Tuc,1-3,0.6921752727737814,4,1.7249999473278876
129.17713768455442,0.9783709187302598,False,0.0,False,False,False,58814.05071088539,0.6876954043752639,2019-11-26,False,104,11,0.019090621767855587,faint,72857945.34195349,,zet_Tuc,1-3,0.7067860261431195,5,1.7730000081428443
115.09434841689965,0.9783709187302598,False,0.0,False,True,False,58814.05071088539,0.6714186638249281,2019-11-26,False,104,12,0.050388483016251207,faint,75077850.63844964,,zet_Tuc,1-4,0.7218071468411793,0,1.5330000451285741
115.09434841689965,0.9783709187302598,False,0.0,False,False,False,58814.05071088539,0.6881293042227735,2019-11-26,False,104,13,0.038791055793084284,faint,72798449.70309955,,zet_Tuc,1-4,0.7269203600158578,1,1.580999992256693
115.09434841689965,0.9783709187302598,False,0.0,False,False,False,58814.05071088539,0.7036843710484564,2019-11-26,False,104,14,0.041879040680777524,faint,70653373.03082173,,zet_Tuc,1-4,0.7455634117292339,2,1.6290000530716497
115.09434841689965,0.9783709187302598,False,0.0,False,False,False,58814.05071088539,0.7181776343337869,2019-11-26,False,104,15,0.035929426514292206,faint,68631096.24519338,,zet_Tuc,1-4,0.7541070608480791,3,1.6770000001997687
115.09434841689965,0.9783709187302598,False,0.0,False,True,False,58814.05071088539,0.7316952161207583,2019-11-26,False,104,16,0.058418000852241136,faint,66721363.43840858,,zet_Tuc,1-4,0.7901132169729994,4,1.7249999473278876
115.09434841689965,0.9783709187302598,False,0.0,False,True,False,58814.05071088539,0.7443159165600203,2019-11-26,False,104,17,0.06031841798926174,faint,64915029.8298402,,zet_Tuc,1-4,0.804634334549282,5,1.7730000081428443
52.79765075779974,0.9783709187302598,False,0.0,False,False,False,58814.05071088539,0.921562445127384,2019-11-26,False,104,18,0.03212241936012372,faint,34440736.59722009,,zet_Tuc,2-3,0.9536848644875077,0,1.5330000451285741
52.79765075779974,0.9783709187302598,False,0.0,False,False,False,58814.05071088539,0.9261032326192752,2019-11-26,False,104,19,0.010645183724939278,faint,33395098.682092495,,zet_Tuc,2-3,0.9367484163442145,1,1.580999992256693
52.79765075779974,0.9783709187302598,False,0.0,False,False,False,58814.05071088539,0.9302649241708869,2019-11-26,False,104,20,0.020441283193206816,faint,32411079.82669752,,zet_Tuc,2-3,0.9507062073640937,2,1.6290000530716497
52.79765075779974,0.9783709187302598,False,0.0,False,False,False,58814.05071088539,0.9340881121757112,2019-11-26,False,104,21,0.01801062509465523,faint,31483393.411753334,,zet_Tuc,2-3,0.9520987372703664,3,1.6770000001997687
52.79765075779974,0.9783709187302598,False,0.0,False,False,False,58814.05071088539,0.9376081823185474,2019-11-26,False,104,22,0.03791678380477115,faint,30607334.707218964,,zet_Tuc,2-3,0.9755249661233185,4,1.7249999473278876
52.79765075779974,0.9783709187302598,False,0.0,False,False,False,58814.05071088539,0.9408560612158493,2019-11-26,False,104,23,0.03571519838131032,faint,29778708.694481865,,zet_Tuc,2-3,0.9765712595971596,5,1.7730000081428443
100.52458076064255,0.9783709187302598,False,0.0,False,False,False,58814.05071088539,0.739732816717366,2019-11-26,False,104,24,-0.04553737901206667,faint,65573762.42752261,,zet_Tuc,2-4,0.6941954377052993,0,1.5330000451285741
100.52458076064255,0.9783709187302598,False,0.0,False,True,False,58814.05071088539,0.753513014578545,2019-11-26,False,104,25,-0.05340412016482354,faint,63582910.34344373,,zet_Tuc,2-4,0.7001088944137215,1,1.580999992256693
100.52458076064255,0.9783709187302598,False,0.0,False,False,False,58814.05071088539,0.7662789298322917,2019-11-26,False,104,26,-0.04381171232831871,faint,61709378.44421364,,zet_Tuc,2-4,0.722467217503973,2,1.6290000530716497
100.52458076064255,0.9783709187302598,False,0.0,False,False,False,58814.05071088539,0.7781216964846861,2019-11-26,False,104,27,-0.049180636336626615,faint,59943101.221626595,,zet_Tuc,2-4,0.7289410601480595,3,1.6770000001997687
100.52458076064255,0.9783709187302598,False,0.0,False,True,False,58814.05071088539,0.7891233904057188,2019-11-26,False,104,28,-0.057929017150103235,faint,58275121.06093697,,zet_Tuc,2-4,0.7311943732556155,4,1.7249999473278876
100.52458076064255,0.9783709187302598,False,0.0,False,False,False,58814.05071088539,0.7993578512528263,2019-11-26,False,104,29,-0.042028638084834036,faint,56697450.8172386,,zet_Tuc,2-4,0.7573292131679923,5,1.7730000081428443
83.76087655988042,0.9783709187302598,False,0.0,False,False,False,58814.05071088539,0.8124497509388049,2019-11-26,False,104,30,0.015097462278956586,faint,54638534.960287824,,zet_Tuc,3-4,0.8275472132177615,0,1.5330000451285741
83.76087655988042,0.9783709187302598,False,0.0,False,False,False,58814.05071088539,0.8227689794980791,2019-11-26,False,104,31,0.012006059420262116,faint,52979681.828031845,,zet_Tuc,3-4,0.8347750389183413,1,1.580999992256693
83.76087655988042,0.9783709187302598,False,0.0,False,False,False,58814.05071088539,0.8322847894885307,2019-11-26,False,104,32,0.021920912636129608,faint,51418584.30387435,,zet_Tuc,3-4,0.8542057021246603,2,1.6290000530716497
83.76087655988042,0.9783709187302598,False,0.0,False,False,False,58814.05071088539,0.8410755746587695,2019-11-26,False,104,33,0.025046949014900566,faint,49946855.42629851,,zet_Tuc,3-4,0.86612252367367,3,1.6770000001997687
83.76087655988042,0.9783709187302598,False,0.0,False,False,False,58814.05071088539,0.8492108550057254,2019-11-26,False,104,34,0.023110289063553724,faint,48557031.372453235,,zet_Tuc,3-4,0.8723211440692791,4,1.7249999473278876
83.76087655988042,0.9783709187302598,False,0.0,False,False,False,58814.05071088539,0.8567523298736652,2019-11-26,False,104,35,0.019999914751062997,faint,47242456.95160318,,zet_Tuc,3-4,0.8767522446247282,5,1.7730000081428443
88.62551259194996,0.9783709187302598,False,0.0,False,False,False,58814.06200977623,0.7921465770667889,2019-11-26,False,104,36,0.004816620505557201,faint,57811813.42660486,,zet_Tuc,1-2,0.7969631975723461,0,1.5330000451285741
88.62551259194996,0.9783709187302598,False,0.0,False,False,False,58814.06200977623,0.8034654535818312,2019-11-26,False,104,37,-0.010788538692869998,faint,56056617.97976822,,zet_Tuc,1-2,0.7926769148889612,1,1.580999992256693
88.62551259194996,0.9783709187302598,False,0.0,False,False,False,58814.06200977623,0.8139160120113215,2019-11-26,False,104,38,0.0048224156967607845,faint,54404855.55837601,,zet_Tuc,1-2,0.8187384277080823,2,1.6290000530716497
88.62551259194996,0.9783709187302598,False,0.0,False,False,False,58814.06200977623,0.8235812208280757,2019-11-26,False,104,39,0.005254531532050466,faint,52847652.10577975,,zet_Tuc,1-2,0.8288357523601262,3,1.6770000001997687
88.62551259194996,0.9783709187302598,False,0.0,False,False,False,58814.06200977623,0.8325349443234975,2019-11-26,False,104,40,0.009884732732900026,faint,51377110.31773385,,zet_Tuc,1-2,0.8424196770563975,4,1.7249999473278876
88.62551259194996,0.9783709187302598,False,0.0,False,False,False,58814.06200977623,0.8408429642242334,2019-11-26,False,104,41,0.0037140608074918147,faint,49986188.48557259,,zet_Tuc,1-2,0.8445570250317253,5,1.7730000081428443
129.00659322730166,0.9783709187302598,False,0.0,False,False,False,58814.06200977623,0.6035343599286302,2019-11-26,False,104,42,0.005479772237584335,faint,84153026.37286077,,zet_Tuc,1-3,0.6090141321662146,0,1.5330000451285741
129.00659322730166,0.9783709187302598,False,0.0,False,False,False,58814.06200977623,0.6228118148786446,2019-11-26,False,104,43,-0.0035207802942469613,faint,81598098.58263174,,zet_Tuc,1-3,0.6192910345843976,1,1.580999992256693
129.00659322730166,0.9783709187302598,False,0.0,False,False,False,58814.06200977623,0.6408519795969781,2019-11-26,False,104,44,0.0026147932907029103,faint,79193731.75221588,,zet_Tuc,1-3,0.6434667728876811,2,1.6290000530716497
129.00659322730166,0.9783709187302598,False,0.0,False,False,False,58814.06200977623,0.6577421099029513,2019-11-26,False,104,45,-0.0017105553139773466,faint,76927008.47461781,,zet_Tuc,1-3,0.656031554588974,3,1.6770000001997687
129.00659322730166,0.9783709187302598,False,0.0,False,False,False,58814.06200977623,0.6735646518936358,2019-11-26,False,104,46,0.0007876197271656782,faint,74786433.13997744,,zet_Tuc,1-3,0.6743522716208015,4,1.7249999473278876
129.00659322730166,0.9783709187302598,False,0.0,False,False,False,58814.06200977623,0.6883968496882965,2019-11-26,False,104,47,-0.0003952675985489096,faint,72761755.57519121,,zet_Tuc,1-3,0.6880015820897476,5,1.7730000081428443
113.30952860947994,0.9783709187302598,False,0.0,False,False,False,58814.06200977623,0.6799759148535365,2019-11-26,False,104,48,0.029496476480028955,faint,73913584.65353246,,zet_Tuc,1-4,0.7094723913335654,0,1.5330000451285741
113.30952860947994,0.9783709187302598,False,0.0,False,False,False,58814.06200977623,0.6963377389066755,2019-11-26,False,104,49,0.02351045176309363,faint,71669531.41330747,,zet_Tuc,1-4,0.7198481906697691,1,1.580999992256693
113.30952860947994,0.9783709187302598,False,0.0,False,False,False,58814.06200977623,0.7115585329657845,2019-11-26,False,104,50,0.033567468690973046,faint,69557719.40941499,,zet_Tuc,1-4,0.7451260016567576,2,1.6290000530716497
113.30952860947994,0.9783709187302598,False,0.0,False,False,False,58814.06200977623,0.7257322388367421,2019-11-26,False,104,51,0.02913032187460629,faint,67566802.9791188,,zet_Tuc,1-4,0.7548625607113484,3,1.6770000001997687
113.30952860947994,0.9783709187302598,False,0.0,False,True,False,58814.06200977623,0.7389448922059324,2019-11-26,False,104,52,0.05339876519222775,faint,65686685.25758632,,zet_Tuc,1-4,0.7923436573981602,4,1.7249999473278876
113.30952860947994,0.9783709187302598,False,0.0,False,True,False,58814.06200977623,0.7512750242888265,2019-11-26,False,104,53,0.05976032412780741,faint,63908363.27641516,,zet_Tuc,1-4,0.8110353484166339,5,1.7730000081428443
52.076157663934794,0.9783709187302598,False,0.0,False,False,False,58814.06200977623,0.9236212597442988,2019-11-26,False,104,54,-0.0019261010158544423,faint,33970095.32349174,,zet_Tuc,2-3,0.9216951587284443,0,1.5330000451285741
52.076157663934794,0.9783709187302598,False,0.0,False,False,False,58814.06200977623,0.9280468055811751,2019-11-26,False,104,55,-0.031102269300297358,faint,32938746.31182139,,zet_Tuc,2-3,0.8969445362808778,1,1.580999992256693
52.076157663934794,0.9783709187302598,False,0.0,False,False,False,58814.06200977623,0.9321024391462597,2019-11-26,False,104,56,-0.021648669456225234,faint,31968174.320031334,,zet_Tuc,2-3,0.9104537696900344,2,1.6290000530716497
52.076157663934794,0.9783709187302598,False,0.0,False,False,False,58814.06200977623,0.9358278287924253,2019-11-26,False,104,57,-0.013359183672080888,faint,31053164.971813563,,zet_Tuc,2-3,0.9224686451203444,3,1.6770000001997687
52.076157663934794,0.9783709187302598,False,0.0,False,False,False,58814.06200977623,0.9392575451772972,2019-11-26,False,104,58,0.00685278391047317,faint,30189077.828439012,,zet_Tuc,2-3,0.9461103290877704,4,1.7249999473278876
52.076157663934794,0.9783709187302598,False,0.0,False,False,False,58814.06200977623,0.942421795093359,2019-11-26,False,104,59,0.0004481380841948601,faint,29371775.197272982,,zet_Tuc,2-3,0.9428699331775539,5,1.7730000081428443
99.90734071984015,0.9783709187302598,False,0.0,False,False,False,58814.06200977623,0.7425368371170221,2019-11-26,False,104,60,-0.04953998133295556,faint,65171127.0572473,,zet_Tuc,2-4,0.6929968557840666,0,1.5330000451285741
99.90734071984015,0.9783709187302598,False,0.0,False,True,False,58814.06200977623,0.7561898681700667,2019-11-26,False,104,61,-0.059629444931014075,faint,63192499.18352882,,zet_Tuc,2-4,0.6965604232390527,1,1.580999992256693
99.90734071984015,0.9783709187302598,False,0.0,False,False,False,58814.06200977623,0.7688356196679568,2019-11-26,False,104,62,-0.04714640372225276,faint,61330471.12641551,,zet_Tuc,2-4,0.721689215945704,2,1.6290000530716497
99.90734071984015,0.9783709187302598,False,0.0,False,True,False,58814.06200977623,0.780564922830147,2019-11-26,False,104,63,-0.051102717181952584,faint,59575039.18183597,,zet_Tuc,2-4,0.7294622056481944,3,1.6770000001997687
99.90734071984015,0.9783709187302598,False,0.0,False,True,False,58814.06200977623,0.7914595251572533,2019-11-26,False,104,64,-0.060767901900535715,faint,57917300.736502446,,zet_Tuc,2-4,0.7306916232567175,4,1.7249999473278876
99.90734071984015,0.9783709187302598,False,0.0,False,False,False,58814.06200977623,0.8015929271989828,2019-11-26,False,104,65,-0.04753130580553888,faint,56349317.68809725,,zet_Tuc,2-4,0.7540616213934439,5,1.7730000081428443
84.32970056602755,0.9783709187302598,False,0.0,False,False,False,58814.06200977623,0.810113171452705,2019-11-26,False,104,66,-0.016931740065035616,faint,55009587.790948,,zet_Tuc,3-4,0.7931814313876694,0,1.5330000451285741
84.32970056602755,0.9783709187302598,False,0.0,False,False,False,58814.06200977623,0.8205487138140067,2019-11-26,False,104,67,-0.018642075937386426,faint,53339469.30996296,,zet_Tuc,3-4,0.8019066378766203,1,1.580999992256693
84.32970056602755,0.9783709187302598,False,0.0,False,False,False,58814.06200977623,0.8301731363628747,2019-11-26,False,104,68,-0.004465059321633658,faint,51767770.29995493,,zet_Tuc,3-4,0.825708077041241,2,1.6290000530716497
84.32970056602755,0.9783709187302598,False,0.0,False,False,False,58814.06200977623,0.8390653991460314,2019-11-26,False,104,69,0.009570913637996337,faint,50286046.84316158,,zet_Tuc,3-4,0.8486363127840277,3,1.6770000001997687
84.32970056602755,0.9783709187302598,False,0.0,False,False,False,58814.06200977623,0.8472955548061369,2019-11-26,False,104,70,0.008724824298498302,faint,48886784.42956392,,zet_Tuc,3-4,0.8560203791046352,4,1.7249999473278876
84.32970056602755,0.9783709187302598,False,0.0,False,False,False,58814.06200977623,0.8549257994077419,2019-11-26,False,104,71,0.02240747225252926,faint,47563282.672716945,,zet_Tuc,3-4,0.8773332716602712,5,1.7730000081428443
