level_0,level_1,logg,teff,feh,u_lambda_0,u_lambda_1,u_lambda_2,u_lambda_3,u_lambda_4,u_lambda_5,s_lambda_0,s_lambda_1,s_lambda_2,s_lambda_3,s_lambda_4,s_lambda_5,Dist,Hpmag_dr,BTmag_dr,VTmag_dr,BPmag_dr,RPmag_dr,BC_Hp,BC_BT,BC_VT,BC_BP,BC_RP,f_bol_Hp,f_bol_BT,f_bol_VT,f_bol_BP,f_bol_RP,f_bol_final,L_star_final
HD222368,0,4.603004492625193,6182.543002431038,-0.14660815161127522,0.2557973748037681,0.2557973748037681,0.2557973748037681,0.2557973748037681,0.2557973748037681,0.2557973748037681,1.0,1.0,1.0,1.0,1.0,1.0,13.668589996997472,4.238151157448013,4.733269907427652,4.182321701003364,4.2609426913479425,3.5521482174540107,-0.139,-0.653,-0.087,-0.18,0.499,5.826402880543655e-07,5.928611767116569e-07,5.84698923482052e-07,5.924939199968644e-07,6.08978117935934e-07,5.887728212487405e-07,3.4382243568343753
HD222368,1,4.338323889848423,6161.213586970012,-0.03954812221979164,0.2509154285016374,0.2509154285016374,0.2509154285016374,0.2509154285016374,0.2509154285016374,0.2509154285016374,1.0,1.0,1.0,1.0,1.0,1.0,13.631404948115632,4.23688742578316,4.716142027803776,4.15318513586956,4.2609585521623385,3.5591463952376574,-0.131,-0.657,-0.077,-0.175,0.51,5.790365848720163e-07,6.045109381944635e-07,5.950958481366377e-07,5.897630421849046e-07,5.989663392201283e-07,5.943211968654846e-07,3.4517670954402346
HD222368,2,4.3542551028574366,6160.774409130874,-0.08897997477182093,0.26633563195359133,0.26633563195359133,0.26633563195359133,0.26633563195359133,0.26633563195359133,0.26633563195359133,1.0,1.0,1.0,1.0,1.0,1.0,13.595719608754493,4.237033550085974,4.708139511600926,4.183385387195106,4.260599018174802,3.5588187718090616,-0.135,-0.655,-0.08199999999999999,-0.17800000000000002,0.506,5.810955566331968e-07,6.078622454047372e-07,5.814425626750314e-07,5.915907398328451e-07,6.013585165592243e-07,5.97155569896121e-07,3.450093870086215
HD222368,3,4.35945284374735,6149.938109419841,-0.2062209127053847,0.22890469131395172,0.22890469131395172,0.22890469131395172,0.22890469131395172,0.22890469131395172,0.22890469131395172,1.0,1.0,1.0,1.0,1.0,1.0,13.595530827732551,4.238197053669599,4.724075520086104,4.178071698578777,4.259452943313093,3.560480753526981,-0.14300000000000002,-0.653,-0.092,-0.185,0.498,5.847660533661332e-07,5.979030469325436e-07,5.897015851775779e-07,5.960460267540105e-07,6.048792314233122e-07,5.926482495059795e-07,3.4239575309468204
HD222368,4,4.292832137963621,6212.937197609078,-0.05533049479370143,0.26065865511419983,0.26065865511419983,0.26065865511419983,0.26065865511419983,0.26065865511419983,0.26065865511419983,1.0,1.0,1.0,1.0,1.0,1.0,13.656285822805556,4.2377581010842444,4.719190517996101,4.188977760842948,4.261121966325547,3.5520816692295485,-0.126,-0.633,-0.073,-0.168,0.501,5.759141302242434e-07,5.896370536969355e-07,5.73680212418349e-07,5.858847421876283e-07,6.078946300025632e-07,5.841478843078587e-07,3.4050777214520003
HD222368,5,4.360522810318682,6111.22505952373,-0.018807573361970246,0.23567146487761811,0.23567146487761811,0.23567146487761811,0.23567146487761811,0.23567146487761811,0.23567146487761811,1.0,1.0,1.0,1.0,1.0,1.0,13.656950595349967,4.237578015080692,4.705310746952827,4.158627688000398,4.259537487920346,3.556521542553585,-0.136,-0.6809999999999999,-0.081,-0.182,0.519,5.813394141238354e-07,6.24218557674366e-07,5.943057052431212e-07,5.943550806335286e-07,5.954596771499947e-07,6.070669002541537e-07,3.5390203184326747
HD222368,6,4.225888864111263,6100.533128293735,-0.050941731525735195,0.23997788551963273,0.23997788551963273,0.23997788551963273,0.23997788551963273,0.23997788551963273,0.23997788551963273,1.0,1.0,1.0,1.0,1.0,1.0,13.690240808457316,4.236426411342304,4.708924910465548,4.183129505303077,4.259815866437574,3.5507671308462823,-0.138,-0.6779999999999999,-0.083,-0.184,0.518,5.830293395053745e-07,6.204274587072057e-07,5.821155122125155e-07,5.95298280439041e-07,5.991756039421859e-07,6.054682110264732e-07,3.5469294178729585
HD222368,7,4.436609155896718,6196.043673938617,0.012649233783431565,0.25977809778253924,0.25977809778253924,0.25977809778253924,0.25977809778253924,0.25977809778253924,0.25977809778253924,1.0,1.0,1.0,1.0,1.0,1.0,13.642496460485262,4.23716650082999,4.718577884749984,4.184236184897304,4.262207690355326,3.560410763318096,-0.125,-0.649,-0.071,-0.16899999999999998,0.51,5.756975408234088e-07,5.987283473915533e-07,5.751306340287903e-07,5.858384856308414e-07,5.982692333002201e-07,5.895160247642955e-07,3.429433136784038
HD222368,8,4.277662950117094,6164.7732942861585,-0.28419008021786113,0.20714272667131006,0.20714272667131006,0.20714272667131006,0.20714272667131006,0.20714272667131006,0.20714272667131006,1.0,1.0,1.0,1.0,1.0,1.0,13.632776554853665,4.2374068988039415,4.721724816320268,4.178263321602997,4.261816442547761,3.5585444628295275,-0.146,-0.6409999999999999,-0.096,-0.18600000000000003,0.489,5.868109579115486e-07,5.926128278694631e-07,5.917736808521791e-07,5.952979645636821e-07,6.110027845923709e-07,5.902920798862973e-07,3.429056292393782
HD222368,9,4.456421580316922,6199.03678880067,-0.08341316715824154,0.2615814071852544,0.2615814071852544,0.2615814071852544,0.2615814071852544,0.2615814071852544,0.2615814071852544,1.0,1.0,1.0,1.0,1.0,1.0,13.606252728927156,4.237577232735176,4.712406114375685,4.169928898034012,4.26200632022043,3.5553573855223664,-0.131,-0.644,-0.079,-0.17300000000000001,0.501,5.786688191082456e-07,5.993748680246307e-07,5.870693612349504e-07,5.881098408932314e-07,6.060633477386799e-07,5.910924484580767e-07,3.4203575152241608
HD222368,10,3.7517769751948045,6144.695776976533,-0.01390242586296251,0.21955642025736144,0.21955642025736144,0.21955642025736144,0.21955642025736144,0.21955642025736144,0.21955642025736144,1.0,1.0,1.0,1.0,1.0,1.0,13.646174228174644,4.237456195059018,4.693870109416275,4.17185889889329,4.262098040027939,3.5580926712801086,-0.12300000000000001,-0.645,-0.069,-0.17,0.516,5.74484739434889e-07,6.102572264370235e-07,5.806539905544404e-07,5.864375337005802e-07,5.962438412363975e-07,5.959482316361697e-07,3.468721118981841
HD222368,11,4.1649978852151746,6182.4515950083605,-0.046846765224836905,0.2406784428520204,0.2406784428520204,0.2406784428520204,0.2406784428520204,0.2406784428520204,0.2406784428520204,1.0,1.0,1.0,1.0,1.0,1.0,13.618871228984496,4.236989697530975,4.711580532502681,4.186043847370418,4.263750972004547,3.553604448035811,-0.127,-0.6409999999999999,-0.07400000000000001,-0.17,0.506,5.768529203690152e-07,5.981756933232484e-07,5.757625799031576e-07,5.855454165767779e-07,6.042535289202496e-07,5.896465841415551e-07,3.4183225450143153
HD222368,12,4.253241669528833,6171.47908400781,-0.09311754877392389,0.26729114770760093,0.26729114770760093,0.26729114770760093,0.26729114770760093,0.26729114770760093,0.26729114770760093,1.0,1.0,1.0,1.0,1.0,1.0,13.664807629992358,4.237392040788314,4.721781450398212,4.176464225576204,4.2640961996750475,3.554359121872654,-0.132,-0.6459999999999999,-0.08,-0.175,0.504,5.793008401150655e-07,5.953171507076012e-07,5.840839660722538e-07,5.880611579777172e-07,6.049469979603995e-07,5.889106264705869e-07,3.4371260601370337
HD222368,13,4.282417266343041,6189.77228276902,0.23878338498350282,0.2647710119655178,0.2647710119655178,0.2647710119655178,0.2647710119655178,0.2647710119655178,0.2647710119655178,1.0,1.0,1.0,1.0,1.0,1.0,13.570243329587521,4.236751713683877,4.73014184646714,4.190036868717502,4.264984395796392,3.5558137405761068,-0.109,-0.662,-0.051,-0.156,0.532,5.674927128775043e-07,5.995207734668497e-07,5.616247356079533e-07,5.773872857117706e-07,5.887561794387659e-07,5.867095492311116e-07,3.377049701587643
HD222368,14,4.207132706563459,6214.158485677309,-0.11945999242518268,0.25891065780084366,0.25891065780084366,0.25891065780084366,0.25891065780084366,0.25891065780084366,0.25891065780084366,1.0,1.0,1.0,1.0,1.0,1.0,13.603715971506533,4.236312128974286,4.692068703710295,4.164549983838464,4.26056250010609,3.55192389427742,-0.129,-0.626,-0.077,-0.17,0.496,5.782772712836028e-07,6.006666130457119e-07,5.888992227231528e-07,5.872675100073396e-07,6.107892951963704e-07,5.917108763408682e-07,3.4226594471654095
HD222368,15,4.2909197864743875,6248.8229360642,0.21389611094403882,0.2557786593952779,0.2557786593952779,0.2557786593952779,0.2557786593952779,0.2557786593952779,0.2557786593952779,1.0,1.0,1.0,1.0,1.0,1.0,13.624481557053754,4.236763772148831,4.721454408766675,4.166317301203224,4.259560202837227,3.5547741587349715,-0.10300000000000001,-0.635,-0.046,-0.149,0.521,5.643590136710495e-07,5.894937584214713e-07,5.713918665635565e-07,5.765498898513556e-07,5.953211487936394e-07,5.794398605213025e-07,3.3619199143288325
HD222368,16,3.817475309175685,6174.199323693785,-0.03301031389096251,0.22664225014389394,0.22664225014389394,0.22664225014389394,0.22664225014389394,0.22664225014389394,0.22664225014389394,1.0,1.0,1.0,1.0,1.0,1.0,13.64281297448457,4.238185311305641,4.710181025004735,4.180017574740063,4.260812297169575,3.5542861755747674,-0.122,-0.633,-0.068,-0.16699999999999998,0.51,5.735705575931836e-07,5.94550248048129e-07,5.757765123670366e-07,5.855123444041287e-07,6.016535788847626e-07,5.861583718661509e-07,3.4100586510914623
HD222368,17,4.461044271968184,6152.269721598295,0.08065831660016615,0.25270303244349773,0.25270303244349773,0.25270303244349773,0.25270303244349773,0.25270303244349773,0.25270303244349773,1.0,1.0,1.0,1.0,1.0,1.0,13.63086995330945,4.236391977223918,4.733327039275553,4.184199069470516,4.2603521734813175,3.5527575520987282,-0.126,-0.6729999999999999,-0.07,-0.172,0.523,5.766392282861539e-07,6.038515131801179e-07,5.746208058370694e-07,5.884642787838792e-07,5.953302544652831e-07,5.929665992225324e-07,3.4436293855366906
HD222368,18,4.003177300523173,6200.874696561109,-0.17521488836579324,0.2320869506696019,0.2320869506696019,0.2320869506696019,0.2320869506696019,0.2320869506696019,0.2320869506696019,1.0,1.0,1.0,1.0,1.0,1.0,13.60273145387786,4.238053313636596,4.720575675045705,4.174489992933416,4.25914146154452,3.5582597392679687,-0.131,-0.62,-0.08,-0.172,0.493,5.784151361412459e-07,5.818763482520529e-07,5.851469928369093e-07,5.891208453662702e-07,6.089155697255387e-07,5.804918634077301e-07,3.3572788198813392
HD222368,19,4.396038159334496,6209.893109193578,-0.07942531194081906,0.2607303571668059,0.2607303571668059,0.2607303571668059,0.2607303571668059,0.2607303571668059,0.2607303571668059,1.0,1.0,1.0,1.0,1.0,1.0,13.710279873997752,4.236807183528961,4.728110967811175,4.173597959312078,4.264980092590646,3.5574808896091006,-0.129,-0.637,-0.077,-0.171,0.5,5.780136588706253e-07,5.869709223824088e-07,5.840120269400211e-07,5.854218632185689e-07,6.054365265401186e-07,5.833880169776954e-07,3.427592392910782
HD222368,20,4.282353520846604,6152.024991945152,-0.04464325815628479,0.24839204285600286,0.24839204285600286,0.24839204285600286,0.24839204285600286,0.24839204285600286,0.24839204285600286,1.0,1.0,1.0,1.0,1.0,1.0,13.673566207595728,4.237403191914734,4.692334386898691,4.183901836098418,4.264154124650383,3.551411327363444,-0.132,-0.6579999999999999,-0.078,-0.17600000000000002,0.511,5.792948903975345e-07,6.184822210581793e-07,5.790288997231514e-07,5.885716301755294e-07,6.026934112258297e-07,6.028072887939214e-07,3.5227442600641847
HD222368,21,4.334638026257871,6116.166409326383,0.1062708424499183,0.24436020806995729,0.24436020806995729,0.24436020806995729,0.24436020806995729,0.24436020806995729,0.24436020806995729,1.0,1.0,1.0,1.0,1.0,1.0,13.643204698138877,4.237302020780516,4.740086669320292,4.188416357550431,4.259888165305129,3.5588534598084762,-0.127,-0.687,-0.07,-0.175,0.529,5.766870065243901e-07,6.078918304999775e-07,5.723931550496769e-07,5.903447542838405e-07,5.887346415038053e-07,5.954099009097426e-07,3.464079639063252
HD222368,22,4.379427337797521,6146.929431357331,-0.0086877504064303,0.2392883916599901,0.2392883916599901,0.2392883916599901,0.2392883916599901,0.2392883916599901,0.2392883916599901,1.0,1.0,1.0,1.0,1.0,1.0,13.663954751487273,4.236908533175468,4.714732896709694,4.188036977308553,4.261402793428933,3.5527882749028166,-0.131,-0.667,-0.077,-0.17600000000000002,0.515,5.790253281473124e-07,6.108967518059413e-07,5.762967676636573e-07,5.900650030677021e-07,5.997160400659315e-07,5.981481823424897e-07,3.4906044903565454
HD222368,23,4.462539023542302,6230.636921925124,0.16562945988031721,0.2703871233517647,0.2703871233517647,0.2703871233517647,0.2703871233517647,0.2703871233517647,0.2703871233517647,1.0,1.0,1.0,1.0,1.0,1.0,13.629350703790836,4.2372057914985755,4.730842394975413,4.194264373873118,4.26113987385423,3.558235711422062,-0.111,-0.6459999999999999,-0.055,-0.156,0.519,5.683013111702443e-07,5.903696414005016e-07,5.615070650941376e-07,5.794354008687299e-07,5.945203024646351e-07,5.815423093083987e-07,3.376530488315312
HD222368,24,3.9671374487397646,6209.418254936196,-0.13236285811803034,0.2401226605023662,0.2401226605023662,0.2401226605023662,0.2401226605023662,0.2401226605023662,0.2401226605023662,1.0,1.0,1.0,1.0,1.0,1.0,13.639363301789636,4.238010370023279,4.7111449270211185,4.161478486156651,4.2599165216285035,3.5568586105309166,-0.126,-0.617,-0.075,-0.168,0.496,5.75780333111384e-07,5.853329923175985e-07,5.894806858964229e-07,5.865355852354278e-07,6.080195315340666e-07,5.815119286351127e-07,3.381316691050006
HD222368,25,4.2921132165282545,6152.286655396322,-0.05459783681080713,0.2483872311151365,0.2483872311151365,0.2483872311151365,0.2483872311151365,0.2483872311151365,0.2483872311151365,1.0,1.0,1.0,1.0,1.0,1.0,13.665207832118531,4.237426539536609,4.696966393598927,4.179012873803093,4.258690690901956,3.5602404785981885,-0.133,-0.6579999999999999,-0.079,-0.177,0.51,5.798162180180247e-07,6.158492504758162e-07,5.821780473400837e-07,5.920858719290544e-07,5.983630720225693e-07,6.014360374926995e-07,3.510435152535051
HD222368,26,4.095763472141833,6163.991884607538,-0.008400540925433131,0.22365302154760103,0.22365302154760103,0.22365302154760103,0.22365302154760103,0.22365302154760103,0.22365302154760103,1.0,1.0,1.0,1.0,1.0,1.0,13.675376478323054,4.236487326270346,4.721286555149965,4.171004979234466,4.265280975436488,3.5572796370578907,-0.126,-0.649,-0.071,-0.17,0.512,5.765885902157575e-07,5.972365149705108e-07,5.82182280468939e-07,5.847208557355824e-07,5.988928384303806e-07,5.889773450686095e-07,3.4428349072894124
HD222368,27,4.445087798668519,6064.852276336009,-0.008886707611924005,0.23170089787313297,0.23170089787313297,0.23170089787313297,0.23170089787313297,0.23170089787313297,0.23170089787313297,1.0,1.0,1.0,1.0,1.0,1.0,13.666831669877052,4.237941589700992,4.709806326145061,4.168446526158803,4.26021519672598,3.5575580972608787,-0.142,-0.705,-0.086,-0.18899999999999997,0.527,5.843651915825031e-07,6.355334946170722e-07,5.916738347869217e-07,5.978261334828676e-07,5.905242486755788e-07,6.150661734032446e-07,3.5908441729933633
HD222368,28,4.201974639238539,6234.3890520931345,0.0028289783232935406,0.23743545850297496,0.23743545850297496,0.23743545850297496,0.23743545850297496,0.23743545850297496,0.23743545850297496,1.0,1.0,1.0,1.0,1.0,1.0,13.617961396334444,4.237243283239866,4.696316787661722,4.1556113663640835,4.26194845163723,3.558343046798455,-0.11800000000000001,-0.624,-0.065,-0.161,0.503,5.719573711097527e-07,5.97219885048346e-07,5.872410791673838e-07,5.816766011604571e-07,6.032867068220765e-07,5.871148794729087e-07,3.403190888500037
HD222368,29,4.499228904437984,6109.872921093227,-0.04244538834549641,0.24215113362189622,0.24215113362189622,0.24215113362189622,0.24215113362189622,0.24215113362189622,0.24215113362189622,1.0,1.0,1.0,1.0,1.0,1.0,13.660109301422443,4.236590182208455,4.694774633334642,4.177164678151505,4.262537658854543,3.5549907910961442,-0.139,-0.685,-0.085,-0.184,0.518,5.834785590474416e-07,6.326319498066836e-07,5.864015416267873e-07,5.938078179066492e-07,5.968492578767104e-07,6.129705935029868e-07,3.575090288848368
HD222368,30,4.587482794554348,6108.810212033339,-0.09410134545587027,0.2748599630870846,0.2748599630870846,0.2748599630870846,0.2748599630870846,0.2748599630870846,0.2748599630870846,1.0,1.0,1.0,1.0,1.0,1.0,13.669165822595492,4.237796874077646,4.71307039374303,4.1621030861523005,4.262034715371087,3.560450602995017,-0.14300000000000002,-0.685,-0.08900000000000001,-0.188,0.514,5.849816255933017e-07,6.220607750608102e-07,5.967875304011677e-07,5.96275669203418e-07,5.960473115401189e-07,6.072291152738068e-07,3.546301340752159
HD222368,31,4.4583384596247955,6161.853097922142,-0.09872227485599716,0.27356982794123325,0.27356982794123325,0.27356982794123325,0.27356982794123325,0.27356982794123325,0.27356982794123325,1.0,1.0,1.0,1.0,1.0,1.0,13.591623350249762,4.237424217184751,4.740946308285736,4.172749753541856,4.261501313900234,3.5507739811039727,-0.136,-0.6579999999999999,-0.083,-0.179,0.505,5.814217684849991e-07,5.914015403224539e-07,5.877072838114919e-07,5.916439788651475e-07,6.063890944954769e-07,5.87409631587472e-07,3.3917415399099418
HD222368,32,3.930458183326767,6122.499549364226,-0.19801176158098113,0.23888630013431073,0.23888630013431073,0.23888630013431073,0.23888630013431073,0.23888630013431073,0.23888630013431073,1.0,1.0,1.0,1.0,1.0,1.0,13.593942469409257,4.237028530731069,4.724331050459692,4.195225297392625,4.26016017828152,3.5596052771738447,-0.14,-0.649,-0.08900000000000001,-0.184,0.502,5.837804706632809e-07,5.955641595385113e-07,5.788564217859567e-07,5.951095276360047e-07,6.031410167401275e-07,5.908506839884191e-07,3.4127747366794075
HD222368,33,4.465161437606631,6166.006461305294,-0.04804510536772707,0.25306866503341674,0.25306866503341674,0.25306866503341674,0.25306866503341674,0.25306866503341674,0.25306866503341674,1.0,1.0,1.0,1.0,1.0,1.0,13.60114545119532,4.237256100372716,4.719716401675903,4.168449503333149,4.264592014980183,3.5557771073917097,-0.133,-0.659,-0.079,-0.17600000000000002,0.509,5.799072448697083e-07,6.036350011763163e-07,5.878698312472094e-07,5.883343000963147e-07,6.013815937421052e-07,5.941438986536731e-07,3.4354342177074213
HD222368,34,4.588054352924142,6173.1144813398205,0.13906110295913227,0.25950397597339325,0.25950397597339325,0.25950397597339325,0.25950397597339325,0.25950397597339325,0.25950397597339325,1.0,1.0,1.0,1.0,1.0,1.0,13.637354701588517,4.236626718638017,4.709432968168658,4.18675957473496,4.26068356847727,3.556832302817746,-0.121,-0.6729999999999999,-0.064,-0.16699999999999998,0.526,5.738657257369228e-07,6.172879331267299e-07,5.70108012459179e-07,5.855817689167012e-07,5.914636424693746e-07,5.99919050170807e-07,3.487321210516657
HD222368,35,4.203243630071036,6077.53694644644,-0.07967180406047641,0.24561880045307474,0.24561880045307474,0.24561880045307474,0.24561880045307474,0.24561880045307474,0.24561880045307474,1.0,1.0,1.0,1.0,1.0,1.0,13.611127105779222,4.237125585261341,4.726862242807679,4.17472800678206,4.262662461337733,3.5550202640826303,-0.142,-0.6859999999999999,-0.08800000000000001,-0.188,0.518,5.848045467629364e-07,6.147748287682759e-07,5.893452287858937e-07,5.959310169230133e-07,5.968330562512352e-07,6.027867159661401e-07,3.490526001356475
HD222368,36,4.448898688248703,6138.446791490647,-0.08269301081622843,0.2646306372022939,0.2646306372022939,0.2646306372022939,0.2646306372022939,0.2646306372022939,0.2646306372022939,1.0,1.0,1.0,1.0,1.0,1.0,13.645094095080617,4.237135637921774,4.746010237588256,4.187409618694579,4.262088934113038,3.555006014667898,-0.138,-0.6679999999999999,-0.084,-0.182,0.51,5.826486163811023e-07,5.940963437484247e-07,5.803595391380398e-07,5.929600045799196e-07,6.012548169878633e-07,5.895172528014958e-07,3.43074638784434
HD222368,37,4.22640268190872,6087.819740901662,0.010717031381342293,0.2645127863429573,0.2645127863429573,0.2645127863429573,0.2645127863429573,0.2645127863429573,0.2645127863429573,1.0,1.0,1.0,1.0,1.0,1.0,13.660110038008353,4.237048389650028,4.702160461560484,4.177213042983011,4.25948555215401,3.5552495224746883,-0.135,-0.688,-0.08,-0.183,0.525,5.810876144224024e-07,6.300815894490015e-07,5.836812702343892e-07,5.949312116881795e-07,5.928723079243803e-07,6.104839994383618e-07,3.5605878591855764
HD222368,38,4.73798364167761,6146.059316491219,-0.03234853996279814,0.2515144974486586,0.2515144974486586,0.2515144974486586,0.2515144974486586,0.2515144974486586,0.2515144974486586,1.0,1.0,1.0,1.0,1.0,1.0,13.665780799226836,4.237958674955999,4.704708043780334,4.175416150477286,4.260237975136147,3.554446086137327,-0.136,-0.679,-0.08199999999999999,-0.18,0.515,5.811356318424804e-07,6.234157313590506e-07,5.857260161022893e-07,5.928786134465017e-07,5.988010320408906e-07,6.065036915524225e-07,3.5403106746661037
HD222368,39,3.969188117967751,6198.313013616637,-0.015220906345572417,0.2060278620015891,0.2060278620015891,0.2060278620015891,0.2060278620015891,0.2060278620015891,0.2060278620015891,1.0,1.0,1.0,1.0,1.0,1.0,13.6386801769894,4.237264604735921,4.692726847309922,4.173936924277267,4.26276539438243,3.5542636956245013,-0.12,-0.629,-0.066,-0.16399999999999998,0.507,5.73000673909568e-07,6.019636068152018e-07,5.779445928821486e-07,5.828473374613114e-07,6.033307997219887e-07,5.903784336529484e-07,3.4325288859060663
HD222368,40,4.026581255282393,6190.979934424612,-0.159812394828395,0.24183074856131945,0.24183074856131945,0.24183074856131945,0.24183074856131945,0.24183074856131945,0.24183074856131945,1.0,1.0,1.0,1.0,1.0,1.0,13.672141296429075,4.2377297641714415,4.727962388802281,4.168629755145606,4.2626079582383305,3.5564043771881835,-0.131,-0.626,-0.08,-0.17300000000000001,0.496,5.785875295777286e-07,5.811336440256368e-07,5.883138499650455e-07,5.877840423963229e-07,6.08273958459883e-07,5.801151982464736e-07,3.389427469979095
HD222368,41,4.613331964939188,6152.949862075942,-0.16942872846021995,0.24942980044850416,0.24942980044850416,0.24942980044850416,0.24942980044850416,0.24942980044850416,0.24942980044850416,1.0,1.0,1.0,1.0,1.0,1.0,13.683361844505777,4.237072902368337,4.714654911591174,4.179881151529805,4.261336766115262,3.552596856630809,-0.14300000000000002,-0.6629999999999999,-0.091,-0.185,0.501,5.853718229319908e-07,6.086939847820735e-07,5.881776448236802e-07,5.950127448665781e-07,6.076062493053247e-07,5.993651200420404e-07,3.5076488868323814
HD222368,42,4.681999918526463,6193.704798677184,-0.19860983934648424,0.2356656947926694,0.2356656947926694,0.2356656947926694,0.2356656947926694,0.2356656947926694,0.2356656947926694,1.0,1.0,1.0,1.0,1.0,1.0,13.591454359471529,4.237299762971534,4.716280045337232,4.164488718980308,4.262742469718416,3.554779858393932,-0.142,-0.649,-0.091,-0.182,0.493,5.847107378372611e-07,5.999968308958914e-07,5.965756004718985e-07,5.926031924302997e-07,6.108703290710239e-07,5.938823936724393e-07,3.429030419570002
HD222368,43,4.295508839880467,6187.841729500755,0.07025056371005764,0.2575880898350679,0.2575880898350679,0.2575880898350679,0.2575880898350679,0.2575880898350679,0.2575880898350679,1.0,1.0,1.0,1.0,1.0,1.0,13.640151865990296,4.236923885678901,4.717076450625942,4.185162321449353,4.265548470827551,3.556840369044253,-0.12,-0.6509999999999999,-0.065,-0.165,0.516,5.731805176735761e-07,6.006623272008049e-07,5.714734337904199e-07,5.81890927934815e-07,5.969319533870157e-07,5.896696033899134e-07,3.42914759251093
HD222368,44,4.037587072450222,6165.539294327581,0.12883819174735814,0.26881448806224284,0.26881448806224284,0.26881448806224284,0.26881448806224284,0.26881448806224284,0.26881448806224284,1.0,1.0,1.0,1.0,1.0,1.0,13.561410421321822,4.237621400258179,4.7107800369911965,4.184265171912098,4.262100933958222,3.5591534793959374,-0.11599999999999999,-0.6559999999999999,-0.059000000000000004,-0.163,0.525,5.707059685885702e-07,6.069444714209056e-07,5.687938681678791e-07,5.826672401862364e-07,5.907443584840771e-07,5.924490702879715e-07,3.4056480675422858
HD222368,45,4.4087269969208105,6173.973274735825,-0.05861323567772117,0.2539251398036638,0.2539251398036638,0.2539251398036638,0.2539251398036638,0.2539251398036638,0.2539251398036638,1.0,1.0,1.0,1.0,1.0,1.0,13.606500215870943,4.2385110171562035,4.718128365948325,4.155847473422581,4.262024228929377,3.5606722287087127,-0.132,-0.653,-0.078,-0.175,0.507,5.787041113451252e-07,6.011870655841744e-07,5.941854122014181e-07,5.891844592586491e-07,5.997801426380406e-07,5.921938838885547e-07,3.426855633491883
HD222368,46,4.292266402961989,6133.554103645666,-0.03317095026280259,0.2396969544798381,0.2396969544798381,0.2396969544798381,0.2396969544798381,0.2396969544798381,0.2396969544798381,1.0,1.0,1.0,1.0,1.0,1.0,13.609028865711279,4.236941669379377,4.70222378959126,4.17239520767167,4.260138297137453,3.5539194035067294,-0.133,-0.667,-0.079,-0.17800000000000002,0.515,5.800752112835551e-07,6.17975786339179e-07,5.857373143019369e-07,5.918418285733587e-07,5.990915764729028e-07,6.028155563169294e-07,3.4896168644825853
HD222368,47,4.20881402608778,6164.369327074798,0.12018456017229306,0.2528232842922633,0.2528232842922633,0.2528232842922633,0.2528232842922633,0.2528232842922633,0.2528232842922633,1.0,1.0,1.0,1.0,1.0,1.0,13.621340039513168,4.2372929398245365,4.729440732796338,4.1822980010147965,4.264239954221823,3.5610153862789793,-0.11900000000000001,-0.662,-0.062,-0.165,0.524,5.724582237804095e-07,5.999080387641195e-07,5.714020237902027e-07,5.825926388536964e-07,5.902755847800276e-07,5.889281127706354e-07,3.4153953341614325
HD222368,48,4.2376550343659085,6139.061644489404,0.1979527918998445,0.21773012720065835,0.21773012720065835,0.21773012720065835,0.21773012720065835,0.21773012720065835,0.21773012720065835,1.0,1.0,1.0,1.0,1.0,1.0,13.68296453810247,4.2377803316014395,4.713775739376029,4.176811480857224,4.259150090758239,3.5601839809356064,-0.11699999999999999,-0.68,-0.059000000000000004,-0.166,0.535,5.711482388804861e-07,6.188005326917688e-07,5.727121310025133e-07,5.858695658837425e-07,5.847730942449863e-07,5.997396151672557e-07,3.509636716296382
HD222368,49,3.9929939383462845,6172.766354278527,-0.02624454097055763,0.20912356704179821,0.20912356704179821,0.20912356704179821,0.20912356704179821,0.20912356704179821,0.20912356704179821,1.0,1.0,1.0,1.0,1.0,1.0,13.629959889764574,4.236980660323746,4.72926770513593,4.178342359286093,4.264372638269248,3.556318016718924,-0.124,-0.64,-0.07,-0.16899999999999998,0.51,5.752660051290623e-07,5.879682737815359e-07,5.777288174240727e-07,5.84671493001449e-07,6.005287003488223e-07,5.828873663205465e-07,3.3846426549195576
HD1581,0,3.713349253087377,5981.8764223724575,-0.45529061054701514,0.24090874189944822,0.24090874189944822,0.24090874189944822,0.24090874189944822,0.24090874189944822,0.24090874189944822,1.0,1.0,1.0,1.0,1.0,1.0,8.573186902116138,4.344214977969574,4.925300588148925,4.280010507501608,4.371811093223725,3.60434765711746,-0.17,-0.6890000000000001,-0.121,-0.215,0.502,5.437195933928239e-07,5.135003445987799e-07,5.513873162205867e-07,5.525054131345923e-07,5.787911898067513e-07,5.255880441163975e-07,1.2074498069861936
HD1581,1,4.110838012811891,5950.268716688354,-0.4030066556791578,0.283525635021326,0.283525635021326,0.283525635021326,0.283525635021326,0.283525635021326,0.283525635021326,1.0,1.0,1.0,1.0,1.0,1.0,8.618169255331244,4.344301147771922,4.890677096328081,4.293830641681217,4.3696293841919935,3.6030098778116644,-0.17600000000000002,-0.718,-0.126,-0.222,0.509,5.466892266410468e-07,5.444902859922137e-07,5.46926186918625e-07,5.571975792525348e-07,5.757805941377995e-07,5.453698622517469e-07,1.2660772300579684
HD1581,2,3.9169828139255607,5943.933904943747,-0.4725955750835862,0.2734776088086288,0.2734776088086288,0.2734776088086288,0.2734776088086288,0.2734776088086288,0.2734776088086288,1.0,1.0,1.0,1.0,1.0,1.0,8.601379787984746,4.343920327885117,4.9186329746875534,4.2840947370991405,4.369921138929082,3.6020639970397124,-0.179,-0.711,-0.13,-0.225,0.505,5.483941881126377e-07,5.272393121450676e-07,5.538894329524763e-07,5.58589180004693e-07,5.78409444692771e-07,5.357012625320957e-07,1.2387907202044237
HD1581,3,3.4529682409915825,6080.854450563005,-0.5232571201433036,0.21013098100786562,0.21013098100786562,0.21013098100786562,0.21013098100786562,0.21013098100786562,0.21013098100786562,1.0,1.0,1.0,1.0,1.0,1.0,8.59619161638127,4.34414187174457,4.88159072264256,4.288291301559994,4.368984149554781,3.5992592030371653,-0.156,-0.634,-0.109,-0.19899999999999998,0.486,5.367897642800531e-07,5.081883274953876e-07,5.411833840809935e-07,5.458424590751052e-07,5.90143045291514e-07,5.196289022092539e-07,1.2001747890280918
HD1581,4,3.8318098928916715,5892.077661406122,-0.4067887318131006,0.27912546481121114,0.27912546481121114,0.27912546481121114,0.27912546481121114,0.27912546481121114,0.27912546481121114,1.0,1.0,1.0,1.0,1.0,1.0,8.59602187061109,4.34382510070915,4.9005094841651715,4.288081654683039,4.370220199466338,3.59820652035283,-0.18100000000000002,-0.736,-0.131,-0.23,0.516,5.494534875820954e-07,5.486017403157635e-07,5.52367747976162e-07,5.61012961049393e-07,5.746168625060008e-07,5.489424392222962e-07,1.267829511453111
HD1581,5,3.7946866605628453,5946.998671223594,-0.4397993913006001,0.26073916842701506,0.26073916842701506,0.26073916842701506,0.26073916842701506,0.26073916842701506,0.26073916842701506,1.0,1.0,1.0,1.0,1.0,1.0,8.588393687600993,4.3442981482928245,4.866004196381068,4.294444723776249,4.367063625289216,3.598639681791646,-0.175,-0.708,-0.125,-0.222,0.507,5.461874479711752e-07,5.518986046933324e-07,5.461137170914429e-07,5.585158784823047e-07,5.791687248908945e-07,5.496141420044695e-07,1.2671289473238503
HD1581,6,4.131753522979713,6028.54419979857,-0.4507259521848363,0.25765631342334033,0.25765631342334033,0.25765631342334033,0.25765631342334033,0.25765631342334033,0.25765631342334033,1.0,1.0,1.0,1.0,1.0,1.0,8.605573202187742,4.344376482421799,4.9135458298164005,4.290335178446267,4.373107871491779,3.6004555564836647,-0.17,-0.6829999999999999,-0.121,-0.212,0.495,5.436387205216006e-07,5.162292907738925e-07,5.461688200024133e-07,5.503232054140249e-07,5.846268430534809e-07,5.271930626729758e-07,1.2203047971940548
HD1581,7,4.123760333549701,5981.493498407658,-0.6058227945583678,0.2588011449898388,0.2588011449898388,0.2588011449898388,0.2588011449898388,0.2588011449898388,0.2588011449898388,1.0,1.0,1.0,1.0,1.0,1.0,8.602049753197548,4.343768941491032,4.904398317251292,4.29353497922506,4.368465255561971,3.5994805645796415,-0.184,-0.6970000000000001,-0.13699999999999998,-0.22699999999999998,0.49,5.510022826812561e-07,5.273532753669046e-07,5.526459388700093e-07,5.603699943117115e-07,5.878530134341331e-07,5.368128782926452e-07,1.2415546812403244
HD1581,8,3.72233381448387,6017.7405879175285,-0.42285746003841274,0.2130537913874614,0.2130537913874614,0.2130537913874614,0.2130537913874614,0.2130537913874614,0.2130537913874614,1.0,1.0,1.0,1.0,1.0,1.0,8.612563929493676,4.343451815752209,4.905624303063088,4.281504785126402,4.366782675929926,3.596448231162718,-0.16399999999999998,-0.675,-0.114,-0.20800000000000002,0.5,5.411033819658767e-07,5.161919808597789e-07,5.470903577632199e-07,5.515030318241398e-07,5.840925705097161e-07,5.261565413022181e-07,1.2198850715047056
HD1581,9,4.005151625147188,5978.40455085563,-0.48466017682233564,0.2739043343607809,0.2739043343607809,0.2739043343607809,0.2739043343607809,0.2739043343607809,0.2739043343607809,1.0,1.0,1.0,1.0,1.0,1.0,8.603971543596213,4.344965350871808,4.910968907545734,4.301493791042993,4.368319750869558,3.5995066931535424,-0.17600000000000002,-0.698,-0.127,-0.22,0.499,5.463548897806658e-07,5.246545113921311e-07,5.435799861224307e-07,5.568433971140744e-07,5.829862305800911e-07,5.333346627475451e-07,1.2340613949844372
HD1581,10,3.9975950183201334,6064.971103253826,-0.38459107378722757,0.23501886664809327,0.23501886664809327,0.23501886664809327,0.23501886664809327,0.23501886664809327,0.23501886664809327,1.0,1.0,1.0,1.0,1.0,1.0,8.612905718558219,4.34414695888325,4.941812803073927,4.28378322251395,4.3715164271008655,3.6011090403524735,-0.159,-0.6659999999999999,-0.11,-0.20199999999999999,0.495,5.382724981802951e-07,4.951489397109518e-07,5.439358527219545e-07,5.460776522757293e-07,5.842750732036376e-07,5.123983630986891e-07,1.188081259512575
HD1581,11,3.7715990384848737,6030.01446888691,-0.4910234873126252,0.2394111559552437,0.2394111559552437,0.2394111559552437,0.2394111559552437,0.2394111559552437,0.2394111559552437,1.0,1.0,1.0,1.0,1.0,1.0,8.616500901459172,4.343449874991993,4.906623438067167,4.303227624062421,4.372872543928568,3.5996959033205513,-0.16699999999999998,-0.6679999999999999,-0.11900000000000001,-0.21,0.493,5.426015432597334e-07,5.124029240631359e-07,5.38728467331073e-07,5.494294787365531e-07,5.8611469933344e-07,5.244823717417748e-07,1.2171155098488893
HD1581,12,3.443204950985197,5977.6405045787915,-0.41893020378277335,0.227321827687741,0.227321827687741,0.227321827687741,0.227321827687741,0.227321827687741,0.227321827687741,1.0,1.0,1.0,1.0,1.0,1.0,8.619426366818127,4.344002698894282,4.905863882668014,4.2880899080843555,4.3688088872338415,3.5981614052322977,-0.16399999999999998,-0.684,-0.115,-0.21100000000000002,0.507,5.408289054205675e-07,5.203737990095047e-07,5.44283302689113e-07,5.519978926612559e-07,5.794239101227082e-07,5.2855584157393e-07,1.2274014451227744
HD1581,13,3.9077455707977373,6028.613213888096,-0.4895168567228554,0.2566514963278981,0.2566514963278981,0.2566514963278981,0.2566514963278981,0.2566514963278981,0.2566514963278981,1.0,1.0,1.0,1.0,1.0,1.0,8.606517977356782,4.344982963722997,4.888535648608571,4.261173074783371,4.3706475403425795,3.6020938391625923,-0.16899999999999998,-0.674,-0.121,-0.212,0.49200000000000005,5.428349344431482e-07,5.238979694549582e-07,5.610373114685488e-07,5.51571678631734e-07,5.853605350231971e-07,5.314727554502342e-07,1.2304812272824455
HD1581,14,3.8805436824006003,5962.552811145171,-0.23906420492913794,0.23641380150272615,0.23641380150272615,0.23641380150272615,0.23641380150272615,0.23641380150272615,0.23641380150272615,1.0,1.0,1.0,1.0,1.0,1.0,8.616751105783075,4.34447702670082,4.899916979162783,4.275779489652773,4.368221826277908,3.6011573316591563,-0.163,-0.716,-0.11,-0.21100000000000002,0.52,5.40095008949285e-07,5.388826274238423e-07,5.479604059942138e-07,5.522964403508952e-07,5.709499535703626e-07,5.393675800340193e-07,1.2517308648516885
HD1581,15,3.9110784963973546,6014.39488752266,-0.5051919287666462,0.2609335630460135,0.2609335630460135,0.2609335630460135,0.2609335630460135,0.2609335630460135,0.2609335630460135,1.0,1.0,1.0,1.0,1.0,1.0,8.594619852224909,4.344551965629701,4.900355831127677,4.2920431020706165,4.369264783230656,3.5999669583665246,-0.172,-0.679,-0.124,-0.215,0.493,5.44553041913698e-07,5.206173559378732e-07,5.468191730955021e-07,5.538026905378377e-07,5.859683935210451e-07,5.301916303282031e-07,1.224123505800333
HD1581,16,3.577095078566102,5946.443843227917,-0.4008988780379138,0.2390933436081025,0.2390933436081025,0.2390933436081025,0.2390933436081025,0.2390933436081025,0.2390933436081025,1.0,1.0,1.0,1.0,1.0,1.0,8.59538077395168,4.344098669173328,4.891228490033861,4.287874420759237,4.369586690372845,3.5958730355650728,-0.17,-0.7040000000000001,-0.12,-0.218,0.511,5.43777842126249e-07,5.372415316984739e-07,5.469041341940543e-07,5.551703944882509e-07,5.785111854600206e-07,5.398560558695839e-07,1.2466577581636273
HD1581,17,3.9301764253744285,5970.497283160842,-0.5049640335925434,0.27075409202461964,0.27075409202461964,0.27075409202461964,0.27075409202461964,0.27075409202461964,0.27075409202461964,1.0,1.0,1.0,1.0,1.0,1.0,8.617182617126312,4.3447691662074845,4.918789110345146,4.279707979369963,4.368145638606906,3.5994569881614247,-0.177,-0.698,-0.129,-0.222,0.499,5.469571553050343e-07,5.208891730602735e-07,5.556198883827622e-07,5.579595549561205e-07,5.830129202945642e-07,5.313163659581777e-07,1.2331696065524145
HD1581,18,3.7518560309715236,6031.814162667658,-0.5042733972260982,0.23954447814013005,0.23954447814013005,0.23954447814013005,0.23954447814013005,0.23954447814013005,0.23954447814013005,1.0,1.0,1.0,1.0,1.0,1.0,8.60851923334232,4.343652441917609,4.87927246194586,4.290159867044958,4.370583197630273,3.6035413737912574,-0.16699999999999998,-0.6659999999999999,-0.11900000000000001,-0.21,0.49200000000000005,5.425003189721895e-07,5.245078469229699e-07,5.452516993884714e-07,5.505892092342906e-07,5.845806355873668e-07,5.317048357426577e-07,1.2315911053448687
HD1581,19,3.987536306876314,6014.958559195124,-0.4245514096241772,0.2480058229165232,0.2480058229165232,0.2480058229165232,0.2480058229165232,0.2480058229165232,0.2480058229165232,1.0,1.0,1.0,1.0,1.0,1.0,8.595643092023689,4.344741037224205,4.872121687370432,4.276826282609196,4.369532634914599,3.5993181319402066,-0.168,-0.685,-0.11800000000000001,-0.212,0.499,5.424560531358128e-07,5.372943821500643e-07,5.514808821226018e-07,5.521383596538271e-07,5.830874873465016e-07,5.393590505443637e-07,1.2455860764120155
HD1581,20,3.6801453318023114,6018.99344545096,-0.33586173260135144,0.2095379098606858,0.2095379098606858,0.2095379098606858,0.2095379098606858,0.2095379098606858,0.2095379098606858,1.0,1.0,1.0,1.0,1.0,1.0,8.608218159858113,4.343540545560479,4.893403380031758,4.284850815163831,4.369726882051948,3.600903411404138,-0.158,-0.6779999999999999,-0.107,-0.204,0.506,5.380774061423403e-07,5.234794321385542e-07,5.419018686155902e-07,5.479869571772463e-07,5.78495000573881e-07,5.293186217400686e-07,1.2259781445439153
HD1581,21,4.022841284629618,6023.630514606544,-0.6666339523423506,0.2502225373476582,0.2502225373476582,0.2502225373476582,0.2502225373476582,0.2502225373476582,0.2502225373476582,1.0,1.0,1.0,1.0,1.0,1.0,8.607799996000466,4.34375521783614,4.899862644737169,4.278907660207648,4.368773949861665,3.5991784268596834,-0.182,-0.674,-0.136,-0.222,0.48,5.499951850977144e-07,5.18460789369449e-07,5.59626034945219e-07,5.576367593739954e-07,5.934574742470152e-07,5.310745476607551e-07,1.2299256202123714
HD1581,22,3.8467119995075696,5947.8362273873545,-0.5942803943738886,0.2577452756980013,0.2577452756980013,0.2577452756980013,0.2577452756980013,0.2577452756980013,0.2577452756980013,1.0,1.0,1.0,1.0,1.0,1.0,8.624560029613095,4.343824038489592,4.8867787322516545,4.288324554229968,4.368977720453887,3.59762536420209,-0.184,-0.7020000000000001,-0.13699999999999998,-0.22899999999999998,0.496,5.509743221125977e-07,5.384550838604744e-07,5.553044489618578e-07,5.611382668645818e-07,5.856131616950368e-07,5.434627791613237e-07,1.2635217710921052
HD1581,23,3.4741589178269145,6003.7447495579445,-0.38131822309433244,0.20868460436077457,0.20868460436077457,0.20868460436077457,0.20868460436077457,0.20868460436077457,0.20868460436077457,1.0,1.0,1.0,1.0,1.0,1.0,8.600058569283487,4.343293860719126,4.895440658248104,4.303024670612007,4.368262239944432,3.60321929465708,-0.159,-0.675,-0.109,-0.205,0.506,5.386956025486765e-07,5.210563721025016e-07,5.338891640467058e-07,5.492323110839494e-07,5.772623815734121e-07,5.281120642809715e-07,1.2208658109303736
HD1581,24,4.001888977771871,6024.441100480445,-0.5398742216955649,0.26668341970310244,0.26668341970310244,0.26668341970310244,0.26668341970310244,0.26668341970310244,0.26668341970310244,1.0,1.0,1.0,1.0,1.0,1.0,8.589095105868386,4.344056017846793,4.889286895974798,4.282254703682843,4.3693246769620915,3.603010598247104,-0.174,-0.677,-0.126,-0.21600000000000003,0.489,5.45806329242868e-07,5.249841797342072e-07,5.527886191394227e-07,5.54282419263921e-07,5.864847654379543e-07,5.333130395376714e-07,1.229747790687117
HD1581,25,4.27381389356727,5988.414869624021,-0.43505353864330254,0.2667177975209719,0.2667177975209719,0.2667177975209719,0.2667177975209719,0.2667177975209719,0.2667177975209719,1.0,1.0,1.0,1.0,1.0,1.0,8.599281871817256,4.344528246720779,4.903774716039941,4.294350946770627,4.369817377802656,3.5980549406399494,-0.175,-0.706,-0.125,-0.21899999999999997,0.502,5.460717075580963e-07,5.320483347308967e-07,5.461608879609702e-07,5.555639071209102e-07,5.821554912952566e-07,5.376576838617765e-07,1.2427084506587829
HD1581,26,3.889747169003205,5900.573012245425,-0.3994580575144633,0.2805816055973952,0.2805816055973952,0.2805816055973952,0.2805816055973952,0.2805816055973952,0.2805816055973952,1.0,1.0,1.0,1.0,1.0,1.0,8.608327954295886,4.343915044498097,4.893793969275022,4.289180191235865,4.369336661086645,3.59407874687093,-0.18,-0.7340000000000001,-0.13,-0.22899999999999998,0.516,5.489021815494503e-07,5.50989581431075e-07,5.513011496658505e-07,5.609527871562007e-07,5.768056102902958e-07,5.50154621478425e-07,1.274269825113008
HD1581,27,4.068842340981237,5952.6799982988805,-0.39022985285623235,0.285126860883776,0.285126860883776,0.285126860883776,0.285126860883776,0.285126860883776,0.285126860883776,1.0,1.0,1.0,1.0,1.0,1.0,8.571732780924032,4.344853741092877,4.913768959526136,4.262859567657568,4.367910355185572,3.6016856971831355,-0.175,-0.7170000000000001,-0.124,-0.221,0.51,5.459080244953938e-07,5.325414185931088e-07,5.617164565907879e-07,5.575667056680377e-07,5.759525371779224e-07,5.378880609540227e-07,1.2352878717033138
HD1581,28,3.9762558610608916,5962.303522683481,-0.48357781420652163,0.27309785830411626,0.27309785830411626,0.27309785830411626,0.27309785830411626,0.27309785830411626,0.27309785830411626,1.0,1.0,1.0,1.0,1.0,1.0,8.59788236185824,4.343680873709438,4.924778492859622,4.290219883864316,4.368115555965149,3.602497763706615,-0.17800000000000002,-0.705,-0.129,-0.223,0.502,5.480101787532576e-07,5.213742492502536e-07,5.502664330341684e-07,5.58489165351306e-07,5.797781833884376e-07,5.320286210514551e-07,1.2292975583849315
HD1581,29,3.897135203263317,6021.0954116766425,-0.5277447456482391,0.25878584215232214,0.25878584215232214,0.25878584215232214,0.25878584215232214,0.25878584215232214,0.25878584215232214,1.0,1.0,1.0,1.0,1.0,1.0,8.590533760150336,4.344250827924967,4.9135670337701365,4.287660294300624,4.369041375499692,3.5983748456753895,-0.172,-0.675,-0.124,-0.215,0.491,5.447040990451408e-07,5.124295442286429e-07,5.4903098755644e-07,5.539166560958703e-07,5.87910255885776e-07,5.25339366155242e-07,1.2117674122402549
HD1581,30,3.9104351552773027,5991.909451758015,-0.3359685030724818,0.2312142275806584,0.2312142275806584,0.2312142275806584,0.2312142275806584,0.2312142275806584,0.2312142275806584,1.0,1.0,1.0,1.0,1.0,1.0,8.601777854587224,4.343852398958424,4.892319980343715,4.290217089673197,4.36914641528906,3.6024140818516583,-0.16399999999999998,-0.6970000000000001,-0.114,-0.21100000000000002,0.509,5.409037782819509e-07,5.332526010660057e-07,5.427178912402471e-07,5.518263170823147e-07,5.760966395003816e-07,5.363130719523838e-07,1.2403203029812575
HD1581,31,3.887396837331144,5960.586295497103,-0.46792387407949376,0.2690709331750777,0.2690709331750777,0.2690709331750777,0.2690709331750777,0.2690709331750777,0.2690709331750777,1.0,1.0,1.0,1.0,1.0,1.0,8.616519679697378,4.344493357842782,4.917989298483411,4.276351074037123,4.3692482272940785,3.6019153581855776,-0.17600000000000002,-0.703,-0.127,-0.221,0.503,5.465924537104847e-07,5.236791164753304e-07,5.563147117596141e-07,5.568800807416683e-07,5.79555232718767e-07,5.328444513693922e-07,1.2365259688133536
HD1581,32,3.8807562613265834,5963.871981574002,-0.5436787279461245,0.2652949408410412,0.2652949408410412,0.2652949408410412,0.2652949408410412,0.2652949408410412,0.2652949408410412,1.0,1.0,1.0,1.0,1.0,1.0,8.593308020199222,4.345518235276233,4.895598809629808,4.284684957539307,4.370091075244042,3.6023380004733134,-0.18,-0.698,-0.132,-0.22399999999999998,0.49700000000000005,5.480922743785544e-07,5.32134541946025e-07,5.54609100560612e-07,5.579875957587777e-07,5.825400308213893e-07,5.385176349190367e-07,1.2429673279804287
HD1581,33,3.822032404198235,5989.970002573315,-0.6189410750989648,0.2525248784835718,0.2525248784835718,0.2525248784835718,0.2525248784835718,0.2525248784835718,0.2525248784835718,1.0,1.0,1.0,1.0,1.0,1.0,8.618040839837594,4.344369061980272,4.927379295379725,4.280879218869378,4.370440832127047,3.6009046561118967,-0.18,-0.682,-0.133,-0.223,0.489,5.486726975487956e-07,5.092244602081929e-07,5.570693793621405e-07,5.57294352185772e-07,5.876234412773403e-07,5.25003755144434e-07,1.2187609502852437
HD1581,34,3.690971801368799,5940.493184928465,-0.44284005873351323,0.24904345180043064,0.24904345180043064,0.24904345180043064,0.24904345180043064,0.24904345180043064,0.24904345180043064,1.0,1.0,1.0,1.0,1.0,1.0,8.600536949187083,4.344189832641825,4.870953566687008,4.283174819555939,4.366716132082176,3.601029424592864,-0.175,-0.708,-0.125,-0.222,0.508,5.462419396606278e-07,5.493884792462773e-07,5.518118807792007e-07,5.586946618131778e-07,5.773633401941238e-07,5.481298634120175e-07,1.2672830361297742
HD1581,35,3.9861955341023805,6011.605637285523,-0.09046685405880228,0.2159377949902151,0.2159377949902151,0.2159377949902151,0.2159377949902151,0.2159377949902151,0.2159377949902151,1.0,1.0,1.0,1.0,1.0,1.0,8.58503477039624,4.343933058652003,4.877508178443539,4.287474482405202,4.3698195659767025,3.5970523481683836,-0.149,-0.708,-0.094,-0.198,0.526,5.334426691195087e-07,5.460818010040475e-07,5.341597767039718e-07,5.449205022654638e-07,5.699543011090486e-07,5.410261482502319e-07,1.2463539593653394
HD1581,36,3.818203120443882,6059.913596902726,-0.5346544520240882,0.24680501119179177,0.24680501119179177,0.24680501119179177,0.24680501119179177,0.24680501119179177,0.24680501119179177,1.0,1.0,1.0,1.0,1.0,1.0,8.5990613177729,4.34517236697829,4.901912832124272,4.272891120931847,4.370226619373842,3.600324894584869,-0.16699999999999998,-0.6559999999999999,-0.11900000000000001,-0.20800000000000002,0.485,5.417414026313002e-07,5.089742859803138e-07,5.539933176888637e-07,5.497564417466282e-07,5.901073402675211e-07,5.220811326407084e-07,1.206643882982127
HD1581,37,3.897901571053775,5853.841907848326,-0.5131243583118059,0.3090239099855503,0.3090239099855503,0.3090239099855503,0.3090239099855503,0.3090239099855503,0.3090239099855503,1.0,1.0,1.0,1.0,1.0,1.0,8.61478520140506,4.343541545803042,4.85762283752828,4.284467684093014,4.370925608032983,3.5989958671186644,-0.193,-0.75,-0.14400000000000002,-0.242,0.513,5.557050664283421e-07,5.781118075298354e-07,5.6088509733824e-07,5.668794732325986e-07,5.757880242457352e-07,5.69149111089238e-07,1.320243366088577
HD1581,38,3.757602335388451,6041.666829158805,-0.4159284365613145,0.21446875377607583,0.21446875377607583,0.21446875377607583,0.21446875377607583,0.21446875377607583,0.21446875377607583,1.0,1.0,1.0,1.0,1.0,1.0,8.598972745623081,4.344753165588212,4.904292926615883,4.277818017962917,4.369300777658208,3.60344006513012,-0.161,-0.6659999999999999,-0.11199999999999999,-0.205,0.49700000000000005,5.3896393902503e-07,5.125589295576803e-07,5.47940961479247e-07,5.487072058586398e-07,5.81949029931264e-07,5.231209333446202e-07,1.209022183471085
HD1581,39,3.977602890555896,6001.66528532536,-0.35231608247258533,0.22545415643157418,0.22545415643157418,0.22545415643157418,0.22545415643157418,0.22545415643157418,0.22545415643157418,1.0,1.0,1.0,1.0,1.0,1.0,8.585302441361202,4.345462205804236,4.940269211275032,4.274420406763037,4.368021393397563,3.603181815571741,-0.165,-0.6940000000000001,-0.115,-0.21,0.506,5.406000634264367e-07,5.088072490360446e-07,5.511791896107031e-07,5.518898632198481e-07,5.772823087337953e-07,5.215243747922013e-07,1.2015029307396896
HD1581,40,3.7954294806802276,5998.665957223583,-0.32196041980390455,0.2193035040877207,0.2193035040877207,0.2193035040877207,0.2193035040877207,0.2193035040877207,0.2193035040877207,1.0,1.0,1.0,1.0,1.0,1.0,8.598787286688566,4.344527749157537,4.880837381537328,4.292200435489037,4.369900317618736,3.598427294941457,-0.161,-0.691,-0.11,-0.20800000000000002,0.51,5.390758482894737e-07,5.359521556359288e-07,5.397352720800725e-07,5.499216876412553e-07,5.776836242581497e-07,5.372016326973468e-07,1.2415115397770957
HD1581,41,4.051360492907188,5898.728335534784,-0.43789361050277037,0.2757202546141557,0.2757202546141557,0.2757202546141557,0.2757202546141557,0.2757202546141557,0.2757202546141557,1.0,1.0,1.0,1.0,1.0,1.0,8.60373040432403,4.3444878337958315,4.8869521636960505,4.288053750319157,4.368051637483564,3.5953643483295132,-0.184,-0.738,-0.134,-0.23199999999999998,0.513,5.506375714459718e-07,5.565191449020198e-07,5.539103427947887e-07,5.631710473976802e-07,5.777171169987249e-07,5.541665155196005e-07,1.2821914985355884
HD1581,42,4.2884148947894,6039.403577895247,-0.4259047530378888,0.25047883675747284,0.25047883675747284,0.25047883675747284,0.25047883675747284,0.25047883675747284,0.25047883675747284,1.0,1.0,1.0,1.0,1.0,1.0,8.60963176672255,4.343701186730498,4.871390508081956,4.278286845211353,4.370332840260584,3.601398251535394,-0.168,-0.685,-0.11900000000000001,-0.21100000000000002,0.496,5.42975832614042e-07,5.376563400874907e-07,5.512469969433043e-07,5.512236449581635e-07,5.83581712401744e-07,5.397841370981111e-07,1.2506284302009456
HD1581,43,3.771419008888942,5950.050662238841,-0.3827588308788597,0.25701917769911536,0.25701917769911536,0.25701917769911536,0.25701917769911536,0.25701917769911536,0.25701917769911536,1.0,1.0,1.0,1.0,1.0,1.0,8.588299089903927,4.3438298318242765,4.900763822452099,4.297505659153332,4.368995121644592,3.600207447261756,-0.171,-0.7090000000000001,-0.121,-0.218,0.511,5.444136954313986e-07,5.350020494093229e-07,5.425736655908067e-07,5.554729642377593e-07,5.762062912011218e-07,5.387667078181532e-07,1.2420929524877147
HD1581,44,3.9294646756838167,6054.523289325582,-0.579707762855212,0.25098953691326686,0.25098953691326686,0.25098953691326686,0.25098953691326686,0.25098953691326686,0.25098953691326686,1.0,1.0,1.0,1.0,1.0,1.0,8.604345006551728,4.344558195868856,4.912735387309063,4.279356580062469,4.368733542853573,3.5985772158892164,-0.172,-0.6609999999999999,-0.125,-0.213,0.48200000000000004,5.445499171344606e-07,5.06252078991925e-07,5.53755869603634e-07,5.530540251634428e-07,5.926933961090366e-07,5.215712142489393e-07,1.2069472001007129
HD1581,45,3.798549698448821,5980.0682403501605,-0.5297002658003086,0.2522807185676942,0.2522807185676942,0.2522807185676942,0.2522807185676942,0.2522807185676942,0.2522807185676942,1.0,1.0,1.0,1.0,1.0,1.0,8.601262657631377,4.3440953748486795,4.904477843953426,4.26589594036782,4.370452759221866,3.5992645555070237,-0.17600000000000002,-0.6890000000000001,-0.128,-0.22,0.496,5.46792847115877e-07,5.234435311576541e-07,5.622152200839903e-07,5.557505113257263e-07,5.847296987195101e-07,5.327832575409433e-07,1.2320093793919737
HD1581,46,4.064672822870873,5986.486858921077,-0.33642257722243196,0.23781581132692392,0.23781581132692392,0.23781581132692392,0.23781581132692392,0.23781581132692392,0.23781581132692392,1.0,1.0,1.0,1.0,1.0,1.0,8.583091912916215,4.344538537803546,4.885333129388427,4.295735447159564,4.370596250112223,3.598057391327083,-0.16699999999999998,-0.7040000000000001,-0.11599999999999999,-0.213,0.509,5.420577518057716e-07,5.401665948191096e-07,5.409620457292208e-07,5.521060098420293e-07,5.784129637963795e-07,5.409230576137743e-07,1.2455525238800107
HD1581,47,4.050775768909313,5880.8538125202485,-0.4093984802829842,0.27409570608363837,0.27409570608363837,0.27409570608363837,0.27409570608363837,0.27409570608363837,0.27409570608363837,1.0,1.0,1.0,1.0,1.0,1.0,8.608454189466276,4.344474413102298,4.913644384910231,4.283674301140541,4.371221214361638,3.5984448705251713,-0.185,-0.748,-0.135,-0.23399999999999999,0.517,5.511517737155196e-07,5.480285962742944e-07,5.566615879927731e-07,5.625647148533375e-07,5.739618495822172e-07,5.492778672507845e-07,1.2722763975608593
HD1581,48,3.966111545442215,6050.361268083214,-0.4305216803198532,0.24548174648131685,0.24548174648131685,0.24548174648131685,0.24548174648131685,0.24548174648131685,0.24548174648131685,1.0,1.0,1.0,1.0,1.0,1.0,8.587482435877394,4.344599790595559,4.910784611954433,4.302362455449885,4.370259170755361,3.5987266740526076,-0.16399999999999998,-0.669,-0.115,-0.20600000000000002,0.494,5.405315627775984e-07,5.109132077145359e-07,5.371752473238855e-07,5.487282334754311e-07,5.860980885556802e-07,5.227605497397609e-07,1.2049625655886822
HD1581,49,3.897294431550249,6070.572637331235,-0.5764229725385015,0.2465317274202613,0.2465317274202613,0.2465317274202613,0.2465317274202613,0.2465317274202613,0.2465317274202613,1.0,1.0,1.0,1.0,1.0,1.0,8.590404137909726,4.344452963120329,4.9089117462686485,4.281408152577396,4.368547908200787,3.598042986975032,-0.16899999999999998,-0.653,-0.122,-0.21,0.48,5.430999832399364e-07,5.043084860419844e-07,5.511854105418997e-07,5.516222957051606e-07,5.940784241124871e-07,5.198250849211652e-07,1.1990117805882805
HD30652,0,4.224173367871286,6540.461947452741,0.19336017757123283,0.22706227628027392,0.22706227628027392,0.22706227628027392,0.22706227628027392,0.22706227628027392,0.22706227628027392,1.0,1.0,1.0,1.0,1.0,1.0,8.016281834349373,3.287003330684736,3.7333357244316994,3.2224439644025122,3.5350901546706828,2.7025588917796557,-0.075,-0.519,-0.021,-0.111,0.475,1.319045092186806e-06,1.3162145424166595e-06,1.3319360967501592e-06,1.0849879447109203e-06,1.3615619868156307e-06,1.317346762324718e-06,2.6459710547184345
HD30652,1,4.2291314715112875,6565.456597888779,0.08568058429478786,0.20914259440866523,0.20914259440866523,0.20914259440866523,0.20914259440866523,0.20914259440866523,0.20914259440866523,1.0,1.0,1.0,1.0,1.0,1.0,8.027164936295957,3.286083565829018,3.7358704295656917,3.241355317970546,3.5329951933191857,2.70527103188125,-0.08199999999999999,-0.507,-0.03,-0.11599999999999999,0.461,1.3287018763661854e-06,1.2987118487244558e-06,1.3198325883713944e-06,1.0921012326987072e-06,1.375791309765984e-06,1.3107078597811476e-06,2.6397895319726588
HD30652,2,3.9678669787318355,6492.89298217831,-0.0681000712938261,0.19370040434009025,0.19370040434009025,0.19370040434009025,0.19370040434009025,0.19370040434009025,0.19370040434009025,1.0,1.0,1.0,1.0,1.0,1.0,8.047491377162975,3.2858120673995925,3.740699031087833,3.2318635026184404,3.500128152760037,2.704092384979152,-0.094,-0.515,-0.044000000000000004,-0.129,0.45899999999999996,1.3438046751328193e-06,1.3025108875355256e-06,1.3487006710564565e-06,1.1392255420929552e-06,1.379825035944594e-06,1.3190284025744432e-06,2.670018144410388
HD30652,3,3.7753458162058826,6456.7191120034995,-0.04045337798792569,0.2020250245341294,0.2020250245341294,0.2020250245341294,0.2020250245341294,0.2020250245341294,0.2020250245341294,1.0,1.0,1.0,1.0,1.0,1.0,8.002884479126074,3.2867888926826248,3.706219345586464,3.224400315123601,3.4939808285929677,2.708807698488588,-0.09,-0.519,-0.04,-0.127,0.46799999999999997,1.3376590051191567e-06,1.3495010798357422e-06,1.3530095082000925e-06,1.1435855081160515e-06,1.3625043429149868e-06,1.3447642499491079e-06,2.692019963848368
HD30652,4,4.593249014353549,6496.295219264055,0.06840756719457303,0.23038917302646428,0.23038917302646428,0.23038917302646428,0.23038917302646428,0.23038917302646428,0.23038917302646428,1.0,1.0,1.0,1.0,1.0,1.0,8.013121467803307,3.285894169067311,3.733294983104051,3.2176919379255255,3.5203188606860762,2.6962351453499545,-0.096,-0.547,-0.044000000000000004,-0.131,0.47,1.3461805362243956e-06,1.3506504928556454e-06,1.3664199666507032e-06,1.1202976639079198e-06,1.3758367841580407e-06,1.3488625102031455e-06,2.707136545581102
HD30652,5,4.553393417389358,6528.976976828914,-0.09718093448357598,0.24899517789957246,0.24899517789957246,0.24899517789957246,0.24899517789957246,0.24899517789957246,0.24899517789957246,1.0,1.0,1.0,1.0,1.0,1.0,8.034078007385395,3.2860056840549805,3.723142898464325,3.2209789156804267,3.5027558952551736,2.704650336586125,-0.107,-0.532,-0.057,-0.138,0.449,1.3597488526024694e-06,1.3446331540095615e-06,1.3786988342233506e-06,1.1459313913389167e-06,1.39187694097814e-06,1.3506794334467246e-06,2.72498051248768
HD30652,6,4.236456570316694,6559.096220460983,0.03434501961855098,0.20018739608913844,0.20018739608913844,0.20018739608913844,0.20018739608913844,0.20018739608913844,0.20018739608913844,1.0,1.0,1.0,1.0,1.0,1.0,8.032187285012398,3.2860821253059695,3.733444990247199,3.223710239444756,3.491802693173757,2.707769248846917,-0.087,-0.509,-0.036000000000000004,-0.121,0.457,1.334836656591069e-06,1.3040161753814164e-06,1.3488910678898312e-06,1.1395670867966414e-06,1.3776956117808867e-06,1.3163443678652777e-06,2.65446007434577
HD30652,7,4.217110137761951,6414.505801724524,-0.11048901471284185,0.23834851655631145,0.23834851655631145,0.23834851655631145,0.23834851655631145,0.23834851655631145,0.23834851655631145,1.0,1.0,1.0,1.0,1.0,1.0,8.008882125164078,3.2865721412532087,3.749914993381037,3.2225582025248922,3.517689137037191,2.720385423519288,-0.109,-0.552,-0.059000000000000004,-0.145,0.466,1.3615453714818306e-06,1.3362723351036389e-06,1.3792331713197785e-06,1.137588831991474e-06,1.3505379901101255e-06,1.3463815496549155e-06,2.6992989170558985
HD30652,8,4.638349062271257,6477.482540919968,0.13346944020347268,0.23873797238108574,0.23873797238108574,0.23873797238108574,0.23873797238108574,0.23873797238108574,0.23873797238108574,1.0,1.0,1.0,1.0,1.0,1.0,8.0121832976203,3.2864263068721957,3.730434828172881,3.237485444956749,3.5283689749550358,2.7002856985867787,-0.09300000000000001,-0.557,-0.039,-0.129,0.48,1.3418082318232185e-06,1.366743582551929e-06,1.3355704349199325e-06,1.1099754789264443e-06,1.3581467390158577e-06,1.3567694422604448e-06,2.722368001829097
HD30652,9,4.265569991264135,6455.332643894962,0.023081833043462122,0.23716321161054862,0.23716321161054862,0.23716321161054862,0.23716321161054862,0.23716321161054862,0.23716321161054862,1.0,1.0,1.0,1.0,1.0,1.0,8.021971289847489,3.286565973576867,3.7180428089994324,3.2258799113400793,3.5078323532520037,2.71216071201543,-0.09699999999999999,-0.544,-0.045,-0.133,0.47200000000000003,1.3465875201318642e-06,1.3659784599763658e-06,1.3574036420180371e-06,1.1353454748764946e-06,1.3533081268293571e-06,1.358222084038565e-06,2.7319454266716154
HD30652,10,4.244819979543381,6599.70249580157,0.007362812668891751,0.21563912776374522,0.21563912776374522,0.21563912776374522,0.21563912776374522,0.21563912776374522,0.21563912776374522,1.0,1.0,1.0,1.0,1.0,1.0,8.01774776750078,3.2854395241823697,3.721292329721398,3.2045143012596773,3.4941979636470664,2.7064031511048974,-0.086,-0.496,-0.036000000000000004,-0.11900000000000001,0.447,1.3343973320039488e-06,1.3029988810122537e-06,1.3729516840969104e-06,1.134963223437966e-06,1.3921938604447814e-06,1.3155582614089319e-06,2.643345251030303
HD30652,11,3.772925552406787,6620.928681096478,0.14708417335014057,0.24304368333330664,0.24304368333330664,0.24304368333330664,0.24304368333330664,0.24304368333330664,0.24304368333330664,1.0,1.0,1.0,1.0,1.0,1.0,8.026766155539635,3.286529491240249,3.7170426970617054,3.2194471398016193,3.5227305058383833,2.695913833776736,-0.06,-0.46799999999999997,-0.008,-0.096,0.46,1.3015150012320322e-06,1.2748054039994545e-06,1.3197209734873823e-06,1.0823526188635601e-06,1.3889782370500454e-06,1.2854892428924855e-06,2.5887415468124604
HD30652,12,4.542524849715124,6436.5762603317635,-0.26969728385519615,0.20253448338507057,0.20253448338507057,0.20253448338507057,0.20253448338507057,0.20253448338507057,0.20253448338507057,1.0,1.0,1.0,1.0,1.0,1.0,8.011331003505036,3.2866676182614487,3.7057808264111665,3.2165061148966756,3.504255776285693,2.710118461745608,-0.126,-0.5579999999999999,-0.078,-0.158,0.449,1.3829100326641063e-06,1.399421829211791e-06,1.4114273497995368e-06,1.1656244917547817e-06,1.3848846128445318e-06,1.3928171105927173e-06,2.7941033780609237
HD30652,13,4.149476101343088,6555.555716413363,0.126769043164903,0.23097409912249292,0.23097409912249292,0.23097409912249292,0.23097409912249292,0.23097409912249292,0.23097409912249292,1.0,1.0,1.0,1.0,1.0,1.0,8.008896190554493,3.285516285182103,3.7149172091007534,3.2049256106107413,3.5256704803886376,2.70387955635471,-0.077,-0.508,-0.025,-0.113,0.467,1.3232882631719822e-06,1.3252386426664718e-06,1.3585972475419076e-06,1.096459973981461e-06,1.3699639911923052e-06,1.324458490868676e-06,2.655355703886383
HD30652,14,4.395898564531747,6528.597060268874,-0.04179892290651327,0.24231369111910048,0.24231369111910048,0.24231369111910048,0.24231369111910048,0.24231369111910048,0.24231369111910048,1.0,1.0,1.0,1.0,1.0,1.0,8.016113180467288,3.286801657161255,3.7524607081194583,3.2334141784814467,3.5209847967877437,2.701949909480889,-0.099,-0.525,-0.049,-0.132,0.45399999999999996,1.3487774976234515e-06,1.3003991932406463e-06,1.3529922322401057e-06,1.1206424148563802e-06,1.388932086304342e-06,1.3197505149937684e-06,2.650687599371575
HD30652,15,3.9274221182380957,6458.9881358485845,-0.01942137671266837,0.2019408014572283,0.2019408014572283,0.2019408014572283,0.2019408014572283,0.2019408014572283,0.2019408014572283,1.0,1.0,1.0,1.0,1.0,1.0,8.02677266728523,3.286112723309577,3.6883097060325767,3.2247926235709037,3.568227753590446,2.7093828288350172,-0.092,-0.526,-0.040999999999999995,-0.129,0.469,1.340960191445633e-06,1.380820074474141e-06,1.3537670058189694e-06,1.0699657431553512e-06,1.3605291246814555e-06,1.3648761212627377e-06,2.7486167416250042
HD30652,16,4.470203436848119,6536.680472902107,0.0836508117361733,0.20230790285247968,0.20230790285247968,0.20230790285247968,0.20230790285247968,0.20230790285247968,0.20230790285247968,1.0,1.0,1.0,1.0,1.0,1.0,7.98751002292623,3.2859944243730057,3.7396895350538353,3.2092373576904287,3.5208526034418037,2.709444481838024,-0.08900000000000001,-0.528,-0.038,-0.124,0.465,1.337405807984867e-06,1.31942637302125e-06,1.3695125977647234e-06,1.1125510123857554e-06,1.3654732037613064e-06,1.3266181470066969e-06,2.645500155509856
HD30652,17,4.1309645703908675,6554.156675824194,0.11606957800032909,0.23247398219691398,0.23247398219691398,0.23247398219691398,0.23247398219691398,0.23247398219691398,0.23247398219691398,1.0,1.0,1.0,1.0,1.0,1.0,8.04536216063501,3.2862657024165545,3.6932397936516956,3.2250655974459774,3.514755354135495,2.704480554534597,-0.078,-0.507,-0.026000000000000002,-0.113,0.466,1.32359370707186e-06,1.3507191500075907e-06,1.3348569765925583e-06,1.1075385025024772e-06,1.370467537611216e-06,1.3398689728332985e-06,2.7107692644474892
HD30652,18,4.079168215416728,6563.772504368341,-0.04091150152609125,0.19942693617794882,0.19942693617794882,0.19942693617794882,0.19942693617794882,0.19942693617794882,0.19942693617794882,1.0,1.0,1.0,1.0,1.0,1.0,8.010006511226097,3.285523087201807,3.7015277661415174,3.2269186266028895,3.5369713724641496,2.7082026536739163,-0.08800000000000001,-0.498,-0.039,-0.122,0.449,1.3367547615993565e-06,1.329382226839521e-06,1.3486321978239935e-06,1.0941388164622013e-06,1.3873304328142698e-06,1.3323312407434552e-06,2.6718801593032877
HD30652,19,4.197184275523413,6510.7091782408625,-0.08426625168899522,0.21710237063998822,0.21710237063998822,0.21710237063998822,0.21710237063998822,0.21710237063998822,0.21710237063998822,1.0,1.0,1.0,1.0,1.0,1.0,8.027681713797428,3.286372971544996,3.6966843341044138,3.2142004176292533,3.528351195506751,2.718421054898513,-0.099,-0.52,-0.05,-0.133,0.45399999999999996,1.3493101460440143e-06,1.3626591632644757e-06,1.3784175934131655e-06,1.114090565357254e-06,1.3680203339196413e-06,1.3573195563762913e-06,2.7340183293957754
HD30652,20,4.563535236974844,6531.188112852162,0.0556581354602293,0.2240558195221484,0.2240558195221484,0.2240558195221484,0.2240558195221484,0.2240558195221484,0.2240558195221484,1.0,1.0,1.0,1.0,1.0,1.0,8.026647513234089,3.285790029185238,3.6909409565307363,3.2269200164711367,3.5473812682294517,2.7083380040328517,-0.094,-0.534,-0.043,-0.128,0.46299999999999997,1.3438319518837596e-06,1.3876648641129803e-06,1.3536081733262434e-06,1.0897038049711452e-06,1.3693856516015299e-06,1.370131699221292e-06,2.7591144943290744
HD30652,21,4.018537204191585,6530.696640012955,0.25854854394821997,0.23755913284052205,0.23755913284052205,0.23755913284052205,0.23755913284052205,0.23755913284052205,0.23755913284052205,1.0,1.0,1.0,1.0,1.0,1.0,8.01440515890428,3.2857798791675,3.7354861451899755,3.2203277795596033,3.52104474777283,2.700442855882345,-0.066,-0.516,-0.011000000000000001,-0.10400000000000001,0.484,1.3096312302438647e-06,1.3099855844868743e-06,1.3222995885945208e-06,1.0920513888741475e-06,1.3529564963144935e-06,1.3098438427896705e-06,2.6296692991511383
HD30652,22,4.25919753482366,6483.621267243772,-0.17577709005301975,0.1981069655504392,0.1981069655504392,0.1981069655504392,0.1981069655504392,0.1981069655504392,0.1981069655504392,1.0,1.0,1.0,1.0,1.0,1.0,8.033970661320863,3.285819955975275,3.720643975073354,3.2118006575624247,3.5087860812975116,2.702315099875801,-0.11,-0.531,-0.061,-0.14300000000000002,0.45,1.363744437711942e-06,1.3464907820214845e-06,1.3955349310808332e-06,1.144844605584349e-06,1.3935897220656752e-06,1.3533922442976673e-06,2.7303806132001207
HD30652,23,4.075673800065095,6516.469950774476,-0.20002976742460155,0.19108344248281595,0.19108344248281595,0.19108344248281595,0.19108344248281595,0.19108344248281595,0.19108344248281595,1.0,1.0,1.0,1.0,1.0,1.0,8.02873678763145,3.2859995159757545,3.7327032719349424,3.2348193938214704,3.5394469890617923,2.70411164110875,-0.10400000000000001,-0.511,-0.057,-0.13699999999999998,0.44299999999999995,1.3560046170141846e-06,1.307313258914899e-06,1.3612353447372866e-06,1.106833203759855e-06,1.4002846181370062e-06,1.3267898021546134e-06,2.6732254730667044
HD30652,24,3.903951227103835,6546.191932271071,0.002258724323189302,0.19035039480035962,0.19035039480035962,0.19035039480035962,0.19035039480035962,0.19035039480035962,0.19035039480035962,1.0,1.0,1.0,1.0,1.0,1.0,8.012051039692393,3.286478730636841,3.7384625359214274,3.228847231279653,3.512070585695009,2.707291036896851,-0.08199999999999999,-0.495,-0.032,-0.11699999999999999,0.457,1.3282183697085605e-06,1.281374155407286e-06,1.3375871321791022e-06,1.1143785405993412e-06,1.3783025507540005e-06,1.3001118411277956e-06,2.6085979798042405
HD30652,25,4.3430834651063,6493.717709672006,-0.14606045370343407,0.20977249548940566,0.20977249548940566,0.20977249548940566,0.20977249548940566,0.20977249548940566,0.20977249548940566,1.0,1.0,1.0,1.0,1.0,1.0,8.007971586351728,3.2856288278501045,3.737621495343562,3.223083482219055,3.506195182009703,2.7059734918923675,-0.109,-0.532,-0.06,-0.141,0.45,1.3627288284733308e-06,1.3268211218630328e-06,1.3798363502045212e-06,1.1454678435106931e-06,1.3889019187441935e-06,1.341184204507152e-06,2.688267628391121
HD30652,26,3.856528097579326,6602.346601641394,-0.07152619176358692,0.1931928369285567,0.1931928369285567,0.1931928369285567,0.1931928369285567,0.1931928369285567,0.1931928369285567,1.0,1.0,1.0,1.0,1.0,1.0,8.03120268508623,3.286035569670022,3.721641720157296,3.2388697992796125,3.529449400938064,2.705642532917928,-0.081,-0.474,-0.033,-0.115,0.442,1.3275373440574294e-06,1.276451407586082e-06,1.3265177173750464e-06,1.0946649540347436e-06,1.3996000891410982e-06,1.2968857821746208e-06,2.6145799550145905
HD30652,27,4.31574180143642,6558.485876824805,-0.04488111527364541,0.23044413010233872,0.23044413010233872,0.23044413010233872,0.23044413010233872,0.23044413010233872,0.23044413010233872,1.0,1.0,1.0,1.0,1.0,1.0,8.02566587179868,3.285116973801289,3.738121874557201,3.2269117595013426,3.526552812872914,2.7150925975092775,-0.095,-0.512,-0.046,-0.128,0.449,1.3459043138583506e-06,1.3020037192318448e-06,1.3573638255544664e-06,1.1108101756743803e-06,1.3785544853482188e-06,1.319563957082447e-06,2.6566333485252183
HD30652,28,4.404992972051157,6536.882552547327,-0.07402532194984969,0.24275546416316357,0.24275546416316357,0.24275546416316357,0.24275546416316357,0.24275546416316357,0.24275546416316357,1.0,1.0,1.0,1.0,1.0,1.0,8.033057633073703,3.2873256445227415,3.718248337794492,3.2180979946021,3.5058734067935484,2.7051664557753323,-0.10099999999999999,-0.522,-0.052000000000000005,-0.134,0.45,1.3506123507403383e-06,1.33832515048654e-06,1.376010591535653e-06,1.1384438410588043e-06,1.3899346840644987e-06,1.3432400305880595e-06,2.709283280806276
HD30652,29,4.305965795925571,6493.969665456155,0.13431779904590738,0.19931022597261777,0.19931022597261777,0.19931022597261777,0.19931022597261777,0.19931022597261777,0.19931022597261777,1.0,1.0,1.0,1.0,1.0,1.0,8.037636802750129,3.286020086094305,3.7163856040582814,3.2195442666730028,3.496773653560864,2.7066103863060786,-0.085,-0.537,-0.032,-0.122,0.47700000000000004,1.3324561945775838e-06,1.3592731335342083e-06,1.3490972840047985e-06,1.1354068583230447e-06,1.3539942502461994e-06,1.3485463579515585e-06,2.7230879064703353
HD30652,30,4.4664396604540615,6520.708349164113,0.1197176543982313,0.2099526232810317,0.2099526232810317,0.2099526232810317,0.2099526232810317,0.2099526232810317,0.2099526232810317,1.0,1.0,1.0,1.0,1.0,1.0,8.011489399885999,3.286075148481972,3.7096310613880306,3.2277505877972366,3.509725739965594,2.712318626265222,-0.087,-0.534,-0.035,-0.12300000000000001,0.47100000000000003,1.3348452341353206e-06,1.363981720351676e-06,1.342643579870225e-06,1.1229765273355103e-06,1.354358145729045e-06,1.3523271258651336e-06,2.7129844820045657
HD30652,31,4.887032375812252,6514.833283631339,0.011670638944874145,0.21720813635133096,0.21720813635133096,0.21720813635133096,0.21720813635133096,0.21720813635133096,0.21720813635133096,1.0,1.0,1.0,1.0,1.0,1.0,8.009199243206284,3.286193729783566,3.7235997107833545,3.2205365778280965,3.51919844332023,2.6978844238924573,-0.10400000000000001,-0.5529999999999999,-0.053,-0.13699999999999998,0.462,1.3557620799538919e-06,1.370317141216944e-06,1.374188606674811e-06,1.1276688847496525e-06,1.383907952860019e-06,1.3644951167117231e-06,2.7358306228057563
HD30652,32,4.5209522422606705,6520.272402596197,-0.048876019146488155,0.251623537261946,0.251623537261946,0.251623537261946,0.251623537261946,0.251623537261946,0.251623537261946,1.0,1.0,1.0,1.0,1.0,1.0,8.010999034862392,3.286367934129763,3.731590372907509,3.225056471256225,3.4956485649724436,2.7135163300495586,-0.10300000000000001,-0.534,-0.053,-0.135,0.455,1.3542966400047942e-06,1.3366719222318285e-06,1.3684797839989347e-06,1.1502746495438977e-06,1.3729491186230214e-06,1.3437218093410146e-06,2.695390853104002
HD30652,33,4.226508295602996,6487.120635175304,0.03792838015586228,0.20611752884621715,0.20611752884621715,0.20611752884621715,0.20611752884621715,0.20611752884621715,0.20611752884621715,1.0,1.0,1.0,1.0,1.0,1.0,7.984238340683597,3.2861867933157263,3.7104961431258925,3.2203310980741566,3.5037002461178592,2.701228278553484,-0.092,-0.532,-0.040999999999999995,-0.128,0.46799999999999997,1.3408687129251166e-06,1.360387138674504e-06,1.3593413732956133e-06,1.1344382890323636e-06,1.3720491314443588e-06,1.3525797683747493e-06,2.6950628522994413
HD30652,34,4.2036177671196535,6527.7838244957675,-0.14089115204760014,0.19844372481893285,0.19844372481893285,0.19844372481893285,0.19844372481893285,0.19844372481893285,0.19844372481893285,1.0,1.0,1.0,1.0,1.0,1.0,8.027930882822986,3.2857774042345333,3.7170111498959333,3.2114833392951785,3.546386026674579,2.7161600606588396,-0.102,-0.514,-0.054000000000000006,-0.135,0.446,1.3537859824172855e-06,1.3300149255284075e-06,1.3869718251040912e-06,1.0977578817666187e-06,1.3810104039260248e-06,1.3395233482839587e-06,2.698339324953466
HD30652,35,4.076914107919869,6526.284596060978,0.10937958479448,0.24230541182026324,0.24230541182026324,0.24230541182026324,0.24230541182026324,0.24230541182026324,0.24230541182026324,1.0,1.0,1.0,1.0,1.0,1.0,8.027395975923746,3.2855723495497715,3.735128783544208,3.218224066358975,3.4957638450204804,2.6964956003831126,-0.079,-0.514,-0.027000000000000003,-0.11599999999999999,0.47,1.3256596416072471e-06,1.3080051719389653e-06,1.3445326351522128e-06,1.1302003478561482e-06,1.3755067770753403e-06,1.315066959806278e-06,2.6487213044933715
HD30652,36,3.7977704100667298,6530.337551922489,-0.05870829832700765,0.18845681055632316,0.18845681055632316,0.18845681055632316,0.18845681055632316,0.18845681055632316,0.18845681055632316,1.0,1.0,1.0,1.0,1.0,1.0,8.018471695252329,3.2855534184994672,3.7376467568028557,3.2185248448347785,3.5126676867705378,2.716943171280403,-0.085,-0.494,-0.035,-0.12,0.455,1.3330290296521016e-06,1.2811567583542897e-06,1.3541009310610666e-06,1.11684756050802e-06,1.368622596604751e-06,1.3019056668734144e-06,2.6163855611048428
HD30652,37,4.246506418759663,6562.45240192302,-0.013010369380863276,0.22124400300588593,0.22124400300588593,0.22124400300588593,0.22124400300588593,0.22124400300588593,0.22124400300588593,1.0,1.0,1.0,1.0,1.0,1.0,8.020213442791151,3.2860543428112994,3.723422219380267,3.223288666452291,3.5339702342755204,2.7132115450029626,-0.091,-0.507,-0.040999999999999995,-0.124,0.452,1.339797729620837e-06,1.313687558543368e-06,1.3556435374315083e-06,1.0991902840665202e-06,1.3771344944743214e-06,1.3241316269743557e-06,2.662208323377093
HD30652,38,4.458756969476057,6502.760571784153,-0.021625862124880303,0.2519182174745638,0.2519182174745638,0.2519182174745638,0.2519182174745638,0.2519182174745638,0.2519182174745638,1.0,1.0,1.0,1.0,1.0,1.0,8.009380674225067,3.286643005486581,3.680984965412155,3.226809228958972,3.501297111561188,2.706201725828848,-0.10099999999999999,-0.537,-0.05,-0.134,0.46,1.351461793367618e-06,1.4043229343385504e-06,1.3625024223093472e-06,1.143252421736504e-06,1.3758791337765702e-06,1.3831784779501773e-06,2.773416654569277
HD30652,39,3.9490304013313517,6551.632792519078,-0.09692718491787844,0.19530923169037398,0.19530923169037398,0.19530923169037398,0.19530923169037398,0.19530923169037398,0.19530923169037398,1.0,1.0,1.0,1.0,1.0,1.0,8.026627253780656,3.2861287175414504,3.73259199743148,3.2259913585044644,3.4984493091885653,2.7092542773680055,-0.09,-0.494,-0.040999999999999995,-0.124,0.447,1.338472607678924e-06,1.2871352246078414e-06,1.352273169403677e-06,1.1357460915867137e-06,1.3885427771211058e-06,1.3076701778362745e-06,2.6333187752132443
HD30652,40,4.093759867573119,6509.569357035032,-0.0752381314279469,0.20382665451665555,0.20382665451665555,0.20382665451665555,0.20382665451665555,0.20382665451665555,0.20382665451665555,1.0,1.0,1.0,1.0,1.0,1.0,8.025618059542925,3.2860740851428862,3.7256271100600222,3.2293117956476434,3.5190234413721573,2.704214720628897,-0.096,-0.515,-0.046,-0.13,0.455,1.3459574807051651e-06,1.3207181026523178e-06,1.3543666663361873e-06,1.1206025285658538e-06,1.3847618375916297e-06,1.3308138538734568e-06,2.679250460959875
HD30652,41,4.206309155643584,6472.921019102743,0.04647952264894194,0.20602741648969092,0.20602741648969092,0.20602741648969092,0.20602741648969092,0.20602741648969092,0.20602741648969092,1.0,1.0,1.0,1.0,1.0,1.0,8.021900643717576,3.286832725685243,3.707149361939396,3.2240997129593985,3.5068741125028384,2.709790001901657,-0.092,-0.536,-0.04,-0.128,0.47200000000000003,1.3400712329142807e-06,1.369623597262333e-06,1.3533841608023195e-06,1.1311268971696545e-06,1.3562663099225117e-06,1.357802651523112e-06,2.7310536715782185
HD30652,42,4.439774519223201,6470.059473614899,-0.03907720923118522,0.2508645522017974,0.2508645522017974,0.2508645522017974,0.2508645522017974,0.2508645522017974,0.2508645522017974,1.0,1.0,1.0,1.0,1.0,1.0,8.011439572801855,3.285647068814574,3.7023323929890024,3.2166259815727503,3.546171160180959,2.715134604865277,-0.10400000000000001,-0.546,-0.053,-0.138,0.46399999999999997,1.3564448690333298e-06,1.3884428790252409e-06,1.3791470728799835e-06,1.1010131615291575e-06,1.359587404991232e-06,1.3756436750284763e-06,2.7597268801616655
HD30652,43,4.244794894554341,6562.873429393077,-0.08039010035813364,0.21751434133649303,0.21751434133649303,0.21751434133649303,0.21751434133649303,0.21751434133649303,0.21751434133649303,1.0,1.0,1.0,1.0,1.0,1.0,8.018317766006689,3.286149965749707,3.7291642370525517,3.2284757921563503,3.5039268411083535,2.7032466230741883,-0.096,-0.506,-0.047,-0.128,0.445,1.3458634168790774e-06,1.3055553230266016e-06,1.356658867303986e-06,1.134201554538447e-06,1.3988215856078451e-06,1.3216785605675918e-06,2.656020344232609
HD30652,44,3.953703913138421,6585.802488110577,0.18580784053063493,0.21733867296928178,0.21733867296928178,0.21733867296928178,0.21733867296928178,0.21733867296928178,0.21733867296928178,1.0,1.0,1.0,1.0,1.0,1.0,8.029302878392263,3.285776380052725,3.7480969904558714,3.2081976968085026,3.5145927097676646,2.6971836668221365,-0.065,-0.49,-0.012,-0.10099999999999999,0.46799999999999997,1.3084297874223478e-06,1.264218608140863e-06,1.3383875742000366e-06,1.0955290312125385e-06,1.3771698552711602e-06,1.281903079853457e-06,2.583151615213724
HD30652,45,4.297582104423008,6508.690381784829,0.10526324429612126,0.21874618340486643,0.21874618340486643,0.21874618340486643,0.21874618340486643,0.21874618340486643,0.21874618340486643,1.0,1.0,1.0,1.0,1.0,1.0,8.036514046941171,3.285687765997954,3.709441261605995,3.2197407557837376,3.4944787626251004,2.712437263422964,-0.086,-0.53,-0.034,-0.122,0.47200000000000003,1.3340922713924374e-06,1.3592034555867615e-06,1.3513401249138392e-06,1.1378092748280506e-06,1.3529634652022418e-06,1.3491589819090318e-06,2.7235639095464172
HD30652,46,4.295736003284119,6529.952575722044,0.04694615364308276,0.20168050224713713,0.20168050224713713,0.20168050224713713,0.20168050224713713,0.20168050224713713,0.20168050224713713,1.0,1.0,1.0,1.0,1.0,1.0,8.038818651739993,3.2865423594637937,3.704643977877623,3.221993016345966,3.495102059813947,2.7089808969184164,-0.08900000000000001,-0.521,-0.038,-0.124,0.462,1.3367310338658454e-06,1.3539523596921773e-06,1.353517166040136e-06,1.1392529208500805e-06,1.3698361273120015e-06,1.3470638293616445e-06,2.720894252061851
HD30652,47,4.38325864900512,6530.667329642955,0.15175878226741746,0.22064317408354173,0.22064317408354173,0.22064317408354173,0.22064317408354173,0.22064317408354173,0.22064317408354173,1.0,1.0,1.0,1.0,1.0,1.0,8.011808147433007,3.2855824016395974,3.727008002667536,3.2230165318952926,3.513267103245766,2.716392879643828,-0.08199999999999999,-0.528,-0.028999999999999998,-0.11800000000000001,0.473,1.3293153324757118e-06,1.3349277882967789e-06,1.3410789998365074e-06,1.1141768570571701e-06,1.3468022175048825e-06,1.332682805968352e-06,2.673787582273681
HD30652,48,4.078286732991764,6536.667233514641,0.0833846067246192,0.2325027851048121,0.2325027851048121,0.2325027851048121,0.2325027851048121,0.2325027851048121,0.2325027851048121,1.0,1.0,1.0,1.0,1.0,1.0,8.03299656897794,3.2866968151006164,3.7107979734707426,3.215724849770581,3.5060250857972823,2.714706538351333,-0.081,-0.509,-0.028999999999999998,-0.11599999999999999,0.465,1.326729080741242e-06,1.3315018839158902e-06,1.3501158466850566e-06,1.1195691949857243e-06,1.3588714034522552e-06,1.329592762646031e-06,2.6817162939353474
HD30652,49,4.412842861257403,6549.732095146925,-0.0599479626315728,0.24327310612885322,0.24327310612885322,0.24327310612885322,0.24327310612885322,0.24327310612885322,0.24327310612885322,1.0,1.0,1.0,1.0,1.0,1.0,7.998730081240087,3.28631444120383,3.7164921837892013,3.2189572084507168,3.521708689554497,2.6925736693217064,-0.099,-0.519,-0.05,-0.132,0.449,1.349382887204899e-06,1.3367928103184518e-06,1.3723917265693502e-06,1.1198954980999724e-06,1.407445241024107e-06,1.3418288410730309e-06,2.683355609580688
HD38393,0,4.191418025899453,6649.572786663865,-0.18495975744667614,0.1951411813655413,0.1951411813655413,0.1951411813655413,0.1951411813655413,0.1951411813655413,0.1951411813655413,1.0,1.0,1.0,1.0,1.0,1.0,8.882721876075431,3.697711519686178,4.168028584423384,3.642164543628564,3.80439949747463,3.042937374715389,-0.09699999999999999,-0.478,-0.05,-0.126,0.42200000000000004,9.220964855393332e-07,8.492773483332127e-07,9.293839265238526e-07,8.584226646610528e-07,1.0449271771796575e-06,8.784050032156609e-07,2.166336687475107
HD38393,1,4.253634799393058,6577.642209082469,-0.17287638153335144,0.2056797212599797,0.2056797212599797,0.2056797212599797,0.2056797212599797,0.2056797212599797,0.2056797212599797,1.0,1.0,1.0,1.0,1.0,1.0,8.901548475814392,3.698180773797479,4.149460226060434,3.6483368214754095,3.7917371238794124,3.043315389527005,-0.102,-0.502,-0.055,-0.133,0.435,9.259524073260114e-07,8.832362480519231e-07,9.283810049795882e-07,8.741100732689392e-07,1.0321309918457062e-06,9.003227117615584e-07,2.2298125412797742
HD38393,2,4.409416301314726,6519.331386665997,-0.19395827810055202,0.1970219695173982,0.1970219695173982,0.1970219695173982,0.1970219695173982,0.1970219695173982,0.1970219695173982,1.0,1.0,1.0,1.0,1.0,1.0,8.885836186662074,3.6974834724716135,4.137186627077828,3.637915527972148,3.810987742743798,3.0437321330202574,-0.11199999999999999,-0.527,-0.064,-0.14300000000000002,0.442,9.351205168193639e-07,9.140844559513928e-07,9.451369962853917e-07,8.666941746699774e-07,1.0251044561991495e-06,9.224988802985813e-07,2.2766773048430116
HD38393,3,4.037268232042203,6643.215677284578,-0.03916097413022944,0.1908325795652352,0.1908325795652352,0.1908325795652352,0.1908325795652352,0.1908325795652352,0.1908325795652352,1.0,1.0,1.0,1.0,1.0,1.0,8.883998926928507,3.698168692088751,4.138154358542295,3.6243981976047728,3.802911821757305,3.048152506100778,-0.081,-0.47100000000000003,-0.032,-0.113,0.43700000000000006,9.082250953377646e-07,8.673596830191812e-07,9.291839415878893e-07,8.493686865600751e-07,1.0256518605930805e-06,8.837058479466146e-07,2.180036420505001
HD38393,4,4.304492433311642,6514.418721385181,-0.10286983087386425,0.23228332618597786,0.23228332618597786,0.23228332618597786,0.23228332618597786,0.23228332618597786,0.23228332618597786,1.0,1.0,1.0,1.0,1.0,1.0,8.887751922422726,3.697456120404512,4.173250452552153,3.6405741561387233,3.7901946896129015,3.0432331146412284,-0.10300000000000001,-0.524,-0.054000000000000006,-0.136,0.451,9.274244186420364e-07,8.817811155285293e-07,9.341816068360831e-07,8.777747802886313e-07,1.0171095422868761e-06,9.000384367739323e-07,2.2222040252572564
HD38393,5,4.016550326629435,6697.690467249913,-0.13824430970800247,0.21902635029812192,0.21902635029812192,0.21902635029812192,0.21902635029812192,0.21902635029812192,0.21902635029812192,1.0,1.0,1.0,1.0,1.0,1.0,8.888134053530067,3.697729270355993,4.148647898081763,3.637970407061312,3.7806971763344173,3.043373843166877,-0.084,-0.45399999999999996,-0.037000000000000005,-0.114,0.42,9.111067549179633e-07,8.45671735106514e-07,9.218766432982848e-07,8.677249880654644e-07,1.0464330250440179e-06,8.718457430310937e-07,2.1527810853597638
HD38393,6,4.551038940604259,6609.080478505274,0.016109980681073277,0.24336544827440307,0.24336544827440307,0.24336544827440307,0.24336544827440307,0.24336544827440307,0.24336544827440307,1.0,1.0,1.0,1.0,1.0,1.0,8.895555066118533,3.6970594132022843,4.164538985784185,3.6486176326629307,3.7992890614225043,3.041427020630955,-0.092,-0.509,-0.042,-0.12300000000000001,0.446,9.184112804899358e-07,8.766886425369722e-07,9.170941466533545e-07,8.600928751567236e-07,1.0235054661055377e-06,8.933776977181577e-07,2.20963345519673
HD38393,7,4.688594586426117,6576.144221699603,0.020042919735705406,0.23986247246815573,0.23986247246815573,0.23986247246815573,0.23986247246815573,0.23986247246815573,0.23986247246815573,1.0,1.0,1.0,1.0,1.0,1.0,8.895705286555431,3.6974407715194455,4.167815090722577,3.644412877845833,3.802733838870244,3.043117618236897,-0.096,-0.525,-0.046,-0.128,0.452,9.214773528508504e-07,8.870231171622535e-07,9.240507492332256e-07,8.613257660851337e-07,1.0162812833648005e-06,9.008048114376923e-07,2.228078537833309
HD38393,8,4.365893773516724,6804.354065454906,0.007162599595421371,0.2372854168800188,0.2372854168800188,0.2372854168800188,0.2372854168800188,0.2372854168800188,0.2372854168800188,1.0,1.0,1.0,1.0,1.0,1.0,8.909069433526827,3.697146630193367,4.164079279616187,3.6397859521279785,3.794991189631204,3.0419036203738203,-0.076,-0.445,-0.027999999999999997,-0.10400000000000001,0.413,9.049036137105636e-07,8.268548207754215e-07,9.12738970773931e-07,8.485247193806127e-07,1.0546285560379455e-06,8.580743379494784e-07,2.128769438030885
HD38393,9,4.550669829501148,6456.500916615831,-0.18924598395274342,0.20823230483991664,0.20823230483991664,0.20823230483991664,0.20823230483991664,0.20823230483991664,0.20823230483991664,1.0,1.0,1.0,1.0,1.0,1.0,8.88344552876589,3.698219917157297,4.208584964138504,3.6362706167081966,3.795082931763156,3.044431021525003,-0.11900000000000001,-0.5529999999999999,-0.07,-0.151,0.452,9.40530768841994e-07,8.766515176374055e-07,9.51815401580441e-07,8.859879228412785e-07,1.0150526422270753e-06,9.022032181192409e-07,2.225390781156184
HD38393,10,4.355473266221497,6584.7085447404215,-0.08579974484318062,0.22253010299039555,0.22253010299039555,0.22253010299039555,0.22253010299039555,0.22253010299039555,0.22253010299039555,1.0,1.0,1.0,1.0,1.0,1.0,8.900557191376814,3.6975814438312233,4.151371060556682,3.6261978358158133,3.7897414487815713,3.0430365342541754,-0.098,-0.505,-0.049,-0.129,0.441,9.230567385500781e-07,8.841227185635098e-07,9.422840509004407e-07,8.724979096214129e-07,1.0267066168350975e-06,8.996963265581371e-07,2.227764929975748
HD38393,11,4.399442774682899,6525.834832130089,-0.38783016003240794,0.2008139304901272,0.2008139304901272,0.2008139304901272,0.2008139304901272,0.2008139304901272,0.2008139304901272,1.0,1.0,1.0,1.0,1.0,1.0,8.897877324893207,3.6979334927979326,4.1773949131422725,3.6165620157485363,3.797469992241825,3.043237131334457,-0.127,-0.526,-0.081,-0.156,0.424,9.477364359938035e-07,8.800412097859435e-07,9.791205558767109e-07,8.881227146729804e-07,1.0427162027895303e-06,9.071193002690874e-07,2.2447927978291258
HD38393,12,4.289653446367889,6677.633125328507,-0.24366788382954754,0.18712439101319095,0.18712439101319095,0.18712439101319095,0.18712439101319095,0.18712439101319095,0.18712439101319095,1.0,1.0,1.0,1.0,1.0,1.0,8.905105808903757,3.6977278310135238,4.18889242529158,3.6523457181862082,3.792012676431056,3.0458786155759188,-0.10300000000000001,-0.47700000000000004,-0.055999999999999994,-0.13,0.41200000000000003,9.271923553432786e-07,8.323462064758811e-07,9.258117478800401e-07,8.714769485460043e-07,1.0517427534868686e-06,8.7028466602284e-07,2.1571409582434065
HD38393,13,4.469952836999797,6644.576958485673,-0.13458392885504486,0.19796369413172535,0.19796369413172535,0.19796369413172535,0.19796369413172535,0.19796369413172535,0.19796369413172535,1.0,1.0,1.0,1.0,1.0,1.0,8.897926202931492,3.697853712602922,4.1830102172683645,3.630954221635715,3.8048967500143145,3.043266441160876,-0.10099999999999999,-0.494,-0.053,-0.13,0.426,9.253786802617298e-07,8.500743024052438e-07,9.41627830646722e-07,8.611965366842577e-07,1.0407691202524146e-06,8.801960535478383e-07,2.178191411886052
HD38393,14,4.164252186967579,6566.386655045308,-0.1871693020400082,0.1971403740197259,0.1971403740197259,0.1971403740197259,0.1971403740197259,0.1971403740197259,0.1971403740197259,1.0,1.0,1.0,1.0,1.0,1.0,8.881915654325699,3.6973609188951073,4.1739476293458075,3.63688906673644,3.787786732039935,3.04373758611194,-0.102,-0.5,-0.054000000000000006,-0.133,0.436,9.26651871257086e-07,8.619497001123925e-07,9.373576927895355e-07,8.772962678780338e-07,1.0307798973582534e-06,8.878305685702699e-07,2.18918472216608
HD38393,15,4.243705017435102,6807.267638047004,-0.24315894241312458,0.21871448303955876,0.21871448303955876,0.21871448303955876,0.21871448303955876,0.21871448303955876,0.21871448303955876,1.0,1.0,1.0,1.0,1.0,1.0,8.920029405976827,3.6973830186334715,4.182087579699412,3.6479837992582107,3.7944223827452244,3.045927687052266,-0.09300000000000001,-0.441,-0.048,-0.11900000000000001,0.391,9.189836128304086e-07,8.102628789209371e-07,9.227147327494491e-07,8.607797102693297e-07,1.0722348035086727e-06,8.537511724847256e-07,2.123258692040635
HD38393,16,4.532468938709566,6793.4072739801695,0.0037829781958602093,0.23997416451408646,0.23997416451408646,0.23997416451408646,0.23997416451408646,0.23997416451408646,0.23997416451408646,1.0,1.0,1.0,1.0,1.0,1.0,8.909945147171026,3.6977192039919227,4.166647249845697,3.6484993312135687,3.802526775634979,3.044557858140321,-0.08199999999999999,-0.457,-0.034,-0.109,0.414,9.09438410880453e-07,8.340691818924615e-07,9.104607794992859e-07,8.465454199207675e-07,1.0510849831870886e-06,8.642168734876582e-07,2.144429769522487
HD38393,17,4.0996337928648545,6379.331017461696,-0.2392498451877102,0.19702213523850437,0.19702213523850437,0.19702213523850437,0.19702213523850437,0.19702213523850437,0.19702213523850437,1.0,1.0,1.0,1.0,1.0,1.0,8.912236841922402,3.697677413050714,4.177255271963505,3.6260030729572437,3.8018687085606904,3.0452317872439303,-0.11900000000000001,-0.556,-0.071,-0.155,0.461,9.410008363394068e-07,9.048130710801078e-07,9.617445755184429e-07,8.837175731086096e-07,1.0059311566618738e-06,9.192881771838275e-07,2.2822548504872606
HD38393,18,4.621861191238736,6631.557888331145,-0.0006316607037542832,0.2520206764317536,0.2520206764317536,0.2520206764317536,0.2520206764317536,0.2520206764317536,0.2520206764317536,1.0,1.0,1.0,1.0,1.0,1.0,8.880602634045207,3.6977562140963305,4.157685377987144,3.6427183535563232,3.8022568335683977,3.0449276222294634,-0.094,-0.506,-0.044000000000000004,-0.124,0.441,9.19514302881102e-07,8.798058056034953e-07,9.237908008663041e-07,8.585354673623551e-07,1.0249199004859363e-06,8.956892045145381e-07,2.207909361184753
HD38393,19,4.46195455490065,6607.9236837130875,-0.18844827585688678,0.19488666063352028,0.19488666063352028,0.19488666063352028,0.19488666063352028,0.19488666063352028,0.19488666063352028,1.0,1.0,1.0,1.0,1.0,1.0,8.887557922834784,3.6981341775558647,4.149120829519274,3.631433330183317,3.785422344829904,3.040586343933592,-0.107,-0.504,-0.06,-0.136,0.428,9.302663325732482e-07,8.851413769777279e-07,9.473002295970474e-07,8.816415241930746e-07,1.0414212546512422e-06,9.031913592159361e-07,2.229891272545619
HD38393,20,4.236128924446532,6524.8646345192155,-0.1499037736765738,0.19806990092599358,0.19806990092599358,0.19806990092599358,0.19806990092599358,0.19806990092599358,0.19806990092599358,1.0,1.0,1.0,1.0,1.0,1.0,8.891260351457111,3.6976922139054684,4.14321994414406,3.624198687516901,3.8124678840511717,3.045196871571729,-0.10400000000000001,-0.517,-0.055999999999999994,-0.136,0.445,9.28077169124703e-07,9.006851387717088e-07,9.501266497596598e-07,8.599512280393532e-07,1.0208977014657388e-06,9.116419509129065e-07,2.252630613075421
HD38393,21,4.349455826449061,6790.236014277957,-0.03568708508280839,0.228122348491915,0.228122348491915,0.228122348491915,0.228122348491915,0.228122348491915,0.228122348491915,1.0,1.0,1.0,1.0,1.0,1.0,8.882785564709565,3.697804602592989,4.18242162675433,3.6383388307848405,3.804400166145988,3.0416065898515683,-0.08,-0.44799999999999995,-0.033,-0.10800000000000001,0.41100000000000003,9.076933079894913e-07,8.152528466747121e-07,9.181749549069033e-07,8.443080074918339e-07,1.056862135767619e-06,8.522290312006238e-07,2.101811219517841
HD38393,22,4.4760511589238705,6520.709841303096,-0.20533852845600525,0.19429645219876915,0.19429645219876915,0.19429645219876915,0.19429645219876915,0.19429645219876915,0.19429645219876915,1.0,1.0,1.0,1.0,1.0,1.0,8.900337198233007,3.698036140833761,4.165334094845652,3.6317360512414436,3.794503967768711,3.041479654187686,-0.114,-0.53,-0.066,-0.145,0.441,9.363679026882553e-07,8.931560342306919e-07,9.522841461237483e-07,8.815752470744118e-07,1.0281799080946889e-06,9.104407816137173e-07,2.254258155706508
HD38393,23,4.249886667102451,6692.391068259768,-0.24729388178975928,0.18527490413099423,0.18527490413099423,0.18527490413099423,0.18527490413099423,0.18527490413099423,0.18527490413099423,1.0,1.0,1.0,1.0,1.0,1.0,8.887733300501367,3.6980561274030097,4.1602154398892655,3.6442495131894677,3.792007553830249,3.044211830726557,-0.10099999999999999,-0.47,-0.055,-0.128,0.41,9.252061771430042e-07,8.491312000706806e-07,9.318825284349424e-07,8.698772104773321e-07,1.0553007392013718e-06,8.7956119089961e-07,2.1716363973869397
HD38393,24,4.511719192730668,6680.246746527985,-0.07076321396498625,0.2066979392678669,0.2066979392678669,0.2066979392678669,0.2066979392678669,0.2066979392678669,0.2066979392678669,1.0,1.0,1.0,1.0,1.0,1.0,8.884916625701605,3.698037444700764,4.181819145116094,3.642640722637652,3.790480507499086,3.0427559967248614,-0.094,-0.486,-0.046,-0.12300000000000001,0.426,9.192761584093174e-07,8.447599515171789e-07,9.255602305367131e-07,8.670991722526108e-07,1.0412585390495785e-06,8.745664342740344e-07,2.1579359201821493
HD38393,25,4.381703124439312,6703.697564910269,-0.25570670160777786,0.20449528471581932,0.20449528471581932,0.20449528471581932,0.20449528471581932,0.20449528471581932,0.20449528471581932,1.0,1.0,1.0,1.0,1.0,1.0,8.894182237173963,3.697994489684321,4.1591626022102375,3.6410871925375687,3.7936424496352315,3.043546142070111,-0.105,-0.475,-0.059000000000000004,-0.132,0.406,9.286737689488003e-07,8.53878215421014e-07,9.380502372384093e-07,8.717741654321892e-07,1.0598453965973398e-06,8.837964368321285e-07,2.185261019971718
HD38393,26,4.092400750517821,6700.241534069875,-0.013757982611376923,0.19548494411208436,0.19548494411208436,0.19548494411208436,0.19548494411208436,0.19548494411208436,0.19548494411208436,1.0,1.0,1.0,1.0,1.0,1.0,8.890589304853561,3.698034650687529,4.16218076878277,3.636254023045256,3.7862280727190605,3.0461350382579186,-0.076,-0.457,-0.027999999999999997,-0.107,0.43,9.041637982560578e-07,8.375074271622294e-07,9.15712969827352e-07,8.577678127416546e-07,1.0342057768912097e-06,8.641699755997608e-07,2.1350069648573085
HD38393,27,4.408325439244326,6724.787196957593,-0.11331942603983391,0.19700612957707647,0.19700612957707647,0.19700612957707647,0.19700612957707647,0.19700612957707647,0.19700612957707647,1.0,1.0,1.0,1.0,1.0,1.0,8.895514334729025,3.6970781218311886,4.183134051997803,3.650356835667033,3.788237052804045,3.0432368478902605,-0.09300000000000001,-0.469,-0.045,-0.12,0.415,9.192417183532855e-07,8.306295052059991e-07,9.18159728837486e-07,8.664951845562737e-07,1.0513957943547874e-06,8.660743904649135e-07,2.1420832730032364
HD38393,28,3.974133347045624,6478.169901166233,-0.10267381326661006,0.19938772950914296,0.19938772950914296,0.19938772950914296,0.19938772950914296,0.19938772950914296,0.19938772950914296,1.0,1.0,1.0,1.0,1.0,1.0,8.881924347848871,3.697911065141194,4.165027088939951,3.6211713089310185,3.8000119907279077,3.04481483636255,-0.098,-0.519,-0.048,-0.133,0.45799999999999996,9.227765480311602e-07,8.844028614726432e-07,9.457850635327307e-07,8.674734235374899e-07,1.0091019376464976e-06,8.9975233609605e-07,2.2185853850221573
HD38393,29,4.649205160434402,6731.004889088395,-0.08569737756302474,0.20180329931030022,0.20180329931030022,0.20180329931030022,0.20180329931030022,0.20180329931030022,0.20180329931030022,1.0,1.0,1.0,1.0,1.0,1.0,8.892291066265205,3.698393148052862,4.158120326127825,3.628555570770149,3.786895340992972,3.0444764424084063,-0.096,-0.48100000000000004,-0.049,-0.12300000000000001,0.41600000000000004,9.206694138544632e-07,8.594346202138378e-07,9.40240050197557e-07,8.699671185358215e-07,1.049229270529176e-06,8.839285376700881e-07,2.1846583057514533
HD38393,30,4.417015770283257,6781.001037955445,-0.12117320325779371,0.1867824747900281,0.1867824747900281,0.1867824747900281,0.1867824747900281,0.1867824747900281,0.1867824747900281,1.0,1.0,1.0,1.0,1.0,1.0,8.90412669218177,3.6977842083218895,4.166942459322364,3.637008947446444,3.7931049831804065,3.0442631054440916,-0.09,-0.455,-0.043,-0.11699999999999999,0.405,9.161092986294629e-07,8.323078503116763e-07,9.278064677383091e-07,8.602387096659781e-07,1.060121719857944e-06,8.658284296387909e-07,2.1456235567772937
HD38393,31,4.286983780183894,6598.232608866319,-0.22470692523446878,0.18930472100748114,0.18930472100748114,0.18930472100748114,0.18930472100748114,0.18930472100748114,0.18930472100748114,1.0,1.0,1.0,1.0,1.0,1.0,8.886969264143714,3.6976332031574795,4.182542721490319,3.6339285514615174,3.7995674216700026,3.0444030698702713,-0.106,-0.498,-0.059000000000000004,-0.136,0.42700000000000005,9.298388622109794e-07,8.53579322595739e-07,9.44255567214394e-07,8.702299099139512e-07,1.0387229965695137e-06,8.840831384418352e-07,2.182425810907163
HD38393,32,4.404134754781415,6895.03490150384,-0.2874558869134398,0.21081518297736151,0.21081518297736151,0.21081518297736151,0.21081518297736151,0.21081518297736151,0.21081518297736151,1.0,1.0,1.0,1.0,1.0,1.0,8.897725960247536,3.6981254763041003,4.178917048425013,3.6360602323401725,3.80311674768277,3.0436002880626263,-0.098,-0.43200000000000005,-0.053,-0.121,0.371,9.22594336130034e-07,8.059241229195333e-07,9.372099306089403e-07,8.554886963949289e-07,1.0945128366327409e-06,8.525922082037336e-07,2.109786146934188
HD38393,33,4.645835611384644,6676.000053454187,-0.11741350676283034,0.1980224538584937,0.1980224538584937,0.1980224538584937,0.1980224538584937,0.1980224538584937,0.1980224538584937,1.0,1.0,1.0,1.0,1.0,1.0,8.895439328484654,3.697515709753233,4.166789916972577,3.6305113979000376,3.8023101679077342,3.0412822849313965,-0.102,-0.495,-0.054000000000000006,-0.129,0.42200000000000004,9.265197700952761e-07,8.636643788750103e-07,9.428799820395548e-07,8.624559197861436e-07,1.0465212726319155e-06,8.888065353631166e-07,2.1982701791180617
HD38393,34,4.198348661717519,6369.62524538538,-0.08728179437798365,0.231819355018256,0.231819355018256,0.231819355018256,0.231819355018256,0.231819355018256,0.231819355018256,1.0,1.0,1.0,1.0,1.0,1.0,8.906956587776508,3.6978890760940097,4.177030305331298,3.640458681845606,3.7977175356695136,3.043910839435987,-0.111,-0.568,-0.061,-0.149,0.475,9.33910684887327e-07,9.150584851636129e-07,9.403239590805226e-07,8.822140304351076e-07,9.942523791041913e-07,9.225993650530986e-07,2.2877620309309656
HD38393,35,4.336314572621645,6718.406596096445,-0.12338699929000196,0.20465452659448233,0.20465452659448233,0.20465452659448233,0.20465452659448233,0.20465452659448233,0.20465452659448233,1.0,1.0,1.0,1.0,1.0,1.0,8.878985950670744,3.697558745419642,4.130904430177711,3.6459320604872465,3.795381630389336,3.041106665756746,-0.092,-0.467,-0.044000000000000004,-0.12,0.41600000000000004,9.179889984461676e-07,8.699598356813618e-07,9.210604843275621e-07,8.608120196454741e-07,1.0524908001282429e-06,8.89171500787284e-07,2.1910450009668447
HD38393,36,4.175554576891294,6523.357064885395,-0.06694532461577549,0.21385368766988183,0.21385368766988183,0.21385368766988183,0.21385368766988183,0.21385368766988183,0.21385368766988183,1.0,1.0,1.0,1.0,1.0,1.0,8.913030003231038,3.6977045728338958,4.1425180715921694,3.6308204039733663,3.7782891724542953,3.042510467934022,-0.096,-0.515,-0.047,-0.13,0.45299999999999996,9.212534887051862e-07,8.996089055094708e-07,9.365539784050335e-07,8.825621652731173e-07,1.01591363091646e-06,9.082667387877569e-07,2.2552940422928818
HD38393,37,4.658626940323922,6759.497102617549,-0.08144840931968314,0.19871047234693748,0.19871047234693748,0.19871047234693748,0.19871047234693748,0.19871047234693748,0.19871047234693748,1.0,1.0,1.0,1.0,1.0,1.0,8.906790135752882,3.6976074839626385,4.168569144081665,3.64069645468219,3.8067399929845274,3.0440626791045737,-0.095,-0.474,-0.047,-0.121,0.41100000000000003,9.204876818287017e-07,8.457330782275202e-07,9.280735441554401e-07,8.526385757381571e-07,1.054474065847787e-06,8.756349196679929e-07,2.171223529976657
HD38393,38,3.926614529303454,6737.483357225977,-0.1927192327503829,0.18187238085218424,0.18187238085218424,0.18187238085218424,0.18187238085218424,0.18187238085218424,0.18187238085218424,1.0,1.0,1.0,1.0,1.0,1.0,8.920978661976395,3.697884296118962,4.144365040869321,3.6385272846189376,3.7948129398390433,3.0450674111481812,-0.08199999999999999,-0.43799999999999994,-0.036000000000000004,-0.111,0.41,9.093001363099859e-07,8.365944098609852e-07,9.205556773825116e-07,8.541532519930619e-07,1.0544694700662634e-06,8.656767004405854e-07,2.153375438825165
HD38393,39,4.282916538961914,6718.806648486518,-0.26766935471411457,0.198554047238476,0.198554047238476,0.198554047238476,0.198554047238476,0.198554047238476,0.198554047238476,1.0,1.0,1.0,1.0,1.0,1.0,8.890014558399653,3.6982291990944316,4.167315778926245,3.6336061090807266,3.7842706932749257,3.0447988828478,-0.102,-0.466,-0.055999999999999994,-0.129,0.40299999999999997,9.259111095225896e-07,8.40494088175704e-07,9.419297870732842e-07,8.769053047961366e-07,1.0615523632545698e-06,8.746608967144583e-07,2.1606463124416844
HD38393,40,4.443276858689267,6710.894711605344,-0.08767975771635886,0.19744051287137068,0.19744051287137068,0.19744051287137068,0.19744051287137068,0.19744051287137068,0.19744051287137068,1.0,1.0,1.0,1.0,1.0,1.0,8.915132376087994,3.697370399423538,4.180716078540234,3.63075104240467,3.7969110659393834,3.043215054888115,-0.092,-0.475,-0.044000000000000004,-0.12,0.42,9.181482586321524e-07,8.370946055275269e-07,9.3402942398031e-07,8.596002799590219e-07,1.0465860764475224e-06,8.695160667693771e-07,2.160091902706749
HD38393,41,4.158478116614498,6577.718032921279,-0.08330282399444959,0.20049886858788765,0.20049886858788765,0.20049886858788765,0.20049886858788765,0.20049886858788765,0.20049886858788765,1.0,1.0,1.0,1.0,1.0,1.0,8.896749953163631,3.69780482628662,4.160147624146708,3.6387676505569857,3.797227928362716,3.042412470603436,-0.09300000000000001,-0.49700000000000005,-0.044000000000000004,-0.125,0.44299999999999995,9.186266577696413e-07,8.705664474573609e-07,9.2715835104361e-07,8.63316026727118e-07,1.025406311852588e-06,8.89790531582273e-07,2.20135241700251
HD38393,42,4.554692598146105,6613.16989161547,-0.24490763293110607,0.21073351487527983,0.21073351487527983,0.21073351487527983,0.21073351487527983,0.21073351487527983,0.21073351487527983,1.0,1.0,1.0,1.0,1.0,1.0,8.902624303165469,3.6981398931439156,4.168536734957778,3.6464181810513714,3.7900960762372913,3.0426943606644414,-0.114,-0.508,-0.067,-0.142,0.42200000000000004,9.362784281999163e-07,8.726624332157691e-07,9.403590362726947e-07,8.827191413138255e-07,1.0451610833581028e-06,8.98108831209428e-07,2.224867154940769
HD38393,43,4.515427934879871,6613.519820878751,-0.13788021571249337,0.20163143103687664,0.20163143103687664,0.20163143103687664,0.20163143103687664,0.20163143103687664,0.20163143103687664,1.0,1.0,1.0,1.0,1.0,1.0,8.88490181857625,3.6973832764452226,4.154313998458947,3.6398527304142574,3.80434140797814,3.042911321902403,-0.10400000000000001,-0.505,-0.055999999999999994,-0.133,0.431,9.283412835548656e-07,8.817295082038386e-07,9.365260940939174e-07,8.640212254638442e-07,1.0363261234457976e-06,9.003742183442494e-07,2.221607547695535
HD38393,44,4.350165872197867,6412.361262692013,-0.22257828780167666,0.20070912713315164,0.20070912713315164,0.20070912713315164,0.20070912713315164,0.20070912713315164,0.20070912713315164,1.0,1.0,1.0,1.0,1.0,1.0,8.88601981995987,3.6971158956676153,4.1618107991967435,3.6317166906496126,3.799973349347887,3.0432272715634197,-0.121,-0.557,-0.07200000000000001,-0.155,0.457,9.432235084548829e-07,9.18621604185404e-07,9.575783056451453e-07,8.852616176658116e-07,1.0115097329903464e-06,9.284623658931954e-07,2.291489572700081
HD38393,45,4.443422354236556,6602.504065912317,-0.2213188572414791,0.19625751372886885,0.19625751372886885,0.19625751372886885,0.19625751372886885,0.19625751372886885,0.19625751372886885,1.0,1.0,1.0,1.0,1.0,1.0,8.899160758319487,3.6978308352583773,4.167153660197422,3.636981144282801,3.8101046512326477,3.045823856530342,-0.11,-0.505,-0.063,-0.139,0.426,9.331009692228357e-07,8.713637938724199e-07,9.450798787935474e-07,8.642096553584123e-07,1.0383205082926818e-06,8.960586640125861e-07,2.2180614457327636
HD38393,46,4.487525307070207,6630.992710440589,-0.061769798685569685,0.24071320872036206,0.24071320872036206,0.24071320872036206,0.24071320872036206,0.24071320872036206,0.24071320872036206,1.0,1.0,1.0,1.0,1.0,1.0,8.897359991381824,3.6974204425054102,4.169099863838006,3.6258311303715054,3.8001228872111357,3.041005852977697,-0.096,-0.499,-0.047,-0.126,0.435,9.21494606490667e-07,8.650098026604771e-07,9.408676199211715e-07,8.618105767486886e-07,1.0343288381939517e-06,8.876037241925531e-07,2.1962433853207823
HD38393,47,3.9486233530185,6575.565687291855,0.10208043558684268,0.23180121342251409,0.23180121342251409,0.23180121342251409,0.23180121342251409,0.23180121342251409,0.23180121342251409,1.0,1.0,1.0,1.0,1.0,1.0,8.898466879034725,3.698209101050603,4.162802122026762,3.623248582592962,3.809470032789297,3.042692411047487,-0.07200000000000001,-0.49,-0.021,-0.10800000000000001,0.462,9.006941338313383e-07,8.62859581105426e-07,9.207920088807262e-07,8.403746850923441e-07,1.0073583953779646e-06,8.779934021957909e-07,2.1730046431314807
HD38393,48,4.485040900243744,6441.366581647221,-0.06810397409186753,0.25800526412540503,0.25800526412540503,0.25800526412540503,0.25800526412540503,0.25800526412540503,0.25800526412540503,1.0,1.0,1.0,1.0,1.0,1.0,8.904821185328508,3.6977242334460234,4.157610798765588,3.6412637384082567,3.8059644337341485,3.042874937594662,-0.109,-0.557,-0.059000000000000004,-0.14400000000000002,0.466,9.32333482766529e-07,9.221820299970766e-07,9.378977182089336e-07,8.7151567188613e-07,1.0034852646153772e-06,9.262426111048576e-07,2.2956949971858833
HD38393,49,4.6010999841563525,6719.173650428246,-0.15530090636788513,0.18798198969225544,0.18798198969225544,0.18798198969225544,0.18798198969225544,0.18798198969225544,0.18798198969225544,1.0,1.0,1.0,1.0,1.0,1.0,8.895720470144504,3.698755864589862,4.169503141220119,3.616301902076833,3.8047622339625407,3.045818190891504,-0.102,-0.48200000000000004,-0.055,-0.128,0.41200000000000003,9.2546208039613e-07,8.512550829410261e-07,9.561812292045742e-07,8.597181214544895e-07,1.0518012879560426e-06,8.809378819230677e-07,2.1789464968957364
HD62644,0,3.910574061452928,5190.847377128732,0.058855406122077604,0.3637133271238149,0.3637133271238149,0.3637133271238149,0.3637133271238149,0.3637133271238149,0.3637133271238149,1.0,1.0,1.0,1.0,1.0,1.0,23.239446850365827,5.186783358868259,5.96253413615497,5.137229307552216,5.230072797374614,4.281651406732815,-0.322,-1.247,-0.266,-0.408,0.6,2.8783767041088e-07,3.3025341730064105e-07,2.8613385868426503e-07,2.9938625358014816e-07,2.8340036936712036e-07,3.132871185447366e-07,5.288507651620467
HD62644,1,4.167935487304774,5227.512420228531,-0.04713305415221242,0.34216190814735514,0.34216190814735514,0.34216190814735514,0.34216190814735514,0.34216190814735514,0.34216190814735514,1.0,1.0,1.0,1.0,1.0,1.0,23.134093051981917,5.186368595729798,5.989791799993951,5.131593941744574,5.230385913575331,4.281427722901029,-0.313,-1.2,-0.26,-0.396,0.593,2.8557062783314646e-07,3.084212227699974e-07,2.8603777947998983e-07,2.9601015423412943e-07,2.8529219174864e-07,2.99280984795257e-07,5.006371872827953
HD62644,2,3.640651555036969,5355.381385602608,0.006882673982440359,0.3158494244219129,0.3158494244219129,0.3158494244219129,0.3158494244219129,0.3158494244219129,0.3158494244219129,1.0,1.0,1.0,1.0,1.0,1.0,23.47764520069241,5.187038004503723,5.968049154296981,5.137461072066635,5.230759181068484,4.285138103067638,-0.27399999999999997,-1.11,-0.215,-0.35200000000000004,0.5920000000000001,2.7532507920767613e-07,2.896285119251604e-07,2.729458816388777e-07,2.841563085224519e-07,2.845808901038896e-07,2.839071388381667e-07,4.8913012198968575
HD62644,3,3.6132688664110972,5312.582529024097,0.0929333808632405,0.2974200625187152,0.2974200625187152,0.2974200625187152,0.2974200625187152,0.2974200625187152,0.2974200625187152,1.0,1.0,1.0,1.0,1.0,1.0,23.29868696473454,5.187542165761388,5.982260949361483,5.130902211119069,5.229748030926103,4.280183836982478,-0.284,-1.157,-0.22399999999999998,-0.365,0.6,2.777436306857487e-07,2.9850842628952475e-07,2.7688542163046843e-07,2.8784703629364554e-07,2.8378369546697856e-07,2.9020250804801436e-07,4.92383033371071
HD62644,4,3.5634151190135666,5360.384554085566,0.026724489494859373,0.2953778473193281,0.2953778473193281,0.2953778473193281,0.2953778473193281,0.2953778473193281,0.2953778473193281,1.0,1.0,1.0,1.0,1.0,1.0,23.561208390744508,5.186082215247718,5.991264654287074,5.13087517560709,5.23004087015947,4.28246411164349,-0.272,-1.109,-0.213,-0.35,0.594,2.7506041160424444e-07,2.8324034383755074e-07,2.74101179509711e-07,2.838210658010295e-07,2.8475760395409934e-07,2.7996837094422823e-07,4.85783899321413
HD62644,5,4.137359886380725,5326.361027227091,0.09140499566721878,0.29655153304150855,0.29655153304150855,0.29655153304150855,0.29655153304150855,0.29655153304150855,0.29655153304150855,1.0,1.0,1.0,1.0,1.0,1.0,23.30156510870713,5.187017449243607,5.989563188660799,5.121784575892346,5.230613459799664,4.279368119714292,-0.281,-1.148,-0.22399999999999998,-0.361,0.599,2.771111463567967e-07,2.9405982820523935e-07,2.7922039959577645e-07,2.865600146571805e-07,2.8425867460809426e-07,2.872803554658623e-07,4.875454860162943
HD62644,6,3.84682395085576,5224.824329804978,-0.01479702595304344,0.34513293987069227,0.34513293987069227,0.34513293987069227,0.34513293987069227,0.34513293987069227,0.34513293987069227,1.0,1.0,1.0,1.0,1.0,1.0,23.701498625749508,5.18667568713573,5.990367275858483,5.127991631219517,5.229689350021194,4.277671033127985,-0.312,-1.206,-0.257,-0.396,0.594,2.8522704315903275e-07,3.099660038334548e-07,2.8619650252915374e-07,2.9620012306799423e-07,2.860174704351264e-07,3.0007041956368597e-07,5.268825615358278
HD62644,7,3.9059621013680186,5300.674116207958,0.045479884459938974,0.3262406701252456,0.3262406701252456,0.3262406701252456,0.3262406701252456,0.3262406701252456,0.3262406701252456,1.0,1.0,1.0,1.0,1.0,1.0,23.60981320302698,5.186295565392906,5.965602474987269,5.123406136952836,5.229112419292257,4.280580494445936,-0.28800000000000003,-1.158,-0.231,-0.369,0.597,2.790890185824891e-07,3.0340307959816e-07,2.806070123758582e-07,2.8907864269813873e-07,2.844649591010555e-07,2.936774551918916e-07,5.1167563313168785
HD62644,8,3.9688076856352894,5271.6140834499465,0.012743022806727598,0.2836391282884353,0.2836391282884353,0.2836391282884353,0.2836391282884353,0.2836391282884353,0.2836391282884353,1.0,1.0,1.0,1.0,1.0,1.0,23.25872473582606,5.18639286253351,6.003859261964254,5.126411780357894,5.230547034093977,4.283578363811402,-0.298,-1.175,-0.242,-0.379,0.595,2.8164615691317877e-07,2.975207566566274e-07,2.82680767960905e-07,2.9136820670330834e-07,2.842036355275892e-07,2.911709167592479e-07,4.923328531310938
HD62644,9,4.2117516287657155,5304.171974837066,0.049823398668689636,0.31456435676184247,0.31456435676184247,0.31456435676184247,0.31456435676184247,0.31456435676184247,0.31456435676184247,1.0,1.0,1.0,1.0,1.0,1.0,23.088699294395333,5.186570027152452,6.009046878475272,5.120109562345993,5.2297557842672875,4.2825938925094515,-0.28800000000000003,-1.159,-0.23199999999999998,-0.369,0.597,2.7901847697037476e-07,2.9177106676940103e-07,2.817196561844048e-07,2.8890739669874494e-07,2.8393793377444265e-07,2.8667003084979053e-07,4.776615170642065
HD62644,10,3.6339801171545565,5269.605993014385,0.07797246534985734,0.3310323955641993,0.3310323955641993,0.3310323955641993,0.3310323955641993,0.3310323955641993,0.3310323955641993,1.0,1.0,1.0,1.0,1.0,1.0,23.7592491025745,5.186445606249646,5.981115782519753,5.133609971510463,5.229589963715346,4.285071881080061,-0.29600000000000004,-1.188,-0.23800000000000002,-0.38,0.6,2.811141665602151e-07,3.0747843478367264e-07,2.7978020627593717e-07,2.918938798080739e-07,2.825089572887218e-07,2.969327274942896e-07,5.239170290466995
HD62644,11,4.175693108384746,5322.5437318969325,0.08965799494839552,0.29387423654131845,0.29387423654131845,0.29387423654131845,0.29387423654131845,0.29387423654131845,0.29387423654131845,1.0,1.0,1.0,1.0,1.0,1.0,23.491061980393404,5.186712081977537,5.9728022082364545,5.131100162387707,5.228528999636637,4.280136336942367,-0.282,-1.151,-0.225,-0.363,0.599,2.7744451403668086e-07,2.9946087646149675e-07,2.770900363845651e-07,2.8764006272294735e-07,2.8405761732257275e-07,2.906543314915704e-07,5.013270360220045
HD62644,12,3.6829271028928785,5263.276942314092,-0.008616221507947034,0.31969408053508225,0.31969408053508225,0.31969408053508225,0.31969408053508225,0.31969408053508225,0.31969408053508225,1.0,1.0,1.0,1.0,1.0,1.0,22.918484668639188,5.18683585053274,5.988711148489735,5.125775019946534,5.23068943330699,4.279438499695543,-0.3,-1.177,-0.243,-0.382,0.594,2.820503444419453e-07,3.0225710281189096e-07,2.8310723399537374e-07,2.921360826139193e-07,2.8555224226519786e-07,2.941743994639127e-07,4.829650453309016
HD62644,13,3.7282846366630698,5234.452971692432,0.16932467525769715,0.2952358040335269,0.2952358040335269,0.2952358040335269,0.2952358040335269,0.2952358040335269,0.2952358040335269,1.0,1.0,1.0,1.0,1.0,1.0,23.159026008525803,5.186065367268721,5.9768551883676295,5.145844968510562,5.229756392059023,4.283533561886074,-0.306,-1.2329999999999999,-0.248,-0.392,0.607,2.838146621118185e-07,3.217502546436482e-07,2.7920486876799433e-07,2.9509266721809877e-07,2.81091394386057e-07,3.065760176309163e-07,5.139463484599176
HD62644,14,3.8845767366833877,5258.336606726535,0.2580884268252456,0.2726918347533307,0.2726918347533307,0.2726918347533307,0.2726918347533307,0.2726918347533307,0.2726918347533307,1.0,1.0,1.0,1.0,1.0,1.0,23.058474000397254,5.18736957349388,5.96306157284969,5.12489659113425,5.230529967261447,4.280343265814961,-0.297,-1.23,-0.239,-0.384,0.613,2.811338533249051e-07,3.2496481833252997e-07,2.822944489103076e-07,2.927177024717713e-07,2.803649172190767e-07,3.0743243232948e-07,5.109163859449847
HD62644,15,3.5517115267924333,5325.309927115701,-0.01575760910243433,0.30597176272418736,0.30597176272418736,0.30597176272418736,0.30597176272418736,0.30597176272418736,0.30597176272418736,1.0,1.0,1.0,1.0,1.0,1.0,23.059338596035197,5.187118199714454,6.016007948361739,5.120348307285704,5.229096101872184,4.28406632765954,-0.282,-1.128,-0.22399999999999998,-0.36200000000000004,0.5920000000000001,2.7734075580579087e-07,2.8174602354344376e-07,2.795900113531032e-07,2.8722519561658366e-07,2.848619504482839e-07,2.799839164483826e-07,4.653350892559992
HD62644,16,4.0903081424202234,5380.41625041775,0.12571675139429456,0.3485236189524758,0.3485236189524758,0.3485236189524758,0.3485236189524758,0.3485236189524758,0.3485236189524758,1.0,1.0,1.0,1.0,1.0,1.0,23.31724656572773,5.18673797883957,5.972921625421012,5.116805963057458,5.23104010843285,4.280511281327543,-0.265,-1.113,-0.20600000000000002,-0.34299999999999997,0.6,2.731277223605033e-07,2.891294462722077e-07,2.758916708868445e-07,2.8173767820327867e-07,2.836981227882323e-07,2.8272875670752596e-07,4.804669720109361
HD62644,17,3.810525082715224,5214.504452444566,-0.08848737958669191,0.3512791785628517,0.3512791785628517,0.3512791785628517,0.3512791785628517,0.3512791785628517,0.3512791785628517,1.0,1.0,1.0,1.0,1.0,1.0,23.185991924572352,5.185969908085864,5.987176427533437,5.135313540203311,5.229119688546621,4.274637512642124,-0.317,-1.199,-0.262,-0.4,0.59,2.867299185926983e-07,3.088804374085849e-07,2.855851089196425e-07,2.9744940136634493e-07,2.8787633805177363e-07,3.0002022988223023e-07,5.041281229577133
HD62644,18,3.838566285699061,5234.412935668096,-0.02441040601757654,0.333424768285116,0.333424768285116,0.333424768285116,0.333424768285116,0.333424768285116,0.333424768285116,1.0,1.0,1.0,1.0,1.0,1.0,23.646769351688892,5.187053580798759,5.979608840911049,5.1248309916558386,5.229373723264513,4.282002062934239,-0.309,-1.196,-0.254,-0.392,0.594,2.843410365734098e-07,3.10182604493896e-07,2.862388497239184e-07,2.9519669124985186e-07,2.8487881192596866e-07,2.998459773257015e-07,5.240598434859057
HD62644,19,3.9394958290559545,5225.995033195918,-0.10071137717326654,0.3189974108947141,0.3189974108947141,0.3189974108947141,0.3189974108947141,0.3189974108947141,0.3189974108947141,1.0,1.0,1.0,1.0,1.0,1.0,23.134316396951345,5.186757692430076,5.99816214039412,5.136316809903096,5.229404143150033,4.285740211156223,-0.314,-1.188,-0.26,-0.396,0.589,2.857313529957083e-07,3.0268863750978297e-07,2.8479623961528036e-07,2.9627794068754236e-07,2.852100929563552e-07,2.959057237041531e-07,4.95000608721072
HD62644,20,3.667397145930352,5302.482189524583,-0.005794691272861195,0.33315883555638715,0.33315883555638715,0.33315883555638715,0.33315883555638715,0.33315883555638715,0.33315883555638715,1.0,1.0,1.0,1.0,1.0,1.0,23.362222653020787,5.186864011858066,5.998683954122602,5.121558140580139,5.229831690607374,4.278922012876939,-0.289,-1.147,-0.231,-0.369,0.593,2.791999716772566e-07,2.9133146515628454e-07,2.81085031163428e-07,2.8888719921758544e-07,2.8595136202282887e-07,2.8647886776467337e-07,4.887197997972583
HD62644,21,3.649605277239263,5300.488200457562,0.004637057207192205,0.33549604339659944,0.33549604339659944,0.33549604339659944,0.33549604339659944,0.33549604339659944,0.33549604339659944,1.0,1.0,1.0,1.0,1.0,1.0,23.39639589310143,5.18662311157206,5.998733810534556,5.1189298587028045,5.227692940086328,4.277889480320945,-0.289,-1.15,-0.231,-0.37,0.594,2.792619267036715e-07,2.9212414239821845e-07,2.8176628835732307e-07,2.897235504044972e-07,2.8595993028096465e-07,2.869792561203997e-07,4.9100674022177815
HD62644,22,3.5696808538642877,5448.571251363792,0.06597098354085654,0.276128132655055,0.276128132655055,0.276128132655055,0.276128132655055,0.276128132655055,0.276128132655055,1.0,1.0,1.0,1.0,1.0,1.0,23.094892774098117,5.187438972174678,5.98151878081911,5.140038664045582,5.229226987970557,4.277658223084746,-0.247,-1.052,-0.188,-0.322,0.593,2.684635852541635e-07,2.711773811619791e-07,2.6561066491077946e-07,2.7680260913273237e-07,2.8628440131525245e-07,2.7009186279885285e-07,4.502797600371648
HD62644,23,3.8580295500942263,5271.570680924543,0.05573748980389701,0.31639539290425533,0.31639539290425533,0.31639539290425533,0.31639539290425533,0.31639539290425533,0.31639539290425533,1.0,1.0,1.0,1.0,1.0,1.0,23.513614424887752,5.186445527378214,6.002165442714762,5.132397944770709,5.229749437794036,4.272994124037119,-0.297,-1.182,-0.239,-0.379,0.598,2.8137322198753493e-07,2.9991265920011026e-07,2.8035079806672537e-07,2.915823283135259e-07,2.861958454313647e-07,2.9249688431508014e-07,5.054742708250396
HD62644,24,3.574901552275519,5295.872567201837,-0.022244225914381077,0.31594643070639117,0.31594643070639117,0.31594643070639117,0.31594643070639117,0.31594643070639117,0.31594643070639117,1.0,1.0,1.0,1.0,1.0,1.0,23.469421280240727,5.185436870666277,5.991811832051561,5.133691087026649,5.229220101235299,4.2790369231334315,-0.29100000000000004,-1.149,-0.233,-0.371,0.593,2.8008266258959944e-07,2.937218411267417e-07,2.784739273883475e-07,2.8958291409979595e-07,2.859210996023178e-07,2.8826616971188476e-07,4.962922167259598
HD62644,25,3.6187530390827596,5297.923290449597,-0.012688725387825872,0.32310553844325635,0.32310553844325635,0.32310553844325635,0.32310553844325635,0.32310553844325635,0.32310553844325635,1.0,1.0,1.0,1.0,1.0,1.0,23.339691525891297,5.185630947653839,5.9860446455067935,5.138416763011349,5.229212767295238,4.282174840014494,-0.29,-1.149,-0.233,-0.371,0.593,2.7977480104674417e-07,2.9528617651144457e-07,2.772645011998205e-07,2.8958487018350944e-07,2.850959439313517e-07,2.890816263255644e-07,4.922092128427065
HD62644,26,3.6020044140587624,5201.759474836619,-0.003244443486292688,0.35730969443097593,0.35730969443097593,0.35730969443097593,0.35730969443097593,0.35730969443097593,0.35730969443097593,1.0,1.0,1.0,1.0,1.0,1.0,23.367313772196688,5.186433723471361,5.998963081973638,5.133909873304392,5.229253276408272,4.279960718439081,-0.319,-1.227,-0.262,-0.40399999999999997,0.596,2.87135893672401e-07,3.135275738858998e-07,2.8595455925130436e-07,2.9851053587127326e-07,2.8488966022859126e-07,3.029709018005003e-07,5.170797443572529
HD62644,27,3.808193909102109,5280.28192874644,-0.14029247157626562,0.31735420015499105,0.31735420015499105,0.31735420015499105,0.31735420015499105,0.31735420015499105,0.31735420015499105,1.0,1.0,1.0,1.0,1.0,1.0,23.040826462783976,5.186960296578656,6.01279523469834,5.120608071539981,5.22957218224184,4.2765147021091465,-0.299,-1.139,-0.244,-0.377,0.585,2.8175838934184316e-07,2.8545843518163034e-07,2.847198498869378e-07,2.91093227747209e-07,2.8870552412070544e-07,2.839784168457155e-07,4.712164737152989
HD62644,28,3.6481498844139644,5291.939637455075,0.0008487751803743834,0.33565428533210795,0.33565428533210795,0.33565428533210795,0.33565428533210795,0.33565428533210795,0.33565428533210795,1.0,1.0,1.0,1.0,1.0,1.0,23.061882428343967,5.185823697359005,5.989721390461887,5.11818045933214,5.229467998963318,4.277209813787286,-0.292,-1.156,-0.23399999999999999,-0.37200000000000005,0.594,2.8024088492396265e-07,2.9619138223168034e-07,2.82741000797604e-07,2.8978358109331133e-07,2.8613899609814984e-07,2.8981118330859324e-07,4.8177434867932885
HD62644,29,3.828573268445168,5332.898542400085,-0.026625885494623212,0.33135429746009526,0.33135429746009526,0.33135429746009526,0.33135429746009526,0.33135429746009526,0.33135429746009526,1.0,1.0,1.0,1.0,1.0,1.0,23.277848052361154,5.1866074053800695,5.975595186678419,5.131218198145982,5.229957650275657,4.276910197095295,-0.281,-1.121,-0.22399999999999998,-0.359,0.591,2.772158211238857e-07,2.905513515442973e-07,2.768048500603298e-07,2.862054599346752e-07,2.8700991218297804e-07,2.8521713937613266e-07,4.830591391294061
HD62644,30,3.8603875848767184,5256.844471167568,0.0012171151978924676,0.28470221316271893,0.28470221316271893,0.28470221316271893,0.28470221316271893,0.28470221316271893,0.28470221316271893,1.0,1.0,1.0,1.0,1.0,1.0,23.1841225920294,5.187194939260791,5.989409001417206,5.140386995060982,5.2304702724971355,4.282632786344345,-0.302,-1.1840000000000002,-0.24600000000000002,-0.384,0.595,2.824769393196254e-07,3.040166534438875e-07,2.8009552907883273e-07,2.927337967997961e-07,2.844512588537322e-07,2.954007677941827e-07,4.9628594305231
HD62644,31,3.5349849502541235,5248.71262151341,0.1255353784766531,0.33182111774316786,0.33182111774316786,0.33182111774316786,0.33182111774316786,0.33182111774316786,0.33182111774316786,1.0,1.0,1.0,1.0,1.0,1.0,23.200260580585603,5.1870064592441665,5.978312527826699,5.120581012807919,5.22932289259104,4.282414291716251,-0.302,-1.214,-0.243,-0.387,0.604,2.8252598058720184e-07,3.1574462305260073e-07,2.844648232892584e-07,2.9385414263718375e-07,2.8215987739725216e-07,3.0245716606644117e-07,5.088486534977189
HD62644,32,3.671525712862849,5298.849442236899,0.03320029552993267,0.337918461705884,0.337918461705884,0.337918461705884,0.337918461705884,0.337918461705884,0.337918461705884,1.0,1.0,1.0,1.0,1.0,1.0,23.682576711731194,5.186799960908088,5.990566925537522,5.131131421306844,5.229956948267394,4.28037017841264,-0.289,-1.157,-0.231,-0.37,0.596,2.7921644303635724e-07,2.9623352362280265e-07,2.786175096746571e-07,2.8912004001971143e-07,2.8478224102407534e-07,2.8942669138822445e-07,5.073825312710051
HD62644,33,3.7404491711929766,5243.212427558607,-0.00599770254753766,0.3157463124335085,0.3157463124335085,0.3157463124335085,0.3157463124335085,0.3157463124335085,0.3157463124335085,1.0,1.0,1.0,1.0,1.0,1.0,22.959425885170745,5.187591070265274,5.979012128992858,5.133166250445168,5.2296144981318315,4.279411372248904,-0.306,-1.193,-0.25,-0.389,0.595,2.834161189131373e-07,3.094967714875724e-07,2.8300523847311007e-07,2.94316882992313e-07,2.852964881407885e-07,2.9906451045779837e-07,4.927492279310409
HD62644,34,3.6087565465638374,5194.73544842056,-0.13449023317590117,0.3562373434207058,0.3562373434207058,0.3562373434207058,0.3562373434207058,0.3562373434207058,0.3562373434207058,1.0,1.0,1.0,1.0,1.0,1.0,23.154432920740167,5.187504227722136,5.9476615553712975,5.125662194736619,5.229332461493878,4.2810308846381036,-0.324,-1.206,-0.26899999999999996,-0.40700000000000003,0.5870000000000001,2.881769785179588e-07,3.224009794305838e-07,2.899987305070279e-07,2.9931466107716006e-07,2.869780106991559e-07,3.0871137906553376e-07,5.17320824805769
HD62644,35,4.2629739464032115,5314.509257888825,-0.0216517956470072,0.3165768498596668,0.3165768498596668,0.3165768498596668,0.3165768498596668,0.3165768498596668,0.3165768498596668,1.0,1.0,1.0,1.0,1.0,1.0,23.245879525841218,5.186815408228557,5.987731103732218,5.126780707719749,5.230115827328883,4.280612978154945,-0.287,-1.14,-0.23199999999999998,-0.366,0.5920000000000001,2.7869861555576286e-07,2.9239405157365107e-07,2.7999397847851876e-07,2.880146929697603e-07,2.857694397438855e-07,2.8691587716649576e-07,4.846024130711384
HD62644,36,3.8917090312726406,5115.823862215724,-0.07525696315098898,0.3508342350060897,0.3508342350060897,0.3508342350060897,0.3508342350060897,0.3508342350060897,0.3508342350060897,1.0,1.0,1.0,1.0,1.0,1.0,23.205366734828317,5.18736360206804,5.991636558873067,5.117577260138512,5.2308851264415495,4.280899221404748,-0.349,-1.2819999999999998,-0.297,-0.43700000000000006,0.591,2.9492767951245234e-07,3.320521916677938e-07,2.997989245399935e-07,3.0726063521820965e-07,2.859573646972279e-07,3.172023868056573e-07,5.338906861801359
HD62644,37,4.12735466541895,5308.756304293054,-0.07278390529573159,0.3315347179063346,0.3315347179063346,0.3315347179063346,0.3315347179063346,0.3315347179063346,0.3315347179063346,1.0,1.0,1.0,1.0,1.0,1.0,22.97288141282919,5.186404438993563,5.998573815570268,5.1476996187480015,5.230394723613296,4.281753519298934,-0.289,-1.133,-0.23399999999999999,-0.368,0.589,2.7931817708504607e-07,2.876281900490328e-07,2.7515735568179463e-07,2.884716145100355e-07,2.8625927493348053e-07,2.8430418486343813e-07,4.689788088425187
HD62644,38,3.700289120911083,5345.164392864113,0.03600357403979934,0.3289502408012559,0.3289502408012559,0.3289502408012559,0.3289502408012559,0.3289502408012559,0.3289502408012559,1.0,1.0,1.0,1.0,1.0,1.0,23.39904754287686,5.1862604067495,5.991169182676163,5.1132081571053645,5.2289185505402225,4.272788962453089,-0.276,-1.122,-0.217,-0.355,0.595,2.760303346451144e-07,2.866772973909653e-07,2.796261040241253e-07,2.8542601519957974e-07,2.870419618526765e-07,2.824185122926249e-07,4.833130769618742
HD62644,39,3.951201946361201,5284.9002810015145,0.0988341186493945,0.31896859717076254,0.31896859717076254,0.31896859717076254,0.31896859717076254,0.31896859717076254,0.31896859717076254,1.0,1.0,1.0,1.0,1.0,1.0,23.397623207039324,5.187225107678163,5.986491768391058,5.119801300751499,5.229395712979026,4.282531900687468,-0.292,-1.179,-0.235,-0.375,0.601,2.798793982974431e-07,3.03434017531852e-07,2.825793711627908e-07,2.906047371429815e-07,2.829099450578597e-07,2.9401216983808844e-07,5.030924713885702
HD62644,40,3.4188993728691894,5259.3081993406095,-0.08020650456947742,0.32647207073143547,0.32647207073143547,0.32647207073143547,0.32647207073143547,0.32647207073143547,0.32647207073143547,1.0,1.0,1.0,1.0,1.0,1.0,23.383862267547524,5.187101556186746,5.982572030059812,5.126636520232837,5.229534871451037,4.283901217699476,-0.303,-1.167,-0.24600000000000002,-0.384,0.59,2.82761549034687e-07,3.0118418432632583e-07,2.8366540029719584e-07,2.929861062345049e-07,2.8543057181575746e-07,2.938151302096703e-07,5.021641101965685
HD62644,41,3.7292415323516828,5299.62290698801,0.07010263509544912,0.31663704777740354,0.31663704777740354,0.31663704777740354,0.31663704777740354,0.31663704777740354,0.31663704777740354,1.0,1.0,1.0,1.0,1.0,1.0,23.189074617366295,5.1872659455088685,5.9733426679921955,5.135546717438942,5.2300277592677045,4.27667012796472,-0.28800000000000003,-1.163,-0.23,-0.369,0.599,2.7883969333674385e-07,3.02638313029628e-07,2.7723131671807526e-07,2.8883503497009293e-07,2.8496591936109296e-07,2.9311886515247433e-07,4.9266264255321515
HD62644,42,3.7974478970391288,5261.3513035611195,0.08373812923899843,0.3316718712500788,0.3316718712500788,0.3316718712500788,0.3316718712500788,0.3316718712500788,0.3316718712500788,1.0,1.0,1.0,1.0,1.0,1.0,23.232918346985855,5.186979467601667,5.993856848302667,5.138561244959919,5.228092141589439,4.281647767645521,-0.299,-1.195,-0.242,-0.38299999999999995,0.6,2.817534143314731e-07,3.058568668127134e-07,2.795351827411799e-07,2.9310560132725376e-07,2.834013192483224e-07,2.962154858202173e-07,4.997517421221844
HD62644,43,3.8123815889404424,5214.448915880933,-0.013105939670067417,0.35332630769354734,0.35332630769354734,0.35332630769354734,0.35332630769354734,0.35332630769354734,0.35332630769354734,1.0,1.0,1.0,1.0,1.0,1.0,23.431711455981514,5.186703721339507,5.980343192107656,5.136955189053554,5.229901008638916,4.283464694530773,-0.315,-1.214,-0.26,-0.39899999999999997,0.595,2.8600885944951863e-07,3.151546343390471e-07,2.846288374945303e-07,2.9696178920295953e-07,2.842333912949566e-07,3.034963243832357e-07,5.2083538550288075
HD62644,44,3.7963039749023646,5255.7155919457855,-0.14554242486885605,0.3246870051340271,0.3246870051340271,0.3246870051340271,0.3246870051340271,0.3246870051340271,0.3246870051340271,1.0,1.0,1.0,1.0,1.0,1.0,23.373738581073717,5.1862611149333135,5.998946481108026,5.122147549818162,5.228636010869819,4.276293419753331,-0.306,-1.157,-0.251,-0.386,0.585,2.837634977044466e-07,2.9395603594140553e-07,2.8615540584888215e-07,2.9376940949798596e-07,2.887643707805823e-07,2.89879020646622e-07,4.950079519784844
HD62644,45,3.5738589676635275,5273.971769289225,-0.02946393089549581,0.3232191706306992,0.3232191706306992,0.3232191706306992,0.3232191706306992,0.3232191706306992,0.3232191706306992,1.0,1.0,1.0,1.0,1.0,1.0,23.379319753978805,5.1871231846502734,6.0135486770768996,5.125158124544706,5.229299130514796,4.281234204249844,-0.297,-1.165,-0.24,-0.379,0.593,2.811976589757797e-07,2.921739579643225e-07,2.824865175989407e-07,2.917032866795597e-07,2.853430459804262e-07,2.8778343836890543e-07,4.9166417423123105
HD62644,46,3.609149045403375,5254.952817054816,-0.10476323760571615,0.33097037057721274,0.33097037057721274,0.33097037057721274,0.33097037057721274,0.33097037057721274,0.33097037057721274,1.0,1.0,1.0,1.0,1.0,1.0,23.176999821002962,5.187400192154643,5.994941755292179,5.135715423030949,5.230252880938846,4.276844037982013,-0.305,-1.165,-0.249,-0.386,0.588,2.8320498773912633e-07,2.972242723588882e-07,2.8208163058864764e-07,2.933322559192909e-07,2.878215843242042e-07,2.9161655851098345e-07,4.896273179337555
HD62644,47,3.9936428524948067,5297.690758737909,0.12015845496355605,0.3045086326503196,0.3045086326503196,0.3045086326503196,0.3045086326503196,0.3045086326503196,0.3045086326503196,1.0,1.0,1.0,1.0,1.0,1.0,23.4298128061193,5.186277956338171,5.989450810751129,5.12981414523869,5.229940360453855,4.277217477385219,-0.28800000000000003,-1.173,-0.23,-0.37,0.602,2.790935450352649e-07,3.0094050841198437e-07,2.7869893975397107e-07,2.8912445721233036e-07,2.840363896067244e-07,2.922017230612966e-07,5.013712601525963
HD62644,48,3.479637197965785,5258.524335799674,-0.04298778387888447,0.3276328320365182,0.3276328320365182,0.3276328320365182,0.3276328320365182,0.3276328320365182,0.3276328320365182,1.0,1.0,1.0,1.0,1.0,1.0,23.420355686093384,5.186501999894127,6.0041236044763515,5.128289214322502,5.228981425755345,4.278004955581537,-0.302,-1.1740000000000002,-0.245,-0.384,0.5920000000000001,2.8265727950385426e-07,2.9717449464579047e-07,2.8297318883640715e-07,2.9313549172386085e-07,2.8645670520440795e-07,2.9136760858901596e-07,4.995365472577519
HD62644,49,3.5117247711271826,5262.776566217207,-0.10385175958032,0.32701613383871875,0.32701613383871875,0.32701613383871875,0.32701613383871875,0.32701613383871875,0.32701613383871875,1.0,1.0,1.0,1.0,1.0,1.0,23.346864857698787,5.187113731659212,5.988020440101188,5.1303135870713765,5.230036386116918,4.2769696490947515,-0.302,-1.159,-0.24600000000000002,-0.38299999999999995,0.588,2.82498067962601e-07,2.9747659281476937e-07,2.8270633458448853e-07,2.9258120228195446e-07,2.877882875638524e-07,2.91485182873902e-07,4.966067831414999
HD67523,0,2.3132057398818238,6677.794488238764,0.07157972845952777,0.20429730958134137,0.20429730958134137,0.20429730958134137,0.20429730958134137,0.20429730958134137,0.20429730958134137,1.0,1.0,1.0,1.0,1.0,1.0,19.389171829215254,2.914834200239042,3.305951472118718,2.8519262670083543,3.2682159187265927,2.5107070566359697,-0.01,-0.365,0.040999999999999995,-0.051,0.455,1.7503596552655917e-06,1.6930913300470377e-06,1.7696625805092387e-06,1.3127275721901098e-06,1.6549243725346785e-06,1.7159986601344593e-06,20.163897849306636
HD67523,1,2.4602098278686193,6718.536143286896,0.1569666381309501,0.22918401176924114,0.22918401176924114,0.22918401176924114,0.22918401176924114,0.22918401176924114,0.22918401176924114,1.0,1.0,1.0,1.0,1.0,1.0,19.415647237064082,2.913995507824785,3.3283442274748083,2.8428822114600507,3.2801716335865003,2.549963016858147,-0.006,-0.363,0.047,-0.046,0.45399999999999996,1.7452705946952077e-06,1.6554775042805085e-06,1.7746311077407602e-06,1.2923862273668998e-06,1.5976283845261394e-06,1.6913947404463883e-06,19.929102760830624
HD67523,2,2.587836000439607,6695.349688257233,0.03054478846483745,0.18910769524167662,0.18910769524167662,0.18910769524167662,0.18910769524167662,0.18910769524167662,0.18910769524167662,1.0,1.0,1.0,1.0,1.0,1.0,19.460216101293618,2.9179228402651387,3.3186050059714156,2.8373432420170537,3.347749456873208,2.519300461962025,-0.02,-0.37200000000000005,0.03,-0.059000000000000004,0.447,1.7615372791852495e-06,1.6842981524104395e-06,1.8118559972091605e-06,1.229026343615692e-06,1.6540201265346444e-06,1.7151938031203636e-06,20.3024075571378
HD67523,3,1.928964695888982,6762.629632684102,-0.010805531566398255,0.20435263229468836,0.20435263229468836,0.20435263229468836,0.20435263229468836,0.20435263229468836,0.20435263229468836,1.0,1.0,1.0,1.0,1.0,1.0,19.48604314087874,2.912211260343986,3.332487666981521,2.8548995745586967,3.3446130921831165,2.4924657483050563,0.008,-0.301,0.057,-0.031,0.435,1.7257443909145547e-06,1.557635755491447e-06,1.7390062578169679e-06,1.2012011457276937e-06,1.7142520414135145e-06,1.6248792096606901e-06,19.2844575295068
HD67523,4,2.5600549867331974,6774.088461649021,0.010537992185405035,0.1788689210402725,0.1788689210402725,0.1788689210402725,0.1788689210402725,0.1788689210402725,0.1788689210402725,1.0,1.0,1.0,1.0,1.0,1.0,19.519589716301688,2.916044174275339,3.3411244100766724,2.8407977440591727,3.305125061534425,2.5200023265475506,-0.011000000000000001,-0.341,0.038,-0.049,0.433,1.750021180281014e-06,1.6032867764040043e-06,1.7928414194639674e-06,1.2665167855995207e-06,1.6744031949699558e-06,1.661980537954808e-06,19.79275865571703
HD67523,5,2.7732554168196812,6727.11772260262,0.0816865738112784,0.1891214469602191,0.1891214469602191,0.1891214469602191,0.1891214469602191,0.1891214469602191,0.1891214469602191,1.0,1.0,1.0,1.0,1.0,1.0,19.332935023541495,2.913476742617209,3.311332245910458,2.8353420520618386,3.3160777146945897,2.51955905364943,-0.02,-0.374,0.03,-0.057999999999999996,0.445,1.7687655770086915e-06,1.6987445494424198e-06,1.8151986246307834e-06,1.2642410528123323e-06,1.6566751319505112e-06,1.7267529604689286e-06,20.172736570855225
HD67523,6,2.1296842683998145,6672.174993019937,0.18313433358204279,0.20610163569288908,0.20610163569288908,0.20610163569288908,0.20610163569288908,0.20610163569288908,0.20610163569288908,1.0,1.0,1.0,1.0,1.0,1.0,19.3099687229531,2.919155791204373,3.329918142249198,2.850830949864117,3.2811801780546452,2.514275114260594,0.001,-0.366,0.055,-0.042,0.466,1.7258325596625815e-06,1.6576533579884395e-06,1.7487534918820428e-06,1.2864381280503757e-06,1.6328674392813206e-06,1.6849250386580963e-06,19.637344097258495
HD67523,7,2.4919892169265956,6759.199603475845,0.11414168931706413,0.22957650582863834,0.22957650582863834,0.22957650582863834,0.22957650582863834,0.22957650582863834,0.22957650582863834,1.0,1.0,1.0,1.0,1.0,1.0,19.56594895207093,2.9127605870440765,3.306544147981401,2.8354537927613475,3.3573146334479436,2.485793418139038,-0.005,-0.34700000000000003,0.046,-0.043,0.444,1.7456482598112353e-06,1.6643448459327773e-06,1.7884609315167057e-06,1.2004252482527488e-06,1.7105808563069541e-06,1.6968662114841604e-06,20.304320474637667
HD67523,8,2.451537190540955,6756.97790661972,-0.16575980510192723,0.2097176428193941,0.2097176428193941,0.2097176428193941,0.2097176428193941,0.2097176428193941,0.2097176428193941,1.0,1.0,1.0,1.0,1.0,1.0,19.520349488449916,2.9173101497259917,3.3347536158680438,2.828028949411447,3.3501695511477676,2.485685805410517,-0.018000000000000002,-0.33299999999999996,0.028999999999999998,-0.055,0.424,1.7592878960525664e-06,1.6008827621663024e-06,1.8291503095084676e-06,1.2217804009852147e-06,1.7425556336224302e-06,1.6642448157208082e-06,19.821267195233997
HD67523,9,2.2584530883573426,6708.083803835987,0.23613591000758555,0.21557088815209868,0.21557088815209868,0.21557088815209868,0.21557088815209868,0.21557088815209868,0.21557088815209868,1.0,1.0,1.0,1.0,1.0,1.0,19.4951182521612,2.9207112452624706,3.3142840537235845,2.8475366169786325,3.3041250755607012,2.521022035785147,0.004,-0.36200000000000004,0.057999999999999996,-0.038,0.46299999999999997,1.7186066049221012e-06,1.6755112691153458e-06,1.7492276267894002e-06,1.2549052737031917e-06,1.6272420570442658e-06,1.6927494034380478e-06,20.108674418267352
HD67523,10,2.6557562429215817,6737.390916781729,0.19933631743070235,0.2166042260570579,0.2166042260570579,0.2166042260570579,0.2166042260570579,0.2166042260570579,0.2166042260570579,1.0,1.0,1.0,1.0,1.0,1.0,19.5051833863053,2.9219681811586016,3.3128425245251845,2.8485047292571504,3.2997098917421708,2.532706111250944,-0.008,-0.37,0.045,-0.047,0.45399999999999996,1.7356961581148085e-06,1.6901449994571892e-06,1.768719984748681e-06,1.2705068705625886e-06,1.623224279767629e-06,1.708365462920237e-06,20.315143016006587
HD67523,11,2.0056009241186956,6838.884183727765,-0.009315341212382894,0.20238103893135495,0.20238103893135495,0.20238103893135495,0.20238103893135495,0.20238103893135495,0.20238103893135495,1.0,1.0,1.0,1.0,1.0,1.0,19.523114110009278,2.913440940552848,3.3210394815191804,2.827369245227747,3.3008010094498017,2.507595660087478,0.013999999999999999,-0.275,0.061,-0.023,0.42100000000000004,1.7142912104359021e-06,1.5368984833756277e-06,1.7771057682827714e-06,1.2414824107016766e-06,1.7124689692093481e-06,1.6078555741997374e-06,19.155092182415803
HD67523,12,2.585086517817049,6710.86831925424,0.28317352880662205,0.2334323499312324,0.2334323499312324,0.2334323499312324,0.2334323499312324,0.2334323499312324,0.2334323499312324,1.0,1.0,1.0,1.0,1.0,1.0,19.468559829885784,2.913558113280921,3.35612503827423,2.8517343191750917,3.2667967434879963,2.5176670687165505,-0.004,-0.382,0.051,-0.045,0.466,1.7427605855471614e-06,1.6421429468992248e-06,1.7537482350509003e-06,1.3072007165309626e-06,1.6277741492530492e-06,1.6823900023583993e-06,19.93119584297532
HD67523,13,2.2132268664680033,6817.641549066371,0.16297828412860765,0.2229994284179715,0.2229994284179715,0.2229994284179715,0.2229994284179715,0.2229994284179715,0.2229994284179715,1.0,1.0,1.0,1.0,1.0,1.0,19.41319975346743,2.909364297842611,3.3179116512430773,2.8605020941593478,3.3202006642975674,2.5018993268114116,0.013999999999999999,-0.31,0.065,-0.025,0.43799999999999994,1.720740004557846e-06,1.591828639735986e-06,1.7173552298207313e-06,1.221745389817848e-06,1.6947328351395358e-06,1.64339318566473e-06,19.358635993522192
HD67523,14,2.4048693932250176,6735.960152730369,0.19172735565216004,0.2252806096722841,0.2252806096722841,0.2252806096722841,0.2252806096722841,0.2252806096722841,0.2252806096722841,1.0,1.0,1.0,1.0,1.0,1.0,19.489282682374636,2.9152195011927455,3.302930522806189,2.847730238087435,3.2787153471233985,2.508307069452981,0.0,-0.355,0.053,-0.04,0.45399999999999996,1.7336969061104917e-06,1.6822431382265669e-06,1.7569883401268842e-06,1.2869890024276143e-06,1.6601148975302013e-06,1.7028246453801367e-06,20.21625292107898
HD67523,15,2.206520402752179,6674.209826957816,0.010234392537603526,0.20606068025327512,0.20606068025327512,0.20606068025327512,0.20606068025327512,0.20606068025327512,0.20606068025327512,1.0,1.0,1.0,1.0,1.0,1.0,19.54490830202091,2.913283845841401,3.3510098743374632,2.8360138773121997,3.301110522761212,2.515528152756367,-0.01,-0.35700000000000004,0.040999999999999995,-0.051,0.452,1.752860830200584e-06,1.6123414721010975e-06,1.795789482660778e-06,1.273552244365842e-06,1.6521509085358303e-06,1.668549215340892e-06,19.922568138612274
HD67523,16,2.238288296062553,6800.28383264522,-0.06715030903747717,0.2253493084602705,0.2253493084602705,0.2253493084602705,0.2253493084602705,0.2253493084602705,0.2253493084602705,1.0,1.0,1.0,1.0,1.0,1.0,19.515949327483575,2.9159529461166565,3.31331859315345,2.8285885929811516,3.332020613875337,2.5134508482174844,-0.001,-0.306,0.047,-0.038,0.424,1.7341225918716587e-06,1.5926983765345774e-06,1.798148427048659e-06,1.223073985953823e-06,1.6985589942238584e-06,1.6492680626694101e-06,19.634038493594744
HD67523,17,2.4492926990728847,6708.29961346094,0.10489417276692128,0.2283312911041726,0.2283312911041726,0.2283312911041726,0.2283312911041726,0.2283312911041726,0.2283312911041726,1.0,1.0,1.0,1.0,1.0,1.0,19.337893560303215,2.921562241061054,3.332963442851579,2.840952454233876,3.3591173315125875,2.491970351388583,-0.009000000000000001,-0.363,0.042,-0.049,0.452,1.7379451993483644e-06,1.648449311582904e-06,1.7859939892700208e-06,1.2050749034007665e-06,1.6883902442747192e-06,1.684247666689088e-06,19.686264261933534
HD67523,18,2.221576441789406,6738.126836530522,0.0520447882529482,0.1912833394286416,0.1912833394286416,0.1912833394286416,0.1912833394286416,0.1912833394286416,0.1912833394286416,1.0,1.0,1.0,1.0,1.0,1.0,19.40910484645024,2.908172945025588,3.3424804189380475,2.8446985591159883,3.2751021058148426,2.5135345229622383,-0.001,-0.335,0.05,-0.04,0.444,1.7465933272392957e-06,1.5924610072209554e-06,1.7667762434792494e-06,1.291279131229812e-06,1.667428289549343e-06,1.6541139352282917e-06,19.476703723675577
HD67523,19,2.4441505207938587,6702.306173211207,0.1074805837031452,0.2280334166559542,0.2280334166559542,0.2280334166559542,0.2280334166559542,0.2280334166559542,0.2280334166559542,1.0,1.0,1.0,1.0,1.0,1.0,19.32766568076828,2.9145181571138106,3.30679239809939,2.8569510843717096,3.2928857642994918,2.5062855155670736,-0.01,-0.365,0.042,-0.05,0.45299999999999996,1.7508692354509598e-06,1.6917805021911527e-06,1.7598698088556158e-06,1.2820550358877988e-06,1.6647413555056964e-06,1.7154159954950755e-06,20.029370049309936
HD67523,20,2.466760592035468,6802.895869461428,0.194659998457491,0.2311134332772145,0.2311134332772145,0.2311134332772145,0.2311134332772145,0.2311134332772145,0.2311134332772145,1.0,1.0,1.0,1.0,1.0,1.0,19.460694923507184,2.9136151577411864,3.320304123498758,2.840316656043373,3.3258879839276494,2.539776749097634,0.006,-0.33399999999999996,0.057,-0.033,0.44299999999999995,1.7266921378627027e-06,1.6238253807411578e-06,1.7625210487648815e-06,1.224350551136911e-06,1.6291094953666573e-06,1.6649720835897757e-06,19.708912909155238
HD67523,21,2.3668959155749705,6671.018490561355,0.18136940914550326,0.2226667291416602,0.2226667291416602,0.2226667291416602,0.2226667291416602,0.2226667291416602,0.2226667291416602,1.0,1.0,1.0,1.0,1.0,1.0,19.463772701228784,2.9217568957314355,3.318854355402834,2.8458144185775365,3.3377385012041314,2.4946648631243495,-0.006999999999999999,-0.379,0.047,-0.049,0.465,1.734435749061258e-06,1.694803032762911e-06,1.7698448938348853e-06,1.2290387452228083e-06,1.6641598097733755e-06,1.7106561192822497e-06,20.25609798246205
HD67523,22,2.3376890966724475,6619.2320968659815,0.009510106411812866,0.21339407549937164,0.21339407549937164,0.21339407549937164,0.21339407549937164,0.21339407549937164,0.21339407549937164,1.0,1.0,1.0,1.0,1.0,1.0,19.498935373564905,2.922576579735081,3.3143870238622792,2.8560936605078404,3.330045344542085,2.509453344085841,-0.021,-0.386,0.03,-0.063,0.46,1.755619284751736e-06,1.712798070689145e-06,1.7808342941627977e-06,1.2538420678285958e-06,1.649223965237263e-06,1.7299265563141814e-06,20.558361134429244
HD67523,23,1.6312459225911522,6771.474934269812,0.15709161593437815,0.2361860951563094,0.2361860951563094,0.2361860951563094,0.2361860951563094,0.2361860951563094,0.2361860951563094,1.0,1.0,1.0,1.0,1.0,1.0,19.395562489302474,2.9155808930757803,3.3454956900270605,2.8600697433265494,3.337183665441941,2.5214450762599308,0.025,-0.294,0.076,-0.016,0.446,1.6936693076893522e-06,1.5291943989073653e-06,1.7007210118430637e-06,1.1928545966894868e-06,1.6522773298154317e-06,1.5949843624201599e-06,18.754272109026754
HD67523,24,2.67268699892138,6816.122424799328,0.20399817220350583,0.21226732013293664,0.21226732013293664,0.21226732013293664,0.21226732013293664,0.21226732013293664,0.21226732013293664,1.0,1.0,1.0,1.0,1.0,1.0,19.495065179921166,2.917747323623662,3.321774735038715,2.8396537316145403,3.26620607031577,2.5092762650152918,0.0,-0.342,0.052000000000000005,-0.037000000000000005,0.441,1.7296651899349774e-06,1.6336201462833765e-06,1.7717379266906817e-06,1.2983104314670548e-06,1.6786125611252887e-06,1.672038163744017e-06,19.86253128688558
HD67523,25,2.735696929561257,6596.210868577225,0.04900104729210738,0.2053174868048542,0.2053174868048542,0.2053174868048542,0.2053174868048542,0.2053174868048542,0.2053174868048542,1.0,1.0,1.0,1.0,1.0,1.0,19.487548095064117,2.9117772726667077,3.3034578205936134,2.850579320711929,3.331394681583455,2.5158939053527143,-0.036000000000000004,-0.418,0.016,-0.076,0.46299999999999997,1.7978359712233602e-06,1.7818775099519006e-06,1.8131312631865853e-06,1.2673690641478438e-06,1.6349459977746587e-06,1.7882608944604843e-06,21.226789099341023
HD67523,26,2.3740080052107317,6729.793724282449,0.12800333804637143,0.22306894474719394,0.22306894474719394,0.22306894474719394,0.22306894474719394,0.22306894474719394,0.22306894474719394,1.0,1.0,1.0,1.0,1.0,1.0,19.331194535657612,2.915910365621799,3.3321095296565653,2.8184203916757262,3.2621514884001734,2.5003765966039344,-0.003,-0.35200000000000004,0.049,-0.043,0.45,1.7373880433638375e-06,1.6331164853440341e-06,1.8117272558952914e-06,1.3103894239635447e-06,1.6784574497061189e-06,1.6748251085519553e-06,19.562568293600023
HD67523,27,2.2672370405175206,6732.26416355173,0.03030498125904236,0.1908247828607889,0.1908247828607889,0.1908247828607889,0.1908247828607889,0.1908247828607889,0.1908247828607889,1.0,1.0,1.0,1.0,1.0,1.0,19.58467350793379,2.917430945327182,3.320746889112552,2.8530138799499833,3.2562089321739793,2.4904859265768047,-0.004,-0.33899999999999997,0.046,-0.044000000000000004,0.44299999999999995,1.7365552147654804e-06,1.6306554976371178e-06,1.759768026446524e-06,1.3187953335824943e-06,1.7047731788149637e-06,1.6730153844884627e-06,20.05726127154734
HD67523,28,2.4492751212107513,6745.278831582274,0.1579487234941191,0.22833834477444265,0.22833834477444265,0.22833834477444265,0.22833834477444265,0.22833834477444265,0.22833834477444265,1.0,1.0,1.0,1.0,1.0,1.0,19.49525757814449,2.920484519646627,3.318565029422875,2.8480063537430733,3.2823710090469023,2.496175099922595,-0.002,-0.35200000000000004,0.05,-0.042,0.45,1.7284911759292779e-06,1.6536171312294643e-06,1.7614017891404726e-06,1.285027941501025e-06,1.6849651959649743e-06,1.6835667491093895e-06,19.99987679569641
HD67523,29,2.6311541052161456,6767.540155836421,0.22783498376230338,0.2167585590766033,0.2167585590766033,0.2167585590766033,0.2167585590766033,0.2167585590766033,0.2167585590766033,1.0,1.0,1.0,1.0,1.0,1.0,19.41046936058028,2.9131580626367892,3.3211963221058487,2.844909822023172,3.3313662349072866,2.544524618467624,-0.002,-0.359,0.051,-0.040999999999999995,0.451,1.7401943312200157e-06,1.660284241333107e-06,1.7648063015734361e-06,1.2271975531176937e-06,1.610093613082953e-06,1.6922482772878707e-06,19.928526120424237
HD67523,30,1.987959206589819,6733.680732205491,0.20615522195732805,0.20194479875946048,0.20194479875946048,0.20194479875946048,0.20194479875946048,0.20194479875946048,0.20194479875946048,1.0,1.0,1.0,1.0,1.0,1.0,19.744239016733296,2.922772530780707,3.312023045091059,2.837530338170819,3.265027537347282,2.536254241123602,0.013999999999999999,-0.33299999999999996,0.067,-0.027999999999999997,0.457,1.6996205063680916e-06,1.6347515454376902e-06,1.750849592264854e-06,1.288991221617975e-06,1.6134639941477451e-06,1.6606991298098505e-06,20.23535291216955
HD67523,31,2.3659881620264405,6688.672330253796,-0.05598412706011034,0.2103666857441536,0.2103666857441536,0.2103666857441536,0.2103666857441536,0.2103666857441536,0.2103666857441536,1.0,1.0,1.0,1.0,1.0,1.0,19.435958632354463,2.91616493181292,3.3295519766901696,2.8501082070515897,3.28632998005639,2.4916359206143133,-0.017,-0.35700000000000004,0.032,-0.055999999999999994,0.44299999999999995,1.7595232176727859e-06,1.6445238790245457e-06,1.787383283247853e-06,1.2969671689409174e-06,1.7029684668645134e-06,1.690523614483842e-06,19.960535995682
HD67523,32,2.3216309611713286,6670.210862356011,0.09418518074967264,0.2171226229801116,0.2171226229801116,0.2171226229801116,0.2171226229801116,0.2171226229801116,0.2171226229801116,1.0,1.0,1.0,1.0,1.0,1.0,19.445865402813457,2.9219247635323504,3.3167129759665532,2.8375245395700652,3.250223784901676,2.490876245674272,-0.01,-0.37,0.042,-0.051,0.45799999999999996,1.7389659135100342e-06,1.6841306673245617e-06,1.7916416869129638e-06,1.3346625073962136e-06,1.6807784701857015e-06,1.7060647657987504e-06,20.1645757903422
HD67523,33,2.6434220228423264,6671.938243277419,-0.004798908039493857,0.20704725486810877,0.20704725486810877,0.20704725486810877,0.20704725486810877,0.20704725486810877,0.20704725486810877,1.0,1.0,1.0,1.0,1.0,1.0,19.65101866840933,2.9209865637832992,3.3282893505598934,2.8405010934201917,3.2827860066054284,2.540976139439157,-0.027000000000000003,-0.382,0.023,-0.066,0.44799999999999995,1.7679352257289219e-06,1.6847878985530662e-06,1.81827906005835e-06,1.313247467575275e-06,1.619834031257895e-06,1.7180468294234083e-06,20.736915557455124
HD67523,34,2.390774438522696,6685.335279870199,0.06338793766009092,0.20519496958395395,0.20519496958395395,0.20519496958395395,0.20519496958395395,0.20519496958395395,0.20519496958395395,1.0,1.0,1.0,1.0,1.0,1.0,19.327951081213712,2.9156584009481556,3.3326711140204597,2.8423906148421696,3.325925695412251,2.5036742179711338,-0.012,-0.366,0.039,-0.053,0.45299999999999996,1.752256236065205e-06,1.6534555682850307e-06,1.7885650033227097e-06,1.247069611426806e-06,1.6687500335880244e-06,1.6929758353971003e-06,19.767940268924225
HD67523,35,2.5976251364974114,6714.234142518404,-0.04316262452292867,0.18502718258247536,0.18502718258247536,0.18502718258247536,0.18502718258247536,0.18502718258247536,0.18502718258247536,1.0,1.0,1.0,1.0,1.0,1.0,19.322119532165484,2.9095799588966975,3.3203958478350937,2.834620434041564,3.2955140340138525,2.5085704848735997,-0.022000000000000002,-0.363,0.027000000000000003,-0.06,0.43799999999999994,1.7783981220261233e-06,1.6676412746156883e-06,1.8214313238068769e-06,1.29078931299103e-06,1.6843517057002444e-06,1.7119440135798622e-06,19.97736073946323
HD67523,36,2.2687167264214727,6639.225942804151,0.1922642182068003,0.215665913572181,0.215665913572181,0.215665913572181,0.215665913572181,0.215665913572181,0.215665913572181,1.0,1.0,1.0,1.0,1.0,1.0,19.373471639775115,2.9189765375596575,3.348856480637627,2.8497421328753068,3.3254965490757753,2.5156750538416133,-0.006999999999999999,-0.38799999999999996,0.047,-0.05,0.47100000000000003,1.7388829917821913e-06,1.662334362533855e-06,1.7634539430842815e-06,1.2441202386729683e-06,1.6232707126504146e-06,1.6929538142331895e-06,19.860905189907538
HD67523,37,2.7654065783846846,6719.008335086866,0.13165822156640894,0.20003977555211613,0.20003977555211613,0.20003977555211613,0.20003977555211613,0.20003977555211613,0.20003977555211613,1.0,1.0,1.0,1.0,1.0,1.0,19.48072116146287,2.916601374166909,3.3419941984618933,2.833054610531012,3.31254199047088,2.5338897367673607,-0.018000000000000002,-0.379,0.034,-0.055999999999999994,0.45,1.7604367454236428e-06,1.6590645943218685e-06,1.812337723989894e-06,1.2660305292506486e-06,1.6274403516592263e-06,1.6996134547625781e-06,20.160404705255417
HD67523,38,2.579614371084504,6845.587770932609,-0.04280789650371579,0.18910925211680504,0.18910925211680504,0.18910925211680504,0.18910925211680504,0.18910925211680504,0.18910925211680504,1.0,1.0,1.0,1.0,1.0,1.0,19.320820645896042,2.91736213891719,3.3131455040894595,2.8327293853217657,3.2742873334382194,2.511248343281517,-0.008,-0.316,0.04,-0.043,0.41700000000000004,1.743075180584836e-06,1.6076917124294003e-06,1.8028899612012729e-06,1.2958240656322621e-06,1.7130168595631736e-06,1.6618450996915746e-06,19.390129257613808
HD67523,39,2.2490261045725544,6756.283853354398,0.0532522385741827,0.18808342761706157,0.18808342761706157,0.18808342761706157,0.18808342761706157,0.18808342761706157,0.18808342761706157,1.0,1.0,1.0,1.0,1.0,1.0,19.444484435508766,2.918867449582056,3.3322365572130983,2.833007260808674,3.3447514547841384,2.480800702826963,0.0,-0.33,0.05,-0.039,0.441,1.7278816592681023e-06,1.600170839187421e-06,1.7859038368534059e-06,1.2099304112345554e-06,1.7232198691595548e-06,1.6512551672196935e-06,19.5139900812927
HD67523,40,2.10433948327326,6702.950926544864,0.19005418275982403,0.20441624827835914,0.20441624827835914,0.20441624827835914,0.20441624827835914,0.20441624827835914,0.20441624827835914,1.0,1.0,1.0,1.0,1.0,1.0,19.490545922659656,2.913179994598066,3.3385778422032977,2.8435530008131136,3.267518993105068,2.5051823210709094,0.006,-0.35200000000000004,0.06,-0.036000000000000004,0.461,1.72738433489351e-06,1.6234160590700084e-06,1.7524263482967777e-06,1.295547609761077e-06,1.6542001132040706e-06,1.6650033693994088e-06,19.769794248681837
HD67523,41,2.2504361705875806,6663.263996299172,0.1504935083745476,0.21440720450563347,0.21440720450563347,0.21440720450563347,0.21440720450563347,0.21440720450563347,0.21440720450563347,1.0,1.0,1.0,1.0,1.0,1.0,19.36280467182137,2.913624591545823,3.343407423681896,2.830912685567627,3.3328216135409203,2.4982158869242017,-0.006,-0.373,0.048,-0.048,0.46399999999999997,1.7458669272669332e-06,1.6477753630946964e-06,1.7926516302787603e-06,1.2334806166487028e-06,1.6602543235070399e-06,1.6870119887635913e-06,19.769410668746335
HD67523,42,2.436689116287601,6604.397987091823,0.14627273640398317,0.22858689303873414,0.22858689303873414,0.22858689303873414,0.22858689303873414,0.22858689303873414,0.22858689303873414,1.0,1.0,1.0,1.0,1.0,1.0,19.479525036391255,2.914532285274267,3.320934732063432,2.8362747005595526,3.3143866209063164,2.542646644652469,-0.019,-0.406,0.034,-0.062,0.47200000000000003,1.7654200741314087e-06,1.7341516833452466e-06,1.8069706329062617e-06,1.270885211974199e-06,1.5819848377989062e-06,1.7466590396597115e-06,20.715903915785713
HD67523,43,2.2331026779684287,6723.55125938226,0.09570158769292135,0.21123984693222514,0.21123984693222514,0.21123984693222514,0.21123984693222514,0.21123984693222514,0.21123984693222514,1.0,1.0,1.0,1.0,1.0,1.0,19.5349746608808,2.924787458433601,3.3301263104271928,2.8434872379181777,3.3004190989538214,2.491307739589108,-0.001,-0.344,0.051,-0.040999999999999995,0.449,1.7200694848900691e-06,1.6240913394723825e-06,1.767120151701861e-06,1.2626800973016442e-06,1.6940954608145791e-06,1.6624825976394572e-06,19.829959981029116
HD67523,44,2.6883038879609753,6783.452583389728,0.13897475568910383,0.2089129470114257,0.2089129470114257,0.2089129470114257,0.2089129470114257,0.2089129470114257,0.2089129470114257,1.0,1.0,1.0,1.0,1.0,1.0,19.470019883554524,2.9175634148358256,3.3168194155495585,2.8593129521599314,3.236254200972397,2.5015479577046933,-0.006999999999999999,-0.35200000000000004,0.043,-0.045,0.441,1.7411476808048572e-06,1.6562779052853738e-06,1.7544289851902621e-06,1.3444953181605277e-06,1.6906036082600378e-06,1.6902258154931672e-06,20.02702989039379
HD67523,45,2.143441077188284,6667.642124082963,0.0809314938763514,0.20744155586201993,0.20744155586201993,0.20744155586201993,0.20744155586201993,0.20744155586201993,0.20744155586201993,1.0,1.0,1.0,1.0,1.0,1.0,19.315712934978887,2.9145689260454177,3.2972521101154326,2.853982948237916,3.2344946822452543,2.5088365129658503,-0.005,-0.36,0.047,-0.047,0.45799999999999996,1.7427432296131225e-06,1.6988699346587146e-06,1.7565794405089736e-06,1.349158897262262e-06,1.6532037032588733e-06,1.7164192526404778e-06,20.016303959826597
HD67523,46,2.4479560812694587,6730.434040393242,0.15055237764126783,0.2282099812822743,0.2282099812822743,0.2282099812822743,0.2282099812822743,0.2282099812822743,0.2282099812822743,1.0,1.0,1.0,1.0,1.0,1.0,19.2159121360429,2.916735600354019,3.324979755071263,2.8330279124201345,3.2962345605716687,2.513700166139478,-0.004,-0.35700000000000004,0.048,-0.044000000000000004,0.452,1.7376677241222859e-06,1.6514638539611476e-06,1.7891625934403545e-06,1.2710632153999826e-06,1.65493487534993e-06,1.6859454020256028e-06,19.45828410592322
HD67523,47,2.402012273110815,6706.197860050561,0.1502386695432418,0.22498188368891275,0.22498188368891275,0.22498188368891275,0.22498188368891275,0.22498188368891275,0.22498188368891275,1.0,1.0,1.0,1.0,1.0,1.0,19.56663563212302,2.90859338532909,3.3252325565607284,2.8478623544338,3.2822374745237233,2.5152764006488195,-0.005,-0.364,0.047,-0.046,0.456,1.7523611671106062e-06,1.6617586649860434e-06,1.7665097258414304e-06,1.2899295293355417e-06,1.6464570815670306e-06,1.6979996658358685e-06,20.319309299568136
HD67523,48,2.925989006332691,6676.984321244501,0.0725387057670433,0.1892580561733474,0.1892580561733474,0.1892580561733474,0.1892580561733474,0.1892580561733474,0.1892580561733474,1.0,1.0,1.0,1.0,1.0,1.0,19.436984242218163,2.9156721182744105,3.3071780616313697,2.826487056004173,3.300622467438447,2.494011654141346,-0.032,-0.4,0.019,-0.07,0.451,1.7848105620590564e-06,1.7465850963187282e-06,1.8486987698547025e-06,1.2966178249303317e-06,1.6867717271951946e-06,1.7618752826148595e-06,20.805202796516223
HD67523,49,2.3616287840891643,6868.993480905499,0.07383310275255599,0.18783885763316038,0.18783885763316038,0.18783885763316038,0.18783885763316038,0.18783885763316038,0.18783885763316038,1.0,1.0,1.0,1.0,1.0,1.0,19.390367993002233,2.9183307510103274,3.3118402444495127,2.8439643560241183,3.332694677339773,2.5069664163985044,0.01,-0.295,0.057999999999999996,-0.027000000000000003,0.42200000000000004,1.7128868459640505e-06,1.5787918537571956e-06,1.7549923682232995e-06,1.209993684940041e-06,1.7118842965390641e-06,1.6324298506399375e-06,19.184286674804397
HD121370,0,3.9121171948096616,,0.3033089701142734,,,,,,,1.0,1.0,1.0,1.0,1.0,1.0,,2.796277020149131,3.3665189631453063,2.715873016452779,3.2272047943132547,2.3473047328497776,0.006999999999999999,-0.159,0.045,-0.008,0.213,1.9219857640885124e-06,1.3245043512631757e-06,1.9985350444992476e-06,1.3103250899294357e-06,2.4040255636093257e-06,1.5634969163933104e-06,
HD121370,1,3.601670879319252,,0.3179249077051817,,,,,,,1.0,1.0,1.0,1.0,1.0,1.0,,2.7961942053270317,3.3630844336295396,2.709880662413482,3.279490727476288,2.3434517178389607,0.023,-0.122,0.057999999999999996,0.006999999999999999,0.212,1.8940144694761713e-06,1.2841838419995224e-06,1.985677476641186e-06,1.231585830451968e-06,2.4147951087435236e-06,1.5281160929901821e-06,
HD121370,2,3.893743166876916,,0.49099967731489214,,,,,,,1.0,1.0,1.0,1.0,1.0,1.0,,2.795234444483182,3.381817804525745,2.7234328479265293,3.2427554914585635,2.35304825312877,0.024,-0.149,0.063,0.008,0.228,1.8939442755088199e-06,1.2939987381497153e-06,1.952036057000475e-06,1.2727959304427091e-06,2.358531458889674e-06,1.533976953093357e-06,
HD121370,3,3.6351888316292285,,0.3574234585072432,,,,,,,1.0,1.0,1.0,1.0,1.0,1.0,,2.795728613260416,3.409270372068499,2.709175523110907,3.247123974797111,2.38625320905615,0.025,-0.125,0.06,0.009000000000000001,0.215,1.8913396593271963e-06,1.2341070287605054e-06,1.9833107478590094e-06,1.266518053284739e-06,2.3150463525554786e-06,1.4970000809871816e-06,
HD121370,4,3.375661747837401,,0.32502342088528635,,,,,,,1.0,1.0,1.0,1.0,1.0,1.0,,2.795613439138076,3.376863830869827,2.722277843199811,3.2393444451004383,2.3908511308510327,0.033,-0.09699999999999999,0.066,0.017,0.21100000000000002,1.8776541392636223e-06,1.2391259218780352e-06,1.948721772189071e-06,1.2662608994108997e-06,2.31377179287347e-06,1.4945372088322701e-06,
HD121370,5,4.020914721218126,,0.37215823041796886,,,,,,,1.0,1.0,1.0,1.0,1.0,1.0,,2.796602477923984,3.377949745738382,2.7111755289833037,3.23270115642689,2.3641580927718993,0.008,-0.16899999999999998,0.047,-0.006999999999999999,0.21899999999999997,1.919640851387407e-06,1.3227600696927348e-06,2.0035065336183127e-06,1.3025083378604403e-06,2.353952730287071e-06,1.5615123823706034e-06,
HD121370,6,3.9905897187908215,,0.4611572092068529,,,,,,,1.0,1.0,1.0,1.0,1.0,1.0,,2.7954850219416274,3.4023441433593473,2.70201916158574,3.2935034083630836,2.3635269351350643,0.017,-0.161,0.055999999999999994,0.001,0.226,1.9057545523603472e-06,1.283876700032901e-06,2.0037950987981807e-06,1.2225302423556947e-06,2.3401850500263963e-06,1.5326278409638796e-06,
HD121370,7,4.057649445474264,,0.17177733374871595,,,,,,,1.0,1.0,1.0,1.0,1.0,1.0,,2.7953153627478327,3.3495446382231915,2.7149767177402278,3.2335737532541104,2.329059189472561,-0.011000000000000001,-0.183,0.027999999999999997,-0.025,0.204,1.955846780696432e-06,1.3754446529996757e-06,2.0317500894368482e-06,1.3232182233111798e-06,2.4651156499504762e-06,1.6076055040783782e-06,
HD121370,8,3.494598965820413,,0.43821290191766216,,,,,,,1.0,1.0,1.0,1.0,1.0,1.0,,2.7962530014590303,3.3871142249890998,2.7116294042122195,3.2568882869774116,2.37219486423492,0.036000000000000004,-0.107,0.071,0.02,0.22,1.871370478507823e-06,1.238840185740825e-06,1.9588862281127164e-06,1.2425264997772568e-06,2.3344416814448638e-06,1.4918523028476242e-06,
HD121370,9,3.850071043065983,,0.2411197094142293,,,,,,,1.0,1.0,1.0,1.0,1.0,1.0,,2.7954217586425374,3.3950281100314306,2.711913164406822,3.267149238513078,2.3749097283437046,0.005,-0.155,0.043,-0.01,0.20800000000000002,1.927046840735077e-06,1.2854338452577581e-06,2.0095356209147465e-06,1.2653226412709985e-06,2.354491263491535e-06,1.5420790434486858e-06,
HD121370,10,3.8096108574898713,,0.3385394274866736,,,,,,,1.0,1.0,1.0,1.0,1.0,1.0,,2.795720881571743,3.3616703730930726,2.7357347553021727,3.2460423985757862,2.372773599170767,0.015,-0.146,0.052000000000000005,-0.0,0.215,1.9088536029087085e-06,1.314597570721509e-06,1.9496967714004526e-06,1.2783330438217164e-06,2.343967226040726e-06,1.5522999835963887e-06,
HD121370,11,3.8889316054012593,,0.4686739114857157,,,,,,,1.0,1.0,1.0,1.0,1.0,1.0,,2.795281346715897,3.3799737594367145,2.7177854109470134,3.269567994671946,2.3861623565496908,0.022000000000000002,-0.149,0.061,0.006,0.226,1.8973543003170214e-06,1.2961983696472747e-06,1.965833855789365e-06,1.2440383734949587e-06,2.2919019389443516e-06,1.5366607419151736e-06,
HD121370,12,3.8393119474606103,,0.37803417930695044,,,,,,,1.0,1.0,1.0,1.0,1.0,1.0,,2.795570183040457,3.368003106673747,2.71765611020365,3.2647511297931295,2.325666919653254,0.017,-0.14800000000000002,0.054000000000000006,0.001,0.218,1.9056050779426398e-06,1.3093619975690679e-06,1.978784639969737e-06,1.2553375585755728e-06,2.441148542408618e-06,1.5478592297184968e-06,
HD121370,13,4.244494614586695,,0.32087667333411796,,,,,,,1.0,1.0,1.0,1.0,1.0,1.0,,2.7961251019262243,3.3742288935260096,2.7042726075462205,3.2366746217679148,2.3254441847169223,-0.008,-0.198,0.033,-0.022000000000000002,0.217,1.948995937480542e-06,1.36323088635763e-06,2.042452342003537e-06,1.3158037686102193e-06,2.44389926489635e-06,1.5975369068067949e-06,
HD121370,14,3.921198655995383,,0.2393744295207373,,,,,,,1.0,1.0,1.0,1.0,1.0,1.0,,2.795816404454929,3.398634892463118,2.709231430364492,3.234485235481547,2.3621397598582394,0.002,-0.163,0.04,-0.013000000000000001,0.20800000000000002,1.9316765732323772e-06,1.2906456371039892e-06,2.020079226030046e-06,1.3075758186122127e-06,2.3823472847852614e-06,1.5470580115553447e-06,
HD121370,15,3.8257397735885657,,0.47554682563797007,,,,,,,1.0,1.0,1.0,1.0,1.0,1.0,,2.795651657809018,3.3775720401831895,2.7138098974460645,3.255345675666416,2.3898455327424784,0.025,-0.142,0.064,0.009000000000000001,0.226,1.8914737195665662e-06,1.2907203535669217e-06,1.9676009141448928e-06,1.2569636089619106e-06,2.284140222374199e-06,1.5310216999667796e-06,
HD121370,16,3.940839275262139,,0.32275444952666427,,,,,,,1.0,1.0,1.0,1.0,1.0,1.0,,2.7950339451205513,3.3761132295154934,2.725168997918008,3.2480577521297342,2.3665137155296203,0.006999999999999999,-0.162,0.046,-0.008,0.215,1.9241875334679333e-06,1.3164842958350274e-06,1.9796726149309945e-06,1.2853987516170453e-06,2.3575205573231814e-06,1.5595655908881898e-06,
HD121370,17,4.011792424670486,,0.37499994532042796,,,,,,,1.0,1.0,1.0,1.0,1.0,1.0,,2.7954099279330076,3.397459216656144,2.734371362176594,3.2182676476427456,2.3342292548030303,0.008,-0.168,0.048,-0.006999999999999999,0.21899999999999997,1.9217505032276288e-06,1.2980077573726966e-06,1.9593518431114494e-06,1.3199391656660692e-06,2.4197431701703574e-06,1.5475048557146696e-06,
HD121370,18,4.07174018422481,,0.3057566240756271,,,,,,,1.0,1.0,1.0,1.0,1.0,1.0,,2.7952776833548096,3.3889274404904115,2.717836373952262,3.318114721760999,2.354095238626429,-0.001,-0.17800000000000002,0.039,-0.015,0.214,1.9379827242218904e-06,1.3203528233333837e-06,2.0059791979197628e-06,1.2128723232804869e-06,2.3868376466829162e-06,1.5674047836887866e-06,
HD121370,19,3.922238919521796,,0.37091398072909065,,,,,,,1.0,1.0,1.0,1.0,1.0,1.0,,2.795750445349568,3.3942906493623086,2.7129011664115725,3.24935250451287,2.3608159531756416,0.012,-0.158,0.051,-0.003,0.218,1.9140831340902857e-06,1.2898663555051342e-06,1.9929688377040506e-06,1.277967980873707e-06,2.3633856451877533e-06,1.5395530669391948e-06,
HD121370,20,3.8044908007527067,,0.2817447163841551,,,,,,,1.0,1.0,1.0,1.0,1.0,1.0,,2.7958483367602667,3.363940122630135,2.721259868535748,3.2109176972922144,2.3001143322151227,0.011000000000000001,-0.14800000000000002,0.048,-0.004,0.21100000000000002,1.91567415441871e-06,1.3142710014896837e-06,1.983156680333804e-06,1.325238046785041e-06,2.5154474083272072e-06,1.5548322626612944e-06,
HD121370,21,4.092842887464828,,0.3711213462855662,,,,,,,1.0,1.0,1.0,1.0,1.0,1.0,,2.7952212155273046,3.380276851667036,2.725525751943333,3.229714295256952,2.35822056356855,0.004,-0.177,0.044000000000000004,-0.011000000000000001,0.22,1.929178834074109e-06,1.3296894835999302e-06,1.9826710891785314e-06,1.310917184415373e-06,2.364682020065297e-06,1.5694852237896016e-06,
HD121370,22,3.692599296114382,,0.2489629723898883,,,,,,,1.0,1.0,1.0,1.0,1.0,1.0,,2.79665802197006,3.3739909076082837,2.714018339123014,3.2761090121769554,2.3453631076771035,0.013999999999999999,-0.136,0.049,-0.002,0.207,1.908964120776812e-06,1.2878480110892935e-06,1.9945900075397465e-06,1.2457112017955772e-06,2.421674292840965e-06,1.5362944549643009e-06,
HD121370,23,3.3297933670841493,,0.34184968237057717,,,,,,,1.0,1.0,1.0,1.0,1.0,1.0,,2.79571361629614,3.3876761852990644,2.7235139697410395,3.300360385587102,2.357233506905612,0.036000000000000004,-0.092,0.068,0.02,0.212,1.8723003915344237e-06,1.221210417893436e-06,1.942922093306006e-06,1.193759444090862e-06,2.384336635931359e-06,1.481646407349831e-06,
HD121370,24,3.672414592772016,,0.3804386953896308,,,,,,,1.0,1.0,1.0,1.0,1.0,1.0,,2.7958614453876875,3.3961267981069874,2.7242097005208716,3.285512644658828,2.3679521344233363,0.025,-0.128,0.061,0.009000000000000001,0.217,1.8911082814826329e-06,1.2525937932655875e-06,1.9542363826754045e-06,1.2225198424051396e-06,2.350066333125511e-06,1.5079995885524057e-06,
HD121370,25,3.7432387416922364,,0.2383396302825552,,,,,,,1.0,1.0,1.0,1.0,1.0,1.0,,2.7959931436292074,3.378326660038971,2.722063430233092,3.27025389289622,2.3702063253610186,0.011000000000000001,-0.142,0.046,-0.005,0.207,1.9154186740571558e-06,1.2898235751411898e-06,1.9853432449954035e-06,1.2559125998281502e-06,2.366892014904752e-06,1.5400616147075761e-06,
HD121370,26,3.89021205448868,,0.19821648693837646,,,,,,,1.0,1.0,1.0,1.0,1.0,1.0,,2.7954752614074794,3.376095677773673,2.704883216477707,3.2853894764368605,2.3487167858683136,0.0,-0.162,0.037000000000000005,-0.015,0.205,1.935846288081031e-06,1.3165055779651968e-06,2.033797401168065e-06,1.2499861012581259e-06,2.4186568702588307e-06,1.5642418620115305e-06,
HD121370,27,3.42292365497344,,0.36132100359406427,,,,,,,1.0,1.0,1.0,1.0,1.0,1.0,,2.795963607920375,3.4125572055330005,2.7118141201184205,3.2822180063391753,2.358073249086327,0.034,-0.10099999999999999,0.067,0.017,0.214,1.8753206310410814e-06,1.2034778248577723e-06,1.965781875653933e-06,1.2172331520325324e-06,2.3781085536774296e-06,1.472214947331096e-06,
HD121370,28,3.6109987290016177,,0.32479974507086695,,,,,,,1.0,1.0,1.0,1.0,1.0,1.0,,2.7959887933512877,3.3840936824038748,2.7057514192020475,3.268568151807395,2.360211268835632,0.023,-0.12300000000000001,0.057999999999999996,0.006999999999999999,0.212,1.8943728346643675e-06,1.2607341058140406e-06,1.993243731460581e-06,1.244038193448909e-06,2.3778062656228793e-06,1.5141895973541713e-06,
HD121370,29,3.510230488789897,,0.35322157796987136,,,,,,,1.0,1.0,1.0,1.0,1.0,1.0,,2.7963014380726987,3.3607915545102816,2.7292262223701265,3.2802895722609233,2.3235842147388897,0.03,-0.111,0.064,0.013000000000000001,0.214,1.8816567355781461e-06,1.273926444292213e-06,1.939860436529778e-06,1.2238977763515835e-06,2.454863161312807e-06,1.5170185608065863e-06,
HD121370,30,3.7061181930718763,,0.29386673099578947,,,,,,,1.0,1.0,1.0,1.0,1.0,1.0,,2.795701903706716,3.3769158481457238,2.734651098852837,3.2794036151284405,2.331014746350106,0.016,-0.135,0.052000000000000005,0.001,0.21100000000000002,1.9071296280862839e-06,1.2832008404288188e-06,1.951643704918338e-06,1.2385100315481256e-06,2.444866085092216e-06,1.5327723554918049e-06,
HD121370,31,3.9292416817462685,,0.507253665896382,,,,,,,1.0,1.0,1.0,1.0,1.0,1.0,,2.795677348421593,3.379725576709629,2.709266328627144,3.241791994501218,2.3396102908720375,0.023,-0.152,0.063,0.008,0.22899999999999998,1.8949163160735167e-06,1.3000819956654715e-06,1.9776728122739328e-06,1.2739259280379204e-06,2.385705645611624e-06,1.5380157238286897e-06,
HD121370,32,3.7928202883738162,,0.24206137367894828,,,,,,,1.0,1.0,1.0,1.0,1.0,1.0,,2.795325024922555,3.3617376397619085,2.7287636335252072,3.275734003843249,2.3605211604046126,0.008,-0.14800000000000002,0.045,-0.006999999999999999,0.20800000000000002,1.921900787230358e-06,1.3169397872740447e-06,1.974947345186236e-06,1.251893467079274e-06,2.3859015014619135e-06,1.55892418725657e-06,
HD121370,33,3.979230596947699,,0.3043100588815253,,,,,,,1.0,1.0,1.0,1.0,1.0,1.0,,2.795840179986588,3.38050380884889,2.7113539709224868,3.301258644446841,2.3416321799816364,0.004,-0.16699999999999998,0.043,-0.011000000000000001,0.213,1.928079347085788e-06,1.3172234421746997e-06,2.0105708711427244e-06,1.2273191676419117e-06,2.41661853794414e-06,1.5615658041391347e-06,
HD121370,34,3.335853138702265,,0.26570156916125637,,,,,,,1.0,1.0,1.0,1.0,1.0,1.0,,2.794890964222793,3.3717351972250964,2.7341109225462077,3.2716280418201147,2.3410134131561704,0.031,-0.095,0.062,0.013999999999999999,0.20600000000000002,1.8823682499412913e-06,1.2427017094500548e-06,1.934713248489333e-06,1.2325647916744099e-06,2.4336359341008947e-06,1.4985683256465493e-06,
HD121370,35,3.5093306049858777,,0.5539094431812821,,,,,,,1.0,1.0,1.0,1.0,1.0,1.0,,2.795861125664048,3.336576805559095,2.7223038084995883,3.1947054065427793,2.3236265099641815,0.045,-0.105,0.08,0.027999999999999997,0.22899999999999998,1.856592212096057e-06,1.2954786272658303e-06,1.9237093296281005e-06,1.3061071653653818e-06,2.4210868599306625e-06,1.519924061197921e-06,
HD121370,36,4.18063362191214,,0.31168262237058825,,,,,,,1.0,1.0,1.0,1.0,1.0,1.0,,2.795521844623868,3.385803130068168,2.7226180979290895,3.3038754681101272,2.3582164556156964,-0.006,-0.191,0.035,-0.02,0.21600000000000003,1.9464902684526122e-06,1.3401077618385573e-06,2.0045354239670367e-06,1.2345559797943472e-06,2.37341887801554e-06,1.5826607644841794e-06,
HD121370,37,3.642205667005693,,0.24581353463611738,,,,,,,1.0,1.0,1.0,1.0,1.0,1.0,,2.7957786758324756,3.3855990609444304,2.7273096214534167,3.2432027891391644,2.347896695080171,0.016,-0.13,0.051,0.0,0.207,1.9069947802119436e-06,1.2671305166070595e-06,1.9666955089777157e-06,1.2816807424292453e-06,2.4160298551434965e-06,1.5230762220490131e-06,
HD121370,38,3.7564493455272734,,0.35864858137720623,,,,,,,1.0,1.0,1.0,1.0,1.0,1.0,,2.795481991088124,3.394159223956132,2.7106803575686635,3.290274833879043,2.3759481388587718,0.019,-0.139,0.055999999999999994,0.003,0.21600000000000003,1.9022525642418803e-06,1.2676439412968895e-06,1.9878738998891702e-06,1.2239143903275764e-06,2.3349722260157734e-06,1.5214873904748858e-06,
HD121370,39,3.6615787664356145,,0.3410872855463827,,,,,,,1.0,1.0,1.0,1.0,1.0,1.0,,2.7953663841244802,3.3946813343857047,2.7085363864180327,3.249734561078676,2.367508411018097,0.022000000000000002,-0.128,0.057999999999999996,0.006,0.214,1.8972057008931324e-06,1.2542625085979692e-06,1.988137514077796e-06,1.2669723882873734e-06,2.3575320753378305e-06,1.5114397855160343e-06,
HD121370,40,3.7511003437427144,,0.46918918859064873,,,,,,,1.0,1.0,1.0,1.0,1.0,1.0,,2.7961496408189466,3.370566487455934,2.715467179353245,3.2241267218014675,2.3599599531300552,0.027999999999999997,-0.134,0.065,0.012,0.225,1.8853896484971687e-06,1.2895386984896277e-06,1.962791203184552e-06,1.2900611179231181e-06,2.3500494096654747e-06,1.527879078492644e-06,
HD121370,41,3.818447949070568,,0.1011066391752079,,,,,,,1.0,1.0,1.0,1.0,1.0,1.0,,2.7963755712389853,3.386850815083294,2.731518377350169,3.2682174377506814,2.3637856517588496,-0.003,-0.157,0.033,-0.018000000000000002,0.198,1.939593616619388e-06,1.2975396822180396e-06,1.991836212123401e-06,1.273426840865127e-06,2.4007487639497193e-06,1.554361255978579e-06,
HD121370,42,3.6860890088702405,,0.3591825110538447,,,,,,,1.0,1.0,1.0,1.0,1.0,1.0,,2.795500770480209,3.383900730818144,2.7120834136063436,3.2275561820430343,2.3447504796001293,0.022000000000000002,-0.131,0.057999999999999996,0.006999999999999999,0.215,1.8969708899131995e-06,1.2702835741037764e-06,1.981653000481544e-06,1.2919285681992801e-06,2.405253098556308e-06,1.5209585004275455e-06,
HD121370,43,3.7735457434694957,,0.4190485176225671,,,,,,,1.0,1.0,1.0,1.0,1.0,1.0,,2.796046454939403,3.3803322750808205,2.7251241676294686,3.248775500971354,2.403425292599119,0.023,-0.138,0.06,0.006999999999999999,0.221,1.894272230442895e-06,1.2827087716105873e-06,1.9543903409497293e-06,1.2669246154163378e-06,2.2661615030725202e-06,1.5273341551435106e-06,
HD121370,44,3.622654177086085,,0.39357805781181243,,,,,,,1.0,1.0,1.0,1.0,1.0,1.0,,2.7958838329234377,3.3558254288284473,2.7164633568099568,3.2716112450890584,2.376235014253154,0.027999999999999997,-0.122,0.063,0.012,0.218,1.8858512825506073e-06,1.2927983915758565e-06,1.9646067502317977e-06,1.2348564559173457e-06,2.3300592730542947e-06,1.530019547965757e-06,
HD121370,45,3.8780380386243953,,0.5353521113299671,,,,,,,1.0,1.0,1.0,1.0,1.0,1.0,,2.795717801183365,3.3884207463754046,2.7110979381074936,3.2513364620823157,2.3558403442106632,0.027999999999999997,-0.145,0.067,0.012,0.231,1.8861396906468147e-06,1.2814234759278143e-06,1.9670789881973373e-06,1.2581325250346483e-06,2.345982871693268e-06,1.5233099618154146e-06,
HD121370,46,3.6887400894090225,,0.4133870384915073,,,,,,,1.0,1.0,1.0,1.0,1.0,1.0,,2.7955233764053693,3.398850899175665,2.728104637365126,3.277550427968212,2.3957379733629414,0.026000000000000002,-0.129,0.063,0.01,0.22,1.889955697899574e-06,1.2506063081636867e-06,1.9436547306168403e-06,1.2303843641990105e-06,2.2843665138745667e-06,1.5063460640580416e-06,
HD121370,47,3.9470551473550235,,0.33471706410482516,,,,,,,1.0,1.0,1.0,1.0,1.0,1.0,,2.795845885544135,3.357700829492682,2.725297078970998,3.2379291261370104,2.339879968562826,0.008,-0.162,0.047,-0.006999999999999999,0.21600000000000003,1.920979014190615e-06,1.339000202962533e-06,1.9776168011935646e-06,1.2962516558868035e-06,2.4138428204931104e-06,1.5717917274537656e-06,
HD121370,48,3.685217978845567,,0.41670245382613424,,,,,,,1.0,1.0,1.0,1.0,1.0,1.0,,2.7954915818042108,3.368311297270428,2.7024945782790004,3.2553765959388064,2.342077830113519,0.027000000000000003,-0.128,0.063,0.011000000000000001,0.22,1.8882710809056674e-06,1.2850986155845533e-06,1.990046128601911e-06,1.2546145974867798e-06,2.400102794470787e-06,1.5263676017129989e-06,
HD121370,49,3.6957938441305433,,0.3763266730673956,,,,,,,1.0,1.0,1.0,1.0,1.0,1.0,,2.79584896209867,3.4026722445656055,2.708425097542038,3.1985913403789445,2.367603246781569,0.023,-0.131,0.059000000000000004,0.006999999999999999,0.217,1.8946168254087465e-06,1.2485101483646214e-06,1.9865108233683966e-06,1.326857973171324e-06,2.3508216186591435e-06,1.5069528191822715e-06,
HD124850,0,2.875797216391917,6237.137233689338,-0.5301493900113273,0.19688691818489973,0.19688691818489973,0.19688691818489973,0.19688691818489973,0.19688691818489973,0.19688691818489973,1.0,1.0,1.0,1.0,1.0,1.0,22.310726572690843,4.185363752209149,4.667613251325633,4.113989764377565,4.209005322171007,3.497291624381137,-0.11900000000000001,-0.5429999999999999,-0.073,-0.161,0.47100000000000003,6.005034042447447e-07,5.691354979091309e-07,6.14702626655836e-07,6.107434890230638e-07,6.572707791170064e-07,5.816826604433764e-07,9.050083180611912
HD124850,1,2.555086700784428,6219.6976185584845,-0.3719998219021136,0.2062825618445426,0.2062825618445426,0.2062825618445426,0.2062825618445426,0.2062825618445426,0.2062825618445426,1.0,1.0,1.0,1.0,1.0,1.0,21.85894197754529,4.184922551856381,4.708862270359691,4.119231056820522,4.208689782820582,3.493171301268298,-0.10300000000000001,-0.541,-0.054000000000000006,-0.14800000000000002,0.488,5.919594444069343e-07,5.469102545950285e-07,6.011302069251659e-07,6.036498005996621e-07,6.49519888929265e-07,5.649299305197908e-07,8.437074512042877
HD124850,2,2.893538742443991,6334.977801166868,-0.48400017013412994,0.18894008331709813,0.18894008331709813,0.18894008331709813,0.18894008331709813,0.18894008331709813,0.18894008331709813,1.0,1.0,1.0,1.0,1.0,1.0,21.915518550785944,4.185319145057685,4.702047778001094,4.129907368737973,4.208784643374513,3.493200104509452,-0.10400000000000001,-0.506,-0.057999999999999996,-0.14400000000000002,0.461,5.922885221575173e-07,5.328952675402664e-07,5.974451324232405e-07,6.013774196290931e-07,6.658569434138252e-07,5.566525693871669e-07,8.356544795789167
HD124850,3,2.991149604277982,6272.012723555489,-0.34860705489915644,0.23293073644362658,0.23293073644362658,0.23293073644362658,0.23293073644362658,0.23293073644362658,0.23293073644362658,1.0,1.0,1.0,1.0,1.0,1.0,22.035157589489348,4.184623764405603,4.6909946786085985,4.138430879171311,4.2075513275045076,3.4977989910113667,-0.10800000000000001,-0.541,-0.06,-0.15,0.478,5.948554828430773e-07,5.55985036292131e-07,5.938662204251152e-07,6.053972496962223e-07,6.527417300856256e-07,5.715332149125096e-07,8.673868258691082
HD124850,4,2.93842293025527,6276.094540184303,-0.4825832815779974,0.1961497910679272,0.1961497910679272,0.1961497910679272,0.1961497910679272,0.1961497910679272,0.1961497910679272,1.0,1.0,1.0,1.0,1.0,1.0,22.17062148661762,4.184786268412755,4.7024127938124245,4.135359378520124,4.206668697849854,3.4807486359641637,-0.113,-0.532,-0.067,-0.154,0.46799999999999997,5.975117736889393e-07,5.456270052152566e-07,5.994006688591636e-07,6.081258932067167e-07,6.692086104904826e-07,5.663809126047296e-07,8.701685226409142
HD124850,5,2.943336894836003,6217.601751524816,-0.5787773605214269,0.20283262814523592,0.20283262814523592,0.20283262814523592,0.20283262814523592,0.20283262814523592,0.20283262814523592,1.0,1.0,1.0,1.0,1.0,1.0,22.28029905164434,4.1860865070330275,4.658576311207551,4.122661681752237,4.2085717413058115,3.4852772367091287,-0.127,-0.5529999999999999,-0.081,-0.168,0.47,6.045418515703167e-07,5.792025299084812e-07,6.143223302300269e-07,6.149393410178888e-07,6.65196690672461e-07,5.893382585732155e-07,9.144199495466943
HD124850,6,3.1036105475297755,6298.727364792787,-0.5885536137541503,0.1924544333898976,0.1924544333898976,0.1924544333898976,0.1924544333898976,0.1924544333898976,0.1924544333898976,1.0,1.0,1.0,1.0,1.0,1.0,21.939115396082077,4.1850068383816295,4.67288249411855,4.1287376848601545,4.20820886617479,3.4988570043241114,-0.122,-0.53,-0.077,-0.161,0.456,6.023629330169453e-07,5.59639006569282e-07,6.086475815487552e-07,6.111916722642099e-07,6.654542037725888e-07,5.767285771483474e-07,8.676582922483782
HD124850,7,2.9030861444124314,6216.8818631443255,-0.5034979555390134,0.20296639425830384,0.20296639425830384,0.20296639425830384,0.20296639425830384,0.20296639425830384,0.20296639425830384,1.0,1.0,1.0,1.0,1.0,1.0,21.780628077132214,4.185347670856332,4.665213056393497,4.12274406525342,4.207958334844086,3.485616252372767,-0.121,-0.5529999999999999,-0.075,-0.163,0.475,6.016195026438668e-07,5.756728558689144e-07,6.108904677822863e-07,6.124598740358417e-07,6.619336717716622e-07,5.860515145788953e-07,8.689916757777688
HD124850,8,2.906311758353851,6362.541915062225,-0.5238878320350878,0.187791852858806,0.187791852858806,0.187791852858806,0.187791852858806,0.187791852858806,0.187791852858806,1.0,1.0,1.0,1.0,1.0,1.0,22.093204072085527,4.186356882030764,4.668261019807123,4.131510118745801,4.208588398224293,3.493032727609904,-0.10300000000000001,-0.496,-0.057999999999999996,-0.142,0.45399999999999996,5.911779426938496e-07,5.446989858934318e-07,5.965638421349462e-07,6.003791689643046e-07,6.702670706501097e-07,5.63290568613599e-07,8.593872641555327
HD124850,9,2.873615737551043,6268.719495879641,-0.6134217095799748,0.205489395312262,0.205489395312262,0.205489395312262,0.205489395312262,0.205489395312262,0.205489395312262,1.0,1.0,1.0,1.0,1.0,1.0,21.91981148399068,4.185463189510066,4.666521028071957,4.111624928934347,4.207220992502339,3.4991958863015475,-0.11900000000000001,-0.528,-0.07400000000000001,-0.159,0.462,6.004484095755553e-07,5.618916307313954e-07,6.166106237975711e-07,6.106221831583538e-07,6.615803844673278e-07,5.773143422690594e-07,8.670117870666385
HD124850,10,3.0005625237515816,6309.839691360549,-0.6564229506951342,0.19564880752833558,0.19564880752833558,0.19564880752833558,0.19564880752833558,0.19564880752833558,0.19564880752833558,1.0,1.0,1.0,1.0,1.0,1.0,22.168152515420616,4.185727966722798,4.685880367795595,4.136618872103239,4.20759025562276,3.49906546580818,-0.121,-0.519,-0.076,-0.159,0.451,6.014088130265318e-07,5.474050851809999e-07,6.036892269705037e-07,6.104145434823886e-07,6.683974561030753e-07,5.690065763192126e-07,8.740078082282443
HD124850,11,2.698686840894507,6292.872448906871,-0.4445447168969563,0.18973773853630307,0.18973773853630307,0.18973773853630307,0.18973773853630307,0.18973773853630307,0.18973773853630307,1.0,1.0,1.0,1.0,1.0,1.0,21.76754080347045,4.185626346792274,4.690604857241872,4.126544655264417,4.208349764320714,3.4881284173527134,-0.10099999999999999,-0.514,-0.053,-0.14300000000000002,0.47200000000000003,5.904871294044582e-07,5.425240957122049e-07,5.965448661530591e-07,6.010644867594082e-07,6.622311537753598e-07,5.617093091891062e-07,8.318966612233497
HD124850,12,3.146153636872934,6296.931005602242,-0.6249100229539105,0.1964655632132435,0.1964655632132435,0.1964655632132435,0.1964655632132435,0.1964655632132435,0.1964655632132435,1.0,1.0,1.0,1.0,1.0,1.0,22.13182412446746,4.186163620921861,4.67868932505676,4.119610752145208,4.210593551067451,3.502893517235808,-0.126,-0.532,-0.081,-0.16399999999999998,0.45299999999999996,6.039424080461857e-07,5.576802245737896e-07,6.160510097952375e-07,6.115381487414713e-07,6.648192219643471e-07,5.76185097962748e-07,8.82135841212708
HD124850,13,2.629420690770703,6268.781003484467,-0.6351951703257739,0.2060052604003788,0.2060052604003788,0.2060052604003788,0.2060052604003788,0.2060052604003788,0.2060052604003788,1.0,1.0,1.0,1.0,1.0,1.0,22.07186904526916,4.184735812540976,4.6918649956968,4.119973292803322,4.207935126841751,3.4998383183284676,-0.111,-0.514,-0.066,-0.152,0.46399999999999997,5.964398463024631e-07,5.418947910150659e-07,6.073956223373873e-07,6.062991004745255e-07,6.599722078420294e-07,5.637128131300247e-07,8.583712306169243
HD124850,14,3.146907748234839,6240.985031439556,-0.6361588575518606,0.21340155061403718,0.21340155061403718,0.21340155061403718,0.21340155061403718,0.21340155061403718,0.21340155061403718,1.0,1.0,1.0,1.0,1.0,1.0,22.016753093941208,4.184758916767981,4.666808459084933,4.1347231903028945,4.208554450422608,3.4847982217697244,-0.134,-0.5529999999999999,-0.08900000000000001,-0.17300000000000001,0.46,6.091965117833046e-07,5.748275717472259e-07,6.120285737666265e-07,6.177876105432467e-07,6.716479382369435e-07,5.885751477616573e-07,8.917589767973052
HD124850,15,2.906303860494422,6233.3990501115995,-0.45574882475130274,0.21111312470678273,0.21111312470678273,0.21111312470678273,0.21111312470678273,0.21111312470678273,0.21111312470678273,1.0,1.0,1.0,1.0,1.0,1.0,21.865474612573482,4.185493359137095,4.665312394856871,4.128765836658245,4.210550610961277,3.500192009942792,-0.11699999999999999,-0.5479999999999999,-0.069,-0.159,0.47600000000000003,5.993267069554882e-07,5.729754530790084e-07,6.041637166834554e-07,6.087524614316281e-07,6.525054909051548e-07,5.835159546296004e-07,8.719861313165257
HD124850,16,3.0377651938987125,6205.600446030857,-0.5156140649447801,0.20879425683876857,0.20879425683876857,0.20879425683876857,0.20879425683876857,0.20879425683876857,0.20879425683876857,1.0,1.0,1.0,1.0,1.0,1.0,22.25840887952851,4.186098877772361,4.68710624267295,4.116072517577685,4.206903012354942,3.493002621882678,-0.128,-0.564,-0.081,-0.16899999999999998,0.474,6.050920173085439e-07,5.69926010035971e-07,6.180618928480455e-07,6.164527150589187e-07,6.580515643484621e-07,5.839924129450003e-07,9.043456673777682
HD124850,17,2.7674318281276253,6352.24336077743,-0.5930990874526336,0.19806948449360406,0.19806948449360406,0.19806948449360406,0.19806948449360406,0.19806948449360406,0.19806948449360406,1.0,1.0,1.0,1.0,1.0,1.0,22.00661201887554,4.186080911732879,4.668142528091022,4.147429980460343,4.20830521287752,3.494239047969307,-0.10300000000000001,-0.49,-0.057999999999999996,-0.142,0.45299999999999996,5.913282262417799e-07,5.417562913148511e-07,5.87880401965102e-07,6.00535782289667e-07,6.701397131910196e-07,5.615850652856227e-07,8.500822512489428
HD124850,18,3.2705441375174034,6275.667123942251,-0.4709355973085495,0.19688442446606888,0.19688442446606888,0.19688442446606888,0.19688442446606888,0.19688442446606888,0.19688442446606888,1.0,1.0,1.0,1.0,1.0,1.0,21.885391612499404,4.184474073496865,4.683592877226793,4.128659361245104,4.208341206784453,3.5041500679011848,-0.124,-0.55,-0.077,-0.163,0.465,6.037697430180852e-07,5.644478507936662e-07,6.086914901871439e-07,6.122439354326191e-07,6.567513096162363e-07,5.801766076834337e-07,8.685761181830204
HD124850,19,2.8590960110983437,6220.41751070113,-0.5394038939149784,0.2016071232091467,0.2016071232091467,0.2016071232091467,0.2016071232091467,0.2016071232091467,0.2016071232091467,1.0,1.0,1.0,1.0,1.0,1.0,22.075572123558263,4.185849784768375,4.678632107306614,4.1303496513789515,4.209926295910839,3.4974948628509623,-0.121,-0.5479999999999999,-0.075,-0.163,0.473,6.013413396052194e-07,5.659891837065945e-07,6.066261310833283e-07,6.11350759772873e-07,6.559383597465683e-07,5.801300460660443e-07,8.836663553641237
HD124850,20,2.8270103257442414,6334.763658404518,-0.6428469274898018,0.2051634910988522,0.2051634910988522,0.2051634910988522,0.2051634910988522,0.2051634910988522,0.2051634910988522,1.0,1.0,1.0,1.0,1.0,1.0,21.94549325733109,4.186073953886475,4.69049445513896,4.121059116582931,4.208558785890519,3.487712493323476,-0.11,-0.5,-0.066,-0.149,0.452,5.951567904944785e-07,5.356279024040668e-07,6.067884813684455e-07,6.04278942176727e-07,6.748014036778051e-07,5.594394576402314e-07,8.421371242633413
HD124850,21,3.2637825390680493,6243.008692696539,-0.500322906317714,0.1976451424197112,0.1976451424197112,0.1976451424197112,0.1976451424197112,0.1976451424197112,0.1976451424197112,1.0,1.0,1.0,1.0,1.0,1.0,21.917359649403696,4.184999140224761,4.701816887731544,4.127157780144085,4.2102438020209805,3.489344278483274,-0.129,-0.561,-0.083,-0.16899999999999998,0.46799999999999997,6.062633550399872e-07,5.607047297482748e-07,6.129116305806298e-07,6.145588170096722e-07,6.63931483425437e-07,5.789281798649598e-07,8.692409614082859
HD124850,22,2.756990262709359,6258.693049360109,-0.6683999161789181,0.2118131454213838,0.2118131454213838,0.2118131454213838,0.2118131454213838,0.2118131454213838,0.2118131454213838,1.0,1.0,1.0,1.0,1.0,1.0,22.013501393916453,4.185733819362584,4.676888022919134,4.1261895804035635,4.2103127593373815,3.4936682594843944,-0.11900000000000001,-0.524,-0.07400000000000001,-0.16,0.461,6.002987608733467e-07,5.545053816499052e-07,6.083943083338476e-07,6.09446898020082e-07,6.65569896667771e-07,5.728227333392818e-07,8.676359162856125
HD124850,23,2.850452708456432,6243.579908260995,-0.556678841122814,0.1949837906833055,0.1949837906833055,0.1949837906833055,0.1949837906833055,0.1949837906833055,0.1949837906833055,1.0,1.0,1.0,1.0,1.0,1.0,21.957361190359318,4.185186968388929,4.695310069187194,4.130778786238048,4.208752786766159,3.5006220202717224,-0.11900000000000001,-0.5379999999999999,-0.073,-0.16,0.469,6.006011885209777e-07,5.522515544347651e-07,6.05270433930181e-07,6.103231732694149e-07,6.564658922381596e-07,5.715914080692502e-07,8.613606132039257
HD124850,24,2.9526580288266158,6290.774913285713,-0.6193948024009724,0.20162745061144227,0.20162745061144227,0.20162745061144227,0.20162745061144227,0.20162745061144227,0.20162745061144227,1.0,1.0,1.0,1.0,1.0,1.0,22.128585926379532,4.184727893231342,4.68149077586709,4.12639385725692,4.206433636562985,3.483029723089936,-0.11900000000000001,-0.524,-0.07400000000000001,-0.159,0.457,6.008551907205905e-07,5.52159646989792e-07,6.082798521854541e-07,6.110651557404357e-07,6.74604269400802e-07,5.716378644821113e-07,8.749179728357625
HD124850,25,3.112835266834547,6270.04557379306,-0.5730677563270278,0.1976290536938326,0.1976290536938326,0.1976290536938326,0.1976290536938326,0.1976290536938326,0.1976290536938326,1.0,1.0,1.0,1.0,1.0,1.0,22.170867494792294,4.185915032615705,4.662756364055943,4.13214360689101,4.208169370812873,3.5058543244914744,-0.125,-0.541,-0.08,-0.16399999999999998,0.461,6.035245787550452e-07,5.706350306779944e-07,6.08420070222811e-07,6.129050875384464e-07,6.581414517398221e-07,5.837908499088148e-07,8.96936467570692
HD124850,26,2.89074075455719,6296.240047475451,-0.40741209606595036,0.21592348818229398,0.21592348818229398,0.21592348818229398,0.21592348818229398,0.21592348818229398,0.21592348818229398,1.0,1.0,1.0,1.0,1.0,1.0,22.201389152003873,4.18515349092275,4.697003408532124,4.116104338597184,4.209241395729187,3.5017952161863586,-0.105,-0.524,-0.057,-0.146,0.47100000000000003,5.929247488078413e-07,5.443266669402375e-07,6.045319229723361e-07,6.022328154150385e-07,6.545500918874783e-07,5.63765899687279e-07,8.685566051035002
HD124850,27,3.078257209961802,6234.945278936719,-0.5252416504092773,0.20170697101479848,0.20170697101479848,0.20170697101479848,0.20170697101479848,0.20170697101479848,0.20170697101479848,1.0,1.0,1.0,1.0,1.0,1.0,22.166631973227922,4.185598227461363,4.688878057902614,4.136478132269372,4.206307756425383,3.501889131724829,-0.126,-0.5539999999999999,-0.08,-0.166,0.469,6.04256990916648e-07,5.637801118899119e-07,6.059959500519335e-07,6.150888749693688e-07,6.55700208778873e-07,5.799708635006064e-07,8.907270126574902
HD124850,28,2.786423931738355,6255.606902718756,-0.5536262605111963,0.19869068452500918,0.19869068452500918,0.19869068452500918,0.19869068452500918,0.19869068452500918,0.19869068452500918,1.0,1.0,1.0,1.0,1.0,1.0,22.112612818704275,4.185507548757979,4.671473749665853,4.127207525324508,4.207899180567275,3.48486066735065,-0.115,-0.53,-0.069,-0.156,0.46799999999999997,5.982159043517244e-07,5.603656103533388e-07,6.05031469933408e-07,6.085570561879642e-07,6.666788961979461e-07,5.75505727952693e-07,8.795667413575021
HD124850,29,2.955488347335496,6307.1696305586465,-0.5847818902702513,0.19272505579231988,0.19272505579231988,0.19272505579231988,0.19272505579231988,0.19272505579231988,0.19272505579231988,1.0,1.0,1.0,1.0,1.0,1.0,21.908785966719673,4.185784794386372,4.681045099056462,4.124195768573837,4.208509680798504,3.479390472196262,-0.115,-0.518,-0.07,-0.155,0.457,5.980631678307147e-07,5.493421653171724e-07,6.072711750132906e-07,6.076550371294727e-07,6.768692517202341e-07,5.688305663225893e-07,8.53411667269974
HD124850,30,2.992478374993747,6312.95944411369,-0.39442804210735866,0.20781990779157322,0.20781990779157322,0.20781990779157322,0.20781990779157322,0.20781990779157322,0.20781990779157322,1.0,1.0,1.0,1.0,1.0,1.0,22.134821896463116,4.185280888713977,4.659595278655591,4.11058561287909,4.207581857029304,3.5026802365583807,-0.105,-0.523,-0.057999999999999996,-0.146,0.469,5.928551804619426e-07,5.628891314682226e-07,6.081724312655165e-07,6.031540270847034e-07,6.55222617015114e-07,5.748755510657105e-07,8.803693778908084
HD124850,31,3.246570818648282,6293.788191388609,-0.5875037411008169,0.19360372977955786,0.19360372977955786,0.19360372977955786,0.19360372977955786,0.19360372977955786,0.19360372977955786,1.0,1.0,1.0,1.0,1.0,1.0,22.077382390859743,4.18616169580992,4.673884638280334,4.115933130934211,4.208177078023692,3.486535673015317,-0.128,-0.54,-0.083,-0.166,0.455,6.050570091792002e-07,5.64296191694711e-07,6.192809522697268e-07,6.140307821544034e-07,6.736692208928482e-07,5.806005186885067e-07,8.845280396096506
HD124850,32,2.801168023704985,6311.340596708696,-0.5703644150971722,0.1977699306372339,0.1977699306372339,0.1977699306372339,0.1977699306372339,0.1977699306372339,0.1977699306372339,1.0,1.0,1.0,1.0,1.0,1.0,21.980697823302894,4.185873741066494,4.66105090316032,4.12410544749475,4.207449461305784,3.47365392345793,-0.10800000000000001,-0.508,-0.063,-0.149,0.46,5.941710370134527e-07,5.544222019644777e-07,6.034187427494935e-07,6.048966650203413e-07,6.785774216716692e-07,5.703217359840677e-07,8.61275118071234
HD124850,33,2.8059180122395695,6300.653896884182,-0.7350708875179158,0.21766866157140283,0.21766866157140283,0.21766866157140283,0.21766866157140283,0.21766866157140283,0.21766866157140283,1.0,1.0,1.0,1.0,1.0,1.0,21.826805191209296,4.18563371053553,4.662359560392575,4.127373505908478,4.207723277722065,3.484999081889956,-0.11900000000000001,-0.51,-0.075,-0.158,0.451,6.003541131542722e-07,5.547753428431426e-07,6.082912540629906e-07,6.097778764698635e-07,6.771132961004734e-07,5.730068509675945e-07,8.532556730109015
HD124850,34,2.6766284063201207,6329.471505102308,-0.4357199540189939,0.1876362548430164,0.1876362548430164,0.1876362548430164,0.1876362548430164,0.1876362548430164,0.1876362548430164,1.0,1.0,1.0,1.0,1.0,1.0,21.88751100401828,4.185682974229091,4.659634031686851,4.124932354270476,4.209262276268005,3.491288174532547,-0.094,-0.498,-0.047,-0.136,0.46799999999999997,5.866617656041165e-07,5.500565770989926e-07,5.941389617008545e-07,5.96700036117275e-07,6.627438476836187e-07,5.646986525010422e-07,8.455679856577499
HD124850,35,2.869571250023879,6269.407864729233,-0.49671278949099973,0.19212559535975704,0.19212559535975704,0.19212559535975704,0.19212559535975704,0.19212559535975704,0.19212559535975704,1.0,1.0,1.0,1.0,1.0,1.0,22.211199011686713,4.185936623961772,4.6782145144796985,4.127629154496232,4.20893351852237,3.5030515410104277,-0.113,-0.53,-0.066,-0.154,0.469,5.96879035294358e-07,5.568973724983475e-07,6.031277527133017e-07,6.068586787739863e-07,6.549985796492168e-07,5.728900376167517e-07,8.833937091389195
HD124850,36,2.870423177760445,6262.030946395229,-0.4309025076318924,0.20025237231813073,0.20025237231813073,0.20025237231813073,0.20025237231813073,0.20025237231813073,0.20025237231813073,1.0,1.0,1.0,1.0,1.0,1.0,21.88059175064377,4.1846583187603335,4.671727591981079,4.127187544765467,4.207983432184787,3.489067282352661,-0.11,-0.536,-0.063,-0.152,0.475,5.959332906752029e-07,5.633391547888735e-07,6.017082369818125e-07,6.062721263030845e-07,6.598330451617059e-07,5.763768091434052e-07,8.625090287974798
HD124850,37,2.796439497265128,6148.305674978386,-0.6086508151160084,0.22203133121468288,0.22203133121468288,0.22203133121468288,0.22203133121468288,0.22203133121468288,0.22203133121468288,1.0,1.0,1.0,1.0,1.0,1.0,22.00712321590617,4.185614897423449,4.652222891380417,4.110176925660579,4.208898026791932,3.500248875985273,-0.133,-0.573,-0.087,-0.17600000000000002,0.479,6.081560278221403e-07,5.934331706807117e-07,6.248707621102955e-07,6.193009752532169e-07,6.50670960016697e-07,5.993223135372832e-07,9.072480068392597
HD124850,38,3.300368822878783,6262.76633090937,-0.5991732911144269,0.20390664325695781,0.20390664325695781,0.20390664325695781,0.20390664325695781,0.20390664325695781,0.20390664325695781,1.0,1.0,1.0,1.0,1.0,1.0,21.89251409585469,4.186242082101689,4.669411137501519,4.138866174978082,4.208191921763332,3.4952141195923634,-0.134,-0.5539999999999999,-0.08900000000000001,-0.172,0.45799999999999996,6.083648896206239e-07,5.739796824308781e-07,6.096976269109925e-07,6.174249936346493e-07,6.664618998425457e-07,5.877337653067764e-07,8.804626611099028
HD124850,39,2.729715159867212,6293.571476341836,-0.606088259129798,0.20250194632388302,0.20250194632388302,0.20250194632388302,0.20250194632388302,0.20250194632388302,0.20250194632388302,1.0,1.0,1.0,1.0,1.0,1.0,21.88325427168108,4.185529699326224,4.689812609252474,4.119781532884252,4.208303503764023,3.501064567764147,-0.11,-0.511,-0.065,-0.151,0.461,5.954552036775821e-07,5.414220400629671e-07,6.069436351925559e-07,6.055354498724995e-07,6.610512754910721e-07,5.630353055088131e-07,8.427494293019477
HD124850,40,3.2631765328345788,6304.496302537143,-0.6882308118117597,0.20253860589118364,0.20253860589118364,0.20253860589118364,0.20253860589118364,0.20253860589118364,0.20253860589118364,1.0,1.0,1.0,1.0,1.0,1.0,21.87092327400156,4.185898299580706,4.677388950823451,4.121605452304115,4.209305233983386,3.4887005802589117,-0.133,-0.536,-0.08900000000000001,-0.17,0.446,6.079973058071432e-07,5.604093780849236e-07,6.194678814317096e-07,6.156570840570126e-07,6.779235838026076e-07,5.794445491738114e-07,8.663335656182273
HD124850,41,2.7718875097311844,6259.947314248551,-0.5073233267591366,0.1929516668326425,0.1929516668326425,0.1929516668326425,0.1929516668326425,0.1929516668326425,0.1929516668326425,1.0,1.0,1.0,1.0,1.0,1.0,22.16187736126711,4.185585335331178,4.665202371743863,4.118429144577527,4.208147752412471,3.499756962810633,-0.111,-0.529,-0.065,-0.153,0.47100000000000003,5.959733507899485e-07,5.630928670086391e-07,6.077001125863049e-07,6.067389472321745e-07,6.557800333802006e-07,5.762450605211628e-07,8.846252586414048
HD124850,42,3.221710055259842,6274.723647007948,-0.5062144088188585,0.19414836676021052,0.19414836676021052,0.19414836676021052,0.19414836676021052,0.19414836676021052,0.19414836676021052,1.0,1.0,1.0,1.0,1.0,1.0,21.83277487292515,4.18557575210523,4.686869692894611,4.134916414798718,4.207229860685214,3.500414598748366,-0.124,-0.547,-0.078,-0.16399999999999998,0.46299999999999997,6.031574185345563e-07,5.611941012494868e-07,6.057513751390438e-07,6.134356765944818e-07,6.602298189628971e-07,5.779794281635147e-07,8.611311106224463
HD124850,43,3.1205725563168194,6341.635893875849,-0.47957101238959504,0.19026292696058167,0.19026292696058167,0.19026292696058167,0.19026292696058167,0.19026292696058167,0.19026292696058167,1.0,1.0,1.0,1.0,1.0,1.0,21.848657795850826,4.184877767333591,4.67327902984937,4.1351237406606165,4.207396358157443,3.4966339703066454,-0.111,-0.517,-0.065,-0.15,0.457,5.963618697556512e-07,5.527762339234727e-07,5.984274112478693e-07,6.054836654497225e-07,6.662042309826953e-07,5.702104882563441e-07,8.507926940538248
HD124850,44,2.940736037820452,6279.2508314978195,-0.5581157741169582,0.19882314630261802,0.19882314630261802,0.19882314630261802,0.19882314630261802,0.19882314630261802,0.19882314630261802,1.0,1.0,1.0,1.0,1.0,1.0,21.935373135010774,4.184584795672908,4.670450177587584,4.134978360928095,4.208673152048843,3.4949266940732904,-0.11699999999999999,-0.529,-0.071,-0.157,0.46299999999999997,5.998284441591673e-07,5.603777764074484e-07,6.018241765289961e-07,6.086837587588921e-07,6.635754297633382e-07,5.76158043508136e-07,8.665042706135525
HD124850,45,2.954330563955608,6239.198871129318,-0.42015295597076113,0.22011887755455678,0.22011887755455678,0.22011887755455678,0.22011887755455678,0.22011887755455678,0.22011887755455678,1.0,1.0,1.0,1.0,1.0,1.0,21.876245699251566,4.185535367673442,4.699704138982838,4.128260271815332,4.207698973135257,3.482855438317478,-0.115,-0.5489999999999999,-0.068,-0.158,0.47700000000000004,5.982005769596731e-07,5.556218536844898e-07,6.038886482331839e-07,6.097915267148741e-07,6.623976748401401e-07,5.726533429945631e-07,8.565967268485904
HD124850,46,2.8628653910938415,6241.619732720676,-0.50400638252917,0.19555606048997107,0.19555606048997107,0.19555606048997107,0.19555606048997107,0.19555606048997107,0.19555606048997107,1.0,1.0,1.0,1.0,1.0,1.0,22.190061361288677,4.184736083371678,4.671092603392221,4.123293117186689,4.208205169845368,3.4966583080699336,-0.11699999999999999,-0.541,-0.07,-0.158,0.47200000000000003,5.997448692148125e-07,5.662704944491243e-07,6.077762535852763e-07,6.09507293289921e-07,6.570488377473268e-07,5.796602443553996e-07,8.921328830056979
HD124850,47,3.005657405488676,6152.035315242558,-0.41213214730077874,0.20172960993598932,0.20172960993598932,0.20172960993598932,0.20172960993598932,0.20172960993598932,0.20172960993598932,1.0,1.0,1.0,1.0,1.0,1.0,21.848742660826733,4.18574275212701,4.666455995759189,4.117283719632531,4.207505535248112,3.497858651227807,-0.129,-0.589,-0.08,-0.17300000000000001,0.489,6.05848272355168e-07,5.94399692849235e-07,6.168044336223173e-07,6.183847352523925e-07,6.461264415966027e-07,5.989791246516082e-07,8.937243921300869
HD124850,48,2.5417596362764474,6302.029777076675,-0.5033142863627085,0.18895430418437845,0.18895430418437845,0.18895430418437845,0.18895430418437845,0.18895430418437845,0.18895430418437845,1.0,1.0,1.0,1.0,1.0,1.0,21.95178344310559,4.184834546986148,4.68400648097314,4.11888619144192,4.207076212533054,3.491479896452549,-0.09699999999999999,-0.5,-0.05,-0.139,0.469,5.887448969697315e-07,5.388382068890694e-07,5.99109902630307e-07,5.99557016244904e-07,6.620168082117071e-07,5.588008829213342e-07,8.41658140680251
HD124850,49,2.9313503286304443,6340.637822956508,-0.4979846079730206,0.18898544949684376,0.18898544949684376,0.18898544949684376,0.18898544949684376,0.18898544949684376,0.18898544949684376,1.0,1.0,1.0,1.0,1.0,1.0,21.702752689824596,4.185064843724587,4.666938522650022,4.121857603026491,4.206541239750359,3.49665233156339,-0.105,-0.506,-0.06,-0.145,0.45799999999999996,5.929731613626251e-07,5.504090493470334e-07,6.030008626329773e-07,6.031765914364362e-07,6.655796607545271e-07,5.674346941532701e-07,8.353809248308233
HD141004,0,4.159929935455386,5924.25990759441,0.2598499718591531,0.26941961961591127,0.26941961961591127,0.26941961961591127,0.26941961961591127,0.26941961961591127,0.26941961961591127,1.0,1.0,1.0,1.0,1.0,1.0,11.945609293401969,4.543206678794323,5.145146303554217,4.481508245791893,4.570597746469691,3.7871171091180553,-0.14400000000000002,-0.7909999999999999,-0.084,-0.20199999999999999,0.5670000000000001,4.419552559608119e-07,4.606832831029754e-07,4.4264715405458064e-07,4.5459209147916517e-07,4.606956706142897e-07,4.5319207224611e-07,2.0213333508660085
HD141004,1,4.480904595423559,5946.237508528292,-0.17692065099644638,0.23021913013147638,0.23021913013147638,0.23021913013147638,0.23021913013147638,0.23021913013147638,0.23021913013147638,1.0,1.0,1.0,1.0,1.0,1.0,11.867479847006857,4.543867149224785,5.153254035000054,4.485955244618166,4.571258960509045,3.7849973855969727,-0.16699999999999998,-0.748,-0.113,-0.21600000000000003,0.528,4.5114288756967825e-07,4.3950048699696826e-07,4.527712859682443e-07,4.6021141903468926e-07,4.784780510194355e-07,4.4415744722605227e-07,1.955208062772748
HD141004,2,4.280592069133847,5953.908582430403,0.16825754767060785,0.25204397929483824,0.25204397929483824,0.25204397929483824,0.25204397929483824,0.25204397929483824,0.25204397929483824,1.0,1.0,1.0,1.0,1.0,1.0,11.934073345963576,4.543708173935351,5.142927228009436,4.480302291411699,4.570553068037796,3.7852589778439207,-0.145,-0.769,-0.087,-0.2,0.555,4.4215822186307436e-07,4.5236613300592883e-07,4.443652182080152e-07,4.537741452751831e-07,4.6661359015534814e-07,4.4828296854878704e-07,1.9955778271929256
HD141004,3,4.486137458539505,5910.8367117002035,0.09080837925732306,0.2456444960455091,0.2456444960455091,0.2456444960455091,0.2456444960455091,0.2456444960455091,0.2456444960455091,1.0,1.0,1.0,1.0,1.0,1.0,11.89998681188226,4.54307184168568,5.160724130987963,4.482838752963498,4.571527184639901,3.784586855057968,-0.157,-0.789,-0.1,-0.213,0.555,4.4733433951337136e-07,4.532849734027423e-07,4.486683901635599e-07,4.5882819851843765e-07,4.6690253577423043e-07,4.509047198469939e-07,1.9957988444597505
HD141004,4,4.124433163312856,5913.1416348873645,0.012930888232436058,0.28635602841863667,0.28635602841863667,0.28635602841863667,0.28635602841863667,0.28635602841863667,0.28635602841863667,1.0,1.0,1.0,1.0,1.0,1.0,11.907491101611273,4.543239312557071,5.154696325712958,4.496576630179946,4.5712759463141746,3.7912138910052158,-0.159,-0.77,-0.102,-0.213,0.547,4.480899976481851e-07,4.4790142520307124e-07,4.4384396854069944e-07,4.589343832124768e-07,4.67493329264013e-07,4.479768541811168e-07,1.9853410954154995
HD141004,5,4.202744086097785,5889.914213079703,0.22626908357756884,0.2885633491184393,0.2885633491184393,0.2885633491184393,0.2885633491184393,0.2885633491184393,0.2885633491184393,1.0,1.0,1.0,1.0,1.0,1.0,11.929630382054505,4.543363082889139,5.144585111270534,4.46307948939595,4.570731721542007,3.7930587343033655,-0.152,-0.807,-0.092,-0.21100000000000002,0.568,4.4515959792859403e-07,4.677641459357339e-07,4.535541853067184e-07,4.583194478354626e-07,4.5775962102940305e-07,4.58722326732878e-07,2.0405295100256446
HD141004,6,4.215558334738278,6018.830649517583,0.13299530835171045,0.2569538055715641,0.2569538055715641,0.2569538055715641,0.2569538055715641,0.2569538055715641,0.2569538055715641,1.0,1.0,1.0,1.0,1.0,1.0,11.86932341137941,4.5439577050297455,5.17221712358928,4.478414421557132,4.570120340433715,3.7928265443824403,-0.13699999999999998,-0.731,-0.079,-0.18899999999999997,0.544,4.388113908291365e-07,4.2518127037542247e-07,4.4187070114684886e-07,4.493790672480339e-07,4.680910709971012e-07,4.30633318556908e-07,1.8962630429897733
HD141004,7,4.284691894073837,5890.917752856139,0.08218595221708591,0.27396858101548005,0.27396858101548005,0.27396858101548005,0.27396858101548005,0.27396858101548005,0.27396858101548005,1.0,1.0,1.0,1.0,1.0,1.0,11.90519080555908,4.544322491155531,5.133480055616689,4.493137946773857,4.571495486042018,3.786676363801707,-0.16,-0.7929999999999999,-0.102,-0.21600000000000003,0.555,4.480556706448396e-07,4.665185878969701e-07,4.452519149147122e-07,4.6011117378636885e-07,4.6600484188112793e-07,4.591334209961179e-07,2.033998614466839
HD141004,8,3.8633618043586018,5952.954368009227,-0.032968081457648395,0.28627052283729254,0.28627052283729254,0.28627052283729254,0.28627052283729254,0.28627052283729254,0.28627052283729254,1.0,1.0,1.0,1.0,1.0,1.0,11.971735571812154,4.542935906532828,5.149128661936794,4.488217831966547,4.57014393933921,3.786786549204711,-0.153,-0.738,-0.09699999999999999,-0.205,0.5379999999999999,4.4574513518072254e-07,4.371288897509352e-07,4.45219155827962e-07,4.560404850300151e-07,4.733107353173968e-07,4.405753879228501e-07,1.9736652246433357
HD141004,9,4.676430630102337,5937.860688563254,0.06845525137278499,0.23828975081175702,0.23828975081175702,0.23828975081175702,0.23828975081175702,0.23828975081175702,0.23828975081175702,1.0,1.0,1.0,1.0,1.0,1.0,11.866572098930316,4.543028404821199,5.127235328946123,4.496145458398222,4.5693446429221725,3.7895540034579667,-0.156,-0.78,-0.098,-0.21,0.551,4.469403993513217e-07,4.6362499650202307e-07,4.423874430936312e-07,4.584828736160217e-07,4.6648681510762907e-07,4.5695115764174254e-07,2.011219040035268
HD141004,10,4.210301446324589,6000.451042881839,-0.06666938753845009,0.22312955466000026,0.22312955466000026,0.22312955466000026,0.22312955466000026,0.22312955466000026,0.22312955466000026,1.0,1.0,1.0,1.0,1.0,1.0,11.889172323604566,4.54244256230207,5.153834241084742,4.479949885681488,4.570598678084782,3.788750868819722,-0.151,-0.722,-0.096,-0.201,0.529,4.4512701199438764e-07,4.28871590241469e-07,4.4820946181888696e-07,4.5417319974364395e-07,4.76387795802379e-07,4.3537375894263643e-07,1.923554601180303
HD141004,11,4.029461299467297,5907.442392871708,0.07175592940089502,0.3005866771598258,0.3005866771598258,0.3005866771598258,0.3005866771598258,0.3005866771598258,0.3005866771598258,1.0,1.0,1.0,1.0,1.0,1.0,11.90762626813451,4.54358778713155,5.1435674541913725,4.48887224631653,4.570899624976028,3.7883800830856145,-0.156,-0.7759999999999999,-0.098,-0.21100000000000002,0.552,4.467101904302646e-07,4.550236742269865e-07,4.4536088992509186e-07,4.582485766064125e-07,4.6656154602170036e-07,4.516982807082977e-07,2.0018791382757093
HD141004,12,4.285344210269805,5924.119417903064,0.08045968428595819,0.266622265655467,0.266622265655467,0.266622265655467,0.266622265655467,0.266622265655467,0.266622265655467,1.0,1.0,1.0,1.0,1.0,1.0,11.955898124374949,4.542352085764835,5.122517437587608,4.471011027254955,4.569552972151339,3.788803850037931,-0.155,-0.775,-0.09699999999999999,-0.209,0.551,4.4680717681742485e-07,4.635045476979871e-07,4.5233121984966495e-07,4.5797290619169316e-07,4.668092300686836e-07,4.568255993457622e-07,2.0410510609670256
HD141004,13,4.6036001975794045,5972.688850423509,-0.10850221581098958,0.2542958835035997,0.2542958835035997,0.2542958835035997,0.2542958835035997,0.2542958835035997,0.2542958835035997,1.0,1.0,1.0,1.0,1.0,1.0,11.92820467136784,4.543347212715371,5.147189343525599,4.488020972879687,4.569832134332866,3.78627622925993,-0.16,-0.745,-0.106,-0.21,0.531,4.484583240277154e-07,4.40742811020015e-07,4.4900645597226404e-07,4.582770627638159e-07,4.765960986327345e-07,4.438290162230952e-07,1.9738078954030311
HD141004,14,4.336894265243453,5927.197420848209,0.15818330651719525,0.26057405925718236,0.26057405925718236,0.26057405925718236,0.26057405925718236,0.26057405925718236,0.26057405925718236,1.0,1.0,1.0,1.0,1.0,1.0,11.88463789263518,4.542868314771891,5.135373667187169,4.466625013039576,4.569850266839848,3.7880574401413702,-0.15,-0.7829999999999999,-0.092,-0.20600000000000002,0.5579999999999999,4.445428697122516e-07,4.6143603587538986e-07,4.52075498040321e-07,4.5658418860076265e-07,4.641282449175553e-07,4.5467876941013454e-07,2.007315366146037
HD141004,15,3.9737469705950232,5884.00227342138,-0.25178125494067544,0.2989995345819092,0.2989995345819092,0.2989995345819092,0.2989995345819092,0.2989995345819092,0.2989995345819092,1.0,1.0,1.0,1.0,1.0,1.0,11.87959117517418,4.543791171099072,5.156537777248301,4.483463353715883,4.570849905069907,3.7902427942498385,-0.17600000000000002,-0.755,-0.12300000000000001,-0.226,0.529,4.5492992585424856e-07,4.410073866480737e-07,4.58010709581754e-07,4.646447266449163e-07,4.757336341633986e-07,4.465764023305436e-07,1.969870997748899
HD141004,16,3.768182197293135,5965.187422415606,-0.11092408128672818,0.279822983385773,0.279822983385773,0.279822983385773,0.279822983385773,0.279822983385773,0.279822983385773,1.0,1.0,1.0,1.0,1.0,1.0,11.923900840998957,4.54450321071583,5.164011055710675,4.484623217687327,4.569653339974454,3.7902412471468905,-0.154,-0.722,-0.099,-0.205,0.531,4.455122913037023e-07,4.248704751046393e-07,4.4751921534796763e-07,4.562465974602571e-07,4.7485878370399146e-07,4.3312720158426456e-07,1.9248247592385526
HD141004,17,4.343598720096995,5999.899739553543,0.10586967887184172,0.24193439101345973,0.24193439101345973,0.24193439101345973,0.24193439101345973,0.24193439101345973,0.24193439101345973,1.0,1.0,1.0,1.0,1.0,1.0,11.89246132210439,4.543377828849929,5.141777374430355,4.489451350029575,4.571054073774939,3.7886088288207014,-0.14300000000000002,-0.742,-0.085,-0.195,0.544,4.414787895195911e-07,4.4172301201547326e-07,4.3982552992299965e-07,4.5148086155145483e-07,4.699129819265257e-07,4.4162532301712043e-07,1.952254752468302
HD141004,18,4.337740155918741,5968.824599818878,-0.1119306923944722,0.24093298442993266,0.24093298442993266,0.24093298442993266,0.24093298442993266,0.24093298442993266,0.24093298442993266,1.0,1.0,1.0,1.0,1.0,1.0,11.907498088927069,4.543447075981882,5.124324097601123,4.468344530922122,4.5705644361181,3.7837945830008417,-0.159,-0.738,-0.105,-0.209,0.53,4.4800426061064996e-07,4.472304195877827e-07,4.5679691505324427e-07,4.575464606244466e-07,4.781268593977917e-07,4.4753995599692955e-07,1.9834071804269486
HD141004,19,4.066233270108424,5966.971913112149,-0.004164598851659777,0.27788820299760375,0.27788820299760375,0.27788820299760375,0.27788820299760375,0.27788820299760375,0.27788820299760375,1.0,1.0,1.0,1.0,1.0,1.0,11.933855224419295,4.543845290379911,5.10813837251442,4.4723065836752305,4.570671654614263,3.789592292947754,-0.151,-0.7390000000000001,-0.095,-0.203,0.539,4.445522968988614e-07,4.543657905175399e-07,4.50960331611234e-07,4.54980006728428e-07,4.7165458157387235e-07,4.504403930700685e-07,2.00510852717634
HD141004,20,4.072068500631406,5942.7897425412275,0.1440149009261075,0.2882514220641704,0.2882514220641704,0.2882514220641704,0.2882514220641704,0.2882514220641704,0.2882514220641704,1.0,1.0,1.0,1.0,1.0,1.0,11.889797348120778,4.5425510311175445,5.12939615107742,4.477374951135301,4.570932658383604,3.7867912221514226,-0.147,-0.7659999999999999,-0.08800000000000001,-0.20199999999999999,0.5539999999999999,4.4344581660620897e-07,4.5677519765351163e-07,4.45975492926049e-07,4.5445188723112015e-07,4.663849051737076e-07,4.5144344523459057e-07,1.99476289842244
HD141004,21,4.03432450806014,5924.416475761704,-0.10221783579354585,0.27849835577558135,0.27849835577558135,0.27849835577558135,0.27849835577558135,0.27849835577558135,0.27849835577558135,1.0,1.0,1.0,1.0,1.0,1.0,11.900580149696813,4.543802976486914,5.152366091594778,4.483378156240018,4.5686435280187725,3.7870871332468514,-0.162,-0.75,-0.107,-0.214,0.536,4.4909661748149506e-07,4.4067106790220253e-07,4.513461186968615e-07,4.604723565861538e-07,4.7405215080617605e-07,4.440412877339195e-07,1.9656158527014738
HD141004,22,4.10408446288569,5869.888971957225,-0.16187454214970923,0.3049289693576344,0.3049289693576344,0.3049289693576344,0.3049289693576344,0.3049289693576344,0.3049289693576344,1.0,1.0,1.0,1.0,1.0,1.0,11.913290957802673,4.543209511953132,5.1341978044070915,4.482052224742186,4.569897918652541,3.786689538634019,-0.174,-0.774,-0.12,-0.22699999999999998,0.537,4.543360206081951e-07,4.581227435191655e-07,4.5734094492952705e-07,4.654808376500372e-07,4.737892026239493e-07,4.566080543547773e-07,2.02556456389647
HD141004,23,4.259391771727151,5908.400536749599,0.1164830436999565,0.2718090843110984,0.2718090843110984,0.2718090843110984,0.2718090843110984,0.2718090843110984,0.2718090843110984,1.0,1.0,1.0,1.0,1.0,1.0,11.920355122089585,4.542880442004057,5.1218519403225615,4.487421924268363,4.569390001727315,3.786008000416813,-0.155,-0.7859999999999999,-0.09699999999999999,-0.21100000000000002,0.556,4.4658979811418945e-07,4.6851143855185486e-07,4.455456469816012e-07,4.588861751844024e-07,4.658625230863379e-07,4.5974278237678873e-07,2.0418899554688825
HD141004,24,4.341021505359818,6025.179095529308,-0.1386086758422029,0.24133037482432185,0.24133037482432185,0.24133037482432185,0.24133037482432185,0.24133037482432185,0.24133037482432185,1.0,1.0,1.0,1.0,1.0,1.0,11.90109003153314,4.544300895999411,5.120292845043023,4.464021381045964,4.570892492524868,3.7891345318224854,-0.153,-0.71,-0.1,-0.2,0.521,4.451850957277036e-07,4.374655280385243e-07,4.5651223568589124e-07,4.5363230789052557e-07,4.797413599410857e-07,4.405533551141961e-07,1.9503431065957748
HD141004,25,4.476585516205881,6001.3837378384305,-0.003682985684819617,0.22127738466832142,0.22127738466832142,0.22127738466832142,0.22127738466832142,0.22127738466832142,0.22127738466832142,1.0,1.0,1.0,1.0,1.0,1.0,11.939757296928247,4.543540062951678,5.1397723686404335,4.472951379649892,4.569079219240484,3.7888526802581164,-0.15,-0.736,-0.094,-0.2,0.535,4.442679147991672e-07,4.4010066742404525e-07,4.50277683114831e-07,4.543905460300985e-07,4.7371801688579856e-07,4.41767566374094e-07,1.9684475655957503
HD141004,26,4.197873319611557,5934.330612539186,0.03064336885410235,0.2730875647928471,0.2730875647928471,0.2730875647928471,0.2730875647928471,0.2730875647928471,0.2730875647928471,1.0,1.0,1.0,1.0,1.0,1.0,11.932535804002958,4.5435619092975745,5.139548680000924,4.488324915512006,4.571794930587383,3.786980927244243,-0.155,-0.763,-0.098,-0.209,0.546,4.4630958193402423e-07,4.5127523665977194e-07,4.4558545753584256e-07,4.5702820446712555e-07,4.697519631450922e-07,4.492889747694729e-07,1.9995408410367141
HD141004,27,4.4792427561451,5873.354113802853,0.16060900979613568,0.27159983460775594,0.27159983460775594,0.27159983460775594,0.27159983460775594,0.27159983460775594,0.27159983460775594,1.0,1.0,1.0,1.0,1.0,1.0,11.946603207317885,4.54306715916868,5.152324426842988,4.480882633969048,4.570202979093841,3.7930278893656175,-0.16,-0.816,-0.10099999999999999,-0.218,0.565,4.4857401377132207e-07,4.683075978961434e-07,4.4989163790739106e-07,4.6150858372649434e-07,4.5903924742151804e-07,4.6041416424621484e-07,2.0538871600003583
HD141004,28,4.0800362666196,5989.084024515188,-0.18213001473046764,0.26662536804601744,0.26662536804601744,0.26662536804601744,0.26662536804601744,0.26662536804601744,0.26662536804601744,1.0,1.0,1.0,1.0,1.0,1.0,11.939702675575882,4.542507806526328,5.123620318463528,4.488431524965864,4.5705323574126755,3.786453757856661,-0.158,-0.7140000000000001,-0.105,-0.20600000000000002,0.521,4.479792022386166e-07,4.3773658682024114e-07,4.4842350059422837e-07,4.562974394210947e-07,4.809273452361255e-07,4.418336329875913e-07,1.9687239352038515
HD141004,29,4.223100359493319,5956.084318580875,-0.1335125219445419,0.24742077577405774,0.24742077577405774,0.24742077577405774,0.24742077577405774,0.24742077577405774,0.24742077577405774,1.0,1.0,1.0,1.0,1.0,1.0,11.930358110511563,4.5432413782528895,5.127928591621133,4.4962860256061425,4.569666845513241,3.787332238202891,-0.161,-0.738,-0.107,-0.21100000000000002,0.53,4.489153165307371e-07,4.457481383018043e-07,4.460120213485697e-07,4.587691821336014e-07,4.7657151351243764e-07,4.4701500959337743e-07,1.988694584752535
HD141004,30,4.703971706180838,5946.146014770077,-0.018323874785013388,0.23294419934369232,0.23294419934369232,0.23294419934369232,0.23294419934369232,0.23294419934369232,0.23294419934369232,1.0,1.0,1.0,1.0,1.0,1.0,11.904215848462258,4.544694676635712,5.125265523330214,4.483235993566286,4.571875979482056,3.7880487782736645,-0.159,-0.769,-0.10300000000000001,-0.21100000000000002,0.5429999999999999,4.4748976233717303e-07,4.597849645768894e-07,4.4974524170118553e-07,4.5783667917534365e-07,4.705886662464635e-07,4.548668836810028e-07,2.0147674720944573
HD141004,31,3.909072845224695,5949.383334642742,-0.043595227403555224,0.2747180088985183,0.2747180088985183,0.2747180088985183,0.2747180088985183,0.2747180088985183,0.2747180088985183,1.0,1.0,1.0,1.0,1.0,1.0,11.913962224047845,4.543217109628639,5.136354236626984,4.4807517742545935,4.569946993064182,3.7849608612523706,-0.154,-0.74,-0.099,-0.20600000000000002,0.5379999999999999,4.4604033239671003e-07,4.4311788574482653e-07,4.4911779692771335e-07,4.5654351417424026e-07,4.74107286658971e-07,4.4428686440557994e-07,1.9711284943776501
HD141004,32,4.301315656377817,5925.671956981554,-0.05255955354640225,0.24447381232972148,0.24447381232972148,0.24447381232972148,0.24447381232972148,0.24447381232972148,0.24447381232972148,1.0,1.0,1.0,1.0,1.0,1.0,11.894035298057815,4.543708916107306,5.134864078787183,4.468105245981772,4.570544463719459,3.7892985710114746,-0.162,-0.762,-0.106,-0.214,0.54,4.4913552566929206e-07,4.5280930533552575e-07,4.5731861151959676e-07,4.596668547423652e-07,4.7134786714491637e-07,4.5133979346903227e-07,1.9957268361762481
HD141004,33,4.418568337998601,5956.115768259863,-0.1299638943593484,0.23467835277690868,0.23467835277690868,0.23467835277690868,0.23467835277690868,0.23467835277690868,0.23467835277690868,1.0,1.0,1.0,1.0,1.0,1.0,11.88419597690632,4.543351455890627,5.156313032051488,4.492164233037397,4.569390719055671,3.7870249408470134,-0.162,-0.745,-0.10800000000000001,-0.212,0.53,4.49283420262276e-07,4.3705466669312854e-07,4.4812098449828046e-07,4.5930871621019186e-07,4.767064172691263e-07,4.4194616812078757e-07,1.950958394898951
HD141004,34,4.035246631324815,5902.920817492384,0.014289892004854674,0.2995247453953429,0.2995247453953429,0.2995247453953429,0.2995247453953429,0.2995247453953429,0.2995247453953429,1.0,1.0,1.0,1.0,1.0,1.0,11.919968408183884,4.543616347150218,5.144603577824171,4.470659420210363,4.570422409268666,3.791637890827728,-0.159,-0.773,-0.102,-0.214,0.5479999999999999,4.4793442017137886e-07,4.533353060445266e-07,4.5456626973870055e-07,4.597185316956614e-07,4.6688058921835686e-07,4.511749516952675e-07,2.003706996422159
HD141004,35,3.988876598115311,5996.703837633712,-0.035088134566596624,0.25998375770380827,0.25998375770380827,0.25998375770380827,0.25998375770380827,0.25998375770380827,0.25998375770380827,1.0,1.0,1.0,1.0,1.0,1.0,11.933156574075811,4.543822232275554,5.136498814799178,4.5072908743529565,4.570217381513392,3.7848117478819217,-0.14800000000000002,-0.72,-0.092,-0.198,0.532,4.4333506410507453e-07,4.34972147480935e-07,4.3545634689827234e-07,4.5307909257178114e-07,4.768000315676634e-07,4.383173141305908e-07,1.9509149177288954
HD141004,36,4.25390671869492,5980.597741573387,-0.10514958803467223,0.23879852802653684,0.23879852802653684,0.23879852802653684,0.23879852802653684,0.23879852802653684,0.23879852802653684,1.0,1.0,1.0,1.0,1.0,1.0,11.910145110077904,4.542908029366256,5.152489487579226,4.4791360469491615,4.571189205503673,3.790892098905193,-0.156,-0.73,-0.102,-0.20600000000000002,0.529,4.4698995433181833e-07,4.3257874827015553e-07,4.510311695719486e-07,4.5602147233320346e-07,4.754492154292615e-07,4.383432306948206e-07,1.9435129340753778
HD141004,37,4.412262941351228,5908.234774234367,0.12181189823040368,0.25551860470734356,0.25551860470734356,0.25551860470734356,0.25551860470734356,0.25551860470734356,0.25551860470734356,1.0,1.0,1.0,1.0,1.0,1.0,11.912574034707024,4.542588986689873,5.1066170202588665,4.482746451062781,4.571208427789619,3.786065950116901,-0.156,-0.7909999999999999,-0.098,-0.212,0.557,4.4712132125642045e-07,4.773249838496952e-07,4.4788074734662756e-07,4.585403979233885e-07,4.6540880415392895e-07,4.652435188123853e-07,2.063624059476708
HD141004,38,4.064787578630665,5954.394144751168,0.009497726754212447,0.2839460562327512,0.2839460562327512,0.2839460562327512,0.2839460562327512,0.2839460562327512,0.2839460562327512,1.0,1.0,1.0,1.0,1.0,1.0,11.894165329241638,4.544548771728431,5.145051499331268,4.476603106621216,4.570296648591543,3.7871655442304175,-0.152,-0.747,-0.096,-0.205,0.541,4.4467372238753195e-07,4.4242572873780385e-07,4.4959319791863814e-07,4.5597634725523386e-07,4.7184000188884347e-07,4.433249261976951e-07,1.9603296903841239
HD141004,39,4.138095870162045,5961.082472669978,-0.011088628677564546,0.26601165002782245,0.26601165002782245,0.26601165002782245,0.26601165002782245,0.26601165002782245,0.26601165002782245,1.0,1.0,1.0,1.0,1.0,1.0,11.863761916487265,4.543530283956259,5.125165398085679,4.49138332677539,4.570129012166013,3.7876397792022503,-0.153,-0.7440000000000001,-0.09699999999999999,-0.205,0.539,4.4550118242573947e-07,4.4936041856948013e-07,4.439229971185931e-07,4.560467549158962e-07,4.7250353604259103e-07,4.4781672411198387e-07,1.9700814386555725
HD141004,40,4.5438935457186735,5954.673632441458,0.04538695685463585,0.23279287479402658,0.23279287479402658,0.23279287479402658,0.23279287479402658,0.23279287479402658,0.23279287479402658,1.0,1.0,1.0,1.0,1.0,1.0,11.90186135900041,4.542863304711385,5.130888840096125,4.488108425277655,4.570757386916892,3.7870084574477763,-0.154,-0.765,-0.09699999999999999,-0.207,0.546,4.4618570562612716e-07,4.5572771255779817e-07,4.452640216137069e-07,4.566232490263187e-07,4.697400521457696e-07,4.5191090978512976e-07,2.000882681862966
HD141004,41,4.337398917746196,5854.63713886089,0.019513409420342825,0.27538301011860694,0.27538301011860694,0.27538301011860694,0.27538301011860694,0.27538301011860694,0.27538301011860694,1.0,1.0,1.0,1.0,1.0,1.0,11.905744901813641,4.543321071064244,5.126064612537411,4.484494564951754,4.5702710829464275,3.787602549214223,-0.16899999999999998,-0.807,-0.11199999999999999,-0.225,0.5539999999999999,4.5220207017972946e-07,4.758117138932838e-07,4.52963438335717e-07,4.6446451700850706e-07,4.660365246456248e-07,4.663678564078621e-07,2.066240077307506
HD141004,42,4.23083580348283,5917.220418520924,-0.01922036087519817,0.2597121124266637,0.2597121124266637,0.2597121124266637,0.2597121124266637,0.2597121124266637,0.2597121124266637,1.0,1.0,1.0,1.0,1.0,1.0,11.900615744568272,4.542952405930867,5.150190086487504,4.490700725975426,4.5695340521700745,3.7893766435260487,-0.161,-0.768,-0.10400000000000001,-0.214,0.544,4.4903481274503216e-07,4.4893652444743296e-07,4.470753078270286e-07,4.6009483059801176e-07,4.695807847057e-07,4.4897583976647263e-07,1.9874712819399143
HD141004,43,4.143695771552032,6008.31699062736,0.014671113032432986,0.2634287010868261,0.2634287010868261,0.2634287010868261,0.2634287010868261,0.2634287010868261,0.2634287010868261,1.0,1.0,1.0,1.0,1.0,1.0,11.908764048591275,4.543608371660034,5.133977942016159,4.466561644350571,4.570495989896447,3.786851102142662,-0.145,-0.723,-0.08900000000000001,-0.195,0.535,4.421988674864123e-07,4.3718957539855754e-07,4.508544046496034e-07,4.5171298880010213e-07,4.7459213174642165e-07,4.3919329223369944e-07,1.9468303364644155
HD141004,44,4.412387947220821,5892.692244113655,-0.026525108129067484,0.25115137229442946,0.25115137229442946,0.25115137229442946,0.25115137229442946,0.25115137229442946,0.25115137229442946,1.0,1.0,1.0,1.0,1.0,1.0,11.94069910201822,4.54362192488457,5.099324349326296,4.485626592220715,4.570191313811942,3.7877745769972924,-0.166,-0.785,-0.11,-0.22,0.547,4.5082937371694914e-07,4.778936225187532e-07,4.5165865588027576e-07,4.623644651079016e-07,4.689765677004067e-07,4.670679229980316e-07,2.0815103588204207
HD141004,45,4.457958768760924,5884.2851080433265,0.10417071646071666,0.25552853397051806,0.25552853397051806,0.25552853397051806,0.25552853397051806,0.25552853397051806,0.25552853397051806,1.0,1.0,1.0,1.0,1.0,1.0,11.879767333626456,4.542872928532582,5.142594628157077,4.490135371006927,4.570348522632422,3.7889638171918234,-0.161,-0.804,-0.10300000000000001,-0.217,0.5589999999999999,4.4906768392013125e-07,4.6732942124182675e-07,4.468963691765447e-07,4.6102190991775943e-07,4.633140258657011e-07,4.6002472631314856e-07,2.029252412879026
HD141004,46,4.171012273745118,5947.164491060783,0.08161121451303825,0.2750019202202911,0.2750019202202911,0.2750019202202911,0.2750019202202911,0.2750019202202911,0.2750019202202911,1.0,1.0,1.0,1.0,1.0,1.0,11.911412403660933,4.542594014372237,5.127228413126606,4.487138035391908,4.568976945718441,3.7856815136908026,-0.15,-0.76,-0.09300000000000001,-0.204,0.5479999999999999,4.4465519321296377e-07,4.5516578591113473e-07,4.4402330029254526e-07,4.561106325561106e-07,4.694489469048378e-07,4.5096154883186636e-07,1.9998851765158714
HD141004,47,4.274713662810485,6011.829096273876,0.10921461315975639,0.24961335256139455,0.24961335256139455,0.24961335256139455,0.24961335256139455,0.24961335256139455,0.24961335256139455,1.0,1.0,1.0,1.0,1.0,1.0,11.91195416167394,4.5433684099520395,5.107096612012762,4.490346347509784,4.570778015469526,3.7909309422257325,-0.14,-0.7340000000000001,-0.083,-0.192,0.5429999999999999,4.4026444161205353e-07,4.5271233709102146e-07,4.3865434510540336e-07,4.503495866340376e-07,4.693411117663926e-07,4.477331788994343e-07,1.9857489018447385
HD141004,48,4.292941162786792,5993.778428761586,0.057090571381429214,0.2484861125052943,0.2484861125052943,0.2484861125052943,0.2484861125052943,0.2484861125052943,0.2484861125052943,1.0,1.0,1.0,1.0,1.0,1.0,11.920695295680574,4.542189055557838,5.1478138603028425,4.473561871060882,4.570755840421878,3.7878944096272993,-0.146,-0.7390000000000001,-0.08900000000000001,-0.19699999999999998,0.541,4.4318530567050583e-07,4.3806184757831833e-07,4.479568955457504e-07,4.524375463560665e-07,4.7152335734830093e-07,4.4011123081519335e-07,1.9548104441953364
HD141004,49,4.327482953798101,5880.56976314265,-0.09820645018114495,0.2569208860898071,0.2569208860898071,0.2569208860898071,0.2569208860898071,0.2569208860898071,0.2569208860898071,1.0,1.0,1.0,1.0,1.0,1.0,11.95038231011231,4.542758738951934,5.146560461437864,4.4907726259015135,4.571394854619486,3.782636471102779,-0.171,-0.782,-0.11599999999999999,-0.22399999999999998,0.542,4.532705251233675e-07,4.5628562842252337e-07,4.520140396292846e-07,4.6355688174608945e-07,4.7337616418131066e-07,4.55079587102861e-07,2.031374419312406
HD142860,0,4.255381626789392,6419.375996028751,-0.17201969752720198,0.21408783537729903,0.21408783537729903,0.21408783537729903,0.21408783537729903,0.21408783537729903,0.21408783537729903,1.0,1.0,1.0,1.0,1.0,1.0,11.200602639573525,3.9459088819405483,4.423014730123051,3.8673818171512377,3.9963130674449627,3.2936692338553537,-0.114,-0.551,-0.065,-0.149,0.46,7.4524217019645e-07,7.182160111305878e-07,7.657874554345135e-07,7.34743491437916e-07,8.009276394080526e-07,7.290264747569328e-07,2.858677120535617
HD142860,1,3.7846668929829903,6438.437864967422,-0.10748464653924042,0.22790463561248409,0.22790463561248409,0.22790463561248409,0.22790463561248409,0.22790463561248409,0.22790463561248409,1.0,1.0,1.0,1.0,1.0,1.0,11.143345399852311,3.9457682827319736,4.377116349456815,3.886708869138239,4.00173331918427,3.2928116002161683,-0.09699999999999999,-0.524,-0.047,-0.134,0.465,7.337593723272635e-07,7.308267494475086e-07,7.399074956651195e-07,7.210537618373828e-07,7.978777137218383e-07,7.319997985994105e-07,2.84106500828979
HD142860,2,3.9415360299127715,6375.522997426065,-0.053430872206493896,0.20614256546507276,0.20614256546507276,0.20614256546507276,0.20614256546507276,0.20614256546507276,0.20614256546507276,1.0,1.0,1.0,1.0,1.0,1.0,11.142958702239074,3.945427002077323,4.383724685749679,3.883661417500816,3.9998026640671056,3.2932226432343636,-0.10300000000000001,-0.556,-0.052000000000000005,-0.141,0.478,7.380574592055968e-07,7.481197160290131e-07,7.454120475145337e-07,7.270092038521659e-07,7.880829238733536e-07,7.440948132996466e-07,2.887808195398971
HD142860,3,4.272548374257777,6474.123215154034,-0.41250509192862456,0.2003714139835617,0.2003714139835617,0.2003714139835617,0.2003714139835617,0.2003714139835617,0.2003714139835617,1.0,1.0,1.0,1.0,1.0,1.0,11.168381189562622,3.945565037837239,4.401975338304302,3.8735605794311216,4.000598857373979,3.294943378467573,-0.129,-0.534,-0.083,-0.159,0.431,7.558488549720524e-07,7.208930512081106e-07,7.741707219146481e-07,7.386206268843072e-07,8.216438771406322e-07,7.348753727136874e-07,2.8650564008576977
HD142860,4,4.142321673521934,6351.82136902108,-0.2929867036650561,0.21804366891970223,0.21804366891970223,0.21804366891970223,0.21804366891970223,0.21804366891970223,0.21804366891970223,1.0,1.0,1.0,1.0,1.0,1.0,11.113839198864682,3.9455847956934997,4.414281078218574,3.8726766983578234,3.9969574478868393,3.2925784954150945,-0.127,-0.5670000000000001,-0.079,-0.162,0.46,7.544440822785525e-07,7.347651396265237e-07,7.719519974489191e-07,7.431525896066155e-07,8.017326614023892e-07,7.426367166873351e-07,2.8671054118439954
HD142860,5,4.242338350073006,6475.967618187817,-0.18109542244693744,0.20015278585378765,0.20015278585378765,0.20015278585378765,0.20015278585378765,0.20015278585378765,0.20015278585378765,1.0,1.0,1.0,1.0,1.0,1.0,11.158531456143063,3.9439007666968924,4.417871088996276,3.872639479833842,3.998564567073231,3.293716184732583,-0.11,-0.532,-0.062,-0.14400000000000002,0.45,7.438762070135795e-07,7.091082514863175e-07,7.599852836817711e-07,7.298525803931368e-07,8.083035770960491e-07,7.230154336972223e-07,2.8138482828435407
HD142860,6,4.156324568009018,6411.238506613731,-0.4747444016426598,0.2169136425694368,0.2169136425694368,0.2169136425694368,0.2169136425694368,0.2169136425694368,0.2169136425694368,1.0,1.0,1.0,1.0,1.0,1.0,11.117851131207452,3.9461834272808747,4.388754967702274,3.897344461715884,3.993767704353768,3.293306630065787,-0.136,-0.547,-0.09,-0.16699999999999998,0.436,7.603045748954288e-07,7.385144334840121e-07,7.622952084731173e-07,7.487794087402546e-07,8.191026342080358e-07,7.472304900485789e-07,2.8869237870859132
HD142860,7,4.295979847773491,6419.814742119015,-0.3398228249395034,0.20299895093602913,0.20299895093602913,0.20299895093602913,0.20299895093602913,0.20299895093602913,0.20299895093602913,1.0,1.0,1.0,1.0,1.0,1.0,11.187981829557161,3.947289011148745,4.402996307707748,3.884848660190816,3.990215231585618,3.290226898206561,-0.128,-0.551,-0.081,-0.16,0.446,7.539549036748136e-07,7.315810568219644e-07,7.647535656681631e-07,7.464055878072022e-07,8.138984386627481e-07,7.405305955631041e-07,2.897247097790177
HD142860,8,4.073080605885105,6446.099704776922,-0.11033138272045404,0.21068740802115915,0.21068740802115915,0.21068740802115915,0.21068740802115915,0.21068740802115915,0.21068740802115915,1.0,1.0,1.0,1.0,1.0,1.0,11.173647367678793,3.946458672452234,4.400266561995126,3.8753064421602974,4.004684006607001,3.2913749057835116,-0.10300000000000001,-0.535,-0.054000000000000006,-0.139,0.462,7.373564874878181e-07,7.226938348200376e-07,7.525552637607963e-07,7.224160264007091e-07,8.011447892479152e-07,7.285588958871499e-07,2.843109674733616
HD142860,9,4.2903062236046905,6386.746561413656,-0.18645650463225627,0.20885651147179302,0.20885651147179302,0.20885651147179302,0.20885651147179302,0.20885651147179302,0.20885651147179302,1.0,1.0,1.0,1.0,1.0,1.0,11.176583126016526,3.9456592461021938,4.38895760233624,3.8892910509295953,3.998244462883194,3.292965357705023,-0.11900000000000001,-0.564,-0.07,-0.154,0.46399999999999997,7.488542108528817e-07,7.50028789161869e-07,7.539534872153441e-07,7.368230263672147e-07,7.984998365139759e-07,7.495589578382741e-07,2.926597040814569
HD142860,10,4.168642411478856,6441.40737743407,-0.13302955266621477,0.21041081861577304,0.21041081861577304,0.21041081861577304,0.21041081861577304,0.21041081861577304,0.21041081861577304,1.0,1.0,1.0,1.0,1.0,1.0,11.146424695740773,3.9441736360524646,4.41535531161867,3.879598738388211,4.000206399348079,3.291783824169164,-0.10800000000000001,-0.541,-0.057999999999999996,-0.14300000000000002,0.46,7.423206127727093e-07,7.16669380889497e-07,7.523526920337721e-07,7.280788491737271e-07,8.02319679782181e-07,7.26929873642782e-07,2.8229469372400655
HD142860,11,4.019356574993428,6448.05270071927,-0.33011806792063586,0.22888673673894752,0.22888673673894752,0.22888673673894752,0.22888673673894752,0.22888673673894752,0.22888673673894752,1.0,1.0,1.0,1.0,1.0,1.0,11.143665518927351,3.945424382056319,4.400796439994986,3.8901637174687265,4.003782176258861,3.293034600526574,-0.11800000000000001,-0.529,-0.071,-0.151,0.44299999999999995,7.48326667022686e-07,7.183604248711272e-07,7.54041914898083e-07,7.310517214976517e-07,8.140426031860067e-07,7.303469217317508e-07,2.8348126671852625
HD142860,12,3.9469060859002028,6419.806619135246,-0.3036933431190384,0.23505387950172665,0.23505387950172665,0.23505387950172665,0.23505387950172665,0.23505387950172665,0.23505387950172665,1.0,1.0,1.0,1.0,1.0,1.0,11.149276430308952,3.9455990854564327,4.43347829871115,3.8865205549707107,4.005401173324113,3.2945053144647174,-0.11699999999999999,-0.535,-0.069,-0.151,0.45,7.47517458947233e-07,7.009219413427928e-07,7.551839523754808e-07,7.299624250521166e-07,8.077163031000929e-07,7.19560148384569e-07,2.795757474313658
HD142860,13,4.442614076286827,6452.04104633632,-0.06573014913027014,0.2519075309080404,0.2519075309080404,0.2519075309080404,0.2519075309080404,0.2519075309080404,0.2519075309080404,1.0,1.0,1.0,1.0,1.0,1.0,11.129355695795429,3.945275580870065,4.4116759935971075,3.8851753171479335,3.989953454302458,3.2944393545854433,-0.10800000000000001,-0.551,-0.057,-0.142,0.46399999999999997,7.415675924855737e-07,7.257559035160907e-07,7.478092757210419e-07,7.343102542112907e-07,7.97416527616966e-07,7.320805791038838e-07,2.8342487041026008
HD142860,14,4.230744167219022,6565.209768846728,-0.09805630475453431,0.20469241654145662,0.20469241654145662,0.20469241654145662,0.20469241654145662,0.20469241654145662,0.20469241654145662,1.0,1.0,1.0,1.0,1.0,1.0,11.145585460880872,3.945835645407308,4.412404392183233,3.876251911204352,4.0032953313504915,3.296209400173833,-0.09699999999999999,-0.505,-0.048,-0.129,0.44299999999999995,7.337138488742851e-07,6.951831191394735e-07,7.477565228283026e-07,7.167089735721872e-07,8.1166573918731e-07,7.105954110333982e-07,2.7590984446469906
HD142860,15,3.7976246628341337,6426.208449861341,-0.13863921671050874,0.21627903345707694,0.21627903345707694,0.21627903345707694,0.21627903345707694,0.21627903345707694,0.21627903345707694,1.0,1.0,1.0,1.0,1.0,1.0,11.110972717488023,3.944476098670083,4.397642589722392,3.8771059818212694,3.9919933686836395,3.292026454850271,-0.10099999999999999,-0.528,-0.051,-0.13699999999999998,0.46399999999999997,7.373446529081025e-07,7.197869007406317e-07,7.492359056556814e-07,7.295643886870276e-07,7.991906470699804e-07,7.268100016076201e-07,2.8045557839259123
HD142860,16,4.346022535005972,6428.325251369951,-0.07354851530561213,0.24043319845153405,0.24043319845153405,0.24043319845153405,0.24043319845153405,0.24043319845153405,0.24043319845153405,1.0,1.0,1.0,1.0,1.0,1.0,11.170572199994755,3.9461864684270993,4.399612180350716,3.8794766298939356,3.993875313316935,3.2923019295477993,-0.10800000000000001,-0.555,-0.057999999999999996,-0.14400000000000002,0.467,7.409457089956736e-07,7.365735211745347e-07,7.524373109497051e-07,7.330116031255118e-07,7.967832629501066e-07,7.383223963029904e-07,2.8796248172015577
HD142860,17,4.420967682764513,6460.2089212796645,0.04261549927406691,0.24319200239983543,0.24319200239983543,0.24319200239983543,0.24319200239983543,0.24319200239983543,0.24319200239983543,1.0,1.0,1.0,1.0,1.0,1.0,11.176718849104368,3.9455905589434,4.430960219186521,3.8711272604039295,3.993753756158392,3.2915422979438556,-0.098,-0.551,-0.046,-0.134,0.473,7.34555730341483e-07,7.129792439270127e-07,7.499115981783992e-07,7.263726312323556e-07,7.929468084708806e-07,7.216098384928008e-07,2.8175402175514113
HD142860,18,4.1179620455123915,6467.872148236099,-0.15142751507046637,0.2017893172961562,0.2017893172961562,0.2017893172961562,0.2017893172961562,0.2017893172961562,0.2017893172961562,1.0,1.0,1.0,1.0,1.0,1.0,11.142880337006163,3.9458146601629602,4.3998538686885915,3.8768549038380287,4.006741446560959,3.292029547580242,-0.106,-0.529,-0.057,-0.14,0.455,7.398354047110981e-07,7.189843332548474e-07,7.535620399228716e-07,7.217127803582884e-07,8.058406209734974e-07,7.273247618373476e-07,2.8226844588242876
HD142860,19,4.342613171142234,6467.272570522663,-0.29420809246787694,0.2131772378443838,0.2131772378443838,0.2131772378443838,0.2131772378443838,0.2131772378443838,0.2131772378443838,1.0,1.0,1.0,1.0,1.0,1.0,11.176825053372923,3.9447629788688547,4.41042553055265,3.8848267844087916,3.9968217926506875,3.2902642086847274,-0.122,-0.539,-0.075,-0.154,0.442,7.515463727848508e-07,7.186058732409837e-07,7.60554360935378e-07,7.377891388181686e-07,8.168744098412913e-07,7.317820730585306e-07,2.8573122144331733
HD142860,20,4.143502419153063,6407.0929073272,-0.15082583374944336,0.21958990575361062,0.21958990575361062,0.21958990575361062,0.21958990575361062,0.21958990575361062,0.21958990575361062,1.0,1.0,1.0,1.0,1.0,1.0,11.20908473105307,3.9440090089129485,4.365344103674135,3.883005365350395,3.9973387158088913,3.295558390176907,-0.11199999999999999,-0.551,-0.062,-0.147,0.46399999999999997,7.451734468718547e-07,7.573965685288077e-07,7.527639777698862e-07,7.32698813588651e-07,7.965950778237413e-07,7.525073198660266e-07,2.9552216400616826
HD142860,21,3.977479686518974,6476.090379175104,-0.22658012071730982,0.20498040645423982,0.20498040645423982,0.20498040645423982,0.20498040645423982,0.20498040645423982,0.20498040645423982,1.0,1.0,1.0,1.0,1.0,1.0,11.195243662054164,3.9465097163183613,4.40423207161945,3.87577120982321,3.993098731205119,3.289157113382564,-0.107,-0.518,-0.059000000000000004,-0.141,0.44799999999999995,7.400432267743591e-07,7.088725282901407e-07,7.557053393888698e-07,7.315120459923524e-07,8.132014217981269e-07,7.213408076838282e-07,2.82583388053764
HD142860,22,4.179295646482548,6361.2473919315935,-0.02642369525662,0.22221682946684695,0.22221682946684695,0.22221682946684695,0.22221682946684695,0.22221682946684695,0.22221682946684695,1.0,1.0,1.0,1.0,1.0,1.0,11.16255905652695,3.944788930311262,4.395162726584506,3.8779880993919034,3.99763928100773,3.2928589931418575,-0.107,-0.5720000000000001,-0.055999999999999994,-0.146,0.48200000000000004,7.412170530765993e-07,7.512697184326766e-07,7.520829356430678e-07,7.318216649169793e-07,7.854478900336913e-07,7.472486522902457e-07,2.910259428711152
HD142860,23,4.223293269138715,6414.056747301517,-0.19376194411649134,0.200530463478534,0.200530463478534,0.200530463478534,0.200530463478534,0.200530463478534,0.200530463478534,1.0,1.0,1.0,1.0,1.0,1.0,11.093643133052991,3.9454534522588403,4.375108069673133,3.876466869913359,3.990592692319354,3.2896172022942385,-0.11599999999999999,-0.551,-0.067,-0.15,0.45899999999999996,7.469294681576649e-07,7.506158777150563e-07,7.608065215555084e-07,7.393054329365379e-07,8.046631142364606e-07,7.491413138920996e-07,2.8817158548150728
HD142860,24,4.465372805299023,6434.848567795196,-0.24591356653256735,0.20118732751897664,0.20118732751897664,0.20118732751897664,0.20118732751897664,0.20118732751897664,0.20118732751897664,1.0,1.0,1.0,1.0,1.0,1.0,11.17483193633914,3.944736378578471,4.409705818804005,3.8835891916999237,3.9937428141489186,3.2938673816731665,-0.12300000000000001,-0.555,-0.075,-0.156,0.451,7.522573213501186e-07,7.297576344624817e-07,7.614217845178684e-07,7.412485366098435e-07,8.074469938249101e-07,7.387575092175364e-07,2.883519776192079
HD142860,25,3.918983510023897,6423.477304456423,-0.19881059719250102,0.2032213572511382,0.2032213572511382,0.2032213572511382,0.2032213572511382,0.2032213572511382,0.2032213572511382,1.0,1.0,1.0,1.0,1.0,1.0,11.184865088511392,3.944944247494894,4.403362625555466,3.8935612809823756,3.985034298715025,3.2948479212880235,-0.10800000000000001,-0.5329999999999999,-0.06,-0.14400000000000002,0.45899999999999996,7.417939306946635e-07,7.193097125036221e-07,7.441088370297563e-07,7.390047930395201e-07,8.007958358199728e-07,7.283033997800387e-07,2.8478221440028206
HD142860,26,3.932971870893339,6508.611170068077,-0.1666353842194163,0.19627564942768955,0.19627564942768955,0.19627564942768955,0.19627564942768955,0.19627564942768955,0.19627564942768955,1.0,1.0,1.0,1.0,1.0,1.0,11.0980484839914,3.9457054888770378,4.404350130932766,3.8779859499810674,3.9947247279304823,3.2926073478975195,-0.099,-0.506,-0.05,-0.133,0.44799999999999995,7.351547693584053e-07,7.01004687879443e-07,7.479397152084581e-07,7.250552198180995e-07,8.10621345432241e-07,7.14664720471028e-07,2.751278817867119
HD142860,27,3.8799173229091277,6461.349554959357,-0.06950883148898473,0.201870606898983,0.201870606898983,0.201870606898983,0.201870606898983,0.201870606898983,0.201870606898983,1.0,1.0,1.0,1.0,1.0,1.0,11.181649946795504,3.9455155390570775,4.399070908882959,3.8878030434787156,4.004791222840926,3.294670310195189,-0.094,-0.521,-0.044000000000000004,-0.131,0.46399999999999997,7.319050757865476e-07,7.142209928068465e-07,7.371226517327728e-07,7.170418195983601e-07,7.972469208257087e-07,7.21294625998727e-07,2.8187950880478985
HD142860,28,4.081738223983364,6461.757570843236,0.0424086744496793,0.21102459883820798,0.21102459883820798,0.21102459883820798,0.21102459883820798,0.21102459883820798,0.21102459883820798,1.0,1.0,1.0,1.0,1.0,1.0,11.165812722447201,3.9461017573517063,4.402344746560757,3.8840740102848472,3.9944137287202044,3.293867383322695,-0.091,-0.534,-0.039,-0.128,0.473,7.294915601628869e-07,7.206478180236404e-07,7.362602780850696e-07,7.219306545083952e-07,7.912505434498059e-07,7.24185314879339e-07,2.822080631273371
HD142860,29,4.358384214214207,6426.076162292815,-0.35620730371453735,0.21313332929832432,0.21313332929832432,0.21313332929832432,0.21313332929832432,0.21313332929832432,0.21313332929832432,1.0,1.0,1.0,1.0,1.0,1.0,11.11654369527956,3.945888354917749,4.378335570682923,3.8750790124295884,4.001955203132689,3.292068021771463,-0.13,-0.552,-0.083,-0.162,0.44299999999999995,7.563200830908927e-07,7.490774896131701e-07,7.730887788561327e-07,7.397396430196565e-07,8.147676288669803e-07,7.519745270042591e-07,2.904569103206646
HD142860,30,3.9976040418592578,6429.147551070279,-0.0978888057713036,0.2114974712757928,0.2114974712757928,0.2114974712757928,0.2114974712757928,0.2114974712757928,0.2114974712757928,1.0,1.0,1.0,1.0,1.0,1.0,11.123399845421984,3.9447369770214693,4.404766273190563,3.893843527787017,3.9914260877098866,3.289198178404693,-0.102,-0.537,-0.052000000000000005,-0.139,0.466,7.37846775741383e-07,7.2103187691773e-07,7.384541976428903e-07,7.312915236140886e-07,7.998005588895118e-07,7.277578364471911e-07,2.814498448148293
HD142860,31,4.258093522431748,6480.179031995606,-0.2385660829968397,0.21197039047117736,0.21197039047117736,0.21197039047117736,0.21197039047117736,0.21197039047117736,0.21197039047117736,1.0,1.0,1.0,1.0,1.0,1.0,11.120864513016974,3.9445844737025464,4.420877846137477,3.8770409348143966,4.00570761443454,3.292821266650365,-0.115,-0.531,-0.067,-0.147,0.445,7.468393377261593e-07,7.064962096193835e-07,7.604043641288809e-07,7.270728518932032e-07,8.127041322868834e-07,7.226334608620937e-07,2.7934068389807596
HD142860,32,4.33309833522352,6435.2271455126065,-0.24774381187211175,0.2091137781194126,0.2091137781194126,0.2091137781194126,0.2091137781194126,0.2091137781194126,0.2091137781194126,1.0,1.0,1.0,1.0,1.0,1.0,11.10814461299475,3.945971858688384,4.382348899268382,3.8657056408110644,3.9958170620382685,3.2935583647303575,-0.121,-0.5489999999999999,-0.07200000000000001,-0.154,0.451,7.500189409093297e-07,7.442544069823905e-07,7.719314198107163e-07,7.38472198315034e-07,8.07676838156923e-07,7.465602205531663e-07,2.8793000239306603
HD142860,33,4.028345351966032,6446.848329968273,-0.18490538698250583,0.20313678139822403,0.20313678139822403,0.20313678139822403,0.20313678139822403,0.20313678139822403,0.20313678139822403,1.0,1.0,1.0,1.0,1.0,1.0,11.135996792879196,3.945768080935211,4.418009514092908,3.8764838972673346,3.9918289721693605,3.2923118760851553,-0.10800000000000001,-0.531,-0.059000000000000004,-0.14300000000000002,0.455,7.412312867932147e-07,7.083651211079357e-07,7.552094500760666e-07,7.337183584983744e-07,8.056311021245648e-07,7.215115873820472e-07,2.7966655321898477
HD142860,34,4.009420516755486,6434.276438833758,-0.18951874353696188,0.2006669659706626,0.2006669659706626,0.2006669659706626,0.2006669659706626,0.2006669659706626,0.2006669659706626,1.0,1.0,1.0,1.0,1.0,1.0,11.145475368659161,3.9463903573820796,4.400035068581736,3.8725716737505778,3.993413644622223,3.2923971168142425,-0.109,-0.534,-0.06,-0.14400000000000002,0.457,7.414892032390751e-07,7.221824781423647e-07,7.586340041708913e-07,7.333233551574678e-07,8.040853098878728e-07,7.299051681810487e-07,2.8340183434586232
HD142860,35,4.4313885719685615,6442.387124066326,-0.18286938413749265,0.2113598326368622,0.2113598326368622,0.2113598326368622,0.2113598326368622,0.2113598326368622,0.2113598326368622,1.0,1.0,1.0,1.0,1.0,1.0,11.128442523661295,3.9446511611727813,4.383842994076199,3.8782829087318818,3.9884659434295493,3.2925410326506714,-0.11699999999999999,-0.552,-0.068,-0.15,0.455,7.481703793925715e-07,7.452873965642556e-07,7.60234914570041e-07,7.407550096766868e-07,8.054610827640482e-07,7.464405896955819e-07,2.8893692521639305
HD142860,36,4.0164351716705715,6377.641324279068,-0.098608280169907,0.22760599827415595,0.22760599827415595,0.22760599827415595,0.22760599827415595,0.22760599827415595,0.22760599827415595,1.0,1.0,1.0,1.0,1.0,1.0,11.134427533706953,3.9440735395941835,4.395723138837128,3.8841003632934834,3.9887459613927296,3.298057485588402,-0.10800000000000001,-0.556,-0.057,-0.145,0.474,7.423890521313096e-07,7.39897771214797e-07,7.485500252049999e-07,7.371614066388898e-07,7.874771854628463e-07,7.40894283581402e-07,2.8709858730270064
HD142860,37,3.9743351403988676,6418.555930286131,-0.2312100177751541,0.20980667173227607,0.20980667173227607,0.20980667173227607,0.20980667173227607,0.20980667173227607,0.20980667173227607,1.0,1.0,1.0,1.0,1.0,1.0,11.179608839389024,3.9457767629184968,4.39873406586979,3.8768127331886295,3.989197791682802,3.2897027824399996,-0.11199999999999999,-0.537,-0.064,-0.147,0.456,7.439611712321131e-07,7.250489839640374e-07,7.584655879515389e-07,7.382132873881282e-07,8.068259567864571e-07,7.326138588712677e-07,2.8619851243000913
HD142860,38,4.016776559911052,6479.811033502675,-0.22368992371747415,0.20133297875019812,0.20133297875019812,0.20133297875019812,0.20133297875019812,0.20133297875019812,0.20133297875019812,1.0,1.0,1.0,1.0,1.0,1.0,11.114506617510816,3.947547856842334,4.408048752819411,3.8825719101286333,3.9918997519549846,3.2934819756502756,-0.10800000000000001,-0.519,-0.06,-0.141,0.447,7.400172304590956e-07,7.070359125303032e-07,7.516786421647785e-07,7.323203014526631e-07,8.107149549915453e-07,7.202284397018202e-07,2.7809275159561264
HD142860,39,3.941423756711235,6439.08785724499,-0.17237789256115305,0.2002623975749228,0.2002623975749228,0.2002623975749228,0.2002623975749228,0.2002623975749228,0.2002623975749228,1.0,1.0,1.0,1.0,1.0,1.0,11.19041486420004,3.9439268738232425,4.399542292256405,3.8651424360271416,3.994118421235545,3.2918004310026405,-0.105,-0.53,-0.057,-0.141,0.45799999999999996,7.404406017831851e-07,7.19853395839969e-07,7.617351566755941e-07,7.308253549007829e-07,8.037866749274157e-07,7.280882782172556e-07,2.8498069389188165
HD142860,40,4.33818772940162,6385.512460931525,-0.2290589691465195,0.20690447905136464,0.20690447905136464,0.20690447905136464,0.20690447905136464,0.20690447905136464,0.20690447905136464,1.0,1.0,1.0,1.0,1.0,1.0,11.172402732381588,3.946398362011758,4.388173001766995,3.8688426802823472,3.9992542531430377,3.296753853117878,-0.12300000000000001,-0.565,-0.07400000000000001,-0.158,0.46,7.511066893728524e-07,7.512626086053576e-07,7.711234362003351e-07,7.388550965367418e-07,7.986554017685622e-07,7.512002409123555e-07,2.9308116460003455
HD142860,41,4.492686130786274,6432.587915371544,-0.24646863329433677,0.19823843487634696,0.19823843487634696,0.19823843487634696,0.19823843487634696,0.19823843487634696,0.19823843487634696,1.0,1.0,1.0,1.0,1.0,1.0,11.155652218478034,3.945095750007135,4.380081320965861,3.888116326744056,3.9909608439136535,3.2896404322358954,-0.124,-0.557,-0.076,-0.156,0.451,7.527013147754018e-07,7.51326048753711e-07,7.589522344821554e-07,7.431502651357504e-07,8.105966447156547e-07,7.518761551623874e-07,2.9246592250192505
HD142860,42,4.0404107035741035,6359.267069994691,-0.13127451214337013,0.23281318177955368,0.23281318177955368,0.23281318177955368,0.23281318177955368,0.23281318177955368,0.23281318177955368,1.0,1.0,1.0,1.0,1.0,1.0,11.135477661264675,3.9461477222631385,4.404926600626099,3.8643148634572597,3.9961400049428257,3.2897967087101962,-0.11199999999999999,-0.563,-0.062,-0.15,0.473,7.43707028277062e-07,7.38397698523066e-07,7.658346804230951e-07,7.355377597085972e-07,7.942226917760032e-07,7.405214304246644e-07,2.8700823555360104
HD142860,43,4.177716024933355,6407.718052002275,-0.15092849132915767,0.21966806599900146,0.21966806599900146,0.21966806599900146,0.21966806599900146,0.21966806599900146,0.21966806599900146,1.0,1.0,1.0,1.0,1.0,1.0,11.131163710122314,3.945784941778365,4.398296363089501,3.8711786807456416,4.007064924091847,3.2898344447069547,-0.11199999999999999,-0.552,-0.063,-0.14800000000000002,0.46399999999999997,7.439555669875251e-07,7.354318416783786e-07,7.617097283852037e-07,7.268336156889016e-07,8.008057756717814e-07,7.388413318020372e-07,2.8613523994185432
HD142860,44,4.006499505876053,6400.4816405767015,-0.24686144234780544,0.1995301158622385,0.1995301158622385,0.1995301158622385,0.1995301158622385,0.1995301158622385,0.1995301158622385,1.0,1.0,1.0,1.0,1.0,1.0,11.130196397432865,3.944567980806732,4.399718765349979,3.8774996038717773,4.004830502499394,3.293872478050063,-0.11599999999999999,-0.545,-0.068,-0.151,0.457,7.475388744638779e-07,7.297489327314395e-07,7.607835842770822e-07,7.303461994460473e-07,8.029934142334539e-07,7.368649094244148e-07,2.8532022386026425
HD142860,45,4.20487447205761,6444.467607464891,-0.271525462948303,0.2239011312842703,0.2239011312842703,0.2239011312842703,0.2239011312842703,0.2239011312842703,0.2239011312842703,1.0,1.0,1.0,1.0,1.0,1.0,11.187275512389999,3.945440864251673,4.405621957115432,3.8721745859645824,3.993264568206176,3.291926490676773,-0.11900000000000001,-0.54,-0.071,-0.152,0.44799999999999995,7.490048483791249e-07,7.224573134351203e-07,7.66639408838624e-07,7.388480770593264e-07,8.111298395597896e-07,7.330763274127221e-07,2.8677209445124876
HD142860,46,4.1445131780400155,6419.780819934773,0.00491383065091075,0.2183460582047085,0.2183460582047085,0.2183460582047085,0.2183460582047085,0.2183460582047085,0.2183460582047085,1.0,1.0,1.0,1.0,1.0,1.0,11.159637495018575,3.9449951063261235,4.3893218741336115,3.8779841945895304,4.0012260876453345,3.2940461916695103,-0.099,-0.551,-0.047,-0.136,0.47600000000000003,7.356359285967279e-07,7.40853308999339e-07,7.458771398490566e-07,7.227207760863843e-07,7.889373154551714e-07,7.387663568382946e-07,2.8757180922091736
HD142860,47,4.579315227921844,6396.954132213523,-0.10671523186274379,0.2584245980296527,0.2584245980296527,0.2584245980296527,0.2584245980296527,0.2584245980296527,0.2584245980296527,1.0,1.0,1.0,1.0,1.0,1.0,11.168284348806312,3.946678754821871,4.398041001026708,3.8886745615876923,3.993584647729197,3.2907217592805167,-0.11699999999999999,-0.575,-0.067,-0.152,0.469,7.467744879115307e-07,7.51353950543236e-07,7.523001527556992e-07,7.386302936941384e-07,7.96475224370563e-07,7.495221654905539e-07,2.9221091319841492
HD142860,48,3.8902842839371177,6493.255608524483,-0.2108353413297662,0.1969169055523603,0.1969169055523603,0.1969169055523603,0.1969169055523603,0.1969169055523603,0.1969169055523603,1.0,1.0,1.0,1.0,1.0,1.0,11.140837220673394,3.9459057768386576,4.391619186959749,3.8854739542016663,3.996092887443634,3.29449227369179,-0.102,-0.509,-0.054000000000000006,-0.136,0.447,7.370529078080522e-07,7.112352942227496e-07,7.455407615292925e-07,7.261457831128329e-07,8.099609202925965e-07,7.215623396568706e-07,2.799294178658275
HD142860,49,3.978774182750345,6455.041621001821,-0.09303555507720902,0.20313194603313173,0.20313194603313173,0.20313194603313173,0.20313194603313173,0.20313194603313173,0.20313194603313173,1.0,1.0,1.0,1.0,1.0,1.0,11.225849703971138,3.9465504199636414,4.402482132132799,3.8773414990202753,3.994882324975945,3.290714284896657,-0.099,-0.528,-0.049,-0.135,0.462,7.345828869035268e-07,7.165856744873373e-07,7.476948254199237e-07,7.26286621996659e-07,8.016323975865199e-07,7.237845594538131e-07,2.8509315242319375
HD182572,0,4.289323785273937,,0.5049634510900212,,,,,,,1.0,1.0,1.0,1.0,1.0,1.0,14.883961459083466,5.310157488190567,6.090401427305136,5.2356960548522204,5.349636178971143,4.445449334194931,0.006,-0.193,0.049,-0.009000000000000001,0.233,1.8993192912531706e-07,1.1119887761401873e-07,1.9551611215985663e-07,1.856976907331257e-07,3.4172853201796917e-07,1.4269209821853808e-07,0.9880434034762787
HD182572,1,4.302227309043712,,0.2792318146277718,,,,,,,1.0,1.0,1.0,1.0,1.0,1.0,14.904533801176836,5.308329613858373,6.0944996863097325,5.233930078663245,5.350476274166471,4.4464002419164395,-0.015,-0.20600000000000002,0.027000000000000003,-0.028999999999999998,0.214,1.9396757180803657e-07,1.121143233418281e-07,1.9984300117757294e-07,1.89003769118249e-07,3.474568498368029e-07,1.448556227283115e-07,1.0057989442144128
HD182572,2,4.240263876846173,,0.4025597068844613,,,,,,,1.0,1.0,1.0,1.0,1.0,1.0,14.89444160552492,5.30876567259665,6.117509836270209,5.253375920012755,5.350352420415107,4.4474988527241015,-0.001,-0.193,0.040999999999999995,-0.015,0.22399999999999998,1.9140562896207872e-07,1.0845686333903458e-07,1.9378073848230218e-07,1.8660359504635037e-07,3.439231687750766e-07,1.4163636958825223e-07,0.9821148187358547
HD182572,3,4.132631135224985,,0.3660451851629409,,,,,,,1.0,1.0,1.0,1.0,1.0,1.0,14.896120196593735,5.309441614115059,6.1135517062374545,5.222941269493736,5.349990099292428,4.445560702218684,0.002,-0.182,0.042,-0.013000000000000001,0.22,1.9075868897100567e-07,1.0775570983521532e-07,1.9910605468562128e-07,1.8632234219148979e-07,3.458093198948336e-07,1.4095690148953146e-07,0.9776236649361807
HD182572,4,4.3643932860283385,,0.2977857175365624,,,,,,,1.0,1.0,1.0,1.0,1.0,1.0,14.879626459328094,5.308807211554705,6.114977560935015,5.250223967632358,5.351040339792002,4.446849975718856,-0.017,-0.212,0.025,-0.03,0.21600000000000003,1.9423974087069651e-07,1.1062924544518549e-07,1.9722927922167806e-07,1.890796713333424e-07,3.466737707998196e-07,1.440734436153899e-07,0.9970272299745919
HD182572,5,4.337009136076691,,0.3920851411651746,,,,,,,1.0,1.0,1.0,1.0,1.0,1.0,14.924402053661952,5.308443762359797,6.099214246942362,5.253577677996721,5.3504197390931125,4.44772173473546,-0.006999999999999999,-0.204,0.036000000000000004,-0.021,0.22399999999999998,1.925233764598062e-07,1.1142310992416468e-07,1.946390173860477e-07,1.876260255162189e-07,3.4385257481317124e-07,1.438632165384213e-07,1.0015731459896964
HD182572,6,3.603599122240124,,0.2714646603437296,,,,,,,1.0,1.0,1.0,1.0,1.0,1.0,14.903152906004658,5.309446945390459,6.121290078241759,5.245901405090887,5.350214788828202,4.44291503051488,0.02,-0.124,0.054000000000000006,0.004,0.20800000000000002,1.8762132405608247e-07,1.0142498294351538e-07,1.9279706249760217e-07,1.833897502680861e-07,3.5050560111867314e-07,1.3590351938854222e-07,0.9434655427252251
HD182572,7,3.8409613232595605,,0.6227291071391359,,,,,,,1.0,1.0,1.0,1.0,1.0,1.0,14.893210111680675,5.309456017115603,6.102771509361753,5.231474637564056,5.350556756121479,4.449471860613048,0.037000000000000005,-0.138,0.076,0.021,0.23800000000000002,1.8470496417170082e-07,1.0450868204284607e-07,1.9145694272497724e-07,1.8048381908670263e-07,3.3890051624290164e-07,1.3658719489438798e-07,0.9469469386556211
HD182572,8,4.275249372164466,,0.4287990889093107,,,,,,,1.0,1.0,1.0,1.0,1.0,1.0,14.923554045763098,5.309665385581326,6.097352526190681,5.253799130193729,5.350341006423383,4.445933218395379,-0.0,-0.196,0.042,-0.015,0.226,1.9107101929056408e-07,1.1079494957358878e-07,1.9352689225248746e-07,1.8660555675958757e-07,3.4378560447647337e-07,1.429053774603789e-07,0.9947916292166246
HD182572,9,4.355778086580507,,0.4984334980286039,,,,,,,1.0,1.0,1.0,1.0,1.0,1.0,14.916836151116657,5.308203737479685,6.0903029019099755,5.258521331902908,5.350023010291703,4.4413994779123716,0.002,-0.201,0.046,-0.012,0.233,1.9097630203991588e-07,1.1203141308092747e-07,1.9197843273417717e-07,1.8614516943123507e-07,3.430055786489083e-07,1.4360936866452282e-07,0.998792418497583
HD182572,10,4.390905276106575,,0.31542259888158786,,,,,,,1.0,1.0,1.0,1.0,1.0,1.0,14.910008385702692,5.309145690901216,6.101701961281522,5.2331692754410195,5.351244009293477,4.447682903677336,-0.016,-0.215,0.026000000000000002,-0.03,0.217,1.940004325628694e-07,1.1230011218883663e-07,2.0016736144942187e-07,1.8904420585793517e-07,3.460890136695375e-07,1.4498024033844974e-07,1.0074038728817156
HD182572,11,4.40222305288658,,0.3303871896701913,,,,,,,1.0,1.0,1.0,1.0,1.0,1.0,14.906169630634704,5.308735201036943,6.099991434158186,5.244421719711699,5.349731646916619,4.447601321410097,-0.016,-0.215,0.027000000000000003,-0.028999999999999998,0.21899999999999997,1.9407379317000993e-07,1.1247717525704536e-07,1.9792118693194075e-07,1.8913343747412622e-07,3.4547803922349756e-07,1.451158224222312e-07,1.0078268191448214
HD182572,12,4.151844795549794,,0.3486932878789509,,,,,,,1.0,1.0,1.0,1.0,1.0,1.0,14.91604073965168,5.309241169147577,6.07189494324796,5.234522443515894,5.348843670254403,4.442898735354604,-0.001,-0.185,0.04,-0.016,0.218,1.9132182150547163e-07,1.1228015340834563e-07,1.9735675567896988e-07,1.8703526810690498e-07,3.472973587898362e-07,1.4389682064719603e-07,1.0006848978247616
HD182572,13,3.8998248611914965,,0.4023530837093401,,,,,,,1.0,1.0,1.0,1.0,1.0,1.0,14.876459172821951,5.30835566027059,6.118296420817198,5.231719266953771,5.349974931322409,4.446346231564362,0.016,-0.153,0.054000000000000006,0.0,0.221,1.8850319280030366e-07,1.0445816834948206e-07,1.9533194199608736e-07,1.8410729709379348e-07,3.4524109231485234e-07,1.380761781298107e-07,0.9551177855843989
HD182572,14,4.216572850593634,,0.3808214045209899,,,,,,,1.0,1.0,1.0,1.0,1.0,1.0,14.90373935026945,5.3085801604691945,6.120110336537043,5.2356773215260155,5.349372117586633,4.442597488092993,-0.001,-0.191,0.04,-0.016,0.222,1.9143833589306233e-07,1.0799828028187134e-07,1.9714694246608008e-07,1.869442568292604e-07,3.4611624179184266e-07,1.4137430252634772e-07,0.9815218995540662
HD182572,15,4.519786988082031,,0.22586397353630677,,,,,,,1.0,1.0,1.0,1.0,1.0,1.0,14.896543218229347,5.309396062164234,6.091340013295082,5.243488956839941,5.3499577439526815,4.446312064059074,-0.032,-0.23399999999999999,0.011000000000000001,-0.044000000000000004,0.21,1.968351020732196e-07,1.1537852146314225e-07,2.0103209191911255e-07,1.917246161992685e-07,3.487676130118016e-07,1.4796115370717318e-07,1.0262607898912937
HD182572,16,4.015757944374487,,0.49589793904390445,,,,,,,1.0,1.0,1.0,1.0,1.0,1.0,14.922545808605902,5.30913978147069,6.096242421885986,5.245011697618691,5.348829334697495,4.445415690786436,0.019,-0.163,0.059000000000000004,0.003,0.22899999999999998,1.8784734536597245e-07,1.0758804250648023e-07,1.9206856674335594e-07,1.8379311598844015e-07,3.430004567190092e-07,1.396917636502771e-07,0.9722896603097719
HD182572,17,4.38464543084659,,0.2215727125601586,,,,,,,1.0,1.0,1.0,1.0,1.0,1.0,14.890387580425323,5.30882771255123,6.1077804270328935,5.233478167272103,5.350054927686029,4.4446255126548495,-0.025,-0.21899999999999997,0.017,-0.038,0.209,1.956725431775857e-07,1.1208533749135716e-07,2.0177609263501616e-07,1.9065096312172353e-07,3.4963167401470626e-07,1.4552021976584857e-07,1.0084964446719966
HD182572,18,4.354455075817093,,0.35331952096609265,,,,,,,1.0,1.0,1.0,1.0,1.0,1.0,14.90854956526564,5.309241179671147,6.0996455104919,5.228879322032326,5.349899560558322,4.449545383513779,-0.011000000000000001,-0.20800000000000002,0.031,-0.025,0.22,1.930920986522874e-07,1.1178995219686968e-07,2.0003649937821386e-07,1.8840878564673294e-07,3.4454251634290457e-07,1.4431081077903677e-07,1.0025560891792271
HD182572,19,3.9503220244382264,,0.28826142498980856,,,,,,,1.0,1.0,1.0,1.0,1.0,1.0,14.876254790359786,5.308674424628284,6.110420428732663,5.257820192915882,5.350282900597164,4.445714910309927,0.004,-0.165,0.043,-0.011000000000000001,0.212,1.9054221294854965e-07,1.0638803883451496e-07,1.9263397991526813e-07,1.8592929150822246e-07,3.483172721383336e-07,1.4004970848012886e-07,0.968742717242502
HD182572,20,4.121551603171928,,0.2314565077743442,,,,,,,1.0,1.0,1.0,1.0,1.0,1.0,14.894608367842476,5.30907542162011,6.08428249248403,5.2517456812271845,5.349734613875676,4.44625279397077,-0.009000000000000001,-0.188,0.03,-0.024,0.209,1.9276616439634014e-07,1.1131353569774832e-07,1.9604812909636215e-07,1.8826393380010244e-07,3.491080450375779e-07,1.4389458717718504e-07,0.9977957735704616
HD182572,21,4.085412337035398,,0.3865673400923406,,,,,,,1.0,1.0,1.0,1.0,1.0,1.0,14.895662834014955,5.309685499878533,6.102081015473537,5.232865296137446,5.349853530416711,4.4425141490983115,0.006,-0.17600000000000002,0.046,-0.009000000000000001,0.221,1.9001451377001966e-07,1.0830002788547528e-07,1.9656892209931014e-07,1.8566051998976217e-07,3.464617661914948e-07,1.4098582223929303e-07,0.9777642040263905
HD182572,22,3.98973976026765,,0.25267658798588805,,,,,,,1.0,1.0,1.0,1.0,1.0,1.0,14.929513013167634,5.308183158201667,6.123117633598019,5.250329897730536,5.349192159450941,4.445352414473664,-0.001,-0.171,0.038,-0.015,0.21,1.9150834861794557e-07,1.057338195906088e-07,1.9486283449226264e-07,1.8680311367009734e-07,3.490760144914982e-07,1.4004363120154351e-07,0.975649152858423
HD182572,23,4.435369442214913,,0.36821731459068424,,,,,,,1.0,1.0,1.0,1.0,1.0,1.0,14.902602709484544,5.308709842060209,6.096009297472768,5.233817055381277,5.349685917293166,4.446104878427303,-0.013999999999999999,-0.217,0.028999999999999998,-0.027999999999999997,0.222,1.9372114968794187e-07,1.1309860693739045e-07,1.9949598172185438e-07,1.88967278195516e-07,3.4499994295809186e-07,1.4534762403761101e-07,1.0089536356320628
HD182572,24,3.90685904606487,,0.4439415695079686,,,,,,,1.0,1.0,1.0,1.0,1.0,1.0,14.892997767688668,5.309518041108519,6.088920438873592,5.234427239333323,5.349429700432263,4.4458275864488295,0.019,-0.152,0.057999999999999996,0.003,0.22399999999999998,1.877819126277863e-07,1.0722419615783252e-07,1.9412884869160543e-07,1.8369151434085975e-07,3.444529750031444e-07,1.3944728274581403e-07,0.9667481067668416
HD182572,25,4.037586399218268,,0.3891094019620294,,,,,,,1.0,1.0,1.0,1.0,1.0,1.0,14.893654775999916,5.3089662095104035,6.112210887505948,5.2377713703939355,5.350850526076278,4.444324418984784,0.008,-0.17,0.048,-0.006999999999999999,0.221,1.8979050913034318e-07,1.0670299746120443e-07,1.9532256842826537e-07,1.8514874142123282e-07,3.4588458480324804e-07,1.3993800212885994e-07,0.9702357225417235
HD182572,26,4.147006918652553,,0.40067754089492974,,,,,,,1.0,1.0,1.0,1.0,1.0,1.0,14.914484020696039,5.309476984651125,6.101619654921573,5.240384467830411,5.349918388050226,4.444868087198823,0.004,-0.182,0.045,-0.011000000000000001,0.223,1.9040141902700642e-07,1.0894645734078362e-07,1.9539218411258266e-07,1.859917237429869e-07,3.4507519316060957e-07,1.4152844201527276e-07,0.9840093329222502
HD182572,27,4.168937731630444,,0.4517998895911568,,,,,,,1.0,1.0,1.0,1.0,1.0,1.0,14.90891121488122,5.308715417241383,6.121861041548859,5.230486576002643,5.349582977430072,4.444675559953094,0.006999999999999999,-0.182,0.049,-0.008,0.22699999999999998,1.9000927800942742e-07,1.0693418357620434e-07,1.964564736255733e-07,1.855358266917557e-07,3.4386719867425556e-07,1.4016422134949357e-07,0.9737961451054472
HD182572,28,4.223874489561556,,0.5010291458738061,,,,,,,1.0,1.0,1.0,1.0,1.0,1.0,14.912554804450666,5.308723594923901,6.100420897151412,5.225031101665651,5.349670368592213,4.4463101620423044,0.009000000000000001,-0.18600000000000003,0.051,-0.006,0.23199999999999998,1.896581616616325e-07,1.094693692604706e-07,1.9708271387122305e-07,1.851794659184295e-07,3.417723383711633e-07,1.4154488622093536e-07,0.9838690850914286
HD182572,29,3.955681149495456,,0.32775038785588473,,,,,,,1.0,1.0,1.0,1.0,1.0,1.0,14.879318724854613,5.309097750024953,6.093698118770525,5.253541578692474,5.349684256843012,4.448499788441658,0.006999999999999999,-0.163,0.046,-0.008,0.215,1.8994237963542487e-07,1.0784045886413879e-07,1.9286096841618756e-07,1.8551852038556054e-07,3.4646634875155867e-07,1.4068122717265323e-07,0.9735119051145529
HD182572,30,3.7473815906049843,,0.45640898161406995,,,,,,,1.0,1.0,1.0,1.0,1.0,1.0,14.917467442258946,5.309357429528913,6.104617347348521,5.235848270488784,5.35018203862791,4.4417436704341915,0.027000000000000003,-0.134,0.064,0.011000000000000001,0.22399999999999998,1.864309457946731e-07,1.0394749687647851e-07,1.9280649798094585e-07,1.822166924559889e-07,3.457510490341197e-07,1.3694087644375633e-07,0.9524941691868282
HD182572,31,4.1661351193557135,,0.3452178249517742,,,,,,,1.0,1.0,1.0,1.0,1.0,1.0,14.932580441244795,5.308970117001033,6.091409962643932,5.244014537220243,5.349813968617314,4.445489455804044,-0.002,-0.187,0.039,-0.017,0.218,1.9154592972777097e-07,1.1048338954165594e-07,1.9581914940219882e-07,1.8704038475459346e-07,3.464696459873385e-07,1.4290840561610195e-07,0.9960164821676288
HD182572,32,4.316870093189699,,0.5238365340489314,,,,,,,1.0,1.0,1.0,1.0,1.0,1.0,14.882716476187937,5.308964323095252,6.106333870193241,5.248078282472972,5.3486111007418575,4.449447598116529,0.006999999999999999,-0.195,0.05,-0.008,0.235,1.8996572323005113e-07,1.0978106170106433e-07,1.9312107117934807e-07,1.857019800098663e-07,3.3984582218358894e-07,1.4185492631265904e-07,0.9820822560730014
HD182572,33,4.0102178193577895,,0.2938401847555774,,,,,,,1.0,1.0,1.0,1.0,1.0,1.0,14.910028100052378,5.308923819791495,6.093903508066087,5.246328254542653,5.349695992504535,4.444484434100992,0.002,-0.172,0.040999999999999995,-0.013000000000000001,0.213,1.9084968466824947e-07,1.0871752862250384e-07,1.950426876558426e-07,1.8637282046420553e-07,3.483912195348501e-07,1.4157039104080209e-07,0.9837129324255143
HD182572,34,4.220144037968649,,0.44873144888766736,,,,,,,1.0,1.0,1.0,1.0,1.0,1.0,14.888429228463897,5.309095719257587,6.122159668371711,5.248333496742124,5.349459284569919,4.445661193947424,0.004,-0.188,0.046,-0.01,0.22699999999999998,1.904682918263417e-07,1.0749718887186124e-07,1.9378831027854975e-07,1.858990886990813e-07,3.4355517683494336e-07,1.4068563005365342e-07,0.9747349244457341
HD182572,35,4.240807267618155,,0.44543711376792156,,,,,,,1.0,1.0,1.0,1.0,1.0,1.0,14.902821620268059,5.308762357674071,6.08387006988551,5.243629231515848,5.350339087822308,4.446527717905927,0.003,-0.191,0.045,-0.012,0.22699999999999998,1.9070234417566308e-07,1.1166393975838465e-07,1.9480911887534691e-07,1.8609098707837392e-07,3.432810955013054e-07,1.43279301525296e-07,0.9946252664662067
HD182572,36,4.033923985434117,,0.5143058292385793,,,,,,,1.0,1.0,1.0,1.0,1.0,1.0,14.902892222774925,5.309234656855284,6.110716879991983,5.257441540804319,5.349140079464315,4.445079172551086,0.019,-0.16399999999999998,0.06,0.004,0.231,1.8783093133243163e-07,1.0626107927334378e-07,1.897074377330517e-07,1.8357136736594794e-07,3.4247534009304976e-07,1.388890200969789e-07,0.964157670112439
HD182572,37,4.176091324062231,,0.23902290837177242,,,,,,,1.0,1.0,1.0,1.0,1.0,1.0,14.904343346429393,5.309205617394466,6.106671737354873,5.25573852078714,5.34910377673466,4.4470873877372155,-0.012,-0.19399999999999998,0.028999999999999998,-0.026000000000000002,0.21,1.9327635545605282e-07,1.0964587046009584e-07,1.955084651714915e-07,1.8872066748967488e-07,3.48518647138418e-07,1.4309806445847863e-07,0.9935700192655175
HD182572,38,4.079058332653729,,0.355640401616404,,,,,,,1.0,1.0,1.0,1.0,1.0,1.0,14.927141182545258,5.309622087445354,6.100516310271507,5.2395462921013864,5.349821399023037,4.4472128988632935,0.003,-0.177,0.043,-0.012,0.218,1.9055139812904958e-07,1.0855615452012896e-07,1.9590361847965927e-07,1.8617973809368583e-07,3.459201137575306e-07,1.4135425196369722e-07,0.9844670454538951
HD182572,39,4.140305012041155,,0.4091340639482336,,,,,,,1.0,1.0,1.0,1.0,1.0,1.0,14.90797667961407,5.3091511382819165,6.083706779202632,5.232252365600454,5.349816596036057,4.446903911582604,0.005,-0.18100000000000002,0.046,-0.01,0.223,1.9028323197093936e-07,1.1065683973048391e-07,1.966799224592544e-07,1.8583792011418195e-07,3.444287614831196e-07,1.425073966266661e-07,0.9899513246568923
HD182572,40,3.892813410398423,,0.38148970003468013,,,,,,,1.0,1.0,1.0,1.0,1.0,1.0,14.9145676230677,5.308842705281456,6.122431070704751,5.237795809510945,5.350073402784565,4.445902176399056,0.015,-0.154,0.053,-0.001,0.21899999999999997,1.8859227198712503e-07,1.0415702009638865e-07,1.9442076642794618e-07,1.8426023195002853e-07,3.46019125406532e-07,1.379311208526832e-07,0.9590088740876037
HD182572,41,4.06731024864119,,0.6317662031388627,,,,,,,1.0,1.0,1.0,1.0,1.0,1.0,14.908670116559444,5.309366596280608,6.113656652266817,5.2500230645496,5.350127316589867,4.445109153048312,0.027999999999999997,-0.162,0.07,0.012,0.242,1.862577430384341e-07,1.0577872153404657e-07,1.8925691162859089e-07,1.8205811759831152e-07,3.390137502998269e-07,1.3797033013580158e-07,0.9585230021205234
HD182572,42,4.357436387761688,,0.2894056438410597,,,,,,,1.0,1.0,1.0,1.0,1.0,1.0,14.908036269117275,5.308942229436014,6.083648067219326,5.257006558853156,5.350230578685067,4.445360973578076,-0.017,-0.212,0.025,-0.031,0.215,1.942155874828294e-07,1.1386801443824112e-07,1.960010288649004e-07,1.8939510189693516e-07,3.4746941670141017e-07,1.4600704365607643e-07,1.0142703129594495
HD182572,43,4.239041880734457,,0.44422028688683457,,,,,,,1.0,1.0,1.0,1.0,1.0,1.0,14.927220608999418,5.3087049623764155,6.0951382061894845,5.248350418510787,5.3496313181769075,4.445120125768484,0.003,-0.191,0.045,-0.012,0.22699999999999998,1.907124255444785e-07,1.1051104665756373e-07,1.939638550771855e-07,1.8621233560676996e-07,3.437264275479508e-07,1.4259159821232965e-07,0.9930951586201323
HD182572,44,4.241593687098752,,0.16320389262316715,,,,,,,1.0,1.0,1.0,1.0,1.0,1.0,14.910256107193783,5.308533923326511,6.112689238351592,5.2426564694379065,5.349711050802014,4.447125185616979,-0.022000000000000002,-0.205,0.019,-0.035,0.204,1.9518543428411647e-07,1.1015019727618711e-07,1.9970934480412888e-07,1.9018512849383764e-07,3.504377638192821e-07,1.4416429207935888e-07,1.0017674943816266
HD182572,45,4.105419714229481,,0.5226434811523027,,,,,,,1.0,1.0,1.0,1.0,1.0,1.0,14.909756658259534,5.308730320843269,6.070299526224692,5.226273130077652,5.349979946286507,4.448626073534783,0.017,-0.172,0.057999999999999996,0.001,0.233,1.882646782026222e-07,1.1110693419482655e-07,1.9559228601696623e-07,1.839369564741043e-07,3.4073013492162814e-07,1.419700317979448e-07,0.9864539490817533
HD182572,46,4.665457713268379,,0.5045628460915774,,,,,,,1.0,1.0,1.0,1.0,1.0,1.0,14.877970891363741,5.309049590449378,6.104133188717872,5.229310286588456,5.349662112850742,4.444776641951053,-0.012,-0.23399999999999999,0.033,-0.025,0.23600000000000002,1.9330413244837837e-07,1.1402700020326823e-07,1.9958911846625742e-07,1.8844999466818705e-07,3.4099681128717437e-07,1.457378531013123e-07,1.0083209768992851
HD182572,47,4.5086373163156495,,0.2822559259673225,,,,,,,1.0,1.0,1.0,1.0,1.0,1.0,14.906894881371045,5.308901019185425,6.106411480087858,5.239167247991417,5.3487465422845375,4.445373296940094,-0.026000000000000002,-0.22899999999999998,0.017,-0.039,0.215,1.95839624142774e-07,1.1326517037694644e-07,2.007215839421008e-07,1.9105673763135106e-07,3.474654728639545e-07,1.4629495188327747e-07,1.0161147220771845
HD182572,48,4.045021541507717,,0.48467801642837116,,,,,,,1.0,1.0,1.0,1.0,1.0,1.0,14.91408294547886,5.308758420381032,6.056544741488573,5.229652557995248,5.349536079560525,4.44931567998378,0.016,-0.166,0.057,0.001,0.22899999999999998,1.8843327942135613e-07,1.1190334743427421e-07,1.9516410820674325e-07,1.8401216828446127e-07,3.4177060141612725e-07,1.4251532022910698e-07,0.9908175410916614
HD182572,49,4.199593799353489,,0.46006206912164666,,,,,,,1.0,1.0,1.0,1.0,1.0,1.0,14.90104213766633,5.3087637648119355,6.090614864145056,5.248972075015289,5.350308754434429,4.445755458379428,0.006999999999999999,-0.185,0.048,-0.008,0.228,1.9000081713062355e-07,1.1036084802333803e-07,1.933179337645484e-07,1.8541184386889895e-07,3.432090975333101e-07,1.4221683566625223e-07,0.9870140216204818
HD2151,0,3.804564414291305,5753.855952438397,-0.4167149914909379,0.2444167945884693,0.2444167945884693,0.2444167945884693,0.2444167945884693,0.2444167945884693,0.2444167945884693,1.0,1.0,1.0,1.0,1.0,1.0,7.475322112479145,2.930621644877005,3.5388740899416353,2.8575661982194496,3.3216274411473052,2.362824889110668,-0.203,-0.804,-0.152,-0.257,0.531,2.060688354019122e-06,2.046969344326606e-06,2.1029768666605974e-06,1.5108105128892275e-06,1.7681985048107587e-06,2.0524569482036127e-06,3.584865812908939
HD2151,1,3.902734996048604,5769.487991127744,-0.46451643321835356,0.28028188452446307,0.28028188452446307,0.28028188452446307,0.28028188452446307,0.28028188452446307,0.28028188452446307,1.0,1.0,1.0,1.0,1.0,1.0,7.494587889707811,2.9304394925000694,3.534683874185754,2.866729575339405,3.283834698951611,2.3713646700082025,-0.204,-0.794,-0.153,-0.256,0.526,2.062933258715185e-06,2.036045246404827e-06,2.0872244067581452e-06,1.5628852593307449e-06,1.7624431074084787e-06,2.0468004513289707e-06,3.5934370674300675
HD2151,2,3.7315300081011267,5747.681721363752,-0.37061064222458395,0.2648982712934252,0.2648982712934252,0.2648982712934252,0.2648982712934252,0.2648982712934252,0.2648982712934252,1.0,1.0,1.0,1.0,1.0,1.0,7.48593838954234,2.930747199502131,3.5325344359645654,2.8601722790811994,3.308781873743558,2.376865697955227,-0.201,-0.809,-0.149,-0.256,0.536,2.056658073961338e-06,2.0684603493606864e-06,2.092146359362245e-06,1.5273839587494122e-06,1.7374595217449237e-06,2.063739439200947e-06,3.6148175837236565
HD2151,3,3.5911390743213123,5826.132270020814,-0.26425037593879364,0.31134529490000906,0.31134529490000906,0.31134529490000906,0.31134529490000906,0.31134529490000906,0.31134529490000906,1.0,1.0,1.0,1.0,1.0,1.0,7.437760057720722,2.9305994597005016,3.5457534144561915,2.857429975739504,3.3237538336358172,2.373586025674313,-0.182,-0.774,-0.129,-0.23600000000000002,0.535,2.0212553887280375e-06,1.9786073081908084e-06,2.0591547420078605e-06,1.4789702605011257e-06,1.7443216227293956e-06,1.9956665404057e-06,3.450732777451945
HD2151,4,3.703138122657703,5762.444167610653,-0.4331455159914876,0.25353389801410825,0.25353389801410825,0.25353389801410825,0.25353389801410825,0.25353389801410825,0.25353389801410825,1.0,1.0,1.0,1.0,1.0,1.0,7.500613197643957,2.931009934736631,3.547584010748699,2.861903164627322,3.305868535867281,2.381848580605547,-0.20199999999999999,-0.7959999999999999,-0.151,-0.255,0.53,2.058055113556887e-06,2.015706843776275e-06,2.092664990504094e-06,1.5300779631313443e-06,1.7390879359315787e-06,2.0326461516885197e-06,3.5743275362744202
HD2151,5,4.013524106558301,5745.212821214919,-0.2761298499761824,0.2803465964815258,0.2803465964815258,0.2803465964815258,0.2803465964815258,0.2803465964815258,0.2803465964815258,1.0,1.0,1.0,1.0,1.0,1.0,7.477332949790252,2.9298087991206643,3.5553449627326206,2.8480939995533445,3.25590399773808,2.3674216876393332,-0.19899999999999998,-0.826,-0.146,-0.255,0.542,2.054648119462372e-06,2.057420152958671e-06,2.1097129796937014e-06,1.6021359867750605e-06,1.7429795818079583e-06,2.0563113395601516e-06,3.593530492644651
HD2151,6,3.616023112966835,5754.143768242346,-0.3407340595833228,0.2689642241824857,0.2689642241824857,0.2689642241824857,0.2689642241824857,0.2689642241824857,0.2689642241824857,1.0,1.0,1.0,1.0,1.0,1.0,7.474353462691243,2.9300053174510934,3.510764502130771,2.865969357878199,3.3248333881861614,2.3550512763585956,-0.198,-0.8059999999999999,-0.145,-0.253,0.537,2.0523850743593316e-06,2.1045302558886562e-06,2.0733529141715517e-06,1.5008165817716214e-06,1.7710893196308072e-06,2.0836721832769265e-06,3.6384438993405874
HD2151,7,3.6520551002719466,5860.3082701546755,-0.3313560914127537,0.29100390272014676,0.29100390272014676,0.29100390272014676,0.29100390272014676,0.29100390272014676,0.29100390272014676,1.0,1.0,1.0,1.0,1.0,1.0,7.4679459839694715,2.930512264487349,3.535584898127645,2.850924144543153,3.3276456157124517,2.358391897849252,-0.18,-0.753,-0.128,-0.23199999999999998,0.526,2.0176975601770432e-06,1.95896652767596e-06,2.069623356041744e-06,1.4682591917977948e-06,1.7836277292075744e-06,1.982458940676393e-06,3.4557758287627673
HD2151,8,3.493947159048794,5728.013227959742,-0.4006672519504551,0.24432204391979792,0.24432204391979792,0.24432204391979792,0.24432204391979792,0.24432204391979792,0.24432204391979792,1.0,1.0,1.0,1.0,1.0,1.0,7.444406014294779,2.930897231597023,3.5579689188710804,2.8485941269053243,3.321835279539426,2.343246690658514,-0.204,-0.812,-0.152,-0.26,0.536,2.0620637232068373e-06,2.026158459163398e-06,2.120426991658621e-06,1.5147008280125002e-06,1.7921002415712287e-06,2.0405205647807736e-06,3.5345986237822085
HD2151,9,3.5262338046044386,5748.779204093555,-0.4494220748850654,0.2370333639656438,0.2370333639656438,0.2370333639656438,0.2370333639656438,0.2370333639656438,0.2370333639656438,1.0,1.0,1.0,1.0,1.0,1.0,7.4778467905342625,2.9307034053411023,3.5572603763776844,2.8630035077950646,3.2865701025639487,2.379813701023301,-0.203,-0.7979999999999999,-0.152,-0.257,0.531,2.060533181434958e-06,2.0015056669852554e-06,2.0924715964455577e-06,1.560389192335812e-06,1.740746354048187e-06,2.0251166727651365e-06,3.539502312065409
HD2151,10,3.490713229694332,5752.878560023319,-0.36320462206037113,0.26091365971913105,0.26091365971913105,0.26091365971913105,0.26091365971913105,0.26091365971913105,0.26091365971913105,1.0,1.0,1.0,1.0,1.0,1.0,7.486604939662227,2.930185896499071,3.538199333631404,2.85454155209883,3.3118611734619416,2.368343892329139,-0.198,-0.802,-0.146,-0.253,0.536,2.0520437511885423e-06,2.044472348928875e-06,2.0972217535018853e-06,1.5188556646663181e-06,1.7511502791670362e-06,2.047500909832742e-06,3.5870130913506286
HD2151,11,3.8159138534338264,5739.661897281604,-0.3331702524981504,0.2751206512842347,0.2751206512842347,0.2751206512842347,0.2751206512842347,0.2751206512842347,0.2751206512842347,1.0,1.0,1.0,1.0,1.0,1.0,7.462396466842818,2.9302447014189497,3.5542644854162386,2.8481078477812933,3.273863235807806,2.374284449028508,-0.20199999999999999,-0.8190000000000001,-0.149,-0.257,0.539,2.059506154300262e-06,2.04623345294504e-06,2.115523410037541e-06,1.5787584218934547e-06,1.7367895406301254e-06,2.051542533487129e-06,3.570887666480539
HD2151,12,3.701886123864422,5796.608609480512,-0.39323915532074305,0.3135933951554177,0.3135933951554177,0.3135933951554177,0.3135933951554177,0.3135933951554177,0.3135933951554177,1.0,1.0,1.0,1.0,1.0,1.0,7.479295139197707,2.9302748899782283,3.5563407709808166,2.8505055630224536,3.314488903926983,2.3773950521648244,-0.19399999999999998,-0.7809999999999999,-0.14300000000000002,-0.247,0.529,2.0443300791156056e-06,1.97208062464781e-06,2.0992238380983067e-06,1.5068340071595174e-06,1.7478451500189194e-06,2.0009804064349284e-06,3.4986717939855723
HD2151,13,3.8420064623601395,5743.009821049433,-0.5110469187430665,0.22765505800147437,0.22765505800147437,0.22765505800147437,0.22765505800147437,0.22765505800147437,0.22765505800147437,1.0,1.0,1.0,1.0,1.0,1.0,7.472437963563641,2.9303088222787874,3.545853956695185,2.8352447936264,3.3065639174282406,2.3684500116678504,-0.21,-0.8029999999999999,-0.16,-0.262,0.526,2.0746146756204897e-06,2.0319798265168714e-06,2.1625345621310164e-06,1.5389886171645147e-06,1.7671807413594523e-06,2.0490337661583186e-06,3.576125710167721
HD2151,14,3.4789901635325045,5795.895833097918,-0.30558724481232424,0.309656978102719,0.309656978102719,0.309656978102719,0.309656978102719,0.309656978102719,0.309656978102719,1.0,1.0,1.0,1.0,1.0,1.0,7.467531629322424,2.9307207324308386,3.5390878208460235,2.8483343171897237,3.310787442854438,2.3845954867404937,-0.188,-0.784,-0.135,-0.242,0.536,2.032229174033883e-06,2.0092123839203516e-06,2.087984391217797e-06,1.5050329131382498e-06,1.7251337828930782e-06,2.018419099965764e-06,3.518070304541631
HD2151,15,3.789357298126127,5777.77950320902,-0.18831204728366152,0.2883207071892219,0.2883207071892219,0.2883207071892219,0.2883207071892219,0.2883207071892219,0.2883207071892219,1.0,1.0,1.0,1.0,1.0,1.0,7.46058066601655,2.9303665834992296,3.551103666977424,2.8560663591700237,3.30692278342165,2.3600014568368524,-0.188,-0.812,-0.133,-0.244,0.546,2.0328921612119224e-06,2.0390107142774537e-06,2.0693522851899925e-06,1.513184420678401e-06,1.7484788844306183e-06,2.036563293051241e-06,3.5430901127840047
HD2151,16,3.6635684285763874,5805.358569903247,-0.3959787358174556,0.3125648244617576,0.3125648244617576,0.3125648244617576,0.3125648244617576,0.3125648244617576,0.3125648244617576,1.0,1.0,1.0,1.0,1.0,1.0,7.483256460210051,2.9307140399392835,3.543239229908934,2.8655411495779233,3.260241032411536,2.3642501767745427,-0.192,-0.7759999999999999,-0.141,-0.245,0.528,2.0397425644889963e-06,1.9868509240937935e-06,2.066543325605563e-06,1.581119015071613e-06,1.7707648963170611e-06,2.0080075802518746e-06,3.5146787194292513
HD2151,17,3.620046863610944,5762.916530531017,-0.1878453903665153,0.2983090300953738,0.2983090300953738,0.2983090300953738,0.2983090300953738,0.2983090300953738,0.2983090300953738,1.0,1.0,1.0,1.0,1.0,1.0,7.454228868892626,2.930330360125217,3.5391541133455426,2.868928062282908,3.269480294184956,2.3526506883780174,-0.18899999999999997,-0.8170000000000001,-0.134,-0.247,0.5479999999999999,2.0348332735355847e-06,2.071091705181218e-06,2.0468675912657825e-06,1.5706118035558283e-06,1.7571170758471044e-06,2.0565883325229644e-06,3.57183870228073
HD2151,18,3.7477834810392006,5779.378808479451,-0.2625431985854646,0.28870050571788797,0.28870050571788797,0.28870050571788797,0.28870050571788797,0.28870050571788797,0.28870050571788797,1.0,1.0,1.0,1.0,1.0,1.0,7.489318570499547,2.9300767903082714,3.5510334221676088,2.849447841299565,3.310001234950237,2.360238459889857,-0.191,-0.8029999999999999,-0.13699999999999998,-0.24600000000000002,0.54,2.0390611892403653e-06,2.022309424408641e-06,2.089689873309338e-06,1.5116821350963519e-06,1.7577843385175027e-06,2.0290101303413306e-06,3.5571964443518205
HD2151,19,3.8594109131484013,5733.957782134206,-0.5498568574530002,0.23862316295875755,0.23862316295875755,0.23862316295875755,0.23862316295875755,0.23862316295875755,0.23862316295875755,1.0,1.0,1.0,1.0,1.0,1.0,7.507338300025795,2.9306497326078826,3.544391285551744,2.864044249116778,3.3262618905546275,2.3760482706071717,-0.213,-0.805,-0.16399999999999998,-0.266,0.524,2.07970186652231e-06,2.038470638630377e-06,2.1136996475727843e-06,1.5168974400742986e-06,1.7580922779815587e-06,2.05496312978715e-06,3.6200538672515363
HD2151,20,3.5275883271548776,5706.490070424312,-0.3325387147138985,0.25992222003180676,0.25992222003180676,0.25992222003180676,0.25992222003180676,0.25992222003180676,0.25992222003180676,1.0,1.0,1.0,1.0,1.0,1.0,7.483114219313218,2.9303677489757587,3.540222908350981,2.8558349789092237,3.2591394095845208,2.3546619891052596,-0.205,-0.831,-0.152,-0.263,0.5429999999999999,2.0649706108190106e-06,2.0959060500470593e-06,2.1063327631195566e-06,1.6091821660434721e-06,1.7619605442866777e-06,2.0835318743558396e-06,3.646732625552974
HD2151,21,3.985858628385982,5711.017272809531,-0.43683156558453307,0.24320327051408325,0.24320327051408325,0.24320327051408325,0.24320327051408325,0.24320327051408325,0.24320327051408325,1.0,1.0,1.0,1.0,1.0,1.0,7.471704951545459,2.9302791421889043,3.5508399336499323,2.8757650831173196,3.3322790337936095,2.363762794536254,-0.212,-0.8290000000000001,-0.161,-0.267,0.534,2.078496596831631e-06,2.0716911041085163e-06,2.0852346907009615e-06,1.5099040885878167e-06,1.7617969622432905e-06,2.074413301197762e-06,3.619709698706466
HD2151,22,3.5861315193352246,5787.870096729531,-0.2747896379141193,0.30791650431620504,0.30791650431620504,0.30791650431620504,0.30791650431620504,0.30791650431620504,0.30791650431620504,1.0,1.0,1.0,1.0,1.0,1.0,7.445295760522223,2.930691231942863,3.5680702819453196,2.8556419586927224,3.364423962518261,2.368092890138735,-0.18899999999999997,-0.794,-0.135,-0.244,0.539,2.0341570577490604e-06,1.9743896323959114e-06,2.0739782192957456e-06,1.4351304844151765e-06,1.7467221140343939e-06,1.9982966025371707e-06,3.4622855600400655
HD2151,23,3.2220697617971963,5811.85476726806,-0.18611518961867624,0.3151027811453645,0.3151027811453645,0.3151027811453645,0.3151027811453645,0.3151027811453645,0.3151027811453645,1.0,1.0,1.0,1.0,1.0,1.0,7.465028898734818,2.9299343361635133,3.5296168426666665,2.865196746740495,3.2983527954867804,2.3587863896970824,-0.17600000000000002,-0.7809999999999999,-0.121,-0.233,0.545,2.0113481027441057e-06,2.0212230280748518e-06,2.02946831800359e-06,1.5098015136727284e-06,1.7520496887801971e-06,2.0172730579425534e-06,3.5137163559684033
HD2151,24,3.8052251279018594,5746.778431940594,-0.45588447764077517,0.23527248844069287,0.23527248844069287,0.23527248844069287,0.23527248844069287,0.23527248844069287,0.23527248844069287,1.0,1.0,1.0,1.0,1.0,1.0,7.476134569729629,2.93042412987403,3.5414104165964084,2.855704916471766,3.299676355923665,2.380191784915628,-0.20600000000000002,-0.804,-0.155,-0.26,0.529,2.0667660678512093e-06,2.042193116462485e-06,2.112413858661239e-06,1.5459321613300792e-06,1.7433486937339386e-06,2.0520222970179748e-06,3.5848857631106785
HD2151,25,3.660342121648266,5855.402597185224,-0.4160407247068443,0.3041782719129856,0.3041782719129856,0.3041782719129856,0.3041782719129856,0.3041782719129856,0.3041782719129856,1.0,1.0,1.0,1.0,1.0,1.0,7.475110188465244,2.9302016883341255,3.5380245061492737,2.8486209235223825,3.290083716645784,2.3338346102949603,-0.185,-0.7490000000000001,-0.135,-0.23600000000000002,0.521,2.0275907407951223e-06,1.9473820930496856e-06,2.0874332899757422e-06,1.5255536593288694e-06,1.8328508721622112e-06,1.97946555214786e-06,3.457181428494355
HD2151,26,3.5920727159148886,5820.322484078984,-0.4795812225805171,0.31076918522237784,0.31076918522237784,0.31076918522237784,0.31076918522237784,0.31076918522237784,0.31076918522237784,1.0,1.0,1.0,1.0,1.0,1.0,7.481432405441427,2.93051889621781,3.549446354627594,2.8679299414176116,3.301523391084135,2.3359727282527287,-0.193,-0.76,-0.14300000000000002,-0.244,0.52,2.0419890841494123e-06,1.9466256103992906e-06,2.065803448515563e-06,1.5207282656192618e-06,1.8309306013412523e-06,1.984770999899339e-06,3.472313620980475
HD2151,27,3.409873449260614,5820.1182049728795,-0.36008999107600037,0.3117488049490222,0.3117488049490222,0.3117488049490222,0.3117488049490222,0.3117488049490222,0.3117488049490222,1.0,1.0,1.0,1.0,1.0,1.0,7.4791835781540295,2.9308025953139247,3.5721576771558405,2.859018122527776,3.2710100632033203,2.3851732131937826,-0.185,-0.764,-0.133,-0.23800000000000002,0.53,2.026468869458662e-06,1.9133653452146192e-06,2.0637340304182215e-06,1.5554532022754092e-06,1.733770820078629e-06,1.9586067549122366e-06,3.4244802019007854
HD2151,28,3.4223271948775666,5763.172559193894,-0.4043437101530802,0.2595997113697203,0.2595997113697203,0.2595997113697203,0.2595997113697203,0.2595997113697203,0.2595997113697203,1.0,1.0,1.0,1.0,1.0,1.0,7.468506091799108,2.9304157013054533,3.5478471401985723,2.8584401636804624,3.341663120859633,2.385968727643773,-0.19699999999999998,-0.7909999999999999,-0.146,-0.252,0.5329999999999999,2.049720733352209e-06,2.0059593065695716e-06,2.0897046502869733e-06,1.4763717493422541e-06,1.727720489047445e-06,2.0234638772826264e-06,3.527783789721231
HD2151,29,3.744200951986687,5799.905505753473,-0.26933081613323884,0.3168547043169881,0.3168547043169881,0.3168547043169881,0.3168547043169881,0.3168547043169881,0.3168547043169881,1.0,1.0,1.0,1.0,1.0,1.0,7.475729393351288,2.9299394283539244,3.5229772726380637,2.8662402043296273,3.266017485671759,2.3890333405951476,-0.188,-0.7909999999999999,-0.135,-0.242,0.537,2.033692107996595e-06,2.0524380886171297e-06,2.053831890047747e-06,1.5683896958491925e-06,1.7165151402341939e-06,2.044939696368916e-06,3.572125229002406
HD2151,30,3.9688413175937822,5832.6112563605875,-0.2741849553778867,0.3167763145014579,0.3167763145014579,0.3167763145014579,0.3167763145014579,0.3167763145014579,0.3167763145014579,1.0,1.0,1.0,1.0,1.0,1.0,7.460481922917075,2.930405322915965,3.551905678556841,2.838608773425399,3.2850946745951113,2.371565156357878,-0.185,-0.779,-0.132,-0.237,0.5329999999999999,2.0272104929284487e-06,1.976508576657175e-06,2.10095845814614e-06,1.5339920356494198e-06,1.750793445632842e-06,1.996789343165685e-06,3.4738018356680347
HD2151,31,3.528608824245852,5761.020346650066,-0.2542078665636066,0.28755919383607986,0.28755919383607986,0.28755919383607986,0.28755919383607986,0.28755919383607986,0.28755919383607986,1.0,1.0,1.0,1.0,1.0,1.0,7.475628685666737,2.9306039829359793,3.548504341580225,2.8421249873443704,3.3166723590128817,2.376666473054346,-0.192,-0.809,-0.138,-0.249,0.5429999999999999,2.0399493360153677e-06,2.0382583868926233e-06,2.105770220679513e-06,1.5065794213698723e-06,1.7266105308816232e-06,2.038934766541721e-06,3.5615397864613723
HD2151,32,3.796693171324105,5793.147044730227,-0.2913429685590002,0.31146768849272255,0.31146768849272255,0.31146768849272255,0.31146768849272255,0.31146768849272255,0.31146768849272255,1.0,1.0,1.0,1.0,1.0,1.0,7.476749381930456,2.9306842190469173,3.5571650376239825,2.8499598653828606,3.2912404074600192,2.350256931280635,-0.19,-0.794,-0.13699999999999998,-0.245,0.536,2.0360445996981785e-06,1.9943205280876417e-06,2.0887046254361264e-06,1.536614091825736e-06,1.7805665161063632e-06,2.0110101567318567e-06,3.513815355332239
HD2151,33,3.3833547704847886,5722.23179106983,-0.4296334806034772,0.2573727317449128,0.2573727317449128,0.2573727317449128,0.2573727317449128,0.2573727317449128,0.2573727317449128,1.0,1.0,1.0,1.0,1.0,1.0,7.48600521987609,2.9310809809101626,3.5300607812412257,2.8695667674708805,3.2652896938593297,2.3395065830403103,-0.205,-0.81,-0.154,-0.261,0.535,2.063614554594174e-06,2.0750886842783844e-06,2.0836955663760626e-06,1.5971477613884265e-06,1.799941297411932e-06,2.0704990324047003e-06,3.6267223479898156
HD2151,34,3.754001515867423,5766.638585731109,-0.48180202047243936,0.2727909432481237,0.2727909432481237,0.2727909432481237,0.2727909432481237,0.2727909432481237,0.2727909432481237,1.0,1.0,1.0,1.0,1.0,1.0,7.469956836026837,2.930331288907818,3.5241228458593263,2.8605476605683067,3.3303645238510637,2.3704158313002686,-0.204,-0.7909999999999999,-0.153,-0.256,0.526,2.0631388592205007e-06,2.050273678754662e-06,2.099142445898086e-06,1.4973218600941284e-06,1.7639840021095112e-06,2.0554197509409974e-06,3.584889184973573
HD2151,35,3.793677488483738,5685.4777930130695,-0.5449643735047905,0.2738901677923843,0.2738901677923843,0.2738901677923843,0.2738901677923843,0.2738901677923843,0.2738901677923843,1.0,1.0,1.0,1.0,1.0,1.0,7.479377446571983,2.930618276120055,3.541037942451724,2.852499484965057,3.3244695141638214,2.3694736133291943,-0.221,-0.8290000000000001,-0.171,-0.275,0.53,2.0951429707300686e-06,2.0904789445194307e-06,2.150112483266554e-06,1.5320508106802411e-06,1.7590230454470122e-06,2.092344555003686e-06,3.658500589705691
HD2151,36,3.8821196021319033,5729.246984580824,-0.29481551401690187,0.2843082887489043,0.2843082887489043,0.2843082887489043,0.2843082887489043,0.2843082887489043,0.2843082887489043,1.0,1.0,1.0,1.0,1.0,1.0,7.478374475024099,2.9303522423308053,3.5349475858412647,2.854737552761837,3.2784688835536873,2.341879665666443,-0.20199999999999999,-0.8290000000000001,-0.149,-0.258,0.5429999999999999,2.0593021727065095e-06,2.1022382816428364e-06,2.1026449939622697e-06,1.5735241807559965e-06,1.7828266130558095e-06,2.0850638380683056e-06,3.6447924130570395
HD2151,37,3.4824330895084743,5595.209021059512,-0.4513886603792158,0.322323572224665,0.322323572224665,0.322323572224665,0.322323572224665,0.322323572224665,0.322323572224665,1.0,1.0,1.0,1.0,1.0,1.0,7.477104191365337,2.9307397340348493,3.5473277434359436,2.8501358551262816,3.333913452112808,2.3921513459502153,-0.23199999999999998,-0.882,-0.18,-0.292,0.545,2.1162407898909336e-06,2.1823775089376864e-06,2.1727343608226093e-06,1.5427501374989839e-06,1.6990276093810685e-06,2.1559228213189855e-06,3.7673771556327234
HD2151,38,3.6854838306510325,5732.72104512283,-0.33411749480264585,0.27094749873535834,0.27094749873535834,0.27094749873535834,0.27094749873535834,0.27094749873535834,0.27094749873535834,1.0,1.0,1.0,1.0,1.0,1.0,7.490906489674479,2.9306842452359434,3.532859433395739,2.8640762321899524,3.3140811401763677,2.361046474529443,-0.20199999999999999,-0.82,-0.149,-0.258,0.54,2.0586725632493593e-06,2.088897842220782e-06,2.0846371920844675e-06,1.5227496858194673e-06,1.756476666269085e-06,2.0768077306322127e-06,3.642537810346863
HD2151,39,3.4191930704118008,5816.7258686171135,-0.27190586585423493,0.3111294537123773,0.3111294537123773,0.3111294537123773,0.3111294537123773,0.3111294537123773,0.3111294537123773,1.0,1.0,1.0,1.0,1.0,1.0,7.4608412700205955,2.93131886512307,3.5570639439432163,2.8593530589655236,3.313022577241882,2.3834760992867468,-0.182,-0.774,-0.128,-0.23600000000000002,0.537,2.0199165548148767e-06,1.958102388009852e-06,2.053618419774426e-06,1.4936606635561196e-06,1.725323488875858e-06,1.982828054731862e-06,3.4498457818193993
HD2151,40,3.7455883686256515,5807.6249290239775,-0.35211446345010755,0.31493375795395695,0.31493375795395695,0.31493375795395695,0.31493375795395695,0.31493375795395695,0.31493375795395695,1.0,1.0,1.0,1.0,1.0,1.0,7.470142071623986,2.9305973079034104,3.5355172487409066,2.859536548236005,3.2973614002625227,2.37789207010607,-0.191,-0.78,-0.139,-0.243,0.53,2.038083868188351e-06,2.0084178619780715e-06,2.074179584602706e-06,1.525163539621562e-06,1.7454368739513483e-06,2.020284264462183e-06,3.5237835978054624
HD2151,41,3.9970209764112763,5786.733415134873,-0.19576503186935906,0.3062291113707547,0.3062291113707547,0.3062291113707547,0.3062291113707547,0.3062291113707547,0.3062291113707547,1.0,1.0,1.0,1.0,1.0,1.0,7.475720309014145,2.929926956280869,3.557802780401546,2.8517627848648766,3.2854680106519627,2.3725444255637385,-0.188,-0.8109999999999999,-0.134,-0.244,0.544,2.0337154695664844e-06,2.024602936783124e-06,2.079485328887651e-06,1.5433832064340436e-06,1.7315825653368502e-06,2.0282479498964684e-06,3.5429592750704146
HD2151,42,3.5448601231539936,5821.135948102044,-0.45961144148936506,0.31243614030400985,0.31243614030400985,0.31243614030400985,0.31243614030400985,0.31243614030400985,0.31243614030400985,1.0,1.0,1.0,1.0,1.0,1.0,7.480496039184912,2.930316190699499,3.5407609092067855,2.8525406688381896,3.289924735792414,2.349722265932966,-0.192,-0.76,-0.142,-0.243,0.522,2.0404901298047184e-06,1.9622602709090425e-06,2.0933637872211817e-06,1.5356458849685857e-06,1.8045630819959736e-06,1.9935522144673127e-06,3.4868031932405223
HD2151,43,3.553193266012643,5676.11477092487,-0.5559508295519822,0.3031646221816975,0.3031646221816975,0.3031646221816975,0.3031646221816975,0.3031646221816975,0.3031646221816975,1.0,1.0,1.0,1.0,1.0,1.0,7.44629176316735,2.9307549076462376,3.539373328193915,2.8576785740468496,3.2700719111312515,2.363896486458198,-0.221,-0.8290000000000001,-0.171,-0.27699999999999997,0.53,2.094879329737724e-06,2.0936864547718445e-06,2.1398806174587703e-06,1.613734969343362e-06,1.7680819072908317e-06,2.094163604758196e-06,3.629357344472209
HD2151,44,3.6044360363840715,5786.933898857594,-0.3804424350051673,0.2953824604633328,0.2953824604633328,0.2953824604633328,0.2953824604633328,0.2953824604633328,0.2953824604633328,1.0,1.0,1.0,1.0,1.0,1.0,7.472762733088887,2.9302323722521355,3.5420730314574005,2.8549323826755355,3.3384206561692107,2.34509357982976,-0.19399999999999998,-0.785,-0.142,-0.248,0.531,2.0444101372069684e-06,2.0055420030508268e-06,2.08875749645965e-06,1.4753420207101626e-06,1.7973122845614825e-06,2.021089256713283e-06,3.527661500326245
HD2151,45,3.5338066404587267,5707.665587501387,-0.32708848229925774,0.26226087925742997,0.26226087925742997,0.26226087925742997,0.26226087925742997,0.26226087925742997,0.26226087925742997,1.0,1.0,1.0,1.0,1.0,1.0,7.452749298023235,2.9306213520889424,3.525819893245499,2.8418369128817456,3.28532553317109,2.361449973933047,-0.205,-0.831,-0.152,-0.262,0.5429999999999999,2.0644883373000553e-06,2.1238948768656877e-06,2.1336648833141046e-06,1.5693895676987979e-06,1.7509791917935765e-06,2.1001322610394345e-06,3.6460170592585306
HD2151,46,3.577252463012425,5734.064220703766,-0.28032169210929214,0.288540821729666,0.288540821729666,0.288540821729666,0.288540821729666,0.288540821729666,0.288540821729666,1.0,1.0,1.0,1.0,1.0,1.0,7.494255496962737,2.930823301299072,3.5173302620854523,2.8637941693662428,3.2929274899336227,2.3489609745055278,-0.198,-0.8220000000000001,-0.145,-0.255,0.544,2.050839408304366e-06,2.122896738431688e-06,2.0775108800662186e-06,1.548424301495031e-06,1.7696060109879864e-06,2.094073806380759e-06,3.6761057832832273
HD2151,47,3.4415392133511804,5729.4946164038365,-0.4766583156561792,0.24757956219528846,0.24757956219528846,0.24757956219528846,0.24757956219528846,0.24757956219528846,0.24757956219528846,1.0,1.0,1.0,1.0,1.0,1.0,7.4627736159057845,2.930182860871203,3.5242746878550597,2.8452492315657865,3.311234962006097,2.3698777001855724,-0.207,-0.804,-0.156,-0.262,0.531,2.0691302513970517e-06,2.0746799003862273e-06,2.134820094311287e-06,1.532381816167061e-06,1.7567497263712986e-06,2.072460040790557e-06,3.6076610359706627
HD2151,48,4.111320766333668,5728.960715066195,-0.3778440896611932,0.23322624824194954,0.23322624824194954,0.23322624824194954,0.23322624824194954,0.23322624824194954,0.23322624824194954,1.0,1.0,1.0,1.0,1.0,1.0,7.500997940366947,2.9309173970187548,3.5461641166499396,2.8559987623496745,3.302435147947144,2.3831575651489123,-0.207,-0.828,-0.155,-0.262,0.537,2.067730890338262e-06,2.078716809490153e-06,2.1118422279901453e-06,1.5448521280957778e-06,1.725829739890401e-06,2.074322441829396e-06,3.647987854500527
HD2151,49,3.6810049249187307,5700.08576084375,-0.20996576297262676,0.29995199645292103,0.29995199645292103,0.29995199645292103,0.29995199645292103,0.29995199645292103,0.29995199645292103,1.0,1.0,1.0,1.0,1.0,1.0,7.478489279804723,2.9304079349208765,3.5437939490845602,2.8573819103524527,3.2854004804782235,2.3726189163222244,-0.20199999999999999,-0.851,-0.147,-0.262,0.552,2.0591965439821063e-06,2.1278616870574047e-06,2.093669905376155e-06,1.5692812380125705e-06,1.7187527581707721e-06,2.1003956298272856e-06,3.6717058567214003
HD48737,0,3.994128371070496,6411.982896194372,-0.0840256199944469,0.20839830659568326,0.20839830659568326,0.20839830659568326,0.20839830659568326,0.20839830659568326,0.20839830659568326,1.0,1.0,1.0,1.0,1.0,1.0,18.43746076979671,3.442451272894952,3.840415090717114,3.3781478083278653,3.530073840611835,2.8455921503234785,-0.10300000000000001,-0.544,-0.052000000000000005,-0.14,0.47,1.172952608683692e-06,1.2203795972883342e-06,1.187413142068071e-06,1.1195189220347926e-06,1.1990136147122235e-06,1.2014088018464774e-06,12.765330202767585
HD48737,1,4.052350038492895,6411.56017137342,0.1335865037870684,0.2321170291265831,0.2321170291265831,0.2321170291265831,0.2321170291265831,0.2321170291265831,0.2321170291265831,1.0,1.0,1.0,1.0,1.0,1.0,18.310421058484774,3.4413293984421465,3.842958206242731,3.3807046247275125,3.5182566738469814,2.8427269892674394,-0.08800000000000001,-0.555,-0.034,-0.128,0.49,1.1580550779884995e-06,1.2299223460730073e-06,1.1651427167111371e-06,1.1193304158098553e-06,1.1802395910711235e-06,1.2011754388392041e-06,12.587576739344993
HD48737,2,3.5496915814799204,6388.085865845197,0.08407802338851081,0.2413569435863735,0.2413569435863735,0.2413569435863735,0.2413569435863735,0.2413569435863735,0.2413569435863735,1.0,1.0,1.0,1.0,1.0,1.0,18.523885106267112,3.440988856188308,3.870244756463405,3.3690347119317003,3.5344494346743933,2.8430625774041314,-0.083,-0.541,-0.03,-0.125,0.491,1.1530959112016814e-06,1.184030997080366e-06,1.1734027180282799e-06,1.0997176637169103e-06,1.1787886448307366e-06,1.171656962728892e-06,12.566191111408
HD48737,3,3.8158133927064446,6326.474046855184,0.059999098371743,0.24180159821228792,0.24180159821228792,0.24180159821228792,0.24180159821228792,0.24180159821228792,0.24180159821228792,1.0,1.0,1.0,1.0,1.0,1.0,18.43406010912657,3.441618152226248,3.8640152309658062,3.3826593364210424,3.538789213111717,2.8365333363112404,-0.09699999999999999,-0.575,-0.044000000000000004,-0.139,0.496,1.1673839384763582e-06,1.2287255307809907e-06,1.1738084729376177e-06,1.109545942002599e-06,1.1804501185167918e-06,1.2041888938591376e-06,12.790150104251683
HD48737,4,3.7027476368356678,6390.464905503943,0.20187568280226106,0.23074234672263258,0.23074234672263258,0.23074234672263258,0.23074234672263258,0.23074234672263258,0.23074234672263258,1.0,1.0,1.0,1.0,1.0,1.0,18.366461555179338,3.4417483497299868,3.85194776367023,3.383329268192213,3.542952976772029,2.8563818209144216,-0.078,-0.5539999999999999,-0.022000000000000002,-0.121,0.501,1.1469952905816781e-06,1.218658071180549e-06,1.149553709912771e-06,1.0871257530795782e-06,1.1537407875559142e-06,1.1899929589410008e-06,12.54684131250072
HD48737,5,3.5998313124692345,6283.330073845811,0.027519929272498904,0.25543442085449497,0.25543442085449497,0.25543442085449497,0.25543442085449497,0.25543442085449497,0.25543442085449497,1.0,1.0,1.0,1.0,1.0,1.0,18.45624628986519,3.4415401440362268,3.8311189892994086,3.3837196697538516,3.505696114145056,2.8495099399310098,-0.1,-0.5820000000000001,-0.047,-0.14400000000000002,0.501,1.1706981094697684e-06,1.2747158294421e-06,1.1759073548927645e-06,1.1491653670637456e-06,1.1610662434285659e-06,1.2331087414531672e-06,13.128864189490194
HD48737,6,3.6382538731603713,6353.713478595525,-0.0334919296111582,0.2338332902412137,0.2338332902412137,0.2338332902412137,0.2338332902412137,0.2338332902412137,0.2338332902412137,1.0,1.0,1.0,1.0,1.0,1.0,18.485987385099023,3.442483325566698,3.856247248557096,3.3744104961477115,3.517259441656204,2.850645972141391,-0.09699999999999999,-0.552,-0.045,-0.138,0.485,1.1664540743372047e-06,1.2116078409450904e-06,1.1838502663049757e-06,1.1307255300291643e-06,1.1770707990190002e-06,1.193546334301936e-06,12.748632830339263
HD48737,7,3.8506857798371623,6398.329292150799,0.04528466883123013,0.22359568078589878,0.22359568078589878,0.22359568078589878,0.22359568078589878,0.22359568078589878,0.22359568078589878,1.0,1.0,1.0,1.0,1.0,1.0,18.49096849162292,3.44138438747936,3.8311343988476385,3.384803950017392,3.545304072373582,2.8406870232498678,-0.091,-0.547,-0.039,-0.131,0.484,1.1612005146646466e-06,1.2342615930229202e-06,1.1661096642684002e-06,1.0948114875418484e-06,1.1890118018337473e-06,1.2050371616796107e-06,12.878307261565467
HD48737,8,3.7646518525324666,6379.110451643216,-0.009116818222977448,0.22368327740345906,0.22368327740345906,0.22368327740345906,0.22368327740345906,0.22368327740345906,0.22368327740345906,1.0,1.0,1.0,1.0,1.0,1.0,18.339453465136522,3.44233156578796,3.8513304390089824,3.3847283212835513,3.51526476066647,2.855729680324335,-0.096,-0.5479999999999999,-0.044000000000000004,-0.135,0.483,1.16554312851351e-06,1.2126313701936696e-06,1.1715737869693108e-06,1.1296790384820898e-06,1.1737324253723128e-06,1.1937960735216058e-06,12.5499486743888
HD48737,9,4.096738990183754,6346.488897181084,-0.07056197025350032,0.23746290087426908,0.23746290087426908,0.23746290087426908,0.23746290087426908,0.23746290087426908,0.23746290087426908,1.0,1.0,1.0,1.0,1.0,1.0,18.465564052412905,3.4426145557518253,3.8353429657731386,3.3664988464033283,3.542135009203568,2.842959916684129,-0.11,-0.5720000000000001,-0.059000000000000004,-0.149,0.48,1.1803618172223267e-06,1.2581249886916467e-06,1.2079847067059066e-06,1.1163669505688305e-06,1.1909046965007134e-06,1.227019720103919e-06,13.077228864060297
HD48737,10,3.5594036004023364,6329.3081320191795,0.06371592415263905,0.24385159250787852,0.24385159250787852,0.24385159250787852,0.24385159250787852,0.24385159250787852,0.24385159250787852,1.0,1.0,1.0,1.0,1.0,1.0,18.336918714258918,3.4410852983540465,3.8735974752515525,3.370486389910855,3.517373592301226,2.8504407637955533,-0.091,-0.564,-0.038,-0.134,0.498,1.1615204361013975e-06,1.2056520378209891e-06,1.1805011613776507e-06,1.1264490101258734e-06,1.163281092007922e-06,1.1879993971331524e-06,12.485558252186232
HD48737,11,3.6206356218278826,6285.5266566469945,0.037531851691407075,0.25862576753418653,0.25862576753418653,0.25862576753418653,0.25862576753418653,0.25862576753418653,0.25862576753418653,1.0,1.0,1.0,1.0,1.0,1.0,18.60437969099861,3.4414194448677518,3.874440517751184,3.372643677944539,3.5561033836164966,2.8539157687535073,-0.1,-0.583,-0.046,-0.14300000000000002,0.501,1.1708282609210786e-06,1.2259839017153807e-06,1.186870959113547e-06,1.0960228821313868e-06,1.156364278010964e-06,1.2039216453976596e-06,13.024697234907094
HD48737,12,4.08334859629759,6441.979629981151,-0.13215153916350095,0.20917893617601224,0.20917893617601224,0.20917893617601224,0.20917893617601224,0.20917893617601224,0.20917893617601224,1.0,1.0,1.0,1.0,1.0,1.0,18.462122006763835,3.4418875199236134,3.8353247482614297,3.3785031630162337,3.5145313183045688,2.843189085945119,-0.106,-0.536,-0.055999999999999994,-0.141,0.46,1.176808960816145e-06,1.2171134881406716e-06,1.1914057984423375e-06,1.1367067719433342e-06,1.2127892541411788e-06,1.200991677210861e-06,12.795057929178752
HD48737,13,4.242069286887762,6383.873066593228,-0.025840773498294507,0.2296633432410301,0.2296633432410301,0.2296633432410301,0.2296633432410301,0.2296633432410301,0.2296633432410301,1.0,1.0,1.0,1.0,1.0,1.0,18.52787785969099,3.442435576179052,3.8556127594238108,3.389067849706066,3.5298605387933413,2.8464852883042897,-0.106,-0.5670000000000001,-0.055,-0.14400000000000002,0.479,1.1762150828956502e-06,1.229181091465379e-06,1.1787829206828853e-06,1.123871761215406e-06,1.188137926824458e-06,1.2079946880374877e-06,12.961504293952618
HD48737,14,4.003800905232715,6405.80152191834,-0.0337554030550445,0.21692577587852108,0.21692577587852108,0.21692577587852108,0.21692577587852108,0.21692577587852108,0.21692577587852108,1.0,1.0,1.0,1.0,1.0,1.0,18.597321675701114,3.4417722475903663,3.842432673785234,3.3814491004760767,3.5443306266374295,2.840100126253224,-0.1,-0.5479999999999999,-0.049,-0.138,0.475,1.1704478699096797e-06,1.2226098915164836e-06,1.180541706195825e-06,1.1028811753543688e-06,1.1995570959457312e-06,1.201745082873762e-06,12.991287243382189
HD48737,15,3.526687674028139,6372.9948163447525,0.0434947754084147,0.24644532036606562,0.24644532036606562,0.24644532036606562,0.24644532036606562,0.24644532036606562,0.24644532036606562,1.0,1.0,1.0,1.0,1.0,1.0,18.163090752348996,3.441972424097855,3.8437701314551527,3.373139977347555,3.5368851951757745,2.846725543050678,-0.087,-0.544,-0.034,-0.129,0.49,1.1563039387620848e-06,1.2166143146575048e-06,1.1732889585929987e-06,1.101303188425208e-06,1.1759009938317393e-06,1.192490164299337e-06,12.296268472426572
HD48737,16,3.544328424588285,6316.006847762561,-0.05857437638693547,0.2310415455804436,0.2310415455804436,0.2310415455804436,0.2310415455804436,0.2310415455804436,0.2310415455804436,1.0,1.0,1.0,1.0,1.0,1.0,18.352397824157716,3.44085643891914,3.87070595836366,3.376589426568346,3.5329699752086285,2.8427901223305687,-0.10099999999999999,-0.562,-0.049,-0.14300000000000002,0.489,1.1725149776267114e-06,1.2066424262427001e-06,1.1858375655184252e-06,1.1196260243362069e-06,1.181258443202434e-06,1.1929914467963045e-06,12.559200248033328
HD48737,17,3.533148304831326,6424.859993309421,-0.0720799686756764,0.24427095677922867,0.24427095677922867,0.24427095677922867,0.24427095677922867,0.24427095677922867,0.24427095677922867,1.0,1.0,1.0,1.0,1.0,1.0,18.430027804395053,3.442093941749358,3.863235075474969,3.3788725343600094,3.5446443323497747,2.8508011522981014,-0.08900000000000001,-0.518,-0.039,-0.128,0.47200000000000003,1.158306245248073e-06,1.1667208108032963e-06,1.1724975958671951e-06,1.0924542075877673e-06,1.1910788521350652e-06,1.163354984581207e-06,12.351032405340659
HD48737,18,3.9480267644775866,6369.601654088136,0.054051393593765464,0.23170872519869334,0.23170872519869334,0.23170872519869334,0.23170872519869334,0.23170872519869334,0.23170872519869334,1.0,1.0,1.0,1.0,1.0,1.0,18.56566626823314,3.4429324111811663,3.8502145818229803,3.3845157773289283,3.554466742996045,2.833806175164199,-0.096,-0.563,-0.043,-0.136,0.489,1.1648982964850325e-06,1.2307650126110412e-06,1.1707243832351153e-06,1.0906220588217833e-06,1.1910733419423317e-06,1.2044183261606377e-06,12.975899081621273
HD48737,19,3.917426468337409,6380.893377813627,-0.04334356154033896,0.20661343869257873,0.20661343869257873,0.20661343869257873,0.20661343869257873,0.20661343869257873,0.20661343869257873,1.0,1.0,1.0,1.0,1.0,1.0,18.446133074952627,3.4418637474129863,3.8583135499065344,3.39887946692916,3.5504510308065798,2.8550415604044983,-0.10099999999999999,-0.5529999999999999,-0.05,-0.14,0.478,1.171427663253505e-06,1.2104185052011184e-06,1.162811150995681e-06,1.0987036374247348e-06,1.1798976889316634e-06,1.1948221684220733e-06,12.707290897799323
HD48737,20,3.8750750590676675,6349.675010352213,-0.13313446954479502,0.22808341623804623,0.22808341623804623,0.22808341623804623,0.22808341623804623,0.22808341623804623,0.22808341623804623,1.0,1.0,1.0,1.0,1.0,1.0,18.32184448299837,3.4415342399279574,3.8624366604634153,3.3656785843217762,3.5422463207309023,2.849259836827131,-0.11,-0.5589999999999999,-0.059000000000000004,-0.14800000000000002,0.47600000000000003,1.1815368707506562e-06,1.2125127399346568e-06,1.2088976710461683e-06,1.1152248713563009e-06,1.188384667480758e-06,1.2001223922610565e-06,12.592238750766946
HD48737,21,3.845997746446871,6374.996157360403,0.1789089907015069,0.2297994071130105,0.2297994071130105,0.2297994071130105,0.2297994071130105,0.2297994071130105,0.2297994071130105,1.0,1.0,1.0,1.0,1.0,1.0,18.30407654718511,3.441304272715305,3.8516261017292677,3.3764251461510697,3.5446744506456134,2.8474187046591677,-0.084,-0.564,-0.028999999999999998,-0.126,0.5,1.153823195893409e-06,1.2302986117231021e-06,1.1643697556669005e-06,1.090413436435897e-06,1.1643766636990436e-06,1.199708445391225e-06,12.563492594510793
HD48737,22,4.00773527038226,6307.23929258407,-0.020057951071049802,0.21310568522348228,0.21310568522348228,0.21310568522348228,0.21310568522348228,0.21310568522348228,0.21310568522348228,1.0,1.0,1.0,1.0,1.0,1.0,18.441545684584423,3.4421354411419958,3.8741259159250543,3.369550835435237,3.529610691322811,2.8396231104469245,-0.109,-0.586,-0.057,-0.15,0.491,1.1797956707104017e-06,1.2297323791593283e-06,1.2023769455359944e-06,1.130359784900362e-06,1.1825288105061174e-06,1.2097576957797578e-06,12.85973610315223
HD48737,23,3.9330794636911546,6387.166022369456,0.16944682083760262,0.22521943420371454,0.22521943420371454,0.22521943420371454,0.22521943420371454,0.22521943420371454,0.22521943420371454,1.0,1.0,1.0,1.0,1.0,1.0,18.543247835179024,3.4411864683727327,3.8517393507726303,3.3727778284763907,3.531772701946815,2.8581407770020166,-0.085,-0.562,-0.03,-0.127,0.49700000000000005,1.1550117099379572e-06,1.2279063190301132e-06,1.1693643331123698e-06,1.1044648373197568e-06,1.1561246576128607e-06,1.198748475393251e-06,12.883643492065875
HD48737,24,3.7841895293137378,6391.192862500526,0.008500133647740146,0.22138487942656948,0.22138487942656948,0.22138487942656948,0.22138487942656948,0.22138487942656948,0.22138487942656948,1.0,1.0,1.0,1.0,1.0,1.0,18.334756484998184,3.441742317539729,3.840665110138233,3.372879820265285,3.5190318536768097,2.8466876593509833,-0.09300000000000001,-0.545,-0.042,-0.133,0.48200000000000004,1.1629580457125841e-06,1.2212228750360725e-06,1.1822492482420818e-06,1.1236944430326461e-06,1.1846386856725892e-06,1.1979169433066773e-06,12.586820111243892
HD48737,25,4.119136736013138,6359.750037601788,0.18509686519988552,0.22553157911415436,0.22553157911415436,0.22553157911415436,0.22553157911415436,0.22553157911415436,0.22553157911415436,1.0,1.0,1.0,1.0,1.0,1.0,18.30633218264561,3.441981572879578,3.8442000883117675,3.3815373616364677,3.5459473477456025,2.8394497562920034,-0.09,-0.581,-0.035,-0.132,0.502,1.1594935723937918e-06,1.2582905625500185e-06,1.1653222265992271e-06,1.0951712530023485e-06,1.1707955743655433e-06,1.2187717664875278e-06,12.766271836538788
HD48737,26,3.5312267198064493,6341.57395764915,-0.10191075757917503,0.2182705265093284,0.2182705265093284,0.2182705265093284,0.2182705265093284,0.2182705265093284,0.2182705265093284,1.0,1.0,1.0,1.0,1.0,1.0,18.34194152264834,3.441879927223083,3.863582292111085,3.3759106215721784,3.5132465572723324,2.8403224781771264,-0.1,-0.5489999999999999,-0.049,-0.141,0.48200000000000004,1.1703317946175247e-06,1.20012935260646e-06,1.1865791859435187e-06,1.1380526430215195e-06,1.1916040849849135e-06,1.188210329410886e-06,12.494617279095008
HD48737,27,3.9476010795180363,6411.329917065437,0.07480992971488096,0.24178601646706058,0.24178601646706058,0.24178601646706058,0.24178601646706058,0.24178601646706058,0.24178601646706058,1.0,1.0,1.0,1.0,1.0,1.0,18.446330330604408,3.441917729305178,3.843067350028442,3.371604005506561,3.5419281096802893,2.844082180486968,-0.09,-0.5479999999999999,-0.037000000000000005,-0.129,0.485,1.1595617550612968e-06,1.2218954134542797e-06,1.1782009604662451e-06,1.0961998309617947e-06,1.1842083047977156e-06,1.1969619500970865e-06,12.730320377157025
HD48737,28,3.8063611147215757,6367.544761556248,-0.06459734417567135,0.22624938850487036,0.22624938850487036,0.22624938850487036,0.22624938850487036,0.22624938850487036,0.22624938850487036,1.0,1.0,1.0,1.0,1.0,1.0,18.449290812065836,3.441123883735139,3.840444933452969,3.36693888014359,3.5470904470904614,2.8459619774224767,-0.102,-0.552,-0.051,-0.141,0.479,1.173306350108189e-06,1.2293711048897198e-06,1.1986307708889237e-06,1.10312517458791e-06,1.1887107320501106e-06,1.2069452029771075e-06,12.840618157598582
HD48737,29,3.475167423579027,6423.876334512572,-0.020702969393530245,0.19859667639289413,0.19859667639289413,0.19859667639289413,0.19859667639289413,0.19859667639289413,0.19859667639289413,1.0,1.0,1.0,1.0,1.0,1.0,18.393848361840238,3.4412750442108506,3.8279139729615523,3.3830508248757813,3.523564907652365,2.843430192013706,-0.084,-0.518,-0.033,-0.124,0.47700000000000004,1.1538542577482287e-06,1.205300635246774e-06,1.1615573164089956e-06,1.1097751900658136e-06,1.1936826948751428e-06,1.184722084247356e-06,12.528547192570503
HD48737,30,3.4845200428832652,6311.130560905156,-0.06229747481534409,0.20510836496728427,0.20510836496728427,0.20510836496728427,0.20510836496728427,0.20510836496728427,0.20510836496728427,1.0,1.0,1.0,1.0,1.0,1.0,18.342667369701566,3.441353906834236,3.8317880973969953,3.371455619826928,3.5607440492963907,2.837434773386359,-0.1,-0.561,-0.048,-0.142,0.49,1.1708989374790189e-06,1.2495272612558888e-06,1.1903611017884935e-06,1.0903435402021124e-06,1.1860064892533138e-06,1.2180759317451409e-06,12.809682585223754
HD48737,31,3.8702741359939483,6355.200298381477,0.055453511217678164,0.2339597626502217,0.2339597626502217,0.2339597626502217,0.2339597626502217,0.2339597626502217,0.2339597626502217,1.0,1.0,1.0,1.0,1.0,1.0,18.256957072731424,3.4410834979540623,3.8670823006595425,3.362072850015448,3.5336484691829835,2.83026110914282,-0.096,-0.565,-0.043,-0.13699999999999998,0.491,1.1668837057980851e-06,1.2140261859923893e-06,1.1951759202505556e-06,1.1127602078852065e-06,1.1927695154518636e-06,1.1951691939146676e-06,12.451601257050324
HD48737,32,3.8247139669442682,6316.010477564735,0.04711063061373625,0.2446365474820694,0.2446365474820694,0.2446365474820694,0.2446365474820694,0.2446365474820694,0.2446365474820694,1.0,1.0,1.0,1.0,1.0,1.0,18.305996629408757,3.4413459725409528,3.8560672989408427,3.3874567560187177,3.5417061572401467,2.838596568058849,-0.1,-0.579,-0.046,-0.142,0.49700000000000005,1.1709074941518816e-06,1.2423216537272524e-06,1.1707880262865509e-06,1.1096308225009394e-06,1.177124360303704e-06,1.213755989897104e-06,12.713266989621676
HD48737,33,3.96477159253456,6339.707370520891,0.11145651174140683,0.2546382460685902,0.2546382460685902,0.2546382460685902,0.2546382460685902,0.2546382460685902,0.2546382460685902,1.0,1.0,1.0,1.0,1.0,1.0,18.50107474100661,3.4418576091679545,3.8479751551633,3.398110218129864,3.55455508635068,2.842387062896743,-0.095,-0.578,-0.040999999999999995,-0.13699999999999998,0.499,1.1649785551510907e-06,1.250463191972488e-06,1.1540294381569577e-06,1.091538202530501e-06,1.1708631812746854e-06,1.216269337243929e-06,13.012558611894827
HD48737,34,3.8864224756649453,6377.301510853573,0.058019346091286284,0.2329009927704982,0.2329009927704982,0.2329009927704982,0.2329009927704982,0.2329009927704982,0.2329009927704982,1.0,1.0,1.0,1.0,1.0,1.0,18.46399286528238,3.440765065530251,3.868905993815753,3.3870722401978814,3.550519242136416,2.856148155095435,-0.09300000000000001,-0.557,-0.040999999999999995,-0.134,0.488,1.164005274964785e-06,1.2030912746567913e-06,1.165821549052116e-06,1.0925800790488145e-06,1.1678893889447157e-06,1.187456874779989e-06,12.653425687568781
HD48737,35,3.497106834144354,6352.5941136593065,-0.11085770721748414,0.21764588621549352,0.21764588621549352,0.21764588621549352,0.21764588621549352,0.21764588621549352,0.21764588621549352,1.0,1.0,1.0,1.0,1.0,1.0,18.347606538702212,3.4413888513023374,3.8872313890618857,3.377734780431727,3.525454303205518,2.8343716313276723,-0.099,-0.5429999999999999,-0.048,-0.139,0.48,1.1697833460550234e-06,1.1677998604387677e-06,1.183496730419935e-06,1.1232573093657854e-06,1.2003622311978793e-06,1.16859325468527e-06,12.295925889246464
HD48737,36,3.9318652642643905,6331.10952343804,-0.07672294804953456,0.23428826293635946,0.23428826293635946,0.23428826293635946,0.23428826293635946,0.23428826293635946,0.23428826293635946,1.0,1.0,1.0,1.0,1.0,1.0,18.358293560371436,3.4424326345066194,3.8610483932903987,3.3812531788572393,3.5502556693056664,2.8473071651203874,-0.109,-0.5710000000000001,-0.057999999999999996,-0.14800000000000002,0.483,1.1794727750935793e-06,1.2275568591362537e-06,1.1905830712888505e-06,1.1070282582454921e-06,1.1828729722049171e-06,1.208323225519184e-06,12.728779668496918
HD48737,37,3.5942316749409517,6466.477660630309,-0.04689579521447168,0.21353147161540748,0.21353147161540748,0.21353147161540748,0.21353147161540748,0.21353147161540748,0.21353147161540748,1.0,1.0,1.0,1.0,1.0,1.0,18.417652130684697,3.441756347039229,3.856768173002675,3.3737284321205303,3.5086041752806594,2.8457145496246707,-0.085,-0.507,-0.034,-0.12300000000000001,0.46799999999999997,1.1544056291802108e-06,1.1618597463078022e-06,1.1726532236721074e-06,1.1241371606091716e-06,1.20108890382167e-06,1.1588780994567658e-06,12.286984563155652
HD48737,38,3.7159891492409227,6432.8090373519735,0.024015163245004988,0.2088777721572727,0.2088777721572727,0.2088777721572727,0.2088777721572727,0.2088777721572727,0.2088777721572727,1.0,1.0,1.0,1.0,1.0,1.0,18.39417677430069,3.441211719683734,3.8272036418966775,3.374612763093948,3.5385079157591237,2.8454166815971176,-0.086,-0.528,-0.035,-0.125,0.478,1.156049118173596e-06,1.2172492563046465e-06,1.1727781590677907e-06,1.0956145933639657e-06,1.1904037929920218e-06,1.1927692010522264e-06,12.614096631790153
HD48737,39,3.3232020437417074,6434.6774664160275,0.03170530482254106,0.2115096533523703,0.2115096533523703,0.2115096533523703,0.2115096533523703,0.2115096533523703,0.2115096533523703,1.0,1.0,1.0,1.0,1.0,1.0,18.36006969426812,3.441737407604131,3.8658497663034606,3.381785133455106,3.535439586341163,2.8463565289527755,-0.075,-0.509,-0.023,-0.11599999999999999,0.48100000000000004,1.1438419276052092e-06,1.1543063057123206e-06,1.1522505424634838e-06,1.089645275319772e-06,1.18609196282364e-06,1.150120554469476e-06,12.11800259815777
HD48737,40,4.162975005338451,6372.203343052559,-0.006816889666725071,0.21981786804602965,0.21981786804602965,0.21981786804602965,0.21981786804602965,0.21981786804602965,0.21981786804602965,1.0,1.0,1.0,1.0,1.0,1.0,18.558615681459578,3.441259136691781,3.855578471766233,3.3735258935080767,3.5049985203362928,2.8421289978182322,-0.10400000000000001,-0.568,-0.053,-0.14300000000000002,0.48200000000000004,1.175323229977185e-06,1.230352584651791e-06,1.1935774831462987e-06,1.1488453387468176e-06,1.1896230639030336e-06,1.2083408427819487e-06,13.008272834745876
HD48737,41,3.964657734320164,6291.585032650977,-0.02144147895771585,0.20836633665208146,0.20836633665208146,0.20836633665208146,0.20836633665208146,0.20836633665208146,0.20836633665208146,1.0,1.0,1.0,1.0,1.0,1.0,18.402268367819417,3.4412944450294263,3.861268248232683,3.3789664157548467,3.5456256059131555,2.8465244087367476,-0.11,-0.59,-0.057,-0.151,0.493,1.1817978529328263e-06,1.2489747984075887e-06,1.1919949303982997e-06,1.1148353528037064e-06,1.172873600553675e-06,1.2221040202176838e-06,12.935699490726126
HD48737,42,3.962654035203768,6403.865385609716,-0.050470077889641474,0.20053660970153797,0.20053660970153797,0.20053660970153797,0.20053660970153797,0.20053660970153797,0.20053660970153797,1.0,1.0,1.0,1.0,1.0,1.0,18.347544202074424,3.440719956082546,3.859033505760533,3.3770860192631753,3.5158053434575263,2.8428737960185284,-0.1,-0.546,-0.05,-0.138,0.474,1.1715828135523169e-06,1.2018425406882471e-06,1.186387512829437e-06,1.132240895776923e-06,1.197599086956006e-06,1.189738649833875e-06,12.518332450404909
HD48737,43,3.964946868112178,6420.84220469015,-0.040703588462671816,0.199507503732055,0.199507503732055,0.199507503732055,0.199507503732055,0.199507503732055,0.199507503732055,1.0,1.0,1.0,1.0,1.0,1.0,18.4404012207515,3.441231742116833,3.851042363653436,3.3850785101410423,3.5517680664311775,2.8386346034096164,-0.098,-0.54,-0.047,-0.136,0.47200000000000003,1.1688755592455408e-06,1.2040486335948847e-06,1.1744365824183198e-06,1.0933362512978128e-06,1.2045009123041295e-06,1.1899794038551473e-06,12.647922686180557
HD48737,44,3.8521137299371726,6294.70171405444,0.047343349763134875,0.24796426886922085,0.24796426886922085,0.24796426886922085,0.24796426886922085,0.24796426886922085,0.24796426886922085,1.0,1.0,1.0,1.0,1.0,1.0,18.490064492531655,3.441830152648424,3.846818935653654,3.3741257795848085,3.530670826343151,2.841275971167365,-0.10300000000000001,-0.588,-0.049,-0.145,0.5,1.1736238150414893e-06,1.2633782629687147e-06,1.1885314079194109e-06,1.1240681543108463e-06,1.1709829892628757e-06,1.2274764837978244e-06,13.11683507214038
HD48737,45,3.8636439954884065,6340.670116248163,0.11924864787560398,0.2548086225818508,0.2548086225818508,0.2548086225818508,0.2548086225818508,0.2548086225818508,0.2548086225818508,1.0,1.0,1.0,1.0,1.0,1.0,18.47600092728255,3.441698744861106,3.837163067985419,3.3685746391672846,3.5176035117503752,2.8542721378718823,-0.09300000000000001,-0.574,-0.038,-0.135,0.5,1.1630047183884841e-06,1.2583334671904188e-06,1.1825816041440952e-06,1.127248250469674e-06,1.1570499808588886e-06,1.220201967669645e-06,13.019271900060504
HD48737,46,4.313678674020067,6297.305564079952,-0.02966582157956018,0.2433030413298023,0.2433030413298023,0.2433030413298023,0.2433030413298023,0.2433030413298023,0.2433030413298023,1.0,1.0,1.0,1.0,1.0,1.0,18.455347266017583,3.441468501232114,3.8289761523109496,3.3853650887374362,3.521111411167701,2.838516914456587,-0.11599999999999999,-0.602,-0.064,-0.156,0.491,1.1881562973192794e-06,1.3009796810318863e-06,1.192655290880978e-06,1.1455562264044592e-06,1.1837342370440665e-06,1.2558503275468432e-06,13.369690434924134
HD48737,47,3.7318831391368392,6352.285755847411,-0.1303334003371275,0.22908239317147813,0.22908239317147813,0.22908239317147813,0.22908239317147813,0.22908239317147813,0.22908239317147813,1.0,1.0,1.0,1.0,1.0,1.0,18.303569648997257,3.4413244800057976,3.834830433637689,3.3685803325090338,3.5414889478780682,2.8389416286246094,-0.106,-0.552,-0.055999999999999994,-0.145,0.47600000000000003,1.1774193874097254e-06,1.235744827181938e-06,1.2023442800325591e-06,1.1129237116907294e-06,1.1997322221250618e-06,1.2124146512730528e-06,12.695850319913509
HD48737,48,3.8485352516864175,6358.613940211544,-0.024226485753314153,0.21529008433882396,0.21529008433882396,0.21529008433882396,0.21529008433882396,0.21529008433882396,0.21529008433882396,1.0,1.0,1.0,1.0,1.0,1.0,18.40111092168271,3.442255019541087,3.8829751891982953,3.3834236542944023,3.5170699361538165,2.830115283405462,-0.10099999999999999,-0.5589999999999999,-0.049,-0.14,0.484,1.1710055861281008e-06,1.1897916013818922e-06,1.1783966872180536e-06,1.1330080621279103e-06,1.2006456763767167e-06,1.1822771952803758e-06,12.512567246089928
HD48737,49,3.567138543953064,6330.356848236217,0.1490521426213226,0.25427382092866624,0.25427382092866624,0.25427382092866624,0.25427382092866624,0.25427382092866624,0.25427382092866624,1.0,1.0,1.0,1.0,1.0,1.0,18.386119012126105,3.441466005537267,3.848802998809231,3.3785903891189926,3.567114045385469,2.8415721646135155,-0.086,-0.57,-0.031,-0.13,0.505,1.1557783963226168e-06,1.2403372169283143e-06,1.1641925585975886e-06,1.0720507783816578e-06,1.1652848731126992e-06,1.2065136886860354e-06,12.748274693962005
HD82434,0,3.4896752184576076,7591.169686005734,0.09861125351205365,0.1988091655458617,0.1988091655458617,0.1988091655458617,0.1988091655458617,0.1988091655458617,0.1988091655458617,1.0,1.0,1.0,1.0,1.0,1.0,,3.657334726745483,4.007285542599876,3.6235882149547303,3.7249645209319353,3.1907542033818603,0.009000000000000001,-0.19399999999999998,0.05,-0.013000000000000001,0.285,8.680147076725916e-07,7.581353681473749e-07,8.62235081043253e-07,8.322909384096833e-07,1.0345686004859594e-06,8.020871039574616e-07,
HD82434,1,3.880933905100843,7618.188273377425,0.08333100998331477,0.23538413581369574,0.23538413581369574,0.23538413581369574,0.23538413581369574,0.23538413581369574,0.23538413581369574,1.0,1.0,1.0,1.0,1.0,1.0,,3.6576589679239353,4.010420429773803,3.6221849569000044,3.693482145673585,3.2023546860021295,-0.012,-0.231,0.03,-0.032,0.27699999999999997,8.847027708584212e-07,7.821549582388081e-07,8.794010743984152e-07,8.719028883843332e-07,1.0311434804625767e-06,8.231740832866533e-07,
HD82434,2,3.701718110440243,7622.7767973737555,0.02783160088110588,0.21864140649234826,0.21864140649234826,0.21864140649234826,0.21864140649234826,0.21864140649234826,0.21864140649234826,1.0,1.0,1.0,1.0,1.0,1.0,,3.6577912960499623,4.006929250861965,3.6261694664565804,3.6973673082144356,3.1774626199698357,-0.006999999999999999,-0.213,0.034,-0.027000000000000003,0.273,8.805306063854353e-07,7.717724549998865e-07,8.729576758687273e-07,8.647967550381336e-07,1.0589511507916418e-06,8.15275715554106e-07,
HD82434,3,3.9519030373274826,7593.797040047081,0.1740945672618502,0.24045584650795432,0.24045584650795432,0.24045584650795432,0.24045584650795432,0.24045584650795432,0.24045584650795432,1.0,1.0,1.0,1.0,1.0,1.0,,3.658295783868322,4.003867355754943,3.6223634115298635,3.7067760542807466,3.1887642153925793,-0.009000000000000001,-0.239,0.035,-0.028999999999999998,0.289,8.817443004495796e-07,7.927094442084909e-07,8.752167285964531e-07,8.589157231477092e-07,1.0326550863034424e-06,8.283233867049263e-07,
HD82434,4,3.703071242494881,7691.025006820554,-0.026003099127469176,0.1936958040071007,0.1936958040071007,0.1936958040071007,0.1936958040071007,0.1936958040071007,0.1936958040071007,1.0,1.0,1.0,1.0,1.0,1.0,,3.6573575674604384,4.00592626967449,3.6239516432103014,3.6938152270766076,3.182761289288544,-0.009000000000000001,-0.201,0.031,-0.027000000000000003,0.255,8.825065707896336e-07,7.639949128222322e-07,8.771630265189548e-07,8.676306465396269e-07,1.07141188327433e-06,8.113995760091928e-07,
HD82434,5,3.562877836219791,7635.851268881181,0.058059798045501855,0.20873613333742727,0.20873613333742727,0.20873613333742727,0.20873613333742727,0.20873613333742727,0.20873613333742727,1.0,1.0,1.0,1.0,1.0,1.0,,3.6579023953121115,4.007570383477514,3.6214959561871987,3.7049595242074735,3.190748997110507,0.003,-0.19399999999999998,0.043,-0.017,0.272,8.723685825314513e-07,7.579364988286649e-07,8.694859970904517e-07,8.508973379418588e-07,1.0470354252695405e-06,8.037093323097794e-07,
HD82434,6,3.942480348573319,7686.118431123703,-0.042528410690116245,0.19912832347379145,0.19912832347379145,0.19912832347379145,0.19912832347379145,0.19912832347379145,0.19912832347379145,1.0,1.0,1.0,1.0,1.0,1.0,,3.656995823315275,4.005000385061733,3.6221743247914637,3.708848067289919,3.191438631292169,-0.023,-0.23,0.018000000000000002,-0.040999999999999995,0.254,8.942576114285701e-07,7.8534561035127e-07,8.891831919459905e-07,8.668056784484217e-07,1.0638625523517855e-06,8.289104107821899e-07,
HD82434,7,3.626990719596897,7683.921012727039,0.031110612722976386,0.1928017435932683,0.1928017435932683,0.1928017435932683,0.1928017435932683,0.1928017435932683,0.1928017435932683,1.0,1.0,1.0,1.0,1.0,1.0,,3.6581614791158525,4.002235606852083,3.621624852639584,3.70898793876882,3.1859065368954007,-0.001,-0.192,0.039,-0.02,0.26,8.75379522341538e-07,7.602680361733754e-07,8.725916113440234e-07,8.500917454767548e-07,1.063404172130058e-06,8.063126306406405e-07,
HD82434,8,3.6208801163899773,7597.9362055567235,0.11407211581139307,0.20554370660349816,0.20554370660349816,0.20554370660349816,0.20554370660349816,0.20554370660349816,0.20554370660349816,1.0,1.0,1.0,1.0,1.0,1.0,,3.6577708275919614,4.003920222065374,3.6279716909225073,3.7062831754554626,3.1790340216145982,0.003,-0.20600000000000002,0.045,-0.017,0.284,8.724743011208003e-07,7.689407657064461e-07,8.627248313193121e-07,8.49860617373185e-07,1.0467605964636473e-06,8.103541798721877e-07,
HD82434,9,3.502993186948145,7569.646888698401,0.0816894632410829,0.18735309686441012,0.18735309686441012,0.18735309686441012,0.18735309686441012,0.18735309686441012,0.18735309686441012,1.0,1.0,1.0,1.0,1.0,1.0,,3.6574229522604638,4.005926150670359,3.621795423310438,3.7094399595275567,3.19434171777754,0.006,-0.201,0.047,-0.015,0.28800000000000003,8.703457114920911e-07,7.639949965613166e-07,8.660496795028686e-07,8.458337123872603e-07,1.0283105406131418e-06,8.065352825336264e-07,
HD82434,10,3.9639504292865313,7639.330026267488,0.09711743418541692,0.23799954006817492,0.23799954006817492,0.23799954006817492,0.23799954006817492,0.23799954006817492,0.23799954006817492,1.0,1.0,1.0,1.0,1.0,1.0,,3.657820795007542,4.004521661386915,3.6247027647968055,3.7151507039562315,3.179699285484381,-0.015,-0.235,0.027999999999999997,-0.034,0.27399999999999997,8.870184568964189e-07,7.893185512360348e-07,8.789817715778972e-07,8.562502140267199e-07,1.055799034330448e-06,8.283985135001884e-07,
HD82434,11,3.7589636608272574,7570.484405681531,-0.05486620547974566,0.2110252357281662,0.2110252357281662,0.2110252357281662,0.2110252357281662,0.2110252357281662,0.2110252357281662,1.0,1.0,1.0,1.0,1.0,1.0,,3.657931459195584,4.008020601719356,3.6230458909450713,3.7100399119763257,3.185198912450225,-0.017,-0.23199999999999998,0.024,-0.037000000000000005,0.27699999999999997,8.885633392597952e-07,7.846080035993821e-07,8.835733701147581e-07,8.626706246456732e-07,1.0475660367127e-06,8.261901378635473e-07,
HD82434,12,3.8153590905198063,7648.379192777547,0.217987938779983,0.2251551579079485,0.2251551579079485,0.2251551579079485,0.2251551579079485,0.2251551579079485,0.2251551579079485,1.0,1.0,1.0,1.0,1.0,1.0,,3.65846345195274,4.002924475439671,3.624622374354602,3.710996863348165,3.1914656320815413,0.003,-0.213,0.046,-0.017,0.282,8.719179005479175e-07,7.746244208609294e-07,8.64593616871128e-07,8.461789732078811e-07,1.0367516179766888e-06,8.135418127357245e-07,
HD82434,13,3.6644949057797063,7622.253665489295,0.006623135502557907,0.20863234949341142,0.20863234949341142,0.20863234949341142,0.20863234949341142,0.20863234949341142,0.20863234949341142,1.0,1.0,1.0,1.0,1.0,1.0,,3.6573268122287375,4.008007371391614,3.625742994629095,3.7020288776947643,3.1933002203888865,-0.006,-0.209,0.035,-0.026000000000000002,0.271,8.800964105701363e-07,7.681712094821812e-07,8.724966673788067e-07,8.602990108506297e-07,1.0455405630652214e-06,8.129412899173632e-07,
HD82434,14,3.6557007859622295,7570.443583398053,-0.04112916673305038,0.20973914400425525,0.20973914400425525,0.20973914400425525,0.20973914400425525,0.20973914400425525,0.20973914400425525,1.0,1.0,1.0,1.0,1.0,1.0,,3.658455294190369,4.005227152210057,3.622874256715055,3.71000753871796,3.1808211884399857,-0.011000000000000001,-0.22,0.03,-0.031,0.278,8.832402600912077e-07,7.779830118115646e-07,8.788429474643286e-07,8.579420596535309e-07,1.0508300879738583e-06,8.200859111234219e-07,
HD82434,15,4.261278402228301,7575.307251549322,-0.08657551541635017,0.22637835341677887,0.22637835341677887,0.22637835341677887,0.22637835341677887,0.22637835341677887,0.22637835341677887,1.0,1.0,1.0,1.0,1.0,1.0,,3.658264702221687,4.005238381330878,3.6245345136137037,3.710369614367835,3.1888923924687664,-0.048,-0.28300000000000003,-0.005,-0.065,0.27,9.140187266249295e-07,8.244524674310026e-07,9.062482254859789e-07,8.849385795256114e-07,1.0507611753944993e-06,8.602789711085733e-07,
HD82434,16,4.161177991812219,7582.824712386965,0.003271794782922853,0.22854152393776828,0.22854152393776828,0.22854152393776828,0.22854152393776828,0.22854152393776828,0.22854152393776828,1.0,1.0,1.0,1.0,1.0,1.0,,3.6576327003726634,4.010031127362593,3.6276963774635984,3.7020363533329568,3.18682568093425,-0.035,-0.268,0.008,-0.053,0.276,9.036659001709417e-07,8.095590343414983e-07,8.928580604443014e-07,8.81955013444617e-07,1.0469614774318276e-06,8.472017806732756e-07,
HD82434,17,4.143895913511788,7606.743439311868,-0.08903569583182905,0.23310206323341148,0.23310206323341148,0.23310206323341148,0.23310206323341148,0.23310206323341148,0.23310206323341148,1.0,1.0,1.0,1.0,1.0,1.0,,3.658519729874443,4.005975740596048,3.6263745693783553,3.695538320271542,3.178695400341725,-0.040999999999999995,-0.266,0.002,-0.057999999999999996,0.265,9.079314975096378e-07,8.110930468536792e-07,8.988995166195383e-07,8.913446180036486e-07,1.0655720354963894e-06,8.498284271160626e-07,
HD82434,18,3.547848045527017,7618.195497440508,-0.18634545023015345,0.20207984742876672,0.20207984742876672,0.20207984742876672,0.20207984742876672,0.20207984742876672,0.20207984742876672,1.0,1.0,1.0,1.0,1.0,1.0,,3.6572020778748313,4.004695543261694,3.62520116534323,3.708672505178001,3.181661013933643,-0.012,-0.203,0.027000000000000003,-0.032,0.26,8.850751421130995e-07,7.662716486117944e-07,8.793879463329301e-07,8.597891743027285e-07,1.0675705112379595e-06,8.137930460123163e-07,
HD82434,19,3.6948767794376005,7662.423888821744,-0.20027064152590748,0.181518935944173,0.181518935944173,0.181518935944173,0.181518935944173,0.181518935944173,0.181518935944173,1.0,1.0,1.0,1.0,1.0,1.0,,3.658179102648762,4.0076789443714995,3.6241682933494888,3.72064253397062,3.1984723950593925,-0.02,-0.212,0.019,-0.039,0.25,8.908187173196457e-07,7.705297242532575e-07,8.867346051467403e-07,8.558624272112444e-07,1.0608940571529164e-06,8.186453214798128e-07,
HD82434,20,3.546637770457212,7618.351845965425,-0.026707878922196213,0.20340646843837062,0.20340646843837062,0.20340646843837062,0.20340646843837062,0.20340646843837062,0.20340646843837062,1.0,1.0,1.0,1.0,1.0,1.0,,3.657516001515588,4.00582428307403,3.6250426341256152,3.7122837810627307,3.190707534007772,-0.002,-0.198,0.038,-0.023,0.27,8.767072016127684e-07,7.619584004060828e-07,8.706506347660486e-07,8.498601433338911e-07,1.049005972948095e-06,8.078579208887571e-07,
HD82434,21,3.748360318047431,7628.51305983268,0.08431164313326914,0.21834204019453032,0.21834204019453032,0.21834204019453032,0.21834204019453032,0.21834204019453032,0.21834204019453032,1.0,1.0,1.0,1.0,1.0,1.0,,3.6571468659827087,4.002012253123438,3.622768115468581,3.7118388016806483,3.1846799297933517,-0.005,-0.215,0.037000000000000005,-0.025,0.275,8.794319269950647e-07,7.767049507757887e-07,8.732804312390088e-07,8.517761077151158e-07,1.0499992835133875e-06,8.177957412634992e-07,
HD82434,22,3.5035700022993574,7639.39402888113,-0.011244532099431132,0.19671113118920258,0.19671113118920258,0.19671113118920258,0.19671113118920258,0.19671113118920258,0.19671113118920258,1.0,1.0,1.0,1.0,1.0,1.0,,3.6580350487933626,4.006850460082173,3.625067239150521,3.705761069779814,3.1849806672904575,0.002,-0.188,0.040999999999999995,-0.018000000000000002,0.267,8.730657575503143e-07,7.542595029986513e-07,8.68228582616434e-07,8.510528819655254e-07,1.0574715882004892e-06,8.017820048193164e-07,
HD82434,23,3.805499994697121,7654.2568771516135,0.10435842812681842,0.2389969784592804,0.2389969784592804,0.2389969784592804,0.2389969784592804,0.2389969784592804,0.2389969784592804,1.0,1.0,1.0,1.0,1.0,1.0,,3.6573436412265763,4.004103395775831,3.6197905007468645,3.7014183905289997,3.1885600649346513,-0.005,-0.215,0.036000000000000004,-0.025,0.272,8.792725560994969e-07,7.752104461889144e-07,8.764855777664112e-07,8.599904299975261e-07,1.049148462849455e-06,8.168352901531474e-07,
HD82434,24,3.513927008581199,7556.858741784057,-0.1398056296327244,0.19373414360751476,0.19373414360751476,0.19373414360751476,0.19373414360751476,0.19373414360751476,0.19373414360751476,1.0,1.0,1.0,1.0,1.0,1.0,,3.657993335294192,4.00426295178064,3.6227052679924765,3.7103729753296766,3.1900926262482594,-0.01,-0.21100000000000002,0.03,-0.031,0.275,8.828026751296597e-07,7.722462248673495e-07,8.789797450627813e-07,8.576533424853246e-07,1.0447777716912031e-06,8.164688049722735e-07,
HD82434,25,3.5866565047171073,7639.622754612604,0.01642721203794309,0.1973819202623499,0.1973819202623499,0.1973819202623499,0.1973819202623499,0.1973819202623499,0.1973819202623499,1.0,1.0,1.0,1.0,1.0,1.0,,3.657801516293271,4.009967296991176,3.625489014601364,3.6890035086531543,3.1825651791763265,-0.001,-0.19699999999999998,0.039,-0.021,0.26899999999999996,8.756697920429403e-07,7.583576215957901e-07,8.69491556112016e-07,8.666815895479828e-07,1.0578763374875626e-06,8.052824897746501e-07,
HD82434,26,3.7598890192886434,7624.593484387714,-0.05895172470750319,0.21819840288997042,0.21819840288997042,0.21819840288997042,0.21819840288997042,0.21819840288997042,0.21819840288997042,1.0,1.0,1.0,1.0,1.0,1.0,,3.658238811292514,4.006810833248938,3.6247619572687295,3.6924623216914543,3.181232169788007,-0.016,-0.221,0.025,-0.035,0.266,8.874940500247911e-07,7.775648882432022e-07,8.81365794597019e-07,8.751370003119547e-07,1.062106597899795e-06,8.215365529558376e-07,
HD82434,27,3.6635138591288383,7592.597179565766,-0.010598818965089539,0.21234551479739,0.21234551479739,0.21234551479739,0.21234551479739,0.21234551479739,0.21234551479739,1.0,1.0,1.0,1.0,1.0,1.0,,3.6576779970453166,4.004916947825064,3.6221943908763,3.6895251953413717,3.188359831709903,-0.008,-0.21600000000000003,0.033,-0.028999999999999998,0.276,8.814339534462667e-07,7.753435805630214e-07,8.76966933328929e-07,8.726717082525625e-07,1.045483160223792e-06,8.177797297163195e-07,
HD82434,28,3.7594340730485043,7614.952811687911,0.029236621999703925,0.22658544289513824,0.22658544289513824,0.22658544289513824,0.22658544289513824,0.22658544289513824,0.22658544289513824,1.0,1.0,1.0,1.0,1.0,1.0,,3.6574040167890476,4.007563823222796,3.6217802200276745,3.6962216662662484,3.1933254807725886,-0.01,-0.22,0.032,-0.03,0.27399999999999997,8.832819749521354e-07,7.763104733467369e-07,8.781099265212581e-07,8.681051009635858e-07,1.0426313574632213e-06,8.190990739888962e-07,
HD82434,29,3.663005147458735,7633.37374319307,-0.07813295824029767,0.2062753785312244,0.2062753785312244,0.2062753785312244,0.2062753785312244,0.2062753785312244,0.2062753785312244,1.0,1.0,1.0,1.0,1.0,1.0,,3.6576742846302954,4.003776338671012,3.6243925731612743,3.707667142083302,3.1977913948185175,-0.012,-0.21,0.028999999999999998,-0.031,0.263,8.846902902605416e-07,7.718811570282709e-07,8.78423499315476e-07,8.59793421321599e-07,1.0489249522602794e-06,8.170048103211793e-07,
HD82434,30,3.8745442699770734,7585.827032225906,0.008379335404817844,0.22695353070221125,0.22695353070221125,0.22695353070221125,0.22695353070221125,0.22695353070221125,0.22695353070221125,1.0,1.0,1.0,1.0,1.0,1.0,,3.657660662484183,4.002231883019972,3.621427242185294,3.696994752213534,3.1745935640699234,-0.019,-0.239,0.024,-0.038,0.278,8.904236974307134e-07,7.939044228868018e-07,8.848916107266211e-07,8.739026851341032e-07,1.0568748152176805e-06,8.325121327043665e-07,
HD82434,31,3.5416700250286572,7676.792024656037,0.028708594370197675,0.19439612303098666,0.19439612303098666,0.19439612303098666,0.19439612303098666,0.19439612303098666,0.19439612303098666,1.0,1.0,1.0,1.0,1.0,1.0,,3.658321725306707,4.005319242832575,3.622194415728605,3.718813369633101,3.1887819692753996,0.003,-0.184,0.042,-0.016,0.262,8.720317238365209e-07,7.525463912957599e-07,8.697275121258223e-07,8.393355669480159e-07,1.0586397256185603e-06,8.003405243120642e-07,
HD82434,32,3.633645700237254,7630.17231555984,0.00769478821966333,0.20328711150471723,0.20328711150471723,0.20328711150471723,0.20328711150471723,0.20328711150471723,0.20328711150471723,1.0,1.0,1.0,1.0,1.0,1.0,,3.658146525621628,4.0079880404653,3.62035255809788,3.7183583913953906,3.1796169245319827,-0.004,-0.204,0.036000000000000004,-0.024,0.27,8.778137198343583e-07,7.646553975128322e-07,8.760319614370593e-07,8.458972597456588e-07,1.0597763042885844e-06,8.099187264414426e-07,
HD82434,33,3.673624720653265,7653.943944818339,0.126586748988135,0.20269790619046751,0.20269790619046751,0.20269790619046751,0.20269790619046751,0.20269790619046751,0.20269790619046751,1.0,1.0,1.0,1.0,1.0,1.0,,3.6571367186409174,4.009362479188106,3.6239200495093904,3.7018854486559873,3.180706230393873,0.003,-0.2,0.044000000000000004,-0.017,0.27399999999999997,8.72984006286792e-07,7.608796746496059e-07,8.667482128061794e-07,8.533099213796432e-07,1.0548203079874497e-06,8.057214073044804e-07,
HD82434,34,3.609907033800271,7622.206791984862,0.12428926135055189,0.205264737023371,0.205264737023371,0.205264737023371,0.205264737023371,0.205264737023371,0.205264737023371,1.0,1.0,1.0,1.0,1.0,1.0,,3.6575045440737894,4.0051377704252,3.624046174069646,3.7231284836968928,3.1914043254523476,0.005,-0.2,0.047,-0.015,0.28,8.71082235511765e-07,7.638461015736666e-07,8.642562024751255e-07,8.35236723730406e-07,1.0387217953557965e-06,8.067405551489059e-07,
HD82434,35,3.807477509564221,7667.504097066057,-0.046879577014528884,0.19045694774500802,0.19045694774500802,0.19045694774500802,0.19045694774500802,0.19045694774500802,0.19045694774500802,1.0,1.0,1.0,1.0,1.0,1.0,,3.658008792192442,4.007156278810511,3.6243249293724884,3.7135148445672947,3.1889673853477705,-0.017,-0.218,0.024,-0.035,0.258,8.885000524148769e-07,7.751726888751579e-07,8.825331000329964e-07,8.583314718844746e-07,1.062365651245367e-06,8.205036342910456e-07,
HD82434,36,3.913293409684073,7702.952360045874,-0.02598463855309019,0.19952700218847913,0.19952700218847913,0.19952700218847913,0.19952700218847913,0.19952700218847913,0.19952700218847913,1.0,1.0,1.0,1.0,1.0,1.0,,3.658233879888229,4.006025723351237,3.6248019610809035,3.717310995489032,3.190985213022314,-0.02,-0.223,0.021,-0.038,0.252,8.907737751328868e-07,7.795620433680637e-07,8.845862617916285e-07,8.577023034894299e-07,1.0662692613028796e-06,8.240467360739931e-07,
HD82434,37,3.581688234711507,7637.972721114758,0.031736172319354744,0.1910226588549655,0.1910226588549655,0.1910226588549655,0.1910226588549655,0.1910226588549655,0.1910226588549655,1.0,1.0,1.0,1.0,1.0,1.0,,3.6579782651802364,4.007796946047314,3.6226187980786055,3.711821308066578,3.1919984594413986,0.001,-0.196,0.040999999999999995,-0.02,0.27,8.739159555509862e-07,7.591755210846913e-07,8.701887321127116e-07,8.478762130431496e-07,1.0477594604455294e-06,8.050716948712093e-07,
HD82434,38,3.701735952594539,7666.647124503223,-0.046500932617929217,0.18097515516800491,0.18097515516800491,0.18097515516800491,0.18097515516800491,0.18097515516800491,0.18097515516800491,1.0,1.0,1.0,1.0,1.0,1.0,,3.657737449854298,4.005388361922089,3.6268571623169445,3.703477148679659,3.182982729539856,-0.011000000000000001,-0.207,0.028999999999999998,-0.03,0.259,8.838244154859839e-07,7.686092908744959e-07,8.764317653293931e-07,8.623232885992187e-07,1.067254225188824e-06,8.146953407190911e-07,
HD82434,39,3.747352594944655,7630.965588096923,-0.08493972690046424,0.2109465085327307,0.2109465085327307,0.2109465085327307,0.2109465085327307,0.2109465085327307,0.2109465085327307,1.0,1.0,1.0,1.0,1.0,1.0,,3.6573631239050086,4.007269397720783,3.623297679884385,3.7094538191998976,3.190151656023574,-0.017,-0.22,0.024,-0.036000000000000004,0.263,8.890285849591101e-07,7.765210185909448e-07,8.833684877444935e-07,8.623418177499996e-07,1.056331698243028e-06,8.21524045138211e-07,
HD82434,40,3.7185226751790608,7652.0961427486345,0.16813313228603094,0.21311424211673752,0.21311424211673752,0.21311424211673752,0.21311424211673752,0.21311424211673752,0.21311424211673752,1.0,1.0,1.0,1.0,1.0,1.0,,3.657912076286076,4.00252810200827,3.6246159657582644,3.7245028521955694,3.1935757101249322,0.004,-0.204,0.046,-0.016,0.27699999999999997,8.715576999925601e-07,7.685103730926838e-07,8.645987201805833e-07,8.349487786337532e-07,1.0395148326667195e-06,8.097293038526343e-07,
HD82434,41,3.934750664937017,7646.17696313765,-0.08570555874011422,0.24132895003198787,0.24132895003198787,0.24132895003198787,0.24132895003198787,0.24132895003198787,0.24132895003198787,1.0,1.0,1.0,1.0,1.0,1.0,,3.6578365126147467,4.00737386699543,3.624790780240951,3.7015653167255373,3.1903180437605028,-0.027000000000000003,-0.237,0.013999999999999999,-0.045,0.259,8.968635410297754e-07,7.88699249998029e-07,8.903169928818927e-07,8.758603128389683e-07,1.060068078993118e-06,8.319649664107274e-07,
HD82434,42,3.462780622193236,7597.854040025463,-0.07101802038610208,0.19586851451746767,0.19586851451746767,0.19586851451746767,0.19586851451746767,0.19586851451746767,0.19586851451746767,1.0,1.0,1.0,1.0,1.0,1.0,,3.6576348883865686,4.005775524214881,3.6217442254480163,3.7092894535176106,3.1912605585240432,-0.001,-0.19399999999999998,0.038,-0.022000000000000002,0.271,8.758041913756914e-07,7.591904999452715e-07,8.732996466956704e-07,8.514226380467436e-07,1.047506559558247e-06,8.058359765174394e-07,
HD82434,43,3.8181986581384098,7673.766703529731,0.19438650247244008,0.21670601647343524,0.21670601647343524,0.21670601647343524,0.21670601647343524,0.21670601647343524,0.21670601647343524,1.0,1.0,1.0,1.0,1.0,1.0,,3.6571956526762843,4.007424196969844,3.623852016380905,3.6984981291784718,3.1840198560224597,0.002,-0.209,0.044000000000000004,-0.018000000000000002,0.275,8.737409964928731e-07,7.685839231138987e-07,8.668025256676151e-07,8.567650124151951e-07,1.0506378250894946e-06,8.106467524654885e-07,
HD82434,44,3.7048966550189615,7671.978370134428,0.11389500709465362,0.2310230655228787,0.2310230655228787,0.2310230655228787,0.2310230655228787,0.2310230655228787,0.2310230655228787,1.0,1.0,1.0,1.0,1.0,1.0,,3.6581330827335528,4.00919677035036,3.62470938347709,3.700696602039568,3.1854915862311453,0.001,-0.2,0.042,-0.019,0.26899999999999996,8.737913508047135e-07,7.60995811615671e-07,8.677152321200174e-07,8.558198075801295e-07,1.0550288608591628e-06,8.06114027291288e-07,
HD82434,45,4.024924515696343,7634.01205313886,-0.12454903055378985,0.22786956868523262,0.22786956868523262,0.22786956868523262,0.22786956868523262,0.22786956868523262,0.22786956868523262,1.0,1.0,1.0,1.0,1.0,1.0,,3.6575596125320926,4.005589748795303,3.620850438167244,3.711988269799397,3.1795673227698997,-0.035,-0.251,0.006,-0.053,0.258,9.037267337436106e-07,8.002488802338271e-07,9.001622569322831e-07,8.739079028066878e-07,1.0716033078547662e-06,8.416400216377406e-07,
HD82434,46,3.9330576471298357,7583.423852639315,0.014479113137280324,0.2287974120949443,0.2287974120949443,0.2287974120949443,0.2287974120949443,0.2287974120949443,0.2287974120949443,1.0,1.0,1.0,1.0,1.0,1.0,,3.6580138897045087,4.006187498623168,3.619607248358585,3.7160384541425295,3.1868082545705874,-0.021,-0.245,0.021,-0.040999999999999995,0.278,8.917752578521234e-07,7.954007116006173e-07,8.888287120814042e-07,8.610841455338103e-07,1.0450514515391518e-06,8.339505301012198e-07,
HD82434,47,3.7891607305233763,7615.165261490048,-0.1255377037420998,0.22505036823411262,0.22505036823411262,0.22505036823411262,0.22505036823411262,0.22505036823411262,0.22505036823411262,1.0,1.0,1.0,1.0,1.0,1.0,,3.657209893149122,4.005780329081897,3.6261263033237867,3.7117697138025534,3.1757488123889646,-0.022000000000000002,-0.22899999999999998,0.018000000000000002,-0.040999999999999995,0.263,8.932582117572598e-07,7.840591781448912e-07,8.859525312689562e-07,8.644762954606213e-07,1.070437831789184e-06,8.277387915898387e-07,
HD82434,48,3.734441811008737,7585.991333609452,0.06893400329944357,0.22443870764706184,0.22443870764706184,0.22443870764706184,0.22443870764706184,0.22443870764706184,0.22443870764706184,1.0,1.0,1.0,1.0,1.0,1.0,,3.6576315801887334,4.007595939065429,3.6268775750551576,3.6996857404567756,3.1793690677860273,-0.006,-0.222,0.036000000000000004,-0.027000000000000003,0.28300000000000003,8.798494007123391e-07,7.777188028940989e-07,8.70783005509566e-07,8.62952077178239e-07,1.0474018762258194e-06,8.185710420213949e-07,
HD82434,49,3.801318166232845,7649.884860805646,0.16059426243958044,0.22245561903575137,0.22245561903575137,0.22245561903575137,0.22245561903575137,0.22245561903575137,0.22245561903575137,1.0,1.0,1.0,1.0,1.0,1.0,,3.657522761113547,4.006633740509404,3.621065953536623,3.6928970300355117,3.1887269765461985,-0.001,-0.213,0.040999999999999995,-0.021,0.27699999999999997,8.758946430030845e-07,7.719825408284101e-07,8.71434186197243e-07,8.635791784612726e-07,1.04416752998102e-06,8.135473816982798e-07,
HD61421,0,3.942039843290151,,0.0002594302718696498,,,,,,,1.0,1.0,1.0,1.0,1.0,1.0,3.5166681520607144,,,,,,-0.017,-0.177,0.02,-0.031,0.192,,,,,,,
HD61421,1,4.613124831391068,,-0.0990203792767186,,,,,,,1.0,1.0,1.0,1.0,1.0,1.0,3.508496571654967,,,,,,-0.065,-0.262,-0.023,-0.075,0.185,,,,,,,
HD61421,2,3.656832522801629,,-0.19888215246664676,,,,,,,1.0,1.0,1.0,1.0,1.0,1.0,3.510740202438237,,,,,,-0.013999999999999999,-0.14800000000000002,0.019,-0.027999999999999997,0.18,,,,,,,
HD61421,3,4.440013914802876,,-0.01918054190254602,,,,,,,1.0,1.0,1.0,1.0,1.0,1.0,3.5050024057449614,,,,,,-0.048,-0.23800000000000002,-0.006999999999999999,-0.06,0.191,,,,,,,
HD61421,4,4.23210506151177,,0.010875046402274957,,,,,,,1.0,1.0,1.0,1.0,1.0,1.0,3.5177018821629567,,,,,,-0.033,-0.212,0.006999999999999999,-0.046,0.193,,,,,,,
HD61421,5,4.073361481541673,,0.030709819971988878,,,,,,,1.0,1.0,1.0,1.0,1.0,1.0,3.4976050517366883,,,,,,-0.022000000000000002,-0.192,0.016,-0.036000000000000004,0.19399999999999998,,,,,,,
HD61421,6,3.7592326121687676,,-0.008319763104037254,,,,,,,1.0,1.0,1.0,1.0,1.0,1.0,3.523614099998963,,,,,,-0.008,-0.154,0.027000000000000003,-0.022000000000000002,0.191,,,,,,,
HD61421,7,4.291110040560444,,0.13652882511691988,,,,,,,1.0,1.0,1.0,1.0,1.0,1.0,3.523874489222392,,,,,,-0.027000000000000003,-0.213,0.013999999999999999,-0.04,0.20199999999999999,,,,,,,
HD61421,8,4.280268015607736,,-0.003828110649928128,,,,,,,1.0,1.0,1.0,1.0,1.0,1.0,3.536701484524449,,,,,,-0.037000000000000005,-0.218,0.003,-0.05,0.192,,,,,,,
HD61421,9,4.3481172889002915,,0.140912744428592,,,,,,,1.0,1.0,1.0,1.0,1.0,1.0,3.5055089374511974,,,,,,-0.028999999999999998,-0.21899999999999997,0.012,-0.043,0.203,,,,,,,
HD61421,10,3.8535776391549534,,-0.02424138217476632,,,,,,,1.0,1.0,1.0,1.0,1.0,1.0,3.524710661844357,,,,,,-0.013999999999999999,-0.16699999999999998,0.022000000000000002,-0.027999999999999997,0.19,,,,,,,
HD61421,11,4.244887655094315,,-0.03622759777753007,,,,,,,1.0,1.0,1.0,1.0,1.0,1.0,3.511829307319419,,,,,,-0.037000000000000005,-0.21600000000000003,0.002,-0.05,0.19,,,,,,,
HD61421,12,4.3574145353871465,,-0.045755314172048235,,,,,,,1.0,1.0,1.0,1.0,1.0,1.0,3.5139764713801527,,,,,,-0.045,-0.23,-0.004,-0.057,0.18899999999999997,,,,,,,
HD61421,13,4.0465439481950245,,0.023626559516577054,,,,,,,1.0,1.0,1.0,1.0,1.0,1.0,3.507077845120118,,,,,,-0.021,-0.18899999999999997,0.017,-0.035,0.19399999999999998,,,,,,,
HD61421,14,4.3199549525712015,,0.10796073463001786,,,,,,,1.0,1.0,1.0,1.0,1.0,1.0,3.5066854471602227,,,,,,-0.031,-0.217,0.01,-0.044000000000000004,0.2,,,,,,,
HD61421,15,4.553390821252151,,0.04609568373945562,,,,,,,1.0,1.0,1.0,1.0,1.0,1.0,3.5159322230059242,,,,,,-0.049,-0.248,-0.008,-0.061,0.196,,,,,,,
HD61421,16,4.200002505784961,,-0.0664158777604096,,,,,,,1.0,1.0,1.0,1.0,1.0,1.0,3.4986874027006287,,,,,,-0.037000000000000005,-0.212,0.003,-0.05,0.188,,,,,,,
HD61421,17,3.845553711697329,,0.1794602706417879,,,,,,,1.0,1.0,1.0,1.0,1.0,1.0,3.5152847958434448,,,,,,0.001,-0.157,0.038,-0.013999999999999999,0.203,,,,,,,
HD61421,18,4.110380830235884,,-0.02409717001243742,,,,,,,1.0,1.0,1.0,1.0,1.0,1.0,3.52673551766462,,,,,,-0.027999999999999997,-0.19899999999999998,0.01,-0.042,0.191,,,,,,,
HD61421,19,4.113555862768249,,0.03789026016950906,,,,,,,1.0,1.0,1.0,1.0,1.0,1.0,3.530156748632322,,,,,,-0.024,-0.196,0.015,-0.038,0.195,,,,,,,
HD61421,20,4.255627040633253,,-0.035329543373701595,,,,,,,1.0,1.0,1.0,1.0,1.0,1.0,3.5388376972628133,,,,,,-0.038,-0.217,0.002,-0.051,0.19,,,,,,,
HD61421,21,4.001558941396548,,-0.07734741634566104,,,,,,,1.0,1.0,1.0,1.0,1.0,1.0,3.5093269615488656,,,,,,-0.026000000000000002,-0.188,0.012,-0.039,0.187,,,,,,,
HD61421,22,4.025596037789455,,0.16531326364582058,,,,,,,1.0,1.0,1.0,1.0,1.0,1.0,3.5256123496864524,,,,,,-0.01,-0.18,0.028999999999999998,-0.024,0.203,,,,,,,
HD61421,23,4.104648519017778,,-0.12425420680337172,,,,,,,1.0,1.0,1.0,1.0,1.0,1.0,3.509363014687239,,,,,,-0.035,-0.20199999999999999,0.003,-0.048,0.185,,,,,,,
HD61421,24,4.387853370000742,,0.08586854583252077,,,,,,,1.0,1.0,1.0,1.0,1.0,1.0,3.5520630935067996,,,,,,-0.036000000000000004,-0.226,0.005,-0.049,0.19899999999999998,,,,,,,
HD61421,25,4.2577111949321855,,0.03865677508217125,,,,,,,1.0,1.0,1.0,1.0,1.0,1.0,3.4796993287881257,,,,,,-0.033,-0.214,0.008,-0.046,0.195,,,,,,,
HD61421,26,4.129187897119415,,-0.09918252638699473,,,,,,,1.0,1.0,1.0,1.0,1.0,1.0,3.498599670499048,,,,,,-0.035,-0.204,0.004,-0.048,0.18600000000000003,,,,,,,
HD61421,27,4.519134285717445,,0.18268600870927645,,,,,,,1.0,1.0,1.0,1.0,1.0,1.0,3.524878920081741,,,,,,-0.036000000000000004,-0.23600000000000002,0.006999999999999999,-0.048,0.20600000000000002,,,,,,,
HD61421,28,4.257216309576787,,0.12444043898029465,,,,,,,1.0,1.0,1.0,1.0,1.0,1.0,3.506348316386884,,,,,,-0.026000000000000002,-0.209,0.015,-0.039,0.201,,,,,,,
HD61421,29,4.143372415621419,,0.12625993298228588,,,,,,,1.0,1.0,1.0,1.0,1.0,1.0,3.5214740127488513,,,,,,-0.019,-0.196,0.02,-0.033,0.201,,,,,,,
HD61421,30,3.996842600782731,,0.13548133021492328,,,,,,,1.0,1.0,1.0,1.0,1.0,1.0,3.499535906606358,,,,,,-0.01,-0.17800000000000002,0.027999999999999997,-0.025,0.201,,,,,,,
HD61421,31,4.074377995779197,,-0.18089077294069245,,,,,,,1.0,1.0,1.0,1.0,1.0,1.0,3.5130118599632723,,,,,,-0.036000000000000004,-0.201,0.001,-0.05,0.182,,,,,,,
HD61421,32,3.8785170240412428,,-0.14042278968690752,,,,,,,1.0,1.0,1.0,1.0,1.0,1.0,3.5147157300520444,,,,,,-0.023,-0.175,0.013000000000000001,-0.036000000000000004,0.184,,,,,,,
HD61421,33,4.3710285370929585,,-0.09552247961481082,,,,,,,1.0,1.0,1.0,1.0,1.0,1.0,3.5207790083408077,,,,,,-0.049,-0.233,-0.009000000000000001,-0.061,0.18600000000000003,,,,,,,
HD61421,34,4.304740429710485,,0.04883070211860418,,,,,,,1.0,1.0,1.0,1.0,1.0,1.0,3.5092088441495,,,,,,-0.034,-0.21899999999999997,0.006,-0.047,0.196,,,,,,,
HD61421,35,4.0343731348141905,,-0.04651900756103745,,,,,,,1.0,1.0,1.0,1.0,1.0,1.0,3.520682141706466,,,,,,-0.026000000000000002,-0.19,0.012,-0.039,0.18899999999999997,,,,,,,
HD61421,36,4.0799530482476065,,-0.1413478955218917,,,,,,,1.0,1.0,1.0,1.0,1.0,1.0,3.520347572945942,,,,,,-0.034,-0.2,0.004,-0.048,0.184,,,,,,,
HD61421,37,4.465578513743745,,0.07527493609757997,,,,,,,1.0,1.0,1.0,1.0,1.0,1.0,3.5521985733682477,,,,,,-0.042,-0.23600000000000002,-0.0,-0.054000000000000006,0.198,,,,,,,
HD61421,38,4.493424169542415,,-0.19361161097518442,,,,,,,1.0,1.0,1.0,1.0,1.0,1.0,3.5000740989299546,,,,,,-0.064,-0.252,-0.023,-0.075,0.18,,,,,,,
HD61421,39,4.286624040226064,,-0.012654727314151766,,,,,,,1.0,1.0,1.0,1.0,1.0,1.0,3.538141285105169,,,,,,-0.038,-0.22,0.002,-0.051,0.192,,,,,,,
HD61421,40,3.8043335438665355,,0.01749186653427086,,,,,,,1.0,1.0,1.0,1.0,1.0,1.0,3.5005207512842373,,,,,,-0.009000000000000001,-0.159,0.027000000000000003,-0.023,0.192,,,,,,,
HD61421,41,4.23198912611229,,0.04553342879601894,,,,,,,1.0,1.0,1.0,1.0,1.0,1.0,3.52464244988559,,,,,,-0.03,-0.21,0.009000000000000001,-0.044000000000000004,0.196,,,,,,,
HD61421,42,4.448138363377244,,-0.028154487839917502,,,,,,,1.0,1.0,1.0,1.0,1.0,1.0,3.528868773051948,,,,,,-0.049,-0.239,-0.008,-0.061,0.19,,,,,,,
HD61421,43,4.334717211019056,,0.08289454573077752,,,,,,,1.0,1.0,1.0,1.0,1.0,1.0,3.4946280177265643,,,,,,-0.034,-0.22,0.006999999999999999,-0.046,0.198,,,,,,,
HD61421,44,4.30597305488607,,-0.009996493013875415,,,,,,,1.0,1.0,1.0,1.0,1.0,1.0,3.5266166460050274,,,,,,-0.039,-0.222,0.001,-0.052000000000000005,0.192,,,,,,,
HD61421,45,4.1564155206964895,,0.16129748454596193,,,,,,,1.0,1.0,1.0,1.0,1.0,1.0,3.528524983369917,,,,,,-0.017,-0.195,0.023,-0.031,0.204,,,,,,,
HD61421,46,4.437887282371137,,0.12666601632922886,,,,,,,1.0,1.0,1.0,1.0,1.0,1.0,3.556167705802292,,,,,,-0.036000000000000004,-0.23,0.006,-0.048,0.20199999999999999,,,,,,,
HD61421,47,4.3108912728323485,,0.14910129037126715,,,,,,,1.0,1.0,1.0,1.0,1.0,1.0,3.5200025287301715,,,,,,-0.027000000000000003,-0.214,0.013999999999999999,-0.04,0.203,,,,,,,
HD61421,48,4.207243863684933,,0.17572782409372667,,,,,,,1.0,1.0,1.0,1.0,1.0,1.0,3.495000516924612,,,,,,-0.019,-0.201,0.022000000000000002,-0.032,0.205,,,,,,,
HD61421,49,4.368704769428165,,-0.06587544702779122,,,,,,,1.0,1.0,1.0,1.0,1.0,1.0,3.5354628975577063,,,,,,-0.047,-0.23199999999999998,-0.006999999999999999,-0.059000000000000004,0.188,,,,,,,
