LDD_FIT,bootstrap,finite,star
1.0129976261502067,0,True,"('ksi_Gem', 'faint', 106)"
0.9815498416170375,1,True,"('ksi_Gem', 'faint', 106)"
1.004132846207171,2,True,"('ksi_Gem', 'faint', 106)"
1.0006896508446892,3,True,"('ksi_Gem', 'faint', 106)"
1.004834786807732,4,True,"('ksi_Gem', 'faint', 106)"
0.9614340806428571,5,True,"('ksi_Gem', 'faint', 106)"
1.0132519195640588,6,True,"('ksi_Gem', 'faint', 106)"
0.9887444140365652,7,True,"('ksi_Gem', 'faint', 106)"
0.9653456374950851,8,True,"('ksi_Gem', 'faint', 106)"
0.986116216292067,9,True,"('ksi_Gem', 'faint', 106)"
0.979650762392911,10,True,"('ksi_Gem', 'faint', 106)"
0.9896304710640942,11,True,"('ksi_Gem', 'faint', 106)"
0.9676706788812002,12,True,"('ksi_Gem', 'faint', 106)"
0.9914485036273141,13,True,"('ksi_Gem', 'faint', 106)"
0.9677561287009001,14,True,"('ksi_Gem', 'faint', 106)"
0.9859854404902751,15,True,"('ksi_Gem', 'faint', 106)"
0.9509157288942333,16,True,"('ksi_Gem', 'faint', 106)"
0.9716891020973004,17,True,"('ksi_Gem', 'faint', 106)"
0.9646237651744891,18,True,"('ksi_Gem', 'faint', 106)"
0.953916119761182,19,True,"('ksi_Gem', 'faint', 106)"
0.9538580355047297,20,True,"('ksi_Gem', 'faint', 106)"
0.9719698434492003,21,True,"('ksi_Gem', 'faint', 106)"
0.9935121941558225,22,True,"('ksi_Gem', 'faint', 106)"
0.9706533097444743,23,True,"('ksi_Gem', 'faint', 106)"
1.0001362784066625,24,True,"('ksi_Gem', 'faint', 106)"
0.9743902304764582,25,True,"('ksi_Gem', 'faint', 106)"
0.9820186722349653,26,True,"('ksi_Gem', 'faint', 106)"
0.9743462889779475,27,True,"('ksi_Gem', 'faint', 106)"
0.9792653097236013,28,True,"('ksi_Gem', 'faint', 106)"
0.9665404954863576,29,True,"('ksi_Gem', 'faint', 106)"
0.9972487298375433,30,True,"('ksi_Gem', 'faint', 106)"
1.0193508346823168,31,True,"('ksi_Gem', 'faint', 106)"
0.9866264619285232,32,True,"('ksi_Gem', 'faint', 106)"
0.9917497555249921,33,True,"('ksi_Gem', 'faint', 106)"
1.0180725258759569,34,True,"('ksi_Gem', 'faint', 106)"
0.981193682213278,35,True,"('ksi_Gem', 'faint', 106)"
1.005703854800577,36,True,"('ksi_Gem', 'faint', 106)"
0.994153255048051,37,True,"('ksi_Gem', 'faint', 106)"
0.9899743068242971,38,True,"('ksi_Gem', 'faint', 106)"
1.0040387399364388,39,True,"('ksi_Gem', 'faint', 106)"
0.978157636241498,40,True,"('ksi_Gem', 'faint', 106)"
0.978406136782962,41,True,"('ksi_Gem', 'faint', 106)"
0.9967959202177527,42,True,"('ksi_Gem', 'faint', 106)"
0.9960525337173018,43,True,"('ksi_Gem', 'faint', 106)"
1.0003270925541665,44,True,"('ksi_Gem', 'faint', 106)"
0.9659304830975621,45,True,"('ksi_Gem', 'faint', 106)"
0.9885065914563838,46,True,"('ksi_Gem', 'faint', 106)"
0.9826291436564899,47,True,"('ksi_Gem', 'faint', 106)"
0.9831608491115764,48,True,"('ksi_Gem', 'faint', 106)"
0.9872311986503917,49,True,"('ksi_Gem', 'faint', 106)"
0.9851035034512009,50,True,"('ksi_Gem', 'faint', 106)"
0.9688048563567416,51,True,"('ksi_Gem', 'faint', 106)"
0.9783703988051714,52,True,"('ksi_Gem', 'faint', 106)"
0.9326855883755274,53,True,"('ksi_Gem', 'faint', 106)"
1.0334386037480658,54,True,"('ksi_Gem', 'faint', 106)"
0.9783923594201254,55,True,"('ksi_Gem', 'faint', 106)"
0.9974095382988757,56,True,"('ksi_Gem', 'faint', 106)"
0.9703139084925418,57,True,"('ksi_Gem', 'faint', 106)"
1.020154945294522,58,True,"('ksi_Gem', 'faint', 106)"
0.9928050912323229,59,True,"('ksi_Gem', 'faint', 106)"
0.99393992388665,60,True,"('ksi_Gem', 'faint', 106)"
1.009882619603679,61,True,"('ksi_Gem', 'faint', 106)"
0.9820836276087906,62,True,"('ksi_Gem', 'faint', 106)"
0.9902727447883178,63,True,"('ksi_Gem', 'faint', 106)"
0.9787605140714098,64,True,"('ksi_Gem', 'faint', 106)"
0.9696369202958983,65,True,"('ksi_Gem', 'faint', 106)"
0.9953199700360047,66,True,"('ksi_Gem', 'faint', 106)"
0.9931594318424255,67,True,"('ksi_Gem', 'faint', 106)"
0.955038153194012,68,True,"('ksi_Gem', 'faint', 106)"
1.004499161846527,69,True,"('ksi_Gem', 'faint', 106)"
0.9747294659412284,70,True,"('ksi_Gem', 'faint', 106)"
0.9844494567796461,71,True,"('ksi_Gem', 'faint', 106)"
1.001345268262247,72,True,"('ksi_Gem', 'faint', 106)"
0.9699095268316189,73,True,"('ksi_Gem', 'faint', 106)"
0.9949975699495285,74,True,"('ksi_Gem', 'faint', 106)"
0.9797084125506328,75,True,"('ksi_Gem', 'faint', 106)"
0.9786208045570671,76,True,"('ksi_Gem', 'faint', 106)"
0.9751715287210593,77,True,"('ksi_Gem', 'faint', 106)"
0.9807372854205806,78,True,"('ksi_Gem', 'faint', 106)"
0.9560627444018317,79,True,"('ksi_Gem', 'faint', 106)"
0.9690077538782895,80,True,"('ksi_Gem', 'faint', 106)"
0.9424302924369566,81,True,"('ksi_Gem', 'faint', 106)"
0.9789585705039306,82,True,"('ksi_Gem', 'faint', 106)"
0.9584254604179134,83,True,"('ksi_Gem', 'faint', 106)"
1.0139865753300599,84,True,"('ksi_Gem', 'faint', 106)"
0.9852106140143887,85,True,"('ksi_Gem', 'faint', 106)"
0.99583221085399,86,True,"('ksi_Gem', 'faint', 106)"
1.0027405414436668,87,True,"('ksi_Gem', 'faint', 106)"
0.9880531696511833,88,True,"('ksi_Gem', 'faint', 106)"
0.9755530968284064,89,True,"('ksi_Gem', 'faint', 106)"
0.9645766833507841,90,True,"('ksi_Gem', 'faint', 106)"
0.9608022934545504,91,True,"('ksi_Gem', 'faint', 106)"
0.988426817783976,92,True,"('ksi_Gem', 'faint', 106)"
0.9997080440950684,93,True,"('ksi_Gem', 'faint', 106)"
0.9854946751459736,94,True,"('ksi_Gem', 'faint', 106)"
0.9829213894375719,95,True,"('ksi_Gem', 'faint', 106)"
0.9955015566122745,96,True,"('ksi_Gem', 'faint', 106)"
0.984642388183412,97,True,"('ksi_Gem', 'faint', 106)"
0.9655701681727639,98,True,"('ksi_Gem', 'faint', 106)"
0.9934997791799806,99,True,"('ksi_Gem', 'faint', 106)"
0.9881387573370994,100,True,"('ksi_Gem', 'faint', 106)"
0.9849705566075133,101,True,"('ksi_Gem', 'faint', 106)"
0.9928415043280321,102,True,"('ksi_Gem', 'faint', 106)"
0.9614667376283689,103,True,"('ksi_Gem', 'faint', 106)"
0.9807434747568321,104,True,"('ksi_Gem', 'faint', 106)"
0.9810418219292462,105,True,"('ksi_Gem', 'faint', 106)"
0.9850869863969549,106,True,"('ksi_Gem', 'faint', 106)"
0.9405285093717607,107,True,"('ksi_Gem', 'faint', 106)"
0.985442066038536,108,True,"('ksi_Gem', 'faint', 106)"
0.9845898033750352,109,True,"('ksi_Gem', 'faint', 106)"
0.9787298807174787,110,True,"('ksi_Gem', 'faint', 106)"
0.9850669375889796,111,True,"('ksi_Gem', 'faint', 106)"
0.9876954077964535,112,True,"('ksi_Gem', 'faint', 106)"
1.0216179982486702,113,True,"('ksi_Gem', 'faint', 106)"
1.0108542444026352,114,True,"('ksi_Gem', 'faint', 106)"
1.0134891465679092,115,True,"('ksi_Gem', 'faint', 106)"
0.9539964158623562,116,True,"('ksi_Gem', 'faint', 106)"
0.9652040639703064,117,True,"('ksi_Gem', 'faint', 106)"
1.0098346611811027,118,True,"('ksi_Gem', 'faint', 106)"
0.9848300301381606,119,True,"('ksi_Gem', 'faint', 106)"
0.99398930542862,120,True,"('ksi_Gem', 'faint', 106)"
0.9552787953375571,121,True,"('ksi_Gem', 'faint', 106)"
0.9951751912654054,122,True,"('ksi_Gem', 'faint', 106)"
0.9735208444585824,123,True,"('ksi_Gem', 'faint', 106)"
1.0001738935239644,124,True,"('ksi_Gem', 'faint', 106)"
1.008849314553532,125,True,"('ksi_Gem', 'faint', 106)"
0.9925418557997315,126,True,"('ksi_Gem', 'faint', 106)"
0.9986647134122132,127,True,"('ksi_Gem', 'faint', 106)"
0.9458505177236585,128,True,"('ksi_Gem', 'faint', 106)"
1.0045544403693585,129,True,"('ksi_Gem', 'faint', 106)"
0.970630436373383,130,True,"('ksi_Gem', 'faint', 106)"
1.009613148562816,131,True,"('ksi_Gem', 'faint', 106)"
0.9863762206115916,132,True,"('ksi_Gem', 'faint', 106)"
0.9664224587394782,133,True,"('ksi_Gem', 'faint', 106)"
1.0068976182805411,134,True,"('ksi_Gem', 'faint', 106)"
0.9908371088843417,135,True,"('ksi_Gem', 'faint', 106)"
1.005398808783875,136,True,"('ksi_Gem', 'faint', 106)"
0.9660090508796382,137,True,"('ksi_Gem', 'faint', 106)"
0.9578471083936559,138,True,"('ksi_Gem', 'faint', 106)"
1.0100298468650342,139,True,"('ksi_Gem', 'faint', 106)"
0.9760592263414165,140,True,"('ksi_Gem', 'faint', 106)"
0.9758443586956962,141,True,"('ksi_Gem', 'faint', 106)"
0.9718746451675275,142,True,"('ksi_Gem', 'faint', 106)"
0.9862760625438836,143,True,"('ksi_Gem', 'faint', 106)"
1.0048115323351985,144,True,"('ksi_Gem', 'faint', 106)"
0.9725133486308263,145,True,"('ksi_Gem', 'faint', 106)"
0.9857963200713786,146,True,"('ksi_Gem', 'faint', 106)"
0.9804065937845434,147,True,"('ksi_Gem', 'faint', 106)"
0.9610124750827765,148,True,"('ksi_Gem', 'faint', 106)"
0.9969521860475572,149,True,"('ksi_Gem', 'faint', 106)"
0.9737786980787663,150,True,"('ksi_Gem', 'faint', 106)"
0.984984247084802,151,True,"('ksi_Gem', 'faint', 106)"
1.021202930074593,152,True,"('ksi_Gem', 'faint', 106)"
1.0123009521701887,153,True,"('ksi_Gem', 'faint', 106)"
1.0089302811027723,154,True,"('ksi_Gem', 'faint', 106)"
0.979672675925128,155,True,"('ksi_Gem', 'faint', 106)"
1.0155480042499323,156,True,"('ksi_Gem', 'faint', 106)"
0.992268591469567,157,True,"('ksi_Gem', 'faint', 106)"
0.9470895426411607,158,True,"('ksi_Gem', 'faint', 106)"
0.9936970419609287,159,True,"('ksi_Gem', 'faint', 106)"
0.9748801973391374,160,True,"('ksi_Gem', 'faint', 106)"
0.9930409495251172,161,True,"('ksi_Gem', 'faint', 106)"
0.9694055006423572,162,True,"('ksi_Gem', 'faint', 106)"
0.9698903390943235,163,True,"('ksi_Gem', 'faint', 106)"
0.9892792696107517,164,True,"('ksi_Gem', 'faint', 106)"
0.9794163910844356,165,True,"('ksi_Gem', 'faint', 106)"
0.9603602333927141,166,True,"('ksi_Gem', 'faint', 106)"
0.9722041992121072,167,True,"('ksi_Gem', 'faint', 106)"
0.9974567261978143,168,True,"('ksi_Gem', 'faint', 106)"
0.9752049674138945,169,True,"('ksi_Gem', 'faint', 106)"
0.9842049998647588,170,True,"('ksi_Gem', 'faint', 106)"
0.9791383353283929,171,True,"('ksi_Gem', 'faint', 106)"
0.9913815386934778,172,True,"('ksi_Gem', 'faint', 106)"
0.9584142325677972,173,True,"('ksi_Gem', 'faint', 106)"
0.996860705725992,174,True,"('ksi_Gem', 'faint', 106)"
0.9831202845644298,175,True,"('ksi_Gem', 'faint', 106)"
1.000431609974152,176,True,"('ksi_Gem', 'faint', 106)"
0.9742631708032625,177,True,"('ksi_Gem', 'faint', 106)"
0.962099012172765,178,True,"('ksi_Gem', 'faint', 106)"
0.9618379521929324,179,True,"('ksi_Gem', 'faint', 106)"
0.9841898453787857,180,True,"('ksi_Gem', 'faint', 106)"
0.9938970576246294,181,True,"('ksi_Gem', 'faint', 106)"
0.9956461509959067,182,True,"('ksi_Gem', 'faint', 106)"
0.9772696632137967,183,True,"('ksi_Gem', 'faint', 106)"
1.0173899541944544,184,True,"('ksi_Gem', 'faint', 106)"
0.9661185056229766,185,True,"('ksi_Gem', 'faint', 106)"
0.9814359965686643,186,True,"('ksi_Gem', 'faint', 106)"
0.9921294736964192,187,True,"('ksi_Gem', 'faint', 106)"
0.9713373245758455,188,True,"('ksi_Gem', 'faint', 106)"
1.0107919486951382,189,True,"('ksi_Gem', 'faint', 106)"
0.9554024881268208,190,True,"('ksi_Gem', 'faint', 106)"
0.9867182743539679,191,True,"('ksi_Gem', 'faint', 106)"
0.948250734402342,192,True,"('ksi_Gem', 'faint', 106)"
0.9903221548323988,193,True,"('ksi_Gem', 'faint', 106)"
1.0119258173254648,194,True,"('ksi_Gem', 'faint', 106)"
0.9957529802464251,195,True,"('ksi_Gem', 'faint', 106)"
1.0007425058681803,196,True,"('ksi_Gem', 'faint', 106)"
1.0179889891570746,197,True,"('ksi_Gem', 'faint', 106)"
0.9693322219195699,198,True,"('ksi_Gem', 'faint', 106)"
0.9310964100558786,199,True,"('ksi_Gem', 'faint', 106)"
0.955926607614948,200,True,"('ksi_Gem', 'faint', 106)"
1.003255799091837,201,True,"('ksi_Gem', 'faint', 106)"
0.9809438363203077,202,True,"('ksi_Gem', 'faint', 106)"
1.0027730819729148,203,True,"('ksi_Gem', 'faint', 106)"
0.9734787694541854,204,True,"('ksi_Gem', 'faint', 106)"
0.9897797454962168,205,True,"('ksi_Gem', 'faint', 106)"
0.9782152878359257,206,True,"('ksi_Gem', 'faint', 106)"
0.9773345265403457,207,True,"('ksi_Gem', 'faint', 106)"
1.0142134707868056,208,True,"('ksi_Gem', 'faint', 106)"
0.9940346696406576,209,True,"('ksi_Gem', 'faint', 106)"
0.9810131800532798,210,True,"('ksi_Gem', 'faint', 106)"
0.9737147510308874,211,True,"('ksi_Gem', 'faint', 106)"
1.0218636970230144,212,True,"('ksi_Gem', 'faint', 106)"
0.9904765797392662,213,True,"('ksi_Gem', 'faint', 106)"
0.9839737187363741,214,True,"('ksi_Gem', 'faint', 106)"
0.98700647752627,215,True,"('ksi_Gem', 'faint', 106)"
0.9764308198362809,216,True,"('ksi_Gem', 'faint', 106)"
1.000028235814118,217,True,"('ksi_Gem', 'faint', 106)"
0.9723982110169592,218,True,"('ksi_Gem', 'faint', 106)"
0.9845256836718309,219,True,"('ksi_Gem', 'faint', 106)"
0.9819076972900247,220,True,"('ksi_Gem', 'faint', 106)"
0.9841836676214375,221,True,"('ksi_Gem', 'faint', 106)"
1.0102261123434626,222,True,"('ksi_Gem', 'faint', 106)"
0.960244824942919,223,True,"('ksi_Gem', 'faint', 106)"
1.0029170463712678,224,True,"('ksi_Gem', 'faint', 106)"
0.9740315027518404,225,True,"('ksi_Gem', 'faint', 106)"
1.0068068433553206,226,True,"('ksi_Gem', 'faint', 106)"
1.007514953156405,227,True,"('ksi_Gem', 'faint', 106)"
0.9473870588322463,228,True,"('ksi_Gem', 'faint', 106)"
1.000867773648803,229,True,"('ksi_Gem', 'faint', 106)"
0.9701281821488267,230,True,"('ksi_Gem', 'faint', 106)"
1.0068904772142182,231,True,"('ksi_Gem', 'faint', 106)"
0.9852644275554526,232,True,"('ksi_Gem', 'faint', 106)"
0.9850593595829367,233,True,"('ksi_Gem', 'faint', 106)"
0.987122892634019,234,True,"('ksi_Gem', 'faint', 106)"
1.0024627227832226,235,True,"('ksi_Gem', 'faint', 106)"
1.0162042570353431,236,True,"('ksi_Gem', 'faint', 106)"
0.9930846603453121,237,True,"('ksi_Gem', 'faint', 106)"
1.023229114359836,238,True,"('ksi_Gem', 'faint', 106)"
0.9725164933976528,239,True,"('ksi_Gem', 'faint', 106)"
0.9995010674021076,240,True,"('ksi_Gem', 'faint', 106)"
0.9456817754043325,241,True,"('ksi_Gem', 'faint', 106)"
1.007123503052069,242,True,"('ksi_Gem', 'faint', 106)"
0.9960127928532153,243,True,"('ksi_Gem', 'faint', 106)"
0.9818335836300766,244,True,"('ksi_Gem', 'faint', 106)"
1.0088713788723567,245,True,"('ksi_Gem', 'faint', 106)"
0.9960651774086039,246,True,"('ksi_Gem', 'faint', 106)"
1.0023815019605595,247,True,"('ksi_Gem', 'faint', 106)"
1.0052685731168796,248,True,"('ksi_Gem', 'faint', 106)"
0.9766828949096011,249,True,"('ksi_Gem', 'faint', 106)"
0.9885949396063952,250,True,"('ksi_Gem', 'faint', 106)"
0.9786430592385101,251,True,"('ksi_Gem', 'faint', 106)"
0.9842206252040638,252,True,"('ksi_Gem', 'faint', 106)"
0.973465660496633,253,True,"('ksi_Gem', 'faint', 106)"
0.9988077108554827,254,True,"('ksi_Gem', 'faint', 106)"
0.9982427605088806,255,True,"('ksi_Gem', 'faint', 106)"
0.9820921803468127,256,True,"('ksi_Gem', 'faint', 106)"
1.0146306350292988,257,True,"('ksi_Gem', 'faint', 106)"
0.9823176747547557,258,True,"('ksi_Gem', 'faint', 106)"
0.9932225901205062,259,True,"('ksi_Gem', 'faint', 106)"
0.9803494607920468,260,True,"('ksi_Gem', 'faint', 106)"
0.9940136750015107,261,True,"('ksi_Gem', 'faint', 106)"
0.9811984107092333,262,True,"('ksi_Gem', 'faint', 106)"
0.9942425650427166,263,True,"('ksi_Gem', 'faint', 106)"
0.9903978442424612,264,True,"('ksi_Gem', 'faint', 106)"
0.9996801251670427,265,True,"('ksi_Gem', 'faint', 106)"
0.9752000064984351,266,True,"('ksi_Gem', 'faint', 106)"
0.9724856437759329,267,True,"('ksi_Gem', 'faint', 106)"
0.9968595117898913,268,True,"('ksi_Gem', 'faint', 106)"
0.9812033869752164,269,True,"('ksi_Gem', 'faint', 106)"
1.0027346360004399,270,True,"('ksi_Gem', 'faint', 106)"
0.9895293415439478,271,True,"('ksi_Gem', 'faint', 106)"
0.9872067717525931,272,True,"('ksi_Gem', 'faint', 106)"
0.9878248877210235,273,True,"('ksi_Gem', 'faint', 106)"
0.9891391001578009,274,True,"('ksi_Gem', 'faint', 106)"
0.9939636392222073,275,True,"('ksi_Gem', 'faint', 106)"
0.9696748809138853,276,True,"('ksi_Gem', 'faint', 106)"
0.9508911946660535,277,True,"('ksi_Gem', 'faint', 106)"
0.963385521923087,278,True,"('ksi_Gem', 'faint', 106)"
1.0078184015006886,279,True,"('ksi_Gem', 'faint', 106)"
0.9718160822653555,280,True,"('ksi_Gem', 'faint', 106)"
0.9937154876810048,281,True,"('ksi_Gem', 'faint', 106)"
0.9910902095644272,282,True,"('ksi_Gem', 'faint', 106)"
0.9961547024130709,283,True,"('ksi_Gem', 'faint', 106)"
1.0036436906367598,284,True,"('ksi_Gem', 'faint', 106)"
0.9782865880361652,285,True,"('ksi_Gem', 'faint', 106)"
0.9994027340352167,286,True,"('ksi_Gem', 'faint', 106)"
0.9751163881820766,287,True,"('ksi_Gem', 'faint', 106)"
0.9828308959824669,288,True,"('ksi_Gem', 'faint', 106)"
0.9806248417872806,289,True,"('ksi_Gem', 'faint', 106)"
0.9801050348925041,290,True,"('ksi_Gem', 'faint', 106)"
1.0100033579585361,291,True,"('ksi_Gem', 'faint', 106)"
0.9751046739267314,292,True,"('ksi_Gem', 'faint', 106)"
0.9898072222434433,293,True,"('ksi_Gem', 'faint', 106)"
0.9831948652471184,294,True,"('ksi_Gem', 'faint', 106)"
0.986208593558091,295,True,"('ksi_Gem', 'faint', 106)"
0.9889192103693027,296,True,"('ksi_Gem', 'faint', 106)"
1.0002146358216035,297,True,"('ksi_Gem', 'faint', 106)"
1.008304715316059,298,True,"('ksi_Gem', 'faint', 106)"
0.9887315453543915,299,True,"('ksi_Gem', 'faint', 106)"
0.9876938945974558,300,True,"('ksi_Gem', 'faint', 106)"
0.9883383695021646,301,True,"('ksi_Gem', 'faint', 106)"
0.9734308325107647,302,True,"('ksi_Gem', 'faint', 106)"
0.9736073880410228,303,True,"('ksi_Gem', 'faint', 106)"
0.9728157296705332,304,True,"('ksi_Gem', 'faint', 106)"
0.9714252220295642,305,True,"('ksi_Gem', 'faint', 106)"
0.9650349747729831,306,True,"('ksi_Gem', 'faint', 106)"
0.9752218165259792,307,True,"('ksi_Gem', 'faint', 106)"
0.9885937691397989,308,True,"('ksi_Gem', 'faint', 106)"
0.9839754320452041,309,True,"('ksi_Gem', 'faint', 106)"
0.9868271219994686,310,True,"('ksi_Gem', 'faint', 106)"
1.0100676787548246,311,True,"('ksi_Gem', 'faint', 106)"
0.9230119133505172,312,True,"('ksi_Gem', 'faint', 106)"
0.9874445088626683,313,True,"('ksi_Gem', 'faint', 106)"
1.0026002386626864,314,True,"('ksi_Gem', 'faint', 106)"
0.971659409783869,315,True,"('ksi_Gem', 'faint', 106)"
0.987333496218433,316,True,"('ksi_Gem', 'faint', 106)"
1.0055909151534483,317,True,"('ksi_Gem', 'faint', 106)"
0.9757914080755047,318,True,"('ksi_Gem', 'faint', 106)"
1.0005089772805105,319,True,"('ksi_Gem', 'faint', 106)"
0.9555840211744296,320,True,"('ksi_Gem', 'faint', 106)"
1.000546036940832,321,True,"('ksi_Gem', 'faint', 106)"
0.9708534887394245,322,True,"('ksi_Gem', 'faint', 106)"
0.9714240656138777,323,True,"('ksi_Gem', 'faint', 106)"
0.9861625635493632,324,True,"('ksi_Gem', 'faint', 106)"
0.9644421894974873,325,True,"('ksi_Gem', 'faint', 106)"
1.0047199704412153,326,True,"('ksi_Gem', 'faint', 106)"
0.9818019860640872,327,True,"('ksi_Gem', 'faint', 106)"
0.9659082986675993,328,True,"('ksi_Gem', 'faint', 106)"
0.9905531385617102,329,True,"('ksi_Gem', 'faint', 106)"
0.9723439145824208,330,True,"('ksi_Gem', 'faint', 106)"
0.9703771643176867,331,True,"('ksi_Gem', 'faint', 106)"
0.9854095627626561,332,True,"('ksi_Gem', 'faint', 106)"
0.9761278277787475,333,True,"('ksi_Gem', 'faint', 106)"
1.0178211020332668,334,True,"('ksi_Gem', 'faint', 106)"
0.9932672354178268,335,True,"('ksi_Gem', 'faint', 106)"
0.9813868665015729,336,True,"('ksi_Gem', 'faint', 106)"
0.9759187643026114,337,True,"('ksi_Gem', 'faint', 106)"
0.9972338542603613,338,True,"('ksi_Gem', 'faint', 106)"
1.024520149908444,339,True,"('ksi_Gem', 'faint', 106)"
0.9837398971091439,340,True,"('ksi_Gem', 'faint', 106)"
0.975657551626196,341,True,"('ksi_Gem', 'faint', 106)"
1.003506245625332,342,True,"('ksi_Gem', 'faint', 106)"
0.994081776024038,343,True,"('ksi_Gem', 'faint', 106)"
0.9760113311046399,344,True,"('ksi_Gem', 'faint', 106)"
0.9970490367690577,345,True,"('ksi_Gem', 'faint', 106)"
0.988919253819727,346,True,"('ksi_Gem', 'faint', 106)"
0.989486730941927,347,True,"('ksi_Gem', 'faint', 106)"
0.9831125019233208,348,True,"('ksi_Gem', 'faint', 106)"
0.9720770992591605,349,True,"('ksi_Gem', 'faint', 106)"
0.9778739515689768,350,True,"('ksi_Gem', 'faint', 106)"
0.9707610783393584,351,True,"('ksi_Gem', 'faint', 106)"
0.9588803873846885,352,True,"('ksi_Gem', 'faint', 106)"
1.0081598046501818,353,True,"('ksi_Gem', 'faint', 106)"
0.9925803037021051,354,True,"('ksi_Gem', 'faint', 106)"
0.9895224284818829,355,True,"('ksi_Gem', 'faint', 106)"
0.9696384082845849,356,True,"('ksi_Gem', 'faint', 106)"
1.0023473702790568,357,True,"('ksi_Gem', 'faint', 106)"
0.9564251283198761,358,True,"('ksi_Gem', 'faint', 106)"
0.9744874808608129,359,True,"('ksi_Gem', 'faint', 106)"
0.9872320606279856,360,True,"('ksi_Gem', 'faint', 106)"
0.987480823415168,361,True,"('ksi_Gem', 'faint', 106)"
0.9956121015229242,362,True,"('ksi_Gem', 'faint', 106)"
0.9581201708126286,363,True,"('ksi_Gem', 'faint', 106)"
0.9558729231982782,364,True,"('ksi_Gem', 'faint', 106)"
0.9387723724073352,365,True,"('ksi_Gem', 'faint', 106)"
0.9824771354067029,366,True,"('ksi_Gem', 'faint', 106)"
0.9729919052324247,367,True,"('ksi_Gem', 'faint', 106)"
0.9750199664332357,368,True,"('ksi_Gem', 'faint', 106)"
1.0026405327524996,369,True,"('ksi_Gem', 'faint', 106)"
0.9947891879550096,370,True,"('ksi_Gem', 'faint', 106)"
0.9712506551803725,371,True,"('ksi_Gem', 'faint', 106)"
1.0228065563898026,372,True,"('ksi_Gem', 'faint', 106)"
0.993185106238077,373,True,"('ksi_Gem', 'faint', 106)"
0.9993569249731928,374,True,"('ksi_Gem', 'faint', 106)"
0.9693326686352278,375,True,"('ksi_Gem', 'faint', 106)"
1.0035895603432723,376,True,"('ksi_Gem', 'faint', 106)"
0.9614474619972126,377,True,"('ksi_Gem', 'faint', 106)"
0.9730595937860516,378,True,"('ksi_Gem', 'faint', 106)"
1.0102701920925539,379,True,"('ksi_Gem', 'faint', 106)"
0.9804036239635281,380,True,"('ksi_Gem', 'faint', 106)"
1.002026554259047,381,True,"('ksi_Gem', 'faint', 106)"
0.99889530290024,382,True,"('ksi_Gem', 'faint', 106)"
0.9411924813415772,383,True,"('ksi_Gem', 'faint', 106)"
0.9771630430652737,384,True,"('ksi_Gem', 'faint', 106)"
1.0018930339923822,385,True,"('ksi_Gem', 'faint', 106)"
1.0132696148273361,386,True,"('ksi_Gem', 'faint', 106)"
0.9695814759150626,387,True,"('ksi_Gem', 'faint', 106)"
1.013737472506615,388,True,"('ksi_Gem', 'faint', 106)"
0.9969137111554233,389,True,"('ksi_Gem', 'faint', 106)"
0.9866777885469589,390,True,"('ksi_Gem', 'faint', 106)"
0.9833195382025754,391,True,"('ksi_Gem', 'faint', 106)"
0.9878646158097305,392,True,"('ksi_Gem', 'faint', 106)"
0.9635507080675316,393,True,"('ksi_Gem', 'faint', 106)"
0.999833800889771,394,True,"('ksi_Gem', 'faint', 106)"
0.9780110821052799,395,True,"('ksi_Gem', 'faint', 106)"
0.9680283992136676,396,True,"('ksi_Gem', 'faint', 106)"
0.98647904424374,397,True,"('ksi_Gem', 'faint', 106)"
0.9643472006307711,398,True,"('ksi_Gem', 'faint', 106)"
0.9865311365796239,399,True,"('ksi_Gem', 'faint', 106)"
0.9889608246807738,400,True,"('ksi_Gem', 'faint', 106)"
0.9534552725421268,401,True,"('ksi_Gem', 'faint', 106)"
0.9740407176538519,402,True,"('ksi_Gem', 'faint', 106)"
0.9799402798757576,403,True,"('ksi_Gem', 'faint', 106)"
1.0248300202153136,404,True,"('ksi_Gem', 'faint', 106)"
0.9811142231258098,405,True,"('ksi_Gem', 'faint', 106)"
1.0043490816643361,406,True,"('ksi_Gem', 'faint', 106)"
0.9587829361913307,407,True,"('ksi_Gem', 'faint', 106)"
1.0035638589235045,408,True,"('ksi_Gem', 'faint', 106)"
0.9633929705184472,409,True,"('ksi_Gem', 'faint', 106)"
0.9941514867585045,410,True,"('ksi_Gem', 'faint', 106)"
1.0075471185637015,411,True,"('ksi_Gem', 'faint', 106)"
0.9913966098023101,412,True,"('ksi_Gem', 'faint', 106)"
0.9958484093456939,413,True,"('ksi_Gem', 'faint', 106)"
0.9686771232939453,414,True,"('ksi_Gem', 'faint', 106)"
0.9857915298277808,415,True,"('ksi_Gem', 'faint', 106)"
0.9860956987575251,416,True,"('ksi_Gem', 'faint', 106)"
0.9876512986598837,417,True,"('ksi_Gem', 'faint', 106)"
0.9936606618445961,418,True,"('ksi_Gem', 'faint', 106)"
0.9965553394442919,419,True,"('ksi_Gem', 'faint', 106)"
0.978401045401818,420,True,"('ksi_Gem', 'faint', 106)"
1.00827798899541,421,True,"('ksi_Gem', 'faint', 106)"
0.987737280251686,422,True,"('ksi_Gem', 'faint', 106)"
0.9427495223109059,423,True,"('ksi_Gem', 'faint', 106)"
0.9704560367811919,424,True,"('ksi_Gem', 'faint', 106)"
1.0312884264549849,425,True,"('ksi_Gem', 'faint', 106)"
1.0157435465857458,426,True,"('ksi_Gem', 'faint', 106)"
1.001065115406624,427,True,"('ksi_Gem', 'faint', 106)"
1.0143586201666224,428,True,"('ksi_Gem', 'faint', 106)"
0.9286601199373533,429,True,"('ksi_Gem', 'faint', 106)"
0.9895637733435398,430,True,"('ksi_Gem', 'faint', 106)"
0.9289731442110386,431,True,"('ksi_Gem', 'faint', 106)"
0.9803698149434931,432,True,"('ksi_Gem', 'faint', 106)"
0.9928918891393914,433,True,"('ksi_Gem', 'faint', 106)"
1.0133735598389129,434,True,"('ksi_Gem', 'faint', 106)"
0.9956619222115807,435,True,"('ksi_Gem', 'faint', 106)"
1.0045058388290362,436,True,"('ksi_Gem', 'faint', 106)"
0.9688722168832933,437,True,"('ksi_Gem', 'faint', 106)"
1.0111526277466694,438,True,"('ksi_Gem', 'faint', 106)"
0.982488196693658,439,True,"('ksi_Gem', 'faint', 106)"
0.9957987021417937,440,True,"('ksi_Gem', 'faint', 106)"
0.9871597205430633,441,True,"('ksi_Gem', 'faint', 106)"
0.980403492082255,442,True,"('ksi_Gem', 'faint', 106)"
0.9744119449744232,443,True,"('ksi_Gem', 'faint', 106)"
0.9570031064985077,444,True,"('ksi_Gem', 'faint', 106)"
0.9851125898132248,445,True,"('ksi_Gem', 'faint', 106)"
0.9962432626727407,446,True,"('ksi_Gem', 'faint', 106)"
0.9922393141353125,447,True,"('ksi_Gem', 'faint', 106)"
0.9655632661574184,448,True,"('ksi_Gem', 'faint', 106)"
0.9842895680247014,449,True,"('ksi_Gem', 'faint', 106)"
0.9877951879352065,450,True,"('ksi_Gem', 'faint', 106)"
0.9637087680279528,451,True,"('ksi_Gem', 'faint', 106)"
1.008120636546177,452,True,"('ksi_Gem', 'faint', 106)"
0.9779467339984624,453,True,"('ksi_Gem', 'faint', 106)"
0.9723883420523857,454,True,"('ksi_Gem', 'faint', 106)"
0.9783652446474165,455,True,"('ksi_Gem', 'faint', 106)"
0.9972397581563693,456,True,"('ksi_Gem', 'faint', 106)"
1.002367392457162,457,True,"('ksi_Gem', 'faint', 106)"
0.9892156200721965,458,True,"('ksi_Gem', 'faint', 106)"
1.0060970329440595,459,True,"('ksi_Gem', 'faint', 106)"
0.9858971670497921,460,True,"('ksi_Gem', 'faint', 106)"
0.9770206173514238,461,True,"('ksi_Gem', 'faint', 106)"
1.0008885361133535,462,True,"('ksi_Gem', 'faint', 106)"
0.95889640841983,463,True,"('ksi_Gem', 'faint', 106)"
0.974170040738481,464,True,"('ksi_Gem', 'faint', 106)"
0.9776761754525515,465,True,"('ksi_Gem', 'faint', 106)"
0.9931879666226867,466,True,"('ksi_Gem', 'faint', 106)"
0.9552028830763054,467,True,"('ksi_Gem', 'faint', 106)"
0.9823880788482775,468,True,"('ksi_Gem', 'faint', 106)"
1.0152794420351834,469,True,"('ksi_Gem', 'faint', 106)"
0.9822886792778796,470,True,"('ksi_Gem', 'faint', 106)"
0.9685201721232451,471,True,"('ksi_Gem', 'faint', 106)"
0.98069088781701,472,True,"('ksi_Gem', 'faint', 106)"
1.0012897182896576,473,True,"('ksi_Gem', 'faint', 106)"
0.9663810768302485,474,True,"('ksi_Gem', 'faint', 106)"
0.9945178125012549,475,True,"('ksi_Gem', 'faint', 106)"
0.9380217392509158,476,True,"('ksi_Gem', 'faint', 106)"
0.9644491808228588,477,True,"('ksi_Gem', 'faint', 106)"
0.9646297670076672,478,True,"('ksi_Gem', 'faint', 106)"
1.0041501097624723,479,True,"('ksi_Gem', 'faint', 106)"
0.9920975784534871,480,True,"('ksi_Gem', 'faint', 106)"
1.0047233657074197,481,True,"('ksi_Gem', 'faint', 106)"
0.9743890330822561,482,True,"('ksi_Gem', 'faint', 106)"
0.955441425388518,483,True,"('ksi_Gem', 'faint', 106)"
0.9925025528999732,484,True,"('ksi_Gem', 'faint', 106)"
0.9864790661664715,485,True,"('ksi_Gem', 'faint', 106)"
0.9664597677829281,486,True,"('ksi_Gem', 'faint', 106)"
1.0052814849677907,487,True,"('ksi_Gem', 'faint', 106)"
0.98593732190756,488,True,"('ksi_Gem', 'faint', 106)"
0.9882133511123558,489,True,"('ksi_Gem', 'faint', 106)"
0.9885099476755907,490,True,"('ksi_Gem', 'faint', 106)"
0.9929020629961097,491,True,"('ksi_Gem', 'faint', 106)"
1.0106253200981334,492,True,"('ksi_Gem', 'faint', 106)"
1.0104126277675978,493,True,"('ksi_Gem', 'faint', 106)"
0.9808849521313223,494,True,"('ksi_Gem', 'faint', 106)"
0.993309344598276,495,True,"('ksi_Gem', 'faint', 106)"
0.9780011311177,496,True,"('ksi_Gem', 'faint', 106)"
0.9653313814641064,497,True,"('ksi_Gem', 'faint', 106)"
0.9794717047713655,498,True,"('ksi_Gem', 'faint', 106)"
0.9897237932452199,499,True,"('ksi_Gem', 'faint', 106)"
1.0096718525690953,500,True,"('ksi_Gem', 'faint', 106)"
0.9366900850838246,501,True,"('ksi_Gem', 'faint', 106)"
0.9708497961753515,502,True,"('ksi_Gem', 'faint', 106)"
0.960842519703272,503,True,"('ksi_Gem', 'faint', 106)"
0.9833810309393239,504,True,"('ksi_Gem', 'faint', 106)"
0.9784151591446322,505,True,"('ksi_Gem', 'faint', 106)"
0.9771529622537624,506,True,"('ksi_Gem', 'faint', 106)"
0.9929376840375327,507,True,"('ksi_Gem', 'faint', 106)"
1.0098689515372938,508,True,"('ksi_Gem', 'faint', 106)"
0.9934249604635919,509,True,"('ksi_Gem', 'faint', 106)"
0.9936559463147286,510,True,"('ksi_Gem', 'faint', 106)"
0.9775754238968498,511,True,"('ksi_Gem', 'faint', 106)"
0.9915736681804339,512,True,"('ksi_Gem', 'faint', 106)"
0.9331307564902107,513,True,"('ksi_Gem', 'faint', 106)"
0.969032632975667,514,True,"('ksi_Gem', 'faint', 106)"
1.0051800912969568,515,True,"('ksi_Gem', 'faint', 106)"
0.9641152051986305,516,True,"('ksi_Gem', 'faint', 106)"
1.0139416371619328,517,True,"('ksi_Gem', 'faint', 106)"
1.00103790118609,518,True,"('ksi_Gem', 'faint', 106)"
0.9783313075216447,519,True,"('ksi_Gem', 'faint', 106)"
0.9869954092147593,520,True,"('ksi_Gem', 'faint', 106)"
0.9821409676226585,521,True,"('ksi_Gem', 'faint', 106)"
0.9688340670818384,522,True,"('ksi_Gem', 'faint', 106)"
0.9981565717706078,523,True,"('ksi_Gem', 'faint', 106)"
0.9648529237372888,524,True,"('ksi_Gem', 'faint', 106)"
0.9731092648101891,525,True,"('ksi_Gem', 'faint', 106)"
0.9592934430904304,526,True,"('ksi_Gem', 'faint', 106)"
1.0165385534058082,527,True,"('ksi_Gem', 'faint', 106)"
0.9586079610419859,528,True,"('ksi_Gem', 'faint', 106)"
0.9861577167348694,529,True,"('ksi_Gem', 'faint', 106)"
0.976993971113931,530,True,"('ksi_Gem', 'faint', 106)"
0.9716636610608927,531,True,"('ksi_Gem', 'faint', 106)"
0.9824770673211822,532,True,"('ksi_Gem', 'faint', 106)"
0.9904662368335231,533,True,"('ksi_Gem', 'faint', 106)"
0.9863627060594116,534,True,"('ksi_Gem', 'faint', 106)"
0.9687822056856487,535,True,"('ksi_Gem', 'faint', 106)"
0.9929705487733178,536,True,"('ksi_Gem', 'faint', 106)"
0.9865891115824044,537,True,"('ksi_Gem', 'faint', 106)"
0.9908219444324996,538,True,"('ksi_Gem', 'faint', 106)"
0.9892406994771303,539,True,"('ksi_Gem', 'faint', 106)"
0.9747321834773417,540,True,"('ksi_Gem', 'faint', 106)"
0.9656176311917414,541,True,"('ksi_Gem', 'faint', 106)"
0.9931089755267057,542,True,"('ksi_Gem', 'faint', 106)"
0.9777513761645781,543,True,"('ksi_Gem', 'faint', 106)"
0.944395673021066,544,True,"('ksi_Gem', 'faint', 106)"
0.9979704425888151,545,True,"('ksi_Gem', 'faint', 106)"
0.9743630396724511,546,True,"('ksi_Gem', 'faint', 106)"
1.007841513652101,547,True,"('ksi_Gem', 'faint', 106)"
0.9871156435598226,548,True,"('ksi_Gem', 'faint', 106)"
1.0264816944552793,549,True,"('ksi_Gem', 'faint', 106)"
1.00768069680831,550,True,"('ksi_Gem', 'faint', 106)"
0.9873020804277609,551,True,"('ksi_Gem', 'faint', 106)"
0.9867414994874328,552,True,"('ksi_Gem', 'faint', 106)"
1.013449514819962,553,True,"('ksi_Gem', 'faint', 106)"
0.9847600716499656,554,True,"('ksi_Gem', 'faint', 106)"
1.0052729575848256,555,True,"('ksi_Gem', 'faint', 106)"
0.9762056974772547,556,True,"('ksi_Gem', 'faint', 106)"
0.979645050599174,557,True,"('ksi_Gem', 'faint', 106)"
0.9820256925608252,558,True,"('ksi_Gem', 'faint', 106)"
0.9622489812103495,559,True,"('ksi_Gem', 'faint', 106)"
0.9981090878829854,560,True,"('ksi_Gem', 'faint', 106)"
0.9690364935972584,561,True,"('ksi_Gem', 'faint', 106)"
0.9925503389567536,562,True,"('ksi_Gem', 'faint', 106)"
0.9913211390911223,563,True,"('ksi_Gem', 'faint', 106)"
0.9868879513388025,564,True,"('ksi_Gem', 'faint', 106)"
0.9946530898003421,565,True,"('ksi_Gem', 'faint', 106)"
0.9585942719105421,566,True,"('ksi_Gem', 'faint', 106)"
1.011805124865014,567,True,"('ksi_Gem', 'faint', 106)"
1.0022580866471942,568,True,"('ksi_Gem', 'faint', 106)"
0.9571969772341979,569,True,"('ksi_Gem', 'faint', 106)"
0.9673789713363371,570,True,"('ksi_Gem', 'faint', 106)"
0.9492297139460069,571,True,"('ksi_Gem', 'faint', 106)"
0.9823616915215225,572,True,"('ksi_Gem', 'faint', 106)"
0.9892742687644833,573,True,"('ksi_Gem', 'faint', 106)"
0.9618335126449784,574,True,"('ksi_Gem', 'faint', 106)"
0.9788933985862379,575,True,"('ksi_Gem', 'faint', 106)"
0.9883332516896149,576,True,"('ksi_Gem', 'faint', 106)"
1.0123874324566096,577,True,"('ksi_Gem', 'faint', 106)"
1.0041525432964635,578,True,"('ksi_Gem', 'faint', 106)"
0.9837689804370079,579,True,"('ksi_Gem', 'faint', 106)"
1.0209506955554017,580,True,"('ksi_Gem', 'faint', 106)"
0.9652133941126526,581,True,"('ksi_Gem', 'faint', 106)"
0.9805305827873799,582,True,"('ksi_Gem', 'faint', 106)"
0.962180966059691,583,True,"('ksi_Gem', 'faint', 106)"
0.9820258771491166,584,True,"('ksi_Gem', 'faint', 106)"
0.9840422047154826,585,True,"('ksi_Gem', 'faint', 106)"
0.9836737067300555,586,True,"('ksi_Gem', 'faint', 106)"
0.9699038298426086,587,True,"('ksi_Gem', 'faint', 106)"
1.001955009313742,588,True,"('ksi_Gem', 'faint', 106)"
0.9979181019214706,589,True,"('ksi_Gem', 'faint', 106)"
0.9941318113668876,590,True,"('ksi_Gem', 'faint', 106)"
0.9874709803097972,591,True,"('ksi_Gem', 'faint', 106)"
0.9989845884051217,592,True,"('ksi_Gem', 'faint', 106)"
0.982382420658023,593,True,"('ksi_Gem', 'faint', 106)"
1.0061274117374452,594,True,"('ksi_Gem', 'faint', 106)"
0.9626017057577293,595,True,"('ksi_Gem', 'faint', 106)"
0.9803039233466766,596,True,"('ksi_Gem', 'faint', 106)"
1.0089414076951324,597,True,"('ksi_Gem', 'faint', 106)"
0.9639322435278305,598,True,"('ksi_Gem', 'faint', 106)"
1.0037431443901546,599,True,"('ksi_Gem', 'faint', 106)"
0.985386074917929,600,True,"('ksi_Gem', 'faint', 106)"
0.9915263492706836,601,True,"('ksi_Gem', 'faint', 106)"
0.9971256037469335,602,True,"('ksi_Gem', 'faint', 106)"
1.0412412996145701,603,True,"('ksi_Gem', 'faint', 106)"
0.9865712557773657,604,True,"('ksi_Gem', 'faint', 106)"
0.9880604602354979,605,True,"('ksi_Gem', 'faint', 106)"
0.9774610429929638,606,True,"('ksi_Gem', 'faint', 106)"
0.9707551147929164,607,True,"('ksi_Gem', 'faint', 106)"
0.988176737872929,608,True,"('ksi_Gem', 'faint', 106)"
1.0117115100794214,609,True,"('ksi_Gem', 'faint', 106)"
0.9881139443530126,610,True,"('ksi_Gem', 'faint', 106)"
0.9615490194548796,611,True,"('ksi_Gem', 'faint', 106)"
1.0161301108781169,612,True,"('ksi_Gem', 'faint', 106)"
0.9808904689345882,613,True,"('ksi_Gem', 'faint', 106)"
0.96726384673002,614,True,"('ksi_Gem', 'faint', 106)"
0.9608666396375194,615,True,"('ksi_Gem', 'faint', 106)"
0.9969198342382558,616,True,"('ksi_Gem', 'faint', 106)"
0.9882125964805941,617,True,"('ksi_Gem', 'faint', 106)"
0.9941894768203259,618,True,"('ksi_Gem', 'faint', 106)"
0.997962359838417,619,True,"('ksi_Gem', 'faint', 106)"
0.9824633917545511,620,True,"('ksi_Gem', 'faint', 106)"
1.0212490806079921,621,True,"('ksi_Gem', 'faint', 106)"
0.9850506470295538,622,True,"('ksi_Gem', 'faint', 106)"
0.991042738250737,623,True,"('ksi_Gem', 'faint', 106)"
0.9869616151472805,624,True,"('ksi_Gem', 'faint', 106)"
0.96039441586121,625,True,"('ksi_Gem', 'faint', 106)"
0.9833412625123717,626,True,"('ksi_Gem', 'faint', 106)"
0.9795354146751438,627,True,"('ksi_Gem', 'faint', 106)"
1.0050837348142467,628,True,"('ksi_Gem', 'faint', 106)"
0.9673137798519296,629,True,"('ksi_Gem', 'faint', 106)"
0.9821941752117415,630,True,"('ksi_Gem', 'faint', 106)"
0.9879589468836201,631,True,"('ksi_Gem', 'faint', 106)"
0.97237311409226,632,True,"('ksi_Gem', 'faint', 106)"
0.9740889941150069,633,True,"('ksi_Gem', 'faint', 106)"
0.9886883634772713,634,True,"('ksi_Gem', 'faint', 106)"
0.9948567488662429,635,True,"('ksi_Gem', 'faint', 106)"
0.9805730253895195,636,True,"('ksi_Gem', 'faint', 106)"
1.0031311142211625,637,True,"('ksi_Gem', 'faint', 106)"
1.0066148844516505,638,True,"('ksi_Gem', 'faint', 106)"
1.0124923567114643,639,True,"('ksi_Gem', 'faint', 106)"
0.9875901256672008,640,True,"('ksi_Gem', 'faint', 106)"
0.9302679727796995,641,True,"('ksi_Gem', 'faint', 106)"
0.9993326511702351,642,True,"('ksi_Gem', 'faint', 106)"
0.9673628869994658,643,True,"('ksi_Gem', 'faint', 106)"
0.9533645709097719,644,True,"('ksi_Gem', 'faint', 106)"
0.966570817904737,645,True,"('ksi_Gem', 'faint', 106)"
0.9613009832529729,646,True,"('ksi_Gem', 'faint', 106)"
0.9786354437195535,647,True,"('ksi_Gem', 'faint', 106)"
0.9942100045761889,648,True,"('ksi_Gem', 'faint', 106)"
0.9878809176105904,649,True,"('ksi_Gem', 'faint', 106)"
0.9483554439746577,650,True,"('ksi_Gem', 'faint', 106)"
1.0071234461871406,651,True,"('ksi_Gem', 'faint', 106)"
0.986667383293095,652,True,"('ksi_Gem', 'faint', 106)"
0.9836225708298044,653,True,"('ksi_Gem', 'faint', 106)"
1.004660131874989,654,True,"('ksi_Gem', 'faint', 106)"
0.9769323482183029,655,True,"('ksi_Gem', 'faint', 106)"
1.0133492142242866,656,True,"('ksi_Gem', 'faint', 106)"
0.9804918679970223,657,True,"('ksi_Gem', 'faint', 106)"
0.9805784810024238,658,True,"('ksi_Gem', 'faint', 106)"
0.945624815339177,659,True,"('ksi_Gem', 'faint', 106)"
0.9804716437477223,660,True,"('ksi_Gem', 'faint', 106)"
0.9907937829682851,661,True,"('ksi_Gem', 'faint', 106)"
0.9654388874300509,662,True,"('ksi_Gem', 'faint', 106)"
0.9948506715747341,663,True,"('ksi_Gem', 'faint', 106)"
0.9921613216442142,664,True,"('ksi_Gem', 'faint', 106)"
0.9847594342293119,665,True,"('ksi_Gem', 'faint', 106)"
1.0175572242349393,666,True,"('ksi_Gem', 'faint', 106)"
0.980249225929663,667,True,"('ksi_Gem', 'faint', 106)"
0.9548627691780655,668,True,"('ksi_Gem', 'faint', 106)"
0.994197169029721,669,True,"('ksi_Gem', 'faint', 106)"
0.9744425243758565,670,True,"('ksi_Gem', 'faint', 106)"
1.0239321805617452,671,True,"('ksi_Gem', 'faint', 106)"
0.9781329387996002,672,True,"('ksi_Gem', 'faint', 106)"
0.9956632117750414,673,True,"('ksi_Gem', 'faint', 106)"
0.9933171116672722,674,True,"('ksi_Gem', 'faint', 106)"
1.0022249973575463,675,True,"('ksi_Gem', 'faint', 106)"
0.9913505469093817,676,True,"('ksi_Gem', 'faint', 106)"
0.9727792783856378,677,True,"('ksi_Gem', 'faint', 106)"
0.9896123413664756,678,True,"('ksi_Gem', 'faint', 106)"
1.005469624957622,679,True,"('ksi_Gem', 'faint', 106)"
0.9845632029777011,680,True,"('ksi_Gem', 'faint', 106)"
0.9664436570013922,681,True,"('ksi_Gem', 'faint', 106)"
0.9619032937530377,682,True,"('ksi_Gem', 'faint', 106)"
0.9910263020480846,683,True,"('ksi_Gem', 'faint', 106)"
0.988635209845349,684,True,"('ksi_Gem', 'faint', 106)"
0.9901468682402725,685,True,"('ksi_Gem', 'faint', 106)"
0.9710233009153167,686,True,"('ksi_Gem', 'faint', 106)"
1.0098498159705849,687,True,"('ksi_Gem', 'faint', 106)"
0.9943083130123359,688,True,"('ksi_Gem', 'faint', 106)"
0.9881952806119102,689,True,"('ksi_Gem', 'faint', 106)"
0.9948803905552576,690,True,"('ksi_Gem', 'faint', 106)"
1.0133204975164491,691,True,"('ksi_Gem', 'faint', 106)"
0.9771203059756045,692,True,"('ksi_Gem', 'faint', 106)"
0.9790894494191388,693,True,"('ksi_Gem', 'faint', 106)"
1.0050821351104824,694,True,"('ksi_Gem', 'faint', 106)"
1.03094602415828,695,True,"('ksi_Gem', 'faint', 106)"
0.991749826751723,696,True,"('ksi_Gem', 'faint', 106)"
0.9816668594568259,697,True,"('ksi_Gem', 'faint', 106)"
1.0009613440179683,698,True,"('ksi_Gem', 'faint', 106)"
0.9934104107682493,699,True,"('ksi_Gem', 'faint', 106)"
0.9984278187134391,700,True,"('ksi_Gem', 'faint', 106)"
1.0096572543799185,701,True,"('ksi_Gem', 'faint', 106)"
1.004979783780046,702,True,"('ksi_Gem', 'faint', 106)"
0.9812513271964994,703,True,"('ksi_Gem', 'faint', 106)"
0.9847003635659182,704,True,"('ksi_Gem', 'faint', 106)"
0.9701063481444342,705,True,"('ksi_Gem', 'faint', 106)"
0.9487818310079331,706,True,"('ksi_Gem', 'faint', 106)"
0.997641739969835,707,True,"('ksi_Gem', 'faint', 106)"
0.9932235992447161,708,True,"('ksi_Gem', 'faint', 106)"
0.9836938151494751,709,True,"('ksi_Gem', 'faint', 106)"
1.0049439672401508,710,True,"('ksi_Gem', 'faint', 106)"
0.9683051060919726,711,True,"('ksi_Gem', 'faint', 106)"
0.9828330344696986,712,True,"('ksi_Gem', 'faint', 106)"
1.0024953176218465,713,True,"('ksi_Gem', 'faint', 106)"
0.9898343018850114,714,True,"('ksi_Gem', 'faint', 106)"
0.9952296448920176,715,True,"('ksi_Gem', 'faint', 106)"
0.956491466623029,716,True,"('ksi_Gem', 'faint', 106)"
0.9974894795119222,717,True,"('ksi_Gem', 'faint', 106)"
1.0211611312197575,718,True,"('ksi_Gem', 'faint', 106)"
0.9651322763297986,719,True,"('ksi_Gem', 'faint', 106)"
1.0075905015663256,720,True,"('ksi_Gem', 'faint', 106)"
0.9556918162855569,721,True,"('ksi_Gem', 'faint', 106)"
0.9596555877922565,722,True,"('ksi_Gem', 'faint', 106)"
0.9847053996298638,723,True,"('ksi_Gem', 'faint', 106)"
0.9657077792541117,724,True,"('ksi_Gem', 'faint', 106)"
1.0116716510600425,725,True,"('ksi_Gem', 'faint', 106)"
1.0097471093608166,726,True,"('ksi_Gem', 'faint', 106)"
0.9816264019072757,727,True,"('ksi_Gem', 'faint', 106)"
0.9748982315649334,728,True,"('ksi_Gem', 'faint', 106)"
0.98664491488582,729,True,"('ksi_Gem', 'faint', 106)"
0.9676921726656946,730,True,"('ksi_Gem', 'faint', 106)"
0.9948503784283366,731,True,"('ksi_Gem', 'faint', 106)"
1.0073212366174398,732,True,"('ksi_Gem', 'faint', 106)"
0.9669976712019558,733,True,"('ksi_Gem', 'faint', 106)"
0.9876845055068464,734,True,"('ksi_Gem', 'faint', 106)"
0.9942018898390007,735,True,"('ksi_Gem', 'faint', 106)"
0.9951536451780639,736,True,"('ksi_Gem', 'faint', 106)"
0.9443931943321408,737,True,"('ksi_Gem', 'faint', 106)"
1.0170887380855151,738,True,"('ksi_Gem', 'faint', 106)"
0.9730319866725565,739,True,"('ksi_Gem', 'faint', 106)"
0.9923971536280597,740,True,"('ksi_Gem', 'faint', 106)"
0.9677442099063152,741,True,"('ksi_Gem', 'faint', 106)"
1.0013315556913904,742,True,"('ksi_Gem', 'faint', 106)"
0.9600993610018036,743,True,"('ksi_Gem', 'faint', 106)"
0.9624833262958008,744,True,"('ksi_Gem', 'faint', 106)"
0.9877796045186227,745,True,"('ksi_Gem', 'faint', 106)"
1.0025178185672396,746,True,"('ksi_Gem', 'faint', 106)"
0.9816563322597475,747,True,"('ksi_Gem', 'faint', 106)"
0.9426261455259126,748,True,"('ksi_Gem', 'faint', 106)"
1.0058739043233311,749,True,"('ksi_Gem', 'faint', 106)"
0.9915622941606081,750,True,"('ksi_Gem', 'faint', 106)"
0.9870141468399855,751,True,"('ksi_Gem', 'faint', 106)"
1.0057216998830059,752,True,"('ksi_Gem', 'faint', 106)"
0.9987885359629622,753,True,"('ksi_Gem', 'faint', 106)"
0.9845942598992712,754,True,"('ksi_Gem', 'faint', 106)"
0.9893751285341839,755,True,"('ksi_Gem', 'faint', 106)"
0.9671084669040335,756,True,"('ksi_Gem', 'faint', 106)"
0.9861890708676271,757,True,"('ksi_Gem', 'faint', 106)"
0.9590120730241031,758,True,"('ksi_Gem', 'faint', 106)"
1.008222577683613,759,True,"('ksi_Gem', 'faint', 106)"
0.9582626849155366,760,True,"('ksi_Gem', 'faint', 106)"
1.0052954272782944,761,True,"('ksi_Gem', 'faint', 106)"
0.9625332845783027,762,True,"('ksi_Gem', 'faint', 106)"
0.9837695552957217,763,True,"('ksi_Gem', 'faint', 106)"
0.9655012427557432,764,True,"('ksi_Gem', 'faint', 106)"
0.966726372726414,765,True,"('ksi_Gem', 'faint', 106)"
0.9876883373870208,766,True,"('ksi_Gem', 'faint', 106)"
0.9467978783105283,767,True,"('ksi_Gem', 'faint', 106)"
1.0051086426178548,768,True,"('ksi_Gem', 'faint', 106)"
0.991283717614642,769,True,"('ksi_Gem', 'faint', 106)"
0.9533190390948006,770,True,"('ksi_Gem', 'faint', 106)"
0.9616354475711565,771,True,"('ksi_Gem', 'faint', 106)"
0.9964933089855982,772,True,"('ksi_Gem', 'faint', 106)"
1.0119394613052315,773,True,"('ksi_Gem', 'faint', 106)"
0.9780708121676361,774,True,"('ksi_Gem', 'faint', 106)"
0.9903794845516833,775,True,"('ksi_Gem', 'faint', 106)"
0.9352072990675343,776,True,"('ksi_Gem', 'faint', 106)"
0.9837139454338305,777,True,"('ksi_Gem', 'faint', 106)"
0.9793980314918073,778,True,"('ksi_Gem', 'faint', 106)"
0.9759509763206196,779,True,"('ksi_Gem', 'faint', 106)"
0.9984635510987826,780,True,"('ksi_Gem', 'faint', 106)"
0.9615049876768001,781,True,"('ksi_Gem', 'faint', 106)"
0.9930365672182372,782,True,"('ksi_Gem', 'faint', 106)"
0.9641879750396373,783,True,"('ksi_Gem', 'faint', 106)"
0.9622662422827111,784,True,"('ksi_Gem', 'faint', 106)"
0.9965053595690303,785,True,"('ksi_Gem', 'faint', 106)"
0.9722941439919024,786,True,"('ksi_Gem', 'faint', 106)"
0.975990841196286,787,True,"('ksi_Gem', 'faint', 106)"
0.9745991688037486,788,True,"('ksi_Gem', 'faint', 106)"
0.9719618440488815,789,True,"('ksi_Gem', 'faint', 106)"
0.982304831143493,790,True,"('ksi_Gem', 'faint', 106)"
1.0187045104688595,791,True,"('ksi_Gem', 'faint', 106)"
0.995217849770964,792,True,"('ksi_Gem', 'faint', 106)"
1.0174593266049288,793,True,"('ksi_Gem', 'faint', 106)"
1.0186841967029094,794,True,"('ksi_Gem', 'faint', 106)"
1.0007988904041218,795,True,"('ksi_Gem', 'faint', 106)"
0.9827410975880022,796,True,"('ksi_Gem', 'faint', 106)"
0.9712696585683069,797,True,"('ksi_Gem', 'faint', 106)"
0.9766475361319494,798,True,"('ksi_Gem', 'faint', 106)"
0.9968687037953801,799,True,"('ksi_Gem', 'faint', 106)"
0.9742193758771436,800,True,"('ksi_Gem', 'faint', 106)"
0.982151623789338,801,True,"('ksi_Gem', 'faint', 106)"
0.9833927995267646,802,True,"('ksi_Gem', 'faint', 106)"
0.9672465079682111,803,True,"('ksi_Gem', 'faint', 106)"
0.9598810193438877,804,True,"('ksi_Gem', 'faint', 106)"
0.9577059174436835,805,True,"('ksi_Gem', 'faint', 106)"
0.982048938555168,806,True,"('ksi_Gem', 'faint', 106)"
0.9836618655238344,807,True,"('ksi_Gem', 'faint', 106)"
0.9869833782771246,808,True,"('ksi_Gem', 'faint', 106)"
0.9869055411409914,809,True,"('ksi_Gem', 'faint', 106)"
0.9966524563135143,810,True,"('ksi_Gem', 'faint', 106)"
0.9676708996439657,811,True,"('ksi_Gem', 'faint', 106)"
1.0176149889658384,812,True,"('ksi_Gem', 'faint', 106)"
0.9890424067639336,813,True,"('ksi_Gem', 'faint', 106)"
0.9783730079303101,814,True,"('ksi_Gem', 'faint', 106)"
0.9887054429841041,815,True,"('ksi_Gem', 'faint', 106)"
0.9903719713438567,816,True,"('ksi_Gem', 'faint', 106)"
0.994242970444344,817,True,"('ksi_Gem', 'faint', 106)"
0.942176804613758,818,True,"('ksi_Gem', 'faint', 106)"
0.9931173993627411,819,True,"('ksi_Gem', 'faint', 106)"
0.9986093758829503,820,True,"('ksi_Gem', 'faint', 106)"
0.9961865751492778,821,True,"('ksi_Gem', 'faint', 106)"
1.0006339086934455,822,True,"('ksi_Gem', 'faint', 106)"
0.996133134298118,823,True,"('ksi_Gem', 'faint', 106)"
0.956016149362935,824,True,"('ksi_Gem', 'faint', 106)"
0.9757004393434163,825,True,"('ksi_Gem', 'faint', 106)"
0.9739828351329611,826,True,"('ksi_Gem', 'faint', 106)"
0.9625639525254994,827,True,"('ksi_Gem', 'faint', 106)"
1.0202623321394675,828,True,"('ksi_Gem', 'faint', 106)"
0.9665815838858642,829,True,"('ksi_Gem', 'faint', 106)"
0.952715875015704,830,True,"('ksi_Gem', 'faint', 106)"
0.9949845479767863,831,True,"('ksi_Gem', 'faint', 106)"
1.0080954859982323,832,True,"('ksi_Gem', 'faint', 106)"
1.013116082789333,833,True,"('ksi_Gem', 'faint', 106)"
0.99868378139684,834,True,"('ksi_Gem', 'faint', 106)"
0.9837999910235828,835,True,"('ksi_Gem', 'faint', 106)"
1.0115352717213673,836,True,"('ksi_Gem', 'faint', 106)"
0.9912906720922794,837,True,"('ksi_Gem', 'faint', 106)"
0.9517634647363623,838,True,"('ksi_Gem', 'faint', 106)"
0.9892862083447643,839,True,"('ksi_Gem', 'faint', 106)"
0.9829915307641386,840,True,"('ksi_Gem', 'faint', 106)"
0.9861578082833722,841,True,"('ksi_Gem', 'faint', 106)"
0.9828226799603684,842,True,"('ksi_Gem', 'faint', 106)"
0.987619134271189,843,True,"('ksi_Gem', 'faint', 106)"
1.0045760685688068,844,True,"('ksi_Gem', 'faint', 106)"
0.9697252702697178,845,True,"('ksi_Gem', 'faint', 106)"
0.9743395183009573,846,True,"('ksi_Gem', 'faint', 106)"
0.9697156952030705,847,True,"('ksi_Gem', 'faint', 106)"
0.9913960576930066,848,True,"('ksi_Gem', 'faint', 106)"
0.982266984519925,849,True,"('ksi_Gem', 'faint', 106)"
1.0174300621042083,850,True,"('ksi_Gem', 'faint', 106)"
1.0027631345048642,851,True,"('ksi_Gem', 'faint', 106)"
0.9801908786225478,852,True,"('ksi_Gem', 'faint', 106)"
0.9843573514211296,853,True,"('ksi_Gem', 'faint', 106)"
0.971178687640197,854,True,"('ksi_Gem', 'faint', 106)"
1.0096195280041045,855,True,"('ksi_Gem', 'faint', 106)"
1.00789446898576,856,True,"('ksi_Gem', 'faint', 106)"
0.9960222046257093,857,True,"('ksi_Gem', 'faint', 106)"
0.9807837918985784,858,True,"('ksi_Gem', 'faint', 106)"
0.9891892106683907,859,True,"('ksi_Gem', 'faint', 106)"
0.9842375964441602,860,True,"('ksi_Gem', 'faint', 106)"
1.0062945276281365,861,True,"('ksi_Gem', 'faint', 106)"
1.0089946379666612,862,True,"('ksi_Gem', 'faint', 106)"
0.9956058015004392,863,True,"('ksi_Gem', 'faint', 106)"
0.9977062620089263,864,True,"('ksi_Gem', 'faint', 106)"
0.9929336144651465,865,True,"('ksi_Gem', 'faint', 106)"
0.9835975914429631,866,True,"('ksi_Gem', 'faint', 106)"
1.0077968063768488,867,True,"('ksi_Gem', 'faint', 106)"
0.9945673186660089,868,True,"('ksi_Gem', 'faint', 106)"
1.0003381066113821,869,True,"('ksi_Gem', 'faint', 106)"
0.954199326733582,870,True,"('ksi_Gem', 'faint', 106)"
0.9695084277313488,871,True,"('ksi_Gem', 'faint', 106)"
1.0086540737984746,872,True,"('ksi_Gem', 'faint', 106)"
0.9844783428128407,873,True,"('ksi_Gem', 'faint', 106)"
0.9944127762113678,874,True,"('ksi_Gem', 'faint', 106)"
0.9567339723440527,875,True,"('ksi_Gem', 'faint', 106)"
0.9555905648444282,876,True,"('ksi_Gem', 'faint', 106)"
1.0137225818012192,877,True,"('ksi_Gem', 'faint', 106)"
1.0297635371997687,878,True,"('ksi_Gem', 'faint', 106)"
1.022490673473585,879,True,"('ksi_Gem', 'faint', 106)"
1.008536248584485,880,True,"('ksi_Gem', 'faint', 106)"
1.0126227260061489,881,True,"('ksi_Gem', 'faint', 106)"
0.9936171810396318,882,True,"('ksi_Gem', 'faint', 106)"
0.9653433782671195,883,True,"('ksi_Gem', 'faint', 106)"
0.9864103861382059,884,True,"('ksi_Gem', 'faint', 106)"
0.9331318035727315,885,True,"('ksi_Gem', 'faint', 106)"
1.0015566540203593,886,True,"('ksi_Gem', 'faint', 106)"
0.9769165166155559,887,True,"('ksi_Gem', 'faint', 106)"
0.965604356517904,888,True,"('ksi_Gem', 'faint', 106)"
0.9862024248174265,889,True,"('ksi_Gem', 'faint', 106)"
0.9943690338482514,890,True,"('ksi_Gem', 'faint', 106)"
1.0227732943503698,891,True,"('ksi_Gem', 'faint', 106)"
0.9788120147870458,892,True,"('ksi_Gem', 'faint', 106)"
0.976043363235271,893,True,"('ksi_Gem', 'faint', 106)"
1.0141583093236295,894,True,"('ksi_Gem', 'faint', 106)"
0.9970452092026492,895,True,"('ksi_Gem', 'faint', 106)"
0.9870460016826931,896,True,"('ksi_Gem', 'faint', 106)"
0.9831277328409123,897,True,"('ksi_Gem', 'faint', 106)"
0.9696460716386328,898,True,"('ksi_Gem', 'faint', 106)"
0.9549960322554144,899,True,"('ksi_Gem', 'faint', 106)"
0.9732206897263584,900,True,"('ksi_Gem', 'faint', 106)"
0.9889576271416929,901,True,"('ksi_Gem', 'faint', 106)"
0.9798823118308124,902,True,"('ksi_Gem', 'faint', 106)"
1.010984076672478,903,True,"('ksi_Gem', 'faint', 106)"
0.9815572421508498,904,True,"('ksi_Gem', 'faint', 106)"
0.9978261882057198,905,True,"('ksi_Gem', 'faint', 106)"
0.9940652587565203,906,True,"('ksi_Gem', 'faint', 106)"
0.9796338246682594,907,True,"('ksi_Gem', 'faint', 106)"
0.9974969951304483,908,True,"('ksi_Gem', 'faint', 106)"
0.9736246994077556,909,True,"('ksi_Gem', 'faint', 106)"
1.0096671860254098,910,True,"('ksi_Gem', 'faint', 106)"
0.9892869980136827,911,True,"('ksi_Gem', 'faint', 106)"
0.9852343868636978,912,True,"('ksi_Gem', 'faint', 106)"
0.9821684634760757,913,True,"('ksi_Gem', 'faint', 106)"
0.9843829203620494,914,True,"('ksi_Gem', 'faint', 106)"
0.9618763279871505,915,True,"('ksi_Gem', 'faint', 106)"
0.9800252508002903,916,True,"('ksi_Gem', 'faint', 106)"
0.9960057017283066,917,True,"('ksi_Gem', 'faint', 106)"
0.9466595848192111,918,True,"('ksi_Gem', 'faint', 106)"
0.9833519620132408,919,True,"('ksi_Gem', 'faint', 106)"
0.9972310563309441,920,True,"('ksi_Gem', 'faint', 106)"
0.9786642907977124,921,True,"('ksi_Gem', 'faint', 106)"
0.9880559357188432,922,True,"('ksi_Gem', 'faint', 106)"
0.9795142578741893,923,True,"('ksi_Gem', 'faint', 106)"
0.9757426651700902,924,True,"('ksi_Gem', 'faint', 106)"
0.9964886057111892,925,True,"('ksi_Gem', 'faint', 106)"
0.968562047769695,926,True,"('ksi_Gem', 'faint', 106)"
0.9502781995145951,927,True,"('ksi_Gem', 'faint', 106)"
0.9504426442555578,928,True,"('ksi_Gem', 'faint', 106)"
0.9813381763174291,929,True,"('ksi_Gem', 'faint', 106)"
1.0242070317584606,930,True,"('ksi_Gem', 'faint', 106)"
0.9978007381332448,931,True,"('ksi_Gem', 'faint', 106)"
1.011043560097878,932,True,"('ksi_Gem', 'faint', 106)"
0.9878333899205702,933,True,"('ksi_Gem', 'faint', 106)"
0.9793806940911743,934,True,"('ksi_Gem', 'faint', 106)"
0.9634069224031008,935,True,"('ksi_Gem', 'faint', 106)"
0.9816516078180938,936,True,"('ksi_Gem', 'faint', 106)"
0.987807031312454,937,True,"('ksi_Gem', 'faint', 106)"
0.9887305688339507,938,True,"('ksi_Gem', 'faint', 106)"
0.9967955141710848,939,True,"('ksi_Gem', 'faint', 106)"
0.9892145440886618,940,True,"('ksi_Gem', 'faint', 106)"
0.9805202873801617,941,True,"('ksi_Gem', 'faint', 106)"
0.9950478723666533,942,True,"('ksi_Gem', 'faint', 106)"
0.9884142830150655,943,True,"('ksi_Gem', 'faint', 106)"
0.9845173904335448,944,True,"('ksi_Gem', 'faint', 106)"
0.995519464726283,945,True,"('ksi_Gem', 'faint', 106)"
0.9894715504752065,946,True,"('ksi_Gem', 'faint', 106)"
1.008474826413447,947,True,"('ksi_Gem', 'faint', 106)"
0.9617571636710892,948,True,"('ksi_Gem', 'faint', 106)"
0.9949131083927609,949,True,"('ksi_Gem', 'faint', 106)"
0.971410773308179,950,True,"('ksi_Gem', 'faint', 106)"
1.0051065817843579,951,True,"('ksi_Gem', 'faint', 106)"
0.9911683086601715,952,True,"('ksi_Gem', 'faint', 106)"
0.9483104019696956,953,True,"('ksi_Gem', 'faint', 106)"
1.0016791717573172,954,True,"('ksi_Gem', 'faint', 106)"
0.9836075174531688,955,True,"('ksi_Gem', 'faint', 106)"
1.0189861255919035,956,True,"('ksi_Gem', 'faint', 106)"
1.0149733785525081,957,True,"('ksi_Gem', 'faint', 106)"
0.944792260768925,958,True,"('ksi_Gem', 'faint', 106)"
1.0044076261050652,959,True,"('ksi_Gem', 'faint', 106)"
0.9543948674809637,960,True,"('ksi_Gem', 'faint', 106)"
0.9858291759407921,961,True,"('ksi_Gem', 'faint', 106)"
0.9994452687515132,962,True,"('ksi_Gem', 'faint', 106)"
0.9971328197803054,963,True,"('ksi_Gem', 'faint', 106)"
1.0131209226417421,964,True,"('ksi_Gem', 'faint', 106)"
0.9649078754082544,965,True,"('ksi_Gem', 'faint', 106)"
0.9854473519094792,966,True,"('ksi_Gem', 'faint', 106)"
0.9685639589091946,967,True,"('ksi_Gem', 'faint', 106)"
0.9562789151504708,968,True,"('ksi_Gem', 'faint', 106)"
0.9944663831565953,969,True,"('ksi_Gem', 'faint', 106)"
0.9772239641854702,970,True,"('ksi_Gem', 'faint', 106)"
1.0091854148893127,971,True,"('ksi_Gem', 'faint', 106)"
0.9882906850165305,972,True,"('ksi_Gem', 'faint', 106)"
0.9909465110375589,973,True,"('ksi_Gem', 'faint', 106)"
0.9960476963382234,974,True,"('ksi_Gem', 'faint', 106)"
0.9700970980441908,975,True,"('ksi_Gem', 'faint', 106)"
0.962978419443766,976,True,"('ksi_Gem', 'faint', 106)"
0.991735693571452,977,True,"('ksi_Gem', 'faint', 106)"
1.0108554791387514,978,True,"('ksi_Gem', 'faint', 106)"
1.0187192157781848,979,True,"('ksi_Gem', 'faint', 106)"
0.9809605699404426,980,True,"('ksi_Gem', 'faint', 106)"
0.9744421213553381,981,True,"('ksi_Gem', 'faint', 106)"
0.9979168014254465,982,True,"('ksi_Gem', 'faint', 106)"
0.9761564163646222,983,True,"('ksi_Gem', 'faint', 106)"
0.97645608345022,984,True,"('ksi_Gem', 'faint', 106)"
0.9684165535835377,985,True,"('ksi_Gem', 'faint', 106)"
0.9984732150390414,986,True,"('ksi_Gem', 'faint', 106)"
0.9690457582711974,987,True,"('ksi_Gem', 'faint', 106)"
1.0145270339404007,988,True,"('ksi_Gem', 'faint', 106)"
1.005826176607515,989,True,"('ksi_Gem', 'faint', 106)"
0.993329590271636,990,True,"('ksi_Gem', 'faint', 106)"
0.9915018478220583,991,True,"('ksi_Gem', 'faint', 106)"
0.9829331252216487,992,True,"('ksi_Gem', 'faint', 106)"
0.9897239828705533,993,True,"('ksi_Gem', 'faint', 106)"
0.9493459998656438,994,True,"('ksi_Gem', 'faint', 106)"
1.0069794198297488,995,True,"('ksi_Gem', 'faint', 106)"
0.9845332485213156,996,True,"('ksi_Gem', 'faint', 106)"
0.9715319865987638,997,True,"('ksi_Gem', 'faint', 106)"
0.994114440244599,998,True,"('ksi_Gem', 'faint', 106)"
0.9884471040779363,999,True,"('ksi_Gem', 'faint', 106)"
1.4374987673731854,0,True,"('ksi_Gem', 'bright', 106)"
1.4121303272798273,1,True,"('ksi_Gem', 'bright', 106)"
1.3861474867395371,2,True,"('ksi_Gem', 'bright', 106)"
1.3648967660610902,3,True,"('ksi_Gem', 'bright', 106)"
1.386803236281753,4,True,"('ksi_Gem', 'bright', 106)"
1.38094532939388,5,True,"('ksi_Gem', 'bright', 106)"
1.3984916015323352,6,True,"('ksi_Gem', 'bright', 106)"
1.3916270141346048,7,True,"('ksi_Gem', 'bright', 106)"
1.3872211117678634,8,True,"('ksi_Gem', 'bright', 106)"
1.46395922737877,9,True,"('ksi_Gem', 'bright', 106)"
1.4043855980813154,10,True,"('ksi_Gem', 'bright', 106)"
1.4411262642262666,11,True,"('ksi_Gem', 'bright', 106)"
1.4396605610119497,12,True,"('ksi_Gem', 'bright', 106)"
1.3852630989826387,13,True,"('ksi_Gem', 'bright', 106)"
1.3867847873847905,14,True,"('ksi_Gem', 'bright', 106)"
1.4273145558085825,15,True,"('ksi_Gem', 'bright', 106)"
1.4635495272934507,16,True,"('ksi_Gem', 'bright', 106)"
1.397079983489244,17,True,"('ksi_Gem', 'bright', 106)"
1.4105476292466883,18,True,"('ksi_Gem', 'bright', 106)"
1.3757748800556429,19,True,"('ksi_Gem', 'bright', 106)"
1.4122704154795545,20,True,"('ksi_Gem', 'bright', 106)"
1.374886338630066,21,True,"('ksi_Gem', 'bright', 106)"
1.4230309304953352,22,True,"('ksi_Gem', 'bright', 106)"
1.410266177654438,23,True,"('ksi_Gem', 'bright', 106)"
1.3995927650580542,24,True,"('ksi_Gem', 'bright', 106)"
1.4257414235177717,25,True,"('ksi_Gem', 'bright', 106)"
1.3877813022412935,26,True,"('ksi_Gem', 'bright', 106)"
1.4085386840602714,27,True,"('ksi_Gem', 'bright', 106)"
1.4401498435640052,28,True,"('ksi_Gem', 'bright', 106)"
1.3800880187474907,29,True,"('ksi_Gem', 'bright', 106)"
1.3905424195690792,30,True,"('ksi_Gem', 'bright', 106)"
1.4087880266735888,31,True,"('ksi_Gem', 'bright', 106)"
1.370703222965563,32,True,"('ksi_Gem', 'bright', 106)"
1.3942858839123518,33,True,"('ksi_Gem', 'bright', 106)"
1.437808474579533,34,True,"('ksi_Gem', 'bright', 106)"
1.4253558635215957,35,True,"('ksi_Gem', 'bright', 106)"
1.3427906559791858,36,True,"('ksi_Gem', 'bright', 106)"
1.3973783394099064,37,True,"('ksi_Gem', 'bright', 106)"
1.3685382693819323,38,True,"('ksi_Gem', 'bright', 106)"
1.394836784909296,39,True,"('ksi_Gem', 'bright', 106)"
1.423357486982229,40,True,"('ksi_Gem', 'bright', 106)"
1.38521886213552,41,True,"('ksi_Gem', 'bright', 106)"
1.4028377298088837,42,True,"('ksi_Gem', 'bright', 106)"
1.3914297027485756,43,True,"('ksi_Gem', 'bright', 106)"
1.3959340891334489,44,True,"('ksi_Gem', 'bright', 106)"
1.3944608022281184,45,True,"('ksi_Gem', 'bright', 106)"
1.4275051806651828,46,True,"('ksi_Gem', 'bright', 106)"
1.3351744493785431,47,True,"('ksi_Gem', 'bright', 106)"
1.3691895787384152,48,True,"('ksi_Gem', 'bright', 106)"
1.4100626445487348,49,True,"('ksi_Gem', 'bright', 106)"
1.377043035968599,50,True,"('ksi_Gem', 'bright', 106)"
1.4066037288262545,51,True,"('ksi_Gem', 'bright', 106)"
1.3857641896510928,52,True,"('ksi_Gem', 'bright', 106)"
1.4246082794444512,53,True,"('ksi_Gem', 'bright', 106)"
1.4167117062368175,54,True,"('ksi_Gem', 'bright', 106)"
1.41886691575176,55,True,"('ksi_Gem', 'bright', 106)"
1.3755982931636537,56,True,"('ksi_Gem', 'bright', 106)"
1.3842403527046392,57,True,"('ksi_Gem', 'bright', 106)"
1.4039589142930577,58,True,"('ksi_Gem', 'bright', 106)"
1.3979358480459945,59,True,"('ksi_Gem', 'bright', 106)"
1.383250189714126,60,True,"('ksi_Gem', 'bright', 106)"
1.4449620873518563,61,True,"('ksi_Gem', 'bright', 106)"
1.4110453494233894,62,True,"('ksi_Gem', 'bright', 106)"
1.3960537503119903,63,True,"('ksi_Gem', 'bright', 106)"
1.398449687971049,64,True,"('ksi_Gem', 'bright', 106)"
1.3934407932854158,65,True,"('ksi_Gem', 'bright', 106)"
1.41541870589149,66,True,"('ksi_Gem', 'bright', 106)"
1.3538562347722796,67,True,"('ksi_Gem', 'bright', 106)"
1.4492346996069054,68,True,"('ksi_Gem', 'bright', 106)"
1.411626795173145,69,True,"('ksi_Gem', 'bright', 106)"
1.3890083352563813,70,True,"('ksi_Gem', 'bright', 106)"
1.389400354032675,71,True,"('ksi_Gem', 'bright', 106)"
1.3960707363274583,72,True,"('ksi_Gem', 'bright', 106)"
1.4164983689200077,73,True,"('ksi_Gem', 'bright', 106)"
1.3895552177352701,74,True,"('ksi_Gem', 'bright', 106)"
1.4486197935814185,75,True,"('ksi_Gem', 'bright', 106)"
1.3956341102107905,76,True,"('ksi_Gem', 'bright', 106)"
1.353109923568358,77,True,"('ksi_Gem', 'bright', 106)"
1.4035155882856316,78,True,"('ksi_Gem', 'bright', 106)"
1.447468675825475,79,True,"('ksi_Gem', 'bright', 106)"
1.3726981240415574,80,True,"('ksi_Gem', 'bright', 106)"
1.4004939344183975,81,True,"('ksi_Gem', 'bright', 106)"
1.3767698022504729,82,True,"('ksi_Gem', 'bright', 106)"
1.377170388996268,83,True,"('ksi_Gem', 'bright', 106)"
1.4843533433650276,84,True,"('ksi_Gem', 'bright', 106)"
1.3515777826747373,85,True,"('ksi_Gem', 'bright', 106)"
1.417287154633493,86,True,"('ksi_Gem', 'bright', 106)"
1.35007256550892,87,True,"('ksi_Gem', 'bright', 106)"
1.4007185919670035,88,True,"('ksi_Gem', 'bright', 106)"
1.3521251719186314,89,True,"('ksi_Gem', 'bright', 106)"
1.4370415421899128,90,True,"('ksi_Gem', 'bright', 106)"
1.382245649961286,91,True,"('ksi_Gem', 'bright', 106)"
1.4361198920631975,92,True,"('ksi_Gem', 'bright', 106)"
1.375711538871842,93,True,"('ksi_Gem', 'bright', 106)"
1.3979458412247245,94,True,"('ksi_Gem', 'bright', 106)"
1.360907373302289,95,True,"('ksi_Gem', 'bright', 106)"
1.3901532838465138,96,True,"('ksi_Gem', 'bright', 106)"
1.420945790539929,97,True,"('ksi_Gem', 'bright', 106)"
1.4082062948299936,98,True,"('ksi_Gem', 'bright', 106)"
1.3900692546556463,99,True,"('ksi_Gem', 'bright', 106)"
1.4986646419714917,100,True,"('ksi_Gem', 'bright', 106)"
1.4033278639168616,101,True,"('ksi_Gem', 'bright', 106)"
1.3807787454424165,102,True,"('ksi_Gem', 'bright', 106)"
1.377905040128938,103,True,"('ksi_Gem', 'bright', 106)"
1.3730349916151905,104,True,"('ksi_Gem', 'bright', 106)"
1.3817265024809506,105,True,"('ksi_Gem', 'bright', 106)"
1.4080812511670446,106,True,"('ksi_Gem', 'bright', 106)"
1.4291360420761179,107,True,"('ksi_Gem', 'bright', 106)"
1.4429539203120214,108,True,"('ksi_Gem', 'bright', 106)"
1.389168887821988,109,True,"('ksi_Gem', 'bright', 106)"
1.4323136914234789,110,True,"('ksi_Gem', 'bright', 106)"
1.3937443098543298,111,True,"('ksi_Gem', 'bright', 106)"
1.3983452884634349,112,True,"('ksi_Gem', 'bright', 106)"
1.375508059395917,113,True,"('ksi_Gem', 'bright', 106)"
1.3966557933582366,114,True,"('ksi_Gem', 'bright', 106)"
1.41950554004241,115,True,"('ksi_Gem', 'bright', 106)"
1.3809272677978073,116,True,"('ksi_Gem', 'bright', 106)"
1.4184397190884586,117,True,"('ksi_Gem', 'bright', 106)"
1.3907283436820275,118,True,"('ksi_Gem', 'bright', 106)"
1.3780842748783908,119,True,"('ksi_Gem', 'bright', 106)"
1.4423181815633308,120,True,"('ksi_Gem', 'bright', 106)"
1.4201317041471158,121,True,"('ksi_Gem', 'bright', 106)"
1.3914924282571046,122,True,"('ksi_Gem', 'bright', 106)"
1.4138275574673769,123,True,"('ksi_Gem', 'bright', 106)"
1.403811101199832,124,True,"('ksi_Gem', 'bright', 106)"
1.3813997439932422,125,True,"('ksi_Gem', 'bright', 106)"
1.4310823206289809,126,True,"('ksi_Gem', 'bright', 106)"
1.380771209082022,127,True,"('ksi_Gem', 'bright', 106)"
1.395749989465028,128,True,"('ksi_Gem', 'bright', 106)"
1.3909898580363504,129,True,"('ksi_Gem', 'bright', 106)"
1.4118486745067307,130,True,"('ksi_Gem', 'bright', 106)"
1.404754527470021,131,True,"('ksi_Gem', 'bright', 106)"
1.3731612647497993,132,True,"('ksi_Gem', 'bright', 106)"
1.4007704588676937,133,True,"('ksi_Gem', 'bright', 106)"
1.4063529267422854,134,True,"('ksi_Gem', 'bright', 106)"
1.4336003794261585,135,True,"('ksi_Gem', 'bright', 106)"
1.4103933294929334,136,True,"('ksi_Gem', 'bright', 106)"
1.4318086124096905,137,True,"('ksi_Gem', 'bright', 106)"
1.3994822733067536,138,True,"('ksi_Gem', 'bright', 106)"
1.4375380350153244,139,True,"('ksi_Gem', 'bright', 106)"
1.4095988067071052,140,True,"('ksi_Gem', 'bright', 106)"
1.402539788661873,141,True,"('ksi_Gem', 'bright', 106)"
1.432419607111052,142,True,"('ksi_Gem', 'bright', 106)"
1.424492980495497,143,True,"('ksi_Gem', 'bright', 106)"
1.4105684717062805,144,True,"('ksi_Gem', 'bright', 106)"
1.3439410641727145,145,True,"('ksi_Gem', 'bright', 106)"
1.4129830092733828,146,True,"('ksi_Gem', 'bright', 106)"
1.3747791578827055,147,True,"('ksi_Gem', 'bright', 106)"
1.3849224979848145,148,True,"('ksi_Gem', 'bright', 106)"
1.4042023596570963,149,True,"('ksi_Gem', 'bright', 106)"
1.3812499287652984,150,True,"('ksi_Gem', 'bright', 106)"
1.3721819369515573,151,True,"('ksi_Gem', 'bright', 106)"
1.4161071762868542,152,True,"('ksi_Gem', 'bright', 106)"
1.4441185226302886,153,True,"('ksi_Gem', 'bright', 106)"
1.4178047005666157,154,True,"('ksi_Gem', 'bright', 106)"
1.3346869319712142,155,True,"('ksi_Gem', 'bright', 106)"
1.4129568963963923,156,True,"('ksi_Gem', 'bright', 106)"
1.4367855364760929,157,True,"('ksi_Gem', 'bright', 106)"
1.3909769977045299,158,True,"('ksi_Gem', 'bright', 106)"
1.3796541408160983,159,True,"('ksi_Gem', 'bright', 106)"
1.3825303335559693,160,True,"('ksi_Gem', 'bright', 106)"
1.4298374635778692,161,True,"('ksi_Gem', 'bright', 106)"
1.3761134452022805,162,True,"('ksi_Gem', 'bright', 106)"
1.3991811309764437,163,True,"('ksi_Gem', 'bright', 106)"
1.3859707953007652,164,True,"('ksi_Gem', 'bright', 106)"
1.3667577789839644,165,True,"('ksi_Gem', 'bright', 106)"
1.4281774149361681,166,True,"('ksi_Gem', 'bright', 106)"
1.3731228368966666,167,True,"('ksi_Gem', 'bright', 106)"
1.4437087703270588,168,True,"('ksi_Gem', 'bright', 106)"
1.414410870444885,169,True,"('ksi_Gem', 'bright', 106)"
1.4077133155137558,170,True,"('ksi_Gem', 'bright', 106)"
1.4205242317267444,171,True,"('ksi_Gem', 'bright', 106)"
1.3622994973446108,172,True,"('ksi_Gem', 'bright', 106)"
1.4348089118101686,173,True,"('ksi_Gem', 'bright', 106)"
1.4093925839798565,174,True,"('ksi_Gem', 'bright', 106)"
1.4114901339677999,175,True,"('ksi_Gem', 'bright', 106)"
1.4252208106433604,176,True,"('ksi_Gem', 'bright', 106)"
1.3981539414149922,177,True,"('ksi_Gem', 'bright', 106)"
1.4457544278951513,178,True,"('ksi_Gem', 'bright', 106)"
1.423684442548456,179,True,"('ksi_Gem', 'bright', 106)"
1.388920470988722,180,True,"('ksi_Gem', 'bright', 106)"
1.4032952494910518,181,True,"('ksi_Gem', 'bright', 106)"
1.4093525396165165,182,True,"('ksi_Gem', 'bright', 106)"
1.400629567949307,183,True,"('ksi_Gem', 'bright', 106)"
1.4114466615760082,184,True,"('ksi_Gem', 'bright', 106)"
1.4164311660707996,185,True,"('ksi_Gem', 'bright', 106)"
1.362567782638987,186,True,"('ksi_Gem', 'bright', 106)"
1.3782856549891151,187,True,"('ksi_Gem', 'bright', 106)"
1.3948043231920986,188,True,"('ksi_Gem', 'bright', 106)"
1.4194005659394098,189,True,"('ksi_Gem', 'bright', 106)"
1.3633066834109184,190,True,"('ksi_Gem', 'bright', 106)"
1.4329293309627853,191,True,"('ksi_Gem', 'bright', 106)"
1.3844091588858478,192,True,"('ksi_Gem', 'bright', 106)"
1.3650929493845467,193,True,"('ksi_Gem', 'bright', 106)"
1.4357903190722268,194,True,"('ksi_Gem', 'bright', 106)"
1.4051522709260929,195,True,"('ksi_Gem', 'bright', 106)"
1.3800085922793446,196,True,"('ksi_Gem', 'bright', 106)"
1.3900437108387622,197,True,"('ksi_Gem', 'bright', 106)"
1.3976198144076624,198,True,"('ksi_Gem', 'bright', 106)"
1.396797456538914,199,True,"('ksi_Gem', 'bright', 106)"
1.3966778038632652,200,True,"('ksi_Gem', 'bright', 106)"
1.3761106122541804,201,True,"('ksi_Gem', 'bright', 106)"
1.4214135706871716,202,True,"('ksi_Gem', 'bright', 106)"
1.3825928671038072,203,True,"('ksi_Gem', 'bright', 106)"
1.415301327200986,204,True,"('ksi_Gem', 'bright', 106)"
1.4096017023294451,205,True,"('ksi_Gem', 'bright', 106)"
1.3927182976333836,206,True,"('ksi_Gem', 'bright', 106)"
1.4144537432704782,207,True,"('ksi_Gem', 'bright', 106)"
1.3822616782987676,208,True,"('ksi_Gem', 'bright', 106)"
1.3953976746023422,209,True,"('ksi_Gem', 'bright', 106)"
1.385810155978643,210,True,"('ksi_Gem', 'bright', 106)"
1.387853762315022,211,True,"('ksi_Gem', 'bright', 106)"
1.3957525873415206,212,True,"('ksi_Gem', 'bright', 106)"
1.3993090614634374,213,True,"('ksi_Gem', 'bright', 106)"
1.4236893258930574,214,True,"('ksi_Gem', 'bright', 106)"
1.4050162028347297,215,True,"('ksi_Gem', 'bright', 106)"
1.4296169630242712,216,True,"('ksi_Gem', 'bright', 106)"
1.383064491548058,217,True,"('ksi_Gem', 'bright', 106)"
1.3655262622944706,218,True,"('ksi_Gem', 'bright', 106)"
1.422019578655083,219,True,"('ksi_Gem', 'bright', 106)"
1.400419233256006,220,True,"('ksi_Gem', 'bright', 106)"
1.3783707087215478,221,True,"('ksi_Gem', 'bright', 106)"
1.4065015906590168,222,True,"('ksi_Gem', 'bright', 106)"
1.3621619196999013,223,True,"('ksi_Gem', 'bright', 106)"
1.3878388547488927,224,True,"('ksi_Gem', 'bright', 106)"
1.393323742668754,225,True,"('ksi_Gem', 'bright', 106)"
1.4412756354943128,226,True,"('ksi_Gem', 'bright', 106)"
1.4228643040268596,227,True,"('ksi_Gem', 'bright', 106)"
1.4227481333972192,228,True,"('ksi_Gem', 'bright', 106)"
1.415703725217531,229,True,"('ksi_Gem', 'bright', 106)"
1.3814863012457455,230,True,"('ksi_Gem', 'bright', 106)"
1.4101361861696218,231,True,"('ksi_Gem', 'bright', 106)"
1.372382072205014,232,True,"('ksi_Gem', 'bright', 106)"
1.4302175719680845,233,True,"('ksi_Gem', 'bright', 106)"
1.4184718914813064,234,True,"('ksi_Gem', 'bright', 106)"
1.41302930168833,235,True,"('ksi_Gem', 'bright', 106)"
1.3906533551620552,236,True,"('ksi_Gem', 'bright', 106)"
1.4134389810549686,237,True,"('ksi_Gem', 'bright', 106)"
1.3834293393508443,238,True,"('ksi_Gem', 'bright', 106)"
1.4194061466442138,239,True,"('ksi_Gem', 'bright', 106)"
1.3708704268044212,240,True,"('ksi_Gem', 'bright', 106)"
1.387214328413276,241,True,"('ksi_Gem', 'bright', 106)"
1.3606371707442515,242,True,"('ksi_Gem', 'bright', 106)"
1.4165843222076473,243,True,"('ksi_Gem', 'bright', 106)"
1.3675700597858003,244,True,"('ksi_Gem', 'bright', 106)"
1.3770370905555338,245,True,"('ksi_Gem', 'bright', 106)"
1.4371527098478971,246,True,"('ksi_Gem', 'bright', 106)"
1.4075760663582297,247,True,"('ksi_Gem', 'bright', 106)"
1.4428216606665811,248,True,"('ksi_Gem', 'bright', 106)"
1.4338334613661592,249,True,"('ksi_Gem', 'bright', 106)"
1.3962570487004264,250,True,"('ksi_Gem', 'bright', 106)"
1.3665193103830797,251,True,"('ksi_Gem', 'bright', 106)"
1.4404700071036787,252,True,"('ksi_Gem', 'bright', 106)"
1.3703427560069799,253,True,"('ksi_Gem', 'bright', 106)"
1.382217227978641,254,True,"('ksi_Gem', 'bright', 106)"
1.4227416060335467,255,True,"('ksi_Gem', 'bright', 106)"
1.3673566294366368,256,True,"('ksi_Gem', 'bright', 106)"
1.358380477727676,257,True,"('ksi_Gem', 'bright', 106)"
1.390008746458792,258,True,"('ksi_Gem', 'bright', 106)"
1.3708015850609547,259,True,"('ksi_Gem', 'bright', 106)"
1.4249198669247112,260,True,"('ksi_Gem', 'bright', 106)"
1.375465900045795,261,True,"('ksi_Gem', 'bright', 106)"
1.4091499837835255,262,True,"('ksi_Gem', 'bright', 106)"
1.4151726585516755,263,True,"('ksi_Gem', 'bright', 106)"
1.388388861299765,264,True,"('ksi_Gem', 'bright', 106)"
1.4358333202908662,265,True,"('ksi_Gem', 'bright', 106)"
1.3850443970231363,266,True,"('ksi_Gem', 'bright', 106)"
1.4166209065709554,267,True,"('ksi_Gem', 'bright', 106)"
1.4037043924485373,268,True,"('ksi_Gem', 'bright', 106)"
1.4112620870276849,269,True,"('ksi_Gem', 'bright', 106)"
1.3749643336187554,270,True,"('ksi_Gem', 'bright', 106)"
1.4554855746201003,271,True,"('ksi_Gem', 'bright', 106)"
1.4422464405229503,272,True,"('ksi_Gem', 'bright', 106)"
1.398284904757143,273,True,"('ksi_Gem', 'bright', 106)"
1.4001384648213424,274,True,"('ksi_Gem', 'bright', 106)"
1.3717337485135142,275,True,"('ksi_Gem', 'bright', 106)"
1.4020222203785928,276,True,"('ksi_Gem', 'bright', 106)"
1.3959860608884618,277,True,"('ksi_Gem', 'bright', 106)"
1.4004969375016334,278,True,"('ksi_Gem', 'bright', 106)"
1.4002296776689662,279,True,"('ksi_Gem', 'bright', 106)"
1.401109874957079,280,True,"('ksi_Gem', 'bright', 106)"
1.3983195040085863,281,True,"('ksi_Gem', 'bright', 106)"
1.3744428519488932,282,True,"('ksi_Gem', 'bright', 106)"
1.4223129164296353,283,True,"('ksi_Gem', 'bright', 106)"
1.4499722251825096,284,True,"('ksi_Gem', 'bright', 106)"
1.3756674199067473,285,True,"('ksi_Gem', 'bright', 106)"
1.3655833316581611,286,True,"('ksi_Gem', 'bright', 106)"
1.3653906314580606,287,True,"('ksi_Gem', 'bright', 106)"
1.3644456981966402,288,True,"('ksi_Gem', 'bright', 106)"
1.4044914632483332,289,True,"('ksi_Gem', 'bright', 106)"
1.3837796456208948,290,True,"('ksi_Gem', 'bright', 106)"
1.418664813185106,291,True,"('ksi_Gem', 'bright', 106)"
1.3847462636471328,292,True,"('ksi_Gem', 'bright', 106)"
1.3882187004321047,293,True,"('ksi_Gem', 'bright', 106)"
1.3801859579005396,294,True,"('ksi_Gem', 'bright', 106)"
1.3926890408029504,295,True,"('ksi_Gem', 'bright', 106)"
1.403259818710759,296,True,"('ksi_Gem', 'bright', 106)"
1.397008219909012,297,True,"('ksi_Gem', 'bright', 106)"
1.4271502761881434,298,True,"('ksi_Gem', 'bright', 106)"
1.4123149341278367,299,True,"('ksi_Gem', 'bright', 106)"
1.3902249710213894,300,True,"('ksi_Gem', 'bright', 106)"
1.356368708706889,301,True,"('ksi_Gem', 'bright', 106)"
1.400768603049261,302,True,"('ksi_Gem', 'bright', 106)"
1.451483222596701,303,True,"('ksi_Gem', 'bright', 106)"
1.408092774483412,304,True,"('ksi_Gem', 'bright', 106)"
1.3789618481135715,305,True,"('ksi_Gem', 'bright', 106)"
1.395769893369685,306,True,"('ksi_Gem', 'bright', 106)"
1.3736649273848534,307,True,"('ksi_Gem', 'bright', 106)"
1.4327926083566453,308,True,"('ksi_Gem', 'bright', 106)"
1.4112754881665928,309,True,"('ksi_Gem', 'bright', 106)"
1.4226138790749971,310,True,"('ksi_Gem', 'bright', 106)"
1.4186814799413536,311,True,"('ksi_Gem', 'bright', 106)"
1.3885128540223959,312,True,"('ksi_Gem', 'bright', 106)"
1.4256197579937362,313,True,"('ksi_Gem', 'bright', 106)"
1.4139961538186492,314,True,"('ksi_Gem', 'bright', 106)"
1.4000399455772115,315,True,"('ksi_Gem', 'bright', 106)"
1.4383509479498522,316,True,"('ksi_Gem', 'bright', 106)"
1.4406447110727683,317,True,"('ksi_Gem', 'bright', 106)"
1.3564847275770355,318,True,"('ksi_Gem', 'bright', 106)"
1.4157882362795524,319,True,"('ksi_Gem', 'bright', 106)"
1.39184116318641,320,True,"('ksi_Gem', 'bright', 106)"
1.3952721317732262,321,True,"('ksi_Gem', 'bright', 106)"
1.3989622492871268,322,True,"('ksi_Gem', 'bright', 106)"
1.380793880954546,323,True,"('ksi_Gem', 'bright', 106)"
1.3463848810111612,324,True,"('ksi_Gem', 'bright', 106)"
1.434412374285366,325,True,"('ksi_Gem', 'bright', 106)"
1.3872169285408134,326,True,"('ksi_Gem', 'bright', 106)"
1.4093297725112452,327,True,"('ksi_Gem', 'bright', 106)"
1.4177589449214256,328,True,"('ksi_Gem', 'bright', 106)"
1.4412741891691803,329,True,"('ksi_Gem', 'bright', 106)"
1.4433953407403652,330,True,"('ksi_Gem', 'bright', 106)"
1.3911624870238484,331,True,"('ksi_Gem', 'bright', 106)"
1.3585019245061587,332,True,"('ksi_Gem', 'bright', 106)"
1.389958099599056,333,True,"('ksi_Gem', 'bright', 106)"
1.416114236744748,334,True,"('ksi_Gem', 'bright', 106)"
1.3614495647124858,335,True,"('ksi_Gem', 'bright', 106)"
1.3787606355626745,336,True,"('ksi_Gem', 'bright', 106)"
1.3847526383346418,337,True,"('ksi_Gem', 'bright', 106)"
1.3835699664866679,338,True,"('ksi_Gem', 'bright', 106)"
1.377664507365181,339,True,"('ksi_Gem', 'bright', 106)"
1.4421694323236434,340,True,"('ksi_Gem', 'bright', 106)"
1.4007693636009066,341,True,"('ksi_Gem', 'bright', 106)"
1.4202292085482722,342,True,"('ksi_Gem', 'bright', 106)"
1.3782905249988446,343,True,"('ksi_Gem', 'bright', 106)"
1.399172401599037,344,True,"('ksi_Gem', 'bright', 106)"
1.3844355306003444,345,True,"('ksi_Gem', 'bright', 106)"
1.4116537140546563,346,True,"('ksi_Gem', 'bright', 106)"
1.463539405237372,347,True,"('ksi_Gem', 'bright', 106)"
1.3744709569230316,348,True,"('ksi_Gem', 'bright', 106)"
1.3757079716239804,349,True,"('ksi_Gem', 'bright', 106)"
1.417899074086984,350,True,"('ksi_Gem', 'bright', 106)"
1.421262450805084,351,True,"('ksi_Gem', 'bright', 106)"
1.3972280088976916,352,True,"('ksi_Gem', 'bright', 106)"
1.4209064521547556,353,True,"('ksi_Gem', 'bright', 106)"
1.4156996846119088,354,True,"('ksi_Gem', 'bright', 106)"
1.4541434534030573,355,True,"('ksi_Gem', 'bright', 106)"
1.4279542966638772,356,True,"('ksi_Gem', 'bright', 106)"
1.3995116320534184,357,True,"('ksi_Gem', 'bright', 106)"
1.3914334990466652,358,True,"('ksi_Gem', 'bright', 106)"
1.4109608215467841,359,True,"('ksi_Gem', 'bright', 106)"
1.4050401944032032,360,True,"('ksi_Gem', 'bright', 106)"
1.3705109643074866,361,True,"('ksi_Gem', 'bright', 106)"
1.4097454699614687,362,True,"('ksi_Gem', 'bright', 106)"
1.4335825162143718,363,True,"('ksi_Gem', 'bright', 106)"
1.3932222530208498,364,True,"('ksi_Gem', 'bright', 106)"
1.3774335396580781,365,True,"('ksi_Gem', 'bright', 106)"
1.3710958561170266,366,True,"('ksi_Gem', 'bright', 106)"
1.4043818064198783,367,True,"('ksi_Gem', 'bright', 106)"
1.402087997945829,368,True,"('ksi_Gem', 'bright', 106)"
1.4319727224137269,369,True,"('ksi_Gem', 'bright', 106)"
1.3726047691112062,370,True,"('ksi_Gem', 'bright', 106)"
1.4413611429055084,371,True,"('ksi_Gem', 'bright', 106)"
1.4192710646388251,372,True,"('ksi_Gem', 'bright', 106)"
1.4111550262718309,373,True,"('ksi_Gem', 'bright', 106)"
1.3962632202321152,374,True,"('ksi_Gem', 'bright', 106)"
1.4130850962693837,375,True,"('ksi_Gem', 'bright', 106)"
1.420004248818764,376,True,"('ksi_Gem', 'bright', 106)"
1.3971687190110471,377,True,"('ksi_Gem', 'bright', 106)"
1.4213455902723948,378,True,"('ksi_Gem', 'bright', 106)"
1.4125441700112376,379,True,"('ksi_Gem', 'bright', 106)"
1.4118862154999816,380,True,"('ksi_Gem', 'bright', 106)"
1.4295741078696886,381,True,"('ksi_Gem', 'bright', 106)"
1.361655681353276,382,True,"('ksi_Gem', 'bright', 106)"
1.386379964005447,383,True,"('ksi_Gem', 'bright', 106)"
1.3947770581957546,384,True,"('ksi_Gem', 'bright', 106)"
1.3705849088041175,385,True,"('ksi_Gem', 'bright', 106)"
1.4056603801428325,386,True,"('ksi_Gem', 'bright', 106)"
1.4075454901156204,387,True,"('ksi_Gem', 'bright', 106)"
1.4009906462096156,388,True,"('ksi_Gem', 'bright', 106)"
1.3735171892828208,389,True,"('ksi_Gem', 'bright', 106)"
1.3901474211977063,390,True,"('ksi_Gem', 'bright', 106)"
1.40496503485187,391,True,"('ksi_Gem', 'bright', 106)"
1.3932916712017456,392,True,"('ksi_Gem', 'bright', 106)"
1.3764950752510017,393,True,"('ksi_Gem', 'bright', 106)"
1.4168600349787284,394,True,"('ksi_Gem', 'bright', 106)"
1.4144432027464695,395,True,"('ksi_Gem', 'bright', 106)"
1.4320696036420597,396,True,"('ksi_Gem', 'bright', 106)"
1.397063753764832,397,True,"('ksi_Gem', 'bright', 106)"
1.4133137784203065,398,True,"('ksi_Gem', 'bright', 106)"
1.3749932849934055,399,True,"('ksi_Gem', 'bright', 106)"
1.3928415776426282,400,True,"('ksi_Gem', 'bright', 106)"
1.379705648484709,401,True,"('ksi_Gem', 'bright', 106)"
1.4209101568047486,402,True,"('ksi_Gem', 'bright', 106)"
1.3997935776978958,403,True,"('ksi_Gem', 'bright', 106)"
1.4222402785975876,404,True,"('ksi_Gem', 'bright', 106)"
1.388416741707421,405,True,"('ksi_Gem', 'bright', 106)"
1.407848600790042,406,True,"('ksi_Gem', 'bright', 106)"
1.3787940368863618,407,True,"('ksi_Gem', 'bright', 106)"
1.4136047209073956,408,True,"('ksi_Gem', 'bright', 106)"
1.4392886113859293,409,True,"('ksi_Gem', 'bright', 106)"
1.3935423097865833,410,True,"('ksi_Gem', 'bright', 106)"
1.3694519575173734,411,True,"('ksi_Gem', 'bright', 106)"
1.4023330420508604,412,True,"('ksi_Gem', 'bright', 106)"
1.4016504530978258,413,True,"('ksi_Gem', 'bright', 106)"
1.4269613316942764,414,True,"('ksi_Gem', 'bright', 106)"
1.4646541079009923,415,True,"('ksi_Gem', 'bright', 106)"
1.4993560134187929,416,True,"('ksi_Gem', 'bright', 106)"
1.398240003175451,417,True,"('ksi_Gem', 'bright', 106)"
1.423686157369567,418,True,"('ksi_Gem', 'bright', 106)"
1.4036066084522822,419,True,"('ksi_Gem', 'bright', 106)"
1.4108944317339487,420,True,"('ksi_Gem', 'bright', 106)"
1.4184601116469853,421,True,"('ksi_Gem', 'bright', 106)"
1.388053612030805,422,True,"('ksi_Gem', 'bright', 106)"
1.406327465215344,423,True,"('ksi_Gem', 'bright', 106)"
1.420897831339619,424,True,"('ksi_Gem', 'bright', 106)"
1.436862057379431,425,True,"('ksi_Gem', 'bright', 106)"
1.3953364661315697,426,True,"('ksi_Gem', 'bright', 106)"
1.383580142643859,427,True,"('ksi_Gem', 'bright', 106)"
1.4095234380563113,428,True,"('ksi_Gem', 'bright', 106)"
1.4195483895729433,429,True,"('ksi_Gem', 'bright', 106)"
1.399865682788016,430,True,"('ksi_Gem', 'bright', 106)"
1.3919974892138,431,True,"('ksi_Gem', 'bright', 106)"
1.4239307017282004,432,True,"('ksi_Gem', 'bright', 106)"
1.3908364553107955,433,True,"('ksi_Gem', 'bright', 106)"
1.4320052305848652,434,True,"('ksi_Gem', 'bright', 106)"
1.3795222905827613,435,True,"('ksi_Gem', 'bright', 106)"
1.4060431993150804,436,True,"('ksi_Gem', 'bright', 106)"
1.397097414840918,437,True,"('ksi_Gem', 'bright', 106)"
1.3937758890948282,438,True,"('ksi_Gem', 'bright', 106)"
1.4259576995143972,439,True,"('ksi_Gem', 'bright', 106)"
1.3719246597006993,440,True,"('ksi_Gem', 'bright', 106)"
1.4205633953715269,441,True,"('ksi_Gem', 'bright', 106)"
1.4001766224562866,442,True,"('ksi_Gem', 'bright', 106)"
1.4146208576376804,443,True,"('ksi_Gem', 'bright', 106)"
1.385069967662816,444,True,"('ksi_Gem', 'bright', 106)"
1.3768710815609835,445,True,"('ksi_Gem', 'bright', 106)"
1.414325331522563,446,True,"('ksi_Gem', 'bright', 106)"
1.3503989688595166,447,True,"('ksi_Gem', 'bright', 106)"
1.400586023227385,448,True,"('ksi_Gem', 'bright', 106)"
1.4180921493994787,449,True,"('ksi_Gem', 'bright', 106)"
1.4414057213110039,450,True,"('ksi_Gem', 'bright', 106)"
1.379809061471469,451,True,"('ksi_Gem', 'bright', 106)"
1.4180473989176963,452,True,"('ksi_Gem', 'bright', 106)"
1.4192503632363183,453,True,"('ksi_Gem', 'bright', 106)"
1.4246129674079893,454,True,"('ksi_Gem', 'bright', 106)"
1.38588951698516,455,True,"('ksi_Gem', 'bright', 106)"
1.4005188226488563,456,True,"('ksi_Gem', 'bright', 106)"
1.3995352881112253,457,True,"('ksi_Gem', 'bright', 106)"
1.3875496945893797,458,True,"('ksi_Gem', 'bright', 106)"
1.4042839711599853,459,True,"('ksi_Gem', 'bright', 106)"
1.3944375780742284,460,True,"('ksi_Gem', 'bright', 106)"
1.394075755811038,461,True,"('ksi_Gem', 'bright', 106)"
1.4013418797363129,462,True,"('ksi_Gem', 'bright', 106)"
1.3685501116520338,463,True,"('ksi_Gem', 'bright', 106)"
1.4242177794748614,464,True,"('ksi_Gem', 'bright', 106)"
1.4112567092349886,465,True,"('ksi_Gem', 'bright', 106)"
1.396565889375715,466,True,"('ksi_Gem', 'bright', 106)"
1.383140505071573,467,True,"('ksi_Gem', 'bright', 106)"
1.3987533172630449,468,True,"('ksi_Gem', 'bright', 106)"
1.373497672893716,469,True,"('ksi_Gem', 'bright', 106)"
1.415212711169747,470,True,"('ksi_Gem', 'bright', 106)"
1.395342684617795,471,True,"('ksi_Gem', 'bright', 106)"
1.4121004076348578,472,True,"('ksi_Gem', 'bright', 106)"
1.3988648686576282,473,True,"('ksi_Gem', 'bright', 106)"
1.3826573339385237,474,True,"('ksi_Gem', 'bright', 106)"
1.468622064212187,475,True,"('ksi_Gem', 'bright', 106)"
1.379627126634564,476,True,"('ksi_Gem', 'bright', 106)"
1.3529123232951352,477,True,"('ksi_Gem', 'bright', 106)"
1.4100810809316207,478,True,"('ksi_Gem', 'bright', 106)"
1.4432827093940153,479,True,"('ksi_Gem', 'bright', 106)"
1.368619101624782,480,True,"('ksi_Gem', 'bright', 106)"
1.3890824161767372,481,True,"('ksi_Gem', 'bright', 106)"
1.4185568142654499,482,True,"('ksi_Gem', 'bright', 106)"
1.4291762047328262,483,True,"('ksi_Gem', 'bright', 106)"
1.4125243262965128,484,True,"('ksi_Gem', 'bright', 106)"
1.4089999100096877,485,True,"('ksi_Gem', 'bright', 106)"
1.3948645301388656,486,True,"('ksi_Gem', 'bright', 106)"
1.4123970534689056,487,True,"('ksi_Gem', 'bright', 106)"
1.401952960878587,488,True,"('ksi_Gem', 'bright', 106)"
1.4254378094152507,489,True,"('ksi_Gem', 'bright', 106)"
1.3667526224300546,490,True,"('ksi_Gem', 'bright', 106)"
1.4184995055718106,491,True,"('ksi_Gem', 'bright', 106)"
1.4127710861605083,492,True,"('ksi_Gem', 'bright', 106)"
1.4135792490248076,493,True,"('ksi_Gem', 'bright', 106)"
1.3863442251613431,494,True,"('ksi_Gem', 'bright', 106)"
1.4077267577126533,495,True,"('ksi_Gem', 'bright', 106)"
1.4232477645605313,496,True,"('ksi_Gem', 'bright', 106)"
1.3935245113840546,497,True,"('ksi_Gem', 'bright', 106)"
1.3759053890346151,498,True,"('ksi_Gem', 'bright', 106)"
1.3709980356792661,499,True,"('ksi_Gem', 'bright', 106)"
1.3839351100799053,500,True,"('ksi_Gem', 'bright', 106)"
1.3769417845388463,501,True,"('ksi_Gem', 'bright', 106)"
1.3632397545900357,502,True,"('ksi_Gem', 'bright', 106)"
1.381528376306454,503,True,"('ksi_Gem', 'bright', 106)"
1.396724245299117,504,True,"('ksi_Gem', 'bright', 106)"
1.4154122862320764,505,True,"('ksi_Gem', 'bright', 106)"
1.3681152624798456,506,True,"('ksi_Gem', 'bright', 106)"
1.3931690961348429,507,True,"('ksi_Gem', 'bright', 106)"
1.4104304163087054,508,True,"('ksi_Gem', 'bright', 106)"
1.3806239623488203,509,True,"('ksi_Gem', 'bright', 106)"
1.3814846003721377,510,True,"('ksi_Gem', 'bright', 106)"
1.3711219378927393,511,True,"('ksi_Gem', 'bright', 106)"
1.3861586909978065,512,True,"('ksi_Gem', 'bright', 106)"
1.4039661700821344,513,True,"('ksi_Gem', 'bright', 106)"
1.3934711034389633,514,True,"('ksi_Gem', 'bright', 106)"
1.4186324041712337,515,True,"('ksi_Gem', 'bright', 106)"
1.3969986719008745,516,True,"('ksi_Gem', 'bright', 106)"
1.430761249894702,517,True,"('ksi_Gem', 'bright', 106)"
1.4021477282100199,518,True,"('ksi_Gem', 'bright', 106)"
1.3680871900717178,519,True,"('ksi_Gem', 'bright', 106)"
1.3763810402059435,520,True,"('ksi_Gem', 'bright', 106)"
1.3723337461310916,521,True,"('ksi_Gem', 'bright', 106)"
1.3907499913698318,522,True,"('ksi_Gem', 'bright', 106)"
1.3888355675234063,523,True,"('ksi_Gem', 'bright', 106)"
1.4490336509140154,524,True,"('ksi_Gem', 'bright', 106)"
1.3918417099190685,525,True,"('ksi_Gem', 'bright', 106)"
1.3816529396743622,526,True,"('ksi_Gem', 'bright', 106)"
1.4461300181947374,527,True,"('ksi_Gem', 'bright', 106)"
1.4560162753073882,528,True,"('ksi_Gem', 'bright', 106)"
1.392793039449207,529,True,"('ksi_Gem', 'bright', 106)"
1.3675194591397135,530,True,"('ksi_Gem', 'bright', 106)"
1.4024007996797074,531,True,"('ksi_Gem', 'bright', 106)"
1.4237934844514106,532,True,"('ksi_Gem', 'bright', 106)"
1.4212462675082294,533,True,"('ksi_Gem', 'bright', 106)"
1.3959696899622556,534,True,"('ksi_Gem', 'bright', 106)"
1.4476657858392716,535,True,"('ksi_Gem', 'bright', 106)"
1.3871117830458604,536,True,"('ksi_Gem', 'bright', 106)"
1.3774366537126783,537,True,"('ksi_Gem', 'bright', 106)"
1.4378271118258314,538,True,"('ksi_Gem', 'bright', 106)"
1.396036975385993,539,True,"('ksi_Gem', 'bright', 106)"
1.4281580457827607,540,True,"('ksi_Gem', 'bright', 106)"
1.4292586058903702,541,True,"('ksi_Gem', 'bright', 106)"
1.430908731623192,542,True,"('ksi_Gem', 'bright', 106)"
1.375856672319771,543,True,"('ksi_Gem', 'bright', 106)"
1.4009589796017254,544,True,"('ksi_Gem', 'bright', 106)"
1.4092612918194305,545,True,"('ksi_Gem', 'bright', 106)"
1.4558169439658262,546,True,"('ksi_Gem', 'bright', 106)"
1.3971338660434012,547,True,"('ksi_Gem', 'bright', 106)"
1.3891772020294395,548,True,"('ksi_Gem', 'bright', 106)"
1.407685707085542,549,True,"('ksi_Gem', 'bright', 106)"
1.4247172851917824,550,True,"('ksi_Gem', 'bright', 106)"
1.4276812080250172,551,True,"('ksi_Gem', 'bright', 106)"
1.382605821204774,552,True,"('ksi_Gem', 'bright', 106)"
1.4360922482273253,553,True,"('ksi_Gem', 'bright', 106)"
1.3887632931387441,554,True,"('ksi_Gem', 'bright', 106)"
1.453698858068748,555,True,"('ksi_Gem', 'bright', 106)"
1.4177174846033531,556,True,"('ksi_Gem', 'bright', 106)"
1.4227147517521703,557,True,"('ksi_Gem', 'bright', 106)"
1.3745845764276476,558,True,"('ksi_Gem', 'bright', 106)"
1.4218413958057194,559,True,"('ksi_Gem', 'bright', 106)"
1.4254783761147456,560,True,"('ksi_Gem', 'bright', 106)"
1.4068203392247873,561,True,"('ksi_Gem', 'bright', 106)"
1.4516627653936702,562,True,"('ksi_Gem', 'bright', 106)"
1.4050812670154513,563,True,"('ksi_Gem', 'bright', 106)"
1.3727099981664908,564,True,"('ksi_Gem', 'bright', 106)"
1.384468641387388,565,True,"('ksi_Gem', 'bright', 106)"
1.4096283226620943,566,True,"('ksi_Gem', 'bright', 106)"
1.42214424976695,567,True,"('ksi_Gem', 'bright', 106)"
1.4109317612304364,568,True,"('ksi_Gem', 'bright', 106)"
1.3855079394221819,569,True,"('ksi_Gem', 'bright', 106)"
1.3638841649545619,570,True,"('ksi_Gem', 'bright', 106)"
1.404053268124041,571,True,"('ksi_Gem', 'bright', 106)"
1.3861129841361561,572,True,"('ksi_Gem', 'bright', 106)"
1.370704723812439,573,True,"('ksi_Gem', 'bright', 106)"
1.4428634938418898,574,True,"('ksi_Gem', 'bright', 106)"
1.3974621459917183,575,True,"('ksi_Gem', 'bright', 106)"
1.4118831879098694,576,True,"('ksi_Gem', 'bright', 106)"
1.4158432135911025,577,True,"('ksi_Gem', 'bright', 106)"
1.4036906321542688,578,True,"('ksi_Gem', 'bright', 106)"
1.3701225934611232,579,True,"('ksi_Gem', 'bright', 106)"
1.3953328144624926,580,True,"('ksi_Gem', 'bright', 106)"
1.3921061406903807,581,True,"('ksi_Gem', 'bright', 106)"
1.3949064951685186,582,True,"('ksi_Gem', 'bright', 106)"
1.379664176329746,583,True,"('ksi_Gem', 'bright', 106)"
1.3623682162807558,584,True,"('ksi_Gem', 'bright', 106)"
1.3785804577732192,585,True,"('ksi_Gem', 'bright', 106)"
1.3844325720797206,586,True,"('ksi_Gem', 'bright', 106)"
1.4182598973629092,587,True,"('ksi_Gem', 'bright', 106)"
1.39423106334333,588,True,"('ksi_Gem', 'bright', 106)"
1.4177367692771645,589,True,"('ksi_Gem', 'bright', 106)"
1.447124201931864,590,True,"('ksi_Gem', 'bright', 106)"
1.3914483396938109,591,True,"('ksi_Gem', 'bright', 106)"
1.413397523776246,592,True,"('ksi_Gem', 'bright', 106)"
1.3577994006458536,593,True,"('ksi_Gem', 'bright', 106)"
1.3798884455097191,594,True,"('ksi_Gem', 'bright', 106)"
1.415355868298528,595,True,"('ksi_Gem', 'bright', 106)"
1.3942324834646804,596,True,"('ksi_Gem', 'bright', 106)"
1.4057579124376351,597,True,"('ksi_Gem', 'bright', 106)"
1.4245535920564072,598,True,"('ksi_Gem', 'bright', 106)"
1.4243283845221373,599,True,"('ksi_Gem', 'bright', 106)"
1.4082860574935485,600,True,"('ksi_Gem', 'bright', 106)"
1.4207355177717194,601,True,"('ksi_Gem', 'bright', 106)"
1.443830051292286,602,True,"('ksi_Gem', 'bright', 106)"
1.3795185585116732,603,True,"('ksi_Gem', 'bright', 106)"
1.4129262436207677,604,True,"('ksi_Gem', 'bright', 106)"
1.3748167624706358,605,True,"('ksi_Gem', 'bright', 106)"
1.396336851441735,606,True,"('ksi_Gem', 'bright', 106)"
1.3594729252174278,607,True,"('ksi_Gem', 'bright', 106)"
1.382755603703221,608,True,"('ksi_Gem', 'bright', 106)"
1.4027736434305609,609,True,"('ksi_Gem', 'bright', 106)"
1.4240355065480699,610,True,"('ksi_Gem', 'bright', 106)"
1.3772718250250295,611,True,"('ksi_Gem', 'bright', 106)"
1.4226571563754937,612,True,"('ksi_Gem', 'bright', 106)"
1.4510180935383012,613,True,"('ksi_Gem', 'bright', 106)"
1.4210562924926946,614,True,"('ksi_Gem', 'bright', 106)"
1.3837578971850846,615,True,"('ksi_Gem', 'bright', 106)"
1.412119107502033,616,True,"('ksi_Gem', 'bright', 106)"
1.4651579798261938,617,True,"('ksi_Gem', 'bright', 106)"
1.3993957223806321,618,True,"('ksi_Gem', 'bright', 106)"
1.3997335832044855,619,True,"('ksi_Gem', 'bright', 106)"
1.3834725786479387,620,True,"('ksi_Gem', 'bright', 106)"
1.42768776726858,621,True,"('ksi_Gem', 'bright', 106)"
1.3884225707540205,622,True,"('ksi_Gem', 'bright', 106)"
1.3985588633260404,623,True,"('ksi_Gem', 'bright', 106)"
1.3674919338467688,624,True,"('ksi_Gem', 'bright', 106)"
1.4356616677576333,625,True,"('ksi_Gem', 'bright', 106)"
1.4176290109403804,626,True,"('ksi_Gem', 'bright', 106)"
1.3812710951817047,627,True,"('ksi_Gem', 'bright', 106)"
1.3988606056986232,628,True,"('ksi_Gem', 'bright', 106)"
1.402356582269777,629,True,"('ksi_Gem', 'bright', 106)"
1.3875427997517042,630,True,"('ksi_Gem', 'bright', 106)"
1.3173563347638944,631,True,"('ksi_Gem', 'bright', 106)"
1.3871137232779378,632,True,"('ksi_Gem', 'bright', 106)"
1.3828939274345193,633,True,"('ksi_Gem', 'bright', 106)"
1.3963207947159706,634,True,"('ksi_Gem', 'bright', 106)"
1.4226141605568097,635,True,"('ksi_Gem', 'bright', 106)"
1.420961431683045,636,True,"('ksi_Gem', 'bright', 106)"
1.402936542391121,637,True,"('ksi_Gem', 'bright', 106)"
1.4466164357635587,638,True,"('ksi_Gem', 'bright', 106)"
1.3685217075533453,639,True,"('ksi_Gem', 'bright', 106)"
1.436526981656827,640,True,"('ksi_Gem', 'bright', 106)"
1.3495205755755577,641,True,"('ksi_Gem', 'bright', 106)"
1.436118170053228,642,True,"('ksi_Gem', 'bright', 106)"
1.373302570202042,643,True,"('ksi_Gem', 'bright', 106)"
1.3891438959770053,644,True,"('ksi_Gem', 'bright', 106)"
1.4227416716167123,645,True,"('ksi_Gem', 'bright', 106)"
1.439995352596438,646,True,"('ksi_Gem', 'bright', 106)"
1.4108041600589187,647,True,"('ksi_Gem', 'bright', 106)"
1.3930474060039055,648,True,"('ksi_Gem', 'bright', 106)"
1.4088428929965386,649,True,"('ksi_Gem', 'bright', 106)"
1.3944809136081155,650,True,"('ksi_Gem', 'bright', 106)"
1.3980624335658411,651,True,"('ksi_Gem', 'bright', 106)"
1.379314711103697,652,True,"('ksi_Gem', 'bright', 106)"
1.4097980156041539,653,True,"('ksi_Gem', 'bright', 106)"
1.396953318857705,654,True,"('ksi_Gem', 'bright', 106)"
1.3986602793501208,655,True,"('ksi_Gem', 'bright', 106)"
1.409891722818077,656,True,"('ksi_Gem', 'bright', 106)"
1.3761744116480075,657,True,"('ksi_Gem', 'bright', 106)"
1.3987587887401223,658,True,"('ksi_Gem', 'bright', 106)"
1.3893963033800167,659,True,"('ksi_Gem', 'bright', 106)"
1.4008414279146844,660,True,"('ksi_Gem', 'bright', 106)"
1.4054315307855507,661,True,"('ksi_Gem', 'bright', 106)"
1.469426255051556,662,True,"('ksi_Gem', 'bright', 106)"
1.3876341046047884,663,True,"('ksi_Gem', 'bright', 106)"
1.3514526675495784,664,True,"('ksi_Gem', 'bright', 106)"
1.4117762072187914,665,True,"('ksi_Gem', 'bright', 106)"
1.3932784579037287,666,True,"('ksi_Gem', 'bright', 106)"
1.4023350711620317,667,True,"('ksi_Gem', 'bright', 106)"
1.4635724364496199,668,True,"('ksi_Gem', 'bright', 106)"
1.4030288066232544,669,True,"('ksi_Gem', 'bright', 106)"
1.390147391582041,670,True,"('ksi_Gem', 'bright', 106)"
1.3705712191124433,671,True,"('ksi_Gem', 'bright', 106)"
1.4046250429897316,672,True,"('ksi_Gem', 'bright', 106)"
1.405265148263445,673,True,"('ksi_Gem', 'bright', 106)"
1.3741125452258893,674,True,"('ksi_Gem', 'bright', 106)"
1.4004200695827567,675,True,"('ksi_Gem', 'bright', 106)"
1.442638057773486,676,True,"('ksi_Gem', 'bright', 106)"
1.3953109022350754,677,True,"('ksi_Gem', 'bright', 106)"
1.4024473441919472,678,True,"('ksi_Gem', 'bright', 106)"
1.431381558654752,679,True,"('ksi_Gem', 'bright', 106)"
1.4134507287263596,680,True,"('ksi_Gem', 'bright', 106)"
1.4003899696687123,681,True,"('ksi_Gem', 'bright', 106)"
1.4257841768267363,682,True,"('ksi_Gem', 'bright', 106)"
1.382152232770102,683,True,"('ksi_Gem', 'bright', 106)"
1.4005981923178235,684,True,"('ksi_Gem', 'bright', 106)"
1.4100780163678686,685,True,"('ksi_Gem', 'bright', 106)"
1.4087795674921932,686,True,"('ksi_Gem', 'bright', 106)"
1.411851650221422,687,True,"('ksi_Gem', 'bright', 106)"
1.4155945956683254,688,True,"('ksi_Gem', 'bright', 106)"
1.4141722175030873,689,True,"('ksi_Gem', 'bright', 106)"
1.397154343563825,690,True,"('ksi_Gem', 'bright', 106)"
1.3775391063966962,691,True,"('ksi_Gem', 'bright', 106)"
1.4050999756808988,692,True,"('ksi_Gem', 'bright', 106)"
1.3892521856999993,693,True,"('ksi_Gem', 'bright', 106)"
1.3819586331554454,694,True,"('ksi_Gem', 'bright', 106)"
1.4091612899621944,695,True,"('ksi_Gem', 'bright', 106)"
1.3782887047153534,696,True,"('ksi_Gem', 'bright', 106)"
1.3998499417153658,697,True,"('ksi_Gem', 'bright', 106)"
1.38346494611821,698,True,"('ksi_Gem', 'bright', 106)"
1.4401629659289001,699,True,"('ksi_Gem', 'bright', 106)"
1.403076595119976,700,True,"('ksi_Gem', 'bright', 106)"
1.3948007259809052,701,True,"('ksi_Gem', 'bright', 106)"
1.4113247967646385,702,True,"('ksi_Gem', 'bright', 106)"
1.398353074710724,703,True,"('ksi_Gem', 'bright', 106)"
1.4025312467486324,704,True,"('ksi_Gem', 'bright', 106)"
1.4087976504363753,705,True,"('ksi_Gem', 'bright', 106)"
1.4111538231734275,706,True,"('ksi_Gem', 'bright', 106)"
1.3958629468679213,707,True,"('ksi_Gem', 'bright', 106)"
1.4090367584724162,708,True,"('ksi_Gem', 'bright', 106)"
1.3836835100157405,709,True,"('ksi_Gem', 'bright', 106)"
1.3924993581010616,710,True,"('ksi_Gem', 'bright', 106)"
1.353081632920559,711,True,"('ksi_Gem', 'bright', 106)"
1.4117471186152442,712,True,"('ksi_Gem', 'bright', 106)"
1.418619728883554,713,True,"('ksi_Gem', 'bright', 106)"
1.405270013221416,714,True,"('ksi_Gem', 'bright', 106)"
1.3709857445123501,715,True,"('ksi_Gem', 'bright', 106)"
1.4020371152209554,716,True,"('ksi_Gem', 'bright', 106)"
1.4073528423737596,717,True,"('ksi_Gem', 'bright', 106)"
1.430867983122195,718,True,"('ksi_Gem', 'bright', 106)"
1.4322116793836404,719,True,"('ksi_Gem', 'bright', 106)"
1.4047826636584184,720,True,"('ksi_Gem', 'bright', 106)"
1.404318042581822,721,True,"('ksi_Gem', 'bright', 106)"
1.4096444859235702,722,True,"('ksi_Gem', 'bright', 106)"
1.4445909335081488,723,True,"('ksi_Gem', 'bright', 106)"
1.3945985867924318,724,True,"('ksi_Gem', 'bright', 106)"
1.4030167807241003,725,True,"('ksi_Gem', 'bright', 106)"
1.4461559269267117,726,True,"('ksi_Gem', 'bright', 106)"
1.3836321195213017,727,True,"('ksi_Gem', 'bright', 106)"
1.4207121931641882,728,True,"('ksi_Gem', 'bright', 106)"
1.3798620987033325,729,True,"('ksi_Gem', 'bright', 106)"
1.3828510528379676,730,True,"('ksi_Gem', 'bright', 106)"
1.4038774565647099,731,True,"('ksi_Gem', 'bright', 106)"
1.3421433216444747,732,True,"('ksi_Gem', 'bright', 106)"
1.3871523125117213,733,True,"('ksi_Gem', 'bright', 106)"
1.4092996364937482,734,True,"('ksi_Gem', 'bright', 106)"
1.4004724849476855,735,True,"('ksi_Gem', 'bright', 106)"
1.3931945314671217,736,True,"('ksi_Gem', 'bright', 106)"
1.4087939376718064,737,True,"('ksi_Gem', 'bright', 106)"
1.3838123973868812,738,True,"('ksi_Gem', 'bright', 106)"
1.4110744546344007,739,True,"('ksi_Gem', 'bright', 106)"
1.4050089923859967,740,True,"('ksi_Gem', 'bright', 106)"
1.3946462465142595,741,True,"('ksi_Gem', 'bright', 106)"
1.420773244563119,742,True,"('ksi_Gem', 'bright', 106)"
1.4230978935538647,743,True,"('ksi_Gem', 'bright', 106)"
1.3872613112863421,744,True,"('ksi_Gem', 'bright', 106)"
1.3756731639672362,745,True,"('ksi_Gem', 'bright', 106)"
1.418128329136984,746,True,"('ksi_Gem', 'bright', 106)"
1.4060071016014324,747,True,"('ksi_Gem', 'bright', 106)"
1.3897612898131206,748,True,"('ksi_Gem', 'bright', 106)"
1.4213845159185239,749,True,"('ksi_Gem', 'bright', 106)"
1.4144209328494435,750,True,"('ksi_Gem', 'bright', 106)"
1.3841117036131483,751,True,"('ksi_Gem', 'bright', 106)"
1.3842021246306184,752,True,"('ksi_Gem', 'bright', 106)"
1.3727008144565267,753,True,"('ksi_Gem', 'bright', 106)"
1.4028380503095756,754,True,"('ksi_Gem', 'bright', 106)"
1.3642812961438313,755,True,"('ksi_Gem', 'bright', 106)"
1.4005038511328551,756,True,"('ksi_Gem', 'bright', 106)"
1.3669636522448398,757,True,"('ksi_Gem', 'bright', 106)"
1.4101958728417656,758,True,"('ksi_Gem', 'bright', 106)"
1.3734700853944337,759,True,"('ksi_Gem', 'bright', 106)"
1.4226058999077507,760,True,"('ksi_Gem', 'bright', 106)"
1.4054805263909569,761,True,"('ksi_Gem', 'bright', 106)"
1.41945054009788,762,True,"('ksi_Gem', 'bright', 106)"
1.4585728976597443,763,True,"('ksi_Gem', 'bright', 106)"
1.39322098851958,764,True,"('ksi_Gem', 'bright', 106)"
1.3959472539709579,765,True,"('ksi_Gem', 'bright', 106)"
1.4160971084545786,766,True,"('ksi_Gem', 'bright', 106)"
1.438278024477483,767,True,"('ksi_Gem', 'bright', 106)"
1.407389207073115,768,True,"('ksi_Gem', 'bright', 106)"
1.3760975226962182,769,True,"('ksi_Gem', 'bright', 106)"
1.388514651617205,770,True,"('ksi_Gem', 'bright', 106)"
1.4266073085767401,771,True,"('ksi_Gem', 'bright', 106)"
1.408679432371915,772,True,"('ksi_Gem', 'bright', 106)"
1.3553240469078611,773,True,"('ksi_Gem', 'bright', 106)"
1.3950652464980557,774,True,"('ksi_Gem', 'bright', 106)"
1.4051154496842129,775,True,"('ksi_Gem', 'bright', 106)"
1.4167751155302137,776,True,"('ksi_Gem', 'bright', 106)"
1.4014656358195068,777,True,"('ksi_Gem', 'bright', 106)"
1.3953618392494185,778,True,"('ksi_Gem', 'bright', 106)"
1.3865327095935314,779,True,"('ksi_Gem', 'bright', 106)"
1.4356185297586557,780,True,"('ksi_Gem', 'bright', 106)"
1.4003257236892088,781,True,"('ksi_Gem', 'bright', 106)"
1.3820140563648724,782,True,"('ksi_Gem', 'bright', 106)"
1.4057226233366504,783,True,"('ksi_Gem', 'bright', 106)"
1.4051421510243627,784,True,"('ksi_Gem', 'bright', 106)"
1.4110121636408581,785,True,"('ksi_Gem', 'bright', 106)"
1.3756937309475814,786,True,"('ksi_Gem', 'bright', 106)"
1.4247817588063185,787,True,"('ksi_Gem', 'bright', 106)"
1.3901664505186788,788,True,"('ksi_Gem', 'bright', 106)"
1.3917013818287827,789,True,"('ksi_Gem', 'bright', 106)"
1.4028955794782396,790,True,"('ksi_Gem', 'bright', 106)"
1.4306579078215218,791,True,"('ksi_Gem', 'bright', 106)"
1.3890401561035135,792,True,"('ksi_Gem', 'bright', 106)"
1.4132141235308346,793,True,"('ksi_Gem', 'bright', 106)"
1.4029531723176385,794,True,"('ksi_Gem', 'bright', 106)"
1.4107075282400239,795,True,"('ksi_Gem', 'bright', 106)"
1.3738836578084386,796,True,"('ksi_Gem', 'bright', 106)"
1.408740606000966,797,True,"('ksi_Gem', 'bright', 106)"
1.3426584111013313,798,True,"('ksi_Gem', 'bright', 106)"
1.4265169108427107,799,True,"('ksi_Gem', 'bright', 106)"
1.4049627341348885,800,True,"('ksi_Gem', 'bright', 106)"
1.4211337871728063,801,True,"('ksi_Gem', 'bright', 106)"
1.4096616908283128,802,True,"('ksi_Gem', 'bright', 106)"
1.398065024401261,803,True,"('ksi_Gem', 'bright', 106)"
1.3940693172210579,804,True,"('ksi_Gem', 'bright', 106)"
1.4024122758842321,805,True,"('ksi_Gem', 'bright', 106)"
1.4272197632672041,806,True,"('ksi_Gem', 'bright', 106)"
1.4118092471472932,807,True,"('ksi_Gem', 'bright', 106)"
1.3741387789941337,808,True,"('ksi_Gem', 'bright', 106)"
1.4167775846576984,809,True,"('ksi_Gem', 'bright', 106)"
1.4276395841828027,810,True,"('ksi_Gem', 'bright', 106)"
1.4360643693870523,811,True,"('ksi_Gem', 'bright', 106)"
1.3954760636865882,812,True,"('ksi_Gem', 'bright', 106)"
1.40848988512567,813,True,"('ksi_Gem', 'bright', 106)"
1.3743777918368592,814,True,"('ksi_Gem', 'bright', 106)"
1.4033681940935288,815,True,"('ksi_Gem', 'bright', 106)"
1.4114770306472937,816,True,"('ksi_Gem', 'bright', 106)"
1.4307140045899522,817,True,"('ksi_Gem', 'bright', 106)"
1.4085770800470525,818,True,"('ksi_Gem', 'bright', 106)"
1.3604577742282755,819,True,"('ksi_Gem', 'bright', 106)"
1.3511936190093499,820,True,"('ksi_Gem', 'bright', 106)"
1.4132544911156517,821,True,"('ksi_Gem', 'bright', 106)"
1.3889112551103302,822,True,"('ksi_Gem', 'bright', 106)"
1.365054345823138,823,True,"('ksi_Gem', 'bright', 106)"
1.3946083912709357,824,True,"('ksi_Gem', 'bright', 106)"
1.4171757647761212,825,True,"('ksi_Gem', 'bright', 106)"
1.395280606202489,826,True,"('ksi_Gem', 'bright', 106)"
1.367218490010423,827,True,"('ksi_Gem', 'bright', 106)"
1.383453219713584,828,True,"('ksi_Gem', 'bright', 106)"
1.362858319615154,829,True,"('ksi_Gem', 'bright', 106)"
1.396304796004402,830,True,"('ksi_Gem', 'bright', 106)"
1.4424358772243,831,True,"('ksi_Gem', 'bright', 106)"
1.4250042560553366,832,True,"('ksi_Gem', 'bright', 106)"
1.3701432022229634,833,True,"('ksi_Gem', 'bright', 106)"
1.4046205353448162,834,True,"('ksi_Gem', 'bright', 106)"
1.384402945093671,835,True,"('ksi_Gem', 'bright', 106)"
1.3864500742769363,836,True,"('ksi_Gem', 'bright', 106)"
1.3991117341961108,837,True,"('ksi_Gem', 'bright', 106)"
1.3826688728386942,838,True,"('ksi_Gem', 'bright', 106)"
1.3789323030399314,839,True,"('ksi_Gem', 'bright', 106)"
1.3934053626498646,840,True,"('ksi_Gem', 'bright', 106)"
1.4352868533877479,841,True,"('ksi_Gem', 'bright', 106)"
1.443024950817978,842,True,"('ksi_Gem', 'bright', 106)"
1.4091029538723148,843,True,"('ksi_Gem', 'bright', 106)"
1.4367789556046426,844,True,"('ksi_Gem', 'bright', 106)"
1.4077486946059943,845,True,"('ksi_Gem', 'bright', 106)"
1.404742172893703,846,True,"('ksi_Gem', 'bright', 106)"
1.3769920007223573,847,True,"('ksi_Gem', 'bright', 106)"
1.4378945654811928,848,True,"('ksi_Gem', 'bright', 106)"
1.402071929654671,849,True,"('ksi_Gem', 'bright', 106)"
1.3970878641239035,850,True,"('ksi_Gem', 'bright', 106)"
1.383305104029779,851,True,"('ksi_Gem', 'bright', 106)"
1.453284951746421,852,True,"('ksi_Gem', 'bright', 106)"
1.4338870093898066,853,True,"('ksi_Gem', 'bright', 106)"
1.3931645528075032,854,True,"('ksi_Gem', 'bright', 106)"
1.3929263086154369,855,True,"('ksi_Gem', 'bright', 106)"
1.4733474255449082,856,True,"('ksi_Gem', 'bright', 106)"
1.414372260447276,857,True,"('ksi_Gem', 'bright', 106)"
1.4118860751120879,858,True,"('ksi_Gem', 'bright', 106)"
1.412085307164933,859,True,"('ksi_Gem', 'bright', 106)"
1.4408923208868794,860,True,"('ksi_Gem', 'bright', 106)"
1.4373379886908748,861,True,"('ksi_Gem', 'bright', 106)"
1.4508261048344873,862,True,"('ksi_Gem', 'bright', 106)"
1.3920044571655228,863,True,"('ksi_Gem', 'bright', 106)"
1.3715038027519943,864,True,"('ksi_Gem', 'bright', 106)"
1.3970210232342044,865,True,"('ksi_Gem', 'bright', 106)"
1.4402287403308214,866,True,"('ksi_Gem', 'bright', 106)"
1.3843544661012057,867,True,"('ksi_Gem', 'bright', 106)"
1.3896063114567259,868,True,"('ksi_Gem', 'bright', 106)"
1.4373773331876798,869,True,"('ksi_Gem', 'bright', 106)"
1.4103255085930964,870,True,"('ksi_Gem', 'bright', 106)"
1.4135607741384792,871,True,"('ksi_Gem', 'bright', 106)"
1.4136936696392794,872,True,"('ksi_Gem', 'bright', 106)"
1.4096078415202982,873,True,"('ksi_Gem', 'bright', 106)"
1.3470559140219425,874,True,"('ksi_Gem', 'bright', 106)"
1.3974719596331706,875,True,"('ksi_Gem', 'bright', 106)"
1.3749846922555633,876,True,"('ksi_Gem', 'bright', 106)"
1.4228598527947716,877,True,"('ksi_Gem', 'bright', 106)"
1.4207056529228343,878,True,"('ksi_Gem', 'bright', 106)"
1.396919065231175,879,True,"('ksi_Gem', 'bright', 106)"
1.4242728967901273,880,True,"('ksi_Gem', 'bright', 106)"
1.36468215547186,881,True,"('ksi_Gem', 'bright', 106)"
1.4355180249585895,882,True,"('ksi_Gem', 'bright', 106)"
1.3811851833245807,883,True,"('ksi_Gem', 'bright', 106)"
1.3903494825806628,884,True,"('ksi_Gem', 'bright', 106)"
1.374462076581005,885,True,"('ksi_Gem', 'bright', 106)"
1.3383527965268875,886,True,"('ksi_Gem', 'bright', 106)"
1.3864939032954353,887,True,"('ksi_Gem', 'bright', 106)"
1.365757102570209,888,True,"('ksi_Gem', 'bright', 106)"
1.4114003609964856,889,True,"('ksi_Gem', 'bright', 106)"
1.4196948283213893,890,True,"('ksi_Gem', 'bright', 106)"
1.3909351310726121,891,True,"('ksi_Gem', 'bright', 106)"
1.4105069406013546,892,True,"('ksi_Gem', 'bright', 106)"
1.4288931530867672,893,True,"('ksi_Gem', 'bright', 106)"
1.4017109732779107,894,True,"('ksi_Gem', 'bright', 106)"
1.403333708590563,895,True,"('ksi_Gem', 'bright', 106)"
1.4150709619163038,896,True,"('ksi_Gem', 'bright', 106)"
1.4028582206778657,897,True,"('ksi_Gem', 'bright', 106)"
1.397380030293421,898,True,"('ksi_Gem', 'bright', 106)"
1.375241860744315,899,True,"('ksi_Gem', 'bright', 106)"
1.3993679249468574,900,True,"('ksi_Gem', 'bright', 106)"
1.3880225286027916,901,True,"('ksi_Gem', 'bright', 106)"
1.3752835013831717,902,True,"('ksi_Gem', 'bright', 106)"
1.3844331109457495,903,True,"('ksi_Gem', 'bright', 106)"
1.3865985676093626,904,True,"('ksi_Gem', 'bright', 106)"
1.3963326310372806,905,True,"('ksi_Gem', 'bright', 106)"
1.3820031797172,906,True,"('ksi_Gem', 'bright', 106)"
1.4196241566713192,907,True,"('ksi_Gem', 'bright', 106)"
1.4036633623343895,908,True,"('ksi_Gem', 'bright', 106)"
1.3718009196772898,909,True,"('ksi_Gem', 'bright', 106)"
1.4009507579675509,910,True,"('ksi_Gem', 'bright', 106)"
1.3990256495377689,911,True,"('ksi_Gem', 'bright', 106)"
1.447835953226557,912,True,"('ksi_Gem', 'bright', 106)"
1.3972092416856925,913,True,"('ksi_Gem', 'bright', 106)"
1.3797813206883527,914,True,"('ksi_Gem', 'bright', 106)"
1.3811551760771366,915,True,"('ksi_Gem', 'bright', 106)"
1.4209711973242092,916,True,"('ksi_Gem', 'bright', 106)"
1.4191823785143751,917,True,"('ksi_Gem', 'bright', 106)"
1.4132607644886002,918,True,"('ksi_Gem', 'bright', 106)"
1.3482944545553905,919,True,"('ksi_Gem', 'bright', 106)"
1.3540112867439862,920,True,"('ksi_Gem', 'bright', 106)"
1.3566617467241446,921,True,"('ksi_Gem', 'bright', 106)"
1.4240680318283774,922,True,"('ksi_Gem', 'bright', 106)"
1.3904521825200749,923,True,"('ksi_Gem', 'bright', 106)"
1.4121110297159483,924,True,"('ksi_Gem', 'bright', 106)"
1.3748391197715342,925,True,"('ksi_Gem', 'bright', 106)"
1.407476838059548,926,True,"('ksi_Gem', 'bright', 106)"
1.3933980305068283,927,True,"('ksi_Gem', 'bright', 106)"
1.3644142177284257,928,True,"('ksi_Gem', 'bright', 106)"
1.4185347063415266,929,True,"('ksi_Gem', 'bright', 106)"
1.3778798356012854,930,True,"('ksi_Gem', 'bright', 106)"
1.3727368024019047,931,True,"('ksi_Gem', 'bright', 106)"
1.385437775704709,932,True,"('ksi_Gem', 'bright', 106)"
1.36671200581724,933,True,"('ksi_Gem', 'bright', 106)"
1.4516314042870724,934,True,"('ksi_Gem', 'bright', 106)"
1.395300272930773,935,True,"('ksi_Gem', 'bright', 106)"
1.4275798385182723,936,True,"('ksi_Gem', 'bright', 106)"
1.4116369551003058,937,True,"('ksi_Gem', 'bright', 106)"
1.3781507416608882,938,True,"('ksi_Gem', 'bright', 106)"
1.4354938666958899,939,True,"('ksi_Gem', 'bright', 106)"
1.3763069107820254,940,True,"('ksi_Gem', 'bright', 106)"
1.415449312765207,941,True,"('ksi_Gem', 'bright', 106)"
1.4137821133199533,942,True,"('ksi_Gem', 'bright', 106)"
1.3980708572512976,943,True,"('ksi_Gem', 'bright', 106)"
1.413498370548489,944,True,"('ksi_Gem', 'bright', 106)"
1.3911147939412762,945,True,"('ksi_Gem', 'bright', 106)"
1.4061994569063099,946,True,"('ksi_Gem', 'bright', 106)"
1.385823271369765,947,True,"('ksi_Gem', 'bright', 106)"
1.3915336134766256,948,True,"('ksi_Gem', 'bright', 106)"
1.4208945153854216,949,True,"('ksi_Gem', 'bright', 106)"
1.4289391374580942,950,True,"('ksi_Gem', 'bright', 106)"
1.377508018022899,951,True,"('ksi_Gem', 'bright', 106)"
1.3944609836211637,952,True,"('ksi_Gem', 'bright', 106)"
1.367111681556817,953,True,"('ksi_Gem', 'bright', 106)"
1.447492801134248,954,True,"('ksi_Gem', 'bright', 106)"
1.3918416454961804,955,True,"('ksi_Gem', 'bright', 106)"
1.4059993826617743,956,True,"('ksi_Gem', 'bright', 106)"
1.3631054717551254,957,True,"('ksi_Gem', 'bright', 106)"
1.3732034400078195,958,True,"('ksi_Gem', 'bright', 106)"
1.3962317867483207,959,True,"('ksi_Gem', 'bright', 106)"
1.4206463208438262,960,True,"('ksi_Gem', 'bright', 106)"
1.405517039861567,961,True,"('ksi_Gem', 'bright', 106)"
1.3826271843406548,962,True,"('ksi_Gem', 'bright', 106)"
1.3663086652932037,963,True,"('ksi_Gem', 'bright', 106)"
1.391869745187815,964,True,"('ksi_Gem', 'bright', 106)"
1.448442426026847,965,True,"('ksi_Gem', 'bright', 106)"
1.410431468376418,966,True,"('ksi_Gem', 'bright', 106)"
1.4219953134860126,967,True,"('ksi_Gem', 'bright', 106)"
1.4221912257569507,968,True,"('ksi_Gem', 'bright', 106)"
1.4171994665822985,969,True,"('ksi_Gem', 'bright', 106)"
1.3591448674526458,970,True,"('ksi_Gem', 'bright', 106)"
1.4190936129750866,971,True,"('ksi_Gem', 'bright', 106)"
1.3698046577425158,972,True,"('ksi_Gem', 'bright', 106)"
1.4358686127281812,973,True,"('ksi_Gem', 'bright', 106)"
1.3966963081425816,974,True,"('ksi_Gem', 'bright', 106)"
1.372484114509976,975,True,"('ksi_Gem', 'bright', 106)"
1.4137928647034967,976,True,"('ksi_Gem', 'bright', 106)"
1.3853675959826037,977,True,"('ksi_Gem', 'bright', 106)"
1.4399682897068233,978,True,"('ksi_Gem', 'bright', 106)"
1.4120742705807037,979,True,"('ksi_Gem', 'bright', 106)"
1.3996279523752586,980,True,"('ksi_Gem', 'bright', 106)"
1.3842299375825833,981,True,"('ksi_Gem', 'bright', 106)"
1.3856346976597584,982,True,"('ksi_Gem', 'bright', 106)"
1.4259246533512726,983,True,"('ksi_Gem', 'bright', 106)"
1.4253838894836757,984,True,"('ksi_Gem', 'bright', 106)"
1.4067098507913915,985,True,"('ksi_Gem', 'bright', 106)"
1.4171250919879907,986,True,"('ksi_Gem', 'bright', 106)"
1.384576216718895,987,True,"('ksi_Gem', 'bright', 106)"
1.4025500861143858,988,True,"('ksi_Gem', 'bright', 106)"
1.4234374627503885,989,True,"('ksi_Gem', 'bright', 106)"
1.462546007339713,990,True,"('ksi_Gem', 'bright', 106)"
1.467744208683377,991,True,"('ksi_Gem', 'bright', 106)"
1.3685386174460472,992,True,"('ksi_Gem', 'bright', 106)"
1.3797109609520595,993,True,"('ksi_Gem', 'bright', 106)"
1.3923021405558271,994,True,"('ksi_Gem', 'bright', 106)"
1.370909813758288,995,True,"('ksi_Gem', 'bright', 106)"
1.4321673343167047,996,True,"('ksi_Gem', 'bright', 106)"
1.3828271253096573,997,True,"('ksi_Gem', 'bright', 106)"
1.395552893913393,998,True,"('ksi_Gem', 'bright', 106)"
1.4009041537165154,999,True,"('ksi_Gem', 'bright', 106)"
