HD_ID,Period,Science,Sequence,Dup_tar,Primary,GaiaDR3_ID,Ref_ID_1,Ref_ID_2,Ref_ID_3,Bayer_ID,Tycho_ID,2MASS_ID,ALLWISE,GaiaDR2_ID,GAIA EDR3,HD,Unnamed: 17,SpT,SpT_q,SpT_simple,Teff,e_teff,logg,e_logg,FeH_abs,FeH_rel,e_FeH_rel,vtur,e_vtur,vsini,teff_source,teff_bib_ref,logg_source,logg_bib_ref,feh_source,feh_bib_ref,vsini_source,vsini_bib_ref,Hpmag,e_Hpmag,BTmag,e_BTmag,VTmag,e_VTmag,Plx_HIP,PmRA_HIP,PmDEC_HIP,e_plx_HIP,tyc_notes,Jmag,Jcmsig,e_Jmag,Jsnr,Hmag,Hcmsig,e_Hmag,Hsnr,Kmag,Kcmsig,e_Kmag,Ksnr,Qflg,Cflg,Prox,2MASS_notes,ALLWISE_ID,W1mag,e_W1mag,W2mag,e_W2mag,W3mag,e_W3mag,W4mag,e_W4mag,snr1,snr2,snr3,snr4,sat1,sat2,sat3,sat4,ccf,qph,ALLWISE_confidence,J-K,BT-VT,W1-W4,W3-W4,RA_EDR3,DEC_EDR3,plx_EDR3,plx_corregido_EDR3,e_Plx_EDR3,PmRA_EDR3,PmDec_EDR3,Dup_EDR3,Gmag_EDR3,e_Gmag_EDR3,BP_mag_EDR3,e_BPmag_EDR3,RP_mag_EDR3,e_RPmag_EDR3,Dist_EDR3,Gaia_comment,RA,DEC,Plx_NO,Plx,e_Plx,PmRA,PmDEC,Dup,Gmag,e_Gmag,BPmag,e_BPmag,RPmag,e_RPmag,Dist_DR3,Gaia_comment.1,Unnamed: 122,Plx_alt,e_Plx_alt,alt_plx_source,rgeo,b_rgeo,B_rgeo,rpgeo,b_rpgeo,B_rpgeo,JSDC_LDD,e_JSDC_LDD,LDDCHI,CAlFlag,LDD_rel,Quality,Quality_reason,exclusion_reason,in_paper,Comments,l ,b,HD_ID,Dist,e_Dist,Dist_source,Bmag,e_Bmag,Vmag,e_Vmag,extinction_method,Edenhofer_status,E_ZGR_Edenhofer,E_ZGR_used,eb_v,A_V,A_Bmag,Bmag_dr,A_Vmag,Vmag_dr,A_Hpmag,Hpmag_dr,A_BTmag,BTmag_dr,A_VTmag,VTmag_dr,A_BPmag,BPmag_dr,A_RPmag,RPmag_dr,A_Gmag,Gmag_dr,A_Jmag,Jmag_dr,A_Hmag,Hmag_dr,A_Kmag,Kmag_dr,A_W1mag,W1mag_dr,A_W2mag,W2mag_dr,V-K_calc,LDD_VK,e_LDD_VK,LDD_VW3,e_LDD_VW3,LDD_VW4,e_LDD_VW4,LDD_BV,e_LDD_BV,LDD_BV_feh,e_LDD_BV_feh,LDD_pred,e_LDD_pred,teff_casagrande,e_teff_casagrande
HD222368,104,True,Both,False,iotPsc,2.756363608023589e+18,,,,iotPsc,TYC  591-1744-1,2MASS J23395706+0537343,J233957.33+053729.9,2.756363608023336e+18,2.756363608023589e+18,HD222368,2MASS J23395706+0537343,F7V,C,F7V,6343.0,100.0,4.32,0.2,7.39,-0.06,0.1,,,3.0,,,,,,,,,4.2373,0.0006,4.718,0.013999999999999999,4.176,0.009000000000000001,72.51,376.32,-437.0,0.88,,3.299,0.28600000000000003,0.28600000000000003,1000000,2.988,0.24,0.24,1000000,2.946,0.28800000000000003,0.28800000000000003,665304.0,DDD,000,51.7,,J233957.33+053729.9,2.044,      , 1.669,      ,2.911,0.013000000000000001,2.859, 0.021,1.6,    1.6,81.9,51.4,0.23600000000000002, 0.214,0.096,0.0,0000,UUAA,,0.353,0.542,-0.815,0.052000000000000005,354.9893506001899,5.624351601227748,73.23703628604858,73.2786232860486,0.16977987,376.4966061507007,-436.7597624667563,False,4.0115120704456295,0.001370705,4.261436499999999,0.001830506,3.5563064,0.002602689,13.64654459,,354.9893506,5.624351601,73.237,73.237,0.1698,376.497,-436.76,False,3.999258,0.003077,4.261437,0.0033369999999999997,3.5563059999999997,0.004589,13.8409,,,73.237,0.1698,Gaia DR3,13.6567087,13.6239643,13.688886600000002,13.6486731,13.617403,13.675062200000001,1.0590620000000002,0.10244400000000001,0.0199,0.0,LDD_VW3,GOOD,,,True,,92.46483045334999,-52.96647599675,HD222368,13.646544587722738,0.031617796052315884,Gaia EDR3 corrected parallax,4.616285422853424,0.013999999999999999,4.1178470833120295,0.009000000000000001,assumed_zero,assumed_zero_d_lt_69pc,,0.0,0.0,0.0,0.0,4.616285422853424,0.0,4.1178470833120295,0.0,4.2373,0.0,4.718,0.0,4.176,0.0,4.261437,0.0,3.5563059999999997,0.0,3.999258,0.0,3.299,0.0,2.988,0.0,2.946,0.0,2.044,0.0,1.669,1.3883709674733204,1.1889692205883025,0.054692584147061914,1.1065310330166038,0.056433082683846794,1.0935273764394624,0.07873397110364129,0.8827072038397058,0.06885116189949705,1.0786449709924333,0.0485390236946595,1.1065310330166038,0.056433082683846794,6286.5791769123825,79.0
HD1367,104,False,Both,False,HR67,2.5479648154993126e+18,HR67,,,,TYC    2-1641-1,2MASS J00174770+0141193,J001747.76+014119.5,2.5479648154993126e+18,2.5479648154993126e+18,HD1367,2MASS J00174770+0141193,K0III,C,K0III,,,,,,,,,,,,,,,,,,,6.3456,0.0007,7.371,0.015,6.281000000000001,0.01,9.89,90.04,9.15,0.98,,4.952,0.21600000000000003,0.21600000000000003,464120,4.3260000000000005,0.20600000000000002,0.20600000000000002,392202,4.225,0.264,0.264,235191.0,CCD,000,65.8,,J001747.76+014119.5,3.93, 0.376, 3.672, 0.212,4.001,0.015,3.96, 0.026,2.9,    5.1,71.9,41.8,0.20800000000000002, 0.220,0.0,0.0,0000,CBAA,,0.727,1.09,-0.03,0.040999999999999995,4.449150277847339,1.6887750235092276,8.813106762285047,8.849665762285047,0.027938481,91.41753456161759,10.187519437973435,False,5.957026052000282,0.00022799999999999999,6.406061599999999,0.000616,5.3193207000000005,0.001205408,112.9986179,,4.44915027785,1.68877502351,8.8131,8.8131,0.0279,91.418,10.188,False,5.9470089999999995,0.0027649999999999997,6.406062,0.002857,5.3193209999999995,0.003967,113.9359,,,8.8131,0.0279,Gaia DR3,113.02565,112.638626,113.439644,113.128197,112.7827,113.52877,0.663706,0.058933000000000006,0.0969,0.0,LDD_VW3,GOOD,,,True,,105.89569431666,-60.06553054426,HD1367,112.99861789828691,0.3567377372184942,Gaia EDR3 corrected parallax,7.126122580343318,0.015,6.175786286061529,0.01,edenhofer_zgr23,loaded_from_csv,0.004482998239469139,0.004482998239469139,,0.012552395070513589,0.01616582704664371,7.109956753296674,0.01196491614947448,6.163821369912054,0.012838800700063803,6.332761199299936,0.01705517628575519,7.3539448237142455,0.012691122586901055,6.2683088774131,0.012691122586901055,6.3933708774130995,0.006936867213998097,5.3123841327860015,0.009130258987004902,5.9378787410129945,0.003058064985725178,4.9489419350142745,0.001830307365702756,4.324169692634298,0.0012083590222640177,4.223791640977735,0.0006139148162242064,3.929386085183776,0.00043970343077676187,3.671560296569223,2.2260626325312165,0.770860104827833,0.03545956482208031,0.7295345105007,0.0372062600355357,0.728322492155624,0.05243921943520492,0.695164437171711,0.054222826099393454,,,0.7295345105007,0.0372062600355357,,
HD222919,104,False,Bright,False,HD222919,2.7569915666028283e+18,HD222919,,,,TYC  592-338-1,2MASS J23444897+0711305,J234448.97+071130.4,2.7569915666028283e+18,2.7569915666028283e+18,HD222919,2MASS J23444897+0711305,K0,E,K0,,,,,,,,,,,,,,,,,,,7.0425,0.0007,8.28,0.016,6.9910000000000005,0.01,6.87,21.51,-11.34,0.89,,4.912,0.218,0.218,296914,4.388,0.047,0.049,236434,4.31,0.009000000000000001,0.017,153964.0,DEE,000,27.6,,J234448.97+071130.4,4.196000000000001, 0.354, 3.830, 0.176,4.34,0.031,4.164, 0.025,3.1,    6.2,34.7,43.3,0.21899999999999997, 0.222,0.0,0.0,HHH0,BBAA,,0.602,1.2890000000000001,0.032,0.17600000000000002,356.2040322384435,7.191761693604166,7.25035586306064,7.28676686306064,0.024114342,20.535780754069506,-10.433275943647232,False,6.575631038572443,0.000103,7.120419999999999,0.0005549999999999999,5.8616614,0.00042199999999999996,137.2350754,,356.20403223844,7.1917616936,7.2504,7.28676686306064,0.0241,20.536,-10.433,False,6.568927,0.002757,7.120419999999999,0.002845,5.861661,0.003803,138.6061,,,7.2504,0.0241,Gaia DR3,137.21785,136.79634099999998,137.688995,137.279617,136.86231999999998,137.719086,0.6971970000000001,0.05176,0.0197,0.0,LDD_VW3,GOOD,,,True,,95.37090458121,-52.07875970745,HD222919,137.23507541724382,0.4541566383554091,Gaia EDR3 corrected parallax,7.970354382627389,0.016,6.868058021025499,0.01,edenhofer_zgr23,loaded_from_csv,0.03672548640154695,0.03672548640154695,,0.10283136192433145,0.13243321314388407,7.837921169483505,0.09801863437608861,6.770039386649411,0.1051776457039607,6.93732235429604,0.13971891383848936,8.14028108616151,0.10396784140624434,6.887032158593756,0.10396784140624434,7.016452158593755,0.05682799968424519,5.804833000315755,0.07479663929325053,6.49413036070675,0.02505219008553439,4.886947809914465,0.014994190200201287,4.373005809799799,0.00989908326299026,4.3001009167370094,0.005029294911706266,4.1909707050882945,0.0036021255207135073,3.8263978744792864,2.5136163304241883,0.6943754903340961,0.03194127255536842,0.6391624132276206,0.03259728307460865,0.6854328971909268,0.049351168597746735,0.7617756506715131,0.05941850075237802,,,0.6391624132276206,0.03259728307460865,,
HD223292,104,False,Bright,False,HD223292,2.7569539770491617e+18,HD223292,,,,TYC  592-194-1,2MASS J23481444+0709473,J234814.43+070947.0,2.7569539770491617e+18,2.7569539770491617e+18,HD223292,2MASS J23481444+0709473,G5,E,G5,,,,,,,,,,,,,,,,,,,7.0551,0.0009,8.158,0.016,7.001,0.01,5.03,-21.52,-32.86,0.85,,4.989,0.011000000000000001,0.02,286306,4.497,0.031,0.034,206590,4.398,0.006999999999999999,0.016,141978.0,AAA,000,20.8,,J234814.43+070947.0,4.297, 0.256, 4.072, 0.183,4.346,0.016,4.284, 0.025,4.2,    5.9,68.9,44.1,0.21, 0.205,0.0,0.0,0000,BBAA,,0.591,1.157,0.013000000000000001,0.062,357.0601060881556,7.1630475610599325,6.194359366107488,6.230886366107487,0.026786068,-21.7138077833868,-31.25077310382748,False,6.5972705341638935,0.00011499999999999999,7.120972,0.000472,5.895704299999999,0.000698,160.49081,,357.06010608816,7.163047561060001,6.1944,6.230886366107488,0.0268,-21.714,-31.251,False,6.590687,0.002758,7.120972,0.00283,5.895704,0.003843,159.3221,,,6.1944,0.0268,Gaia DR3,160.809891,160.200073,161.52833600000002,160.428543,159.704193,161.072281,0.627794,0.014955000000000001,0.0878,0.0,LDD_VW3,GOOD,,,True,,96.61992420283,-52.450151449379995,HD223292,160.4908100137144,0.6899367919444216,Gaia EDR3 corrected parallax,7.891642466819933,0.016,6.8903250387701975,0.01,edenhofer_zgr23,loaded_from_csv,0.03579384341718297,0.03579384341718297,,0.1002227615681123,0.12907368040486816,7.7625687864150645,0.09553212209263048,6.794792916677567,0.102509525405685,6.952590474594316,0.13617455926038088,8.021825440739619,0.10133041112182162,6.8996695888781785,0.10133041112182162,7.019641588878178,0.05538640115393857,5.840317598846061,0.07289921679243853,6.517787783207561,0.024416672372277966,4.964583327627722,0.014613821320848656,4.4823861786791515,0.009647965786348443,4.388352034213651,0.004901713012053298,4.2920982869879465,0.003510747698416514,4.068489252301584,2.463848362643811,0.6660608261219988,0.03063879800161194,0.6384673265667877,0.032561833654906176,0.6437493362226574,0.04634995220803133,0.5509830746705778,0.04297667982430507,,,0.6384673265667877,0.032561833654906176,,
HD218330,104,False,Faint,False,HD218330,2.6587678635655045e+18,HD218330,,,,TYC  579-445-1,2MASS J23070268+0303079,J230702.69+030308.1,2.6587678635655045e+18,2.6587678635655045e+18,HD218330,2MASS J23070268+0303079,K0III,C,K0III,,,,,,,,,,,,,,,,,,,7.1504,0.0011,8.399,0.017,7.122000000000001,0.01,7.36,34.81,14.41,0.86,,5.0569999999999995,0.003,0.017,330849,4.5360000000000005,0.182,0.182,228828,4.327,0.009000000000000001,0.017,168120.0,ECA,000,63.8,,J230702.69+030308.1,4.275, 0.320, 4.006, 0.164,4.289,0.015,4.238, 0.026,3.4,    6.6,73.4,41.5,0.20600000000000002, 0.212,0.0,0.0,0000,BBAA,,0.73,1.2770000000000001,0.037000000000000005,0.051,346.7613014299597,3.0523125453120135,6.086806092318091,6.123125092318092,0.02290502,34.187057121618054,15.244346855936751,False,6.668612396914343,0.000173,7.229626700000001,0.000755,5.945434,0.000708,163.31529809999998,,346.76130142996004,3.0523125453099995,6.0868,6.123125092318091,0.0229,34.187,15.244,False,6.662427,0.002761,7.229627000000001,0.0028899999999999998,5.945434,0.0038450000000000003,160.9171,,,6.0868,0.0229,Gaia DR3,163.454422,162.834198,164.185211,163.336105,162.584137,163.936996,0.665944,0.041962,0.0335,0.0,LDD_VW3,GOOD,,,True,,79.02031754926,-50.699287801219995,HD218330,163.31529813992745,0.6109200961603796,Gaia EDR3 corrected parallax,8.093181438335945,0.017,7.000296200436887,0.01,edenhofer_zgr23,loaded_from_csv,0.013656321573516572,0.013656321573516572,,0.0382377004058464,0.04924510804112216,8.043936330294823,0.03644809429073834,6.963848106146149,0.039110162800135975,7.111289837199864,0.05195428581717831,8.347045714182821,0.03866029873707101,7.08333970126293,0.03866029873707101,7.19096670126293,0.021131413470811412,5.924302586529188,0.027813027379371323,6.634613972620628,0.009315622404241606,5.047684377595758,0.005575568989599399,4.530424431010401,0.0036809604873392888,4.32331903951266,0.0018701363911525592,4.2731298636088475,0.0013394454173100462,4.00466055458269,2.6719217890713938,0.6991925387053987,0.032162856780448335,0.6688170840272296,0.03410967128538871,0.6685269209176217,0.04813393830606876,0.7276424775208252,0.056756113246624364,,,0.6688170840272296,0.03410967128538871,,
HD43,104,False,Faint,False,HD43,2.740066131281248e+18,HD43,,,,TYC    4-586-1,2MASS J00052224+0336218,J000522.24+033621.8,2.740066131281248e+18,2.740066131281248e+18,HD43,2MASS J00052224+0336218,K0III,C,K0III,,,,,,,,,,,,,,,,,,,7.0756,0.0012,8.347000000000001,0.017,7.017,0.01,6.75,-20.57,-6.31,1.03,,5.073,0.001,0.017,326009,4.6419999999999995,0.057,0.059000000000000004,222387,4.416,0.033,0.036000000000000004,171799.0,AEE,000,15.8,,J000522.24+033621.8,4.207, 0.239, 4.142, 0.147,4.418,0.015,4.3660000000000005, 0.028,4.5,    7.4,72.2,38.1,0.2, 0.209,0.0,0.0,0000,BBAA,,0.657,1.33,-0.159,0.052000000000000005,1.3425496403931751,3.606093821628157,5.488711885581544,5.5248938855815455,0.035960328,-21.566920713344654,2.1879025158396663,False,6.627426561257237,0.000174,7.152301,0.000742,5.9347334,0.000691,180.9989514,,1.3425496403900001,3.6060938216300005,5.4887,5.5248938855815455,0.0360,-21.567,2.188,False,6.6210119999999995,0.002761,7.152301,0.0028870000000000002,5.9347330000000005,0.0038420000000000004,170.6825,,,5.4887,0.0360,Gaia DR3,180.855225,179.564636,181.978455,181.248581,180.20744299999998,182.49482700000002,0.63434,0.017921,0.631,0.0,LDD_VW3,GOOD,,,True,,101.2778907,-57.31607593,HD43,180.9989514205377,1.178082655618913,Gaia EDR3 corrected parallax,8.025608569110673,0.017,6.890593766918077,0.01,edenhofer_zgr23,loaded_from_csv,0.010297722868241469,0.010297722868241469,,0.02883362403107611,0.03713389967379784,7.988474669436876,0.0274841487922657,6.863109618125811,0.02949151538937421,7.046108484610626,0.03917678961223688,8.307823210387765,0.029152289674390465,6.98784771032561,0.029152289674390465,7.1231487103256095,0.015934410929414427,5.918798589070586,0.020972766827269864,6.60003923317273,0.007024563484950142,5.065975436515051,0.00420432866775785,4.637795671332242,0.002775675044228341,4.413224324955772,0.0014102001170834477,4.205589799882916,0.0010100258426356807,4.140989974157364,2.4851097507434594,0.6538223026829371,0.030075825923415102,0.6174414798005929,0.03148951546983023,0.6192158169586609,0.04458353882102359,0.905193997143016,0.07060513177715524,,,0.6174414798005929,0.03148951546983023,,
HD1581,104,True,Both,False,zetTuc,4.900108950849461e+18,,,,zetTuc,TYC 8843-1706-1,2MASS J00200446-6452282,J002004.52-645218.0,4.900108950847894e+18,4.900108950849461e+18,HD1581,2MASS J00200446-6452282,F9.5V,C,F9V,5865.0,100.0,3.951,0.2,6.992000000000001,-0.45799999999999996,0.1,,,0.0,,,,,,,,,4.3443,0.0006,4.9,0.013999999999999999,4.2860000000000005,0.009000000000000001,116.38,1707.56,1165.36,0.64,,3.068,0.272,0.272,1000000,2.738,0.218,0.218,1000000,2.7689999999999997,0.25,0.25,658901.0,DDD,000,42.0,,J002004.52-645218.0,5.5889999999999995, 0.044, 6.097, 0.021,6.825,0.043,5.1770000000000005, 0.038,24.4,   51.0,25.0,28.2,0.0, 0.161,0.0,0.0,dddd,AAAA,,0.299,0.614,0.41200000000000003,1.6480000000000001,5.035609547427471,-64.86961713712722,116.18257854098104,116.19467754098105,0.13336171,1706.7468552126234,1164.959442628905,False,4.0860765290060215,0.001214417,4.369477,0.001158474,3.6002007000000007,0.0023567510000000002,8.606246182000001,,5.03560954743,-64.86961713713,116.1826,116.1826,0.1334,1706.747,1164.959,False,4.07351,0.003011,4.369477,0.0030210000000000002,3.600201,0.004454,8.5803,,,116.1826,0.1334,Gaia DR3,8.60638905,8.59671116,8.61778355,8.60762787,8.60002041,8.61618614,,,,0.0,LDD_VK,GOOD,,,True,,308.31158789999995,-51.93050813,HD1581,8.606246182380488,0.009877764901567308,Gaia EDR3 corrected parallax,4.78158161578373,0.013999999999999999,4.220790943424477,0.009000000000000001,assumed_zero,assumed_zero_d_lt_69pc,,0.0,0.0,0.0,0.0,4.78158161578373,0.0,4.220790943424477,0.0,4.3443,0.0,4.9,0.0,4.2860000000000005,0.0,4.369477,0.0,3.600201,0.0,4.07351,0.0,3.068,0.0,2.738,0.0,2.7689999999999997,0.0,5.5889999999999995,0.0,6.097,1.5533957835267485,1.253483688613657,0.05766024967622822,0.12981734736705808,0.006620684715719961,0.24166221543584698,0.017399679511380984,0.8953110866007888,0.06983426475486153,1.1984346486059265,0.05392955918726669,1.253483688613657,0.05766024967622822,5931.989822383849,79.0
HD68,104,False,Both,False,HD68,4.706625037851229e+18,,,,,TYC 9134-2021-1,2MASS J00052705-6757348,J000527.09-675734.7,4.706625037851229e+18,4.706625037851229e+18,HD68,2MASS J00052705-6757348,K3III,C,K3III,,,,,,,,,,,,,,,,,,,,,8.738999999999999,0.017,7.211,0.01,,,,,,5.085,0.268,0.268,357627,4.189,0.22,0.22,337528,4.099,0.033,0.036000000000000004,207405.0,DDE,d00,19.3,,J000527.09-675734.7,3.992, 0.308, 3.693, 0.204,3.992,0.015,3.937, 0.027,3.5,    5.3,71.4,39.5,0.21100000000000002, 0.207,0.0,0.0,h000,BBAA,,0.986,1.528,0.055,0.055,1.3630389708124555,-67.95971754559662,4.062202904801603,4.070399904801603,0.016993941999999998,26.051852805622925,3.0749497607199627,False,6.673541204384589,0.00016999999999999999,7.324628,0.000686,5.886825,0.00086,245.67610640000004,,1.36303897081,-67.9597175456,4.0622,4.070399904801603,0.0170,26.052,3.075,False,6.667383999999999,0.002761,7.324628,0.002873,5.886825,0.0038759999999999997,249.5321,,,4.0622,0.0170,Gaia DR3,245.706177,244.602142,246.770248,245.544571,244.78439300000002,246.50860600000001,0.7761640000000001,0.069914,0.218,0.0,LDD_VK,GOOD,,,True,,309.423768,-48.58479567,HD68,245.6761063747965,1.025699095952248,Gaia EDR3 corrected parallax,8.353071179815322,0.017,7.0652718062433,0.01,edenhofer_zgr23,loaded_from_csv,0.012971395735566795,0.012971395735566795,,0.03631990805958702,0.04677524478340543,8.306295935031915,0.03462005872571701,7.030651747517583,0.03714861254782031,,0.04934854513094388,8.689651454869056,0.03672131118721512,7.174278688812785,0.03672131118721512,7.287906688812784,0.020071578214249586,5.86675342178575,0.02641807918770901,6.64096592081229,0.00884840211751209,5.076151597882488,0.005295929172852994,4.183704070827147,0.0034963437929623666,4.095503656207038,0.0017763406550244227,3.9902236593449754,0.0012722662160954083,3.6917277337839045,2.9289079903785877,0.7925636618056737,0.03645792844306099,0.7921716597398609,0.04040075464673291,0.7882974892912119,0.05675741922896726,1.6994222992230823,0.1325549393394004,,,0.7925636618056737,0.03645792844306099,,
HD218558,104,False,Faint,False,HR8809,6.391331216746941e+18,,,,,TYC 9131-161-1,2MASS J23101233-6651275,J231012.75-665127.0,6.391331216746941e+18,6.391331216746941e+18,HD218558,2MASS J23101233-6651275,K0III,C,K0III,,,,,,,,,,,,,,,,,,,6.6287,0.0009,7.692,0.006999999999999999,6.582999999999999,0.004,16.06,236.36,35.1,0.66,,5.12,0.278,0.278,281469,4.355,0.23600000000000002,0.23600000000000002,227463,4.148,0.001,0.015,172671.0,DDE,000,27.4,,J231012.75-665127.0,4.1080000000000005,0.292,3.864,0.198,4.103,0.015,4.064,0.024,3.7,5.5,72.1,45.4,0.22399999999999998,0.214,0.0,0.0,h000,BBAA,,0.972,1.109,0.044000000000000004,0.039,347.55406576641263,-66.85748840767518,15.754686580812528,15.765507580812528,0.015970778,235.88473690984932,35.077888924061405,False,6.215614195331359,11100.0,6.6977595999999995,28876.0,5.5489163,44000.0,63.42961017,,347.55406576640996,-66.85748840768001,15.7547,15.765507580812528,0.0160,235.885,35.078,False,6.206931,0.002762,6.697760000000001,0.0029980000000000002,5.548916,0.003909, ,,,15.7547,0.0160,Gaia DR3,63.42499920000001,63.335372899999996,63.5160751,63.4340363,63.3757858,63.4906387,0.671192,0.062592,0.327,0.0,LDD_VK,GOOD,,,True,,317.2884831,-47.35025188,HD218558,63.42961017107079,0.06425547781928784,Gaia EDR3 corrected parallax,7.441182293992753,0.006999999999999999,6.476314416568348,0.004,assumed_zero,assumed_zero_d_lt_69pc,,0.0,0.0,0.0,0.0,7.441182293992753,0.0,6.476314416568348,0.0,6.6287,0.0,7.692,0.0,6.582999999999999,0.0,6.697760000000001,0.0,5.548916,0.0,6.206931,0.0,5.12,0.0,4.355,0.0,4.148,0.0,4.1080000000000005,0.0,3.864,2.407537806406231,0.7453388187842829,0.03428558566407701,0.7092688165184963,0.036172709642443304,0.7067278372436369,0.05088440428154185,0.6329392426103354,0.049369260923606155,,,0.7453388187842829,0.03428558566407701,,
HD323,104,False,Faint,False,HD323,4.707800725017907e+18,,,,,TYC 8846-1469-1,2MASS J00074097-6555566,J000747.13-655555.5,4.707800725017907e+18,4.707800725017907e+18,HD323,2MASS J00074097-6555566,K1/2III,D,K1III,,,,,,,,,,,,,,,,,,,6.9943,0.001,8.329,0.015,6.9479999999999995,0.01,7.84,29.3,-62.83,0.65,,5.222,0.27,0.27,337777,4.442,0.266,0.266,286490,4.442,0.37799999999999995,0.37799999999999995,156538.0,DDD,d00,18.1,,J000747.13-655555.5,11.619000000000002, 0.021,11.715, 0.022,11.708,0.215,9.195,      ,52.3,   50.3,5.1,-0.8,0.0, 0.000,0.0,0.0,dDD0,AABU,,0.78,1.381,2.424,2.513,1.9209901427247629,-65.93268523064256,6.863113762910191,6.8720677629101905,0.023530007999999998,29.36627295277551,-57.368599775692104,False,6.529202723195617,0.000136,7.0806173999999995,0.001103816,5.815854,0.0008730000000000001,145.5166093,,1.9209901427200002,-65.93268523064,6.8631,6.872067762910191,0.0235,29.366,-57.369,False,6.52224,0.002759,7.080617,0.003001,5.815854,0.003879,149.5951,,,6.8631,0.0235,Gaia DR3,145.632996,145.053726,146.246597,145.708023,145.262238,146.197388,0.645752,0.080955,0.0721,0.0,LDD_VK,GOOD,,,True,,309.9341088,-50.59654202,HD323,145.51660933804862,0.49824988634965917,Gaia EDR3 corrected parallax,7.992321604171588,0.015,6.816986324683727,0.01,edenhofer_zgr23,loaded_from_csv,0.007811261401856748,0.007811261401856748,,0.021871531925198893,0.02816764453012433,7.964153959641464,0.020847897478967068,6.79613842720476,0.02237057054173982,6.97192942945826,0.02971726356032604,8.299282736439675,0.02211325338843578,6.925886746611564,0.02211325338843578,7.0585037466115645,0.01208692937718516,5.803767070622815,0.015908736922143518,6.506331263077857,0.005328430597419406,5.216671569402581,0.003189162367581265,4.438810837632419,0.002105467744130542,4.439894532255869,0.0010696968528294544,11.617930303147173,0.0007661476212172746,11.714233852378783,2.5977116302442798,0.7220389015663857,0.033213789472053744,0.011148562928625594,0.0005685767093599052,0.022491893789047986,0.001619416352811455,1.116000965874694,0.08704807533822613,,,0.7220389015663857,0.033213789472053744,,
HD220757,104,False,Bright,False,HD220757,6.489536331165022e+18,,,,HD220757,TYC 8838-655-1,2MASS J23265880-5825260,J232658.92-582526.4,6.489536331165022e+18,6.489536331165022e+18,HD220757,2MASS J23265880-5825260,K3IIICNII,C,K3III,,,,,,,,,,,,,,,,,,,7.292999999999999,0.0009,8.77,0.016,7.271,0.01,7.25,85.94,-57.72,0.74,,5.105,0.011000000000000001,0.02,295413,4.593,0.031,0.034,209754,4.4030000000000005,0.021,0.026000000000000002,141325.0,AEA,000,25.5,,J232658.92-582526.4,4.277, 0.290, 4.128, 0.160,4.295,0.016,4.2589999999999995, 0.030,3.7,    6.8,68.1,36.6,0.217, 0.214,0.0,0.0,hh00,BBAA,,0.7020000000000001,1.499,0.018000000000000002,0.036000000000000004,351.7459190878725,-58.4240607350698,6.415963142780303,6.429778142780303,0.015847173,87.36900328972568,-56.57555350390625,False,6.76786469240279,0.000263,7.371906,0.00148014,6.020271,0.000717,155.5263615,,351.74591908787005,-58.42406073507,6.4160,6.429778142780303,0.0158,87.369,-56.576,False,6.762232000000001,0.002768,7.371906,0.0031579999999999998,6.020271,0.0038469999999999997,158.1001,,,6.4160,0.0158,Gaia DR3,155.575806,155.194046,155.955704,155.55226100000002,155.19181799999998,155.926071,0.6772779999999999,0.015898,0.69,0.0,LDD_VK,GOOD,,,True,,322.3362909,-55.40762281,HD220757,155.52636153128444,0.3833185379831889,Gaia EDR3 corrected parallax,8.393326943041595,0.016,7.128097987508083,0.01,edenhofer_zgr23,loaded_from_csv,0.10127319356941596,0.10127319356941596,,0.28356494199436466,0.3651941946553866,8.02813274838621,0.27029349656649615,6.857804490941587,0.2900349897640564,7.002965010235943,0.38528504297434896,8.38471495702565,0.2866988666291813,6.984301133370819,0.2866988666291813,7.085207133370819,0.1567073325934998,5.8635636674065,0.20625716012758036,6.5559748398724205,0.06908323195859045,5.03591676804141,0.04134756746197001,4.55165243253803,0.027297440379451324,4.375702559620549,0.013868645646840318,4.26313135435316,0.009933122495150567,4.11806687750485,2.594864453157523,0.700609854831261,0.03222805332223801,0.6603302397616073,0.03367684222784197,0.6557247713272947,0.04721218353556522,1.0958300407299582,0.08547474317693673,,,0.700609854831261,0.03222805332223801,,
HD8025,104,False,Bright,False,HD8025,4.704632825860884e+18,,,,,TYC 8855-176-1,2MASS J01175089-6706377,J011751.07-670637.4,4.704632825860884e+18,4.704632825860884e+18,HD8025,2MASS J01175089-6706377,K2III,C,K2III,,,,,,,,,,,,,,,,,,,7.4471,0.0011,8.812999999999999,0.017,7.415,0.01,5.82,87.38,19.95,0.6,,5.321000000000001,0.017,0.024,287760,4.747,0.001,0.015,208982,4.59,0.013000000000000001,0.02,111025.0,AEA,000,41.7,,J011751.07-670637.4,4.537, 0.297, 4.326, 0.150,4.559,0.015,4.5, 0.028,3.7,    7.2,70.3,38.8,0.212, 0.211,0.0,0.002,0000,BBAA,,0.731,1.3980000000000001,0.037000000000000005,0.059000000000000004,19.46314910098437,-67.11039147044555,6.075469068281231,6.082148068281231,0.013897473,87.00155201421303,20.476826568889926,False,6.957097168941263,0.00014099999999999998,7.5325823000000005,0.000884,6.231647,0.0005059999999999999,164.4155961,,19.463149100979997,-67.11039147045,6.0755,6.08214806828123,0.0139,87.002,20.477,False,6.952502000000001,0.002759,7.5325820000000006,0.002927,6.231647,0.0038130000000000004, ,,,6.0755,0.0139,Gaia DR3,164.421494,164.120178,164.79176299999997,164.454697,164.123627,164.874374,0.612581,0.013524000000000001,0.20199999999999999,0.0,LDD_VK,GOOD,,,True,,298.9570167,-49.81349896,HD8025,164.41559606466348,0.3756832752894948,Gaia EDR3 corrected parallax,8.47067146902292,0.017,7.282207469170356,0.01,edenhofer_zgr23,loaded_from_csv,0.0070279685071782845,0.0070279685071782845,,0.019678311820099194,0.02534306669497077,8.445328402327949,0.018757324762967795,7.263450144407389,0.020127308147386586,7.4269726918526136,0.02673729397557273,8.786262706024425,0.019895794086245616,7.395104205913754,0.019895794086245616,7.512686205913755,0.010874883663623575,6.220772116336376,0.014313450328423597,6.938188549671577,0.004794109492027408,5.316205890507973,0.002869361493690582,4.744130638506309,0.0018943369370677892,4.588105663062932,0.0009624304458849808,4.536037569554115,0.0006893203385159621,4.325310679661484,2.7015827505442975,0.6201568318148157,0.028527214263481523,0.5921825709035385,0.030201311116080466,0.594198732273165,0.04278230872366788,0.957140417615216,0.07465695257398684,,,0.6201568318148157,0.028527214263481523,,
HD30652,104,True,Both,False,pi3Ori,3.288921720025503e+18,,,,pi3Ori,TYC   96-1462-1,2MASS J04495040+0657409,J044950.73+065740.6,3.2889217200244424e+18,3.288921720025503e+18,HD30652,2MASS J04495040+0657409,F6V,B,F6V,6420.0,100.0,4.24,0.2,7.43,-0.02,0.1,,,17.0,,,,,,,,,3.2862,0.0005,3.7230000000000003,0.013999999999999999,3.222,0.009000000000000001,124.6,463.44,11.62,0.95,,1.984,0.24600000000000002,0.24600000000000002,1000000,1.757,0.132,0.132,1000000,1.6,0.196,0.196,1000000.0,DBC,000,54.4,,J044950.73+065740.6,-0.028999999999999998,      , 0.222,      ,2.136,0.012,2.09, 0.018,0.3,    1.0,87.6,61.0,0.258, 0.262,0.22399999999999998,0.0,hh00,UUAA,,0.384,0.501,-2.119,0.046,72.46212402119102,6.9613310085374644,124.61980141424488,124.65241141424488,0.22457013,463.95440348490985,11.937009936843955,False,3.092509545851089,0.0013784020000000001,3.3467637838496653,0.018047835,2.6282697118953235,0.00646217,8.022307701,,72.46212402119001,6.961331008539999,124.6198,124.6198,0.2246,463.954,11.937,False,3.0879220000000003,0.003081,3.5139660000000004,0.018262,2.708148,0.007486,8.0160,,,124.6198,0.2246,Gaia DR3,8.02445602,8.012238499999999,8.03582001,8.02371979,8.01077938,8.03792381,1.986537,0.165749,0.011,0.0,LDD_VW3,GOOD,,,True,,191.4532108,-23.06305192,HD30652,8.022307700705445,0.01445275436558097,Gaia EDR3 corrected parallax,3.633746858585023,0.013999999999999999,3.1679128515374186,0.009000000000000001,assumed_zero,assumed_zero_d_lt_69pc,,0.0,0.0,0.0,0.0,3.633746858585023,0.0,3.1679128515374186,0.0,3.2862,0.0,3.7230000000000003,0.0,3.222,0.0,3.5139660000000004,0.0,2.708148,0.0,3.0879220000000003,0.0,1.984,0.0,1.757,0.0,1.6,0.0,-0.028999999999999998,0.0,0.222,1.132836065150626,1.5766752140612932,0.07252705984681948,1.5566031304410912,0.07938675965249564,1.5214320770714482,0.10954310954914429,1.325823603183748,0.10341424104833234,1.5930260723545862,0.07168617325595637,1.5566031304410912,0.07938675965249564,6431.9259255379275,79.0
HD32263,104,False,Both,False,HR1618,3.2286202417482614e+18,HR1618,,,HR1618,TYC   98-2442-1,2MASS J05015035+0043194,J050150.36+004319.2,3.2286202417482614e+18,3.2286202417482614e+18,HD32263,2MASS J05015035+0043194,K2III,C,K2III,,,,,,,,,,,,,,,,,,,6.0798,0.0007,7.571000000000001,0.016,6.053,0.01,6.55,4.84,-22.75,0.91,,4.0760000000000005,0.29600000000000004,0.29600000000000004,578136,3.363,0.256,0.256,587097,3.193,0.282,0.282,375163.0,DDD,000,30.6,,J050150.36+004319.2,2.178,      , 2.816, 0.427,2.987,0.015,2.958, 0.025,1.8,    2.5,74.1,43.2,0.26899999999999996, 0.262,0.086,0.0,0h00,UCAA,,0.883,1.518,-0.78,0.028999999999999998,75.45982149178988,0.7220055183830942,6.3069916803603405,6.334690680360341,0.03755106,4.193308171274269,-23.357288005739584,False,5.548410399442997,0.00037799999999999997,6.171937000000001,0.00072,4.772403,0.001687219,157.8609044,,75.45982149179,0.72200551838,6.3070,6.3070,0.0376,4.193,-23.357,False,5.536574,0.002781,6.171937000000001,0.002882,4.772403,0.004139,,,,6.3070,0.0376,Gaia DR3,158.1035,157.193741,158.832153,157.852432,157.016418,158.818039,1.136671,0.11253699999999998,0.0713,0.0,LDD_VW3,GOOD,,,True,,198.95021169999998,-23.81527623,HD32263,157.86090441642784,0.9357748613951817,Gaia EDR3 corrected parallax,7.1882320225226115,0.016,5.908251814087081,0.01,edenhofer_zgr23,loaded_from_csv,0.023845307745680708,0.023845307745680708,,0.06676686168790598,0.08598689990480902,7.102245122617802,0.06364202984145474,5.844609784245627,0.06829026857140479,6.011509731428595,0.09071739614129905,7.480282603858702,0.06750476077783397,5.985495239222166,0.06750476077783397,6.104432239222167,0.0368975682507283,4.735505431749272,0.04856433656968819,5.4880096634303115,0.016266011449413937,4.059733988550587,0.009735502909663551,3.3532644970903362,0.006427326359282123,3.186572673640718,0.0032654457888506142,2.1747345542111494,0.002338806098872143,2.8136611939011282,2.8379711325731534,1.2949457879502577,0.05956750624571185,1.238216775339499,0.06314905554231444,1.2196017093470994,0.08781132307299115,2.663935330914529,0.20778695581133327,,,1.238216775339499,0.06314905554231444,,
HD30519,104,False,Faint,False,HD30519,3.281926386530182e+18,HD30519,,,,TYC   92-662-1,2MASS J04483532+0536203,J044835.29+053620.1,3.281926386530182e+18,3.281926386530182e+18,HD30519,2MASS J04483532+0536203,K2,E,K2,,,,,,,,,,,,,,,,,,,,,10.014,0.03,8.076,0.013000000000000001,,,,,,4.96,0.013000000000000001,0.021,294056,4.001,0.214,0.214,337684,3.8310000000000004,0.264,0.264,201382.0,ECD,000,28.4,,J044835.29+053620.1,3.872, 0.331, 3.730, 0.211,3.859,0.013999999999999999,3.741, 0.026,3.3,    5.1,79.7,41.8,0.24, 0.241,0.0,0.0,0000,BBAA,,1.129,1.9380000000000002,0.131,0.11800000000000001,72.14701569021861,5.6054874357039965,2.6640099988917543,2.696291998891754,0.020458207,-16.284596170650243,-21.472937579686366,False,7.2211611434035445,0.000273,8.15899,0.001022948,6.2584599999999995,0.000607,370.879712,,72.14701569021999,5.605487435700001,2.6640,2.696291998891754,0.0205,-16.285,-21.473,False,7.217947000000001,0.002769,8.15899,0.002972,6.2584599999999995,0.0038280000000000002,,,,2.6640,0.0205,Gaia DR3,370.41705299999995,368.003357,372.707153,370.678009,367.667725,373.637726,0.9353379999999999,0.08305599999999999,0.131,0.0,LDD_VW3,GOOD,,,True,,192.50266159999998,-24.06860997,HD30519,370.8797119937403,2.8140623950176735,Gaia EDR3 corrected parallax,9.488639564636166,0.03,7.879020262158419,0.013000000000000001,edenhofer_zgr23,loaded_from_csv,0.0494691963980252,0.0494691963980252,,0.13851374991447055,0.17838741627559157,9.310252148360576,0.13203101033435752,7.746989251824061,0.14167419200721548,,0.18820124840889388,9.825798751591105,0.1400445867311262,7.935955413268874,0.1400445867311262,8.018945413268874,0.07654726329692463,6.181912736703075,0.10075100432037308,7.117195995679627,0.03374527699896599,4.926254723001034,0.02019716040607316,3.980802839593927,0.013334056048789109,3.8176659439512113,0.0067744556194715595,3.8652255443805283,0.004852059762699546,3.7251479402373002,3.1128612203873423,0.6372314425403782,0.029312646356857396,0.9085840384518804,0.0463377859610459,0.9150725221881492,0.06588522159754674,9.648406729178754,0.7525757248759429,,,0.9085840384518804,0.0463377859610459,,
HD30507,104,False,Faint,False,HD30507,3.2892263191051597e+18,HD30507,,,,TYC  683-1211-1,2MASS J04484104+0750239,J044840.99+075024.1,3.2892263191051597e+18,3.2892263191051597e+18,HD30507,2MASS J04484104+0750239,K5,E,K5,,,,,,,,,,,,,,,,,,,7.2221,0.0019,9.074,0.018000000000000002,7.268,0.011000000000000001,3.89,-7.92,24.38,0.96,,4.75,0.24,0.24,486889,3.8280000000000003,0.248,0.248,487203,3.697,0.256,0.256,344842.0,DDD,000,35.3,,J044840.99+075024.1,3.451, 0.457, 3.179, 0.244,3.3689999999999998,0.012,3.321, 0.022,2.4,    4.4,91.2,48.3,0.265, 0.251,0.052000000000000005,0.0,0000,CBAA,,1.053,1.806,0.13,0.048,72.1709812263084,7.8400857722205055,3.9612979174632734,3.992708917463274,0.019652126000000002,-8.187677486465242,24.90550535452097,False,6.524592714633785,0.000236,7.3538003,0.000723,5.617716000000001,0.0014803420000000002,250.4565248,,72.17098122630999,7.84008577222,3.9613,3.9927089174632733,0.0197,-8.188,24.906,False,6.517604,0.0027649999999999997,7.3538,0.002882,5.617716000000001,0.004059,,,,3.9613,0.0197,Gaia DR3,250.555344,249.17756699999998,251.951111,250.477371,249.16305499999999,251.70620699999998,0.982259,0.084756,0.192,0.0,LDD_VW3,GOOD,,,True,,190.4852115,-22.81628279,HD30507,250.45652479854192,1.232747812227247,Gaia EDR3 corrected parallax,8.59496937560902,0.018000000000000002,7.089200066518443,0.011000000000000001,edenhofer_zgr23,loaded_from_csv,0.033447878666261456,0.033447878666261456,,0.09365406026553207,0.12061406066042442,8.474355314948596,0.08927085005213052,6.999929216466312,0.09579094728506929,7.126309052714931,0.12724954072370795,8.946750459276291,0.09468911334562188,7.173310886654378,0.09468911334562188,7.259110886654378,0.05175632032486609,5.565959679675134,0.06812132828877625,6.449482671711224,0.022816378934868965,4.727183621065131,0.013656016670048897,3.8143439833299513,0.009015628336886261,3.6879843716631138,0.004580449776602866,3.446419550223397,0.003280649738444152,3.1757193502615557,3.1720250381180684,0.9317894786117802,0.042862316016141884,1.1127401134104173,0.05674974578393128,1.0875790627167667,0.0783056925156072,6.420736750616871,0.5008174665481159,,,1.1127401134104173,0.05674974578393128,,
HD30545,104,False,Bright,False,HR1534,3.233387552369508e+18,HR1534,,,,TYC   88-1394-1,2MASS J04484463+0335185,J044844.60+033518.8,3.2333875523685545e+18,3.233387552369508e+18,HD30545,2MASS J04484463+0335185,K0III,C,K0III,,,,,,,,,,,,,,,,,,,6.2058,0.0005,7.58,0.015,6.162999999999999,0.01,4.61,-1.25,-15.39,0.87,,3.9560000000000004,0.228,0.228,767414,3.272,0.214,0.214,684085,3.138,0.218,0.218,394657.0,DCD,000,44.8,,J044844.60+033518.8,2.609,      , 3.095, 0.320,3.2889999999999997,0.013000000000000001,3.22, 0.017,2.0,    3.4,85.5,65.1,0.267, 0.252,0.06,0.0,0000,UBAA,,0.818,1.4169999999999998,-0.611,0.069,72.18592946118206,3.5884571713777564,3.6480222523686896,3.6786182523686897,0.037478500000000005,-1.2110433039263089,-16.55230559767157,False,5.707391913737424,0.000333,6.2915944999999995,0.0008039999999999999,4.959854,0.0012017360000000001,271.8412,,72.18592946118,3.58845717138,3.6480,3.6480,0.0375,-1.211,-16.552,False,5.696211,0.002775,6.291595,0.002904,4.959854,0.003966,,,,3.6480,0.0375,Gaia DR3,272.296783,269.957611,274.80670200000003,271.949371,269.77652,274.45370499999996,1.181386,0.091425,0.0427,0.0,LDD_VW3,GOOD,,,True,,194.39297630000002,-25.1249579,HD30545,271.8411999821108,2.7695726260721085,Gaia EDR3 corrected parallax,7.2312671060803435,0.015,6.02827286825924,0.01,edenhofer_zgr23,loaded_from_csv,0.024326783072017875,0.024326783072017875,,0.06811499260165005,0.08772311447305625,7.143543991607287,0.06492706534669894,5.963345802912541,0.06966915953380076,6.136130840466199,0.09254912707878304,7.487450872921217,0.06886779106754401,6.094132208932455,0.06886779106754401,6.222727208932456,0.03764258982495333,4.922211410175047,0.0495449290639274,5.646666070936073,0.01659444852618974,3.939405551473811,0.009932078457795689,3.262067921542204,0.006557104472834522,3.1314428955271656,0.0033313804202502856,2.60566861957975,0.0023860303763569993,3.092613969623643,2.6969505493182218,1.1253829557143518,0.051767615962860176,1.0599560881619483,0.054057760496259356,1.0697563560887906,0.07702245763839292,1.7286600857912553,0.1348354866917179,,,1.0599560881619483,0.054057760496259356,,
HD33419,104,False,Bright,False,HR1681,3.2274515639684854e+18,HR1681,,,,TYC 4751-1642-1,2MASS J05100325-0033551,J051003.24-003355.5,3.2274515639684854e+18,3.2274515639684854e+18,HD33419,2MASS J05100325-0033551,K1III,C,K1III,,,,,,,,,,,,,,,,,,,6.2749,0.001,7.515,0.016,6.225,0.01,10.37,2.14,-50.78,1.14,,4.388999999999999,0.23199999999999998,0.23199999999999998,612111,3.73,0.20199999999999999,0.20199999999999999,480740,3.6919999999999997,0.284,0.284,301731.0,DCD,000,25.8,,J051003.24-003355.5,3.654, 0.381, 3.464, 0.168,3.602,0.013000000000000001,3.5389999999999997, 0.024,2.9,    6.4,81.8,45.5,0.249, 0.242,0.027000000000000003,0.0,HHH0,CBAA,,0.6970000000000001,1.29,0.115,0.063,77.51359871497337,-0.5655449582117333,8.763768255356156,8.791479255356156,0.04044942,1.9438349189454207,-50.180590070119294,False,5.824982649263003,0.000337,6.34866,0.000813,5.1262264,0.001686775,113.7465006,,77.51359871497,-0.5655449582100001,8.7638,8.7638,0.0404,1.944,-50.181,False,5.814331,0.0027760000000000003,6.34866,0.0029059999999999997,5.126226,0.004139,,,,8.7638,0.0404,Gaia DR3,113.82118200000001,113.261597,114.328796,113.641205,113.130501,114.27125500000001,0.915529,0.087128,0.0337,0.0,LDD_VW3,GOOD,,,True,,201.2770514,-22.67291045,HD33419,113.7465005551547,0.5233453712220916,Gaia EDR3 corrected parallax,7.205042294355018,0.016,6.101957800944089,0.01,edenhofer_zgr23,loaded_from_csv,0.005727967532172157,0.005727967532172157,,0.016038309090082036,0.02065522391658372,7.184387070438435,0.015287681941509696,6.08667011900258,0.016404252161986797,6.258495747838013,0.021791553509922082,7.493208446490078,0.016215562496672796,6.2087844375033265,0.016215562496672796,6.332444437503327,0.008863298188909349,5.117362701811091,0.011665814761524432,5.802665185238475,0.003907317383104877,4.385092682616895,0.0023386003305418224,3.7276613996694583,0.0015439312881718192,3.690456068711828,0.0007844045317466153,3.6532155954682533,0.0005618130636545251,3.4634381869363455,2.5333780480419916,0.9626796088464771,0.04428326200693794,0.902257194820249,0.04601511693583269,0.9098838729517863,0.06551163885252861,1.162858299726003,0.09070294737862823,,,0.902257194820249,0.04601511693583269,,
HD38393,104,True,Both,False,gamLep,2.9640001598212183e+18,,,,gamLep,TYC 5930-2197-1,2MASS J05442780-2226538,J054428.81-222713.3,2.9640001598201185e+18,2.9640001598212183e+18,HD38393,2MASS J05442780-2226538,F6V,C,F6V,6386.0,100.0,4.345,0.2,7.3,-0.15,0.1,,,15.0,,,,,,,,,3.6977,0.0004,4.162,0.013999999999999999,3.638,0.009000000000000001,111.49,-292.42,-368.45,0.6,,2.804,0.276,0.276,1000000,2.6060000000000003,0.23600000000000002,0.23600000000000002,1000000,2.508,0.228,0.228,755475.0,DDD,000,52.2,,J054428.81-222713.3,9.561, 0.032, 9.258, 0.031,8.855,0.042,5.577000000000001, 0.042,33.9,   35.5,26.1,25.8,0.0, 0.000,0.0,0.0,DDHd,AAAA,,0.29600000000000004,0.524,3.984,3.278,86.11439122579156,-22.450023364202533,112.29602820037745,112.31524720037748,0.14516802,-291.7567767353485,-368.5208157670237,False,3.4856094883530617,0.001116125,3.727349844940004,0.008292536999999999,3.0039847288485517,0.001678504,8.903510654,,86.11439122579,-22.4500233642,112.2960,112.2960,0.1452,-291.757,-368.521,False,3.4768230000000004,0.002973,3.7968589999999995,0.008749,3.044036,0.004135,8.9121,,,112.2960,0.1452,Gaia DR3,8.90144253,8.88945961,8.91464043,8.90258408,8.89240456,8.91442299,1.2730620000000001,0.118316,0.00374,0.0,LDD_VK,GOOD,,,True,,226.7969317,-24.27489249,HD38393,8.903510653508485,0.011507832149564008,Gaia EDR3 corrected parallax,4.065942611079737,0.013999999999999999,3.5817209028573243,0.009000000000000001,assumed_zero,assumed_zero_d_lt_69pc,,0.0,0.0,0.0,0.0,4.065942611079737,0.0,3.5817209028573243,0.0,3.6977,0.0,4.162,0.0,3.638,0.0,3.7968589999999995,0.0,3.044036,0.0,3.4768230000000004,0.0,2.804,0.0,2.6060000000000003,0.0,2.508,0.0,9.561,0.0,9.258,1.3250543393433443,1.4645076858478088,0.0673673535489992,0.04016053631098115,0.0020481873518600384,0.14106029540441603,0.010156341269117955,1.1147998709566926,0.08695438993462203,1.3811326215278945,0.06215096796875525,1.4645076858478088,0.0673673535489992,6308.166806651605,79.0
HD38579,104,False,Faint,False,HD38579,2.915911506950115e+18,,,,,TYC 6490-860-1,2MASS J05455468-2308251,J054554.73-230825.3,2.915911506950115e+18,2.915911506950115e+18,HD38579,2MASS J05455468-2308251,K1/2III,D,K1III,,,,,,,,,,,,,,,,,,,7.2179,0.0006,8.693,0.015,7.184,0.009000000000000001,2.99,23.94,-37.3,0.73,,5.325,0.24600000000000002,0.24600000000000002,276968,4.482,0.22399999999999998,0.22399999999999998,248949,4.152,0.028999999999999998,0.033,172036.0,DDE,000,37.7,,J054554.73-230825.3,4.145, 0.263, 3.994, 0.105,4.1,0.013999999999999999,4.048, 0.025,4.1,   10.3,74.9,42.9,0.23600000000000002, 0.226,0.0,0.0,0000,BAAA,,1.173,1.5090000000000001,0.09699999999999999,0.052000000000000005,86.47797887123095,-23.14046640475023,3.3552028385674317,3.3700698385674324,0.016746825,23.521982653180075,-37.732002900640396,False,6.689822125594463,0.00011100000000000001,7.3112783,0.00037200000000000004,5.9251933,0.000397,296.7297557,,86.47797887123001,-23.14046640475,3.3552,3.3700698385674324,0.0167,23.522,-37.732,False,6.683755000000001,0.002758,7.311278,0.002815,5.925193,0.0038,310.5339,,,3.3552,0.0167,Gaia DR3,296.95703100000003,295.64788799999997,298.16754199999997,296.742462,294.96814,298.07861299999996,0.684535,0.056867999999999995,0.609,0.0,LDD_VK,GOOD,,,True,,227.635169,-24.20518672,HD38579,296.72975573262465,1.4745336238074465,Gaia EDR3 corrected parallax,8.313093480146922,0.015,7.04012435503477,0.009000000000000001,edenhofer_zgr23,loaded_from_csv,0.0671341127104904,0.0671341127104904,,0.18797551558937312,0.2420876380125877,8.071005842134333,0.17917785964723132,6.860946495387539,0.19226451745554826,7.025635482544452,0.2554058837196324,8.437594116280367,0.19005299771711656,6.993947002282884,0.19005299771711656,7.121225002282883,0.10388146515475775,5.821311534845242,0.13672810096444263,6.547026899035558,0.045795351338792686,5.279204648661207,0.027409348480690043,4.45459065151931,0.018095503603190514,4.133904496396809,0.009193540631842042,4.135806459368157,0.006584677955272182,3.9874153220447277,2.6983251937403234,0.7449769806897839,0.03426894111173006,0.7352704537620111,0.03749879314186256,0.7343599388323981,0.052873915595932665,1.3133374700877907,0.10244032266684767,,,0.7449769806897839,0.03426894111173006,,
HD39913,104,False,Faint,False,HD39913,2.9177366618945654e+18,,,,,TYC 5943-614-1,2MASS J05544439-2116491,J055444.41-211649.4,2.9177366618945654e+18,2.9177366618945654e+18,HD39913,2MASS J05544439-2116491,K4III,C,K4III,,,,,,,,,,,,,,,,,,,,,9.798,0.021,7.9670000000000005,0.011000000000000001,,,,,,5.402,0.256,0.256,209715,4.404,0.248,0.248,217425,4.0569999999999995,0.033,0.036000000000000004,169286.0,DDE,0d0,20.8,,J055444.41-211649.4,4.013999999999999, 0.296, 3.850, 0.159,3.971,0.013000000000000001,3.883, 0.021,3.7,    6.8,80.5,52.8,0.243, 0.239,0.0,0.0,HHH0,BBAA,,1.345,1.831,0.131,0.08800000000000001,88.6849817294431,-21.280351950620123,1.7708267198494794,1.7879757198494797,0.016854461,3.1212168096420685,5.604483765976202,True,7.202781207347312,0.000229,8.048441,0.000944,6.2954063,0.0009140000000000001,559.2917112000001,,88.68498172944,-21.280351950620002,1.7708,1.7879757198494795,0.0169,3.121,5.604,True,7.199474,0.0027649999999999997,8.048441,0.0029460000000000003,6.295406,0.0038880000000000004,,,,1.7708,0.0169,Gaia DR3,557.1604,552.3281860000001,563.1328120000001,558.667175,554.667603,563.571533,0.777583,0.067084,0.5920000000000001,0.0,LDD_VK,GOOD,,,True,,226.5554201,-21.62731285,HD39913,559.2917112343029,5.27219706060404,Gaia EDR3 corrected parallax,9.310440259173214,0.021,7.784621713221573,0.011000000000000001,edenhofer_zgr23,loaded_from_csv,0.597939933869467,0.597939933869467,,1.6742318148345074,2.156189460462518,7.154250798710697,1.5958741870970878,6.1887475261244855,1.7124324462078042,,2.274810391548172,7.523189608451828,1.6927352175894501,6.27426478241055,1.6927352175894501,6.35570578241055,0.925235679702267,5.370170320297733,1.2177891141771437,5.981684885822856,0.40788309021276226,4.9941169097872375,0.2441254282845092,4.15987457171549,0.16117028722025095,3.8958297127797485,0.08188363345377017,3.932116366546229,0.05864741101302961,3.7913525889869706,2.100813505966226,0.706231547890449,0.032486651202960654,0.7433210411673519,0.037909373099534946,0.7613282166547907,0.054815631599144925,0.7238221724442615,0.0564581294506524,,,0.706231547890449,0.032486651202960654,,
HD40235,104,False,Faint,False,HR2090,2.9164497866115277e+18,,,,,TYC 6491-1059-1,2MASS J05563443-2312551,J055634.46-231254.8,2.9164497866115277e+18,2.9164497866115277e+18,HD40235,2MASS J05563443-2312551,K0III,C,K0III,,,,,,,,,,,,,,,,,,,6.5335,0.0006,7.726,0.015,6.48,0.009000000000000001,6.53,12.62,30.02,0.65,,4.832,0.27399999999999997,0.27399999999999997,379866,4.13,0.22,0.22,289674,4.04,0.23600000000000002,0.23600000000000002,178000.0,DDD,00d,21.2,,J055634.46-231254.8,3.844, 0.327, 3.638, 0.176,3.827,0.016,3.775, 0.027,3.3,    6.2,68.7,40.3,0.247, 0.235,0.003,0.003,h000,BBAA,,0.792,1.246,0.069,0.052000000000000005,89.14356166374692,-23.215180631582257,6.861242601504508,6.875741601504508,0.018749889,13.816785579661234,29.4476808989415,False,6.08397119894101,0.000155,6.6079698,0.000629,5.3831077,0.0009939999999999999,145.4388571,,89.14356166375,-23.21518063158,6.8612,6.875741601504508,0.0187,13.817,29.448,False,6.074596,0.0027600000000000003,6.60797,0.00286,5.383108,0.003908,,,,6.8612,0.0187,Gaia DR3,145.401001,144.979019,145.78376799999998,145.347183,145.002594,145.79054299999999,0.744197,0.06845,0.10400000000000001,0.0,LDD_VK,GOOD,,,True,,228.66140269999997,-21.94269926,HD40235,145.43885706542346,0.39660629853612567,Gaia EDR3 corrected parallax,7.430288018899596,0.015,6.361351112895486,0.009000000000000001,edenhofer_zgr23,loaded_from_csv,0.0218428714938322,0.0218428714938322,,0.061160040182730156,0.07876605430323999,7.351521964596356,0.05829761956774638,6.30305349332774,0.06255551727801366,6.470944482721986,0.08309930185440338,7.6429006981455965,0.061835973375483036,6.418164026624518,0.061835973375483036,6.546134026624517,0.03379905389904432,5.3493089461009555,0.044486092366204134,6.030109907633795,0.014900055037918712,4.817099944962081,0.00891795321962786,4.121082046780372,0.0058875844762435485,4.034112415523756,0.0029912263451017723,3.841008773654898,0.0021424022542090647,3.6358575977457908,2.484686277796377,0.8459783232804471,0.038915002870900564,0.8128232449977897,0.04145398549488727,0.8149157190931882,0.05867393177470955,0.8837240617258488,0.06893047681461621,,,0.8459783232804471,0.038915002870900564,,
HD62644,104,True,Both,False,HR2998,5.531762678610961e+18,,,,,TYC 8134-800-1,2MASS J07425710-4510227,J074257.00-451029.2,5.531762678610961e+18,5.531762678610961e+18,HD62644,2MASS J07425710-4510227,G8IV-V,C,G8IV,5490.0,100.0,3.8160000000000003,0.2,7.46,0.01,0.1,,,4.3,,,,,,,,,5.1867,0.0005,5.984,0.013999999999999999,5.126,0.009000000000000001,41.43,-77.76,-553.41,0.81,,3.681,0.308,0.308,1000000,3.159,0.23199999999999998,0.23199999999999998,759119,3.116,0.282,0.282,462402.0,DDD,000,29.7,,J074257.00-451029.2,2.41,      , 2.999, 0.422,3.2319999999999998,0.013000000000000001,3.198, 0.018,1.7,    2.6,82.0,59.1,0.237, 0.224,0.055999999999999994,0.0,0h00,UCAA,,0.565,0.858,-0.7879999999999999,0.034,115.73740021835042,-45.17557765915932,42.82131840134725,42.82761840134725,0.3774877,-79.01241779142228,-554.0045734304035,False,4.848171472102443,0.000768,5.2295985,0.0008060000000000001,4.280493700000001,0.003288681,23.34941884,,115.73740021834999,-45.17557765915999,42.8213,42.8213,0.3775,-79.012,-554.005,False,4.834569999999999,0.00286,5.229598,0.002904,4.280494,0.0050100000000000006,25.0256,,,42.8213,0.3775,Gaia DR3,23.314037300000003,23.0824299,23.531494100000003,23.357545899999998,23.1494999,23.5708427,1.118454,0.11505599999999999,0.0123,2.0,LDD_VW3,GOOD,,,True,,258.5780732,-10.57879908,HD62644,23.349418840636314,0.2058045425708565,Gaia EDR3 corrected parallax,5.802782015578389,0.013999999999999999,5.040345833102175,0.009000000000000001,assumed_zero,assumed_zero_d_lt_69pc,,0.0,0.0,0.0,0.0,5.802782015578389,0.0,5.040345833102175,0.0,5.1867,0.0,5.984,0.0,5.126,0.0,5.229598,0.0,4.280494,0.0,4.834569999999999,0.0,3.681,0.0,3.159,0.0,3.116,0.0,2.41,0.0,2.9989999999999997,1.9558906501475182,1.0974731520171734,0.05048376499278997,1.0071536589947774,0.051364836608733644,0.9996768226884486,0.07197673123356829,0.7953617471338823,0.06203821627644282,0.9618110101764833,0.04328149545794174,1.0071536589947774,0.051364836608733644,5468.874623760723,79.0
HD64181,104,False,Both,False,HR3069,5.53139331142515e+18,,,,,TYC 7658-4075-1,2MASS J07504252-4434478,J075042.51-443447.6,5.53139331142515e+18,5.53139331142515e+18,HD64181,2MASS J07504252-4434478,G6III,C,G6III,,,,,,,,,,,,,,,,,,,6.6142,0.001,7.587999999999999,0.015,6.557,0.01,5.81,-9.9,13.61,0.55,,4.9110000000000005,0.21600000000000003,0.21600000000000003,318442,4.312,0.22,0.22,244968,4.346,0.021,0.026000000000000002,143886.0,CDE,000,43.2,,J075042.51-443447.6,4.309, 0.370, 3.961, 0.186,4.314,0.016,4.274, 0.027,2.9,    5.8,69.4,39.5,0.212, 0.220,0.0,0.0,0000,CBAA,,0.565,1.031,0.035,0.04,117.67705116781065,-44.579887431694104,5.365693411419992,5.372241411419991,0.13545476,-11.534125051304061,13.115820853440322,False,6.236088457682012,0.000206,6.670638,0.000985,5.6139339999999995,0.000801,186.1420445,,117.67705116781,-44.579887431690004,5.3657,5.372241411419991,0.1355,-11.534,13.116,False,6.227515,0.002763,6.670638,0.002959,5.6139339999999995,0.003863,166.2601,,,5.3657,0.1355,Gaia DR3,185.241745,180.82225,189.231949,185.021622,180.321869,190.861221,0.642664,0.048171,0.102,0.0,LDD_VW3,GOOD,,,True,,258.7180916,-9.087219855,HD64181,186.14204452433196,4.693353115769268,Gaia EDR3 corrected parallax,7.360007915447233,0.015,6.456446867042165,0.01,edenhofer_zgr23,loaded_from_csv,0.007556973805488244,0.007556973805488244,,0.02115952665536708,0.02725067577764791,7.3327572396695855,0.020169215577731065,6.436277651464434,0.021642319582029404,6.592557680417971,0.028749848551066663,7.559250151448932,0.021393379124504938,6.5356066208754955,0.021393379124504938,6.649244620875495,0.011693451799022215,5.602240548200977,0.015390844322591139,6.212124155677409,0.005154969009165285,4.905845030990835,0.003085342460506031,4.3089146575394945,0.002036926403066331,4.3439630735969335,0.0010348739698717417,4.307965126030129,0.0007412064718893979,3.960258793528111,2.171955308956007,0.6579754947612878,0.03026687275901924,0.6293223418488375,0.03209543943429071,0.6279350156489453,0.04521132112672406,0.5427733508413539,0.0423363213656256,,,0.6293223418488375,0.03209543943429071,,
HD61574,104,False,Faint,False,HD61574,5.535060526299103e+18,,,,,TYC 7656-183-1,2MASS J07380139-4338291,J073801.36-433829.1,5.535060526299103e+18,5.535060526299103e+18,HD61574,2MASS J07380139-4338291,K2/3III,D,K2III,,,,,,,,,,,,,,,,,,,8.131,0.0017,9.738999999999999,0.021,8.122,0.012,1.52,-5.01,11.94,0.68,,5.595,0.015,0.023,169602,4.992,0.308,0.308,130951,4.769,0.006999999999999999,0.016,97458.6,ADA,000,31.3,,J073801.36-433829.1,4.6930000000000005, 0.248, 4.559, 0.094,4.7010000000000005,0.013999999999999999,4.638, 0.026,4.4,   11.6,75.7,41.9,0.21, 0.192,0.0,0.0,0d00,BAAA,,0.826,1.617,0.055,0.063,114.50573036509444,-43.64137691857094,1.9688035354982352,1.9766345354982349,0.089352,-5.1010405062802615,12.143499066311305,False,7.539592663454982,0.000197,8.237202,0.000771,6.727530499999999,0.00048600000000000005,505.9104159,,114.50573036508999,-43.64137691857,1.9688,1.9766345354982349,0.0894,-5.101,12.143,False,7.537866999999999,0.002762,8.237202,0.002895,6.727531,0.00381,545.1273,,,1.9688,0.0894,Gaia DR3,505.92999299999997,486.468658,532.098328,503.076111,486.521515,525.518311,0.582233,0.059884,0.0065,0.0,LDD_VW3,GOOD,,,True,,256.77992459999996,-10.64236177,HD61574,505.91041593226936,22.86922881926976,Gaia EDR3 corrected parallax,9.323411829804156,0.021,7.9658424561137675,0.012,edenhofer_zgr23,loaded_from_csv,0.04611825442540735,0.04611825442540735,,0.12913111239114058,0.16630381831747726,9.15710801148668,0.12308750030325055,7.842754955810517,0.1320774726141216,7.998922527385878,0.17545288157636502,9.563547118423633,0.13055825345941804,7.991441746540582,0.13055825345941804,8.106643746540582,0.07136210857140873,6.6561688914285915,0.0939263377855834,7.443940662214416,0.03145944109891153,5.563540558901088,0.018829046155987874,4.973170953844012,0.012430834421341972,4.756569165578658,0.006315567880639596,4.686684432119361,0.004523391179089217,4.554476608820911,2.968389639136161,0.5585082123949794,0.02569137777016905,0.57679126498058,0.029416354514009577,0.5751000014844856,0.041407200106882966,1.4564328117876637,0.11360175931943778,,,0.57679126498058,0.029416354514009577,,
HD65187,104,False,Faint,False,HD65187,5.51893392053792e+18,,,,,TYC 8135-4356-1,2MASS J07552574-4639570,J075525.77-463957.0,5.51893392053792e+18,5.51893392053792e+18,HD65187,2MASS J07552574-4639570,K3III,C,K3III,,,,,,,,,,,,,,,,,,,7.9743,0.001,9.619,0.02,7.956,0.011000000000000001,0.94,-0.21,7.06,0.64,,5.532,0.037000000000000005,0.040999999999999995,199356,4.922,0.011000000000000001,0.018000000000000002,149662,4.681,0.011000000000000001,0.018000000000000002,109401.0,AAA,000,15.4,,J075525.77-463957.0,4.57, 0.263, 4.444, 0.116,4.618,0.015,4.537, 0.027,4.1,    9.4,72.6,39.7,0.20800000000000002, 0.210,0.0,0.0,0000,BBAA,,0.851,1.663,0.033,0.081,118.85729906984163,-46.66582185473182,1.2578831723498702,1.2647331723498705,0.015137916000000001,-1.6457392832238291,6.837457072142189,True,7.3878714343636736,0.000184,8.078861999999999,0.000816,6.583959599999999,0.000503,790.680613,,118.85729906984,-46.66582185473,1.2579,1.2647331723498703,0.0151,-1.646,6.837,False,7.385466,0.002761,8.078861999999999,0.002907,6.58396,0.0038130000000000004,848.7711,,,1.2579,0.0151,Gaia DR3,789.297424,778.523193,798.8731690000001,792.106262,783.370056,801.050415,0.600807,0.014805,0.703,0.0,LDD_VW3,GOOD,,,True,,260.9685338,-9.400874878,HD65187,790.6806130039295,9.463859226719855,Gaia EDR3 corrected parallax,9.18896837055246,0.02,7.794732192592705,0.011000000000000001,edenhofer_zgr23,loaded_from_csv,0.018542137534120148,0.018542137534120148,,0.05191798509553641,0.06686350795604198,9.12210486259642,0.04948811241425836,7.745244080178447,0.05310258796397189,7.921197412036029,0.07054194703332854,9.548458052966671,0.0524917762395918,7.903508223760409,0.0524917762395918,8.026370223760408,0.02869158966101062,6.555268410338989,0.037763681539885824,7.347702318460114,0.012648468396522946,5.519351531603477,0.007570337772113968,4.914429662227886,0.0049978960473710905,4.676002103952629,0.002539214237570457,4.56746078576243,0.0018186581952913394,4.442181341804709,2.9858060195412603,0.590373055336436,0.027157160545476056,0.5984884835286572,0.030522912659961515,0.6026212562339621,0.043388730448845274,2.2513117993862717,0.1756023203521292,,,0.5984884835286572,0.030522912659961515,,
HD65491,104,False,Bright,False,HD65491,5.53304377715497e+18,,,,,TYC 7658-3974-1,2MASS J07570752-4329022,J075707.45-432902.3,5.53304377715497e+18,5.53304377715497e+18,HD65491,2MASS J07570752-4329022,G8III,C,G8III,,,,,,,,,,,,,,,,,,,,,8.381,0.016,7.195,0.01,,,,,,5.315,0.001,0.017,252017,4.834,0.031,0.034,168000,4.638999999999999,0.011000000000000001,0.018000000000000002,113716.0,EEA,d00,17.1,,J075707.45-432902.3,4.59, 0.285, 4.430, 0.123,4.588,0.016,4.5489999999999995, 0.025,3.8,    8.8,68.4,42.9,0.20800000000000002, 0.207,0.0,0.0,0h00,BBAA,,0.6759999999999999,1.186,0.040999999999999995,0.039,119.28091542993113,-43.483940094076786,4.755823847657818,4.763399847657818,0.011632935,-64.58153486017603,-5.850550719751076,False,6.8238284545209416,0.00013000000000000002,7.330922999999999,0.000535,6.1451883,0.0006349999999999999,209.93408739999998,,119.28091542993,-43.48394009408,4.7558,4.763399847657818,0.0116,-64.582,-5.851,False,6.818505,0.002758,7.330922999999999,0.002841,6.145188,0.003832,209.6126,,,4.7558,0.0116,Gaia DR3,209.914581,209.4189,210.409622,209.817429,209.232376,210.2854,0.5585760000000001,0.013147,0.8490000000000001,0.0,LDD_VW3,GOOD,,,True,,258.3408773,-7.540855212,HD65491,209.93408741273396,0.5126904461647213,Gaia EDR3 corrected parallax,8.104708632679024,0.016,7.081339917836827,0.01,edenhofer_zgr23,loaded_from_csv,0.009129513582380516,0.009129513582380516,,0.025562638030665445,0.03292130170682928,8.071787330972194,0.02436625192866601,7.056973665908161,0.026145895918662863,,0.034732439147496554,8.346267560852503,0.02584515314163708,7.169154846858363,0.02584515314163708,7.305077846858362,0.014126756261422279,6.131061243738578,0.01859354364644667,6.799911456353553,0.006227672716259268,5.308772327283741,0.0037273750875024057,4.830272624912498,0.0024607928705003747,4.636539207129499,0.0012502221401289742,4.588749777859871,0.0008954450189503343,4.429104554981049,2.4165581143581147,0.5735900757269481,0.02638514348343961,0.572165264174908,0.029180428472920305,0.5696644908161727,0.04101584333876443,0.5603277930854681,0.04370556786066651,,,0.572165264174908,0.029180428472920305,,
HD66162,104,False,Bright,False,HD66162,5.519076444734073e+18,,,,,TYC 8135-4085-1,2MASS J08001499-4547359,J080014.94-454735.2,5.519076444734073e+18,5.519076444734073e+18,HD66162,2MASS J08001499-4547359,K0III,C,K0III,,,,,,,,,,,,,,,,,,,7.2313,0.001,8.408,0.017,7.193,0.01,4.29,-64.44,76.05,0.58,,5.291,0.011000000000000001,0.02,257650,4.765,0.075,0.076,185315,4.59,0.003,0.015,118965.0,EEE,000,15.6,,J080014.94-454735.2,4.519, 0.249, 4.335, 0.159,4.5489999999999995,0.013999999999999999,4.489, 0.025,4.4,    6.8,75.7,43.6,0.204, 0.210,0.0,0.0,HHH0,BBAA,,0.701,1.215,0.03,0.06,120.06206495338692,-45.79298488385531,4.640980631199,4.647587631198999,0.014589346000000001,-62.70855867441067,75.80712280938782,False,6.790384226585988,0.00013700000000000002,7.306578,0.000576,6.1028085,0.000813,215.1653889,,120.06206495338999,-45.792984883859994,4.6410,4.6475876311989985,0.0146,-62.709,75.807,False,6.784876,0.002759,7.306578,0.002849,6.102809,0.0038659999999999996,,,,4.6410,0.0146,Gaia DR3,215.28453100000002,214.668671,215.89149500000002,215.19708300000002,214.45277400000003,215.861069,0.585487,0.018916,0.12300000000000001,0.0,LDD_VW3,GOOD,,,True,,260.63207880000004,-8.240774275,HD66162,215.16538887552224,0.6754304715970906,Gaia EDR3 corrected parallax,8.12213215542061,0.017,7.076764172937687,0.01,edenhofer_zgr23,loaded_from_csv,0.011732193167891786,0.011732193167891786,,0.032850140870096994,0.04230664289808254,8.079825512522527,0.03131268405759741,7.04545148888009,0.033599676335150555,7.19770032366485,0.044634106909803635,8.363365893090196,0.03321319656028891,7.159786803439711,0.03321319656028891,7.273364803439711,0.018154070509802004,6.084654929490197,0.023894268163064464,6.760981731836935,0.008003083475835258,5.282996916524165,0.004789990632158425,4.760210009367841,0.0031623259051391157,4.586837674094861,0.0016066406515979534,4.517393359348402,0.001150722197711275,4.333849277802289,2.4983432382750386,0.6060139415180816,0.027876641309831755,0.5839657191671886,0.02978225167752662,0.5878763729089297,0.04232709884944294,0.5993184100660512,0.046746835985152,,,0.5839657191671886,0.02978225167752662,,
HD67523,104,True,Both,False,rhoPup,5.698015743046182e+18,,,,rhoPup,TYC 6555-3245-1,2MASS J08073264-2418154,J080732.59-241814.8,5.698015743040715e+18,5.698015743046182e+18,HD67523,2MASS J08073264-2418154,F5IIkF2IImF5II,C,F5II,6346.0,100.0,2.396,0.2,7.535,0.085,0.1,,,15.0,,,,,,,,,2.9157,0.0038,3.322,0.013999999999999999,2.842,0.009000000000000001,51.99,-83.29,46.38,0.66,,2.171,0.316,0.316,1000000,2.084,0.20800000000000002,0.20800000000000002,1000000,2.022,0.254,0.254,1000000.0,DCD,000,50.0,,J080732.59-241814.8,-0.22699999999999998,      ,-0.061,      ,1.9609999999999999,0.019,1.8559999999999999, 0.014,0.3,    0.9,58.7,78.4,0.264, 0.233,0.23199999999999998,0.0,hh00,UUAA,,0.149,0.48,-2.083,0.105,121.88562997976891,-24.304115553778075,51.39988628348321,51.42364628348322,0.2445377,-82.88573139167518,46.92999524626171,False,2.750266518449449,0.002330039,3.029654753309419,0.027607222999999997,2.356940760087051,0.014427273999999999,19.44630675,,121.88562997976999,-24.304115553779997,51.3999,51.3999,0.2445,-82.886,46.930,False,2.7505889999999997,0.0036079999999999997,3.302004,0.027748000000000002,2.5121740000000004,0.014913999999999998,,,,51.3999,0.2445,Gaia DR3,19.447221799999998,19.368118300000003,19.5279713,19.456121399999997,19.366220499999997,19.5408382,1.588167,0.167906,0.00967,4.0,LDD_VW3,GOOD,,,True,,243.14794959999998,4.4016896480000005,HD67523,19.446306753264796,0.09247409451914372,Gaia EDR3 corrected parallax,3.237169327852664,0.013999999999999999,2.7896137736343243,0.009000000000000001,assumed_zero,assumed_zero_d_lt_69pc,,0.0,0.0,0.0,0.0,3.237169327852664,0.0,2.7896137736343243,0.0,2.9157,0.0,3.322,0.0,2.842,0.0,3.302004,0.0,2.5121740000000004,0.0,2.7505889999999997,0.0,2.171,0.0,2.084,0.0,2.022,0.0,-0.22699999999999998,0.0,-0.061,0.7353126634366516,1.4741016494264256,0.06780867587361557,1.656883329145853,0.0845010497864385,1.6604564314206338,0.11955286306228563,1.5516122543369948,0.12102575583828559,1.8163770348086052,0.08173696656638724,1.656883329145853,0.0845010497864385,6543.461012922748,79.0
HD59936,104,False,Faint,False,HD59936,5.716554093201801e+18,,,,,TYC 5987-557-1,2MASS J07313017-1930408,J073130.18-193040.7,5.716554093201801e+18,5.716554093201801e+18,HD59936,2MASS J07313017-1930408,K2III,C,K2III,,,,,,,,,,,,,,,,,,,7.6416,0.0014,9.535,0.02,7.718999999999999,0.011000000000000001,0.39,-4.24,1.51,0.9,,5.025,0.276,0.276,286702,3.955,0.272,0.272,340338,3.823,0.278,0.278,217380.0,DDD,00d,29.7,,J073130.18-193040.7,3.523, 0.384, 3.348, 0.270,3.515,0.016,3.3989999999999996, 0.025,2.8,    4.0,69.9,44.0,0.245, 0.220,0.043,0.0,000d,CBAA,,1.202,1.8159999999999998,0.124,0.11599999999999999,112.87570199794676,-19.51131061485361,0.7172479491828202,0.7362739491828202,0.018735778,-4.671678405880378,1.8954649985477223,False,6.8997336537760106,0.000239,7.7793765,0.000732,5.969451,0.0007599999999999999,1358.190115,,112.87570199795,-19.51131061485,0.7172,0.7362739491828202,0.0187,-4.672,1.895,False,6.894827,0.0027660000000000002,7.779375999999999,0.002885,5.969451,0.003855,,,,0.7172,0.0187,Gaia DR3,1371.11841,1333.47656,1402.63354,1365.17053,1334.41907,1399.00854,0.899452,0.083878,0.36700000000000005,0.0,LDD_VW3,GOOD,,,True,,234.77161519999999,-0.366197111,HD59936,1358.1901153909976,34.56152225948384,Gaia EDR3 corrected parallax,9.052564298616376,0.02,7.538795392129416,0.011000000000000001,edenhofer_zgr23,loaded_from_csv,0.26933490746043737,0.26933490746043737,,0.7541377408892246,0.971229810731491,8.081334487884885,0.7188424825864324,6.819952909542984,0.7713447594090869,6.870255240590914,1.02466119352955,8.51033880647045,0.7624723778425638,6.956527622157435,0.7624723778425638,7.016903622157435,0.4167613702584817,5.5526896297415185,0.5485385735163683,6.346288426483632,0.18372607035327043,4.8412739296467295,0.10996338580406936,3.845036614195931,0.07259723248943387,3.750402767510566,0.0368835054987481,3.486116494501252,0.026417026398903906,3.3215829736010964,3.052603003219906,0.9414714234930597,0.043307685480680744,1.0105297958160104,0.05153701958661653,1.0320555110452123,0.0743079967952553,1.7340675725353096,0.13525727065775414,,,1.0105297958160104,0.05153701958661653,,
HD63734,104,False,Faint,False,HD63734,5.715806665811909e+18,,,,,TYC 5989-2854-1,2MASS J07494076-1930199,J074940.74-193019.8,5.715806665811909e+18,5.715806665811909e+18,HD63734,2MASS J07494076-1930199,K2III,C,K2III,,,,,,,,,,,,,,,,,,,6.6512,0.001,8.09,0.015,6.617000000000001,0.009000000000000001,7.82,-59.12,-14.15,0.77,,4.821000000000001,0.258,0.258,456068,4.093999999999999,0.23800000000000002,0.23800000000000002,485635,3.945,0.23600000000000002,0.23600000000000002,208171.0,DDD,d00,24.2,,J074940.74-193019.8,3.676, 0.409, 3.318, 0.283,3.6860000000000004,0.015,3.602, 0.023,2.7,    3.8,73.5,46.3,0.239, 0.224,0.015,0.0,0h00,CBAA,,0.8759999999999999,1.473,0.07400000000000001,0.084,117.419549394345,-19.505580674104397,8.455784732388349,8.473923732388347,0.019284135,-61.13962304108697,-14.128440717462981,False,6.1162571475490575,0.000286,6.713671000000001,0.001410773,5.3635316,0.001098751,118.00908659999999,,117.41954939435,-19.505580674100003,8.4558,8.473923732388348,0.0193,-61.140,-14.128,False,6.107049,0.00277,6.713671000000001,0.003127,5.363532,0.003936,116.7682,,,8.4558,0.0193,Gaia DR3,118.032455,117.80281799999999,118.300331,118.022545,117.724709,118.30233,0.793818,0.068972,0.129,0.0,LDD_VW3,GOOD,,,True,,236.8805625,3.362068278,HD63734,118.00908664989288,0.2685536511834799,Gaia EDR3 corrected parallax,7.722073330114866,0.015,6.4766903070494655,0.009000000000000001,edenhofer_zgr23,loaded_from_csv,0.007507963980950875,0.007507963980950875,,0.021022299146662447,0.027073944870175753,7.6949993852446905,0.020038410609768482,6.456651896439697,0.021501960979154983,6.6296980390208455,0.028563394942885515,8.061436605057114,0.021254634994362268,6.595745365005639,0.021254634994362268,6.692416365005639,0.011617615355009395,5.35191438464499,0.015291028893935776,6.091757971106064,0.005121537091424446,4.815878462908576,0.003065332851300124,4.0909346671487,0.002023716167305382,3.9429762838326945,0.001028162421970799,3.6749718375780294,0.0007363994684422138,3.317263600531558,2.827551972449895,0.9707209040886584,0.044653161588078284,0.8904788052702132,0.045414419068780874,0.904527400128781,0.06512597280927224,1.8188167482395237,0.14186770636268284,,,0.8904788052702132,0.045414419068780874,,
HD71231,104,False,Faint,False,HR3317,5.70828312005396e+18,,,,,TYC 6002-1632-1,2MASS J08253936-1726219,J082539.34-172621.6,5.70828312005396e+18,5.70828312005396e+18,HD71231,2MASS J08253936-1726219,K1III,C,K1III,,,,,,,,,,,,,,,,,,,6.6006,0.0008,8.055,0.016,6.56,0.01,4.67,-11.58,-0.7,0.81,,4.571000000000001,0.23199999999999998,0.23199999999999998,483092,3.873,0.256,0.256,379936,3.782,0.23,0.23,210678.0,DDD,000,22.2,,J082539.34-172621.6,3.6310000000000002, 0.465, 3.332, 0.220,3.6210000000000004,0.013999999999999999,3.554, 0.025,2.3,    4.9,78.4,43.4,0.23199999999999998, 0.209,0.026000000000000002,0.0,0000,CBAA,,0.789,1.495,0.077,0.067,126.41395648058901,-17.439414109119642,4.4286358446608425,4.449230844660843,0.023768242000000002,-11.187968115783784,-1.5234355659406078,False,6.0959275382135045,0.000271,6.692686,0.001185755,5.3441873,0.001030408,224.7579492,,126.41395648058999,-17.43941410912,4.4286,4.449230844660843,0.0238,-11.188,-1.523,False,6.086614,0.002769,6.692686,0.003032,5.344187000000001,0.003917,227.8898,,,4.4286,0.0238,Gaia DR3,225.007812,223.632339,226.02590899999998,224.85484300000002,223.64415,225.832565,0.8778219999999999,0.07571,0.0519,0.0,LDD_VW3,GOOD,,,True,,239.66963019999997,11.69212525,HD71231,224.7579491632847,1.2006797385096948,Gaia EDR3 corrected parallax,7.679643322565241,0.016,6.417491640365028,0.01,edenhofer_zgr23,loaded_from_csv,0.07863446951117564,0.07863446951117564,,0.2201765146312918,0.28355827196862193,7.396085050596619,0.20987178310180124,6.207619857263227,0.22520024061592708,6.375399759384073,0.29915798936578514,7.755842010634215,0.22260987821410305,6.337390121785896,0.22260987821410305,6.4700761217858975,0.1216767984960888,5.222510201503912,0.16015020162662205,5.926463798373378,0.05364028827093088,4.517359711729069,0.03210468553774777,3.8408953144622524,0.02119533973005211,3.760804660269948,0.010768432937095666,3.6202315670629046,0.007712661075117656,3.3242873389248824,2.5827457151629565,0.9382444478661467,0.04315924460184275,0.9025785002693463,0.04603150351373666,0.9110707074536134,0.06559709093666016,1.6037686159461046,0.12509395204379617,,,0.9025785002693463,0.04603150351373666,,
HD121370,105,True,Both,False,HD121370,1.2449463715404795e+18,HD121370,eta Boo,,etaBoo,TYC 1470-1157-1,2MASS J13544106+1823514,J135441.04+182348.1,1.244946371540224e+18,1.2449463715404795e+18,HD121370,2MASS J13544106+1823514,G0IV,B,G0IV,6155.0,100.0,3.7889,0.2,7.809,0.359,0.1,,,18.0,,,,,,,,,2.7957,0.0004,3.38,0.013999999999999999,2.719,0.009000000000000001,88.17,-60.95,-358.1,0.75,,1.7930000000000001,0.306,0.306,1000000,1.534,0.154,0.154,1000000,1.485,0.17,0.17,1000000.0,DBC,000,59.5,,J135441.04+182348.1,-0.845,      ,-0.226,      ,1.4469999999999998,0.021,1.354, 0.013,0.3,    0.7,52.1,81.0,0.22699999999999998, 0.205,0.253,0.0,hh00,UUAA,,0.308,0.6609999999999999,-2.199,0.09300000000000001,208.67086285879768,18.396122735035263,,,,,,False,2.5546639983355006,0.0023637470000000002,2.9200869189307435,0.030993014,2.096450071456952,0.018708008,,,208.6708628588,18.39612273504,, , , , ,False,2.558358,0.0036299999999999995,3.258159,0.031118,2.3572319999999998,0.019086000000000002,,,, , ,,,,,,,,2.130985,0.218244,0.000299,4.0,LDD_VW3,GOOD,,,True,,5.2834264939999995,73.02967107,HD121370,11.341726210729274,0.09647606507935753,Hipparcos parallax,3.249256053244203,0.013999999999999999,2.650184147399687,0.009000000000000001,assumed_zero,assumed_zero_d_lt_69pc,,0.0,0.0,0.0,0.0,3.249256053244203,0.0,2.650184147399687,0.0,2.7957,0.0,3.38,0.0,2.719,0.0,3.258159,0.0,2.3572319999999998,0.0,2.558358,0.0,1.7930000000000001,0.0,1.534,0.0,1.485,0.0,-0.845,0.0,-0.226,0.7986471164417445,1.6335117125259773,0.07514153877619495,2.170808498235271,0.1107112334099988,2.197252391015103,0.15820217215308743,1.9222913082904836,0.14993872204665773,2.2051474643604494,0.09923163589622022,2.170808498235271,0.1107112334099988,6105.255761082652,79.0
HD118839,105,False,Faint,False,HD118839,1.24783832763917e+18,,,,,TYC 1462-933-1,2MASS J13390229+1815553,J133902.25+181555.0,1.24783832763917e+18,1.24783832763917e+18,HD118839,2MASS J13390229+1815553,K2II-III,C,K2II,,,,,,,,,,,,,,,,,,,6.6273,0.0009,8.046,0.016,6.596,0.01,4.42,-47.37,-20.23,0.82,,4.845,0.218,0.218,416323,4.0889999999999995,0.23399999999999999,0.23399999999999999,396561,4.037,0.23199999999999998,0.23199999999999998,243568.0,DDD,000,43.7,,J133902.25+181555.0,3.667, 0.448, 3.448, 0.326,3.654,0.015,3.574, 0.020,2.4,    3.3,71.8,55.6,0.205, 0.201,0.024,0.0,0000,CBAA,,0.8079999999999999,1.45,0.09300000000000001,0.08,204.7592999225544,18.26522507782369,5.6219660940860585,5.656146094086058,0.021913556,-46.666692922927744,-21.378279917987527,False,6.121291876366675,0.000198,6.716868400000001,0.0008609999999999999,5.3693085,0.0012179369999999999,176.79882790000002,,204.75929992255,18.265225077820002,5.6220,5.656146094086059,0.0219,-46.667,-21.378,False,6.1121099999999995,0.002762,6.716867999999999,0.00292,5.369308,0.003971,,,,5.6220,0.0219,Gaia DR3,176.81758100000002,176.099701,177.503784,176.668701,175.939774,177.288162,0.774226,0.061382000000000006,0.154,0.0,LDD_VW3,GOOD,,,True,,356.4557303,75.90587388,HD118839,176.79882792376563,0.6849701107424851,Gaia EDR3 corrected parallax,7.686,0.016,6.458,0.01,edenhofer_zgr23,loaded_from_csv,0.011374846118716676,0.011374846118716676,,0.03184956913240669,0.04101803864619299,7.644981961353807,0.030358941216032383,6.427641058783967,0.03257627474094016,6.59472372525906,0.04327461118990399,8.002725388810095,0.03220156662762008,6.56379843337238,0.03220156662762008,6.684666433372379,0.017601121591014266,5.351706878408986,0.023166480434199086,6.088943519565801,0.007759320163770247,4.8372406798362295,0.004644093868144795,4.084355906131854,0.0030660056507280185,4.033933994349272,0.0015577045074587183,3.665442295492541,0.0011156727252138567,3.446884327274786,2.771885587840613,0.9510659733371535,0.043749034773509055,0.9039398584783813,0.04610093278239744,0.9161995613948697,0.06596636842043062,1.6606961838380996,0.12953430233937177,,,0.9039398584783813,0.04610093278239744,,
HD120540,105,False,Faint,False,HD120540,1.248230990729297e+18,,,,,TYC 1463-35-1,2MASS J13495080+1920494,J134950.79+192049.3,1.248230990729297e+18,1.248230990729297e+18,HD120540,2MASS J13495080+1920494,K0,E,K0,,,,,,,,,,,,,,,,,,,7.8031,0.0014,9.337,0.018000000000000002,7.765,0.01,5.18,-37.03,5.12,0.94,,5.501,0.003,0.017,212339,4.913,0.011000000000000001,0.018000000000000002,156210,4.773,0.009000000000000001,0.017,115404.0,EAA,000,19.9,,J134950.79+192049.3,4.671, 0.282, 4.651, 0.086,4.753,0.015,4.665, 0.027,3.8,   12.6,73.0,40.4,0.2, 0.192,0.0,0.0,0000,BAAA,,0.728,1.5719999999999998,0.006,0.08800000000000001,207.46152093593602,19.34705662380795,5.028511286440739,5.0618892864407385,0.024414243,-35.658010353383865,3.5765798061788368,False,7.266094515652242,0.000172,7.8957143,0.000554,6.503027400000001,0.000531,197.5546962,,207.46152093593997,19.34705662381,5.0285,5.0618892864407385,0.0244,-35.658,3.577,False,7.263103,0.002761,7.895714,0.002845,6.5030269999999994,0.0038159999999999995,204.4648,,,5.0285,0.0244,Gaia DR3,197.589493,196.52883899999998,198.648575,197.588791,196.587601,198.654968,0.5621520000000001,0.012061,0.0386,0.0,LDD_VW3,GOOD,,,True,,5.875644163,74.50831459999999,HD120540,197.5546961642752,0.9528356084092021,Gaia EDR3 corrected parallax,8.936564587250523,0.018000000000000002,7.61447594815912,0.01,edenhofer_zgr23,loaded_from_csv,0.051978324495526765,0.051978324495526765,,0.14553930858747494,0.187435407975648,8.749129179274874,0.13872775784377694,7.475748190315342,0.14886005152666235,7.654239948473338,0.19774700768438674,9.139252992315614,0.14714779100885106,7.617852208991149,0.14714779100885106,7.748566208991149,0.08042981856586025,6.422597181434139,0.10586119802066615,7.157241801979334,0.03545687186690807,5.465543128133092,0.02122158098199841,4.891778419018002,0.014010372971677572,4.758989627028322,0.007118062918109061,4.663881937081891,0.005098161182730541,4.645901838817269,2.7410665752297074,0.5760478311385917,0.026498200232375216,0.5424571055294128,0.02766531238200005,0.5526362590532219,0.03978981065183198,1.3674866981940825,0.10666396245913842,,,0.5424571055294128,0.02766531238200005,,
HD124850,105,True,Both,False,HD124850,3.6408287315499725e+18,HD124850,iot Vir,,iotVir,TYC 4982-1645-1,2MASS J14160086-0600016,J141600.87-060006.3,3.6408287315496684e+18,3.6408287315499725e+18,HD124850,2MASS J14160086-0600016,F7III,C,F7III,5935.0,100.0,2.926,0.2,6.921,-0.529,0.1,,,17.0,,,,,,,,,4.1854,0.0005,4.677,0.013999999999999999,4.126,0.009000000000000001,46.74,-25.84,-419.84,0.87,,3.14,0.266,0.266,1000000,2.909,0.23600000000000002,0.23600000000000002,1000000,2.801,0.266,0.266,597063.0,DDD,000,30.0,,J141600.87-060006.3,1.808,      , 1.564,      ,2.843,0.008,2.773, 0.017,1.2,    1.5,135.1,63.4,0.212, 0.201,0.094,0.0,0h00,UUAA,,0.33899999999999997,0.551,-0.965,0.07,214.00349891646684,-6.002390925763078,45.40143480097189,45.44129780097189,0.28581938,-26.60604012053944,-414.8655857693057,False,3.9540219966829016,0.00254801,4.208345,0.0010629139999999999,3.4934862,0.007091684,22.00641373,,214.00349891647,-6.002390925759999,45.4014,45.4014,0.2858,-26.606,-414.866,False,3.9420370000000005,0.0037530000000000003,4.208345,0.002986,3.493486,0.008036,,,,45.4014,0.2858,Gaia DR3,22.0165672,21.838975899999998,22.1561985,21.9883595,21.841812100000002,22.0980358,1.1304610000000002,0.10144299999999999,0.00504,0.0,LDD_VW3,GOOD,,,True,,337.7388621,51.06305714,HD124850,22.006413733601864,0.13841725112936903,Gaia EDR3 corrected parallax,4.5727318595692825,0.013999999999999999,4.066894219573948,0.009000000000000001,assumed_zero,assumed_zero_d_lt_69pc,,0.0,0.0,0.0,0.0,4.5727318595692825,0.0,4.066894219573948,0.0,4.1854,0.0,4.677,0.0,4.126,0.0,4.208345,0.0,3.493486,0.0,3.9420370000000005,0.0,3.14,0.0,2.909,0.0,2.801,0.0,1.808,0.0,1.564,1.4201396416646686,1.2409160345377985,0.05708213758873873,1.1434702153876775,0.058316980984771546,1.1427601079087368,0.08227872776942906,0.9100777597054623,0.07098606525702605,1.2209845370252062,0.05494430416613427,1.1434702153876775,0.058316980984771546,6091.020826754452,79.0
HD125490,105,False,Both,False,HD125490,3.639919985189323e+18,,,,,TYC 4982-1647-1,2MASS J14195320-0644461,J141953.14-064446.4,3.639919985189323e+18,3.639919985189323e+18,HD125490,2MASS J14195320-0644461,K0III,C,K0III,,,,,,,,,,,,,,,,,,,6.5845,0.001,7.601,0.016,6.54,0.01,10.82,-90.74,-23.53,0.81,,5.077,0.284,0.284,292840,4.502,0.075,0.076,228092,4.305,0.013000000000000001,0.02,149424.0,DEE,000,18.9,,J141953.14-064446.4,4.22, 0.288, 4.010, 0.154,4.254,0.013999999999999999,4.204, 0.027,3.8,    7.0,78.6,39.7,0.18, 0.184,0.0,0.0,0000,BBAA,,0.772,1.061,0.016,0.05,214.971261284406,-6.74627655058382,6.18986902875236,6.2271800287523575,0.16800325,-89.95724694206129,-26.33929096872609,False,6.201212089205438,0.000306,6.647247,0.000907,5.5677137000000005,0.0016927029999999998,160.5863321,,214.97126128441002,-6.746276550580001,6.1899,6.22718002875236,0.1680,-89.957,-26.339,False,6.192451999999999,0.0027719999999999997,6.647247,0.002934,5.567714,0.004141,134.5003,,,6.1899,0.1680,Gaia DR3,161.108871,156.90901200000002,165.320526,160.056671,155.377106,164.406693,0.6330680000000001,0.060249000000000004,0.0865,0.0,LDD_VW3,GOOD,,,True,,338.43135128578,49.92976209,HD125490,160.58633207692156,4.332462779289108,Gaia EDR3 corrected parallax,7.364893998072846,0.016,6.437130967846227,0.01,edenhofer_zgr23,loaded_from_csv,0.012920388444163213,0.012920388444163213,,0.03617708764365699,0.04659131095008639,7.31830268712276,0.03448392261054246,6.4026470452356845,0.03700253342541177,6.547497466574589,0.0491544923340706,7.551845507665929,0.03657691233772877,6.503423087662271,0.03657691233772877,6.610670087662271,0.01999265094537467,5.547721349054625,0.026314195635705768,6.166137804364293,0.008813607633212572,5.068186392366788,0.005275104042845452,4.496724895957154,0.003482595154779527,4.30151740484522,0.0017693555682018517,4.218230644431798,0.0012672632962130571,4.008732736703787,2.225531101941603,0.6903513941991214,0.031756164133159584,0.6484791526013872,0.033072436782670744,0.6506158297421676,0.04684433974143607,0.576785787278293,0.044989291407706855,,,0.6484791526013872,0.033072436782670744,,
HD121981,105,False,Faint,False,HD121981,3.619637328551342e+18,,,,,TYC 4974-103-1,2MASS J13585990-0655306,J135859.93-065531.5,3.619637328551342e+18,3.619637328551342e+18,HD121981,2MASS J13585990-0655306,G8IV/V,D,G8IV,,,,,,,,,,,,,,,,,,,7.1132,0.0012,8.213,0.017,7.065,0.011000000000000001,6.71,16.98,-72.44,0.89,,5.239,0.009000000000000001,0.019,279789,4.864,0.075,0.076,187633,4.561,0.011000000000000001,0.018000000000000002,126480.0,EEA,0d0,65.0,,J135859.93-065531.5,4.484, 0.308, 4.339, 0.136,4.504,0.015,4.454, 0.024,3.5,    8.0,74.1,44.7,0.179, 0.184,0.0,0.0,0000,BBAA,,0.6779999999999999,1.148,0.03,0.05,209.74972047793025,-6.925566713971334,7.049334162239329,7.085836162239327,0.020664195,17.687361135831413,-73.83597191449948,False,6.686278479199643,0.000171,7.1846255999999995,0.000572,6.0096300000000005,0.000629,141.12660480000002,,209.74972047793,-6.9255667139699995,7.0493,7.085836162239328,0.0207,17.687,-73.836,False,6.680192,0.002761,7.184626,0.002848,6.0096300000000005,0.003831,140.5412,,,7.0493,0.0207,Gaia DR3,141.098129,140.61888100000002,141.573669,141.324295,140.879501,141.706909,0.563209,0.018236000000000002,1.04,0.0,LDD_VW3,GOOD,,,True,,331.0194204,52.22297775,HD121981,141.12660483586052,0.41156295675548626,Gaia EDR3 corrected parallax,7.949666609690391,0.017,6.955184906146976,0.011000000000000001,edenhofer_zgr23,loaded_from_csv,0.17867811969883404,0.17867811969883404,,0.5002987351567353,0.6443186960548298,7.305347913635561,0.4768836849232117,6.478301221223765,0.511713956984985,6.601486043015015,0.6797653416504,7.533234658349599,0.5058279748428827,6.5591720251571175,0.5058279748428827,6.678798025157117,0.276481569741692,5.733148430258309,0.36390322302571304,6.316288776974287,0.12188479057509521,5.117115209424905,0.07295025808741364,4.791049741912587,0.048161365783811506,4.512838634216188,0.024468701337519584,4.459531298662481,0.01752518694846101,4.321474813051538,1.9071352942511266,0.5494651964523691,0.025275399036808976,0.5690273543747429,0.02902039507311189,0.5706794469501862,0.04108892018041341,0.459858558569311,0.03586896756840626,,,0.5690273543747429,0.02902039507311189,,
HD123255,105,False,Faint,False,HD123255,3.6151030456777554e+18,,,,,TYC 5554-1682-1,2MASS J14064283-0918486,J140642.74-091848.3,3.6151030456777554e+18,3.6151030456777554e+18,HD123255,2MASS J14064283-0918486,F2III,C,F2III,,,,,,,,,,,,,,,,,,,5.5468,0.0005,5.876,0.013999999999999999,5.496,0.009000000000000001,18.22,-140.62,4.05,1.07,,4.84,0.033,0.037000000000000005,432942,4.792,0.298,0.298,230202,4.599,0.005,0.016,122129.0,EDA,d00,23.6,,J140642.74-091848.3,4.5360000000000005, 0.309, 4.326, 0.122,4.5969999999999995,0.015,4.485, 0.029,3.5,    8.9,73.8,37.1,0.187, 0.192,0.0,0.0,0000,BBAA,,0.24100000000000002,0.38,0.051,0.11199999999999999,211.67779704141816,-9.313497352055263,17.56269136742913,17.60315436742913,0.09936776,-140.6246265348568,4.024287949749986,False,5.386117126429526,0.0008869999999999999,5.554564,0.001102925,5.062555000000001,0.0019494529999999999,56.80800038,,211.67779704141998,-9.31349735206,17.5627,17.5627,0.0994,-140.625,4.024,False,5.373695,0.002895,5.554564,0.003,5.062555000000001,0.004253,,,,17.5627,0.0994,Gaia DR3,56.8341751,56.515628799999995,57.081863399999996,56.783294700000006,56.4710007,57.099498700000005,0.45988199999999996,0.046037,0.0311,0.0,LDD_VW3,GOOD,,,True,,332.1150994,49.24561920000001,HD123255,56.80800038033445,0.3206745580961121,Gaia EDR3 corrected parallax,5.807824784495238,0.013999999999999999,5.453052714965215,0.009000000000000001,assumed_zero,assumed_zero_d_lt_69pc,,0.0,0.0,0.0,0.0,5.807824784495238,0.0,5.453052714965215,0.0,5.5468,0.0,5.876,0.0,5.496,0.0,5.554564,0.0,5.062555000000001,0.0,5.373695,0.0,4.84,0.0,4.792,0.0,4.599,0.0,4.5360000000000005,0.0,4.3260000000000005,0.9500989869078458,0.49261152894740506,0.02266013033158063,0.4933513089636879,0.02516091675714808,0.49725546463511167,0.035802393453728036,0.41736051895914283,0.03255412047881314,,,0.4933513089636879,0.02516091675714808,,
HD122135,105,False,Bright,False,HD122135,3.616233481069986e+18,,,,,TYC 5554-1081-1,2MASS J14000469-0809418,J140004.65-080942.1,3.616233481069986e+18,3.616233481069986e+18,HD122135,2MASS J14000469-0809418,K0III,C,K0III,,,,,,,,,,,,,,,,,,,6.7307,0.0007,7.9110000000000005,0.016,6.678,0.01,9.29,-25.56,-46.69,0.89,,4.993,0.24600000000000002,0.24600000000000002,339024,4.255,0.20600000000000002,0.20600000000000002,317622,4.156000000000001,0.033,0.036000000000000004,183662.0,DCE,dd0,47.1,,J140004.65-080942.1,4.066, 0.391, 3.835, 0.117,4.093999999999999,0.013999999999999999,4.032, 0.026,2.8,    9.3,76.1,42.4,0.191, 0.209,0.0,0.0,0000,CBAA,,0.8370000000000001,1.2329999999999999,0.034,0.062,210.01937556053971,-8.161850043649826,7.88611750753469,7.9225545075346915,0.021935299999999998,-23.888736616775155,-47.08581602154459,False,6.289621654557762,0.000221,6.8033657000000005,0.001095289,5.600926,0.00142864,126.22191480000001,,210.01937556054,-8.16185004365,7.8861,7.922554507534691,0.0219,-23.889,-47.086,False,6.281337000000001,0.002764,6.8033660000000005,0.002997,5.600926,0.00404,126.6130,,,7.8861,0.0219,Gaia DR3,126.25282299999999,125.970299,126.587921,126.294624,125.976295,126.650589,0.704389,0.05851900000000001,0.175,0.0,LDD_VW3,GOOD,,,True,,330.57483439999993,50.98862362,HD122135,126.22191479389089,0.34947258045940444,Gaia EDR3 corrected parallax,7.619423794276379,0.016,6.560399025811437,0.01,edenhofer_zgr23,loaded_from_csv,0.11706797142319635,0.11706797142319635,,0.32779031998494973,0.42215064062860835,7.197273153647771,0.3124490323318721,6.247949993479565,0.3352694498584421,6.395430550141557,0.4453748994277536,7.465625100572247,0.33141301802240913,6.346586981977591,0.33141301802240913,6.471952981977592,0.18114773403770087,5.419778265962299,0.2384254557065457,6.042911544293455,0.07985759646462537,4.913142403535375,0.047796220060333815,4.207203779939666,0.031554805942577556,4.124445194057423,0.016031628460001984,4.049968371539998,0.011482312934156061,3.823517687065844,2.1561050612689727,0.7107119840096736,0.032692751264444986,0.6983959628924762,0.03561819410751628,0.705324485519196,0.05078336295738212,0.6743657137557308,0.052600525672947,,,0.6983959628924762,0.03561819410751628,,
HD125183,105,False,Bright,False,HD125183,3.640796673914111e+18,,,,,TYC 4982-1407-1,2MASS J14175707-0558172,J141757.06-055817.2,3.640796669617969e+18,3.640796673914111e+18,HD125183,2MASS J14175707-0558172,K3III,C,K3III,,,,,,,,,,,,,,,,,,,7.905,0.0013,9.662,0.023,7.912000000000001,0.012,2.47,-17.97,13.95,1.05,,5.301,0.009000000000000001,0.019,264259,4.694,0.075,0.076,178365,4.4030000000000005,0.009000000000000001,0.017,141325.0,EEA,000,26.5,,J141757.06-055817.2,4.337, 0.321, 4.207, 0.137,4.369,0.015,4.27, 0.021,3.4,    7.9,72.6,52.0,0.188, 0.188,0.0,0.0,0000,BBAA,,0.898,1.75,0.067,0.099,214.48768974352961,-5.971397727004982,1.8914441692535104,1.9272701692535104,0.022162585,-18.832365585782288,14.218908636256227,False,7.284236841511017,0.000314,8.0281725,0.001400965,6.444657,0.000796,518.8686132,,214.48768974353,-5.971397727,1.8914,1.9272701692535104,0.0222,-18.832,14.219,False,7.281335,0.002773,8.028172999999999,0.0031219999999999998,6.444657,0.0038619999999999995,521.8048,,,1.8914,0.0222,Gaia DR3,518.0799559999999,512.524048,525.633667,518.713562,513.472229,525.94989,0.687129,0.02222,0.42200000000000004,0.0,LDD_VW3,GOOD,,,True,,338.4193779,50.84154509,HD125183,518.8686132091849,5.9667139187521245,Gaia EDR3 corrected parallax,9.202000000000002,0.023,7.740000000000001,0.012,edenhofer_zgr23,loaded_from_csv,0.06871474932819292,0.06871474932819292,,0.19240129811894016,0.24778746139427094,8.95421253860573,0.1833965060939538,7.556603493906048,0.19679128222989908,7.708208717770101,0.2614192780416049,9.400580721958395,0.1945276934473078,7.717472306552693,0.1945276934473078,7.833645306552691,0.10632729844419574,6.338329701555804,0.13994729064801395,7.141387709351986,0.046873578283696316,5.254126421716304,0.028054686865704222,4.665945313134296,0.018521552514186274,4.384478447485814,0.009409997607026804,4.327590002392973,0.006739710660281113,4.2002602893397185,3.0245482339735528,0.6592886759665411,0.030327279094460886,0.674834286074422,0.034416548589795516,0.6850129845819154,0.04932093488989791,2.8243560585214422,0.22029977256467248,,,0.674834286074422,0.034416548589795516,,
HD141004,105,True,Both,False,HD141004,4.430238051199001e+18,HD141004,lam Ser,,lamSer,TYC  364-1224-1,2MASS J15462661+0721109,J154626.46+072110.3,4.430238051199001e+18,4.430238051199001e+18,HD141004,2MASS J15462661+0721109,G0-V,B,G0V,5965.0,100.0,4.232,0.2,7.45,0.0,0.1,,,3.0,,,,,,,,,4.5434,0.0006,5.138,0.013999999999999999,4.482,0.009000000000000001,85.08,-225.51,-68.52,0.8,,3.43,0.22,0.22,1000000,3.07,0.21600000000000003,0.21600000000000003,1000000,2.989,0.23,0.23,556955.0,DCD,00d,33.3,,J154626.46+072110.3,2.05,      , 1.948,      ,3.0,0.011000000000000001,2.971, 0.020,1.4,    2.0,94.9,53.0,0.26899999999999996, 0.262,0.086,0.0,hh00,UUAA,,0.441,0.6559999999999999,-0.9209999999999999,0.028999999999999998,236.60988904592514,7.352758689332477,83.921443569609,83.95862656960901,0.15005308,-223.9521808368752,-69.76269002453373,False,4.259992860182064,0.001034524,4.5703483,0.0008380000000000001,3.7878482000000004,0.0024966429999999998,11.91062838,,236.60988904592998,7.352758689330001,83.9214,83.9214,0.1501,-223.952,-69.763,False,4.246856,0.002943,4.570348,0.002913,3.7878480000000003,0.004529999999999999,,,,83.9214,0.1501,Gaia DR3,11.904708900000001,11.8820543,11.9312963,11.909113900000001,11.8861446,11.927558900000001,1.061974,0.083142,0.0358,4.0,LDD_VW3,GOOD,,,True,,15.69562012,44.10378983,HD141004,11.910628375643007,0.021286990337066363,Gaia EDR3 corrected parallax,5.00848476315981,0.013999999999999999,4.413555523134357,0.009000000000000001,assumed_zero,assumed_zero_d_lt_69pc,,0.0,0.0,0.0,0.0,5.00848476315981,0.0,4.413555523134357,0.0,4.5434,0.0,5.138,0.0,4.482,0.0,4.570348,0.0,3.7878480000000003,0.0,4.246856,0.0,3.43,0.0,3.07,0.0,2.989,0.0,2.05,0.0,1.9480000000000002,1.5744194126855662,1.1617487793235424,0.05344044384888295,1.081886791786962,0.055176226381135056,1.0622607897166874,0.07648277685960149,0.8495061328782664,0.06626147836450477,1.0447921176274506,0.04701564529323528,1.081886791786962,0.055176226381135056,5975.693519450299,79.0
HD142443,105,False,Both,False,HD142443,4.4265641361759437e+18,,,,,TYC  361-1148-1,2MASS J15542559+0517385,J155425.59+051739.3,4.4265641361759437e+18,4.4265641361759437e+18,HD142443,2MASS J15542559+0517385,K0,E,K0,,,,,,,,,,,,,,,,,,,7.0347,0.0019,8.217,0.017,6.999,0.011000000000000001,11.43,46.92,45.09,1.02,,5.265,0.272,0.272,302991,4.595,0.075,0.076,285700,4.388999999999999,0.011000000000000001,0.018000000000000002,148190.0,DEA,dd0,24.3,,J155425.59+051739.3,4.385, 0.266, 4.144, 0.132,4.343,0.015,4.295, 0.025,4.1,    8.2,72.0,43.2,0.242, 0.228,0.0,0.0,0000,BBAA,,0.8759999999999999,1.218,0.09,0.048,238.60676808809188,5.294267723104925,10.650570396334269,10.685336396334268,0.02043418,44.37950088900014,46.96754111175961,False,6.5894787363060585,0.00011599999999999999,7.1098256,0.0006580000000000001,5.896321299999999,0.0005269999999999999,93.58619728,,238.60676808808998,5.2942677231,10.6506,10.685336396334268,0.0204,44.380,46.968,False,6.582852000000001,0.002758,7.109825999999999,0.002867,5.8963209999999995,0.0038159999999999995,93.6175,,,10.6506,0.0204,Gaia DR3,93.56259159999999,93.3834839,93.750061,93.5821304,93.4248657,93.7693558,0.620725,0.056698,0.13699999999999998,0.0,LDD_VW3,GOOD,,,True,,14.71550163,41.33648843,HD142443,93.58619728088878,0.17897023826121647,Gaia EDR3 corrected parallax,7.930175197498317,0.017,6.882533922042465,0.011000000000000001,edenhofer_zgr23,loaded_from_csv,0.014947397101374747,0.014947397101374747,,0.041852711883849286,0.05390076538752812,7.8762744321107885,0.03989391550419722,6.842640006538268,0.042807657312840405,6.9918923426871595,0.056866070196654905,8.160133929803346,0.04231526287440611,6.9566847371255935,0.04231526287440611,7.067510737125593,0.02312918795600844,5.873191812043991,0.030442485012735256,6.552409514987265,0.010196326043807895,5.254803673956192,0.006102686093396705,4.588897313906603,0.004028960347963023,4.3849710396520365,0.0020469400286017856,4.382953059971398,0.0014660772624874787,4.142533922737512,2.5164002022415,0.6726802858313131,0.030943293148240403,0.642260237932862,0.032755272134575956,0.6423695369428988,0.04625060665988871,0.6564164175925173,0.05120048057221635,,,0.642260237932862,0.032755272134575956,,
HD142639,105,False,Bright,False,HD142639,4.454606905363567e+18,,,,,TYC  943-347-1,2MASS J15552158+0913243,J155521.59+091324.3,4.454606905363567e+18,4.454606905363567e+18,HD142639,2MASS J15552158+0913243,K0,E,K0,,,,,,,,,,,,,,,,,,,7.0673,0.001,8.253,0.016,6.997999999999999,0.01,4.61,4.89,-17.46,0.89,,5.101,0.033,0.037000000000000005,249477,4.663,0.011000000000000001,0.018000000000000002,177300,4.526,0.028999999999999998,0.033,106174.0,EEA,000,56.4,,J155521.59+091324.3,4.455, 0.245, 4.302, 0.112,4.437,0.016,4.398, 0.027,4.4,    9.7,69.5,40.7,0.233, 0.222,0.0,0.0,0000,BBAA,,0.575,1.255,0.057,0.039,238.8399546412116,9.223353523337435,5.4096710362062845,5.443519036206284,0.029379152000000002,-2.739121286521368,-17.22273078358281,False,6.6326773465369175,0.00011899999999999999,7.1408496,0.000646,5.9519459999999995,0.000512,183.70469419999998,,238.83995464121003,9.22335352334,5.4097,5.443519036206285,0.0294,-2.739,-17.223,False,6.626291999999999,0.002758,7.14085,0.0028640000000000002,5.9519459999999995,0.003814, ,,,5.4097,0.0294,Gaia DR3,183.526718,182.55508400000002,184.422928,183.734634,182.80993700000002,184.807129,0.614163,0.014691,0.774,0.0,LDD_VW3,GOOD,,,True,,19.45418861,43.12140387,HD142639,183.70469421503546,0.9914704253920281,Gaia EDR3 corrected parallax,7.95437594141757,0.016,6.87853646388087,0.01,edenhofer_zgr23,loaded_from_csv,0.01613489095055547,0.01613489095055547,,0.045177694661555315,0.05818290407225846,7.896193037345312,0.04306328198049245,6.835473181900378,0.04620850559512488,7.0210914944048755,0.06138378710265697,8.191616212897344,0.04567699295015295,6.952323007049847,0.04567699295015295,7.095173007049848,0.02496668302274343,5.926979316977256,0.03286098393005342,6.593431016069946,0.011006371724614054,5.089993628275386,0.006587513127176573,4.656412486872823,0.004349040533118409,4.521650959466881,0.002209558889740015,4.45279044111026,0.0015825495633048213,4.3004174504366945,2.3877683603040967,0.6241750610788472,0.028712052809626968,0.6095183357107803,0.031085435121249793,0.6072227487841292,0.04372003791245731,0.7209805370838652,0.05623648189254148,,,0.6095183357107803,0.031085435121249793,,
HD139610,105,False,Bright,False,HD139610,1.1652972338284063e+18,,,,,TYC  933-406-1,2MASS J15384955+1036565,J153849.55+103656.7,1.1652972338284063e+18,1.1652972338284063e+18,HD139610,2MASS J15384955+1036565,G5,E,G5,,,,,,,,,,,,,,,,,,,7.2613,0.0013,8.327,0.018000000000000002,7.212999999999999,0.011000000000000001,6.36,17.91,-3.96,1.01,,5.371,0.009000000000000001,0.019,215789,4.883,0.011000000000000001,0.018000000000000002,166230,4.743,0.019,0.024,78382.7,AAA,000,45.3,,J153849.55+103656.7,4.69, 0.184, 4.569, 0.072,4.692,0.013999999999999999,4.606, 0.032,5.9,   15.1,74.9,33.9,0.223, 0.200,0.0,0.0,h000,BAAA,,0.628,1.114,0.084,0.086,234.7065132445507,10.615734911447342,5.392251128579769,5.426004128579769,0.018418366000000002,17.664457325114256,-4.3997737347805295,False,6.839425225962674,0.000154,7.3288455,0.000589,6.173188,0.000659,184.2976851,,234.70651324455002,10.61573491145,5.3923,5.426004128579768,0.0184,17.664,-4.400,False,6.834188,0.0027600000000000003,7.328844999999999,0.002852,6.173188,0.003836,183.8814,,,5.3923,0.0184,Gaia DR3,184.217728,183.640533,184.853134,184.401474,183.790192,184.88295,0.52075,0.011706999999999999,0.804,0.0,LDD_VW3,GOOD,,,True,,18.40532609,47.36068863,HD139610,184.29768505571434,0.6255915284748157,Gaia EDR3 corrected parallax,8.074612086580041,0.018000000000000002,7.1059377450824375,0.011000000000000001,edenhofer_zgr23,loaded_from_csv,0.03357258352802737,0.03357258352802737,,0.09400323387847663,0.12106375015827754,7.953548336421764,0.089603681593603,7.016334063488834,0.09614808792644754,7.1651519120735525,0.1277239695071911,8.19927603049281,0.09504214598211053,7.117957854017889,0.09504214598211053,7.233802854017889,0.05194928517133735,6.121238714828662,0.06837530735011897,6.765812692649881,0.02290144601519001,5.34809855398481,0.013706930860694692,4.869293069139306,0.009049241610143506,4.733950758389857,0.004597527223035758,4.685402472776965,0.0032928810962596093,4.56570711890374,2.3220500560099,0.5518187245736997,0.02538366133039019,0.5384072735707596,0.027458770952108736,0.5505304728636057,0.03963819404617961,0.458742838913365,0.035781941435242465,,,0.5384072735707596,0.027458770952108736,,
HD142862,105,False,Faint,False,HD142862,4.4267056639343406e+18,,,,,TYC  365-736-1,2MASS J15564136+0554398,J155641.38+055439.3,4.4267056639343406e+18,4.4267056639343406e+18,HD142862,2MASS J15564136+0554398,K0,E,K0,,,,,,,,,,,,,,,,,,,7.5486,0.002,8.8,0.019,7.517,0.012,5.09,13.57,-52.01,1.23,,5.544,0.015,0.023,218690,4.998,0.013000000000000001,0.02,171676,4.838,0.005,0.016,91457.6,AAA,000,31.0,,J155641.38+055439.3,4.822, 0.189, 4.719, 0.080,4.788,0.015,4.747, 0.031,5.7,   13.5,72.7,34.7,0.217, 0.207,0.0,0.003,0000,BAAA,,0.706,1.2830000000000001,0.075,0.040999999999999995,239.17244816223723,5.9108549323724064,5.133602979915608,5.167862979915608,0.022294942,12.02441519174358,-52.236336779021734,False,7.0872139210331735,0.000143,7.625654700000001,0.000344,6.388262,0.000554,193.5035824,,239.17244816224,5.9108549323699995,5.1336,5.167862979915609,0.0223,12.024,-52.236,False,7.083311999999999,0.002759,7.625655,0.002811,6.388262,0.0038200000000000005,192.7441,,,5.1336,0.0223,Gaia DR3,193.476791,192.49938999999998,194.262939,193.501816,192.767441,194.259949,0.52735,0.011581000000000001,0.6509999999999999,0.0,LDD_VW3,GOOD,,,True,,15.80637413,41.17954484,HD142862,193.50358240657732,0.8348037019002608,Gaia EDR3 corrected parallax,8.492251057053227,0.019,7.394670835981197,0.012,edenhofer_zgr23,loaded_from_csv,0.02621754603513912,0.02621754603513912,,0.07340912889838953,0.09454126282272794,8.397709794230499,0.06997342474811519,7.324697411233082,0.07508409113936175,7.473515908860639,0.09974237006663401,8.700257629933366,0.07422043750324403,7.4427795624967565,0.07422043750324403,7.551434562496756,0.040568304025071056,6.347693695974929,0.05339573484483219,7.029916265155167,0.01788422730926411,5.526115772690735,0.010704034455397995,4.987295965544602,0.007066745646755828,4.830933254353244,0.003590306999076149,4.818409693000924,0.0025714810317577683,4.716428518968241,2.54117515213674,0.546932015728264,0.025158872723500144,0.5249869314202376,0.026774333502432114,0.5228878090960175,0.03764792225491326,0.6008349321185709,0.04686512470524853,,,0.5249869314202376,0.026774333502432114,,
HD143129,105,False,Faint,False,HD143129,4.4257135952114657e+18,,,,,TYC  361-606-1,2MASS J15582874+0445176,J155828.72+044517.6,4.4257135952114657e+18,4.4257135952114657e+18,HD143129,2MASS J15582874+0445176,K0,E,K0,,,,,,,,,,,,,,,,,,,7.255,0.0011,8.375,0.017,7.1979999999999995,0.011000000000000001,6.29,-19.82,11.68,1.09,,5.388999999999999,0.015,0.023,243686,4.904,0.013000000000000001,0.02,174707,4.73,0.017,0.023,101023.0,AAA,000,52.1,,J155828.72+044517.6,4.724, 0.208, 4.580, 0.104,4.727,0.016,4.638999999999999, 0.029,5.2,   10.4,66.4,38.0,0.22699999999999998, 0.214,0.0,0.0,0000,BAAA,,0.659,1.177,0.085,0.08800000000000001,239.61965430605133,4.7549259208392165,4.206716431328067,4.2415534313280645,0.02719238,-17.968824479932522,8.267030213481808,False,6.831819607855341,0.000125,7.323371000000001,0.000736,6.1661095999999995,0.0005059999999999999,235.762679,,239.61965430605,4.75492592084,4.2067,4.241553431328065,0.0272,-17.969,8.267,False,6.826541000000001,0.002758,7.323371000000001,0.002886,6.16611,0.0038130000000000004,227.8849,,,4.2067,0.0272,Gaia DR3,235.85582000000002,234.439529,237.24687200000002,235.24281299999998,233.79567000000003,236.46125800000002,0.5466270000000001,0.012004,0.968,0.0,LDD_VW3,GOOD,,,True,,14.81515893,40.19488698,HD143129,235.76267897841663,1.5114623593440852,Gaia EDR3 corrected parallax,8.101790735474083,0.017,7.085264976771828,0.011000000000000001,edenhofer_zgr23,loaded_from_csv,0.03966193268742183,0.03966193268742183,,0.11105341152478113,0.143022127137041,7.958768608337042,0.10585587447995473,6.979409102291873,0.1135872962585535,7.141412703741446,0.1508903679377392,8.22410963206226,0.11228076008102424,7.0857192399189755,0.11228076008102424,7.211090239918977,0.06137177527327243,6.104738224726727,0.08077712682845,6.74576387317155,0.02705527888673813,5.361944721113261,0.016193075182735595,4.887806924817264,0.01069058064340207,4.719309419356598,0.005431420405772621,4.718568579594227,0.003890139353693232,4.576109860646307,2.285323585181591,0.5488987576018693,0.02524934284968599,0.5264061434334125,0.026846713315104038,0.5390754779046314,0.03881343440913346,0.5227516373260468,0.04077462771143165,,,0.5264061434334125,0.026846713315104038,,
HD142860,105,True,Both,False,HD142860,1.193030490492926e+18,HD142860,gam Ser,,gamSer,TYC 1496-2119-1,2MASS J15562720+1539413,J155627.41+153928.7,1.193030490492926e+18,1.193030490492926e+18,HD142860,2MASS J15562720+1539413,F6V,C,F6V,6236.0,100.0,4.1822,0.2,7.2882,-0.1618,0.1,,,7.0,,,,,,,,,3.9456,0.0008,4.4,0.013999999999999999,3.8819999999999997,0.009000000000000001,89.92,311.2,-1282.17,0.72,,3.1489999999999996,0.242,0.242,1000000,2.875,0.22399999999999998,0.22399999999999998,952599,2.7030000000000003,0.314,0.314,676426.0,DDD,000,33.0,,J155627.41+153928.7,1.276,      , 1.159,      ,2.677,0.006999999999999999,2.628, 0.018,0.8,    1.2,149.8,60.1,0.242, 0.242,0.111,0.0,hh00,UUAA,,0.446,0.518,-1.3519999999999999,0.049,239.11469743534352,15.655912590196278,89.56466413447798,89.60014813447796,0.18347327,311.18254717012934,-1282.7670369101927,False,3.7049396846694544,0.001130761,3.966941107249724,0.006399783,3.2667031321928106,0.001809235,11.16069583,,239.11379171647002,15.66212632135, , , , , ,False,19.394779999999997,0.013866,18.42449,0.714725,16.826643,0.45486800000000005,,,, , ,,11.1594429,11.1390352,11.1794395,11.1588602,11.1384172,11.1825581,,,,,LDD_VW3,GOOD,,,True,,27.72270635,45.69244615,HD142860,11.16069583388559,0.0228536381105649,Gaia EDR3 corrected parallax,4.305840993984093,0.013999999999999999,3.8263218987669756,0.009000000000000001,assumed_zero,assumed_zero_d_lt_69pc,,0.0,0.0,0.0,0.0,4.305840993984093,0.0,3.8263218987669756,0.0,3.9456,0.0,4.4,0.0,3.8819999999999997,0.0,18.42449,0.0,16.826643,0.0,19.394779999999997,0.0,3.1489999999999996,0.0,2.875,0.0,2.7030000000000003,0.0,1.276,0.0,1.159,2847.2306530849914,inf,inf,1.2261177976412097,0.06253200767970168,1.2068154538226732,0.08689071267523246,0.9916475305242105,0.07734850738088841,1.229779570333447,0.05534008066500512,1.2261177976412097,0.06253200767970168,6322.555404093448,79.0
HD141589,105,False,Both,False,HD141589,1.1900131557123277e+18,,,,,TYC  938-369-1,2MASS J15493398+1233316,J154933.98+123331.4,1.1900131557123277e+18,1.1900131557123277e+18,HD141589,2MASS J15493398+1233316,K0,E,K0,,,,,,,,,,,,,,,,,,,6.8545,0.0013,7.946000000000001,0.017,6.808,0.011000000000000001,6.28,1.78,19.43,1.0,,5.044,0.005,0.018000000000000002,291628,4.477,0.172,0.172,217826,4.455,0.019,0.024,160111.0,ECA,000,26.4,,J154933.98+123331.4,4.417, 0.220, 4.271, 0.112,4.419,0.015,4.388, 0.032,4.9,    9.7,72.8,33.5,0.235, 0.227,0.0,0.0,0000,BBAA,,0.589,1.138,0.028999999999999998,0.031,237.3915700075873,12.558777698988447,5.247872365380472,5.281317365380472,0.03324873,1.5105816165124604,19.188626321121628,False,6.451415891199487,0.000126,6.9212656,0.0006129999999999999,5.8004084,0.0006940000000000001,189.3466972,,237.39157000759,12.55877769899,5.2479,5.281317365380471,0.0332,1.511,19.189,False,6.44402,0.002758,6.921266,0.002857,5.800408,0.003843,,,,5.2479,0.0332,Gaia DR3,189.17120400000002,187.912567,190.18983500000002,189.324997,187.804932,190.683594,0.638021,0.038237,0.0462,0.0,LDD_VW3,GOOD,,,True,,22.68424479,45.92292461,HD141589,189.34669720003825,1.1920391781156081,Gaia EDR3 corrected parallax,7.685953725558833,0.017,6.699058875184207,0.011000000000000001,edenhofer_zgr23,loaded_from_csv,0.015807894436755086,0.015807894436755086,,0.04426210442291424,0.05700374476757436,7.628949980791258,0.04219054332216647,6.65686833186204,0.04527202450679058,6.809227975493209,0.06013975735073957,7.885860242649261,0.0447512837215405,6.76324871627846,0.0447512837215405,6.87651471627846,0.024460697681124785,5.775947302318875,0.032195009352468315,6.411824990647532,0.010783311947230432,5.033216688052769,0.0064540078042213634,4.470545992195779,0.004260901041065795,4.450739098958934,0.0021647790361794456,4.414835220963821,0.0015504769455410687,4.269449523054459,2.3001209417288986,0.6425460238603576,0.02955711709757645,0.6058385614466525,0.030897766633779272,0.6014444323369635,0.04330399912826137,0.5941691278787534,0.04634519197454277,,,0.6058385614466525,0.030897766633779272,,
HD141827,105,False,Faint,False,HD141827,1.1900741442481446e+18,,,,,TYC  955-618-1,2MASS J15504193+1307363,J155041.93+130736.6,1.1900741442481446e+18,1.1900741442481446e+18,HD141827,2MASS J15504193+1307363,K2,E,K2,,,,,,,,,,,,,,,,,,,8.0025,0.0024,9.797,0.031,8.027000000000001,0.013999999999999999,4.23,4.62,5.98,1.26,,5.242999999999999,0.017,0.024,309193,4.543,0.040999999999999995,0.044000000000000004,270215,4.368,0.019,0.024,199168.0,AAA,000,40.8,,J155041.93+130736.6,4.31, 0.265, 4.198, 0.167,4.288,0.015,4.203, 0.020,4.1,    6.5,71.7,53.6,0.242, 0.231,0.0,0.0,0000,BBAA,,0.875,1.77,0.107,0.085,237.6748122580324,13.126827831629193,1.9206840780372032,1.9533930780372033,0.031011327999999998,3.998274819685056,5.778189553298508,False,7.3204861910682,0.00034700000000000003,8.105967,0.001579146,6.451094599999999,0.001304018,511.9297346,,237.67481225803,13.12682783163,1.9207,1.953393078037203,0.0310,3.998,5.778,False,7.317761,0.002777,8.105967,0.003206,6.451095,0.003998,519.1492,,,1.9207,0.0310,Gaia DR3,515.09082,508.318359,522.2012940000001,511.979645,505.01474,520.326355,0.719075,0.018101,0.0538,0.0,LDD_VW3,GOOD,,,True,,23.59223504,45.92268709,HD141827,511.92973459536057,8.127202400267395,Gaia EDR3 corrected parallax,9.33008155216361,0.031,7.852558920132109,0.013999999999999999,edenhofer_zgr23,loaded_from_csv,0.13939341703523206,0.13939341703523206,,0.39030156769864977,0.5026568717767512,8.827424680386859,0.3720346200298258,7.480524300102283,0.39920700491467215,7.603292995085328,0.5303101124775802,9.266689887522421,0.3946151323072207,7.63238486769278,0.3946151323072207,7.711351867692779,0.2156935097510474,6.235401490248952,0.28389437841179216,7.033866621588208,0.09508683811718574,5.147913161882814,0.05691119744010276,4.486088802559897,0.03757246470359516,4.330427535296405,0.019088939908257076,4.290911060091743,0.013672047238043397,4.184327952761957,3.0450813956269434,0.6913667892440556,0.031802872305226555,0.7007901962327803,0.03574030000787179,0.7060558745272595,0.050836022965962686,2.097028139290223,0.1635681948646374,,,0.7007901962327803,0.03574030000787179,,
HD143896,105,False,Faint,False,HD143896,4.4546640112494264e+18,,,,,TYC  944-830-1,2MASS J16023739+0850491,J160237.34+085049.0,4.4546640112494264e+18,4.4546640112494264e+18,HD143896,2MASS J16023739+0850491,K5,E,K5,,,,,,,,,,,,,,,,,,,8.2447,0.0025,9.992,0.027999999999999997,8.301,0.013999999999999999,3.96,-0.53,-14.53,1.21,,5.409,0.015,0.023,231116,4.5889999999999995,0.196,0.196,189806,4.407,0.003,0.015,140806.0,ACA,000,26.0,,J160237.34+085049.0,4.393, 0.231, 4.278, 0.120,4.341,0.013999999999999999,4.269, 0.025,4.7,    9.0,79.5,43.9,0.23600000000000002, 0.219,0.0,0.0,0000,BBAA,,1.002,1.6909999999999998,0.124,0.07200000000000001,240.65577088179148,8.846854986892051,2.085657701419894,2.1198417014198943,0.059285915999999994,-1.5983624108062928,-14.52752736195539,False,7.5402559257048924,0.00028700000000000004,8.381208,0.0009539999999999999,6.632599000000001,0.001086713,471.7333371,,240.65577088179,8.84685498689,2.0857,2.1198417014198943,0.0593,-1.598,-14.528,False,7.538533,0.00277,8.381208,0.002949,6.632599000000001,0.003933,,,,2.0857,0.0593,Gaia DR3,475.23413099999993,458.953308,492.252167,476.26248200000003,460.20346100000006,503.441193,0.7298520000000001,0.049203,0.0689,0.0,LDD_VW3,GOOD,,,True,,20.16899634,41.36707421,HD143896,471.73333713087567,13.193033697189776,Gaia EDR3 corrected parallax,9.553036560347326,0.027999999999999997,8.137024442020275,0.013999999999999999,edenhofer_zgr23,loaded_from_csv,0.07305712299517132,0.07305712299517132,,0.2045599443864797,0.2634461919853821,9.289590368361944,0.19498610172610267,7.9420383402941725,0.20922735003485604,8.035472649965143,0.27793946039119866,9.714060539608802,0.2068207155682087,8.094179284431792,0.2068207155682087,8.174387284431791,0.11304656709261665,6.519552432907384,0.14879114783466274,7.389741852165337,0.049835716601978185,5.359164283398021,0.029827580380881114,4.559172419619118,0.019692007222898447,4.387307992777101,0.01000465488533427,4.382995345114666,0.007165621289081889,4.270834378710918,3.1674989083080267,0.6021461223027658,0.027698721625927222,0.7093070512680675,0.03617465961467144,0.7025847561300964,0.050586102441366944,1.7024514724047366,0.13279121484756945,,,0.7093070512680675,0.03617465961467144,,
HD143257,105,False,Bright,False,HD143257,1.1931698192349074e+18,,,,,TYC 1496-572-1,2MASS J15584908+1612399,J155849.05+161239.7,1.1931698192349074e+18,1.1931698192349074e+18,HD143257,2MASS J15584908+1612399,K2,E,K2,,,,,,,,,,,,,,,,,,,7.8608,0.0014,9.631,0.025,7.882000000000001,0.013000000000000001,3.34,-19.73,-28.59,1.03,,5.153,0.033,0.037000000000000005,292570,4.485,0.033,0.036000000000000004,256986,4.316,0.003,0.015,128831.0,EEA,000,16.7,,J155849.05+161239.7,4.3, 0.250, 4.164, 0.156,4.285,0.015,4.195, 0.023,4.3,    6.9,73.6,47.3,0.23399999999999999, 0.223,0.0,0.0,0000,BBAA,,0.8370000000000001,1.749,0.105,0.09,239.70443020748334,16.210949080266428,3.0461376797013298,3.0776296797013303,0.020008622,-18.823686186838177,-29.795748123141728,False,7.216053305437469,0.000217,7.9743333,0.0007700000000000001,6.363047,0.000822,324.92538219999994,,239.70443020747996,16.21094908027,3.0461,3.07762967970133,0.0200,-18.824,-29.796,False,7.212813000000001,0.002764,7.974333000000001,0.0028940000000000003,6.363047,0.003868,313.0657,,,3.0461,0.0200,Gaia DR3,324.677612,322.767548,326.580841,324.702362,322.635742,326.627899,0.734505,0.017574,0.00484,0.0,LDD_VW3,GOOD,,,True,,28.76628702,45.383663899999995,HD143257,324.9253822172151,2.1124403607976316,Gaia EDR3 corrected parallax,9.171355242968646,0.025,7.710132921226768,0.013000000000000001,edenhofer_zgr23,loaded_from_csv,0.044441282886588634,0.044441282886588634,,0.12443559208244817,0.16025660830075025,9.011098634667896,0.11861174038205166,7.591521180844717,0.1272748155046416,7.733525184495359,0.16907298943879098,9.46192701056121,0.12581083884155894,7.756189161158441,0.12581083884155894,7.848522161158441,0.06876720929529011,6.29427979070471,0.09051094843109993,7.122302051568901,0.03031549955109453,5.122684500448905,0.018144376389100512,4.4668556236109,0.011978819144786448,4.304021180855213,0.006085918521199065,4.293914081478801,0.004358909709424198,4.159641090290576,3.107790663528083,0.6824221217183347,0.031391417599043396,0.7089407765038293,0.03615597960169529,0.7141940717390705,0.051421973165213075,3.2416826555672906,0.25285124713424867,,,0.7089407765038293,0.03615597960169529,,
HD140346,105,False,Bright,False,HD140346,4.4305707909048596e+18,,,,,TYC  363-264-1,2MASS J15425162+0653021,J154251.60+065302.0,4.4305707909048596e+18,4.4305707909048596e+18,HD140346,2MASS J15425162+0653021,K0,E,K0,,,,,,,,,,,,,,,,,,,7.2588,0.0019,8.597000000000001,0.018000000000000002,7.222,0.011000000000000001,6.29,-48.4,-6.83,0.94,,5.0680000000000005,0.033,0.037000000000000005,266214,4.539,0.033,0.036000000000000004,212966,4.381,0.005,0.016,154533.0,EEA,000,25.1,,J154251.60+065302.0,4.334, 0.234, 4.206, 0.090,4.343,0.016,4.282, 0.025,4.6,   12.0,69.4,43.9,0.22899999999999998, 0.352,0.0,0.0,0000,BAAA,,0.687,1.375,0.052000000000000005,0.061,235.71494085186004,6.883891875491887,6.916244887211323,6.950472887211323,0.03937342,-49.78475013754058,-5.816998903930706,False,6.7657680215017155,0.000181,7.349262700000001,0.001298646,6.0295663,0.001443274,143.8751026,,235.71494085186,6.883891875489999,6.9162,6.950472887211322,0.0394,-49.785,-5.817,False,6.760124,0.002761,7.3492630000000005,0.003078,6.029566,0.004046,,,,6.9162,0.0394,Gaia DR3,143.702011,143.020828,144.577805,144.242325,143.332794,145.031403,0.664605,0.015897,0.105,0.0,LDD_VW3,GOOD,,,True,,14.48899066,44.61787074,HD140346,143.87510263365996,0.8150315720188442,Gaia EDR3 corrected parallax,8.262274545749294,0.018000000000000002,7.091606768007339,0.011000000000000001,edenhofer_zgr23,loaded_from_csv,0.025835158320551558,0.025835158320551558,,0.07233844329754435,0.09316236117508511,8.169112184574209,0.06895284952206487,7.0226539184852745,0.07398897590721214,7.184811024092788,0.09828760931647808,8.498712390683524,0.07313791881768454,7.148862081182316,0.07313791881768454,7.276125081182316,0.039976607874712494,5.989589392125287,0.05261694826470479,6.707507051735296,0.01762338257578722,5.050376617424213,0.010547914150821045,4.528452085849179,0.006963675866166418,4.374036324133834,0.003537941713392875,4.3304620582866065,0.0025339755095582,4.203466024490442,2.6723835948238945,0.6807026734438557,0.03131232297841736,0.652670187409859,0.03328617955790281,0.6558401307842326,0.047220489416464756,0.9168039737902648,0.07151070995564064,,,0.652670187409859,0.03328617955790281,,
HD182572,105,True,Both,False,HD182572,4.3158043513503785e+18,HD182572,b Aql,,bAql,TYC 1063-519-1,2MASS J19245822+1156401,J192458.72+115646.6,4.3158043513503785e+18,4.3158043513503785e+18,HD182572,2MASS J19245822+1156401,G7IVHdel1,B,G7IV,5676.0,100.0,4.21,0.2,7.858,0.408,0.1,,,1.2,,,,,,,,,5.309,0.0004,6.1,0.013999999999999999,5.242999999999999,0.009000000000000001,66.01,721.27,643.6,0.77,,3.553,0.20600000000000002,0.20600000000000002,904128,3.327,0.214,0.214,493299,3.037,0.32,0.32,364435.0,CCD,000,31.7,,J192458.72+115646.6,2.696,      , 3.075, 0.476,3.5060000000000002,0.015,3.4930000000000003, 0.022,1.7,    2.3,70.2,49.0,0.242, 0.221,0.043,0.0,HHHd,UCAA,,0.516,0.857,-0.797,0.013000000000000001,291.24577656808344,11.947271123353104,67.01526888035684,67.04978088035685,0.065657094,721.2921943048541,642.9684532716342,False,4.984799699124895,0.000556,5.349818,0.000523,4.4456034,0.0016148629999999998,14.91429184,,291.25845974366,11.9467180329,,, , , ,False,21.05646,0.016055,21.74444,0.33011799999999997,20.098047,0.169995, ,,, , ,,14.912385,14.8969259,14.9259386,14.9113178,14.8967419,14.924434699999997,1.12727,0.120321,0.0922,0.0,LDD_VW3,GOOD,,,True,,47.37589921,-1.867946035,HD182572,14.91429184212239,0.014604508002330274,Gaia EDR3 corrected parallax,5.919061789706846,0.013999999999999999,5.157427530800041,0.009000000000000001,assumed_zero,assumed_zero_d_lt_69pc,,0.0,0.0,0.0,0.0,5.919061789706846,0.0,5.157427530800041,0.0,5.309,0.0,6.1,0.0,5.242999999999999,0.0,21.74444,0.0,20.098047,0.0,21.05646,0.0,3.553,0.0,3.327,0.0,3.037,0.0,2.696,0.0,3.075,4223.895537396872,inf,inf,0.8754046998650222,0.044645639693116135,0.856560111564259,0.06167232803262666,0.7526330453963276,0.05870537754091355,0.8423339472196456,0.03790502762488405,0.8754046998650222,0.044645639693116135,,
HD178665,105,False,Faint,False,HD178665,4.3056811134074163e+18,,,,,TYC  475-1578-1,2MASS J19092123+0605287,J190921.25+060529.1,4.3056811134074163e+18,4.3056811134074163e+18,HD178665,2MASS J19092123+0605287,K2,E,K2,,,,,,,,,,,,,,,,,,,,,9.996,0.028999999999999998,8.134,0.013999999999999999,,,,,,5.252999999999999,0.015,0.023,224507,4.582,0.031,0.034,172230,4.334,0.009000000000000001,0.017,122411.0,AEA,000,15.0,,J190921.25+060529.1,4.141, 0.214, 3.958, 0.141,4.232,0.016,4.154, 0.033,5.1,    7.7,68.3,33.0,0.324, 0.217,0.0,0.0,HHH0,BBAA,,0.919,1.8619999999999999,-0.013000000000000001,0.078,287.3384985230597,6.091250063508638,3.7286650431377937,3.7628750431377935,0.01908486,9.347770164748518,-14.044754863209068,False,7.376076776618057,0.000312,8.223929,0.0014929189999999999,6.4738620000000004,0.0008119999999999999,265.75424069999997,,287.33849852306,6.0912500635099995,3.7287,3.7628750431377935,0.0191,9.348,-14.045,False,7.373616,0.002773,8.223929,0.003164,6.4738620000000004,0.0038659999999999996,267.6482,,,3.7287,0.0191,Gaia DR3,265.964142,264.810791,267.51550299999997,265.626617,264.381042,266.982086,0.723513,0.016985,0.5579999999999999,0.0,LDD_VW3,GOOD,,,True,,40.39429304,-1.187534246,HD178665,265.7542407164597,1.3478742770715508,Gaia EDR3 corrected parallax,9.497993134185673,0.028999999999999998,7.947536323194495,0.013999999999999999,edenhofer_zgr23,loaded_from_csv,0.06699728202696177,0.06699728202696177,,0.18759238967549294,0.24159422243523523,9.256398911750438,0.17881266484508276,7.768723658349412,0.19187264982999114,,0.2548853233035397,9.74111467669646,0.18966563754306554,7.944334362456935,0.18966563754306554,8.034263362456935,0.10366973714779984,6.370192262852201,0.1364494259547167,7.2371665740452835,0.045702012662326624,5.207297987337673,0.027353483589708905,4.5546465164102905,0.018058621904351403,4.315941378095649,0.00917480264011304,4.131825197359887,0.00657125726720379,3.9514287427327965,3.1673865125355642,0.6521314993474041,0.029998048969980585,0.7415484145530019,0.03781896914220309,0.7380598873576426,0.05314031188975027,5.006201354600061,0.39048370565880475,,,0.7415484145530019,0.03781896914220309,,
HD178596,105,False,Faint,False,HD178596,4.305679773377635e+18,,,,,TYC  475-1667-1,2MASS J19085991+0604235,J190859.89+060422.7,4.305679773377635e+18,4.305679773377635e+18,HD178596,2MASS J19085991+0604235,F0III-IV,D,F0III,,,,,,,,,,,,,,,,,,,5.3163,0.0006,5.6339999999999995,0.013999999999999999,5.269,0.009000000000000001,22.96,-9.02,-78.34,0.79,,4.5280000000000005,0.27,0.27,422892,4.357,0.198,0.198,243282,4.334,0.006999999999999999,0.016,126713.0,DCA,000,16.5,,J190859.89+060422.7,4.268, 0.229, 4.034, 0.134,4.381,0.013999999999999999,4.459, 0.035,4.7,    8.1,79.2,30.7,0.23399999999999999, 0.216,0.0,0.0,hh00,BBAA,,0.19399999999999998,0.365,-0.191,-0.078,287.24958673771425,6.07286185275508,21.06623929585516,21.10473129585516,0.37026504,-13.024430751270652,-80.08548780500567,False,5.1249604151308095,0.00256857,5.322387,0.000822,4.830798000000001,0.0034299490000000003,47.3827402,,287.24958673771,6.07286185276,21.0662,21.0662,0.3703,-13.024,-80.085,False,5.111804,0.0037670000000000004,5.322387,0.002909,4.830798000000001,0.005104,50.4669, ,,21.0662,0.3703,Gaia DR3,47.571029700000004,46.5376472,48.3309898,47.547863,46.6307831,48.3155594,0.535747,0.048947000000000004,0.00811,0.0,LDD_VW3,GOOD,,,True,,40.33722183,-1.1175422309999998,HD178596,47.38274020083799,0.8312909531910722,Gaia EDR3 corrected parallax,5.5675337299625,0.013999999999999999,5.227546719904067,0.009000000000000001,assumed_zero,assumed_zero_d_lt_69pc,,0.0,0.0,0.0,0.0,5.5675337299625,0.0,5.227546719904067,0.0,5.3163,0.0,5.6339999999999995,0.0,5.269,0.0,5.322387,0.0,4.830798000000001,0.0,5.111804,0.0,4.5280000000000005,0.0,4.357,0.0,4.334,0.0,4.268,0.0,4.034,0.9605630191046578,0.5500046885986064,0.025300215675535892,0.544487040279351,0.027768839054246902,0.48853839913600033,0.035174764737792026,0.45646423526739255,0.03560421035085662,,,0.544487040279351,0.027768839054246902,,
HD186202,105,False,Faint,False,HD186202,4.3167669737878385e+18,,,,,TYC 1065-2302-1,2MASS J19423256+1247204,J194232.55+124720.0,4.3167669737878385e+18,4.3167669737878385e+18,HD186202,2MASS J19423256+1247204,K2,E,K2,,,,,,,,,,,,,,,,,,,,,9.618,0.019,7.947,0.011000000000000001,,,,,,5.227,0.011000000000000001,0.02,246394,4.5169999999999995,0.033,0.036000000000000004,224962,4.375,0.019,0.024,106272.0,AEA,000,16.6,,J194232.55+124720.0,4.274, 0.233, 4.033, 0.144,4.292,0.015,4.218999999999999, 0.025,4.7,    7.5,72.4,44.1,0.226, 0.222,0.0,0.0,HHH0,BBAA,,0.852,1.671,0.055,0.073,295.63574180152864,12.78892514894866,2.1121171421707703,2.1443351421707697,0.017904086,11.02049777073124,-2.3034448003033066,False,7.287803389248433,0.000205,8.050531,0.0006349999999999999,6.432450299999999,0.000884,466.3450131,,295.63574180153,12.78892514895,2.1121,2.1443351421707697,0.0179,11.020,-2.303,False,7.284919,0.002763,8.050531,0.002862,6.43245,0.0038810000000000003,,,,2.1121,0.0179,Gaia DR3,466.57659900000004,462.920746,470.62435899999997,466.39001500000006,462.88333099999994,469.527679,0.716314,0.017018000000000002,0.267,0.0,LDD_VW3,GOOD,,,True,,50.18391987,-5.220954283999999,HD186202,466.34501311566083,3.8937389292802003,Gaia EDR3 corrected parallax,9.185469919155201,0.019,7.784987793860256,0.011000000000000001,edenhofer_zgr23,loaded_from_csv,0.019444056305907502,0.019444056305907502,,0.054443357656541,0.0701158542867785,9.115354064868423,0.05189529214122398,7.733092501719032,0.05568558147413561,,0.07397321843398086,9.54402678156602,0.05504505890551049,7.89195494109449,0.05504505890551049,7.995485941094489,0.03008719376868522,6.402362806231315,0.03960056648424285,7.245318433515758,0.013263709819481384,5.213736290180519,0.007938570923921643,4.509061429076078,0.005241001582332796,4.369758998417667,0.0026627256171101827,4.27133727438289,0.0019071205941264156,4.031092879405874,3.128478639198279,0.6474358360476765,0.029782048458193117,0.7152040715057609,0.03647540764679381,0.711712482891107,0.0512432987681597,2.3467249063763047,0.1830445426973518,,,0.7152040715057609,0.03647540764679381,,
HD2151,106,True,Both,False,betHyi,4.683897617110115e+18,,,,betHyi,TYC 9350-1626-1,2MASS J00254416-7715157,J002541.08-771526.6,4.683897617108299e+18,4.683897617110115e+18,HD2151,2MASS J00254416-7715157,G0V,C,G0V,5775.0,100.0,3.6719999999999997,0.2,7.087999999999999,-0.36200000000000004,0.1,,,2.64,,,,,,,,,2.9305,0.0003,3.543,0.013999999999999999,2.855,0.009000000000000001,133.78,2220.12,324.37,0.51,,1.676,0.29600000000000004,0.29600000000000004,1000000,1.4340000000000002,0.22,0.22,1000000,1.3719999999999999,0.248,0.248,1000000.0,DDD,000,69.7,,J002541.08-771526.6,6.78, 0.023, 5.368, 0.052,6.808,0.049,8.702,      ,46.7,   21.1,22.2,-4.4,0.126, 0.000,0.0,0.0,dddD,AAAU,,0.304,0.688,-1.922,-1.8940000000000001,6.482504988433098,-77.2527954675457,133.71940556671353,133.72828256671357,0.27199635,2218.9845482530773,326.44454180123256,False,2.679233824919484,0.0031254259999999997,2.999781008581476,0.023435993,2.1224546188913,0.012735045,7.477849717000001,,6.44197642483,-77.25652549543,,, , , ,False,19.71957,0.007953,21.006757999999998,0.24458400000000002,18.467188,0.220117,,,, , ,,7.476439,7.45898962,7.49196911,7.477886200000001,7.45920944,7.49286461,2.300384,0.22948200000000002,0.00571,0.0,LDD_BV,GOOD,,,True,,304.7595047,-39.78480091,HD2151,7.477849717400849,0.015209556198157849,Gaia EDR3 corrected parallax,3.4058746258280137,0.013999999999999999,2.7840650477888897,0.009000000000000001,assumed_zero,assumed_zero_d_lt_69pc,,0.0,0.0,0.0,0.0,3.4058746258280137,0.0,2.7840650477888897,0.0,2.9305,0.0,3.543,0.0,2.855,0.0,21.006757999999998,0.0,18.467188,0.0,19.71957,0.0,1.676,0.0,1.4340000000000002,0.0,1.3719999999999999,0.0,6.78,0.0,5.367999999999999,4872.948789680728,inf,inf,0.11525547454592891,0.005878029201842374,0.002375731430033676,0.0001710526629624247,1.8543730975197992,0.14464110160654434,2.4528484847400542,0.11037818181330243,1.8543730975197992,0.14464110160654434,5762.022980854143,79.0
HD5457,106,False,Both,False,lamTuc,4.691986930313219e+18,,,,lamTuc,TYC 9135-1892-1,2MASS J00550032-6931375,J005500.35-693137.5,4.691986930313219e+18,4.691986930313219e+18,HD5457,2MASS J00550032-6931375,K2III,C,K2III,,,,,,,,,,,,,,,,,,,5.6126,0.0006,6.837999999999999,0.015,5.574,0.009000000000000001,15.52,7.92,-43.35,0.52,,3.699,0.276,0.276,1000000,3.06,0.258,0.258,1000000,2.975,0.254,0.254,526526.0,DDD,00d,49.2,,J005500.35-693137.5,1.786,      , 1.699,      ,2.9,0.013000000000000001,2.845, 0.017,1.1,    1.7,82.8,62.6,0.243, 0.221,0.08900000000000001,0.0,hh00,UUAA,,0.7240000000000001,1.264,-1.0590000000000002,0.055,13.751384271528654,-69.52727838786237,14.472621125380403,14.477971125380405,0.05503774,6.930999149962567,-43.59331526188317,False,5.149511037552934,0.00059,5.689928500000001,0.000797,4.433138400000001,0.004272443,69.07045133,,13.751384271529998,-69.52727838786,14.4726,14.4726,0.0550,6.931,-43.593,False,5.136412,0.0028179999999999998,5.689928,0.002902,4.433138,0.005704, ,,,14.4726,0.0550,Gaia DR3,69.0921249,68.8093719,69.3441772,69.0693512,68.7584991,69.3267593,1.27926,0.11848099999999999,0.0194,0.0,LDD_BV,GOOD,,,True,,302.46932169999997,-47.59776703,HD5457,69.07045133188338,0.26257004584176274,Gaia EDR3 corrected parallax,6.536428869889861,0.015,5.4536470034036535,0.009000000000000001,edenhofer_zgr23,loaded_from_csv,0.007786615419793899,0.007786615419793899,,0.021802523175422917,0.02807877037444991,6.508350099515411,0.020782118486192276,5.4328648849174614,0.022299987232342902,5.590300012767656,0.02962350006849223,6.808376499931507,0.02204348196250026,5.5519565180375,0.02204348196250026,5.6678845180375,0.012048792867689494,4.42108920713231,0.015858541899258668,5.1205534581007415,0.005311618408174795,3.693688381591825,0.003179099967353788,3.0568209000326463,0.0020988246019303064,2.9729011753980696,0.0010663217603711153,1.784933678239629,0.0007637302830232758,1.6982362697169768,2.6156184411747976,1.367538243039346,0.06290675917980991,1.2519870273360554,0.06385133839413883,1.256471356058071,0.0904659376361811,1.4485823019315314,0.11298941955065944,,,1.4485823019315314,0.11298941955065944,,
HD197635,106,False,Bright,False,sigPav,6.376446990405132e+18,,,,sigPav,TYC 9321-989-1,2MASS J20491818-6846354,J204918.22-684635.9,6.37644699040175e+18,6.376446990405132e+18,HD197635,2MASS J20491818-6846354,K0III,C,K0III,,,,,,,,,,,,,,,,,,,5.5814,0.0005,6.867000000000001,0.013999999999999999,5.534,0.009000000000000001,10.7,-64.57,-49.78,0.57,,3.549,0.23800000000000002,0.23800000000000002,1000000,2.95,0.198,0.198,858836,2.8739999999999997,0.266,0.266,619184.0,DCD,000,55.2,,J204918.22-684635.9,2.094,      , 2.220, 0.522,2.815,0.012,2.793, 0.022,1.5,    2.1,93.9,48.4,0.267, 0.231,0.09300000000000001,0.0,hh00,UCAA,,0.675,1.3330000000000002,-0.6990000000000001,0.022000000000000002,312.3249274287583,-68.77674196691326,10.125139433110457,10.139724433110457,0.061788227,-64.11962179809571,-49.688163727125456,False,5.116262425373058,0.000519,5.6621294,0.000729,4.398099,0.002076632,98.62200956,,312.32492742876,-68.77674196691,10.1251,10.1251,0.0618,-64.120,-49.688,False,5.103087,0.002804,5.662129,0.002884,4.398099,0.004312,,,,10.1251,0.0618,Gaia DR3,98.6530075,98.01589200000001,99.270813,98.6730957,98.1529312,99.18396,1.330091,0.11895,0.00982,0.0,LDD_BV,GOOD,,,True,,325.76885380000004,-35.69967733,HD197635,98.62200956217116,0.6009708798520383,Gaia EDR3 corrected parallax,6.5447869695107155,0.013999999999999999,5.407365822263777,0.009000000000000001,edenhofer_zgr23,loaded_from_csv,0.00562912232766643,0.00562912232766643,,0.015761542517466004,0.020298785123821907,6.524488184386893,0.015023868636102571,5.392341953627674,0.01612117065871225,5.565278829341288,0.021415505539837152,6.845584494460164,0.015935737134158707,5.518064262865841,0.015935737134158707,5.646193262865841,0.008710347859292911,4.389388652140707,0.011464502543996634,5.091622497456004,0.003839890397244271,3.545160109602756,0.0022982440564129594,2.947701755943587,0.001517288294288741,2.872482711705711,0.0007708683819831563,2.0932291316180165,0.0005521180842645387,2.2194478819157357,2.6111502524882573,1.38952149328971,0.06391798869132664,1.3071489981552085,0.06666459890591563,1.2880706577856076,0.09274108736056375,1.8312354010243215,0.14283636127989707,,,1.8312354010243215,0.14283636127989707,,
HD4332,106,False,Bright,False,HD4332,4.710044411638656e+18,,,,,TYC 8844-186-1,2MASS J00445466-6311479,J004454.66-631148.1,4.710044411638656e+18,4.710044411638656e+18,HD4332,2MASS J00445466-6311479,K4II/IIICNIV/V,D,K4II,,,,,,,,,,,,,,,,,,,7.0666,0.0018,8.913,0.016,7.112,0.01,2.51,13.14,-38.68,0.64,,4.198,0.23,0.23,635668,3.3289999999999997,0.19399999999999998,0.19399999999999998,627061,3.1710000000000003,0.244,0.244,424639.0,DCD,000,29.5,,J004454.66-631148.1,2.286,      , 2.978, 0.379,3.1060000000000003,0.011000000000000001,3.008, 0.020,1.5,    2.9,94.9,53.2,0.22899999999999998, 0.225,0.068,0.0,hh00,UCAA,,1.0270000000000001,1.801,-0.722,0.098,11.227820735497446,-63.196788549601266,2.362309359757348,2.369902359757348,0.014780653000000001,12.81634391641414,-38.116468850475,False,6.3550082118263,0.000479,7.207461400000001,0.002267354,5.4323754,0.001306065,421.9583123,,11.2278207355,-63.1967885496,2.3623,2.369902359757348,0.0148,12.816,-38.116,False,6.347081,0.002797,7.207461,0.003595,5.432375,0.003999,,,,2.3623,0.0148,Gaia DR3,421.975861,419.266846,424.945435,422.306946,419.789825,424.796692,1.2839770000000001,0.105887,0.0729,0.0,LDD_BV,GOOD,,,True,,304.1810695,-53.91562883,HD4332,421.95831228354444,2.63167778564822,Gaia EDR3 corrected parallax,8.43566241665901,0.016,6.933869560935971,0.01,edenhofer_zgr23,loaded_from_csv,0.2922202016296682,0.2922202016296682,,0.818216564563071,1.0537548726853763,7.381907543973634,0.7799222803387797,6.153947280597191,0.8368856575103273,6.229714342489673,1.1117263016465269,7.801273698353473,0.8272593927429742,6.284740607257026,0.8272593927429742,6.3802016072570265,0.4521734401110985,4.980201559888902,0.5951477068680722,5.751933293131928,0.19933721116764486,3.9986627888323554,0.11930693675964095,3.209693063240359,0.0787657942887869,3.0922342057112133,0.04001748423655906,2.245982515763441,0.028661672018425236,2.949338327981575,2.924483668440222,1.1836078184800347,0.054445959650081595,1.1922844367507983,0.06080650627429071,1.2134728301933908,0.08737004377392416,1.9846636589811444,0.15480376540052926,,,1.9846636589811444,0.15480376540052926,,
HD15248,106,False,Faint,False,kapHyi,4.643560452496181e+18,,,,kapHyi,TYC 9150-88-1,2MASS J02225235-7338448,J022252.12-733844.8,4.643560452496181e+18,4.643560452496181e+18,HD15248,2MASS J02225235-7338448,K1III,C,K1III,,,,,,,,,,,,,,,,,,,6.1606,0.0009,7.391,0.015,6.109,0.01,10.26,-81.59,11.84,0.51,,4.213,0.278,0.278,771312,3.5839999999999996,0.222,0.222,569259,3.55,0.21,0.21,289348.0,DDC,000,40.9,,J022252.12-733844.8,3.4989999999999997, 0.503, 3.187, 0.346,3.488,0.012,3.4330000000000003, 0.021,2.2,    3.1,91.6,50.9,0.225, 0.200,0.026000000000000002,0.0,0000,CBAA,,0.6629999999999999,1.2819999999999998,0.066,0.055,35.71669851203936,-73.64574000353053,9.213282573287977,9.21552957328798,0.020611668,-79.62880301160115,11.797658961437552,False,5.711179012787506,0.00046100000000000004,6.238618,0.001325419,5.0081587,0.0013592,108.51248340000001,,35.716698512040004,-73.64574000353001,9.2133,9.2133,0.0206,-79.629,11.798,False,5.7000150000000005,0.002794,6.238618,0.003089,5.008159,0.004016,106.3817,,,9.2133,0.0206,Gaia DR3,108.48436000000001,108.270676,108.678169,108.528572,108.331223,108.724754,0.985991,0.091945,0.023,0.0,LDD_BV,GOOD,,,True,,294.475502,-41.947933899999995,HD15248,108.51248341696906,0.24270154680303127,Gaia EDR3 corrected parallax,7.083570733850142,0.015,5.986774459456756,0.01,edenhofer_zgr23,loaded_from_csv,0.013316374554286048,0.013316374554286048,,0.03728584875200093,0.048019248822726956,7.0355514850274155,0.035540791328951174,5.951233668127805,0.038136592926729496,6.12246340707327,0.0506609869954772,7.340339013004523,0.03769792733658233,6.071302072663418,0.03769792733658233,6.2009200726634175,0.020605388876058093,4.987553611123942,0.027120677268655562,5.672894322731345,0.009083728475005175,4.203916271524995,0.005436776266513252,3.5785632237334863,0.0035893302823210497,3.546410669717679,0.001823583057716143,3.4971764169422834,0.001306102582302443,3.1856938974176976,2.5169496084939027,1.014459963897121,0.046665158339267564,0.9490712857838596,0.048402635574976836,0.9531781563682855,0.06862882725851656,1.177870757240798,0.09187391906478223,,,1.177870757240798,0.09187391906478223,,
HD210056,106,False,Faint,False,HD210056,6.357337753190593e+18,HD210056,HR_8432,,,TYC 9475-1288-1,2MASS J22115498-7606576,J221154.95-760658.1,6.357337753190593e+18,6.357337753190593e+18,HD210056,2MASS J22115498-7606576,K0III,C,K0III,,,,,,,,,,,,,,,,,,,6.2974,0.0007,7.412999999999999,0.015,6.239,0.009000000000000001,10.8,-59.14,-40.71,0.62,,4.669,0.22399999999999998,0.22399999999999998,441398,3.911,0.248,0.248,379761,3.877,0.28600000000000003,0.28600000000000003,221626.0,DDD,d00,49.0,,J221154.95-760658.1,3.8080000000000003, 0.367, 3.328, 0.237,3.74,0.013999999999999999,3.6860000000000004, 0.020,3.0,    4.6,76.1,54.7,0.245, 0.220,0.0,0.0,hh00,CBAA,,0.792,1.1740000000000002,0.122,0.054000000000000006,332.9780013614062,-76.11619969409968,11.165612293009243,11.173997293009243,0.02047939,-59.35097785462632,-40.00504842215339,False,5.87559277050102,0.0003,6.368309,0.000743,5.197263700000001,0.00122923,89.49348866,,332.97800136141,-76.1161996941,11.1656,11.1656,0.0205,-59.351,-40.005,False,5.8651800000000005,0.0027719999999999997,6.368309,0.0028870000000000002,5.197264,0.003974,89.0616,,,11.1656,0.0205,Gaia DR3,89.4753189,89.3209152,89.63507840000001,89.48316190000001,89.3510513,89.6280823,0.804442,0.077072,0.14800000000000002,0.0,LDD_BV,GOOD,,,True,,314.09018330000004,-37.33965271,HD210056,89.49348865742317,0.16402116526577087,Gaia EDR3 corrected parallax,7.14082199134458,0.015,6.1265778725833595,0.009000000000000001,edenhofer_zgr23,loaded_from_csv,0.0057466922342579935,0.0057466922342579935,,0.01609073825592238,0.020722745757827052,7.1200992455867524,0.015337657310317216,6.1112402152730425,0.016457877594210163,6.280942122405789,0.021862790007889123,7.39113720999211,0.016268571103163505,6.222731428896837,0.016268571103163505,6.352040428896837,0.00889227227389728,5.1883717277261026,0.011703950261554975,5.853476049738446,0.003920090387410945,4.665079909612588,0.002346245205314817,3.908653754794685,0.0015489783931439832,3.875451021606856,0.0007869687469048263,3.8072130312530956,0.0005636496282275217,3.327436350371773,2.408159039695436,0.8821297617927389,0.040577969042465994,0.8381667105019281,0.04274650223559833,0.8420025154984606,0.060624181115889166,0.8504396446934875,0.06633429228609203,,,0.8504396446934875,0.06633429228609203,,
HD38295,106,False,Both,False,HD38295,2.964408456592764e+18,,,,,TYC 5929-1418-1,2MASS J05434650-2125430,J054346.50-212543.1,2.964408456592764e+18,2.964408456592764e+18,HD38295,2MASS J05434650-2125430,K0III,C,K0III,,,,,,,,,,,,,,,,,,,6.8503,0.0008,7.966,0.016,6.796,0.01,4.48,3.65,-10.04,0.78,,5.083,0.033,0.037000000000000005,334372,4.655,0.075,0.076,198112,4.391,0.001,0.015,138045.0,EEE,000,19.1,,J054346.50-212543.1,4.416, 0.247, 4.189, 0.140,4.388999999999999,0.016,4.336, 0.028,4.4,    7.7,68.1,38.3,0.228, 0.229,0.0,0.0,0000,BBAA,,0.6920000000000001,1.17,0.08,0.053,85.94377886114233,-21.428701222693146,5.449325734128202,5.465758734128202,0.017038805,3.774117039075424,-9.886481462299026,True,6.443571475666889,7.829999999999999e-05,6.916458,0.000381,5.7897205000000005,0.00042699999999999997,182.9572158,,85.94377886114,-21.42870122269,5.4493,5.465758734128202,0.0170,3.774,-9.886,False,6.436132,0.0027559999999999998,6.916458,0.002816,5.78972,0.003803,184.1863,,,5.4493,0.0170,Gaia DR3,182.944397,182.330917,183.558807,183.006546,182.40181,183.570007,0.619909,0.020028,0.7090000000000001,0.0,LDD_VK,GOOD,,,True,,225.6896162,-24.05695703,HD38295,182.9572157578049,0.570345760630686,Gaia EDR3 corrected parallax,7.695197295837761,0.016,6.683995473645371,0.01,edenhofer_zgr23,loaded_from_csv,0.039142213853967565,0.039142213853967565,,0.10959819879110917,0.14114800532710245,7.554049290510658,0.10446876881285115,6.57952670483252,0.11209888021055185,6.738201119789448,0.14891314290883995,7.8170868570911605,0.11080946451636875,6.685190535483631,0.11080946451636875,6.805648535483631,0.060567576756185085,5.729152423243815,0.07971864603136107,6.356413353968638,0.02670075410619826,5.056299245893802,0.015980885670682957,4.639019114329317,0.010550494275329045,4.380449505724671,0.005360248597289798,4.4106397514027105,0.003839164059503467,4.185160835940496,2.226332815433131,0.6366573868999327,0.029286239797396904,0.6116747186425503,0.031195410650770063,0.6146661636895415,0.044255963785646994,0.6199311378773837,0.04835462875443593,,,0.6366573868999327,0.029286239797396904,,
HD42747,106,False,Faint,True,HD42747,2.94277353808883e+18,,,,,TYC 5937-2785-1,2MASS J06114310-1811099,J061143.09-181109.8,2.94277353808883e+18,2.94277353808883e+18,HD42747,2MASS J06114310-1811099,K0III,C,K0III,,,,,,,,,,,,,,,,,,,6.7691,0.0005,7.8660000000000005,0.013999999999999999,6.705,0.01,5.2,-10.75,21.88,0.71,,5.1610000000000005,0.26,0.26,382851,4.531000000000001,0.24,0.24,347944,4.382,0.033,0.036000000000000004,149149.0,DDE,000,37.6,,J061143.09-181109.8,4.3580000000000005, 0.242, 4.173, 0.153,4.335,0.013000000000000001,4.289, 0.027,4.5,    7.1,81.4,40.0,0.23199999999999998, 0.225,0.0,0.0,0000,BBAA,,0.779,1.161,0.069,0.046,92.92954570699386,-18.18597757308999,5.011005144811917,5.029335144811917,0.017906832,-10.713488534502368,22.21055994817125,False,6.369788362169785,0.000124,6.8345833,0.000525,5.7237043,0.000867,198.8334385,,92.92954570699,-18.18597757309,5.0110,5.029335144811917,0.0179,-10.713,22.211,False,6.361942,0.002758,6.834583,0.002839,5.723704,0.003878,194.6757,,,5.0110,0.0179,Gaia DR3,198.81788600000002,198.212738,199.62936399999998,198.734116,198.126541,199.460052,0.62262,0.05449299999999999,0.0953,0.0,LDD_VK,GOOD,,,True,,225.17478930000001,-16.74545538,HD42747,198.83343845787738,0.7079418801748399,Gaia EDR3 corrected parallax,7.5982815733418505,0.013999999999999999,6.593923710231047,0.01,edenhofer_zgr23,loaded_from_csv,0.026888328134166733,0.026888328134166733,,0.07528731877566684,0.09696012333072339,7.501321450011127,0.07176371132435624,6.52215999890669,0.07700513532063402,6.692094864679365,0.10229430213020752,7.763705697869793,0.0761193849025333,6.628880615097467,0.0761193849025333,6.758463615097467,0.04160625365206723,5.6820977463479325,0.05476187731485335,6.307180122685146,0.018341799483178347,5.142658200516822,0.010977899701612587,4.520022100298388,0.007247550000903689,4.374752449999096,0.003682165850463918,4.354317834149537,0.002637272980469532,4.170362727019531,2.2042170358348647,0.6449774614599203,0.02966896322715633,0.6268879708134345,0.031971286511485154,0.6275461453369775,0.04518332246426238,0.6449129325710489,0.05030320874054181,,,0.6449774614599203,0.02966896322715633,,
HD48737,106,True,Both,False,ksiGem,3.352485999058855e+18,,,,ksiGem,TYC  754-2356-1,2MASS J06451737+1253438,J064517.57+125356.9,3.352485999057277e+18,3.352485999058855e+18,HD48737,2MASS J06451737+1253438,F5IV-V,C,F5IV,6480.0,100.0,3.83,0.2,7.48,0.03,0.1,,,66.0,,,,,,,,,3.4417,0.0005,3.853,0.013999999999999999,3.377,0.009000000000000001,57.02,-115.16,-190.91,0.83,,1.996,0.23,0.23,1000000,1.811,0.168,0.168,1000000,1.6880000000000002,0.22,0.22,1000000.0,DCD,000,48.8,,J064517.57+125356.9,6.737, 0.034, 5.861, 0.031,6.044,0.018000000000000002,4.462, 0.025,32.4,   35.3,59.2,43.4,0.21100000000000002, 0.190,0.0,0.0,ddHd,AAAA,,0.308,0.47600000000000003,2.275,1.5819999999999999,101.32182967483568,12.89474308933157,54.189438370902394,54.233234370902395,0.23692359999999998,-114.56401293447145,-191.67097112394012,False,3.2528268709394217,0.002477836,3.41393872930673,0.016055216,2.7906705375284933,0.007198520999999999,18.43887815,,101.32182967484002,12.894743089330001,54.1894,54.1894,0.2369,-114.564,-191.671,False,3.246348,0.003706,3.537784,0.016296,2.8452330000000003,0.00813,,,,54.1894,0.2369,Gaia DR3,18.4166698,18.317981699999997,18.5006695,18.445568100000003,18.3692818,18.5418739,1.9483669999999997,0.152824,0.02,0.0,LDD_VK,GOOD,,,True,,200.7398851,4.501092872,HD48737,18.43887814547397,0.08055218245531919,Gaia EDR3 corrected parallax,3.7688542959651636,0.013999999999999999,3.3249203733792876,0.009000000000000001,assumed_zero,assumed_zero_d_lt_69pc,,0.0,0.0,0.0,0.0,3.7688542959651636,0.0,3.3249203733792876,0.0,3.4417,0.0,3.853,0.0,3.377,0.0,3.537784,0.0,2.8452330000000003,0.0,3.246348,0.0,1.996,0.0,1.811,0.0,1.6880000000000002,0.0,6.737,0.0,5.861000000000001,1.1750640423701535,1.5048087955424374,0.06922120459495211,0.18410979790461623,0.009389599693135428,0.318344418629287,0.022920798141308665,1.2085594004627522,0.09426763323609468,1.4284289253192721,0.06427930163936724,1.5048087955424374,0.06922120459495211,6534.104570587668,79.0
HD47156,106,False,Both,False,HR2426,3.327794953625804e+18,,,,,TYC  737-643-1,2MASS J06373689+1051118,J063736.36+105158.1,3.327794953625804e+18,3.327794953625804e+18,HD47156,2MASS J06373689+1051118,K0,E,K0,,,,,,,,,,,,,,,,,,,6.5288,0.0008,8.15,0.018000000000000002,6.539,0.011000000000000001,3.69,-37.96,-32.68,0.94,,4.245,0.292,0.292,568107,3.377,0.244,0.244,713034,3.281,0.262,0.262,358113.0,DDD,000,31.7,,J063736.36+105158.1,10.706, 0.021,10.766, 0.021,10.343,0.16899999999999998,8.317,      ,52.2,   52.3,6.4,-0.6,0.0, 0.000,0.0,0.0,hhH0,AABU,,0.9640000000000001,1.611,2.3890000000000002,2.026,99.40354957770342,10.853152104078989,5.642167054202241,5.673722054202241,0.034781992000000005,-38.989955269710386,-32.15272772627733,False,5.937629361495122,0.000504,6.636025,0.001612255,5.1115065,0.001677307,176.2511435,,99.4035495777,10.85315210408,5.6422,5.6422,0.0348,-38.990,-32.153,False,5.927517,0.002801,6.636025,0.003222,5.111505999999999,0.004135, ,,,5.6422,0.0348,Gaia DR3,176.238678,175.195786,177.28138700000002,176.196869,175.32849099999999,177.203339,1.111046,0.108578,0.151,0.0,LDD_VK,GOOD,,,True,,201.70585487098998,1.900777945,HD47156,176.25114350805222,1.0804839935624748,Gaia EDR3 corrected parallax,7.736361208888702,0.018000000000000002,6.383600401734722,0.011000000000000001,edenhofer_zgr23,loaded_from_csv,0.14361189276877898,0.14361189276877898,,0.4021132997525811,0.517868822677954,7.218492386210748,0.38329353777512,6.000306863959603,0.41128824302987554,6.117511756970125,0.5463589359322472,7.603641064067753,0.4065574061615711,6.132442593838428,0.4065574061615711,6.229467593838429,0.22222106217153495,4.889284937828465,0.2924858999606027,5.635031100039397,0.09796445979910252,4.147035540200897,0.05863350621532628,3.3183664937846733,0.03870952364061515,3.242290476359385,0.01966663024324445,10.686333369756754,0.01408580565453315,10.751914194345465,2.826405180146828,1.1969081986222863,0.055057777136625165,0.021993630943583333,0.00112167517812275,0.03494103876804034,0.0025157547912989047,2.03021077658859,0.15835644057391002,,,1.1969081986222863,0.055057777136625165,,
HD46241,106,False,Bright,False,12Mon,3.131331226678059e+18,,,,,TYC  154-2464-1,2MASS J06321922+0451214,J063219.17+045121.6,3.131331226678059e+18,3.131331226678059e+18,HD46241,2MASS J06321922+0451214,K0III,C,K0III,,,,,,,,,,,,,,,,,,,6.024,0.0014,7.1129999999999995,0.016,5.952999999999999,0.01,6.3,-35.56,1.57,0.94,,4.327,0.282,0.282,604825,3.7089999999999996,0.22,0.22,473489,3.6889999999999996,0.20800000000000002,0.20800000000000002,272785.0,DDC,000,23.5,,J063219.17+045121.6,3.5810000000000004, 0.402, 3.251, 0.205,3.542,0.013999999999999999,3.529, 0.031,2.7,    5.3,78.7,34.9,0.255, 0.374,0.028999999999999998,0.0,hh00,CBAA,,0.638,1.16,0.052000000000000005,0.013000000000000001,98.07984813078093,4.8560042108083525,7.055284698566782,7.0857386985667805,0.03873951,-37.68615732916989,1.335824734717763,False,5.613745617228107,0.000589,6.0915870000000005,0.001144397,4.9449315,0.0027927940000000004,141.128546,,98.07984813078001,4.85600421081,7.0553,7.0553,0.0387,-37.686,1.336,False,5.602169,0.0028179999999999998,6.0915870000000005,0.003016,4.944932,0.004699,138.1428,,,7.0553,0.0387,Gaia DR3,141.27830500000002,140.495743,142.158508,140.933548,140.267624,141.771622,0.89671,0.084767,0.033,0.0,LDD_VK,GOOD,,,True,,206.4282123,-2.022443233,HD46241,141.12854601910004,0.7715851448061777,Gaia EDR3 corrected parallax,6.84562255031282,0.016,5.842024899109456,0.01,edenhofer_zgr23,loaded_from_csv,0.011728252605041942,0.011728252605041942,,0.03283910729411743,0.04229243310943347,6.803330117203386,0.03130216687655884,5.810722732232897,0.033588391008150024,5.99041160899185,0.044619115381705876,7.068380884618294,0.033202041042593534,5.919797958957406,0.033202041042593534,6.058384958957407,0.018147972992074442,4.926784027007925,0.023886242650349138,5.578282757349651,0.008000395431666724,4.318999604568333,0.0047883817889638,3.7042116182110356,0.0031612637555646444,3.685838736244435,0.0016061010194614778,3.579393898980539,0.001150335697670072,3.2498496643023302,2.3134398866651735,0.9564167302231997,0.04399516959026719,0.909816386998371,0.04640063573691692,0.8942877539645809,0.06438871828544983,0.9303256699211195,0.07256540225384732,,,0.9564167302231997,0.04399516959026719,,
HD51814,106,False,Bright,False,HR2610,3.1279730432900014e+18,,,,,TYC  153-2500-1,2MASS J06585702+0336083,J065857.02+033608.6,3.1279730432900014e+18,3.1279730432900014e+18,HD51814,2MASS J06585702+0336083,K0II/III,D,K0II,,,,,,,,,,,,,,,,,,,6.1308,0.0006,7.292999999999999,0.015,6.064,0.009000000000000001,3.52,-3.59,-3.65,0.87,,4.364,0.23399999999999999,0.23399999999999999,605104,3.7710000000000004,0.24,0.24,496032,3.6439999999999997,0.272,0.272,294320.0,DDD,000,27.9,,J065857.02+033608.6,3.592, 0.309,      ,      ,3.58,0.017,3.4939999999999998, 0.026,3.5,       ,64.9,42.2,0.257,      ,0.039,0.0,dddd,BXAA,,0.72,1.229,0.098,0.086,104.73758351128252,3.6023395798621185,4.277604494588282,4.3076464945882815,0.03521116,-4.060222961766922,-3.631402305507645,False,5.70839753589359,0.000533,6.201847,0.0009599999999999999,5.025789700000001,0.001158125,232.1453261,,104.73758351128001,3.60233957986,4.2776,4.2776,0.0352,-4.060,-3.631,False,5.697221,0.002806,6.201847,0.002951,5.02579,0.003953,,,,4.2776,0.0352,Gaia DR3,232.411407,230.77949500000003,234.448746,231.825165,229.85809300000003,233.697159,0.8961610000000001,0.081856,0.0288,0.0,LDD_VK,GOOD,,,True,,210.577941,3.3112577969999997,HD51814,232.14532605131484,1.8975805533518562,Gaia EDR3 corrected parallax,7.002688828267624,0.015,5.946703715071503,0.009000000000000001,edenhofer_zgr23,loaded_from_csv,0.01437801499827609,0.01437801499827609,,0.04025844199517305,0.05184755632732623,6.950841271940298,0.03837426085418924,5.908329454217314,0.04117701126897034,6.08962298873103,0.05469990558458681,7.238300094415412,0.04070337331228389,6.023296626687716,0.04070337331228389,6.161143626687716,0.02224814187206216,5.003541858127938,0.02928285795375344,5.667938142046246,0.009807923599734942,4.354192076400265,0.005870220185195901,3.7651297798148042,0.0038754876128328846,3.6401245123871666,0.0019689671875447352,3.590031032812455,0.0014102308733563926,,2.3750519991525914,0.9492493918454759,0.043665472024891884,0.8988058688500262,0.045839099311351335,0.9190184399793733,0.06616932767851487,1.0390856732104934,0.08104868251041848,,,0.9492493918454759,0.043665472024891884,,
HD45512,106,False,Faint,False,HR2342,3.327563059754786e+18,,,,,TYC  736-866-1,2MASS J06281881+1018141,J062818.83+101813.7,3.327563059754786e+18,3.327563059754786e+18,HD45512,2MASS J06281881+1018141,K2III-IV,C,K2III,,,,,,,,,,,,,,,,,,,6.3282,0.0013,7.664,0.016,6.2860000000000005,0.01,13.09,27.84,-43.74,0.88,,4.319,0.29,0.29,530677,3.6889999999999996,0.22399999999999998,0.22399999999999998,465919,3.562,0.266,0.266,249241.0,DDD,000,34.7,,J062818.83+101813.7,3.565, 0.441, 3.219, 0.145,3.52,0.015,3.48, 0.025,2.5,    7.5,74.3,43.4,0.253, 0.247,0.03,0.0,0000,CBAA,,0.757,1.3780000000000001,0.085,0.04,97.07851022666479,10.303702418015954,11.879633513581087,11.91708251358109,0.11674352,27.491251557002908,-43.44698898839511,False,5.841893155150088,0.001073253,6.4048066,0.001685909,5.1178675,0.002119777,83.91315566,,97.07851022666,10.303702418019999,11.8796,11.8796,0.1167,27.491,-43.447,False,5.831321,0.002957,6.404807,0.0032600000000000003,5.117868,0.004333,,,,11.8796,0.1167,Gaia DR3,84.0096741,83.14108279999999,84.7306366,83.9587631,83.1059647,84.8179932,0.975456,0.094704,0.0132,0.0,LDD_VK,GOOD,,,True,,201.1386189,-0.38040379700000004,HD45512,83.91315566208155,0.8220398872907974,Gaia EDR3 corrected parallax,7.328301635847882,0.016,6.155297756195219,0.01,edenhofer_zgr23,loaded_from_csv,0.00884834504841597,0.00884834504841597,,0.024775366135564712,0.031907399481525836,7.296394236366356,0.023615826041112054,6.131681930154107,0.025340660989298405,6.302859339010701,0.03366275795276548,7.630337242047235,0.025049180415012532,6.260950819584988,0.025049180415012532,6.379757819584987,0.013691683865521108,5.104176316134478,0.018020904221453995,5.813300095778546,0.006035874369957335,4.312964125630042,0.003612580298116074,3.6853874197018834,0.0023850059715001563,3.5596149940285,0.0012117181034025815,3.5637882818965974,0.0008678673215240414,3.218132132678476,2.667478501679397,1.022957974580216,0.04705606683068993,0.947670020752374,0.04833117105837108,0.9425141608785065,0.06786101958325247,1.4937993192048244,0.1165163468979763,,,1.022957974580216,0.04705606683068993,,
HD46374,106,False,Faint,False,HR2391,3.3557298675964846e+18,,,,,TYC 745-874-1,2MASS J06333617+1409187,J063336.17+140917.8,3.3557298675964846e+18,3.3557298675964846e+18,HD46374,2MASS J06333617+1409187,K0,C,K0,,,,,,,,,,,,,,,,,,,5.734,0.0006,6.995,0.006999999999999999,5.68,0.003,12.75,-14.27,-87.02,0.85,,3.892,0.308,0.308,1000000,3.395,0.226,0.226,777875,3.21,0.302,0.302,470349.0,DDD,000,29.9,,J063336.17+140917.8,3.053,0.509,1.706,,3.035,0.016,3.0060000000000002,0.029,2.1,1.7,67.3,37.4,0.271,0.291,0.10400000000000001,0.0,0000,CUAA,,0.682,1.315,0.047,0.028999999999999998,98.40062227408,14.15478000211,11.3645,11.3645,0.0785,-13.714,-86.557,False,5.258575,0.00286,5.80598,0.002914,4.567637,0.004247,87.99331251,,98.40062227408,14.15478000211,11.3645,11.3645,0.0785,-13.714,-86.557,False,5.258575,0.00286,5.80598,0.002914,4.567637,0.004247,,,,11.3645,0.0785,Gaia DR3,87.9811783,87.2059402,88.555191,87.7000656,87.0297928,88.4322739,1.120549,0.115247,0.00907939,0.0,LDD_VK,GOOD,,,True,,198.3205168,2.545769818,HD46374,87.99331250824937,0.6078116091246932,Gaia EDR3 corrected parallax,6.677718793596394,0.006999999999999999,5.554740033107039,0.003,edenhofer_zgr23,loaded_from_csv,0.006593759803696159,0.006593759803696159,,0.018462527450349243,0.023777296996281207,6.653941496600114,0.017598441700557566,5.537141591406481,0.018883783455103807,5.715116216544896,0.025085384787320676,6.969914615212679,0.01866657301815,5.66133342698185,0.01866657301815,5.78731342698185,0.010203001151446981,4.557433998848554,0.013429122986445236,5.245145877013555,0.004497915212733412,3.8875020847872666,0.002692083844719279,3.3923079161552807,0.0017772991921543942,3.2082227008078457,0.0009029686432783516,3.0520970313567215,0.0006467320869941796,1.7053532679130057,2.5598010359195253,1.2599647383156174,0.05795837796251839,1.1732973028616365,0.059838162445943456,1.1614993251501253,0.08362795141080902,1.611465558084287,0.12569431353057436,,,1.2599647383156174,0.05795837796251839,,
HD65181,106,False,Faint,False,HD65181,5.69825667352796e+18,,,,,TYC 6557-896-1,2MASS J07563773-2524515,J075637.75-252451.7,5.69825667353618e+18,5.69825667352796e+18,HD65181,2MASS J07563773-2524515,K3III,C,K3III,,,,,,,,,,,,,,,,,,,,,9.533999999999999,0.018000000000000002,7.739,0.01,,,,,,5.059,0.033,0.037000000000000005,353859,4.406000000000001,0.29,0.29,317329,4.095,0.033,0.036000000000000004,169208.0,EDE,000,24.1,,J075637.75-252451.7,4.062, 0.390, 3.811, 0.217,4.045,0.017,3.98, 0.024,2.8,    5.0,63.6,44.4,0.231, 0.228,0.0,0.0,0h00,CBAA,,0.9640000000000001,1.795,0.08199999999999999,0.065,119.15720989890114,-25.414345833828893,1.8381903859447333,1.8544953859447333,0.018077975,-1.3501211154692123,-4.543546396797238,False,7.049289536364049,0.000166,7.820217599999999,0.000517,6.1874404,0.00039,539.2302443,,119.15720989889999,-25.414345833829998,1.8382,1.8544953859447333,0.0181,-1.350,-4.544,False,7.045186999999999,0.0027600000000000003,7.820218,0.002838,6.1874400000000005,0.0037990000000000003,595.2625,,,1.8382,0.0181,Gaia DR3,540.9219969999999,536.219788,547.183167,538.376465,533.134399,542.162903,0.788209,0.07653099999999999,0.0456,0.0,LDD_VW3,GOOD,,,True,,242.7831653,1.713178739,HD65181,539.2302442912637,5.2565193472160345,Gaia EDR3 corrected parallax,9.058682831869254,0.018000000000000002,7.561634221518073,0.01,edenhofer_zgr23,loaded_from_csv,0.020788635062529842,0.020788635062529842,,0.05820817817508355,0.07496444589200783,8.983718385977246,0.05548391101189657,7.506150310506176,0.059536303191987106,,0.07908855118659668,9.454911448813402,0.058851487754355586,7.680148512245644,0.058851487754355586,7.761366512245644,0.032167757667045424,6.155272242332955,0.04233899099851184,7.002848009001488,0.014180910540190028,5.04481908945981,0.00848753219282117,4.3975124678071795,0.0056034228425966715,4.0893965771574035,0.002846856142302743,4.0591531438576975,0.0020390001668264945,3.808960999833174,3.149285786655556,0.7279046841676354,0.03348361547171123,0.8028012139746908,0.04094286191270923,0.7951327988047443,0.05724956151394159,5.21293158134361,0.40660866334480156,,,0.8028012139746908,0.04094286191270923,,
HD70942,106,False,Faint,False,HD70942,5.707448315852774e+18,,,,,TYC 6006-4295-1,2MASS J08240840-1908089,J082408.35-190809.8,5.707448315851133e+18,5.707448315852774e+18,HD70942,2MASS J08240840-1908089,K0III,C,K0III,,,,,,,,,,,,,,,,,,,7.0449,0.0015,8.45,0.017,7.019,0.011000000000000001,5.04,-58.06,-69.98,0.96,,4.9319999999999995,0.254,0.254,371219,4.137,0.228,0.228,392744,4.045,0.25,0.25,177182.0,DDD,000,30.2,,J082408.35-190809.8,3.885, 0.320, 3.568, 0.161,3.8789999999999996,0.015,3.8160000000000003, 0.024,3.4,    6.7,71.5,46.0,0.213, 0.212,0.0,0.0,0000,BBAA,,0.887,1.431,0.069,0.063,126.03473865754292,-19.136157657857922,4.343029766163206,4.364021766163206,0.02149692,-59.44126945536403,-69.01687888018489,True,6.509960223098692,0.000128,7.134554,0.000488,5.7356195,0.0005070000000000001,229.1464281,,126.03473865754,-19.13615765786,4.3430,4.364021766163206,0.0215,-59.441,-69.017,False,6.50289,0.002758,7.134554,0.002833,5.73562,0.0038130000000000004, ,,,4.3430,0.0215,Gaia DR3,229.054672,227.85913100000002,230.43522599999997,229.27624500000002,228.217117,230.39427200000003,0.7699550000000001,0.06592,0.146,0.0,LDD_VW3,GOOD,,,True,,240.9057695,10.45238528,HD70942,229.14642813048746,1.128762113883237,Gaia EDR3 corrected parallax,8.096510464779259,0.017,6.882881870851578,0.011000000000000001,edenhofer_zgr23,loaded_from_csv,0.015578701082650791,0.015578701082650791,,0.043620363031422214,0.05617726661059678,8.040333198168662,0.04157883679956934,6.841303034052008,0.044615640623072474,7.000284359376928,0.0592678112002019,8.390732188799797,0.044102449883634494,6.974897550116365,0.044102449883634494,7.090451550116365,0.024106050237868014,5.711513949762132,0.03172822472100249,6.471161775278997,0.010626968327691055,4.921373031672308,0.006360433311933165,4.130639566688067,0.004199123667424071,4.040800876332576,0.002133392631735662,3.882866607368264,0.001527997100863988,3.566472002899136,2.8601857310629746,0.8294182608506898,0.03815323999913173,0.8288152524863812,0.042269577876805436,0.8295684356017299,0.05972892736332455,1.257870531865366,0.09811390148549855,,,0.8288152524863812,0.042269577876805436,,
HD  63734,106,False,Bright,False,HD63734,5.715806665811909e+18,,,,,TYC 5989-2854-1,2MASS J07494076-1930199,J074940.74-193019.8,5.715806665811909e+18,5.715806665811909e+18,HD63734,2MASS J07494076-1930199,K2III,C,K2III,,,,,,,,,,,,,,,,,,,6.6512,0.001,8.09,0.015,6.617000000000001,0.009000000000000001,7.82,-59.12,-14.15,0.77,,4.821000000000001,0.258,0.258,456068,4.093999999999999,0.23800000000000002,0.23800000000000002,485635,3.945,0.23600000000000002,0.23600000000000002,208171.0,DDD,d00,24.2,,J074940.74-193019.8,3.676, 0.409, 3.318, 0.283,3.6860000000000004,0.015,3.602, 0.023,2.7,    3.8,73.5,46.3,0.239, 0.224,0.015,0.0,0h00,CBAA,,0.8759999999999999,1.473,0.07400000000000001,0.084,117.419549394345,-19.505580674104397,8.455784732388349,8.473923732388347,0.019284135,-61.13962304108697,-14.128440717462981,False,6.1162571475490575,0.000286,6.713671000000001,0.001410773,5.3635316,0.001098751,118.00908659999999,,117.41954939435,-19.505580674100003,8.4558,8.473923732388348,0.0193,-61.140,-14.128,False,6.107049,0.00277,6.713671000000001,0.003127,5.363532,0.003936,116.7682,,,8.4558,0.0193,Gaia DR3,118.032455,117.80281799999999,118.300331,118.022545,117.724709,118.30233,0.793818,0.068972,0.129,0.0,LDD_VW3,GOOD,,,True,,236.8805625,3.362068278,HD  63734,118.00908664989288,0.2685536511834799,Gaia EDR3 corrected parallax,7.722073330114866,0.015,6.4766903070494655,0.009000000000000001,edenhofer_zgr23,loaded_from_csv,0.007507963980950875,0.007507963980950875,,0.021022299146662447,0.027073944870175753,7.6949993852446905,0.020038410609768482,6.456651896439697,0.021501960979154983,6.6296980390208455,0.028563394942885515,8.061436605057114,0.021254634994362268,6.595745365005639,0.021254634994362268,6.692416365005639,0.011617615355009395,5.35191438464499,0.015291028893935776,6.091757971106064,0.005121537091424446,4.815878462908576,0.003065332851300124,4.0909346671487,0.002023716167305382,3.9429762838326945,0.001028162421970799,3.6749718375780294,0.0007363994684422138,3.317263600531558,2.827551972449895,0.9707209040886584,0.044653161588078284,0.8904788052702132,0.045414419068780874,0.904527400128781,0.06512597280927224,1.8188167482395237,0.14186770636268284,,,0.8904788052702132,0.045414419068780874,,
HD82434,106,True,Both,False,psiVel,5.426587107145955e+18,psivela,HD82434a,,psiVelA,TYC 7696-2620-1,2MASS J09304200-4028004,J093041.81-402759.7,5.426587107145955e+18,5.426587107145955e+18,HD82434,2MASS J09304200-4028004,F3VFe-0.7,C,F3V,6837.0,100.0,3.77,0.2,,0.03,0.1,,,201.0,,,,,,,,,3.6577,0.0004,4.006,0.002,3.6239999999999997,0.002,53.89,-147.14,48.65,0.7,,2.822,0.29600000000000004,0.29600000000000004,1000000,2.7,0.23399999999999999,0.23399999999999999,1000000,2.673,0.268,0.268,671769.0,DDD,000,44.4,,J093041.81-402759.7,1.5530000000000002,      , 1.190,      ,2.682,0.02,2.613, 0.023,1.1,    1.2,53.5,47.6,0.22699999999999998, 0.233,0.051,0.0,HHH0,UUAA,,0.149,0.382,-1.06,0.069,142.6736972497101,-40.466465971955536,,,,,,False,3.7954113307900847,0.003686,3.6906911681986343,0.008135,3.1532131494355053,0.006012,,,142.67369724971002,-40.46646597196, ,, , , ,False,3.7843050000000003,0.003686,3.7071330000000002,0.008135,3.187291,0.006012,,,, , ,,,,,,,,,,,,LDD_BV,GOOD,,,True,,266.7755476,7.909364233,HD82434,18.5563184264242,0.24103586747999511,Hipparcos parallax,3.9375733456048754,0.002,3.580850519427615,0.002,assumed_zero,assumed_zero_d_lt_69pc,,0.0,0.0,0.0,0.0,3.9375733456048754,0.0,3.580850519427615,0.0,3.6577,0.0,4.006,0.0,3.6239999999999997,0.0,3.7071330000000002,0.0,3.187291,0.0,3.7843050000000003,0.0,2.822,0.0,2.7,0.0,2.673,0.0,1.5530000000000002,0.0,1.19,0.957273728160013,1.1717577943949822,0.053900858542169174,1.1962347427268314,0.061007971879068396,1.1775165351924448,0.08478119053385604,0.9902923546092834,0.07724280365952411,1.135942663285694,0.05111741984785623,0.9902923546092834,0.07724280365952411,6863.136231948544,79.0
HD81134,106,False,Both,False,HR3729,5.429538196359139e+18,,,,,TYC 7695-1553-1,2MASS J09223657-3946311,J092236.51-394630.1,5.429538196359139e+18,5.429538196359139e+18,HD81134,2MASS J09223657-3946311,K2III,C,K2III,,,,,,,,,,,,,,,,,,,6.6964,0.0008,7.984,0.016,6.642,0.009000000000000001,8.12,-75.51,54.31,0.57,,4.92,0.3,0.3,362602,4.368,0.075,0.076,306697,4.205,0.298,0.298,169598.0,DED,000,24.5,,J092236.51-394630.1,3.946, 0.366, 3.739, 0.211,3.9810000000000003,0.015,3.912, 0.024,3.0,    5.1,71.4,45.2,0.207, 0.211,0.0,0.0,0000,CBAA,,0.715,1.3419999999999999,0.034,0.069,140.65194099139669,-39.77502030318689,7.3827252236217245,7.394653223621725,0.01664867,-76.15512154954432,59.66136683675147,False,6.2373460017817095,0.000136,6.773902400000001,0.000656,5.531203700000001,0.0012724989999999999,135.2328459,,140.65194099139998,-39.775020303190004,7.3827,7.3946532236217255,0.0166,-76.155,59.661,False,6.228779,0.002759,6.7739020000000005,0.002866,5.531204,0.003988,137.0226,,,7.3827,0.0166,Gaia DR3,135.256271,134.887177,135.600433,135.145584,134.891647,135.404221,0.705168,0.07071799999999999,0.0127,0.0,LDD_BV,GOOD,,,True,,265.17316150000005,7.3215385820000005,HD81134,135.23284591704274,0.3044695885997189,Gaia EDR3 corrected parallax,7.659290215342203,0.016,6.514664420102617,0.009000000000000001,edenhofer_zgr23,loaded_from_csv,0.00812415767688806,0.00812415767688806,,0.022747641495286564,0.029295957947952974,7.62999425739425,0.021683003248421012,6.492981416854196,0.02326667013855676,6.673133329861443,0.030907650182125625,7.953092349817874,0.02299904561303351,6.619000954386967,0.02299904561303351,6.750902954386967,0.012571096400169282,5.518632903599831,0.016545994372292167,6.212233005627708,0.005541871935498181,4.914458128064502,0.003316910880138919,4.364683089119861,0.002189806621098663,4.202810193378902,0.0011125457786871262,3.944887454221313,0.0007968372530795499,3.7382031627469203,2.5523601661766095,0.8076577702780204,0.03715225743278894,0.7596084008688405,0.03874002844431086,0.7682804265872237,0.05531619071428011,1.1251995856234092,0.08776556767862591,,,1.1251995856234092,0.08776556767862591,,
HD76437,106,False,Faint,False,HD76437,5.627625042988938e+18,,,,,TYC 7146-1932-1,2MASS J08550165-3408356,J085501.66-340836.1,5.627625042988938e+18,5.627625042988938e+18,HD76437,2MASS J08550165-3408356,K1III,C,K1III,,,,,,,,,,,,,,,,,,,7.3183,0.001,8.596,0.016,7.27,0.01,8.96,5.69,-63.36,0.81,,5.295,0.013000000000000001,0.021,247988,4.748,0.003,0.015,194854,4.601,0.009000000000000001,0.017,99087.8,AAA,000,15.6,,J085501.66-340836.1,4.468, 0.294, 4.315, 0.163,4.563,0.013999999999999999,4.499, 0.025,3.7,    6.7,75.8,43.6,0.212, 0.215,0.0,0.0,0000,BBAA,,0.6940000000000001,1.3259999999999998,-0.031,0.064,133.75692954244332,-34.143487274685434,8.01289902397687,8.02708502397687,0.016646551000000002,4.837771225021411,-63.96998219515338,False,6.854928280825057,0.000113,7.397968,0.00043499999999999995,6.1508718,0.000346,124.5782245,,133.75692954244,-34.14348727469,8.0129,8.02708502397687,0.0166,4.838,-63.970,False,6.849775999999999,0.002758,7.397968,0.0028239999999999997,6.150872,0.003795,,,,8.0129,0.0166,Gaia DR3,124.54061899999999,124.26808899999999,124.859619,124.606049,124.328773,124.89646100000002,0.59828,0.013002000000000001,0.20199999999999999,0.0,LDD_BV,GOOD,,,True,,257.243176,7.025426931,HD76437,124.57822447538604,0.2583500437611583,Gaia EDR3 corrected parallax,8.275700796812101,0.016,7.143896239586684,0.01,edenhofer_zgr23,loaded_from_csv,0.01890095258692402,0.01890095258692402,,0.05292266724338725,0.06815740587335337,8.207543390938747,0.05044577329000208,7.093450466296682,0.054130193754795775,7.264169806245204,0.07190702764515525,8.524092972354845,0.05350756201016541,7.216492437989834,0.05350756201016541,7.344460437989834,0.02924681012792272,6.121625189872077,0.038494459065447184,6.811281540934552,0.012893233103247565,5.282106766896752,0.007716833888996164,4.740283166111004,0.00509461199130397,4.595905388008696,0.002588351414395816,4.465411648585604,0.0018538516531747603,4.313146148346825,2.540710817871435,0.6082193527459121,0.027978090226311956,0.5819774718554593,0.029680851064628425,0.586914550306613,0.042257847622076135,0.7786940358170051,0.060738134793726396,,,0.7786940358170051,0.060738134793726396,,
HD84369,106,False,Faint,False,HD84369,5.431414890909314e+18,,,,,TYC 7697-3285-1,2MASS J09434454-4114260,J094344.56-411426.6,5.431414890909314e+18,5.431414890909314e+18,HD84369,2MASS J09434454-4114260,K2III,C,K2III,,,,,,,,,,,,,,,,,,,7.7357,0.0013,9.253,0.017,7.721,0.011000000000000001,3.83,1.99,-40.03,0.82,,5.349,0.015,0.023,220206,4.71,0.040999999999999995,0.044000000000000004,175756,4.474,0.015,0.021,127885.0,AEA,000,20.8,,J094344.56-411426.6,4.375, 0.309, 3.783, 0.085,4.459,0.015,4.404, 0.024,3.5,   12.8,71.5,45.8,0.205, 0.207,0.0,0.0,0000,BAAA,,0.875,1.5319999999999998,-0.028999999999999998,0.055,145.93562086424578,-41.240753766982095,3.56785863874195,3.5812466387419506,0.03289669,0.1058678156545607,-44.245612522148164,False,7.170354973431404,0.000143,7.8338556,0.00061,6.378039,0.00056,279.2323738,,145.93562086424998,-41.24075376698,3.5679,3.58124663874195,0.0329,0.106,-44.246,False,7.166883,0.002759,7.833856,0.002856,6.378039,0.003821, ,,,3.5679,0.0329,Gaia DR3,279.425751,276.926453,282.115723,278.862274,275.168396,280.874329,0.648798,0.016322,0.953,0.0,LDD_BV,GOOD,,,True,,269.14500719999995,9.001681346,HD84369,279.2323737723041,2.5649785576283257,Gaia EDR3 corrected parallax,8.865804008203742,0.017,7.574873275265486,0.011000000000000001,edenhofer_zgr23,loaded_from_csv,0.013035080637930758,0.013035080637930758,,0.036498225786206116,0.04700489446473569,8.818799113739006,0.03479003080156206,7.540083244463924,0.037330998916357175,7.698369001083642,0.049590828794362656,9.203409171205637,0.03690159965927385,7.684098400340726,0.03690159965927385,7.796954400340726,0.02017012246692089,6.357868877533079,0.0265477824847181,7.1403352175152826,0.008891844599448381,5.340108155400552,0.00532193028631643,4.704678069713683,0.003513509587424648,4.470486490412576,0.0017850618507605285,4.373214938149239,0.0012785125870646357,3.7817214874129355,2.9558491571070666,0.6371702290158469,0.029309830534728954,0.6413058758087044,0.03270659966624392,0.6375889979401023,0.04590640785168737,1.366867866487202,0.10661569358600176,,,1.366867866487202,0.10661569358600176,,
HD61421,106,True,Both,False,alfCMi,,alfcmi,,,alfCmi,TYC  187-2184-1,2MASS J07391805+0513298,J073917.65+051320.4,,,HD61421,2MASS J07391805+0513298,F5IV-V+DQZ,C,F5IV,6456.0,100.0,4.198,0.2,,0.011000000000000001,0.1,,,3.0,,,,,,,,,0.4607,0.0017,,,0.461,0.002,285.93,-716.57,-1034.58,0.88,,-0.498,0.15,0.151,1000000,-0.6659999999999999,0.27,0.27,1000000,-0.6579999999999999,0.322,0.322,1000000.0,BDD,000,154.0,,J073917.65+051320.4,-1.193,      ,-1.487,      ,-0.425,0.42700000000000005,-0.637, 0.005,0.0,    0.2,2.5,200.6,0.31, 0.262,0.32899999999999996,0.064,hh00,UUCA,,0.16,-0.461,-0.556,0.212,,,,,,,,,,,,,,,,,,,,,,,,False,,,,,,,,,,,,,,,,,,,5.665394999999999,0.612658,0.0193,,LDD_VW3,GOOD,,,True,,,,HD61421,3.497359493582345,0.01076374061606849,Hipparcos parallax,,,,0.002,assumed_zero,assumed_zero_d_lt_69pc,,0.0,0.0,0.0,0.0,,0.0,,0.0,0.4607,0.0,,0.0,0.461,0.0,,0.0,,0.0,,0.0,-0.498,0.0,-0.6659999999999999,0.0,-0.6579999999999999,0.0,-1.193,0.0,-1.4869999999999999,,,,,,,,,,,,,,,
HD55751,106,False,Bright,False,HR2729,3.115290829498908e+18,,,,,TYC  167-4147-1,2MASS J07142006+0306411,J071420.07+030641.1,3.115290829498908e+18,3.115290829498908e+18,HD55751,2MASS J07142006+0306411,K0III,C,K0III,,,,,,,,,,,,,,,,,,,5.5307,0.0006,6.917000000000001,0.015,5.48,0.009000000000000001,4.35,-5.21,-3.01,0.89,,3.468,0.23600000000000002,0.23600000000000002,1000000,2.927,0.192,0.192,1000000,2.675,0.23399999999999999,0.23399999999999999,1000000.0,DCD,000,34.5,,J071420.07+030641.1,1.686,      , 1.184,      ,2.645,0.012,2.58, 0.020,1.4,    1.1,91.9,54.5,0.272, 0.226,0.105,0.0,hh00,UUAA,,0.7929999999999999,1.4369999999999998,-0.894,0.065,108.58357539076808,3.111407904755279,4.215075292686862,4.247568292686862,0.14276962,-4.346214823651922,-2.1057935986831606,False,5.022360609322302,0.0012911980000000001,5.612632,0.001201282,4.2950644,0.002302143,235.4288221,,108.58357539077,3.11140790476,4.2151,4.2151,0.1428,-4.346,-2.106,False,5.008997,0.003043,5.612632,0.003038,4.295064,0.004425,,,,4.2151,0.1428,Gaia DR3,236.315048,228.397583,246.64639300000002,235.146988,228.23439,243.22727999999998,1.4031559999999998,0.11213,0.0582,0.0,LDD_VW3,GOOD,,,True,,212.7650019,6.510464653,HD55751,235.42882211493188,7.913253220264201,Gaia EDR3 corrected parallax,6.561461564120519,0.015,5.343288819782609,0.009000000000000001,edenhofer_zgr23,loaded_from_csv,0.015730936683857655,0.015730936683857655,,0.044046622714801434,0.05672623278635495,6.504735331334164,0.041985146618602566,5.301303673164006,0.04505162619320752,5.485648373806793,0.05984697828367112,6.8571530217163295,0.04453342053626533,5.435466579463735,0.04453342053626533,5.568098579463734,0.024341615387440823,4.270722384612559,0.032038274021005266,4.976958725978995,0.010730815426610876,3.457269184573389,0.006422587684370328,2.92057741231563,0.00424015764789913,2.670759842352101,0.0021542402176916095,1.6838457597823084,0.0015429287409319413,1.1824570712590683,2.683066235695837,1.5137208734409102,0.06963116017828186,1.4236001316108384,0.07260360671215275,1.4340736148470485,0.10325330026898749,2.609878122881935,0.20357049358479093,,,1.4236001316108384,0.07260360671215275,,
HD63241,106,False,Bright,False,HD63241,3.1377991038299044e+18,,,,,TYC  188-285-1,2MASS J07480342+0524354,J074803.43+052435.0,3.1377991038299044e+18,3.1377991038299044e+18,HD63241,2MASS J07480342+0524354,K0,E,K0,,,,,,,,,,,,,,,,,,,6.7324,0.0011,8.728,0.021,6.787000000000001,0.011000000000000001,3.55,-1.24,-26.07,1.02,,3.983,0.264,0.264,920937,3.056,0.19399999999999998,0.19399999999999998,991996,2.85,0.258,0.258,633024.0,DCD,000,37.1,,J074803.43+052435.0,1.514,      , 1.571,      ,2.681,0.015,2.596, 0.017,0.9,    1.4,72.3,65.2,0.271, 0.237,0.11800000000000001,0.0,HHH0,UUAA,,1.133,1.9409999999999998,-1.082,0.085,117.01423854193364,5.4096956299049435,2.350954668970409,2.3815166689704097,0.037575718,-1.4788666726572692,-26.121802476233764,False,5.986285133176372,0.00032,6.8814497,0.001441455,5.0312410000000005,0.002063585,419.90048319999994,,117.01423854193001,5.4096956299,2.3510,2.3510,0.0376,-1.479,-26.122,False,5.976413,0.002774,6.88145,0.003141,5.0312410000000005,0.004306,,,,2.3510,0.0376,Gaia DR3,421.11959800000005,415.300751,426.80691500000006,419.713684,412.533478,425.93002300000006,1.38004,0.12253900000000001,0.21,0.0,LDD_VW3,GOOD,,,True,,214.54030690000002,15.04980758,HD63241,419.9004831792025,6.625215917899377,Gaia EDR3 corrected parallax,8.201477698192345,0.021,6.589513636426533,0.011000000000000001,edenhofer_zgr23,loaded_from_csv,0.08115967727290123,0.08115967727290123,,0.22724709636412344,0.2926642474235068,7.908813450768839,0.21661144649560768,6.372902189930925,0.23243215047786095,6.49996784952214,0.30876492232311037,8.41923507767689,0.22975860314093874,6.557241396859062,0.22975860314093874,6.651691396859062,0.12558423499174132,4.905656765008259,0.1652931438338177,5.811119856166182,0.05536285183783715,3.927637148162163,0.03313567107896971,3.02286432892103,0.021875990807517974,2.828124009192482,0.011114242231714366,1.5028857577682857,0.007960339627939558,1.5630396603720604,3.1682577223201362,1.2408786556151281,0.057080418158295884,1.5358856613500371,0.07833016872885189,1.5281047288976426,0.11002354048063027,14.24744291834311,1.1113005476307625,,,1.5358856613500371,0.07833016872885189,,
HD65695,106,False,Bright,False,27Mon,3.0689992253061007e+18,,,,,TYC 4837-3335-1,2MASS J07594415-0340464,J075942.95-034047.8,3.0689992253061007e+18,3.0689992253061007e+18,HD65695,2MASS J07594415-0340464,K1III,C,K1III,,,,,,,,,,,,,,,,,,,5.0967,0.0006,6.485,0.013999999999999999,5.069,0.009000000000000001,13.06,-55.17,-1.84,0.96,,2.9960000000000004,0.294,0.294,1000000,2.336,0.252,0.252,1000000,2.1919999999999997,0.276,0.276,943235.0,DDD,000,63.8,,J075942.95-034047.8,6.5, 0.072, 5.171, 0.060,5.865,0.015,3.635, 0.025,15.1,   18.1,74.3,42.7,0.24600000000000002, 0.213,0.0,0.0,dddd,AAAA,,0.804,1.416,2.865,2.23,119.93373161579888,-3.679597613872835,10.36449174696182,10.391441746961817,0.114399366,-53.77232723194643,-2.687431411402875,False,4.5737282155103705,0.000766,5.1861773,0.0009130000000000001,3.8117592000000005,0.003044243,96.23303718,,119.9337316158,-3.6795976138699995,10.3645,10.3645,0.1144,-53.772,-2.687,False,4.560082,0.00286,5.186177,0.002936,3.8117589999999995,0.0048530000000000005,103.3144,,,10.3645,0.1144,Gaia DR3,96.3442459,95.3771057,97.4475021,96.3514786,95.53619379999999,97.64727020000001,1.817591,0.178783,0.0247,0.0,LDD_VW3,GOOD,,,True,,224.23790173762995,13.3858557,HD65695,96.23303718104117,1.0594293563724473,Gaia EDR3 corrected parallax,6.136605612151044,0.013999999999999999,4.934373007183373,0.009000000000000001,edenhofer_zgr23,loaded_from_csv,0.017089348183176853,0.017089348183176853,,0.047850174912895185,0.06162470567952444,6.074980906471519,0.045610684443431325,4.888762322739941,0.04894196332403344,5.047758036675967,0.06501493650089973,6.419985063499101,0.04837900912238921,5.020620990877611,0.04837900912238921,5.137797990877611,0.026443583688427974,3.7853154163115716,0.03480487086918484,4.525277129130815,0.011657452114910444,2.98434254788509,0.006977196551036685,2.329022803448963,0.004606307421659452,2.18739369257834,0.0023402650388970147,6.497659734961103,0.0016761650628645563,5.169323834937136,2.812920732626835,1.9806707274112532,0.09111085346091764,0.23360478832293902,0.01191384420446989,0.7644482390544414,0.055040273211919774,2.9137948982593675,0.22727600206423065,,,0.23360478832293902,0.01191384420446989,,
HD82434A,106,True,Both,False,psiVelA,5.426587107145955e+18,psivela,HD82434a,,psiVelA,TYC 7696-2620-1,2MASS J09304200-4028004,J093041.81-402759.7,5.426587107145955e+18,5.426587107145955e+18,HD82434,2MASS J09304200-4028004,F3VFe-0.7,C,F3V,6837.0,100.0,3.77,0.2,,0.03,0.1,,,201.0,,,,,,,,,3.6577,0.0004,4.006,0.002,3.6239999999999997,0.002,53.89,-147.14,48.65,0.7,,2.822,0.29600000000000004,0.29600000000000004,1000000,2.7,0.23399999999999999,0.23399999999999999,1000000,2.673,0.268,0.268,671769.0,DDD,000,44.4,,J093041.81-402759.7,1.5530000000000002,      , 1.190,      ,2.682,0.02,2.613, 0.023,1.1,    1.2,53.5,47.6,0.22699999999999998, 0.233,0.051,0.0,HHH0,UUAA,,0.149,0.382,-1.06,0.069,142.6736972497101,-40.466465971955536,,,,,,False,3.7954113307900847,0.003686,3.6906911681986343,0.008135,3.1532131494355053,0.006012,,,142.67369724971002,-40.46646597196, , , , , ,False,3.7843050000000003,0.003686,3.7071330000000002,0.008135,3.187291,0.006012, , , , , ,,,,,,,,,,,,LDD_BV,GOOD,,,True,,266.7755476,7.909364233,HD82434A,18.5563184264242,0.24103586747999511,Hipparcos parallax,3.9375733456048754,0.002,3.580850519427615,0.002,assumed_zero,assumed_zero_d_lt_69pc,,0.0,0.0,0.0,0.0,3.9375733456048754,0.0,3.580850519427615,0.0,3.6577,0.0,4.006,0.0,3.6239999999999997,0.0,3.7071330000000002,0.0,3.187291,0.0,3.7843050000000003,0.0,2.822,0.0,2.7,0.0,2.673,0.0,1.5530000000000002,0.0,1.19,0.957273728160013,1.1717577943949822,0.053900858542169174,1.1962347427268314,0.061007971879068396,1.1775165351924448,0.08478119053385604,0.9902923546092834,0.07724280365952411,1.135942663285694,0.05111741984785623,0.9902923546092834,0.07724280365952411,6863.136231948544,79.0
HD79810,106,False,Bright,False,HD79810,5.427012343272769e+18,,,,,TYC 7690-827-1,2MASS J09144372-4327532,J091443.69-432752.9,5.427012343272769e+18,5.427012343272769e+18,HD79810,2MASS J09144372-4327532,K0III,C,K0III,,,,,,,,,,,,,,,,,,,6.972,0.0008,8.271,0.015,6.9270000000000005,0.01,7.24,-36.15,39.83,0.61,,5.109,0.26,0.26,274682,4.417,0.218,0.218,238292,4.239,0.021,0.026000000000000002,153398.0,DDE,000,17.4,,J091443.69-432752.9,4.167, 0.358, 4.003, 0.180,4.2,0.015,4.145, 0.024,3.0,    6.0,74.7,44.5,0.213, 0.209,0.0,0.0,hh00,CBAA,,0.87,1.344,0.022000000000000002,0.055,138.68188765806514,-43.464639147251255,6.83068230317234,6.84077930317234,0.018078463,-37.186232006745186,39.534763830696676,False,6.513572109219923,0.000146,7.054814,0.00044500000000000003,5.7963385999999995,0.000547,146.1821754,,138.68188765807,-43.464639147250004,6.8307,6.84077930317234,0.0181,-37.186,39.535,False,6.506522,0.002759,7.054814,0.002825,5.796339,0.003819,149.5292,,,6.8307,0.0181,Gaia DR3,146.1017,145.704041,146.397293,146.17785600000002,145.827698,146.560715,0.674994,0.059076,0.128,,LDD_BV,GOOD,,,True,,266.7942899,3.6915664510000004,HD79810,146.18217540452744,0.3863228050764205,Gaia EDR3 corrected parallax,7.945725402328904,0.015,6.79950284218674,0.01,edenhofer_zgr23,loaded_from_csv,0.009579166940789587,0.009579166940789587,,0.02682166743421084,0.034542765297643524,7.911182637031261,0.025566356064850373,6.77393648612189,0.027433652358516393,6.944566347641484,0.03644310618002626,8.234556893819974,0.027118097182288105,6.899881902817713,0.027118097182288105,7.027695902817713,0.014822537404530954,5.7815164625954685,0.019509326209220443,6.48701267379078,0.006534402524662526,5.102465597475337,0.003910958441754752,4.413089041558245,0.0025819936079312373,4.236418006392069,0.0013117989786969482,4.165688201021303,0.0009395481199982111,4.002060451880002,2.589967230097013,0.7260355017991903,0.03339763308276275,0.6905466079451557,0.03521787700520294,0.6926782899174108,0.04987283687405357,0.9895865751230091,0.0771877528595947,,,0.9895865751230091,0.0771877528595947,,
HD84900,106,False,Bright,False,HD84900,5.438948985099204e+18,,,,,TYC 7172-1623-1,2MASS J09473650-3314370,J094736.58-331437.7,5.438948985099204e+18,5.438948985099204e+18,HD84900,2MASS J09473650-3314370,K0III,C,K0III,,,,,,,,,,,,,,,,,,,6.7972,0.0006,7.897,0.013999999999999999,6.7410000000000005,0.009000000000000001,5.24,49.9,-50.29,0.66,,5.103,0.278,0.278,276204,4.544,0.258,0.258,211987,4.499,0.27,0.27,120731.0,DDD,00d,24.1,,J094736.58-331437.7,4.252, 0.320, 4.027, 0.188,4.298,0.013999999999999999,4.229, 0.026,3.4,    5.8,76.0,41.6,0.212, 0.214,0.0,0.0,0000,BBAA,,0.604,1.156,0.023,0.069,146.90239954191222,-33.24390398300088,4.057056027953334,4.0742780279533335,0.017971074,50.62134096244577,-50.30768692363054,False,6.3827901447480935,9.27e-05,6.864489,0.000389,5.7203417000000005,0.00046699999999999997,245.44225830000002,,146.90239954191003,-33.243903983,4.0571,4.074278027953334,0.0180,50.621,-50.308,False,6.375015,0.002757,6.864489,0.002817,5.720342,0.0038079999999999998, ,,,4.0571,0.0180,Gaia DR3,245.610931,244.460342,246.579193,245.72560099999998,244.75946000000002,246.682617,0.614205,0.057277,0.0123,0.0,LDD_BV,GOOD,,,True,,264.3293023,15.51486453,HD84900,245.44225826982614,1.0826116813412223,Gaia EDR3 corrected parallax,7.6309813124216,0.013999999999999999,6.630423803415552,0.009000000000000001,edenhofer_zgr23,loaded_from_csv,0.012513559067796472,0.012513559067796472,,0.03503796538983012,0.04512427193188293,7.585857040489717,0.03339811371315876,6.597025689702393,0.035837420034084105,6.761362579965916,0.04760674541080162,7.849393254589199,0.03542520064577098,6.705574799354229,0.03542520064577098,6.829063799354229,0.01936313444506395,5.700978865554935,0.025485630159804557,6.349529369840195,0.008536090087013656,5.094463909912986,0.005109004757418011,4.538890995242582,0.0033729373050113308,4.495627062694989,0.0017136431702740819,4.250286356829726,0.0012273604760525904,4.0257726395239475,2.340277478546973,0.6768101551954413,0.031133267138990298,0.6440642692974445,0.03284727773416967,0.6526144594107922,0.04698824107757704,0.6406005651643635,0.04996684408282035,,,0.6406005651643635,0.04996684408282035,,
