LDD_FIT,bootstrap,finite,star
1.0129976261502067,0,True,"('ksi_Gem', 'faint', 106)"
0.9815498416170375,1,True,"('ksi_Gem', 'faint', 106)"
1.004132846207171,2,True,"('ksi_Gem', 'faint', 106)"
1.0006896508446892,3,True,"('ksi_Gem', 'faint', 106)"
1.004834786807732,4,True,"('ksi_Gem', 'faint', 106)"
0.9614340806428571,5,True,"('ksi_Gem', 'faint', 106)"
1.0132519195640588,6,True,"('ksi_Gem', 'faint', 106)"
0.9887444140365652,7,True,"('ksi_Gem', 'faint', 106)"
0.9653456374950851,8,True,"('ksi_Gem', 'faint', 106)"
0.986116216292067,9,True,"('ksi_Gem', 'faint', 106)"
0.979650762392911,10,True,"('ksi_Gem', 'faint', 106)"
0.9896304710640942,11,True,"('ksi_Gem', 'faint', 106)"
0.9676706788812002,12,True,"('ksi_Gem', 'faint', 106)"
0.9914485036273141,13,True,"('ksi_Gem', 'faint', 106)"
0.9677561287009001,14,True,"('ksi_Gem', 'faint', 106)"
0.9859854404902751,15,True,"('ksi_Gem', 'faint', 106)"
0.9509157288942333,16,True,"('ksi_Gem', 'faint', 106)"
0.9716891020973004,17,True,"('ksi_Gem', 'faint', 106)"
0.9646237651744891,18,True,"('ksi_Gem', 'faint', 106)"
0.953916119761182,19,True,"('ksi_Gem', 'faint', 106)"
0.9538580355047297,20,True,"('ksi_Gem', 'faint', 106)"
0.9719698434492003,21,True,"('ksi_Gem', 'faint', 106)"
0.9935121941558225,22,True,"('ksi_Gem', 'faint', 106)"
0.9706533097444743,23,True,"('ksi_Gem', 'faint', 106)"
1.0001362784066625,24,True,"('ksi_Gem', 'faint', 106)"
0.9743902304764582,25,True,"('ksi_Gem', 'faint', 106)"
0.9820186722349653,26,True,"('ksi_Gem', 'faint', 106)"
0.9743462889779475,27,True,"('ksi_Gem', 'faint', 106)"
0.9792653097236013,28,True,"('ksi_Gem', 'faint', 106)"
0.9665404954863576,29,True,"('ksi_Gem', 'faint', 106)"
0.9972487298375433,30,True,"('ksi_Gem', 'faint', 106)"
1.0193508346823168,31,True,"('ksi_Gem', 'faint', 106)"
0.9866264619285232,32,True,"('ksi_Gem', 'faint', 106)"
0.9917497555249921,33,True,"('ksi_Gem', 'faint', 106)"
1.0180725258759569,34,True,"('ksi_Gem', 'faint', 106)"
0.981193682213278,35,True,"('ksi_Gem', 'faint', 106)"
1.005703854800577,36,True,"('ksi_Gem', 'faint', 106)"
0.994153255048051,37,True,"('ksi_Gem', 'faint', 106)"
0.9899743068242971,38,True,"('ksi_Gem', 'faint', 106)"
1.0040387399364388,39,True,"('ksi_Gem', 'faint', 106)"
0.978157636241498,40,True,"('ksi_Gem', 'faint', 106)"
0.978406136782962,41,True,"('ksi_Gem', 'faint', 106)"
0.9967959202177527,42,True,"('ksi_Gem', 'faint', 106)"
0.9960525337173018,43,True,"('ksi_Gem', 'faint', 106)"
1.0003270925541665,44,True,"('ksi_Gem', 'faint', 106)"
0.9659304830975621,45,True,"('ksi_Gem', 'faint', 106)"
0.9885065914563838,46,True,"('ksi_Gem', 'faint', 106)"
0.9826291436564899,47,True,"('ksi_Gem', 'faint', 106)"
0.9831608491115764,48,True,"('ksi_Gem', 'faint', 106)"
0.9872311986503917,49,True,"('ksi_Gem', 'faint', 106)"
0.9851035034512009,50,True,"('ksi_Gem', 'faint', 106)"
0.9688048563567416,51,True,"('ksi_Gem', 'faint', 106)"
0.9783703988051714,52,True,"('ksi_Gem', 'faint', 106)"
0.9326855883755274,53,True,"('ksi_Gem', 'faint', 106)"
1.0334386037480658,54,True,"('ksi_Gem', 'faint', 106)"
0.9783923594201254,55,True,"('ksi_Gem', 'faint', 106)"
0.9974095382988757,56,True,"('ksi_Gem', 'faint', 106)"
0.9703139084925418,57,True,"('ksi_Gem', 'faint', 106)"
1.020154945294522,58,True,"('ksi_Gem', 'faint', 106)"
0.9928050912323229,59,True,"('ksi_Gem', 'faint', 106)"
0.99393992388665,60,True,"('ksi_Gem', 'faint', 106)"
1.009882619603679,61,True,"('ksi_Gem', 'faint', 106)"
0.9820836276087906,62,True,"('ksi_Gem', 'faint', 106)"
0.9902727447883178,63,True,"('ksi_Gem', 'faint', 106)"
0.9787605140714098,64,True,"('ksi_Gem', 'faint', 106)"
0.9696369202958983,65,True,"('ksi_Gem', 'faint', 106)"
0.9953199700360047,66,True,"('ksi_Gem', 'faint', 106)"
0.9931594318424255,67,True,"('ksi_Gem', 'faint', 106)"
0.955038153194012,68,True,"('ksi_Gem', 'faint', 106)"
1.004499161846527,69,True,"('ksi_Gem', 'faint', 106)"
0.9747294659412284,70,True,"('ksi_Gem', 'faint', 106)"
0.9844494567796461,71,True,"('ksi_Gem', 'faint', 106)"
1.001345268262247,72,True,"('ksi_Gem', 'faint', 106)"
0.9699095268316189,73,True,"('ksi_Gem', 'faint', 106)"
0.9949975699495285,74,True,"('ksi_Gem', 'faint', 106)"
0.9797084125506328,75,True,"('ksi_Gem', 'faint', 106)"
0.9786208045570671,76,True,"('ksi_Gem', 'faint', 106)"
0.9751715287210593,77,True,"('ksi_Gem', 'faint', 106)"
0.9807372854205806,78,True,"('ksi_Gem', 'faint', 106)"
0.9560627444018317,79,True,"('ksi_Gem', 'faint', 106)"
0.9690077538782895,80,True,"('ksi_Gem', 'faint', 106)"
0.9424302924369566,81,True,"('ksi_Gem', 'faint', 106)"
0.9789585705039306,82,True,"('ksi_Gem', 'faint', 106)"
0.9584254604179134,83,True,"('ksi_Gem', 'faint', 106)"
1.0139865753300599,84,True,"('ksi_Gem', 'faint', 106)"
0.9852106140143887,85,True,"('ksi_Gem', 'faint', 106)"
0.99583221085399,86,True,"('ksi_Gem', 'faint', 106)"
1.0027405414436668,87,True,"('ksi_Gem', 'faint', 106)"
0.9880531696511833,88,True,"('ksi_Gem', 'faint', 106)"
0.9755530968284064,89,True,"('ksi_Gem', 'faint', 106)"
0.9645766833507841,90,True,"('ksi_Gem', 'faint', 106)"
0.9608022934545504,91,True,"('ksi_Gem', 'faint', 106)"
0.988426817783976,92,True,"('ksi_Gem', 'faint', 106)"
0.9997080440950684,93,True,"('ksi_Gem', 'faint', 106)"
0.9854946751459736,94,True,"('ksi_Gem', 'faint', 106)"
0.9829213894375719,95,True,"('ksi_Gem', 'faint', 106)"
0.9955015566122745,96,True,"('ksi_Gem', 'faint', 106)"
0.984642388183412,97,True,"('ksi_Gem', 'faint', 106)"
0.9655701681727639,98,True,"('ksi_Gem', 'faint', 106)"
0.9934997791799806,99,True,"('ksi_Gem', 'faint', 106)"
0.9881387573370994,100,True,"('ksi_Gem', 'faint', 106)"
0.9849705566075133,101,True,"('ksi_Gem', 'faint', 106)"
0.9928415043280321,102,True,"('ksi_Gem', 'faint', 106)"
0.9614667376283689,103,True,"('ksi_Gem', 'faint', 106)"
0.9807434747568321,104,True,"('ksi_Gem', 'faint', 106)"
0.9810418219292462,105,True,"('ksi_Gem', 'faint', 106)"
0.9850869863969549,106,True,"('ksi_Gem', 'faint', 106)"
0.9405285093717607,107,True,"('ksi_Gem', 'faint', 106)"
0.985442066038536,108,True,"('ksi_Gem', 'faint', 106)"
0.9845898033750352,109,True,"('ksi_Gem', 'faint', 106)"
0.9787298807174787,110,True,"('ksi_Gem', 'faint', 106)"
0.9850669375889796,111,True,"('ksi_Gem', 'faint', 106)"
0.9876954077964535,112,True,"('ksi_Gem', 'faint', 106)"
1.0216179982486702,113,True,"('ksi_Gem', 'faint', 106)"
1.0108542444026352,114,True,"('ksi_Gem', 'faint', 106)"
1.0134891465679092,115,True,"('ksi_Gem', 'faint', 106)"
0.9539964158623562,116,True,"('ksi_Gem', 'faint', 106)"
0.9652040639703064,117,True,"('ksi_Gem', 'faint', 106)"
1.0098346611811027,118,True,"('ksi_Gem', 'faint', 106)"
0.9848300301381606,119,True,"('ksi_Gem', 'faint', 106)"
0.99398930542862,120,True,"('ksi_Gem', 'faint', 106)"
0.9552787953375571,121,True,"('ksi_Gem', 'faint', 106)"
0.9951751912654054,122,True,"('ksi_Gem', 'faint', 106)"
0.9735208444585824,123,True,"('ksi_Gem', 'faint', 106)"
1.0001738935239644,124,True,"('ksi_Gem', 'faint', 106)"
1.008849314553532,125,True,"('ksi_Gem', 'faint', 106)"
0.9925418557997315,126,True,"('ksi_Gem', 'faint', 106)"
0.9986647134122132,127,True,"('ksi_Gem', 'faint', 106)"
0.9458505177236585,128,True,"('ksi_Gem', 'faint', 106)"
1.0045544403693585,129,True,"('ksi_Gem', 'faint', 106)"
0.970630436373383,130,True,"('ksi_Gem', 'faint', 106)"
1.009613148562816,131,True,"('ksi_Gem', 'faint', 106)"
0.9863762206115916,132,True,"('ksi_Gem', 'faint', 106)"
0.9664224587394782,133,True,"('ksi_Gem', 'faint', 106)"
1.0068976182805411,134,True,"('ksi_Gem', 'faint', 106)"
0.9908371088843417,135,True,"('ksi_Gem', 'faint', 106)"
1.005398808783875,136,True,"('ksi_Gem', 'faint', 106)"
0.9660090508796382,137,True,"('ksi_Gem', 'faint', 106)"
0.9578471083936559,138,True,"('ksi_Gem', 'faint', 106)"
1.0100298468650342,139,True,"('ksi_Gem', 'faint', 106)"
0.9760592263414165,140,True,"('ksi_Gem', 'faint', 106)"
0.9758443586956962,141,True,"('ksi_Gem', 'faint', 106)"
0.9718746451675275,142,True,"('ksi_Gem', 'faint', 106)"
0.9862760625438836,143,True,"('ksi_Gem', 'faint', 106)"
1.0048115323351985,144,True,"('ksi_Gem', 'faint', 106)"
0.9725133486308263,145,True,"('ksi_Gem', 'faint', 106)"
0.9857963200713786,146,True,"('ksi_Gem', 'faint', 106)"
0.9804065937845434,147,True,"('ksi_Gem', 'faint', 106)"
0.9610124750827765,148,True,"('ksi_Gem', 'faint', 106)"
0.9969521860475572,149,True,"('ksi_Gem', 'faint', 106)"
0.9737786980787663,150,True,"('ksi_Gem', 'faint', 106)"
0.984984247084802,151,True,"('ksi_Gem', 'faint', 106)"
1.021202930074593,152,True,"('ksi_Gem', 'faint', 106)"
1.0123009521701887,153,True,"('ksi_Gem', 'faint', 106)"
1.0089302811027723,154,True,"('ksi_Gem', 'faint', 106)"
0.979672675925128,155,True,"('ksi_Gem', 'faint', 106)"
1.0155480042499323,156,True,"('ksi_Gem', 'faint', 106)"
0.992268591469567,157,True,"('ksi_Gem', 'faint', 106)"
0.9470895426411607,158,True,"('ksi_Gem', 'faint', 106)"
0.9936970419609287,159,True,"('ksi_Gem', 'faint', 106)"
0.9748801973391374,160,True,"('ksi_Gem', 'faint', 106)"
0.9930409495251172,161,True,"('ksi_Gem', 'faint', 106)"
0.9694055006423572,162,True,"('ksi_Gem', 'faint', 106)"
0.9698903390943235,163,True,"('ksi_Gem', 'faint', 106)"
0.9892792696107517,164,True,"('ksi_Gem', 'faint', 106)"
0.9794163910844356,165,True,"('ksi_Gem', 'faint', 106)"
0.9603602333927141,166,True,"('ksi_Gem', 'faint', 106)"
0.9722041992121072,167,True,"('ksi_Gem', 'faint', 106)"
0.9974567261978143,168,True,"('ksi_Gem', 'faint', 106)"
0.9752049674138945,169,True,"('ksi_Gem', 'faint', 106)"
0.9842049998647588,170,True,"('ksi_Gem', 'faint', 106)"
0.9791383353283929,171,True,"('ksi_Gem', 'faint', 106)"
0.9913815386934778,172,True,"('ksi_Gem', 'faint', 106)"
0.9584142325677972,173,True,"('ksi_Gem', 'faint', 106)"
0.996860705725992,174,True,"('ksi_Gem', 'faint', 106)"
0.9831202845644298,175,True,"('ksi_Gem', 'faint', 106)"
1.000431609974152,176,True,"('ksi_Gem', 'faint', 106)"
0.9742631708032625,177,True,"('ksi_Gem', 'faint', 106)"
0.962099012172765,178,True,"('ksi_Gem', 'faint', 106)"
0.9618379521929324,179,True,"('ksi_Gem', 'faint', 106)"
0.9841898453787857,180,True,"('ksi_Gem', 'faint', 106)"
0.9938970576246294,181,True,"('ksi_Gem', 'faint', 106)"
0.9956461509959067,182,True,"('ksi_Gem', 'faint', 106)"
0.9772696632137967,183,True,"('ksi_Gem', 'faint', 106)"
1.0173899541944544,184,True,"('ksi_Gem', 'faint', 106)"
0.9661185056229766,185,True,"('ksi_Gem', 'faint', 106)"
0.9814359965686643,186,True,"('ksi_Gem', 'faint', 106)"
0.9921294736964192,187,True,"('ksi_Gem', 'faint', 106)"
0.9713373245758455,188,True,"('ksi_Gem', 'faint', 106)"
1.0107919486951382,189,True,"('ksi_Gem', 'faint', 106)"
0.9554024881268208,190,True,"('ksi_Gem', 'faint', 106)"
0.9867182743539679,191,True,"('ksi_Gem', 'faint', 106)"
0.948250734402342,192,True,"('ksi_Gem', 'faint', 106)"
0.9903221548323988,193,True,"('ksi_Gem', 'faint', 106)"
1.0119258173254648,194,True,"('ksi_Gem', 'faint', 106)"
0.9957529802464251,195,True,"('ksi_Gem', 'faint', 106)"
1.0007425058681803,196,True,"('ksi_Gem', 'faint', 106)"
1.0179889891570746,197,True,"('ksi_Gem', 'faint', 106)"
0.9693322219195699,198,True,"('ksi_Gem', 'faint', 106)"
0.9310964100558786,199,True,"('ksi_Gem', 'faint', 106)"
0.955926607614948,200,True,"('ksi_Gem', 'faint', 106)"
1.003255799091837,201,True,"('ksi_Gem', 'faint', 106)"
0.9809438363203077,202,True,"('ksi_Gem', 'faint', 106)"
1.0027730819729148,203,True,"('ksi_Gem', 'faint', 106)"
0.9734787694541854,204,True,"('ksi_Gem', 'faint', 106)"
0.9897797454962168,205,True,"('ksi_Gem', 'faint', 106)"
0.9782152878359257,206,True,"('ksi_Gem', 'faint', 106)"
0.9773345265403457,207,True,"('ksi_Gem', 'faint', 106)"
1.0142134707868056,208,True,"('ksi_Gem', 'faint', 106)"
0.9940346696406576,209,True,"('ksi_Gem', 'faint', 106)"
0.9810131800532798,210,True,"('ksi_Gem', 'faint', 106)"
0.9737147510308874,211,True,"('ksi_Gem', 'faint', 106)"
1.0218636970230144,212,True,"('ksi_Gem', 'faint', 106)"
0.9904765797392662,213,True,"('ksi_Gem', 'faint', 106)"
0.9839737187363741,214,True,"('ksi_Gem', 'faint', 106)"
0.98700647752627,215,True,"('ksi_Gem', 'faint', 106)"
0.9764308198362809,216,True,"('ksi_Gem', 'faint', 106)"
1.000028235814118,217,True,"('ksi_Gem', 'faint', 106)"
0.9723982110169592,218,True,"('ksi_Gem', 'faint', 106)"
0.9845256836718309,219,True,"('ksi_Gem', 'faint', 106)"
0.9819076972900247,220,True,"('ksi_Gem', 'faint', 106)"
0.9841836676214375,221,True,"('ksi_Gem', 'faint', 106)"
1.0102261123434626,222,True,"('ksi_Gem', 'faint', 106)"
0.960244824942919,223,True,"('ksi_Gem', 'faint', 106)"
1.0029170463712678,224,True,"('ksi_Gem', 'faint', 106)"
0.9740315027518404,225,True,"('ksi_Gem', 'faint', 106)"
1.0068068433553206,226,True,"('ksi_Gem', 'faint', 106)"
1.007514953156405,227,True,"('ksi_Gem', 'faint', 106)"
0.9473870588322463,228,True,"('ksi_Gem', 'faint', 106)"
1.000867773648803,229,True,"('ksi_Gem', 'faint', 106)"
0.9701281821488267,230,True,"('ksi_Gem', 'faint', 106)"
1.0068904772142182,231,True,"('ksi_Gem', 'faint', 106)"
0.9852644275554526,232,True,"('ksi_Gem', 'faint', 106)"
0.9850593595829367,233,True,"('ksi_Gem', 'faint', 106)"
0.987122892634019,234,True,"('ksi_Gem', 'faint', 106)"
1.0024627227832226,235,True,"('ksi_Gem', 'faint', 106)"
1.0162042570353431,236,True,"('ksi_Gem', 'faint', 106)"
0.9930846603453121,237,True,"('ksi_Gem', 'faint', 106)"
1.023229114359836,238,True,"('ksi_Gem', 'faint', 106)"
0.9725164933976528,239,True,"('ksi_Gem', 'faint', 106)"
0.9995010674021076,240,True,"('ksi_Gem', 'faint', 106)"
0.9456817754043325,241,True,"('ksi_Gem', 'faint', 106)"
1.007123503052069,242,True,"('ksi_Gem', 'faint', 106)"
0.9960127928532153,243,True,"('ksi_Gem', 'faint', 106)"
0.9818335836300766,244,True,"('ksi_Gem', 'faint', 106)"
1.0088713788723567,245,True,"('ksi_Gem', 'faint', 106)"
0.9960651774086039,246,True,"('ksi_Gem', 'faint', 106)"
1.0023815019605595,247,True,"('ksi_Gem', 'faint', 106)"
1.0052685731168796,248,True,"('ksi_Gem', 'faint', 106)"
0.9766828949096011,249,True,"('ksi_Gem', 'faint', 106)"
0.9885949396063952,250,True,"('ksi_Gem', 'faint', 106)"
0.9786430592385101,251,True,"('ksi_Gem', 'faint', 106)"
0.9842206252040638,252,True,"('ksi_Gem', 'faint', 106)"
0.973465660496633,253,True,"('ksi_Gem', 'faint', 106)"
0.9988077108554827,254,True,"('ksi_Gem', 'faint', 106)"
0.9982427605088806,255,True,"('ksi_Gem', 'faint', 106)"
0.9820921803468127,256,True,"('ksi_Gem', 'faint', 106)"
1.0146306350292988,257,True,"('ksi_Gem', 'faint', 106)"
0.9823176747547557,258,True,"('ksi_Gem', 'faint', 106)"
0.9932225901205062,259,True,"('ksi_Gem', 'faint', 106)"
0.9803494607920468,260,True,"('ksi_Gem', 'faint', 106)"
0.9940136750015107,261,True,"('ksi_Gem', 'faint', 106)"
0.9811984107092333,262,True,"('ksi_Gem', 'faint', 106)"
0.9942425650427166,263,True,"('ksi_Gem', 'faint', 106)"
0.9903978442424612,264,True,"('ksi_Gem', 'faint', 106)"
0.9996801251670427,265,True,"('ksi_Gem', 'faint', 106)"
0.9752000064984351,266,True,"('ksi_Gem', 'faint', 106)"
0.9724856437759329,267,True,"('ksi_Gem', 'faint', 106)"
0.9968595117898913,268,True,"('ksi_Gem', 'faint', 106)"
0.9812033869752164,269,True,"('ksi_Gem', 'faint', 106)"
1.0027346360004399,270,True,"('ksi_Gem', 'faint', 106)"
0.9895293415439478,271,True,"('ksi_Gem', 'faint', 106)"
0.9872067717525931,272,True,"('ksi_Gem', 'faint', 106)"
0.9878248877210235,273,True,"('ksi_Gem', 'faint', 106)"
0.9891391001578009,274,True,"('ksi_Gem', 'faint', 106)"
0.9939636392222073,275,True,"('ksi_Gem', 'faint', 106)"
0.9696748809138853,276,True,"('ksi_Gem', 'faint', 106)"
0.9508911946660535,277,True,"('ksi_Gem', 'faint', 106)"
0.963385521923087,278,True,"('ksi_Gem', 'faint', 106)"
1.0078184015006886,279,True,"('ksi_Gem', 'faint', 106)"
0.9718160822653555,280,True,"('ksi_Gem', 'faint', 106)"
0.9937154876810048,281,True,"('ksi_Gem', 'faint', 106)"
0.9910902095644272,282,True,"('ksi_Gem', 'faint', 106)"
0.9961547024130709,283,True,"('ksi_Gem', 'faint', 106)"
1.0036436906367598,284,True,"('ksi_Gem', 'faint', 106)"
0.9782865880361652,285,True,"('ksi_Gem', 'faint', 106)"
0.9994027340352167,286,True,"('ksi_Gem', 'faint', 106)"
0.9751163881820766,287,True,"('ksi_Gem', 'faint', 106)"
0.9828308959824669,288,True,"('ksi_Gem', 'faint', 106)"
0.9806248417872806,289,True,"('ksi_Gem', 'faint', 106)"
0.9801050348925041,290,True,"('ksi_Gem', 'faint', 106)"
1.0100033579585361,291,True,"('ksi_Gem', 'faint', 106)"
0.9751046739267314,292,True,"('ksi_Gem', 'faint', 106)"
0.9898072222434433,293,True,"('ksi_Gem', 'faint', 106)"
0.9831948652471184,294,True,"('ksi_Gem', 'faint', 106)"
0.986208593558091,295,True,"('ksi_Gem', 'faint', 106)"
0.9889192103693027,296,True,"('ksi_Gem', 'faint', 106)"
1.0002146358216035,297,True,"('ksi_Gem', 'faint', 106)"
1.008304715316059,298,True,"('ksi_Gem', 'faint', 106)"
0.9887315453543915,299,True,"('ksi_Gem', 'faint', 106)"
0.9876938945974558,300,True,"('ksi_Gem', 'faint', 106)"
0.9883383695021646,301,True,"('ksi_Gem', 'faint', 106)"
0.9734308325107647,302,True,"('ksi_Gem', 'faint', 106)"
0.9736073880410228,303,True,"('ksi_Gem', 'faint', 106)"
0.9728157296705332,304,True,"('ksi_Gem', 'faint', 106)"
0.9714252220295642,305,True,"('ksi_Gem', 'faint', 106)"
0.9650349747729831,306,True,"('ksi_Gem', 'faint', 106)"
0.9752218165259792,307,True,"('ksi_Gem', 'faint', 106)"
0.9885937691397989,308,True,"('ksi_Gem', 'faint', 106)"
0.9839754320452041,309,True,"('ksi_Gem', 'faint', 106)"
0.9868271219994686,310,True,"('ksi_Gem', 'faint', 106)"
1.0100676787548246,311,True,"('ksi_Gem', 'faint', 106)"
0.9230119133505172,312,True,"('ksi_Gem', 'faint', 106)"
0.9874445088626683,313,True,"('ksi_Gem', 'faint', 106)"
1.0026002386626864,314,True,"('ksi_Gem', 'faint', 106)"
0.971659409783869,315,True,"('ksi_Gem', 'faint', 106)"
0.987333496218433,316,True,"('ksi_Gem', 'faint', 106)"
1.0055909151534483,317,True,"('ksi_Gem', 'faint', 106)"
0.9757914080755047,318,True,"('ksi_Gem', 'faint', 106)"
1.0005089772805105,319,True,"('ksi_Gem', 'faint', 106)"
0.9555840211744296,320,True,"('ksi_Gem', 'faint', 106)"
1.000546036940832,321,True,"('ksi_Gem', 'faint', 106)"
0.9708534887394245,322,True,"('ksi_Gem', 'faint', 106)"
0.9714240656138777,323,True,"('ksi_Gem', 'faint', 106)"
0.9861625635493632,324,True,"('ksi_Gem', 'faint', 106)"
0.9644421894974873,325,True,"('ksi_Gem', 'faint', 106)"
1.0047199704412153,326,True,"('ksi_Gem', 'faint', 106)"
0.9818019860640872,327,True,"('ksi_Gem', 'faint', 106)"
0.9659082986675993,328,True,"('ksi_Gem', 'faint', 106)"
0.9905531385617102,329,True,"('ksi_Gem', 'faint', 106)"
0.9723439145824208,330,True,"('ksi_Gem', 'faint', 106)"
0.9703771643176867,331,True,"('ksi_Gem', 'faint', 106)"
0.9854095627626561,332,True,"('ksi_Gem', 'faint', 106)"
0.9761278277787475,333,True,"('ksi_Gem', 'faint', 106)"
1.0178211020332668,334,True,"('ksi_Gem', 'faint', 106)"
0.9932672354178268,335,True,"('ksi_Gem', 'faint', 106)"
0.9813868665015729,336,True,"('ksi_Gem', 'faint', 106)"
0.9759187643026114,337,True,"('ksi_Gem', 'faint', 106)"
0.9972338542603613,338,True,"('ksi_Gem', 'faint', 106)"
1.024520149908444,339,True,"('ksi_Gem', 'faint', 106)"
0.9837398971091439,340,True,"('ksi_Gem', 'faint', 106)"
0.975657551626196,341,True,"('ksi_Gem', 'faint', 106)"
1.003506245625332,342,True,"('ksi_Gem', 'faint', 106)"
0.994081776024038,343,True,"('ksi_Gem', 'faint', 106)"
0.9760113311046399,344,True,"('ksi_Gem', 'faint', 106)"
0.9970490367690577,345,True,"('ksi_Gem', 'faint', 106)"
0.988919253819727,346,True,"('ksi_Gem', 'faint', 106)"
0.989486730941927,347,True,"('ksi_Gem', 'faint', 106)"
0.9831125019233208,348,True,"('ksi_Gem', 'faint', 106)"
0.9720770992591605,349,True,"('ksi_Gem', 'faint', 106)"
0.9778739515689768,350,True,"('ksi_Gem', 'faint', 106)"
0.9707610783393584,351,True,"('ksi_Gem', 'faint', 106)"
0.9588803873846885,352,True,"('ksi_Gem', 'faint', 106)"
1.0081598046501818,353,True,"('ksi_Gem', 'faint', 106)"
0.9925803037021051,354,True,"('ksi_Gem', 'faint', 106)"
0.9895224284818829,355,True,"('ksi_Gem', 'faint', 106)"
0.9696384082845849,356,True,"('ksi_Gem', 'faint', 106)"
1.0023473702790568,357,True,"('ksi_Gem', 'faint', 106)"
0.9564251283198761,358,True,"('ksi_Gem', 'faint', 106)"
0.9744874808608129,359,True,"('ksi_Gem', 'faint', 106)"
0.9872320606279856,360,True,"('ksi_Gem', 'faint', 106)"
0.987480823415168,361,True,"('ksi_Gem', 'faint', 106)"
0.9956121015229242,362,True,"('ksi_Gem', 'faint', 106)"
0.9581201708126286,363,True,"('ksi_Gem', 'faint', 106)"
0.9558729231982782,364,True,"('ksi_Gem', 'faint', 106)"
0.9387723724073352,365,True,"('ksi_Gem', 'faint', 106)"
0.9824771354067029,366,True,"('ksi_Gem', 'faint', 106)"
0.9729919052324247,367,True,"('ksi_Gem', 'faint', 106)"
0.9750199664332357,368,True,"('ksi_Gem', 'faint', 106)"
1.0026405327524996,369,True,"('ksi_Gem', 'faint', 106)"
0.9947891879550096,370,True,"('ksi_Gem', 'faint', 106)"
0.9712506551803725,371,True,"('ksi_Gem', 'faint', 106)"
1.0228065563898026,372,True,"('ksi_Gem', 'faint', 106)"
0.993185106238077,373,True,"('ksi_Gem', 'faint', 106)"
0.9993569249731928,374,True,"('ksi_Gem', 'faint', 106)"
0.9693326686352278,375,True,"('ksi_Gem', 'faint', 106)"
1.0035895603432723,376,True,"('ksi_Gem', 'faint', 106)"
0.9614474619972126,377,True,"('ksi_Gem', 'faint', 106)"
0.9730595937860516,378,True,"('ksi_Gem', 'faint', 106)"
1.0102701920925539,379,True,"('ksi_Gem', 'faint', 106)"
0.9804036239635281,380,True,"('ksi_Gem', 'faint', 106)"
1.002026554259047,381,True,"('ksi_Gem', 'faint', 106)"
0.99889530290024,382,True,"('ksi_Gem', 'faint', 106)"
0.9411924813415772,383,True,"('ksi_Gem', 'faint', 106)"
0.9771630430652737,384,True,"('ksi_Gem', 'faint', 106)"
1.0018930339923822,385,True,"('ksi_Gem', 'faint', 106)"
1.0132696148273361,386,True,"('ksi_Gem', 'faint', 106)"
0.9695814759150626,387,True,"('ksi_Gem', 'faint', 106)"
1.013737472506615,388,True,"('ksi_Gem', 'faint', 106)"
0.9969137111554233,389,True,"('ksi_Gem', 'faint', 106)"
0.9866777885469589,390,True,"('ksi_Gem', 'faint', 106)"
0.9833195382025754,391,True,"('ksi_Gem', 'faint', 106)"
0.9878646158097305,392,True,"('ksi_Gem', 'faint', 106)"
0.9635507080675316,393,True,"('ksi_Gem', 'faint', 106)"
0.999833800889771,394,True,"('ksi_Gem', 'faint', 106)"
0.9780110821052799,395,True,"('ksi_Gem', 'faint', 106)"
0.9680283992136676,396,True,"('ksi_Gem', 'faint', 106)"
0.98647904424374,397,True,"('ksi_Gem', 'faint', 106)"
0.9643472006307711,398,True,"('ksi_Gem', 'faint', 106)"
0.9865311365796239,399,True,"('ksi_Gem', 'faint', 106)"
0.9889608246807738,400,True,"('ksi_Gem', 'faint', 106)"
0.9534552725421268,401,True,"('ksi_Gem', 'faint', 106)"
0.9740407176538519,402,True,"('ksi_Gem', 'faint', 106)"
0.9799402798757576,403,True,"('ksi_Gem', 'faint', 106)"
1.0248300202153136,404,True,"('ksi_Gem', 'faint', 106)"
0.9811142231258098,405,True,"('ksi_Gem', 'faint', 106)"
1.0043490816643361,406,True,"('ksi_Gem', 'faint', 106)"
0.9587829361913307,407,True,"('ksi_Gem', 'faint', 106)"
1.0035638589235045,408,True,"('ksi_Gem', 'faint', 106)"
0.9633929705184472,409,True,"('ksi_Gem', 'faint', 106)"
0.9941514867585045,410,True,"('ksi_Gem', 'faint', 106)"
1.0075471185637015,411,True,"('ksi_Gem', 'faint', 106)"
0.9913966098023101,412,True,"('ksi_Gem', 'faint', 106)"
0.9958484093456939,413,True,"('ksi_Gem', 'faint', 106)"
0.9686771232939453,414,True,"('ksi_Gem', 'faint', 106)"
0.9857915298277808,415,True,"('ksi_Gem', 'faint', 106)"
0.9860956987575251,416,True,"('ksi_Gem', 'faint', 106)"
0.9876512986598837,417,True,"('ksi_Gem', 'faint', 106)"
0.9936606618445961,418,True,"('ksi_Gem', 'faint', 106)"
0.9965553394442919,419,True,"('ksi_Gem', 'faint', 106)"
0.978401045401818,420,True,"('ksi_Gem', 'faint', 106)"
1.00827798899541,421,True,"('ksi_Gem', 'faint', 106)"
0.987737280251686,422,True,"('ksi_Gem', 'faint', 106)"
0.9427495223109059,423,True,"('ksi_Gem', 'faint', 106)"
0.9704560367811919,424,True,"('ksi_Gem', 'faint', 106)"
1.0312884264549849,425,True,"('ksi_Gem', 'faint', 106)"
1.0157435465857458,426,True,"('ksi_Gem', 'faint', 106)"
1.001065115406624,427,True,"('ksi_Gem', 'faint', 106)"
1.0143586201666224,428,True,"('ksi_Gem', 'faint', 106)"
0.9286601199373533,429,True,"('ksi_Gem', 'faint', 106)"
0.9895637733435398,430,True,"('ksi_Gem', 'faint', 106)"
0.9289731442110386,431,True,"('ksi_Gem', 'faint', 106)"
0.9803698149434931,432,True,"('ksi_Gem', 'faint', 106)"
0.9928918891393914,433,True,"('ksi_Gem', 'faint', 106)"
1.0133735598389129,434,True,"('ksi_Gem', 'faint', 106)"
0.9956619222115807,435,True,"('ksi_Gem', 'faint', 106)"
1.0045058388290362,436,True,"('ksi_Gem', 'faint', 106)"
0.9688722168832933,437,True,"('ksi_Gem', 'faint', 106)"
1.0111526277466694,438,True,"('ksi_Gem', 'faint', 106)"
0.982488196693658,439,True,"('ksi_Gem', 'faint', 106)"
0.9957987021417937,440,True,"('ksi_Gem', 'faint', 106)"
0.9871597205430633,441,True,"('ksi_Gem', 'faint', 106)"
0.980403492082255,442,True,"('ksi_Gem', 'faint', 106)"
0.9744119449744232,443,True,"('ksi_Gem', 'faint', 106)"
0.9570031064985077,444,True,"('ksi_Gem', 'faint', 106)"
0.9851125898132248,445,True,"('ksi_Gem', 'faint', 106)"
0.9962432626727407,446,True,"('ksi_Gem', 'faint', 106)"
0.9922393141353125,447,True,"('ksi_Gem', 'faint', 106)"
0.9655632661574184,448,True,"('ksi_Gem', 'faint', 106)"
0.9842895680247014,449,True,"('ksi_Gem', 'faint', 106)"
0.9877951879352065,450,True,"('ksi_Gem', 'faint', 106)"
0.9637087680279528,451,True,"('ksi_Gem', 'faint', 106)"
1.008120636546177,452,True,"('ksi_Gem', 'faint', 106)"
0.9779467339984624,453,True,"('ksi_Gem', 'faint', 106)"
0.9723883420523857,454,True,"('ksi_Gem', 'faint', 106)"
0.9783652446474165,455,True,"('ksi_Gem', 'faint', 106)"
0.9972397581563693,456,True,"('ksi_Gem', 'faint', 106)"
1.002367392457162,457,True,"('ksi_Gem', 'faint', 106)"
0.9892156200721965,458,True,"('ksi_Gem', 'faint', 106)"
1.0060970329440595,459,True,"('ksi_Gem', 'faint', 106)"
0.9858971670497921,460,True,"('ksi_Gem', 'faint', 106)"
0.9770206173514238,461,True,"('ksi_Gem', 'faint', 106)"
1.0008885361133535,462,True,"('ksi_Gem', 'faint', 106)"
0.95889640841983,463,True,"('ksi_Gem', 'faint', 106)"
0.974170040738481,464,True,"('ksi_Gem', 'faint', 106)"
0.9776761754525515,465,True,"('ksi_Gem', 'faint', 106)"
0.9931879666226867,466,True,"('ksi_Gem', 'faint', 106)"
0.9552028830763054,467,True,"('ksi_Gem', 'faint', 106)"
0.9823880788482775,468,True,"('ksi_Gem', 'faint', 106)"
1.0152794420351834,469,True,"('ksi_Gem', 'faint', 106)"
0.9822886792778796,470,True,"('ksi_Gem', 'faint', 106)"
0.9685201721232451,471,True,"('ksi_Gem', 'faint', 106)"
0.98069088781701,472,True,"('ksi_Gem', 'faint', 106)"
1.0012897182896576,473,True,"('ksi_Gem', 'faint', 106)"
0.9663810768302485,474,True,"('ksi_Gem', 'faint', 106)"
0.9945178125012549,475,True,"('ksi_Gem', 'faint', 106)"
0.9380217392509158,476,True,"('ksi_Gem', 'faint', 106)"
0.9644491808228588,477,True,"('ksi_Gem', 'faint', 106)"
0.9646297670076672,478,True,"('ksi_Gem', 'faint', 106)"
1.0041501097624723,479,True,"('ksi_Gem', 'faint', 106)"
0.9920975784534871,480,True,"('ksi_Gem', 'faint', 106)"
1.0047233657074197,481,True,"('ksi_Gem', 'faint', 106)"
0.9743890330822561,482,True,"('ksi_Gem', 'faint', 106)"
0.955441425388518,483,True,"('ksi_Gem', 'faint', 106)"
0.9925025528999732,484,True,"('ksi_Gem', 'faint', 106)"
0.9864790661664715,485,True,"('ksi_Gem', 'faint', 106)"
0.9664597677829281,486,True,"('ksi_Gem', 'faint', 106)"
1.0052814849677907,487,True,"('ksi_Gem', 'faint', 106)"
0.98593732190756,488,True,"('ksi_Gem', 'faint', 106)"
0.9882133511123558,489,True,"('ksi_Gem', 'faint', 106)"
0.9885099476755907,490,True,"('ksi_Gem', 'faint', 106)"
0.9929020629961097,491,True,"('ksi_Gem', 'faint', 106)"
1.0106253200981334,492,True,"('ksi_Gem', 'faint', 106)"
1.0104126277675978,493,True,"('ksi_Gem', 'faint', 106)"
0.9808849521313223,494,True,"('ksi_Gem', 'faint', 106)"
0.993309344598276,495,True,"('ksi_Gem', 'faint', 106)"
0.9780011311177,496,True,"('ksi_Gem', 'faint', 106)"
0.9653313814641064,497,True,"('ksi_Gem', 'faint', 106)"
0.9794717047713655,498,True,"('ksi_Gem', 'faint', 106)"
0.9897237932452199,499,True,"('ksi_Gem', 'faint', 106)"
1.0096718525690953,500,True,"('ksi_Gem', 'faint', 106)"
0.9366900850838246,501,True,"('ksi_Gem', 'faint', 106)"
0.9708497961753515,502,True,"('ksi_Gem', 'faint', 106)"
0.960842519703272,503,True,"('ksi_Gem', 'faint', 106)"
0.9833810309393239,504,True,"('ksi_Gem', 'faint', 106)"
0.9784151591446322,505,True,"('ksi_Gem', 'faint', 106)"
0.9771529622537624,506,True,"('ksi_Gem', 'faint', 106)"
0.9929376840375327,507,True,"('ksi_Gem', 'faint', 106)"
1.0098689515372938,508,True,"('ksi_Gem', 'faint', 106)"
0.9934249604635919,509,True,"('ksi_Gem', 'faint', 106)"
0.9936559463147286,510,True,"('ksi_Gem', 'faint', 106)"
0.9775754238968498,511,True,"('ksi_Gem', 'faint', 106)"
0.9915736681804339,512,True,"('ksi_Gem', 'faint', 106)"
0.9331307564902107,513,True,"('ksi_Gem', 'faint', 106)"
0.969032632975667,514,True,"('ksi_Gem', 'faint', 106)"
1.0051800912969568,515,True,"('ksi_Gem', 'faint', 106)"
0.9641152051986305,516,True,"('ksi_Gem', 'faint', 106)"
1.0139416371619328,517,True,"('ksi_Gem', 'faint', 106)"
1.00103790118609,518,True,"('ksi_Gem', 'faint', 106)"
0.9783313075216447,519,True,"('ksi_Gem', 'faint', 106)"
0.9869954092147593,520,True,"('ksi_Gem', 'faint', 106)"
0.9821409676226585,521,True,"('ksi_Gem', 'faint', 106)"
0.9688340670818384,522,True,"('ksi_Gem', 'faint', 106)"
0.9981565717706078,523,True,"('ksi_Gem', 'faint', 106)"
0.9648529237372888,524,True,"('ksi_Gem', 'faint', 106)"
0.9731092648101891,525,True,"('ksi_Gem', 'faint', 106)"
0.9592934430904304,526,True,"('ksi_Gem', 'faint', 106)"
1.0165385534058082,527,True,"('ksi_Gem', 'faint', 106)"
0.9586079610419859,528,True,"('ksi_Gem', 'faint', 106)"
0.9861577167348694,529,True,"('ksi_Gem', 'faint', 106)"
0.976993971113931,530,True,"('ksi_Gem', 'faint', 106)"
0.9716636610608927,531,True,"('ksi_Gem', 'faint', 106)"
0.9824770673211822,532,True,"('ksi_Gem', 'faint', 106)"
0.9904662368335231,533,True,"('ksi_Gem', 'faint', 106)"
0.9863627060594116,534,True,"('ksi_Gem', 'faint', 106)"
0.9687822056856487,535,True,"('ksi_Gem', 'faint', 106)"
0.9929705487733178,536,True,"('ksi_Gem', 'faint', 106)"
0.9865891115824044,537,True,"('ksi_Gem', 'faint', 106)"
0.9908219444324996,538,True,"('ksi_Gem', 'faint', 106)"
0.9892406994771303,539,True,"('ksi_Gem', 'faint', 106)"
0.9747321834773417,540,True,"('ksi_Gem', 'faint', 106)"
0.9656176311917414,541,True,"('ksi_Gem', 'faint', 106)"
0.9931089755267057,542,True,"('ksi_Gem', 'faint', 106)"
0.9777513761645781,543,True,"('ksi_Gem', 'faint', 106)"
0.944395673021066,544,True,"('ksi_Gem', 'faint', 106)"
0.9979704425888151,545,True,"('ksi_Gem', 'faint', 106)"
0.9743630396724511,546,True,"('ksi_Gem', 'faint', 106)"
1.007841513652101,547,True,"('ksi_Gem', 'faint', 106)"
0.9871156435598226,548,True,"('ksi_Gem', 'faint', 106)"
1.0264816944552793,549,True,"('ksi_Gem', 'faint', 106)"
1.00768069680831,550,True,"('ksi_Gem', 'faint', 106)"
0.9873020804277609,551,True,"('ksi_Gem', 'faint', 106)"
0.9867414994874328,552,True,"('ksi_Gem', 'faint', 106)"
1.013449514819962,553,True,"('ksi_Gem', 'faint', 106)"
0.9847600716499656,554,True,"('ksi_Gem', 'faint', 106)"
1.0052729575848256,555,True,"('ksi_Gem', 'faint', 106)"
0.9762056974772547,556,True,"('ksi_Gem', 'faint', 106)"
0.979645050599174,557,True,"('ksi_Gem', 'faint', 106)"
0.9820256925608252,558,True,"('ksi_Gem', 'faint', 106)"
0.9622489812103495,559,True,"('ksi_Gem', 'faint', 106)"
0.9981090878829854,560,True,"('ksi_Gem', 'faint', 106)"
0.9690364935972584,561,True,"('ksi_Gem', 'faint', 106)"
0.9925503389567536,562,True,"('ksi_Gem', 'faint', 106)"
0.9913211390911223,563,True,"('ksi_Gem', 'faint', 106)"
0.9868879513388025,564,True,"('ksi_Gem', 'faint', 106)"
0.9946530898003421,565,True,"('ksi_Gem', 'faint', 106)"
0.9585942719105421,566,True,"('ksi_Gem', 'faint', 106)"
1.011805124865014,567,True,"('ksi_Gem', 'faint', 106)"
1.0022580866471942,568,True,"('ksi_Gem', 'faint', 106)"
0.9571969772341979,569,True,"('ksi_Gem', 'faint', 106)"
0.9673789713363371,570,True,"('ksi_Gem', 'faint', 106)"
0.9492297139460069,571,True,"('ksi_Gem', 'faint', 106)"
0.9823616915215225,572,True,"('ksi_Gem', 'faint', 106)"
0.9892742687644833,573,True,"('ksi_Gem', 'faint', 106)"
0.9618335126449784,574,True,"('ksi_Gem', 'faint', 106)"
0.9788933985862379,575,True,"('ksi_Gem', 'faint', 106)"
0.9883332516896149,576,True,"('ksi_Gem', 'faint', 106)"
1.0123874324566096,577,True,"('ksi_Gem', 'faint', 106)"
1.0041525432964635,578,True,"('ksi_Gem', 'faint', 106)"
0.9837689804370079,579,True,"('ksi_Gem', 'faint', 106)"
1.0209506955554017,580,True,"('ksi_Gem', 'faint', 106)"
0.9652133941126526,581,True,"('ksi_Gem', 'faint', 106)"
0.9805305827873799,582,True,"('ksi_Gem', 'faint', 106)"
0.962180966059691,583,True,"('ksi_Gem', 'faint', 106)"
0.9820258771491166,584,True,"('ksi_Gem', 'faint', 106)"
0.9840422047154826,585,True,"('ksi_Gem', 'faint', 106)"
0.9836737067300555,586,True,"('ksi_Gem', 'faint', 106)"
0.9699038298426086,587,True,"('ksi_Gem', 'faint', 106)"
1.001955009313742,588,True,"('ksi_Gem', 'faint', 106)"
0.9979181019214706,589,True,"('ksi_Gem', 'faint', 106)"
0.9941318113668876,590,True,"('ksi_Gem', 'faint', 106)"
0.9874709803097972,591,True,"('ksi_Gem', 'faint', 106)"
0.9989845884051217,592,True,"('ksi_Gem', 'faint', 106)"
0.982382420658023,593,True,"('ksi_Gem', 'faint', 106)"
1.0061274117374452,594,True,"('ksi_Gem', 'faint', 106)"
0.9626017057577293,595,True,"('ksi_Gem', 'faint', 106)"
0.9803039233466766,596,True,"('ksi_Gem', 'faint', 106)"
1.0089414076951324,597,True,"('ksi_Gem', 'faint', 106)"
0.9639322435278305,598,True,"('ksi_Gem', 'faint', 106)"
1.0037431443901546,599,True,"('ksi_Gem', 'faint', 106)"
0.985386074917929,600,True,"('ksi_Gem', 'faint', 106)"
0.9915263492706836,601,True,"('ksi_Gem', 'faint', 106)"
0.9971256037469335,602,True,"('ksi_Gem', 'faint', 106)"
1.0412412996145701,603,True,"('ksi_Gem', 'faint', 106)"
0.9865712557773657,604,True,"('ksi_Gem', 'faint', 106)"
0.9880604602354979,605,True,"('ksi_Gem', 'faint', 106)"
0.9774610429929638,606,True,"('ksi_Gem', 'faint', 106)"
0.9707551147929164,607,True,"('ksi_Gem', 'faint', 106)"
0.988176737872929,608,True,"('ksi_Gem', 'faint', 106)"
1.0117115100794214,609,True,"('ksi_Gem', 'faint', 106)"
0.9881139443530126,610,True,"('ksi_Gem', 'faint', 106)"
0.9615490194548796,611,True,"('ksi_Gem', 'faint', 106)"
1.0161301108781169,612,True,"('ksi_Gem', 'faint', 106)"
0.9808904689345882,613,True,"('ksi_Gem', 'faint', 106)"
0.96726384673002,614,True,"('ksi_Gem', 'faint', 106)"
0.9608666396375194,615,True,"('ksi_Gem', 'faint', 106)"
0.9969198342382558,616,True,"('ksi_Gem', 'faint', 106)"
0.9882125964805941,617,True,"('ksi_Gem', 'faint', 106)"
0.9941894768203259,618,True,"('ksi_Gem', 'faint', 106)"
0.997962359838417,619,True,"('ksi_Gem', 'faint', 106)"
0.9824633917545511,620,True,"('ksi_Gem', 'faint', 106)"
1.0212490806079921,621,True,"('ksi_Gem', 'faint', 106)"
0.9850506470295538,622,True,"('ksi_Gem', 'faint', 106)"
0.991042738250737,623,True,"('ksi_Gem', 'faint', 106)"
0.9869616151472805,624,True,"('ksi_Gem', 'faint', 106)"
0.96039441586121,625,True,"('ksi_Gem', 'faint', 106)"
0.9833412625123717,626,True,"('ksi_Gem', 'faint', 106)"
0.9795354146751438,627,True,"('ksi_Gem', 'faint', 106)"
1.0050837348142467,628,True,"('ksi_Gem', 'faint', 106)"
0.9673137798519296,629,True,"('ksi_Gem', 'faint', 106)"
0.9821941752117415,630,True,"('ksi_Gem', 'faint', 106)"
0.9879589468836201,631,True,"('ksi_Gem', 'faint', 106)"
0.97237311409226,632,True,"('ksi_Gem', 'faint', 106)"
0.9740889941150069,633,True,"('ksi_Gem', 'faint', 106)"
0.9886883634772713,634,True,"('ksi_Gem', 'faint', 106)"
0.9948567488662429,635,True,"('ksi_Gem', 'faint', 106)"
0.9805730253895195,636,True,"('ksi_Gem', 'faint', 106)"
1.0031311142211625,637,True,"('ksi_Gem', 'faint', 106)"
1.0066148844516505,638,True,"('ksi_Gem', 'faint', 106)"
1.0124923567114643,639,True,"('ksi_Gem', 'faint', 106)"
0.9875901256672008,640,True,"('ksi_Gem', 'faint', 106)"
0.9302679727796995,641,True,"('ksi_Gem', 'faint', 106)"
0.9993326511702351,642,True,"('ksi_Gem', 'faint', 106)"
0.9673628869994658,643,True,"('ksi_Gem', 'faint', 106)"
0.9533645709097719,644,True,"('ksi_Gem', 'faint', 106)"
0.966570817904737,645,True,"('ksi_Gem', 'faint', 106)"
0.9613009832529729,646,True,"('ksi_Gem', 'faint', 106)"
0.9786354437195535,647,True,"('ksi_Gem', 'faint', 106)"
0.9942100045761889,648,True,"('ksi_Gem', 'faint', 106)"
0.9878809176105904,649,True,"('ksi_Gem', 'faint', 106)"
0.9483554439746577,650,True,"('ksi_Gem', 'faint', 106)"
1.0071234461871406,651,True,"('ksi_Gem', 'faint', 106)"
0.986667383293095,652,True,"('ksi_Gem', 'faint', 106)"
0.9836225708298044,653,True,"('ksi_Gem', 'faint', 106)"
1.004660131874989,654,True,"('ksi_Gem', 'faint', 106)"
0.9769323482183029,655,True,"('ksi_Gem', 'faint', 106)"
1.0133492142242866,656,True,"('ksi_Gem', 'faint', 106)"
0.9804918679970223,657,True,"('ksi_Gem', 'faint', 106)"
0.9805784810024238,658,True,"('ksi_Gem', 'faint', 106)"
0.945624815339177,659,True,"('ksi_Gem', 'faint', 106)"
0.9804716437477223,660,True,"('ksi_Gem', 'faint', 106)"
0.9907937829682851,661,True,"('ksi_Gem', 'faint', 106)"
0.9654388874300509,662,True,"('ksi_Gem', 'faint', 106)"
0.9948506715747341,663,True,"('ksi_Gem', 'faint', 106)"
0.9921613216442142,664,True,"('ksi_Gem', 'faint', 106)"
0.9847594342293119,665,True,"('ksi_Gem', 'faint', 106)"
1.0175572242349393,666,True,"('ksi_Gem', 'faint', 106)"
0.980249225929663,667,True,"('ksi_Gem', 'faint', 106)"
0.9548627691780655,668,True,"('ksi_Gem', 'faint', 106)"
0.994197169029721,669,True,"('ksi_Gem', 'faint', 106)"
0.9744425243758565,670,True,"('ksi_Gem', 'faint', 106)"
1.0239321805617452,671,True,"('ksi_Gem', 'faint', 106)"
0.9781329387996002,672,True,"('ksi_Gem', 'faint', 106)"
0.9956632117750414,673,True,"('ksi_Gem', 'faint', 106)"
0.9933171116672722,674,True,"('ksi_Gem', 'faint', 106)"
1.0022249973575463,675,True,"('ksi_Gem', 'faint', 106)"
0.9913505469093817,676,True,"('ksi_Gem', 'faint', 106)"
0.9727792783856378,677,True,"('ksi_Gem', 'faint', 106)"
0.9896123413664756,678,True,"('ksi_Gem', 'faint', 106)"
1.005469624957622,679,True,"('ksi_Gem', 'faint', 106)"
0.9845632029777011,680,True,"('ksi_Gem', 'faint', 106)"
0.9664436570013922,681,True,"('ksi_Gem', 'faint', 106)"
0.9619032937530377,682,True,"('ksi_Gem', 'faint', 106)"
0.9910263020480846,683,True,"('ksi_Gem', 'faint', 106)"
0.988635209845349,684,True,"('ksi_Gem', 'faint', 106)"
0.9901468682402725,685,True,"('ksi_Gem', 'faint', 106)"
0.9710233009153167,686,True,"('ksi_Gem', 'faint', 106)"
1.0098498159705849,687,True,"('ksi_Gem', 'faint', 106)"
0.9943083130123359,688,True,"('ksi_Gem', 'faint', 106)"
0.9881952806119102,689,True,"('ksi_Gem', 'faint', 106)"
0.9948803905552576,690,True,"('ksi_Gem', 'faint', 106)"
1.0133204975164491,691,True,"('ksi_Gem', 'faint', 106)"
0.9771203059756045,692,True,"('ksi_Gem', 'faint', 106)"
0.9790894494191388,693,True,"('ksi_Gem', 'faint', 106)"
1.0050821351104824,694,True,"('ksi_Gem', 'faint', 106)"
1.03094602415828,695,True,"('ksi_Gem', 'faint', 106)"
0.991749826751723,696,True,"('ksi_Gem', 'faint', 106)"
0.9816668594568259,697,True,"('ksi_Gem', 'faint', 106)"
1.0009613440179683,698,True,"('ksi_Gem', 'faint', 106)"
0.9934104107682493,699,True,"('ksi_Gem', 'faint', 106)"
0.9984278187134391,700,True,"('ksi_Gem', 'faint', 106)"
1.0096572543799185,701,True,"('ksi_Gem', 'faint', 106)"
1.004979783780046,702,True,"('ksi_Gem', 'faint', 106)"
0.9812513271964994,703,True,"('ksi_Gem', 'faint', 106)"
0.9847003635659182,704,True,"('ksi_Gem', 'faint', 106)"
0.9701063481444342,705,True,"('ksi_Gem', 'faint', 106)"
0.9487818310079331,706,True,"('ksi_Gem', 'faint', 106)"
0.997641739969835,707,True,"('ksi_Gem', 'faint', 106)"
0.9932235992447161,708,True,"('ksi_Gem', 'faint', 106)"
0.9836938151494751,709,True,"('ksi_Gem', 'faint', 106)"
1.0049439672401508,710,True,"('ksi_Gem', 'faint', 106)"
0.9683051060919726,711,True,"('ksi_Gem', 'faint', 106)"
0.9828330344696986,712,True,"('ksi_Gem', 'faint', 106)"
1.0024953176218465,713,True,"('ksi_Gem', 'faint', 106)"
0.9898343018850114,714,True,"('ksi_Gem', 'faint', 106)"
0.9952296448920176,715,True,"('ksi_Gem', 'faint', 106)"
0.956491466623029,716,True,"('ksi_Gem', 'faint', 106)"
0.9974894795119222,717,True,"('ksi_Gem', 'faint', 106)"
1.0211611312197575,718,True,"('ksi_Gem', 'faint', 106)"
0.9651322763297986,719,True,"('ksi_Gem', 'faint', 106)"
1.0075905015663256,720,True,"('ksi_Gem', 'faint', 106)"
0.9556918162855569,721,True,"('ksi_Gem', 'faint', 106)"
0.9596555877922565,722,True,"('ksi_Gem', 'faint', 106)"
0.9847053996298638,723,True,"('ksi_Gem', 'faint', 106)"
0.9657077792541117,724,True,"('ksi_Gem', 'faint', 106)"
1.0116716510600425,725,True,"('ksi_Gem', 'faint', 106)"
1.0097471093608166,726,True,"('ksi_Gem', 'faint', 106)"
0.9816264019072757,727,True,"('ksi_Gem', 'faint', 106)"
0.9748982315649334,728,True,"('ksi_Gem', 'faint', 106)"
0.98664491488582,729,True,"('ksi_Gem', 'faint', 106)"
0.9676921726656946,730,True,"('ksi_Gem', 'faint', 106)"
0.9948503784283366,731,True,"('ksi_Gem', 'faint', 106)"
1.0073212366174398,732,True,"('ksi_Gem', 'faint', 106)"
0.9669976712019558,733,True,"('ksi_Gem', 'faint', 106)"
0.9876845055068464,734,True,"('ksi_Gem', 'faint', 106)"
0.9942018898390007,735,True,"('ksi_Gem', 'faint', 106)"
0.9951536451780639,736,True,"('ksi_Gem', 'faint', 106)"
0.9443931943321408,737,True,"('ksi_Gem', 'faint', 106)"
1.0170887380855151,738,True,"('ksi_Gem', 'faint', 106)"
0.9730319866725565,739,True,"('ksi_Gem', 'faint', 106)"
0.9923971536280597,740,True,"('ksi_Gem', 'faint', 106)"
0.9677442099063152,741,True,"('ksi_Gem', 'faint', 106)"
1.0013315556913904,742,True,"('ksi_Gem', 'faint', 106)"
0.9600993610018036,743,True,"('ksi_Gem', 'faint', 106)"
0.9624833262958008,744,True,"('ksi_Gem', 'faint', 106)"
0.9877796045186227,745,True,"('ksi_Gem', 'faint', 106)"
1.0025178185672396,746,True,"('ksi_Gem', 'faint', 106)"
0.9816563322597475,747,True,"('ksi_Gem', 'faint', 106)"
0.9426261455259126,748,True,"('ksi_Gem', 'faint', 106)"
1.0058739043233311,749,True,"('ksi_Gem', 'faint', 106)"
0.9915622941606081,750,True,"('ksi_Gem', 'faint', 106)"
0.9870141468399855,751,True,"('ksi_Gem', 'faint', 106)"
1.0057216998830059,752,True,"('ksi_Gem', 'faint', 106)"
0.9987885359629622,753,True,"('ksi_Gem', 'faint', 106)"
0.9845942598992712,754,True,"('ksi_Gem', 'faint', 106)"
0.9893751285341839,755,True,"('ksi_Gem', 'faint', 106)"
0.9671084669040335,756,True,"('ksi_Gem', 'faint', 106)"
0.9861890708676271,757,True,"('ksi_Gem', 'faint', 106)"
0.9590120730241031,758,True,"('ksi_Gem', 'faint', 106)"
1.008222577683613,759,True,"('ksi_Gem', 'faint', 106)"
0.9582626849155366,760,True,"('ksi_Gem', 'faint', 106)"
1.0052954272782944,761,True,"('ksi_Gem', 'faint', 106)"
0.9625332845783027,762,True,"('ksi_Gem', 'faint', 106)"
0.9837695552957217,763,True,"('ksi_Gem', 'faint', 106)"
0.9655012427557432,764,True,"('ksi_Gem', 'faint', 106)"
0.966726372726414,765,True,"('ksi_Gem', 'faint', 106)"
0.9876883373870208,766,True,"('ksi_Gem', 'faint', 106)"
0.9467978783105283,767,True,"('ksi_Gem', 'faint', 106)"
1.0051086426178548,768,True,"('ksi_Gem', 'faint', 106)"
0.991283717614642,769,True,"('ksi_Gem', 'faint', 106)"
0.9533190390948006,770,True,"('ksi_Gem', 'faint', 106)"
0.9616354475711565,771,True,"('ksi_Gem', 'faint', 106)"
0.9964933089855982,772,True,"('ksi_Gem', 'faint', 106)"
1.0119394613052315,773,True,"('ksi_Gem', 'faint', 106)"
0.9780708121676361,774,True,"('ksi_Gem', 'faint', 106)"
0.9903794845516833,775,True,"('ksi_Gem', 'faint', 106)"
0.9352072990675343,776,True,"('ksi_Gem', 'faint', 106)"
0.9837139454338305,777,True,"('ksi_Gem', 'faint', 106)"
0.9793980314918073,778,True,"('ksi_Gem', 'faint', 106)"
0.9759509763206196,779,True,"('ksi_Gem', 'faint', 106)"
0.9984635510987826,780,True,"('ksi_Gem', 'faint', 106)"
0.9615049876768001,781,True,"('ksi_Gem', 'faint', 106)"
0.9930365672182372,782,True,"('ksi_Gem', 'faint', 106)"
0.9641879750396373,783,True,"('ksi_Gem', 'faint', 106)"
0.9622662422827111,784,True,"('ksi_Gem', 'faint', 106)"
0.9965053595690303,785,True,"('ksi_Gem', 'faint', 106)"
0.9722941439919024,786,True,"('ksi_Gem', 'faint', 106)"
0.975990841196286,787,True,"('ksi_Gem', 'faint', 106)"
0.9745991688037486,788,True,"('ksi_Gem', 'faint', 106)"
0.9719618440488815,789,True,"('ksi_Gem', 'faint', 106)"
0.982304831143493,790,True,"('ksi_Gem', 'faint', 106)"
1.0187045104688595,791,True,"('ksi_Gem', 'faint', 106)"
0.995217849770964,792,True,"('ksi_Gem', 'faint', 106)"
1.0174593266049288,793,True,"('ksi_Gem', 'faint', 106)"
1.0186841967029094,794,True,"('ksi_Gem', 'faint', 106)"
1.0007988904041218,795,True,"('ksi_Gem', 'faint', 106)"
0.9827410975880022,796,True,"('ksi_Gem', 'faint', 106)"
0.9712696585683069,797,True,"('ksi_Gem', 'faint', 106)"
0.9766475361319494,798,True,"('ksi_Gem', 'faint', 106)"
0.9968687037953801,799,True,"('ksi_Gem', 'faint', 106)"
0.9742193758771436,800,True,"('ksi_Gem', 'faint', 106)"
0.982151623789338,801,True,"('ksi_Gem', 'faint', 106)"
0.9833927995267646,802,True,"('ksi_Gem', 'faint', 106)"
0.9672465079682111,803,True,"('ksi_Gem', 'faint', 106)"
0.9598810193438877,804,True,"('ksi_Gem', 'faint', 106)"
0.9577059174436835,805,True,"('ksi_Gem', 'faint', 106)"
0.982048938555168,806,True,"('ksi_Gem', 'faint', 106)"
0.9836618655238344,807,True,"('ksi_Gem', 'faint', 106)"
0.9869833782771246,808,True,"('ksi_Gem', 'faint', 106)"
0.9869055411409914,809,True,"('ksi_Gem', 'faint', 106)"
0.9966524563135143,810,True,"('ksi_Gem', 'faint', 106)"
0.9676708996439657,811,True,"('ksi_Gem', 'faint', 106)"
1.0176149889658384,812,True,"('ksi_Gem', 'faint', 106)"
0.9890424067639336,813,True,"('ksi_Gem', 'faint', 106)"
0.9783730079303101,814,True,"('ksi_Gem', 'faint', 106)"
0.9887054429841041,815,True,"('ksi_Gem', 'faint', 106)"
0.9903719713438567,816,True,"('ksi_Gem', 'faint', 106)"
0.994242970444344,817,True,"('ksi_Gem', 'faint', 106)"
0.942176804613758,818,True,"('ksi_Gem', 'faint', 106)"
0.9931173993627411,819,True,"('ksi_Gem', 'faint', 106)"
0.9986093758829503,820,True,"('ksi_Gem', 'faint', 106)"
0.9961865751492778,821,True,"('ksi_Gem', 'faint', 106)"
1.0006339086934455,822,True,"('ksi_Gem', 'faint', 106)"
0.996133134298118,823,True,"('ksi_Gem', 'faint', 106)"
0.956016149362935,824,True,"('ksi_Gem', 'faint', 106)"
0.9757004393434163,825,True,"('ksi_Gem', 'faint', 106)"
0.9739828351329611,826,True,"('ksi_Gem', 'faint', 106)"
0.9625639525254994,827,True,"('ksi_Gem', 'faint', 106)"
1.0202623321394675,828,True,"('ksi_Gem', 'faint', 106)"
0.9665815838858642,829,True,"('ksi_Gem', 'faint', 106)"
0.952715875015704,830,True,"('ksi_Gem', 'faint', 106)"
0.9949845479767863,831,True,"('ksi_Gem', 'faint', 106)"
1.0080954859982323,832,True,"('ksi_Gem', 'faint', 106)"
1.013116082789333,833,True,"('ksi_Gem', 'faint', 106)"
0.99868378139684,834,True,"('ksi_Gem', 'faint', 106)"
0.9837999910235828,835,True,"('ksi_Gem', 'faint', 106)"
1.0115352717213673,836,True,"('ksi_Gem', 'faint', 106)"
0.9912906720922794,837,True,"('ksi_Gem', 'faint', 106)"
0.9517634647363623,838,True,"('ksi_Gem', 'faint', 106)"
0.9892862083447643,839,True,"('ksi_Gem', 'faint', 106)"
0.9829915307641386,840,True,"('ksi_Gem', 'faint', 106)"
0.9861578082833722,841,True,"('ksi_Gem', 'faint', 106)"
0.9828226799603684,842,True,"('ksi_Gem', 'faint', 106)"
0.987619134271189,843,True,"('ksi_Gem', 'faint', 106)"
1.0045760685688068,844,True,"('ksi_Gem', 'faint', 106)"
0.9697252702697178,845,True,"('ksi_Gem', 'faint', 106)"
0.9743395183009573,846,True,"('ksi_Gem', 'faint', 106)"
0.9697156952030705,847,True,"('ksi_Gem', 'faint', 106)"
0.9913960576930066,848,True,"('ksi_Gem', 'faint', 106)"
0.982266984519925,849,True,"('ksi_Gem', 'faint', 106)"
1.0174300621042083,850,True,"('ksi_Gem', 'faint', 106)"
1.0027631345048642,851,True,"('ksi_Gem', 'faint', 106)"
0.9801908786225478,852,True,"('ksi_Gem', 'faint', 106)"
0.9843573514211296,853,True,"('ksi_Gem', 'faint', 106)"
0.971178687640197,854,True,"('ksi_Gem', 'faint', 106)"
1.0096195280041045,855,True,"('ksi_Gem', 'faint', 106)"
1.00789446898576,856,True,"('ksi_Gem', 'faint', 106)"
0.9960222046257093,857,True,"('ksi_Gem', 'faint', 106)"
0.9807837918985784,858,True,"('ksi_Gem', 'faint', 106)"
0.9891892106683907,859,True,"('ksi_Gem', 'faint', 106)"
0.9842375964441602,860,True,"('ksi_Gem', 'faint', 106)"
1.0062945276281365,861,True,"('ksi_Gem', 'faint', 106)"
1.0089946379666612,862,True,"('ksi_Gem', 'faint', 106)"
0.9956058015004392,863,True,"('ksi_Gem', 'faint', 106)"
0.9977062620089263,864,True,"('ksi_Gem', 'faint', 106)"
0.9929336144651465,865,True,"('ksi_Gem', 'faint', 106)"
0.9835975914429631,866,True,"('ksi_Gem', 'faint', 106)"
1.0077968063768488,867,True,"('ksi_Gem', 'faint', 106)"
0.9945673186660089,868,True,"('ksi_Gem', 'faint', 106)"
1.0003381066113821,869,True,"('ksi_Gem', 'faint', 106)"
0.954199326733582,870,True,"('ksi_Gem', 'faint', 106)"
0.9695084277313488,871,True,"('ksi_Gem', 'faint', 106)"
1.0086540737984746,872,True,"('ksi_Gem', 'faint', 106)"
0.9844783428128407,873,True,"('ksi_Gem', 'faint', 106)"
0.9944127762113678,874,True,"('ksi_Gem', 'faint', 106)"
0.9567339723440527,875,True,"('ksi_Gem', 'faint', 106)"
0.9555905648444282,876,True,"('ksi_Gem', 'faint', 106)"
1.0137225818012192,877,True,"('ksi_Gem', 'faint', 106)"
1.0297635371997687,878,True,"('ksi_Gem', 'faint', 106)"
1.022490673473585,879,True,"('ksi_Gem', 'faint', 106)"
1.008536248584485,880,True,"('ksi_Gem', 'faint', 106)"
1.0126227260061489,881,True,"('ksi_Gem', 'faint', 106)"
0.9936171810396318,882,True,"('ksi_Gem', 'faint', 106)"
0.9653433782671195,883,True,"('ksi_Gem', 'faint', 106)"
0.9864103861382059,884,True,"('ksi_Gem', 'faint', 106)"
0.9331318035727315,885,True,"('ksi_Gem', 'faint', 106)"
1.0015566540203593,886,True,"('ksi_Gem', 'faint', 106)"
0.9769165166155559,887,True,"('ksi_Gem', 'faint', 106)"
0.965604356517904,888,True,"('ksi_Gem', 'faint', 106)"
0.9862024248174265,889,True,"('ksi_Gem', 'faint', 106)"
0.9943690338482514,890,True,"('ksi_Gem', 'faint', 106)"
1.0227732943503698,891,True,"('ksi_Gem', 'faint', 106)"
0.9788120147870458,892,True,"('ksi_Gem', 'faint', 106)"
0.976043363235271,893,True,"('ksi_Gem', 'faint', 106)"
1.0141583093236295,894,True,"('ksi_Gem', 'faint', 106)"
0.9970452092026492,895,True,"('ksi_Gem', 'faint', 106)"
0.9870460016826931,896,True,"('ksi_Gem', 'faint', 106)"
0.9831277328409123,897,True,"('ksi_Gem', 'faint', 106)"
0.9696460716386328,898,True,"('ksi_Gem', 'faint', 106)"
0.9549960322554144,899,True,"('ksi_Gem', 'faint', 106)"
0.9732206897263584,900,True,"('ksi_Gem', 'faint', 106)"
0.9889576271416929,901,True,"('ksi_Gem', 'faint', 106)"
0.9798823118308124,902,True,"('ksi_Gem', 'faint', 106)"
1.010984076672478,903,True,"('ksi_Gem', 'faint', 106)"
0.9815572421508498,904,True,"('ksi_Gem', 'faint', 106)"
0.9978261882057198,905,True,"('ksi_Gem', 'faint', 106)"
0.9940652587565203,906,True,"('ksi_Gem', 'faint', 106)"
0.9796338246682594,907,True,"('ksi_Gem', 'faint', 106)"
0.9974969951304483,908,True,"('ksi_Gem', 'faint', 106)"
0.9736246994077556,909,True,"('ksi_Gem', 'faint', 106)"
1.0096671860254098,910,True,"('ksi_Gem', 'faint', 106)"
0.9892869980136827,911,True,"('ksi_Gem', 'faint', 106)"
0.9852343868636978,912,True,"('ksi_Gem', 'faint', 106)"
0.9821684634760757,913,True,"('ksi_Gem', 'faint', 106)"
0.9843829203620494,914,True,"('ksi_Gem', 'faint', 106)"
0.9618763279871505,915,True,"('ksi_Gem', 'faint', 106)"
0.9800252508002903,916,True,"('ksi_Gem', 'faint', 106)"
0.9960057017283066,917,True,"('ksi_Gem', 'faint', 106)"
0.9466595848192111,918,True,"('ksi_Gem', 'faint', 106)"
0.9833519620132408,919,True,"('ksi_Gem', 'faint', 106)"
0.9972310563309441,920,True,"('ksi_Gem', 'faint', 106)"
0.9786642907977124,921,True,"('ksi_Gem', 'faint', 106)"
0.9880559357188432,922,True,"('ksi_Gem', 'faint', 106)"
0.9795142578741893,923,True,"('ksi_Gem', 'faint', 106)"
0.9757426651700902,924,True,"('ksi_Gem', 'faint', 106)"
0.9964886057111892,925,True,"('ksi_Gem', 'faint', 106)"
0.968562047769695,926,True,"('ksi_Gem', 'faint', 106)"
0.9502781995145951,927,True,"('ksi_Gem', 'faint', 106)"
0.9504426442555578,928,True,"('ksi_Gem', 'faint', 106)"
0.9813381763174291,929,True,"('ksi_Gem', 'faint', 106)"
1.0242070317584606,930,True,"('ksi_Gem', 'faint', 106)"
0.9978007381332448,931,True,"('ksi_Gem', 'faint', 106)"
1.011043560097878,932,True,"('ksi_Gem', 'faint', 106)"
0.9878333899205702,933,True,"('ksi_Gem', 'faint', 106)"
0.9793806940911743,934,True,"('ksi_Gem', 'faint', 106)"
0.9634069224031008,935,True,"('ksi_Gem', 'faint', 106)"
0.9816516078180938,936,True,"('ksi_Gem', 'faint', 106)"
0.987807031312454,937,True,"('ksi_Gem', 'faint', 106)"
0.9887305688339507,938,True,"('ksi_Gem', 'faint', 106)"
0.9967955141710848,939,True,"('ksi_Gem', 'faint', 106)"
0.9892145440886618,940,True,"('ksi_Gem', 'faint', 106)"
0.9805202873801617,941,True,"('ksi_Gem', 'faint', 106)"
0.9950478723666533,942,True,"('ksi_Gem', 'faint', 106)"
0.9884142830150655,943,True,"('ksi_Gem', 'faint', 106)"
0.9845173904335448,944,True,"('ksi_Gem', 'faint', 106)"
0.995519464726283,945,True,"('ksi_Gem', 'faint', 106)"
0.9894715504752065,946,True,"('ksi_Gem', 'faint', 106)"
1.008474826413447,947,True,"('ksi_Gem', 'faint', 106)"
0.9617571636710892,948,True,"('ksi_Gem', 'faint', 106)"
0.9949131083927609,949,True,"('ksi_Gem', 'faint', 106)"
0.971410773308179,950,True,"('ksi_Gem', 'faint', 106)"
1.0051065817843579,951,True,"('ksi_Gem', 'faint', 106)"
0.9911683086601715,952,True,"('ksi_Gem', 'faint', 106)"
0.9483104019696956,953,True,"('ksi_Gem', 'faint', 106)"
1.0016791717573172,954,True,"('ksi_Gem', 'faint', 106)"
0.9836075174531688,955,True,"('ksi_Gem', 'faint', 106)"
1.0189861255919035,956,True,"('ksi_Gem', 'faint', 106)"
1.0149733785525081,957,True,"('ksi_Gem', 'faint', 106)"
0.944792260768925,958,True,"('ksi_Gem', 'faint', 106)"
1.0044076261050652,959,True,"('ksi_Gem', 'faint', 106)"
0.9543948674809637,960,True,"('ksi_Gem', 'faint', 106)"
0.9858291759407921,961,True,"('ksi_Gem', 'faint', 106)"
0.9994452687515132,962,True,"('ksi_Gem', 'faint', 106)"
0.9971328197803054,963,True,"('ksi_Gem', 'faint', 106)"
1.0131209226417421,964,True,"('ksi_Gem', 'faint', 106)"
0.9649078754082544,965,True,"('ksi_Gem', 'faint', 106)"
0.9854473519094792,966,True,"('ksi_Gem', 'faint', 106)"
0.9685639589091946,967,True,"('ksi_Gem', 'faint', 106)"
0.9562789151504708,968,True,"('ksi_Gem', 'faint', 106)"
0.9944663831565953,969,True,"('ksi_Gem', 'faint', 106)"
0.9772239641854702,970,True,"('ksi_Gem', 'faint', 106)"
1.0091854148893127,971,True,"('ksi_Gem', 'faint', 106)"
0.9882906850165305,972,True,"('ksi_Gem', 'faint', 106)"
0.9909465110375589,973,True,"('ksi_Gem', 'faint', 106)"
0.9960476963382234,974,True,"('ksi_Gem', 'faint', 106)"
0.9700970980441908,975,True,"('ksi_Gem', 'faint', 106)"
0.962978419443766,976,True,"('ksi_Gem', 'faint', 106)"
0.991735693571452,977,True,"('ksi_Gem', 'faint', 106)"
1.0108554791387514,978,True,"('ksi_Gem', 'faint', 106)"
1.0187192157781848,979,True,"('ksi_Gem', 'faint', 106)"
0.9809605699404426,980,True,"('ksi_Gem', 'faint', 106)"
0.9744421213553381,981,True,"('ksi_Gem', 'faint', 106)"
0.9979168014254465,982,True,"('ksi_Gem', 'faint', 106)"
0.9761564163646222,983,True,"('ksi_Gem', 'faint', 106)"
0.97645608345022,984,True,"('ksi_Gem', 'faint', 106)"
0.9684165535835377,985,True,"('ksi_Gem', 'faint', 106)"
0.9984732150390414,986,True,"('ksi_Gem', 'faint', 106)"
0.9690457582711974,987,True,"('ksi_Gem', 'faint', 106)"
1.0145270339404007,988,True,"('ksi_Gem', 'faint', 106)"
1.005826176607515,989,True,"('ksi_Gem', 'faint', 106)"
0.993329590271636,990,True,"('ksi_Gem', 'faint', 106)"
0.9915018478220583,991,True,"('ksi_Gem', 'faint', 106)"
0.9829331252216487,992,True,"('ksi_Gem', 'faint', 106)"
0.9897239828705533,993,True,"('ksi_Gem', 'faint', 106)"
0.9493459998656438,994,True,"('ksi_Gem', 'faint', 106)"
1.0069794198297488,995,True,"('ksi_Gem', 'faint', 106)"
0.9845332485213156,996,True,"('ksi_Gem', 'faint', 106)"
0.9715319865987638,997,True,"('ksi_Gem', 'faint', 106)"
0.994114440244599,998,True,"('ksi_Gem', 'faint', 106)"
0.9884471040779363,999,True,"('ksi_Gem', 'faint', 106)"
1.5053802867510406,0,True,"('ksi_Gem', 'bright', 106)"
1.4742147119509952,1,True,"('ksi_Gem', 'bright', 106)"
1.453280141549857,2,True,"('ksi_Gem', 'bright', 106)"
1.4318190764527068,3,True,"('ksi_Gem', 'bright', 106)"
1.446222296376341,4,True,"('ksi_Gem', 'bright', 106)"
1.4326987978524715,5,True,"('ksi_Gem', 'bright', 106)"
1.4695597997018022,6,True,"('ksi_Gem', 'bright', 106)"
1.4506532508509922,7,True,"('ksi_Gem', 'bright', 106)"
1.4454407340763016,8,True,"('ksi_Gem', 'bright', 106)"
1.5258130178201632,9,True,"('ksi_Gem', 'bright', 106)"
1.4686013374752613,10,True,"('ksi_Gem', 'bright', 106)"
1.500246559128319,11,True,"('ksi_Gem', 'bright', 106)"
1.5047534109761134,12,True,"('ksi_Gem', 'bright', 106)"
1.4424731660064,13,True,"('ksi_Gem', 'bright', 106)"
1.4462875586316106,14,True,"('ksi_Gem', 'bright', 106)"
1.4991656176973172,15,True,"('ksi_Gem', 'bright', 106)"
1.5381242131577575,16,True,"('ksi_Gem', 'bright', 106)"
1.4549272310083667,17,True,"('ksi_Gem', 'bright', 106)"
1.4761389006084384,18,True,"('ksi_Gem', 'bright', 106)"
1.4292589597463008,19,True,"('ksi_Gem', 'bright', 106)"
1.4779765768938717,20,True,"('ksi_Gem', 'bright', 106)"
1.4456994557534926,21,True,"('ksi_Gem', 'bright', 106)"
1.4760376008986962,22,True,"('ksi_Gem', 'bright', 106)"
1.4729497923370827,23,True,"('ksi_Gem', 'bright', 106)"
1.4670254477919027,24,True,"('ksi_Gem', 'bright', 106)"
1.474992289928794,25,True,"('ksi_Gem', 'bright', 106)"
1.4485424734302603,26,True,"('ksi_Gem', 'bright', 106)"
1.4718474285660172,27,True,"('ksi_Gem', 'bright', 106)"
1.512834906305648,28,True,"('ksi_Gem', 'bright', 106)"
1.439087318551994,29,True,"('ksi_Gem', 'bright', 106)"
1.4411459208069222,30,True,"('ksi_Gem', 'bright', 106)"
1.477600545811926,31,True,"('ksi_Gem', 'bright', 106)"
1.4266462815858787,32,True,"('ksi_Gem', 'bright', 106)"
1.450819153338755,33,True,"('ksi_Gem', 'bright', 106)"
1.4870622452096747,34,True,"('ksi_Gem', 'bright', 106)"
1.4891321429932443,35,True,"('ksi_Gem', 'bright', 106)"
1.4048836263291289,36,True,"('ksi_Gem', 'bright', 106)"
1.4654182146768637,37,True,"('ksi_Gem', 'bright', 106)"
1.4367740955526667,38,True,"('ksi_Gem', 'bright', 106)"
1.4565393790325494,39,True,"('ksi_Gem', 'bright', 106)"
1.487060527096074,40,True,"('ksi_Gem', 'bright', 106)"
1.440537096819079,41,True,"('ksi_Gem', 'bright', 106)"
1.465808562763886,42,True,"('ksi_Gem', 'bright', 106)"
1.4504230477787363,43,True,"('ksi_Gem', 'bright', 106)"
1.4640337740270877,44,True,"('ksi_Gem', 'bright', 106)"
1.4488384540743993,45,True,"('ksi_Gem', 'bright', 106)"
1.4860198211942246,46,True,"('ksi_Gem', 'bright', 106)"
1.4074109940650743,47,True,"('ksi_Gem', 'bright', 106)"
1.4314213768319237,48,True,"('ksi_Gem', 'bright', 106)"
1.468466516573249,49,True,"('ksi_Gem', 'bright', 106)"
1.4445766190544653,50,True,"('ksi_Gem', 'bright', 106)"
1.471603286982825,51,True,"('ksi_Gem', 'bright', 106)"
1.4507521344331142,52,True,"('ksi_Gem', 'bright', 106)"
1.4843342924877274,53,True,"('ksi_Gem', 'bright', 106)"
1.4844869586745422,54,True,"('ksi_Gem', 'bright', 106)"
1.4819384457983698,55,True,"('ksi_Gem', 'bright', 106)"
1.4364094002313124,56,True,"('ksi_Gem', 'bright', 106)"
1.4454159304032774,57,True,"('ksi_Gem', 'bright', 106)"
1.468344284669893,58,True,"('ksi_Gem', 'bright', 106)"
1.4507398207044446,59,True,"('ksi_Gem', 'bright', 106)"
1.4380718910263068,60,True,"('ksi_Gem', 'bright', 106)"
1.5082876667370873,61,True,"('ksi_Gem', 'bright', 106)"
1.483963687250972,62,True,"('ksi_Gem', 'bright', 106)"
1.4575773818640738,63,True,"('ksi_Gem', 'bright', 106)"
1.4607963813850704,64,True,"('ksi_Gem', 'bright', 106)"
1.4536536999450242,65,True,"('ksi_Gem', 'bright', 106)"
1.474865127943424,66,True,"('ksi_Gem', 'bright', 106)"
1.4156102760512481,67,True,"('ksi_Gem', 'bright', 106)"
1.514647479051048,68,True,"('ksi_Gem', 'bright', 106)"
1.4689588704412306,69,True,"('ksi_Gem', 'bright', 106)"
1.444496399879278,70,True,"('ksi_Gem', 'bright', 106)"
1.4555134913634173,71,True,"('ksi_Gem', 'bright', 106)"
1.4488138930778647,72,True,"('ksi_Gem', 'bright', 106)"
1.4834622169204852,73,True,"('ksi_Gem', 'bright', 106)"
1.4461320416803567,74,True,"('ksi_Gem', 'bright', 106)"
1.511129720556719,75,True,"('ksi_Gem', 'bright', 106)"
1.4559652691823743,76,True,"('ksi_Gem', 'bright', 106)"
1.4159318299862707,77,True,"('ksi_Gem', 'bright', 106)"
1.461498145065309,78,True,"('ksi_Gem', 'bright', 106)"
1.5039483765161519,79,True,"('ksi_Gem', 'bright', 106)"
1.4300527192452945,80,True,"('ksi_Gem', 'bright', 106)"
1.4624397189827816,81,True,"('ksi_Gem', 'bright', 106)"
1.4447757135302062,82,True,"('ksi_Gem', 'bright', 106)"
1.4279854765689337,83,True,"('ksi_Gem', 'bright', 106)"
1.5442214043576867,84,True,"('ksi_Gem', 'bright', 106)"
1.4034572302740025,85,True,"('ksi_Gem', 'bright', 106)"
1.4698493344203374,86,True,"('ksi_Gem', 'bright', 106)"
1.4142033269016658,87,True,"('ksi_Gem', 'bright', 106)"
1.4678997901075848,88,True,"('ksi_Gem', 'bright', 106)"
1.419270206551502,89,True,"('ksi_Gem', 'bright', 106)"
1.4968460909373926,90,True,"('ksi_Gem', 'bright', 106)"
1.459092854616822,91,True,"('ksi_Gem', 'bright', 106)"
1.4977782706599931,92,True,"('ksi_Gem', 'bright', 106)"
1.434266607086184,93,True,"('ksi_Gem', 'bright', 106)"
1.4603786642210075,94,True,"('ksi_Gem', 'bright', 106)"
1.4248139139063447,95,True,"('ksi_Gem', 'bright', 106)"
1.4603908301941835,96,True,"('ksi_Gem', 'bright', 106)"
1.479712867370547,97,True,"('ksi_Gem', 'bright', 106)"
1.4764968869482613,98,True,"('ksi_Gem', 'bright', 106)"
1.4539749138085698,99,True,"('ksi_Gem', 'bright', 106)"
1.5598103695507426,100,True,"('ksi_Gem', 'bright', 106)"
1.460540357811553,101,True,"('ksi_Gem', 'bright', 106)"
1.4509238705856184,102,True,"('ksi_Gem', 'bright', 106)"
1.436104057545322,103,True,"('ksi_Gem', 'bright', 106)"
1.42931946003577,104,True,"('ksi_Gem', 'bright', 106)"
1.4450987999233655,105,True,"('ksi_Gem', 'bright', 106)"
1.468558557861794,106,True,"('ksi_Gem', 'bright', 106)"
1.491497526790369,107,True,"('ksi_Gem', 'bright', 106)"
1.515973356149772,108,True,"('ksi_Gem', 'bright', 106)"
1.4528417883036524,109,True,"('ksi_Gem', 'bright', 106)"
1.4872556067771854,110,True,"('ksi_Gem', 'bright', 106)"
1.4592281040302635,111,True,"('ksi_Gem', 'bright', 106)"
1.4585643248663198,112,True,"('ksi_Gem', 'bright', 106)"
1.4379447955453848,113,True,"('ksi_Gem', 'bright', 106)"
1.4654542708909764,114,True,"('ksi_Gem', 'bright', 106)"
1.4917348128974954,115,True,"('ksi_Gem', 'bright', 106)"
1.4556891312195044,116,True,"('ksi_Gem', 'bright', 106)"
1.4755684573383496,117,True,"('ksi_Gem', 'bright', 106)"
1.4519822767210215,118,True,"('ksi_Gem', 'bright', 106)"
1.4366594123747043,119,True,"('ksi_Gem', 'bright', 106)"
1.495818877511314,120,True,"('ksi_Gem', 'bright', 106)"
1.4880181448606293,121,True,"('ksi_Gem', 'bright', 106)"
1.456523930156232,122,True,"('ksi_Gem', 'bright', 106)"
1.4800057092688856,123,True,"('ksi_Gem', 'bright', 106)"
1.461698637616598,124,True,"('ksi_Gem', 'bright', 106)"
1.437603042786956,125,True,"('ksi_Gem', 'bright', 106)"
1.5032536459384096,126,True,"('ksi_Gem', 'bright', 106)"
1.4436259696895433,127,True,"('ksi_Gem', 'bright', 106)"
1.4527993965472028,128,True,"('ksi_Gem', 'bright', 106)"
1.4470028364320502,129,True,"('ksi_Gem', 'bright', 106)"
1.4753742407354977,130,True,"('ksi_Gem', 'bright', 106)"
1.4737577576805534,131,True,"('ksi_Gem', 'bright', 106)"
1.4379299308247289,132,True,"('ksi_Gem', 'bright', 106)"
1.4538099684868044,133,True,"('ksi_Gem', 'bright', 106)"
1.477251810504436,134,True,"('ksi_Gem', 'bright', 106)"
1.4987088701086693,135,True,"('ksi_Gem', 'bright', 106)"
1.468553503662473,136,True,"('ksi_Gem', 'bright', 106)"
1.5039436263618016,137,True,"('ksi_Gem', 'bright', 106)"
1.4607154331930632,138,True,"('ksi_Gem', 'bright', 106)"
1.5057060325814573,139,True,"('ksi_Gem', 'bright', 106)"
1.470879770499663,140,True,"('ksi_Gem', 'bright', 106)"
1.4665984632078062,141,True,"('ksi_Gem', 'bright', 106)"
1.487812992514549,142,True,"('ksi_Gem', 'bright', 106)"
1.4773974203201878,143,True,"('ksi_Gem', 'bright', 106)"
1.4751023004653032,144,True,"('ksi_Gem', 'bright', 106)"
1.4042686066292622,145,True,"('ksi_Gem', 'bright', 106)"
1.4723882044171688,146,True,"('ksi_Gem', 'bright', 106)"
1.4464301127584223,147,True,"('ksi_Gem', 'bright', 106)"
1.4604249479064908,148,True,"('ksi_Gem', 'bright', 106)"
1.4677186175601586,149,True,"('ksi_Gem', 'bright', 106)"
1.4390532854342712,150,True,"('ksi_Gem', 'bright', 106)"
1.4338279335302466,151,True,"('ksi_Gem', 'bright', 106)"
1.4712713440533656,152,True,"('ksi_Gem', 'bright', 106)"
1.5074746822874123,153,True,"('ksi_Gem', 'bright', 106)"
1.4749538332866485,154,True,"('ksi_Gem', 'bright', 106)"
1.4056570629207152,155,True,"('ksi_Gem', 'bright', 106)"
1.480107479534248,156,True,"('ksi_Gem', 'bright', 106)"
1.5074783433767738,157,True,"('ksi_Gem', 'bright', 106)"
1.4554902288555365,158,True,"('ksi_Gem', 'bright', 106)"
1.4398835223293345,159,True,"('ksi_Gem', 'bright', 106)"
1.4464935793259532,160,True,"('ksi_Gem', 'bright', 106)"
1.4951660185656759,161,True,"('ksi_Gem', 'bright', 106)"
1.4453875714578759,162,True,"('ksi_Gem', 'bright', 106)"
1.4665423309329169,163,True,"('ksi_Gem', 'bright', 106)"
1.4512382264543024,164,True,"('ksi_Gem', 'bright', 106)"
1.4309992503669886,165,True,"('ksi_Gem', 'bright', 106)"
1.5087155888038772,166,True,"('ksi_Gem', 'bright', 106)"
1.4469529076526,167,True,"('ksi_Gem', 'bright', 106)"
1.4969597227664928,168,True,"('ksi_Gem', 'bright', 106)"
1.4791879701438877,169,True,"('ksi_Gem', 'bright', 106)"
1.4757141400249636,170,True,"('ksi_Gem', 'bright', 106)"
1.4873690691724213,171,True,"('ksi_Gem', 'bright', 106)"
1.4162440316949378,172,True,"('ksi_Gem', 'bright', 106)"
1.4963983490693378,173,True,"('ksi_Gem', 'bright', 106)"
1.4725229131441433,174,True,"('ksi_Gem', 'bright', 106)"
1.478613699529785,175,True,"('ksi_Gem', 'bright', 106)"
1.479296860274904,176,True,"('ksi_Gem', 'bright', 106)"
1.4767675865469054,177,True,"('ksi_Gem', 'bright', 106)"
1.5104884527989413,178,True,"('ksi_Gem', 'bright', 106)"
1.4825035666459423,179,True,"('ksi_Gem', 'bright', 106)"
1.4432410287034123,180,True,"('ksi_Gem', 'bright', 106)"
1.4612197040404218,181,True,"('ksi_Gem', 'bright', 106)"
1.4744752431910793,182,True,"('ksi_Gem', 'bright', 106)"
1.4600785566598864,183,True,"('ksi_Gem', 'bright', 106)"
1.4727050874637537,184,True,"('ksi_Gem', 'bright', 106)"
1.4870371920308576,185,True,"('ksi_Gem', 'bright', 106)"
1.413127361024821,186,True,"('ksi_Gem', 'bright', 106)"
1.4497853253741229,187,True,"('ksi_Gem', 'bright', 106)"
1.4550478626105507,188,True,"('ksi_Gem', 'bright', 106)"
1.478249427584754,189,True,"('ksi_Gem', 'bright', 106)"
1.425061958140786,190,True,"('ksi_Gem', 'bright', 106)"
1.5011771132361165,191,True,"('ksi_Gem', 'bright', 106)"
1.4544463886562295,192,True,"('ksi_Gem', 'bright', 106)"
1.4336223267274304,193,True,"('ksi_Gem', 'bright', 106)"
1.4942875600273071,194,True,"('ksi_Gem', 'bright', 106)"
1.4660162650861208,195,True,"('ksi_Gem', 'bright', 106)"
1.4442094179637888,196,True,"('ksi_Gem', 'bright', 106)"
1.4582574294077222,197,True,"('ksi_Gem', 'bright', 106)"
1.4568825794601168,198,True,"('ksi_Gem', 'bright', 106)"
1.4603253365807856,199,True,"('ksi_Gem', 'bright', 106)"
1.45749514548265,200,True,"('ksi_Gem', 'bright', 106)"
1.4392078824835088,201,True,"('ksi_Gem', 'bright', 106)"
1.4705739130796731,202,True,"('ksi_Gem', 'bright', 106)"
1.453891934372721,203,True,"('ksi_Gem', 'bright', 106)"
1.4731739534731967,204,True,"('ksi_Gem', 'bright', 106)"
1.475533505892421,205,True,"('ksi_Gem', 'bright', 106)"
1.456562294148279,206,True,"('ksi_Gem', 'bright', 106)"
1.4799942451287154,207,True,"('ksi_Gem', 'bright', 106)"
1.447316549063874,208,True,"('ksi_Gem', 'bright', 106)"
1.4687433332891444,209,True,"('ksi_Gem', 'bright', 106)"
1.450925113260791,210,True,"('ksi_Gem', 'bright', 106)"
1.4458240887771368,211,True,"('ksi_Gem', 'bright', 106)"
1.448568407777923,212,True,"('ksi_Gem', 'bright', 106)"
1.460895712614551,213,True,"('ksi_Gem', 'bright', 106)"
1.4877977647545086,214,True,"('ksi_Gem', 'bright', 106)"
1.4615284274388944,215,True,"('ksi_Gem', 'bright', 106)"
1.4958858866987477,216,True,"('ksi_Gem', 'bright', 106)"
1.4446509597227915,217,True,"('ksi_Gem', 'bright', 106)"
1.4304362075972337,218,True,"('ksi_Gem', 'bright', 106)"
1.486643588107916,219,True,"('ksi_Gem', 'bright', 106)"
1.4658455978490899,220,True,"('ksi_Gem', 'bright', 106)"
1.4313771847067023,221,True,"('ksi_Gem', 'bright', 106)"
1.4782960532378329,222,True,"('ksi_Gem', 'bright', 106)"
1.4139976955683358,223,True,"('ksi_Gem', 'bright', 106)"
1.461819125883863,224,True,"('ksi_Gem', 'bright', 106)"
1.4470462706925948,225,True,"('ksi_Gem', 'bright', 106)"
1.501755052322231,226,True,"('ksi_Gem', 'bright', 106)"
1.4928813138839843,227,True,"('ksi_Gem', 'bright', 106)"
1.4898244524787274,228,True,"('ksi_Gem', 'bright', 106)"
1.4781973771719545,229,True,"('ksi_Gem', 'bright', 106)"
1.4400065249034524,230,True,"('ksi_Gem', 'bright', 106)"
1.4684345609984428,231,True,"('ksi_Gem', 'bright', 106)"
1.4303744001113563,232,True,"('ksi_Gem', 'bright', 106)"
1.4882981600746692,233,True,"('ksi_Gem', 'bright', 106)"
1.484538610130572,234,True,"('ksi_Gem', 'bright', 106)"
1.4698063344711603,235,True,"('ksi_Gem', 'bright', 106)"
1.456232923608459,236,True,"('ksi_Gem', 'bright', 106)"
1.4747657744107234,237,True,"('ksi_Gem', 'bright', 106)"
1.442494742840955,238,True,"('ksi_Gem', 'bright', 106)"
1.4802754647088674,239,True,"('ksi_Gem', 'bright', 106)"
1.433077051643133,240,True,"('ksi_Gem', 'bright', 106)"
1.4603731858501952,241,True,"('ksi_Gem', 'bright', 106)"
1.4202112249850305,242,True,"('ksi_Gem', 'bright', 106)"
1.4845089151953867,243,True,"('ksi_Gem', 'bright', 106)"
1.42577566095158,244,True,"('ksi_Gem', 'bright', 106)"
1.4422633760229533,245,True,"('ksi_Gem', 'bright', 106)"
1.4962455539023851,246,True,"('ksi_Gem', 'bright', 106)"
1.462494573393558,247,True,"('ksi_Gem', 'bright', 106)"
1.5024478969119814,248,True,"('ksi_Gem', 'bright', 106)"
1.493401181632122,249,True,"('ksi_Gem', 'bright', 106)"
1.469854304666224,250,True,"('ksi_Gem', 'bright', 106)"
1.4381181810737766,251,True,"('ksi_Gem', 'bright', 106)"
1.506747245928012,252,True,"('ksi_Gem', 'bright', 106)"
1.43153561913645,253,True,"('ksi_Gem', 'bright', 106)"
1.4383013895979402,254,True,"('ksi_Gem', 'bright', 106)"
1.4849416582864987,255,True,"('ksi_Gem', 'bright', 106)"
1.4293410400153812,256,True,"('ksi_Gem', 'bright', 106)"
1.4296530262010323,257,True,"('ksi_Gem', 'bright', 106)"
1.456134632248375,258,True,"('ksi_Gem', 'bright', 106)"
1.4453164455897591,259,True,"('ksi_Gem', 'bright', 106)"
1.4797506627154333,260,True,"('ksi_Gem', 'bright', 106)"
1.4277366700957497,261,True,"('ksi_Gem', 'bright', 106)"
1.4656991223861493,262,True,"('ksi_Gem', 'bright', 106)"
1.4764748972882258,263,True,"('ksi_Gem', 'bright', 106)"
1.4594952919484727,264,True,"('ksi_Gem', 'bright', 106)"
1.508736357082482,265,True,"('ksi_Gem', 'bright', 106)"
1.4396396410288625,266,True,"('ksi_Gem', 'bright', 106)"
1.4866800472934254,267,True,"('ksi_Gem', 'bright', 106)"
1.4677795083842327,268,True,"('ksi_Gem', 'bright', 106)"
1.4722398267786188,269,True,"('ksi_Gem', 'bright', 106)"
1.4378498328695637,270,True,"('ksi_Gem', 'bright', 106)"
1.5141182437706004,271,True,"('ksi_Gem', 'bright', 106)"
1.5036106372384566,272,True,"('ksi_Gem', 'bright', 106)"
1.4613614746143255,273,True,"('ksi_Gem', 'bright', 106)"
1.4553933056258948,274,True,"('ksi_Gem', 'bright', 106)"
1.4322283540990208,275,True,"('ksi_Gem', 'bright', 106)"
1.4664729030699728,276,True,"('ksi_Gem', 'bright', 106)"
1.4570597301875614,277,True,"('ksi_Gem', 'bright', 106)"
1.4642025785330801,278,True,"('ksi_Gem', 'bright', 106)"
1.467216921416773,279,True,"('ksi_Gem', 'bright', 106)"
1.4710916738762607,280,True,"('ksi_Gem', 'bright', 106)"
1.4571124925769259,281,True,"('ksi_Gem', 'bright', 106)"
1.4318915905816978,282,True,"('ksi_Gem', 'bright', 106)"
1.477450646483532,283,True,"('ksi_Gem', 'bright', 106)"
1.5224275978098551,284,True,"('ksi_Gem', 'bright', 106)"
1.4329716043824736,285,True,"('ksi_Gem', 'bright', 106)"
1.4210117459352685,286,True,"('ksi_Gem', 'bright', 106)"
1.4302046000061872,287,True,"('ksi_Gem', 'bright', 106)"
1.4234465006914196,288,True,"('ksi_Gem', 'bright', 106)"
1.4595507084002524,289,True,"('ksi_Gem', 'bright', 106)"
1.4431854031405462,290,True,"('ksi_Gem', 'bright', 106)"
1.4723624681016643,291,True,"('ksi_Gem', 'bright', 106)"
1.4535471555747552,292,True,"('ksi_Gem', 'bright', 106)"
1.4410919846491748,293,True,"('ksi_Gem', 'bright', 106)"
1.451075634972594,294,True,"('ksi_Gem', 'bright', 106)"
1.4471201646799463,295,True,"('ksi_Gem', 'bright', 106)"
1.4650115775752512,296,True,"('ksi_Gem', 'bright', 106)"
1.4669911571647316,297,True,"('ksi_Gem', 'bright', 106)"
1.487518941517856,298,True,"('ksi_Gem', 'bright', 106)"
1.4708245970945801,299,True,"('ksi_Gem', 'bright', 106)"
1.4494829084590433,300,True,"('ksi_Gem', 'bright', 106)"
1.4106831899119234,301,True,"('ksi_Gem', 'bright', 106)"
1.4678350911409686,302,True,"('ksi_Gem', 'bright', 106)"
1.5155471109065826,303,True,"('ksi_Gem', 'bright', 106)"
1.4668270522093456,304,True,"('ksi_Gem', 'bright', 106)"
1.448277429515462,305,True,"('ksi_Gem', 'bright', 106)"
1.463849278499752,306,True,"('ksi_Gem', 'bright', 106)"
1.432173692513088,307,True,"('ksi_Gem', 'bright', 106)"
1.4884268045086246,308,True,"('ksi_Gem', 'bright', 106)"
1.4636430764921842,309,True,"('ksi_Gem', 'bright', 106)"
1.4848020808636906,310,True,"('ksi_Gem', 'bright', 106)"
1.4835669399984226,311,True,"('ksi_Gem', 'bright', 106)"
1.4457662914756058,312,True,"('ksi_Gem', 'bright', 106)"
1.4946296177475349,313,True,"('ksi_Gem', 'bright', 106)"
1.4741830451994897,314,True,"('ksi_Gem', 'bright', 106)"
1.459838958981328,315,True,"('ksi_Gem', 'bright', 106)"
1.4888409758553667,316,True,"('ksi_Gem', 'bright', 106)"
1.5082633152396576,317,True,"('ksi_Gem', 'bright', 106)"
1.4184776670572286,318,True,"('ksi_Gem', 'bright', 106)"
1.481396926222094,319,True,"('ksi_Gem', 'bright', 106)"
1.4399527328934998,320,True,"('ksi_Gem', 'bright', 106)"
1.4666802054411987,321,True,"('ksi_Gem', 'bright', 106)"
1.4667652610876385,322,True,"('ksi_Gem', 'bright', 106)"
1.439321189829538,323,True,"('ksi_Gem', 'bright', 106)"
1.4145541598222273,324,True,"('ksi_Gem', 'bright', 106)"
1.5072210026082165,325,True,"('ksi_Gem', 'bright', 106)"
1.455616888729589,326,True,"('ksi_Gem', 'bright', 106)"
1.4653661794077917,327,True,"('ksi_Gem', 'bright', 106)"
1.4841859220067473,328,True,"('ksi_Gem', 'bright', 106)"
1.4992790598480263,329,True,"('ksi_Gem', 'bright', 106)"
1.5122513952040968,330,True,"('ksi_Gem', 'bright', 106)"
1.4523439277004713,331,True,"('ksi_Gem', 'bright', 106)"
1.4270625899580196,332,True,"('ksi_Gem', 'bright', 106)"
1.4564255263285462,333,True,"('ksi_Gem', 'bright', 106)"
1.4772913176706644,334,True,"('ksi_Gem', 'bright', 106)"
1.430944827389362,335,True,"('ksi_Gem', 'bright', 106)"
1.4306121901317033,336,True,"('ksi_Gem', 'bright', 106)"
1.4465219093833945,337,True,"('ksi_Gem', 'bright', 106)"
1.4410873532022253,338,True,"('ksi_Gem', 'bright', 106)"
1.4409644557523638,339,True,"('ksi_Gem', 'bright', 106)"
1.5080819123316085,340,True,"('ksi_Gem', 'bright', 106)"
1.4616120243517383,341,True,"('ksi_Gem', 'bright', 106)"
1.4781918986902713,342,True,"('ksi_Gem', 'bright', 106)"
1.4348764935859082,343,True,"('ksi_Gem', 'bright', 106)"
1.4582730649998672,344,True,"('ksi_Gem', 'bright', 106)"
1.4368129042467612,345,True,"('ksi_Gem', 'bright', 106)"
1.4636601638621978,346,True,"('ksi_Gem', 'bright', 106)"
1.537940253856693,347,True,"('ksi_Gem', 'bright', 106)"
1.4403006759010177,348,True,"('ksi_Gem', 'bright', 106)"
1.4431648631858944,349,True,"('ksi_Gem', 'bright', 106)"
1.4740083139348066,350,True,"('ksi_Gem', 'bright', 106)"
1.4720905238756268,351,True,"('ksi_Gem', 'bright', 106)"
1.4621365768337693,352,True,"('ksi_Gem', 'bright', 106)"
1.4759157053838208,353,True,"('ksi_Gem', 'bright', 106)"
1.47580512948522,354,True,"('ksi_Gem', 'bright', 106)"
1.5276719199783588,355,True,"('ksi_Gem', 'bright', 106)"
1.4924430674331504,356,True,"('ksi_Gem', 'bright', 106)"
1.4624321267904585,357,True,"('ksi_Gem', 'bright', 106)"
1.4475083315001738,358,True,"('ksi_Gem', 'bright', 106)"
1.4792958238446605,359,True,"('ksi_Gem', 'bright', 106)"
1.4662524536319832,360,True,"('ksi_Gem', 'bright', 106)"
1.4292979548951978,361,True,"('ksi_Gem', 'bright', 106)"
1.471239363091681,362,True,"('ksi_Gem', 'bright', 106)"
1.4971385492713862,363,True,"('ksi_Gem', 'bright', 106)"
1.4535617966182504,364,True,"('ksi_Gem', 'bright', 106)"
1.4420211166649768,365,True,"('ksi_Gem', 'bright', 106)"
1.433468719863902,366,True,"('ksi_Gem', 'bright', 106)"
1.4697213805915663,367,True,"('ksi_Gem', 'bright', 106)"
1.4571368020585092,368,True,"('ksi_Gem', 'bright', 106)"
1.490127145760943,369,True,"('ksi_Gem', 'bright', 106)"
1.4357689961875564,370,True,"('ksi_Gem', 'bright', 106)"
1.504801730183845,371,True,"('ksi_Gem', 'bright', 106)"
1.475067420414304,372,True,"('ksi_Gem', 'bright', 106)"
1.4728739114337859,373,True,"('ksi_Gem', 'bright', 106)"
1.4548833208610443,374,True,"('ksi_Gem', 'bright', 106)"
1.4743643203082377,375,True,"('ksi_Gem', 'bright', 106)"
1.48702258197777,376,True,"('ksi_Gem', 'bright', 106)"
1.4649485372486442,377,True,"('ksi_Gem', 'bright', 106)"
1.4877571225579935,378,True,"('ksi_Gem', 'bright', 106)"
1.4660035680215318,379,True,"('ksi_Gem', 'bright', 106)"
1.4828976125893767,380,True,"('ksi_Gem', 'bright', 106)"
1.489540890594975,381,True,"('ksi_Gem', 'bright', 106)"
1.4262848131293435,382,True,"('ksi_Gem', 'bright', 106)"
1.4466325774141024,383,True,"('ksi_Gem', 'bright', 106)"
1.4477974833284046,384,True,"('ksi_Gem', 'bright', 106)"
1.4369183425384646,385,True,"('ksi_Gem', 'bright', 106)"
1.4585106051793983,386,True,"('ksi_Gem', 'bright', 106)"
1.473659494310372,387,True,"('ksi_Gem', 'bright', 106)"
1.4623800787205241,388,True,"('ksi_Gem', 'bright', 106)"
1.4359876229535713,389,True,"('ksi_Gem', 'bright', 106)"
1.4599735675170817,390,True,"('ksi_Gem', 'bright', 106)"
1.4754305843303244,391,True,"('ksi_Gem', 'bright', 106)"
1.457112263824615,392,True,"('ksi_Gem', 'bright', 106)"
1.449387715177239,393,True,"('ksi_Gem', 'bright', 106)"
1.4749533762070706,394,True,"('ksi_Gem', 'bright', 106)"
1.4667626467152113,395,True,"('ksi_Gem', 'bright', 106)"
1.4950313647406475,396,True,"('ksi_Gem', 'bright', 106)"
1.464314363050253,397,True,"('ksi_Gem', 'bright', 106)"
1.4732407088260695,398,True,"('ksi_Gem', 'bright', 106)"
1.4391339271739216,399,True,"('ksi_Gem', 'bright', 106)"
1.451632575249417,400,True,"('ksi_Gem', 'bright', 106)"
1.4460167847014547,401,True,"('ksi_Gem', 'bright', 106)"
1.4938907089598934,402,True,"('ksi_Gem', 'bright', 106)"
1.4607983287825816,403,True,"('ksi_Gem', 'bright', 106)"
1.490971805757559,404,True,"('ksi_Gem', 'bright', 106)"
1.4434415959551248,405,True,"('ksi_Gem', 'bright', 106)"
1.4696383816929046,406,True,"('ksi_Gem', 'bright', 106)"
1.440290992252986,407,True,"('ksi_Gem', 'bright', 106)"
1.4765099529418149,408,True,"('ksi_Gem', 'bright', 106)"
1.4973306870089453,409,True,"('ksi_Gem', 'bright', 106)"
1.4586298443751908,410,True,"('ksi_Gem', 'bright', 106)"
1.4168331836409644,411,True,"('ksi_Gem', 'bright', 106)"
1.4681537872580699,412,True,"('ksi_Gem', 'bright', 106)"
1.4629355031083964,413,True,"('ksi_Gem', 'bright', 106)"
1.4940455831944996,414,True,"('ksi_Gem', 'bright', 106)"
1.539605691115881,415,True,"('ksi_Gem', 'bright', 106)"
1.5546608271862195,416,True,"('ksi_Gem', 'bright', 106)"
1.4625340054586846,417,True,"('ksi_Gem', 'bright', 106)"
1.492736107549333,418,True,"('ksi_Gem', 'bright', 106)"
1.464382928685343,419,True,"('ksi_Gem', 'bright', 106)"
1.4704418029674842,420,True,"('ksi_Gem', 'bright', 106)"
1.4802941231761977,421,True,"('ksi_Gem', 'bright', 106)"
1.448583479997854,422,True,"('ksi_Gem', 'bright', 106)"
1.4771516542492313,423,True,"('ksi_Gem', 'bright', 106)"
1.4698954634880763,424,True,"('ksi_Gem', 'bright', 106)"
1.4970040149021133,425,True,"('ksi_Gem', 'bright', 106)"
1.4527600815169905,426,True,"('ksi_Gem', 'bright', 106)"
1.4470534542290048,427,True,"('ksi_Gem', 'bright', 106)"
1.4711238744194304,428,True,"('ksi_Gem', 'bright', 106)"
1.491147016692175,429,True,"('ksi_Gem', 'bright', 106)"
1.4525794247813812,430,True,"('ksi_Gem', 'bright', 106)"
1.45299964992026,431,True,"('ksi_Gem', 'bright', 106)"
1.4848938099480546,432,True,"('ksi_Gem', 'bright', 106)"
1.4566754781870543,433,True,"('ksi_Gem', 'bright', 106)"
1.4807684287544172,434,True,"('ksi_Gem', 'bright', 106)"
1.442455403663089,435,True,"('ksi_Gem', 'bright', 106)"
1.473665093556541,436,True,"('ksi_Gem', 'bright', 106)"
1.4602017925732356,437,True,"('ksi_Gem', 'bright', 106)"
1.4535728501616378,438,True,"('ksi_Gem', 'bright', 106)"
1.4909715583739456,439,True,"('ksi_Gem', 'bright', 106)"
1.4400386009986923,440,True,"('ksi_Gem', 'bright', 106)"
1.4950435574814138,441,True,"('ksi_Gem', 'bright', 106)"
1.4581278874625063,442,True,"('ksi_Gem', 'bright', 106)"
1.4806327186822617,443,True,"('ksi_Gem', 'bright', 106)"
1.4459673783424376,444,True,"('ksi_Gem', 'bright', 106)"
1.4306869925065633,445,True,"('ksi_Gem', 'bright', 106)"
1.4777959725315024,446,True,"('ksi_Gem', 'bright', 106)"
1.4079620296359225,447,True,"('ksi_Gem', 'bright', 106)"
1.447593357241966,448,True,"('ksi_Gem', 'bright', 106)"
1.478790193574669,449,True,"('ksi_Gem', 'bright', 106)"
1.5010210537112139,450,True,"('ksi_Gem', 'bright', 106)"
1.4457933822213505,451,True,"('ksi_Gem', 'bright', 106)"
1.4800787460964013,452,True,"('ksi_Gem', 'bright', 106)"
1.4738327392840154,453,True,"('ksi_Gem', 'bright', 106)"
1.4900421035730598,454,True,"('ksi_Gem', 'bright', 106)"
1.4493060186751114,455,True,"('ksi_Gem', 'bright', 106)"
1.4664789342888607,456,True,"('ksi_Gem', 'bright', 106)"
1.466052125065689,457,True,"('ksi_Gem', 'bright', 106)"
1.4459882625779967,458,True,"('ksi_Gem', 'bright', 106)"
1.467181766303542,459,True,"('ksi_Gem', 'bright', 106)"
1.4512580133623403,460,True,"('ksi_Gem', 'bright', 106)"
1.4511916929337598,461,True,"('ksi_Gem', 'bright', 106)"
1.465204899953684,462,True,"('ksi_Gem', 'bright', 106)"
1.4249204327667728,463,True,"('ksi_Gem', 'bright', 106)"
1.485130615710131,464,True,"('ksi_Gem', 'bright', 106)"
1.470917929473457,465,True,"('ksi_Gem', 'bright', 106)"
1.4621748421306626,466,True,"('ksi_Gem', 'bright', 106)"
1.4494904906395767,467,True,"('ksi_Gem', 'bright', 106)"
1.4602081694020224,468,True,"('ksi_Gem', 'bright', 106)"
1.4323483884418406,469,True,"('ksi_Gem', 'bright', 106)"
1.475892735637742,470,True,"('ksi_Gem', 'bright', 106)"
1.4623169099408666,471,True,"('ksi_Gem', 'bright', 106)"
1.4894101714652663,472,True,"('ksi_Gem', 'bright', 106)"
1.4702860938150561,473,True,"('ksi_Gem', 'bright', 106)"
1.442746950068852,474,True,"('ksi_Gem', 'bright', 106)"
1.5341817664547432,475,True,"('ksi_Gem', 'bright', 106)"
1.4463671120265584,476,True,"('ksi_Gem', 'bright', 106)"
1.4211907168218905,477,True,"('ksi_Gem', 'bright', 106)"
1.4703518454853493,478,True,"('ksi_Gem', 'bright', 106)"
1.5053540952112658,479,True,"('ksi_Gem', 'bright', 106)"
1.4284763382050811,480,True,"('ksi_Gem', 'bright', 106)"
1.4454874088969665,481,True,"('ksi_Gem', 'bright', 106)"
1.4855382413036737,482,True,"('ksi_Gem', 'bright', 106)"
1.4941873314056762,483,True,"('ksi_Gem', 'bright', 106)"
1.482023537170025,484,True,"('ksi_Gem', 'bright', 106)"
1.4668424192399414,485,True,"('ksi_Gem', 'bright', 106)"
1.4632192282184555,486,True,"('ksi_Gem', 'bright', 106)"
1.4687367432060854,487,True,"('ksi_Gem', 'bright', 106)"
1.4646313424009043,488,True,"('ksi_Gem', 'bright', 106)"
1.5004350395183923,489,True,"('ksi_Gem', 'bright', 106)"
1.4235905816548104,490,True,"('ksi_Gem', 'bright', 106)"
1.4846894804598496,491,True,"('ksi_Gem', 'bright', 106)"
1.4741395893945761,492,True,"('ksi_Gem', 'bright', 106)"
1.4757001303444364,493,True,"('ksi_Gem', 'bright', 106)"
1.4477854033698854,494,True,"('ksi_Gem', 'bright', 106)"
1.4740131397345713,495,True,"('ksi_Gem', 'bright', 106)"
1.476917916489776,496,True,"('ksi_Gem', 'bright', 106)"
1.450863895826677,497,True,"('ksi_Gem', 'bright', 106)"
1.4294371201635332,498,True,"('ksi_Gem', 'bright', 106)"
1.4306780280348323,499,True,"('ksi_Gem', 'bright', 106)"
1.4382605937055672,500,True,"('ksi_Gem', 'bright', 106)"
1.4285948704846767,501,True,"('ksi_Gem', 'bright', 106)"
1.4325312282802112,502,True,"('ksi_Gem', 'bright', 106)"
1.4554238164942697,503,True,"('ksi_Gem', 'bright', 106)"
1.4645390700777796,504,True,"('ksi_Gem', 'bright', 106)"
1.4597600588518975,505,True,"('ksi_Gem', 'bright', 106)"
1.4191709041508387,506,True,"('ksi_Gem', 'bright', 106)"
1.4390035788626108,507,True,"('ksi_Gem', 'bright', 106)"
1.4685130656498724,508,True,"('ksi_Gem', 'bright', 106)"
1.4390373041525777,509,True,"('ksi_Gem', 'bright', 106)"
1.4540415459972509,510,True,"('ksi_Gem', 'bright', 106)"
1.4206684819618027,511,True,"('ksi_Gem', 'bright', 106)"
1.4488922728571998,512,True,"('ksi_Gem', 'bright', 106)"
1.4702707440294813,513,True,"('ksi_Gem', 'bright', 106)"
1.454478057787364,514,True,"('ksi_Gem', 'bright', 106)"
1.4827893918645179,515,True,"('ksi_Gem', 'bright', 106)"
1.4579313382771197,516,True,"('ksi_Gem', 'bright', 106)"
1.4905400437426946,517,True,"('ksi_Gem', 'bright', 106)"
1.462115056286136,518,True,"('ksi_Gem', 'bright', 106)"
1.432953852720195,519,True,"('ksi_Gem', 'bright', 106)"
1.4435886903984825,520,True,"('ksi_Gem', 'bright', 106)"
1.4416227898849163,521,True,"('ksi_Gem', 'bright', 106)"
1.4547207851588375,522,True,"('ksi_Gem', 'bright', 106)"
1.4555422981560637,523,True,"('ksi_Gem', 'bright', 106)"
1.5045485097295355,524,True,"('ksi_Gem', 'bright', 106)"
1.4527446485080695,525,True,"('ksi_Gem', 'bright', 106)"
1.435790624326237,526,True,"('ksi_Gem', 'bright', 106)"
1.5146395374714845,527,True,"('ksi_Gem', 'bright', 106)"
1.513004569717271,528,True,"('ksi_Gem', 'bright', 106)"
1.4468222953196734,529,True,"('ksi_Gem', 'bright', 106)"
1.436502917792667,530,True,"('ksi_Gem', 'bright', 106)"
1.4571141879464726,531,True,"('ksi_Gem', 'bright', 106)"
1.4942726336982466,532,True,"('ksi_Gem', 'bright', 106)"
1.4836617392811995,533,True,"('ksi_Gem', 'bright', 106)"
1.4545396607978007,534,True,"('ksi_Gem', 'bright', 106)"
1.5036925735767324,535,True,"('ksi_Gem', 'bright', 106)"
1.4564714651225712,536,True,"('ksi_Gem', 'bright', 106)"
1.4318724791625415,537,True,"('ksi_Gem', 'bright', 106)"
1.4913385410871738,538,True,"('ksi_Gem', 'bright', 106)"
1.4481082918016273,539,True,"('ksi_Gem', 'bright', 106)"
1.4910411261908807,540,True,"('ksi_Gem', 'bright', 106)"
1.484753119935302,541,True,"('ksi_Gem', 'bright', 106)"
1.4978708217569578,542,True,"('ksi_Gem', 'bright', 106)"
1.4306276350357758,543,True,"('ksi_Gem', 'bright', 106)"
1.468045364342011,544,True,"('ksi_Gem', 'bright', 106)"
1.4728090538589695,545,True,"('ksi_Gem', 'bright', 106)"
1.5247421848392835,546,True,"('ksi_Gem', 'bright', 106)"
1.4651360727491913,547,True,"('ksi_Gem', 'bright', 106)"
1.4519509515805622,548,True,"('ksi_Gem', 'bright', 106)"
1.4783791350496487,549,True,"('ksi_Gem', 'bright', 106)"
1.4834984697171165,550,True,"('ksi_Gem', 'bright', 106)"
1.498724274464476,551,True,"('ksi_Gem', 'bright', 106)"
1.4353260475558152,552,True,"('ksi_Gem', 'bright', 106)"
1.4920105445847993,553,True,"('ksi_Gem', 'bright', 106)"
1.4611747354249291,554,True,"('ksi_Gem', 'bright', 106)"
1.5071900096275865,555,True,"('ksi_Gem', 'bright', 106)"
1.484591080745957,556,True,"('ksi_Gem', 'bright', 106)"
1.4793790484602365,557,True,"('ksi_Gem', 'bright', 106)"
1.4390901281876254,558,True,"('ksi_Gem', 'bright', 106)"
1.4895820543756102,559,True,"('ksi_Gem', 'bright', 106)"
1.4894481425799009,560,True,"('ksi_Gem', 'bright', 106)"
1.4715666972740828,561,True,"('ksi_Gem', 'bright', 106)"
1.5221640563498136,562,True,"('ksi_Gem', 'bright', 106)"
1.457635484967409,563,True,"('ksi_Gem', 'bright', 106)"
1.4333190214662006,564,True,"('ksi_Gem', 'bright', 106)"
1.4466243026903767,565,True,"('ksi_Gem', 'bright', 106)"
1.4826782762982285,566,True,"('ksi_Gem', 'bright', 106)"
1.4832282840686233,567,True,"('ksi_Gem', 'bright', 106)"
1.4815683103730408,568,True,"('ksi_Gem', 'bright', 106)"
1.4485025442011887,569,True,"('ksi_Gem', 'bright', 106)"
1.4270122567360206,570,True,"('ksi_Gem', 'bright', 106)"
1.4677182430703024,571,True,"('ksi_Gem', 'bright', 106)"
1.4430219257954342,572,True,"('ksi_Gem', 'bright', 106)"
1.4292398824084778,573,True,"('ksi_Gem', 'bright', 106)"
1.5008502551719232,574,True,"('ksi_Gem', 'bright', 106)"
1.4610421114578072,575,True,"('ksi_Gem', 'bright', 106)"
1.4726200047518156,576,True,"('ksi_Gem', 'bright', 106)"
1.4806227630356226,577,True,"('ksi_Gem', 'bright', 106)"
1.4564429468820168,578,True,"('ksi_Gem', 'bright', 106)"
1.4365421150543594,579,True,"('ksi_Gem', 'bright', 106)"
1.4561884732537205,580,True,"('ksi_Gem', 'bright', 106)"
1.4541332227001325,581,True,"('ksi_Gem', 'bright', 106)"
1.4562415395924126,582,True,"('ksi_Gem', 'bright', 106)"
1.4403727684640455,583,True,"('ksi_Gem', 'bright', 106)"
1.4367469460812392,584,True,"('ksi_Gem', 'bright', 106)"
1.430056466429466,585,True,"('ksi_Gem', 'bright', 106)"
1.4510083158307325,586,True,"('ksi_Gem', 'bright', 106)"
1.477249775416722,587,True,"('ksi_Gem', 'bright', 106)"
1.453950152776534,588,True,"('ksi_Gem', 'bright', 106)"
1.4843958081710127,589,True,"('ksi_Gem', 'bright', 106)"
1.5099718478799031,590,True,"('ksi_Gem', 'bright', 106)"
1.4530127018874741,591,True,"('ksi_Gem', 'bright', 106)"
1.4679282903743713,592,True,"('ksi_Gem', 'bright', 106)"
1.4311069087015083,593,True,"('ksi_Gem', 'bright', 106)"
1.4439251198128038,594,True,"('ksi_Gem', 'bright', 106)"
1.472436508233899,595,True,"('ksi_Gem', 'bright', 106)"
1.453908901800984,596,True,"('ksi_Gem', 'bright', 106)"
1.4716610990740497,597,True,"('ksi_Gem', 'bright', 106)"
1.4852198546917978,598,True,"('ksi_Gem', 'bright', 106)"
1.4980813394742316,599,True,"('ksi_Gem', 'bright', 106)"
1.4671797144800316,600,True,"('ksi_Gem', 'bright', 106)"
1.4700424535968262,601,True,"('ksi_Gem', 'bright', 106)"
1.50721098437496,602,True,"('ksi_Gem', 'bright', 106)"
1.430899615150352,603,True,"('ksi_Gem', 'bright', 106)"
1.4709308486742556,604,True,"('ksi_Gem', 'bright', 106)"
1.4303712356944067,605,True,"('ksi_Gem', 'bright', 106)"
1.450182034701106,606,True,"('ksi_Gem', 'bright', 106)"
1.4311524388531136,607,True,"('ksi_Gem', 'bright', 106)"
1.4391210645586718,608,True,"('ksi_Gem', 'bright', 106)"
1.4664721850563802,609,True,"('ksi_Gem', 'bright', 106)"
1.492086806203238,610,True,"('ksi_Gem', 'bright', 106)"
1.446529328086321,611,True,"('ksi_Gem', 'bright', 106)"
1.4782048644364973,612,True,"('ksi_Gem', 'bright', 106)"
1.5104858849386749,613,True,"('ksi_Gem', 'bright', 106)"
1.492328473482829,614,True,"('ksi_Gem', 'bright', 106)"
1.4328209317046263,615,True,"('ksi_Gem', 'bright', 106)"
1.4709512875210957,616,True,"('ksi_Gem', 'bright', 106)"
1.5313615808928915,617,True,"('ksi_Gem', 'bright', 106)"
1.4731026685739599,618,True,"('ksi_Gem', 'bright', 106)"
1.4509593229959652,619,True,"('ksi_Gem', 'bright', 106)"
1.4430475540575909,620,True,"('ksi_Gem', 'bright', 106)"
1.4815887584299883,621,True,"('ksi_Gem', 'bright', 106)"
1.4492226537351174,622,True,"('ksi_Gem', 'bright', 106)"
1.4542065484601832,623,True,"('ksi_Gem', 'bright', 106)"
1.4307846900850412,624,True,"('ksi_Gem', 'bright', 106)"
1.4958591933821932,625,True,"('ksi_Gem', 'bright', 106)"
1.4937455770095158,626,True,"('ksi_Gem', 'bright', 106)"
1.447286172183963,627,True,"('ksi_Gem', 'bright', 106)"
1.4631694647500884,628,True,"('ksi_Gem', 'bright', 106)"
1.465852561598013,629,True,"('ksi_Gem', 'bright', 106)"
1.4575875649399945,630,True,"('ksi_Gem', 'bright', 106)"
1.3887382694396444,631,True,"('ksi_Gem', 'bright', 106)"
1.4437001212399772,632,True,"('ksi_Gem', 'bright', 106)"
1.4368989750095658,633,True,"('ksi_Gem', 'bright', 106)"
1.460437474767854,634,True,"('ksi_Gem', 'bright', 106)"
1.4851723251780693,635,True,"('ksi_Gem', 'bright', 106)"
1.4861039908703166,636,True,"('ksi_Gem', 'bright', 106)"
1.4620594501896707,637,True,"('ksi_Gem', 'bright', 106)"
1.5094680084154202,638,True,"('ksi_Gem', 'bright', 106)"
1.4363288833185346,639,True,"('ksi_Gem', 'bright', 106)"
1.5015354995747083,640,True,"('ksi_Gem', 'bright', 106)"
1.4153669552231423,641,True,"('ksi_Gem', 'bright', 106)"
1.5004135760263266,642,True,"('ksi_Gem', 'bright', 106)"
1.4456097152111242,643,True,"('ksi_Gem', 'bright', 106)"
1.4614508039747351,644,True,"('ksi_Gem', 'bright', 106)"
1.480417062573815,645,True,"('ksi_Gem', 'bright', 106)"
1.5017297061590564,646,True,"('ksi_Gem', 'bright', 106)"
1.4817775113188767,647,True,"('ksi_Gem', 'bright', 106)"
1.453291486842982,648,True,"('ksi_Gem', 'bright', 106)"
1.477865619878885,649,True,"('ksi_Gem', 'bright', 106)"
1.4556445430558953,650,True,"('ksi_Gem', 'bright', 106)"
1.4635103471707087,651,True,"('ksi_Gem', 'bright', 106)"
1.4388335861063046,652,True,"('ksi_Gem', 'bright', 106)"
1.471355035867711,653,True,"('ksi_Gem', 'bright', 106)"
1.4602051503326612,654,True,"('ksi_Gem', 'bright', 106)"
1.462225956709055,655,True,"('ksi_Gem', 'bright', 106)"
1.470789878962288,656,True,"('ksi_Gem', 'bright', 106)"
1.4407055971412326,657,True,"('ksi_Gem', 'bright', 106)"
1.4596855959533392,658,True,"('ksi_Gem', 'bright', 106)"
1.4432545884823251,659,True,"('ksi_Gem', 'bright', 106)"
1.4640310672496952,660,True,"('ksi_Gem', 'bright', 106)"
1.4659020629510433,661,True,"('ksi_Gem', 'bright', 106)"
1.5314704338370944,662,True,"('ksi_Gem', 'bright', 106)"
1.4506646560119103,663,True,"('ksi_Gem', 'bright', 106)"
1.4148984131819133,664,True,"('ksi_Gem', 'bright', 106)"
1.472419230969035,665,True,"('ksi_Gem', 'bright', 106)"
1.4688901034562871,666,True,"('ksi_Gem', 'bright', 106)"
1.4744659178012391,667,True,"('ksi_Gem', 'bright', 106)"
1.5285325629567095,668,True,"('ksi_Gem', 'bright', 106)"
1.4675678271967747,669,True,"('ksi_Gem', 'bright', 106)"
1.4445599154823998,670,True,"('ksi_Gem', 'bright', 106)"
1.430424709761679,671,True,"('ksi_Gem', 'bright', 106)"
1.4696984273361082,672,True,"('ksi_Gem', 'bright', 106)"
1.455404092145402,673,True,"('ksi_Gem', 'bright', 106)"
1.4302863553192013,674,True,"('ksi_Gem', 'bright', 106)"
1.4574373524608664,675,True,"('ksi_Gem', 'bright', 106)"
1.5031501161923717,676,True,"('ksi_Gem', 'bright', 106)"
1.4582202472643997,677,True,"('ksi_Gem', 'bright', 106)"
1.4637523751935528,678,True,"('ksi_Gem', 'bright', 106)"
1.4880857085204362,679,True,"('ksi_Gem', 'bright', 106)"
1.4781642302015667,680,True,"('ksi_Gem', 'bright', 106)"
1.4608012602557252,681,True,"('ksi_Gem', 'bright', 106)"
1.496677444020829,682,True,"('ksi_Gem', 'bright', 106)"
1.4449587792102678,683,True,"('ksi_Gem', 'bright', 106)"
1.4645494284118734,684,True,"('ksi_Gem', 'bright', 106)"
1.4754988644448623,685,True,"('ksi_Gem', 'bright', 106)"
1.4659771093281468,686,True,"('ksi_Gem', 'bright', 106)"
1.473388046124725,687,True,"('ksi_Gem', 'bright', 106)"
1.46761462008054,688,True,"('ksi_Gem', 'bright', 106)"
1.472016313759607,689,True,"('ksi_Gem', 'bright', 106)"
1.4647265417331394,690,True,"('ksi_Gem', 'bright', 106)"
1.4361639320834818,691,True,"('ksi_Gem', 'bright', 106)"
1.464401881209885,692,True,"('ksi_Gem', 'bright', 106)"
1.4473176093483364,693,True,"('ksi_Gem', 'bright', 106)"
1.4397715160264342,694,True,"('ksi_Gem', 'bright', 106)"
1.4697028410395956,695,True,"('ksi_Gem', 'bright', 106)"
1.4445479836319044,696,True,"('ksi_Gem', 'bright', 106)"
1.4694917153634506,697,True,"('ksi_Gem', 'bright', 106)"
1.4350161500250485,698,True,"('ksi_Gem', 'bright', 106)"
1.5051820809728973,699,True,"('ksi_Gem', 'bright', 106)"
1.457264004368772,700,True,"('ksi_Gem', 'bright', 106)"
1.4518416874150568,701,True,"('ksi_Gem', 'bright', 106)"
1.4762056109815629,702,True,"('ksi_Gem', 'bright', 106)"
1.4516565799003252,703,True,"('ksi_Gem', 'bright', 106)"
1.455156573951568,704,True,"('ksi_Gem', 'bright', 106)"
1.4690031045227283,705,True,"('ksi_Gem', 'bright', 106)"
1.478476734841981,706,True,"('ksi_Gem', 'bright', 106)"
1.4562590192107694,707,True,"('ksi_Gem', 'bright', 106)"
1.4626517402799846,708,True,"('ksi_Gem', 'bright', 106)"
1.452772328741004,709,True,"('ksi_Gem', 'bright', 106)"
1.4629540890472286,710,True,"('ksi_Gem', 'bright', 106)"
1.4229549264418164,711,True,"('ksi_Gem', 'bright', 106)"
1.4806393158110687,712,True,"('ksi_Gem', 'bright', 106)"
1.4795509664281121,713,True,"('ksi_Gem', 'bright', 106)"
1.4664140062698487,714,True,"('ksi_Gem', 'bright', 106)"
1.4337524067485812,715,True,"('ksi_Gem', 'bright', 106)"
1.4592719870927189,716,True,"('ksi_Gem', 'bright', 106)"
1.4756205651126386,717,True,"('ksi_Gem', 'bright', 106)"
1.494501103640442,718,True,"('ksi_Gem', 'bright', 106)"
1.4838853052014738,719,True,"('ksi_Gem', 'bright', 106)"
1.4760216658977705,720,True,"('ksi_Gem', 'bright', 106)"
1.4603993182382038,721,True,"('ksi_Gem', 'bright', 106)"
1.4666832506624867,722,True,"('ksi_Gem', 'bright', 106)"
1.5148826489138012,723,True,"('ksi_Gem', 'bright', 106)"
1.4554744136561937,724,True,"('ksi_Gem', 'bright', 106)"
1.468953086662778,725,True,"('ksi_Gem', 'bright', 106)"
1.5072177560731759,726,True,"('ksi_Gem', 'bright', 106)"
1.4525138454763458,727,True,"('ksi_Gem', 'bright', 106)"
1.4889631253770763,728,True,"('ksi_Gem', 'bright', 106)"
1.4413011828732414,729,True,"('ksi_Gem', 'bright', 106)"
1.4362260108624305,730,True,"('ksi_Gem', 'bright', 106)"
1.474939836137044,731,True,"('ksi_Gem', 'bright', 106)"
1.411934947223987,732,True,"('ksi_Gem', 'bright', 106)"
1.4539901135484439,733,True,"('ksi_Gem', 'bright', 106)"
1.4717020039503765,734,True,"('ksi_Gem', 'bright', 106)"
1.4563044125350064,735,True,"('ksi_Gem', 'bright', 106)"
1.4533891590638857,736,True,"('ksi_Gem', 'bright', 106)"
1.4615810466261732,737,True,"('ksi_Gem', 'bright', 106)"
1.4501522911409133,738,True,"('ksi_Gem', 'bright', 106)"
1.4618147525364351,739,True,"('ksi_Gem', 'bright', 106)"
1.4663205029418933,740,True,"('ksi_Gem', 'bright', 106)"
1.461965830898275,741,True,"('ksi_Gem', 'bright', 106)"
1.4947808150900785,742,True,"('ksi_Gem', 'bright', 106)"
1.4851466537788343,743,True,"('ksi_Gem', 'bright', 106)"
1.4551162251287475,744,True,"('ksi_Gem', 'bright', 106)"
1.4427552338992953,745,True,"('ksi_Gem', 'bright', 106)"
1.4778223460646147,746,True,"('ksi_Gem', 'bright', 106)"
1.4692604184121043,747,True,"('ksi_Gem', 'bright', 106)"
1.4579621516069248,748,True,"('ksi_Gem', 'bright', 106)"
1.4883337646457897,749,True,"('ksi_Gem', 'bright', 106)"
1.489463228765563,750,True,"('ksi_Gem', 'bright', 106)"
1.443961730380797,751,True,"('ksi_Gem', 'bright', 106)"
1.4447918028293951,752,True,"('ksi_Gem', 'bright', 106)"
1.4335181385488474,753,True,"('ksi_Gem', 'bright', 106)"
1.4518195721685685,754,True,"('ksi_Gem', 'bright', 106)"
1.4271519869489844,755,True,"('ksi_Gem', 'bright', 106)"
1.4603235064466722,756,True,"('ksi_Gem', 'bright', 106)"
1.4315213776457794,757,True,"('ksi_Gem', 'bright', 106)"
1.4631779879923146,758,True,"('ksi_Gem', 'bright', 106)"
1.4369449440645898,759,True,"('ksi_Gem', 'bright', 106)"
1.482273909959743,760,True,"('ksi_Gem', 'bright', 106)"
1.4669371982653374,761,True,"('ksi_Gem', 'bright', 106)"
1.4775548931414821,762,True,"('ksi_Gem', 'bright', 106)"
1.5272226779117686,763,True,"('ksi_Gem', 'bright', 106)"
1.4611016150584397,764,True,"('ksi_Gem', 'bright', 106)"
1.4650885271859564,765,True,"('ksi_Gem', 'bright', 106)"
1.485332329235071,766,True,"('ksi_Gem', 'bright', 106)"
1.5041666229204753,767,True,"('ksi_Gem', 'bright', 106)"
1.4759266663644364,768,True,"('ksi_Gem', 'bright', 106)"
1.45206873767608,769,True,"('ksi_Gem', 'bright', 106)"
1.4556950858615476,770,True,"('ksi_Gem', 'bright', 106)"
1.481408838166303,771,True,"('ksi_Gem', 'bright', 106)"
1.4857079221824463,772,True,"('ksi_Gem', 'bright', 106)"
1.414399029831632,773,True,"('ksi_Gem', 'bright', 106)"
1.4594747127206953,774,True,"('ksi_Gem', 'bright', 106)"
1.4608869704975027,775,True,"('ksi_Gem', 'bright', 106)"
1.4762111625786274,776,True,"('ksi_Gem', 'bright', 106)"
1.459388721832373,777,True,"('ksi_Gem', 'bright', 106)"
1.4578440122565899,778,True,"('ksi_Gem', 'bright', 106)"
1.441169134616925,779,True,"('ksi_Gem', 'bright', 106)"
1.4997089800810612,780,True,"('ksi_Gem', 'bright', 106)"
1.458494006063797,781,True,"('ksi_Gem', 'bright', 106)"
1.4486265602185764,782,True,"('ksi_Gem', 'bright', 106)"
1.4697348625126205,783,True,"('ksi_Gem', 'bright', 106)"
1.4693336361329379,784,True,"('ksi_Gem', 'bright', 106)"
1.4736155657605816,785,True,"('ksi_Gem', 'bright', 106)"
1.4447745959971316,786,True,"('ksi_Gem', 'bright', 106)"
1.4786853239978774,787,True,"('ksi_Gem', 'bright', 106)"
1.4448221991707522,788,True,"('ksi_Gem', 'bright', 106)"
1.459863947125885,789,True,"('ksi_Gem', 'bright', 106)"
1.468836453024664,790,True,"('ksi_Gem', 'bright', 106)"
1.4980916107771565,791,True,"('ksi_Gem', 'bright', 106)"
1.4573047819492422,792,True,"('ksi_Gem', 'bright', 106)"
1.4763362154526258,793,True,"('ksi_Gem', 'bright', 106)"
1.4645702061768957,794,True,"('ksi_Gem', 'bright', 106)"
1.4684896396259333,795,True,"('ksi_Gem', 'bright', 106)"
1.431806374737519,796,True,"('ksi_Gem', 'bright', 106)"
1.4703867132486408,797,True,"('ksi_Gem', 'bright', 106)"
1.4031077103792016,798,True,"('ksi_Gem', 'bright', 106)"
1.5014522142771092,799,True,"('ksi_Gem', 'bright', 106)"
1.4662259882098003,800,True,"('ksi_Gem', 'bright', 106)"
1.4940468753825518,801,True,"('ksi_Gem', 'bright', 106)"
1.4817847507376856,802,True,"('ksi_Gem', 'bright', 106)"
1.458414882139692,803,True,"('ksi_Gem', 'bright', 106)"
1.4595919228954721,804,True,"('ksi_Gem', 'bright', 106)"
1.459323242665026,805,True,"('ksi_Gem', 'bright', 106)"
1.486283768904166,806,True,"('ksi_Gem', 'bright', 106)"
1.4696896863993272,807,True,"('ksi_Gem', 'bright', 106)"
1.4306804151301482,808,True,"('ksi_Gem', 'bright', 106)"
1.4724306787573542,809,True,"('ksi_Gem', 'bright', 106)"
1.4879097071618261,810,True,"('ksi_Gem', 'bright', 106)"
1.5086871776743438,811,True,"('ksi_Gem', 'bright', 106)"
1.45799369682446,812,True,"('ksi_Gem', 'bright', 106)"
1.468694288986385,813,True,"('ksi_Gem', 'bright', 106)"
1.4241331367311962,814,True,"('ksi_Gem', 'bright', 106)"
1.4703228797584107,815,True,"('ksi_Gem', 'bright', 106)"
1.4680525923034735,816,True,"('ksi_Gem', 'bright', 106)"
1.492356011664669,817,True,"('ksi_Gem', 'bright', 106)"
1.4765359107148741,818,True,"('ksi_Gem', 'bright', 106)"
1.4186990868466398,819,True,"('ksi_Gem', 'bright', 106)"
1.4194462205505043,820,True,"('ksi_Gem', 'bright', 106)"
1.4791642632223254,821,True,"('ksi_Gem', 'bright', 106)"
1.4523014259587637,822,True,"('ksi_Gem', 'bright', 106)"
1.4390302933140633,823,True,"('ksi_Gem', 'bright', 106)"
1.466177476393275,824,True,"('ksi_Gem', 'bright', 106)"
1.473842527090344,825,True,"('ksi_Gem', 'bright', 106)"
1.4633555937083602,826,True,"('ksi_Gem', 'bright', 106)"
1.4222275094139456,827,True,"('ksi_Gem', 'bright', 106)"
1.4463156929312717,828,True,"('ksi_Gem', 'bright', 106)"
1.4243701339176291,829,True,"('ksi_Gem', 'bright', 106)"
1.4651097644826185,830,True,"('ksi_Gem', 'bright', 106)"
1.5018086415568663,831,True,"('ksi_Gem', 'bright', 106)"
1.4874055699542963,832,True,"('ksi_Gem', 'bright', 106)"
1.4370021549031582,833,True,"('ksi_Gem', 'bright', 106)"
1.4719451907385481,834,True,"('ksi_Gem', 'bright', 106)"
1.4513725069223378,835,True,"('ksi_Gem', 'bright', 106)"
1.4514797973572942,836,True,"('ksi_Gem', 'bright', 106)"
1.4574969994556546,837,True,"('ksi_Gem', 'bright', 106)"
1.4343020923046115,838,True,"('ksi_Gem', 'bright', 106)"
1.4370814301952084,839,True,"('ksi_Gem', 'bright', 106)"
1.4507107266132688,840,True,"('ksi_Gem', 'bright', 106)"
1.4887696632128107,841,True,"('ksi_Gem', 'bright', 106)"
1.5057214759686177,842,True,"('ksi_Gem', 'bright', 106)"
1.4666271137366234,843,True,"('ksi_Gem', 'bright', 106)"
1.4910110824169813,844,True,"('ksi_Gem', 'bright', 106)"
1.4606825823197414,845,True,"('ksi_Gem', 'bright', 106)"
1.4553866321158615,846,True,"('ksi_Gem', 'bright', 106)"
1.4392928157004798,847,True,"('ksi_Gem', 'bright', 106)"
1.5061998661271485,848,True,"('ksi_Gem', 'bright', 106)"
1.466739263750171,849,True,"('ksi_Gem', 'bright', 106)"
1.4544917376418982,850,True,"('ksi_Gem', 'bright', 106)"
1.4430628328547337,851,True,"('ksi_Gem', 'bright', 106)"
1.5127838049528306,852,True,"('ksi_Gem', 'bright', 106)"
1.5005700243178233,853,True,"('ksi_Gem', 'bright', 106)"
1.4588351665672727,854,True,"('ksi_Gem', 'bright', 106)"
1.4589737151206164,855,True,"('ksi_Gem', 'bright', 106)"
1.5327701064167747,856,True,"('ksi_Gem', 'bright', 106)"
1.4750867814534023,857,True,"('ksi_Gem', 'bright', 106)"
1.4750840874738915,858,True,"('ksi_Gem', 'bright', 106)"
1.4753202410027537,859,True,"('ksi_Gem', 'bright', 106)"
1.5100953669862605,860,True,"('ksi_Gem', 'bright', 106)"
1.508776626233669,861,True,"('ksi_Gem', 'bright', 106)"
1.5069640704541047,862,True,"('ksi_Gem', 'bright', 106)"
1.4504621640725575,863,True,"('ksi_Gem', 'bright', 106)"
1.4223977881636636,864,True,"('ksi_Gem', 'bright', 106)"
1.4618473655194273,865,True,"('ksi_Gem', 'bright', 106)"
1.5038759720500983,866,True,"('ksi_Gem', 'bright', 106)"
1.4467453649182132,867,True,"('ksi_Gem', 'bright', 106)"
1.4402818747662003,868,True,"('ksi_Gem', 'bright', 106)"
1.4992175781506532,869,True,"('ksi_Gem', 'bright', 106)"
1.4767536337129663,870,True,"('ksi_Gem', 'bright', 106)"
1.4728103979225564,871,True,"('ksi_Gem', 'bright', 106)"
1.4791515997928386,872,True,"('ksi_Gem', 'bright', 106)"
1.4667759368333677,873,True,"('ksi_Gem', 'bright', 106)"
1.408479492565047,874,True,"('ksi_Gem', 'bright', 106)"
1.462636417677039,875,True,"('ksi_Gem', 'bright', 106)"
1.4455498678981522,876,True,"('ksi_Gem', 'bright', 106)"
1.4810372242536793,877,True,"('ksi_Gem', 'bright', 106)"
1.490190992722743,878,True,"('ksi_Gem', 'bright', 106)"
1.4624202555833985,879,True,"('ksi_Gem', 'bright', 106)"
1.4878608270728781,880,True,"('ksi_Gem', 'bright', 106)"
1.416331091874106,881,True,"('ksi_Gem', 'bright', 106)"
1.4998586564231526,882,True,"('ksi_Gem', 'bright', 106)"
1.441876279304072,883,True,"('ksi_Gem', 'bright', 106)"
1.4572291630094745,884,True,"('ksi_Gem', 'bright', 106)"
1.438853577001386,885,True,"('ksi_Gem', 'bright', 106)"
1.3988607714289052,886,True,"('ksi_Gem', 'bright', 106)"
1.4561448369897716,887,True,"('ksi_Gem', 'bright', 106)"
1.4291926486586952,888,True,"('ksi_Gem', 'bright', 106)"
1.4621584403448893,889,True,"('ksi_Gem', 'bright', 106)"
1.4832656956258596,890,True,"('ksi_Gem', 'bright', 106)"
1.4556627683788248,891,True,"('ksi_Gem', 'bright', 106)"
1.4710228623550776,892,True,"('ksi_Gem', 'bright', 106)"
1.4979024121507645,893,True,"('ksi_Gem', 'bright', 106)"
1.463881726829561,894,True,"('ksi_Gem', 'bright', 106)"
1.455654236000433,895,True,"('ksi_Gem', 'bright', 106)"
1.4837006235364194,896,True,"('ksi_Gem', 'bright', 106)"
1.4573792982698832,897,True,"('ksi_Gem', 'bright', 106)"
1.452044048969991,898,True,"('ksi_Gem', 'bright', 106)"
1.4416171015238028,899,True,"('ksi_Gem', 'bright', 106)"
1.456427903386591,900,True,"('ksi_Gem', 'bright', 106)"
1.4513431026595276,901,True,"('ksi_Gem', 'bright', 106)"
1.4361027871482774,902,True,"('ksi_Gem', 'bright', 106)"
1.4488403785765778,903,True,"('ksi_Gem', 'bright', 106)"
1.4475476393345128,904,True,"('ksi_Gem', 'bright', 106)"
1.4537497594700337,905,True,"('ksi_Gem', 'bright', 106)"
1.435172486830127,906,True,"('ksi_Gem', 'bright', 106)"
1.4778750457733647,907,True,"('ksi_Gem', 'bright', 106)"
1.469686807066375,908,True,"('ksi_Gem', 'bright', 106)"
1.440460399685999,909,True,"('ksi_Gem', 'bright', 106)"
1.4627235819608868,910,True,"('ksi_Gem', 'bright', 106)"
1.4586832421909883,911,True,"('ksi_Gem', 'bright', 106)"
1.5096494089751644,912,True,"('ksi_Gem', 'bright', 106)"
1.458454500161159,913,True,"('ksi_Gem', 'bright', 106)"
1.4349835100784096,914,True,"('ksi_Gem', 'bright', 106)"
1.441397461227974,915,True,"('ksi_Gem', 'bright', 106)"
1.473250260794439,916,True,"('ksi_Gem', 'bright', 106)"
1.4831607723868039,917,True,"('ksi_Gem', 'bright', 106)"
1.4784737738598728,918,True,"('ksi_Gem', 'bright', 106)"
1.4174505293767223,919,True,"('ksi_Gem', 'bright', 106)"
1.428502008971745,920,True,"('ksi_Gem', 'bright', 106)"
1.4112319708062786,921,True,"('ksi_Gem', 'bright', 106)"
1.4843998883598106,922,True,"('ksi_Gem', 'bright', 106)"
1.4435360877342993,923,True,"('ksi_Gem', 'bright', 106)"
1.4636219606931082,924,True,"('ksi_Gem', 'bright', 106)"
1.441543421856516,925,True,"('ksi_Gem', 'bright', 106)"
1.4612675246410862,926,True,"('ksi_Gem', 'bright', 106)"
1.4681405156347669,927,True,"('ksi_Gem', 'bright', 106)"
1.4313372782485327,928,True,"('ksi_Gem', 'bright', 106)"
1.4811409286693729,929,True,"('ksi_Gem', 'bright', 106)"
1.43350853251468,930,True,"('ksi_Gem', 'bright', 106)"
1.4278122410984628,931,True,"('ksi_Gem', 'bright', 106)"
1.4459354369592066,932,True,"('ksi_Gem', 'bright', 106)"
1.41833875894944,933,True,"('ksi_Gem', 'bright', 106)"
1.5112843636763096,934,True,"('ksi_Gem', 'bright', 106)"
1.4512810574593686,935,True,"('ksi_Gem', 'bright', 106)"
1.495270686105212,936,True,"('ksi_Gem', 'bright', 106)"
1.47209780500802,937,True,"('ksi_Gem', 'bright', 106)"
1.4409241452671218,938,True,"('ksi_Gem', 'bright', 106)"
1.4936913963203315,939,True,"('ksi_Gem', 'bright', 106)"
1.4397034892033207,940,True,"('ksi_Gem', 'bright', 106)"
1.4823491102099824,941,True,"('ksi_Gem', 'bright', 106)"
1.4630047959181807,942,True,"('ksi_Gem', 'bright', 106)"
1.4598189445869325,943,True,"('ksi_Gem', 'bright', 106)"
1.4733539883970952,944,True,"('ksi_Gem', 'bright', 106)"
1.4550909021206995,945,True,"('ksi_Gem', 'bright', 106)"
1.472045811774501,946,True,"('ksi_Gem', 'bright', 106)"
1.447423004593148,947,True,"('ksi_Gem', 'bright', 106)"
1.4656522935292648,948,True,"('ksi_Gem', 'bright', 106)"
1.4852050622522863,949,True,"('ksi_Gem', 'bright', 106)"
1.4905695429224992,950,True,"('ksi_Gem', 'bright', 106)"
1.4415696189174096,951,True,"('ksi_Gem', 'bright', 106)"
1.459798139408871,952,True,"('ksi_Gem', 'bright', 106)"
1.4261314907036793,953,True,"('ksi_Gem', 'bright', 106)"
1.518435148361014,954,True,"('ksi_Gem', 'bright', 106)"
1.4524865684139776,955,True,"('ksi_Gem', 'bright', 106)"
1.4665014790690691,956,True,"('ksi_Gem', 'bright', 106)"
1.42286806510889,957,True,"('ksi_Gem', 'bright', 106)"
1.443676028432626,958,True,"('ksi_Gem', 'bright', 106)"
1.4566278280167482,959,True,"('ksi_Gem', 'bright', 106)"
1.4819709825931062,960,True,"('ksi_Gem', 'bright', 106)"
1.4806232524172978,961,True,"('ksi_Gem', 'bright', 106)"
1.443323471681549,962,True,"('ksi_Gem', 'bright', 106)"
1.4323896223673995,963,True,"('ksi_Gem', 'bright', 106)"
1.4608353643425036,964,True,"('ksi_Gem', 'bright', 106)"
1.5135144904120066,965,True,"('ksi_Gem', 'bright', 106)"
1.4652617940681698,966,True,"('ksi_Gem', 'bright', 106)"
1.495524901778692,967,True,"('ksi_Gem', 'bright', 106)"
1.4835652949666742,968,True,"('ksi_Gem', 'bright', 106)"
1.4846165080543137,969,True,"('ksi_Gem', 'bright', 106)"
1.4299616713764625,970,True,"('ksi_Gem', 'bright', 106)"
1.4812526552189675,971,True,"('ksi_Gem', 'bright', 106)"
1.4347265270027276,972,True,"('ksi_Gem', 'bright', 106)"
1.4980431548175124,973,True,"('ksi_Gem', 'bright', 106)"
1.4556797054555528,974,True,"('ksi_Gem', 'bright', 106)"
1.4296898884975668,975,True,"('ksi_Gem', 'bright', 106)"
1.47308109638528,976,True,"('ksi_Gem', 'bright', 106)"
1.4549940679950897,977,True,"('ksi_Gem', 'bright', 106)"
1.4984952659467257,978,True,"('ksi_Gem', 'bright', 106)"
1.4656501327224378,979,True,"('ksi_Gem', 'bright', 106)"
1.4703421556310579,980,True,"('ksi_Gem', 'bright', 106)"
1.4480571465336107,981,True,"('ksi_Gem', 'bright', 106)"
1.4342607879844769,982,True,"('ksi_Gem', 'bright', 106)"
1.4810577905199995,983,True,"('ksi_Gem', 'bright', 106)"
1.4926455434656363,984,True,"('ksi_Gem', 'bright', 106)"
1.4631729372781175,985,True,"('ksi_Gem', 'bright', 106)"
1.474872431292173,986,True,"('ksi_Gem', 'bright', 106)"
1.4459583254671275,987,True,"('ksi_Gem', 'bright', 106)"
1.4572650696423488,988,True,"('ksi_Gem', 'bright', 106)"
1.4793096585206642,989,True,"('ksi_Gem', 'bright', 106)"
1.5263018566678064,990,True,"('ksi_Gem', 'bright', 106)"
1.528659243957937,991,True,"('ksi_Gem', 'bright', 106)"
1.4320412388009172,992,True,"('ksi_Gem', 'bright', 106)"
1.4489910756517723,993,True,"('ksi_Gem', 'bright', 106)"
1.4563760033974227,994,True,"('ksi_Gem', 'bright', 106)"
1.4398192022496017,995,True,"('ksi_Gem', 'bright', 106)"
1.4854516899785544,996,True,"('ksi_Gem', 'bright', 106)"
1.4470930550151617,997,True,"('ksi_Gem', 'bright', 106)"
1.4581259040683316,998,True,"('ksi_Gem', 'bright', 106)"
1.4666767286968718,999,True,"('ksi_Gem', 'bright', 106)"
