bootstrap_i,duration_seconds,end_time,error_message,error_type,ldd_csv,n_e_pred_LDD_nan,n_ldd_targets,n_nights,n_pred_LDD_nan,n_result_files_after,n_result_files_before,n_result_files_created,n_sequences,n_visibility_files,start_time,status,traceback_file,txt_log,visibility_csv,visibility_pdf
0,354.052977,2026-07-12 05:11:59.441091,,,/home2/ihernand/Desktop/reach/results/26-07-10_i500/bootstrap_diagnostics_run_000/bootstrap_000_ldd_inputs.csv,1,84,16,1,87,87,0,22,87,2026-07-12 05:06:05.388114,OK,/home2/ihernand/Desktop/reach/results/26-07-10_i500/bootstrap_diagnostics_run_000/bootstrap_000_traceback.txt,/home2/ihernand/Desktop/reach/results/26-07-10_i500/bootstrap_diagnostics_run_000/bootstrap_000_log.txt,/home2/ihernand/Desktop/reach/results/26-07-10_i500/bootstrap_diagnostics_run_000/visibility_plots/bootstrap_visibility_000_summary.csv,/home2/ihernand/Desktop/reach/results/26-07-10_i500/bootstrap_diagnostics_run_000/visibility_plots/bootstrap_visibility_000.pdf
1,350.814089,2026-07-12 05:17:50.255438,,,/home2/ihernand/Desktop/reach/results/26-07-10_i500/bootstrap_diagnostics_run_000/bootstrap_001_ldd_inputs.csv,1,84,16,1,87,87,0,22,87,2026-07-12 05:11:59.441349,OK,/home2/ihernand/Desktop/reach/results/26-07-10_i500/bootstrap_diagnostics_run_000/bootstrap_001_traceback.txt,/home2/ihernand/Desktop/reach/results/26-07-10_i500/bootstrap_diagnostics_run_000/bootstrap_001_log.txt,/home2/ihernand/Desktop/reach/results/26-07-10_i500/bootstrap_diagnostics_run_000/visibility_plots/bootstrap_visibility_001_summary.csv,/home2/ihernand/Desktop/reach/results/26-07-10_i500/bootstrap_diagnostics_run_000/visibility_plots/bootstrap_visibility_001.pdf
2,351.649128,2026-07-12 05:23:41.904778,,,/home2/ihernand/Desktop/reach/results/26-07-10_i500/bootstrap_diagnostics_run_000/bootstrap_002_ldd_inputs.csv,1,84,16,1,87,87,0,22,87,2026-07-12 05:17:50.255650,OK,/home2/ihernand/Desktop/reach/results/26-07-10_i500/bootstrap_diagnostics_run_000/bootstrap_002_traceback.txt,/home2/ihernand/Desktop/reach/results/26-07-10_i500/bootstrap_diagnostics_run_000/bootstrap_002_log.txt,/home2/ihernand/Desktop/reach/results/26-07-10_i500/bootstrap_diagnostics_run_000/visibility_plots/bootstrap_visibility_002_summary.csv,/home2/ihernand/Desktop/reach/results/26-07-10_i500/bootstrap_diagnostics_run_000/visibility_plots/bootstrap_visibility_002.pdf
3,350.02416,2026-07-12 05:29:31.929146,,,/home2/ihernand/Desktop/reach/results/26-07-10_i500/bootstrap_diagnostics_run_000/bootstrap_003_ldd_inputs.csv,1,84,16,1,87,87,0,22,87,2026-07-12 05:23:41.904986,OK,/home2/ihernand/Desktop/reach/results/26-07-10_i500/bootstrap_diagnostics_run_000/bootstrap_003_traceback.txt,/home2/ihernand/Desktop/reach/results/26-07-10_i500/bootstrap_diagnostics_run_000/bootstrap_003_log.txt,/home2/ihernand/Desktop/reach/results/26-07-10_i500/bootstrap_diagnostics_run_000/visibility_plots/bootstrap_visibility_003_summary.csv,/home2/ihernand/Desktop/reach/results/26-07-10_i500/bootstrap_diagnostics_run_000/visibility_plots/bootstrap_visibility_003.pdf
4,425.93438,2026-07-12 05:36:37.863719,,,/home2/ihernand/Desktop/reach/results/26-07-10_i500/bootstrap_diagnostics_run_000/bootstrap_004_ldd_inputs.csv,1,84,16,1,87,87,0,22,87,2026-07-12 05:29:31.929339,OK,/home2/ihernand/Desktop/reach/results/26-07-10_i500/bootstrap_diagnostics_run_000/bootstrap_004_traceback.txt,/home2/ihernand/Desktop/reach/results/26-07-10_i500/bootstrap_diagnostics_run_000/bootstrap_004_log.txt,/home2/ihernand/Desktop/reach/results/26-07-10_i500/bootstrap_diagnostics_run_000/visibility_plots/bootstrap_visibility_004_summary.csv,/home2/ihernand/Desktop/reach/results/26-07-10_i500/bootstrap_diagnostics_run_000/visibility_plots/bootstrap_visibility_004.pdf
5,349.836988,2026-07-12 05:42:27.700935,,,/home2/ihernand/Desktop/reach/results/26-07-10_i500/bootstrap_diagnostics_run_000/bootstrap_005_ldd_inputs.csv,1,84,16,1,87,87,0,22,87,2026-07-12 05:36:37.863947,OK,/home2/ihernand/Desktop/reach/results/26-07-10_i500/bootstrap_diagnostics_run_000/bootstrap_005_traceback.txt,/home2/ihernand/Desktop/reach/results/26-07-10_i500/bootstrap_diagnostics_run_000/bootstrap_005_log.txt,/home2/ihernand/Desktop/reach/results/26-07-10_i500/bootstrap_diagnostics_run_000/visibility_plots/bootstrap_visibility_005_summary.csv,/home2/ihernand/Desktop/reach/results/26-07-10_i500/bootstrap_diagnostics_run_000/visibility_plots/bootstrap_visibility_005.pdf
6,351.609729,2026-07-12 05:48:19.310908,,,/home2/ihernand/Desktop/reach/results/26-07-10_i500/bootstrap_diagnostics_run_000/bootstrap_006_ldd_inputs.csv,1,84,16,1,87,87,0,22,87,2026-07-12 05:42:27.701179,OK,/home2/ihernand/Desktop/reach/results/26-07-10_i500/bootstrap_diagnostics_run_000/bootstrap_006_traceback.txt,/home2/ihernand/Desktop/reach/results/26-07-10_i500/bootstrap_diagnostics_run_000/bootstrap_006_log.txt,/home2/ihernand/Desktop/reach/results/26-07-10_i500/bootstrap_diagnostics_run_000/visibility_plots/bootstrap_visibility_006_summary.csv,/home2/ihernand/Desktop/reach/results/26-07-10_i500/bootstrap_diagnostics_run_000/visibility_plots/bootstrap_visibility_006.pdf
7,351.526081,2026-07-12 05:54:10.837219,,,/home2/ihernand/Desktop/reach/results/26-07-10_i500/bootstrap_diagnostics_run_000/bootstrap_007_ldd_inputs.csv,1,84,16,1,87,87,0,22,87,2026-07-12 05:48:19.311138,OK,/home2/ihernand/Desktop/reach/results/26-07-10_i500/bootstrap_diagnostics_run_000/bootstrap_007_traceback.txt,/home2/ihernand/Desktop/reach/results/26-07-10_i500/bootstrap_diagnostics_run_000/bootstrap_007_log.txt,/home2/ihernand/Desktop/reach/results/26-07-10_i500/bootstrap_diagnostics_run_000/visibility_plots/bootstrap_visibility_007_summary.csv,/home2/ihernand/Desktop/reach/results/26-07-10_i500/bootstrap_diagnostics_run_000/visibility_plots/bootstrap_visibility_007.pdf
8,351.443591,2026-07-12 06:00:02.281039,,,/home2/ihernand/Desktop/reach/results/26-07-10_i500/bootstrap_diagnostics_run_000/bootstrap_008_ldd_inputs.csv,1,84,16,1,87,87,0,22,87,2026-07-12 05:54:10.837448,OK,/home2/ihernand/Desktop/reach/results/26-07-10_i500/bootstrap_diagnostics_run_000/bootstrap_008_traceback.txt,/home2/ihernand/Desktop/reach/results/26-07-10_i500/bootstrap_diagnostics_run_000/bootstrap_008_log.txt,/home2/ihernand/Desktop/reach/results/26-07-10_i500/bootstrap_diagnostics_run_000/visibility_plots/bootstrap_visibility_008_summary.csv,/home2/ihernand/Desktop/reach/results/26-07-10_i500/bootstrap_diagnostics_run_000/visibility_plots/bootstrap_visibility_008.pdf
9,350.869624,2026-07-12 06:05:53.150888,,,/home2/ihernand/Desktop/reach/results/26-07-10_i500/bootstrap_diagnostics_run_000/bootstrap_009_ldd_inputs.csv,1,84,16,1,87,87,0,22,87,2026-07-12 06:00:02.281264,OK,/home2/ihernand/Desktop/reach/results/26-07-10_i500/bootstrap_diagnostics_run_000/bootstrap_009_traceback.txt,/home2/ihernand/Desktop/reach/results/26-07-10_i500/bootstrap_diagnostics_run_000/bootstrap_009_log.txt,/home2/ihernand/Desktop/reach/results/26-07-10_i500/bootstrap_diagnostics_run_000/visibility_plots/bootstrap_visibility_009_summary.csv,/home2/ihernand/Desktop/reach/results/26-07-10_i500/bootstrap_diagnostics_run_000/visibility_plots/bootstrap_visibility_009.pdf
10,350.060087,2026-07-12 06:11:43.211206,,,/home2/ihernand/Desktop/reach/results/26-07-10_i500/bootstrap_diagnostics_run_000/bootstrap_010_ldd_inputs.csv,1,84,16,1,87,87,0,22,87,2026-07-12 06:05:53.151119,OK,/home2/ihernand/Desktop/reach/results/26-07-10_i500/bootstrap_diagnostics_run_000/bootstrap_010_traceback.txt,/home2/ihernand/Desktop/reach/results/26-07-10_i500/bootstrap_diagnostics_run_000/bootstrap_010_log.txt,/home2/ihernand/Desktop/reach/results/26-07-10_i500/bootstrap_diagnostics_run_000/visibility_plots/bootstrap_visibility_010_summary.csv,/home2/ihernand/Desktop/reach/results/26-07-10_i500/bootstrap_diagnostics_run_000/visibility_plots/bootstrap_visibility_010.pdf
11,350.757091,2026-07-12 06:17:33.968534,,,/home2/ihernand/Desktop/reach/results/26-07-10_i500/bootstrap_diagnostics_run_000/bootstrap_011_ldd_inputs.csv,1,84,16,1,87,87,0,22,87,2026-07-12 06:11:43.211443,OK,/home2/ihernand/Desktop/reach/results/26-07-10_i500/bootstrap_diagnostics_run_000/bootstrap_011_traceback.txt,/home2/ihernand/Desktop/reach/results/26-07-10_i500/bootstrap_diagnostics_run_000/bootstrap_011_log.txt,/home2/ihernand/Desktop/reach/results/26-07-10_i500/bootstrap_diagnostics_run_000/visibility_plots/bootstrap_visibility_011_summary.csv,/home2/ihernand/Desktop/reach/results/26-07-10_i500/bootstrap_diagnostics_run_000/visibility_plots/bootstrap_visibility_011.pdf
12,351.170582,2026-07-12 06:23:25.139346,,,/home2/ihernand/Desktop/reach/results/26-07-10_i500/bootstrap_diagnostics_run_000/bootstrap_012_ldd_inputs.csv,1,84,16,1,87,87,0,22,87,2026-07-12 06:17:33.968764,OK,/home2/ihernand/Desktop/reach/results/26-07-10_i500/bootstrap_diagnostics_run_000/bootstrap_012_traceback.txt,/home2/ihernand/Desktop/reach/results/26-07-10_i500/bootstrap_diagnostics_run_000/bootstrap_012_log.txt,/home2/ihernand/Desktop/reach/results/26-07-10_i500/bootstrap_diagnostics_run_000/visibility_plots/bootstrap_visibility_012_summary.csv,/home2/ihernand/Desktop/reach/results/26-07-10_i500/bootstrap_diagnostics_run_000/visibility_plots/bootstrap_visibility_012.pdf
13,351.42739,2026-07-12 06:29:16.566949,,,/home2/ihernand/Desktop/reach/results/26-07-10_i500/bootstrap_diagnostics_run_000/bootstrap_013_ldd_inputs.csv,1,84,16,1,87,87,0,22,87,2026-07-12 06:23:25.139559,OK,/home2/ihernand/Desktop/reach/results/26-07-10_i500/bootstrap_diagnostics_run_000/bootstrap_013_traceback.txt,/home2/ihernand/Desktop/reach/results/26-07-10_i500/bootstrap_diagnostics_run_000/bootstrap_013_log.txt,/home2/ihernand/Desktop/reach/results/26-07-10_i500/bootstrap_diagnostics_run_000/visibility_plots/bootstrap_visibility_013_summary.csv,/home2/ihernand/Desktop/reach/results/26-07-10_i500/bootstrap_diagnostics_run_000/visibility_plots/bootstrap_visibility_013.pdf
14,351.603558,2026-07-12 06:35:08.170717,,,/home2/ihernand/Desktop/reach/results/26-07-10_i500/bootstrap_diagnostics_run_000/bootstrap_014_ldd_inputs.csv,1,84,16,1,87,87,0,22,87,2026-07-12 06:29:16.567159,OK,/home2/ihernand/Desktop/reach/results/26-07-10_i500/bootstrap_diagnostics_run_000/bootstrap_014_traceback.txt,/home2/ihernand/Desktop/reach/results/26-07-10_i500/bootstrap_diagnostics_run_000/bootstrap_014_log.txt,/home2/ihernand/Desktop/reach/results/26-07-10_i500/bootstrap_diagnostics_run_000/visibility_plots/bootstrap_visibility_014_summary.csv,/home2/ihernand/Desktop/reach/results/26-07-10_i500/bootstrap_diagnostics_run_000/visibility_plots/bootstrap_visibility_014.pdf
15,350.474546,2026-07-12 06:40:58.645473,,,/home2/ihernand/Desktop/reach/results/26-07-10_i500/bootstrap_diagnostics_run_000/bootstrap_015_ldd_inputs.csv,1,84,16,1,87,87,0,22,87,2026-07-12 06:35:08.170927,OK,/home2/ihernand/Desktop/reach/results/26-07-10_i500/bootstrap_diagnostics_run_000/bootstrap_015_traceback.txt,/home2/ihernand/Desktop/reach/results/26-07-10_i500/bootstrap_diagnostics_run_000/bootstrap_015_log.txt,/home2/ihernand/Desktop/reach/results/26-07-10_i500/bootstrap_diagnostics_run_000/visibility_plots/bootstrap_visibility_015_summary.csv,/home2/ihernand/Desktop/reach/results/26-07-10_i500/bootstrap_diagnostics_run_000/visibility_plots/bootstrap_visibility_015.pdf
16,351.459861,2026-07-12 06:46:50.105541,,,/home2/ihernand/Desktop/reach/results/26-07-10_i500/bootstrap_diagnostics_run_000/bootstrap_016_ldd_inputs.csv,1,84,16,1,87,87,0,22,87,2026-07-12 06:40:58.645680,OK,/home2/ihernand/Desktop/reach/results/26-07-10_i500/bootstrap_diagnostics_run_000/bootstrap_016_traceback.txt,/home2/ihernand/Desktop/reach/results/26-07-10_i500/bootstrap_diagnostics_run_000/bootstrap_016_log.txt,/home2/ihernand/Desktop/reach/results/26-07-10_i500/bootstrap_diagnostics_run_000/visibility_plots/bootstrap_visibility_016_summary.csv,/home2/ihernand/Desktop/reach/results/26-07-10_i500/bootstrap_diagnostics_run_000/visibility_plots/bootstrap_visibility_016.pdf
17,352.081641,2026-07-12 06:52:42.187375,,,/home2/ihernand/Desktop/reach/results/26-07-10_i500/bootstrap_diagnostics_run_000/bootstrap_017_ldd_inputs.csv,1,84,16,1,87,87,0,22,87,2026-07-12 06:46:50.105734,OK,/home2/ihernand/Desktop/reach/results/26-07-10_i500/bootstrap_diagnostics_run_000/bootstrap_017_traceback.txt,/home2/ihernand/Desktop/reach/results/26-07-10_i500/bootstrap_diagnostics_run_000/bootstrap_017_log.txt,/home2/ihernand/Desktop/reach/results/26-07-10_i500/bootstrap_diagnostics_run_000/visibility_plots/bootstrap_visibility_017_summary.csv,/home2/ihernand/Desktop/reach/results/26-07-10_i500/bootstrap_diagnostics_run_000/visibility_plots/bootstrap_visibility_017.pdf
18,349.418555,2026-07-12 06:58:31.606165,,,/home2/ihernand/Desktop/reach/results/26-07-10_i500/bootstrap_diagnostics_run_000/bootstrap_018_ldd_inputs.csv,1,84,16,1,87,87,0,22,87,2026-07-12 06:52:42.187610,OK,/home2/ihernand/Desktop/reach/results/26-07-10_i500/bootstrap_diagnostics_run_000/bootstrap_018_traceback.txt,/home2/ihernand/Desktop/reach/results/26-07-10_i500/bootstrap_diagnostics_run_000/bootstrap_018_log.txt,/home2/ihernand/Desktop/reach/results/26-07-10_i500/bootstrap_diagnostics_run_000/visibility_plots/bootstrap_visibility_018_summary.csv,/home2/ihernand/Desktop/reach/results/26-07-10_i500/bootstrap_diagnostics_run_000/visibility_plots/bootstrap_visibility_018.pdf
19,351.658822,2026-07-12 07:04:23.265228,,,/home2/ihernand/Desktop/reach/results/26-07-10_i500/bootstrap_diagnostics_run_000/bootstrap_019_ldd_inputs.csv,1,84,16,1,87,87,0,22,87,2026-07-12 06:58:31.606406,OK,/home2/ihernand/Desktop/reach/results/26-07-10_i500/bootstrap_diagnostics_run_000/bootstrap_019_traceback.txt,/home2/ihernand/Desktop/reach/results/26-07-10_i500/bootstrap_diagnostics_run_000/bootstrap_019_log.txt,/home2/ihernand/Desktop/reach/results/26-07-10_i500/bootstrap_diagnostics_run_000/visibility_plots/bootstrap_visibility_019_summary.csv,/home2/ihernand/Desktop/reach/results/26-07-10_i500/bootstrap_diagnostics_run_000/visibility_plots/bootstrap_visibility_019.pdf
20,351.275219,2026-07-12 07:10:14.540642,,,/home2/ihernand/Desktop/reach/results/26-07-10_i500/bootstrap_diagnostics_run_000/bootstrap_020_ldd_inputs.csv,1,84,16,1,87,87,0,22,87,2026-07-12 07:04:23.265423,OK,/home2/ihernand/Desktop/reach/results/26-07-10_i500/bootstrap_diagnostics_run_000/bootstrap_020_traceback.txt,/home2/ihernand/Desktop/reach/results/26-07-10_i500/bootstrap_diagnostics_run_000/bootstrap_020_log.txt,/home2/ihernand/Desktop/reach/results/26-07-10_i500/bootstrap_diagnostics_run_000/visibility_plots/bootstrap_visibility_020_summary.csv,/home2/ihernand/Desktop/reach/results/26-07-10_i500/bootstrap_diagnostics_run_000/visibility_plots/bootstrap_visibility_020.pdf
21,351.909188,2026-07-12 07:16:06.450041,,,/home2/ihernand/Desktop/reach/results/26-07-10_i500/bootstrap_diagnostics_run_000/bootstrap_021_ldd_inputs.csv,1,84,16,1,87,87,0,22,87,2026-07-12 07:10:14.540853,OK,/home2/ihernand/Desktop/reach/results/26-07-10_i500/bootstrap_diagnostics_run_000/bootstrap_021_traceback.txt,/home2/ihernand/Desktop/reach/results/26-07-10_i500/bootstrap_diagnostics_run_000/bootstrap_021_log.txt,/home2/ihernand/Desktop/reach/results/26-07-10_i500/bootstrap_diagnostics_run_000/visibility_plots/bootstrap_visibility_021_summary.csv,/home2/ihernand/Desktop/reach/results/26-07-10_i500/bootstrap_diagnostics_run_000/visibility_plots/bootstrap_visibility_021.pdf
22,351.981679,2026-07-12 07:21:58.431929,,,/home2/ihernand/Desktop/reach/results/26-07-10_i500/bootstrap_diagnostics_run_000/bootstrap_022_ldd_inputs.csv,1,84,16,1,87,87,0,22,87,2026-07-12 07:16:06.450250,OK,/home2/ihernand/Desktop/reach/results/26-07-10_i500/bootstrap_diagnostics_run_000/bootstrap_022_traceback.txt,/home2/ihernand/Desktop/reach/results/26-07-10_i500/bootstrap_diagnostics_run_000/bootstrap_022_log.txt,/home2/ihernand/Desktop/reach/results/26-07-10_i500/bootstrap_diagnostics_run_000/visibility_plots/bootstrap_visibility_022_summary.csv,/home2/ihernand/Desktop/reach/results/26-07-10_i500/bootstrap_diagnostics_run_000/visibility_plots/bootstrap_visibility_022.pdf
23,351.439582,2026-07-12 07:27:49.871736,,,/home2/ihernand/Desktop/reach/results/26-07-10_i500/bootstrap_diagnostics_run_000/bootstrap_023_ldd_inputs.csv,1,84,16,1,87,87,0,22,87,2026-07-12 07:21:58.432154,OK,/home2/ihernand/Desktop/reach/results/26-07-10_i500/bootstrap_diagnostics_run_000/bootstrap_023_traceback.txt,/home2/ihernand/Desktop/reach/results/26-07-10_i500/bootstrap_diagnostics_run_000/bootstrap_023_log.txt,/home2/ihernand/Desktop/reach/results/26-07-10_i500/bootstrap_diagnostics_run_000/visibility_plots/bootstrap_visibility_023_summary.csv,/home2/ihernand/Desktop/reach/results/26-07-10_i500/bootstrap_diagnostics_run_000/visibility_plots/bootstrap_visibility_023.pdf
24,350.840323,2026-07-12 07:33:40.712286,,,/home2/ihernand/Desktop/reach/results/26-07-10_i500/bootstrap_diagnostics_run_000/bootstrap_024_ldd_inputs.csv,1,84,16,1,87,87,0,22,87,2026-07-12 07:27:49.871963,OK,/home2/ihernand/Desktop/reach/results/26-07-10_i500/bootstrap_diagnostics_run_000/bootstrap_024_traceback.txt,/home2/ihernand/Desktop/reach/results/26-07-10_i500/bootstrap_diagnostics_run_000/bootstrap_024_log.txt,/home2/ihernand/Desktop/reach/results/26-07-10_i500/bootstrap_diagnostics_run_000/visibility_plots/bootstrap_visibility_024_summary.csv,/home2/ihernand/Desktop/reach/results/26-07-10_i500/bootstrap_diagnostics_run_000/visibility_plots/bootstrap_visibility_024.pdf
25,350.517456,2026-07-12 07:39:31.229961,,,/home2/ihernand/Desktop/reach/results/26-07-10_i500/bootstrap_diagnostics_run_000/bootstrap_025_ldd_inputs.csv,1,84,16,1,87,87,0,22,87,2026-07-12 07:33:40.712505,OK,/home2/ihernand/Desktop/reach/results/26-07-10_i500/bootstrap_diagnostics_run_000/bootstrap_025_traceback.txt,/home2/ihernand/Desktop/reach/results/26-07-10_i500/bootstrap_diagnostics_run_000/bootstrap_025_log.txt,/home2/ihernand/Desktop/reach/results/26-07-10_i500/bootstrap_diagnostics_run_000/visibility_plots/bootstrap_visibility_025_summary.csv,/home2/ihernand/Desktop/reach/results/26-07-10_i500/bootstrap_diagnostics_run_000/visibility_plots/bootstrap_visibility_025.pdf
26,350.685683,2026-07-12 07:45:21.915835,,,/home2/ihernand/Desktop/reach/results/26-07-10_i500/bootstrap_diagnostics_run_000/bootstrap_026_ldd_inputs.csv,1,84,16,1,87,87,0,22,87,2026-07-12 07:39:31.230152,OK,/home2/ihernand/Desktop/reach/results/26-07-10_i500/bootstrap_diagnostics_run_000/bootstrap_026_traceback.txt,/home2/ihernand/Desktop/reach/results/26-07-10_i500/bootstrap_diagnostics_run_000/bootstrap_026_log.txt,/home2/ihernand/Desktop/reach/results/26-07-10_i500/bootstrap_diagnostics_run_000/visibility_plots/bootstrap_visibility_026_summary.csv,/home2/ihernand/Desktop/reach/results/26-07-10_i500/bootstrap_diagnostics_run_000/visibility_plots/bootstrap_visibility_026.pdf
27,351.723568,2026-07-12 07:51:13.639622,,,/home2/ihernand/Desktop/reach/results/26-07-10_i500/bootstrap_diagnostics_run_000/bootstrap_027_ldd_inputs.csv,1,84,16,1,87,87,0,22,87,2026-07-12 07:45:21.916054,OK,/home2/ihernand/Desktop/reach/results/26-07-10_i500/bootstrap_diagnostics_run_000/bootstrap_027_traceback.txt,/home2/ihernand/Desktop/reach/results/26-07-10_i500/bootstrap_diagnostics_run_000/bootstrap_027_log.txt,/home2/ihernand/Desktop/reach/results/26-07-10_i500/bootstrap_diagnostics_run_000/visibility_plots/bootstrap_visibility_027_summary.csv,/home2/ihernand/Desktop/reach/results/26-07-10_i500/bootstrap_diagnostics_run_000/visibility_plots/bootstrap_visibility_027.pdf
28,351.291746,2026-07-12 07:57:04.931598,,,/home2/ihernand/Desktop/reach/results/26-07-10_i500/bootstrap_diagnostics_run_000/bootstrap_028_ldd_inputs.csv,1,84,16,1,87,87,0,22,87,2026-07-12 07:51:13.639852,OK,/home2/ihernand/Desktop/reach/results/26-07-10_i500/bootstrap_diagnostics_run_000/bootstrap_028_traceback.txt,/home2/ihernand/Desktop/reach/results/26-07-10_i500/bootstrap_diagnostics_run_000/bootstrap_028_log.txt,/home2/ihernand/Desktop/reach/results/26-07-10_i500/bootstrap_diagnostics_run_000/visibility_plots/bootstrap_visibility_028_summary.csv,/home2/ihernand/Desktop/reach/results/26-07-10_i500/bootstrap_diagnostics_run_000/visibility_plots/bootstrap_visibility_028.pdf
29,351.563018,2026-07-12 08:02:56.494888,,,/home2/ihernand/Desktop/reach/results/26-07-10_i500/bootstrap_diagnostics_run_000/bootstrap_029_ldd_inputs.csv,1,84,16,1,87,87,0,22,87,2026-07-12 07:57:04.931870,OK,/home2/ihernand/Desktop/reach/results/26-07-10_i500/bootstrap_diagnostics_run_000/bootstrap_029_traceback.txt,/home2/ihernand/Desktop/reach/results/26-07-10_i500/bootstrap_diagnostics_run_000/bootstrap_029_log.txt,/home2/ihernand/Desktop/reach/results/26-07-10_i500/bootstrap_diagnostics_run_000/visibility_plots/bootstrap_visibility_029_summary.csv,/home2/ihernand/Desktop/reach/results/26-07-10_i500/bootstrap_diagnostics_run_000/visibility_plots/bootstrap_visibility_029.pdf
30,351.865427,2026-07-12 08:08:48.360520,,,/home2/ihernand/Desktop/reach/results/26-07-10_i500/bootstrap_diagnostics_run_000/bootstrap_030_ldd_inputs.csv,1,84,16,1,87,87,0,22,87,2026-07-12 08:02:56.495093,OK,/home2/ihernand/Desktop/reach/results/26-07-10_i500/bootstrap_diagnostics_run_000/bootstrap_030_traceback.txt,/home2/ihernand/Desktop/reach/results/26-07-10_i500/bootstrap_diagnostics_run_000/bootstrap_030_log.txt,/home2/ihernand/Desktop/reach/results/26-07-10_i500/bootstrap_diagnostics_run_000/visibility_plots/bootstrap_visibility_030_summary.csv,/home2/ihernand/Desktop/reach/results/26-07-10_i500/bootstrap_diagnostics_run_000/visibility_plots/bootstrap_visibility_030.pdf
31,351.934874,2026-07-12 08:14:40.295602,,,/home2/ihernand/Desktop/reach/results/26-07-10_i500/bootstrap_diagnostics_run_000/bootstrap_031_ldd_inputs.csv,1,84,16,1,87,87,0,22,87,2026-07-12 08:08:48.360728,OK,/home2/ihernand/Desktop/reach/results/26-07-10_i500/bootstrap_diagnostics_run_000/bootstrap_031_traceback.txt,/home2/ihernand/Desktop/reach/results/26-07-10_i500/bootstrap_diagnostics_run_000/bootstrap_031_log.txt,/home2/ihernand/Desktop/reach/results/26-07-10_i500/bootstrap_diagnostics_run_000/visibility_plots/bootstrap_visibility_031_summary.csv,/home2/ihernand/Desktop/reach/results/26-07-10_i500/bootstrap_diagnostics_run_000/visibility_plots/bootstrap_visibility_031.pdf
32,350.356692,2026-07-12 08:20:30.652525,,,/home2/ihernand/Desktop/reach/results/26-07-10_i500/bootstrap_diagnostics_run_000/bootstrap_032_ldd_inputs.csv,1,84,16,1,87,87,0,22,87,2026-07-12 08:14:40.295833,OK,/home2/ihernand/Desktop/reach/results/26-07-10_i500/bootstrap_diagnostics_run_000/bootstrap_032_traceback.txt,/home2/ihernand/Desktop/reach/results/26-07-10_i500/bootstrap_diagnostics_run_000/bootstrap_032_log.txt,/home2/ihernand/Desktop/reach/results/26-07-10_i500/bootstrap_diagnostics_run_000/visibility_plots/bootstrap_visibility_032_summary.csv,/home2/ihernand/Desktop/reach/results/26-07-10_i500/bootstrap_diagnostics_run_000/visibility_plots/bootstrap_visibility_032.pdf
33,351.366341,2026-07-12 08:26:22.019095,,,/home2/ihernand/Desktop/reach/results/26-07-10_i500/bootstrap_diagnostics_run_000/bootstrap_033_ldd_inputs.csv,1,84,16,1,87,87,0,22,87,2026-07-12 08:20:30.652754,OK,/home2/ihernand/Desktop/reach/results/26-07-10_i500/bootstrap_diagnostics_run_000/bootstrap_033_traceback.txt,/home2/ihernand/Desktop/reach/results/26-07-10_i500/bootstrap_diagnostics_run_000/bootstrap_033_log.txt,/home2/ihernand/Desktop/reach/results/26-07-10_i500/bootstrap_diagnostics_run_000/visibility_plots/bootstrap_visibility_033_summary.csv,/home2/ihernand/Desktop/reach/results/26-07-10_i500/bootstrap_diagnostics_run_000/visibility_plots/bootstrap_visibility_033.pdf
34,349.539646,2026-07-12 08:32:11.558933,,,/home2/ihernand/Desktop/reach/results/26-07-10_i500/bootstrap_diagnostics_run_000/bootstrap_034_ldd_inputs.csv,1,84,16,1,87,87,0,22,87,2026-07-12 08:26:22.019287,OK,/home2/ihernand/Desktop/reach/results/26-07-10_i500/bootstrap_diagnostics_run_000/bootstrap_034_traceback.txt,/home2/ihernand/Desktop/reach/results/26-07-10_i500/bootstrap_diagnostics_run_000/bootstrap_034_log.txt,/home2/ihernand/Desktop/reach/results/26-07-10_i500/bootstrap_diagnostics_run_000/visibility_plots/bootstrap_visibility_034_summary.csv,/home2/ihernand/Desktop/reach/results/26-07-10_i500/bootstrap_diagnostics_run_000/visibility_plots/bootstrap_visibility_034.pdf
35,350.005437,2026-07-12 08:38:01.564588,,,/home2/ihernand/Desktop/reach/results/26-07-10_i500/bootstrap_diagnostics_run_000/bootstrap_035_ldd_inputs.csv,1,84,16,1,87,87,0,22,87,2026-07-12 08:32:11.559151,OK,/home2/ihernand/Desktop/reach/results/26-07-10_i500/bootstrap_diagnostics_run_000/bootstrap_035_traceback.txt,/home2/ihernand/Desktop/reach/results/26-07-10_i500/bootstrap_diagnostics_run_000/bootstrap_035_log.txt,/home2/ihernand/Desktop/reach/results/26-07-10_i500/bootstrap_diagnostics_run_000/visibility_plots/bootstrap_visibility_035_summary.csv,/home2/ihernand/Desktop/reach/results/26-07-10_i500/bootstrap_diagnostics_run_000/visibility_plots/bootstrap_visibility_035.pdf
36,351.267996,2026-07-12 08:43:52.832776,,,/home2/ihernand/Desktop/reach/results/26-07-10_i500/bootstrap_diagnostics_run_000/bootstrap_036_ldd_inputs.csv,1,84,16,1,87,87,0,22,87,2026-07-12 08:38:01.564780,OK,/home2/ihernand/Desktop/reach/results/26-07-10_i500/bootstrap_diagnostics_run_000/bootstrap_036_traceback.txt,/home2/ihernand/Desktop/reach/results/26-07-10_i500/bootstrap_diagnostics_run_000/bootstrap_036_log.txt,/home2/ihernand/Desktop/reach/results/26-07-10_i500/bootstrap_diagnostics_run_000/visibility_plots/bootstrap_visibility_036_summary.csv,/home2/ihernand/Desktop/reach/results/26-07-10_i500/bootstrap_diagnostics_run_000/visibility_plots/bootstrap_visibility_036.pdf
37,349.814934,2026-07-12 08:49:42.647899,,,/home2/ihernand/Desktop/reach/results/26-07-10_i500/bootstrap_diagnostics_run_000/bootstrap_037_ldd_inputs.csv,1,84,16,1,87,87,0,22,87,2026-07-12 08:43:52.832965,OK,/home2/ihernand/Desktop/reach/results/26-07-10_i500/bootstrap_diagnostics_run_000/bootstrap_037_traceback.txt,/home2/ihernand/Desktop/reach/results/26-07-10_i500/bootstrap_diagnostics_run_000/bootstrap_037_log.txt,/home2/ihernand/Desktop/reach/results/26-07-10_i500/bootstrap_diagnostics_run_000/visibility_plots/bootstrap_visibility_037_summary.csv,/home2/ihernand/Desktop/reach/results/26-07-10_i500/bootstrap_diagnostics_run_000/visibility_plots/bootstrap_visibility_037.pdf
38,350.370966,2026-07-12 08:55:33.019047,,,/home2/ihernand/Desktop/reach/results/26-07-10_i500/bootstrap_diagnostics_run_000/bootstrap_038_ldd_inputs.csv,1,84,16,1,87,87,0,22,87,2026-07-12 08:49:42.648081,OK,/home2/ihernand/Desktop/reach/results/26-07-10_i500/bootstrap_diagnostics_run_000/bootstrap_038_traceback.txt,/home2/ihernand/Desktop/reach/results/26-07-10_i500/bootstrap_diagnostics_run_000/bootstrap_038_log.txt,/home2/ihernand/Desktop/reach/results/26-07-10_i500/bootstrap_diagnostics_run_000/visibility_plots/bootstrap_visibility_038_summary.csv,/home2/ihernand/Desktop/reach/results/26-07-10_i500/bootstrap_diagnostics_run_000/visibility_plots/bootstrap_visibility_038.pdf
39,351.563639,2026-07-12 09:01:24.582893,,,/home2/ihernand/Desktop/reach/results/26-07-10_i500/bootstrap_diagnostics_run_000/bootstrap_039_ldd_inputs.csv,1,84,16,1,87,87,0,22,87,2026-07-12 08:55:33.019254,OK,/home2/ihernand/Desktop/reach/results/26-07-10_i500/bootstrap_diagnostics_run_000/bootstrap_039_traceback.txt,/home2/ihernand/Desktop/reach/results/26-07-10_i500/bootstrap_diagnostics_run_000/bootstrap_039_log.txt,/home2/ihernand/Desktop/reach/results/26-07-10_i500/bootstrap_diagnostics_run_000/visibility_plots/bootstrap_visibility_039_summary.csv,/home2/ihernand/Desktop/reach/results/26-07-10_i500/bootstrap_diagnostics_run_000/visibility_plots/bootstrap_visibility_039.pdf
40,350.010958,2026-07-12 09:07:14.594086,,,/home2/ihernand/Desktop/reach/results/26-07-10_i500/bootstrap_diagnostics_run_000/bootstrap_040_ldd_inputs.csv,1,84,16,1,87,87,0,22,87,2026-07-12 09:01:24.583128,OK,/home2/ihernand/Desktop/reach/results/26-07-10_i500/bootstrap_diagnostics_run_000/bootstrap_040_traceback.txt,/home2/ihernand/Desktop/reach/results/26-07-10_i500/bootstrap_diagnostics_run_000/bootstrap_040_log.txt,/home2/ihernand/Desktop/reach/results/26-07-10_i500/bootstrap_diagnostics_run_000/visibility_plots/bootstrap_visibility_040_summary.csv,/home2/ihernand/Desktop/reach/results/26-07-10_i500/bootstrap_diagnostics_run_000/visibility_plots/bootstrap_visibility_040.pdf
41,351.700303,2026-07-12 09:13:06.294592,,,/home2/ihernand/Desktop/reach/results/26-07-10_i500/bootstrap_diagnostics_run_000/bootstrap_041_ldd_inputs.csv,1,84,16,1,87,87,0,22,87,2026-07-12 09:07:14.594289,OK,/home2/ihernand/Desktop/reach/results/26-07-10_i500/bootstrap_diagnostics_run_000/bootstrap_041_traceback.txt,/home2/ihernand/Desktop/reach/results/26-07-10_i500/bootstrap_diagnostics_run_000/bootstrap_041_log.txt,/home2/ihernand/Desktop/reach/results/26-07-10_i500/bootstrap_diagnostics_run_000/visibility_plots/bootstrap_visibility_041_summary.csv,/home2/ihernand/Desktop/reach/results/26-07-10_i500/bootstrap_diagnostics_run_000/visibility_plots/bootstrap_visibility_041.pdf
42,351.11405,2026-07-12 09:18:57.408856,,,/home2/ihernand/Desktop/reach/results/26-07-10_i500/bootstrap_diagnostics_run_000/bootstrap_042_ldd_inputs.csv,1,84,16,1,87,87,0,22,87,2026-07-12 09:13:06.294806,OK,/home2/ihernand/Desktop/reach/results/26-07-10_i500/bootstrap_diagnostics_run_000/bootstrap_042_traceback.txt,/home2/ihernand/Desktop/reach/results/26-07-10_i500/bootstrap_diagnostics_run_000/bootstrap_042_log.txt,/home2/ihernand/Desktop/reach/results/26-07-10_i500/bootstrap_diagnostics_run_000/visibility_plots/bootstrap_visibility_042_summary.csv,/home2/ihernand/Desktop/reach/results/26-07-10_i500/bootstrap_diagnostics_run_000/visibility_plots/bootstrap_visibility_042.pdf
43,348.523256,2026-07-12 09:24:45.932320,,,/home2/ihernand/Desktop/reach/results/26-07-10_i500/bootstrap_diagnostics_run_000/bootstrap_043_ldd_inputs.csv,1,84,16,1,87,87,0,22,87,2026-07-12 09:18:57.409064,OK,/home2/ihernand/Desktop/reach/results/26-07-10_i500/bootstrap_diagnostics_run_000/bootstrap_043_traceback.txt,/home2/ihernand/Desktop/reach/results/26-07-10_i500/bootstrap_diagnostics_run_000/bootstrap_043_log.txt,/home2/ihernand/Desktop/reach/results/26-07-10_i500/bootstrap_diagnostics_run_000/visibility_plots/bootstrap_visibility_043_summary.csv,/home2/ihernand/Desktop/reach/results/26-07-10_i500/bootstrap_diagnostics_run_000/visibility_plots/bootstrap_visibility_043.pdf
44,350.853519,2026-07-12 09:30:36.786040,,,/home2/ihernand/Desktop/reach/results/26-07-10_i500/bootstrap_diagnostics_run_000/bootstrap_044_ldd_inputs.csv,1,84,16,1,87,87,0,22,87,2026-07-12 09:24:45.932521,OK,/home2/ihernand/Desktop/reach/results/26-07-10_i500/bootstrap_diagnostics_run_000/bootstrap_044_traceback.txt,/home2/ihernand/Desktop/reach/results/26-07-10_i500/bootstrap_diagnostics_run_000/bootstrap_044_log.txt,/home2/ihernand/Desktop/reach/results/26-07-10_i500/bootstrap_diagnostics_run_000/visibility_plots/bootstrap_visibility_044_summary.csv,/home2/ihernand/Desktop/reach/results/26-07-10_i500/bootstrap_diagnostics_run_000/visibility_plots/bootstrap_visibility_044.pdf
45,351.099218,2026-07-12 09:36:27.885878,,,/home2/ihernand/Desktop/reach/results/26-07-10_i500/bootstrap_diagnostics_run_000/bootstrap_045_ldd_inputs.csv,1,84,16,1,87,87,0,22,87,2026-07-12 09:30:36.786660,OK,/home2/ihernand/Desktop/reach/results/26-07-10_i500/bootstrap_diagnostics_run_000/bootstrap_045_traceback.txt,/home2/ihernand/Desktop/reach/results/26-07-10_i500/bootstrap_diagnostics_run_000/bootstrap_045_log.txt,/home2/ihernand/Desktop/reach/results/26-07-10_i500/bootstrap_diagnostics_run_000/visibility_plots/bootstrap_visibility_045_summary.csv,/home2/ihernand/Desktop/reach/results/26-07-10_i500/bootstrap_diagnostics_run_000/visibility_plots/bootstrap_visibility_045.pdf
46,350.351808,2026-07-12 09:42:18.237876,,,/home2/ihernand/Desktop/reach/results/26-07-10_i500/bootstrap_diagnostics_run_000/bootstrap_046_ldd_inputs.csv,1,84,16,1,87,87,0,22,87,2026-07-12 09:36:27.886068,OK,/home2/ihernand/Desktop/reach/results/26-07-10_i500/bootstrap_diagnostics_run_000/bootstrap_046_traceback.txt,/home2/ihernand/Desktop/reach/results/26-07-10_i500/bootstrap_diagnostics_run_000/bootstrap_046_log.txt,/home2/ihernand/Desktop/reach/results/26-07-10_i500/bootstrap_diagnostics_run_000/visibility_plots/bootstrap_visibility_046_summary.csv,/home2/ihernand/Desktop/reach/results/26-07-10_i500/bootstrap_diagnostics_run_000/visibility_plots/bootstrap_visibility_046.pdf
47,352.010375,2026-07-12 09:48:10.248467,,,/home2/ihernand/Desktop/reach/results/26-07-10_i500/bootstrap_diagnostics_run_000/bootstrap_047_ldd_inputs.csv,1,84,16,1,87,87,0,22,87,2026-07-12 09:42:18.238092,OK,/home2/ihernand/Desktop/reach/results/26-07-10_i500/bootstrap_diagnostics_run_000/bootstrap_047_traceback.txt,/home2/ihernand/Desktop/reach/results/26-07-10_i500/bootstrap_diagnostics_run_000/bootstrap_047_log.txt,/home2/ihernand/Desktop/reach/results/26-07-10_i500/bootstrap_diagnostics_run_000/visibility_plots/bootstrap_visibility_047_summary.csv,/home2/ihernand/Desktop/reach/results/26-07-10_i500/bootstrap_diagnostics_run_000/visibility_plots/bootstrap_visibility_047.pdf
48,350.577517,2026-07-12 09:54:00.826174,,,/home2/ihernand/Desktop/reach/results/26-07-10_i500/bootstrap_diagnostics_run_000/bootstrap_048_ldd_inputs.csv,1,84,16,1,87,87,0,22,87,2026-07-12 09:48:10.248657,OK,/home2/ihernand/Desktop/reach/results/26-07-10_i500/bootstrap_diagnostics_run_000/bootstrap_048_traceback.txt,/home2/ihernand/Desktop/reach/results/26-07-10_i500/bootstrap_diagnostics_run_000/bootstrap_048_log.txt,/home2/ihernand/Desktop/reach/results/26-07-10_i500/bootstrap_diagnostics_run_000/visibility_plots/bootstrap_visibility_048_summary.csv,/home2/ihernand/Desktop/reach/results/26-07-10_i500/bootstrap_diagnostics_run_000/visibility_plots/bootstrap_visibility_048.pdf
49,350.50694,2026-07-12 09:59:51.333310,,,/home2/ihernand/Desktop/reach/results/26-07-10_i500/bootstrap_diagnostics_run_000/bootstrap_049_ldd_inputs.csv,1,84,16,1,87,87,0,22,87,2026-07-12 09:54:00.826370,OK,/home2/ihernand/Desktop/reach/results/26-07-10_i500/bootstrap_diagnostics_run_000/bootstrap_049_traceback.txt,/home2/ihernand/Desktop/reach/results/26-07-10_i500/bootstrap_diagnostics_run_000/bootstrap_049_log.txt,/home2/ihernand/Desktop/reach/results/26-07-10_i500/bootstrap_diagnostics_run_000/visibility_plots/bootstrap_visibility_049_summary.csv,/home2/ihernand/Desktop/reach/results/26-07-10_i500/bootstrap_diagnostics_run_000/visibility_plots/bootstrap_visibility_049.pdf
50,351.119965,2026-07-12 10:05:42.453519,,,/home2/ihernand/Desktop/reach/results/26-07-10_i500/bootstrap_diagnostics_run_000/bootstrap_050_ldd_inputs.csv,1,84,16,1,87,87,0,22,87,2026-07-12 09:59:51.333554,OK,/home2/ihernand/Desktop/reach/results/26-07-10_i500/bootstrap_diagnostics_run_000/bootstrap_050_traceback.txt,/home2/ihernand/Desktop/reach/results/26-07-10_i500/bootstrap_diagnostics_run_000/bootstrap_050_log.txt,/home2/ihernand/Desktop/reach/results/26-07-10_i500/bootstrap_diagnostics_run_000/visibility_plots/bootstrap_visibility_050_summary.csv,/home2/ihernand/Desktop/reach/results/26-07-10_i500/bootstrap_diagnostics_run_000/visibility_plots/bootstrap_visibility_050.pdf
51,348.74842,2026-07-12 10:11:31.202132,,,/home2/ihernand/Desktop/reach/results/26-07-10_i500/bootstrap_diagnostics_run_000/bootstrap_051_ldd_inputs.csv,1,84,16,1,87,87,0,22,87,2026-07-12 10:05:42.453712,OK,/home2/ihernand/Desktop/reach/results/26-07-10_i500/bootstrap_diagnostics_run_000/bootstrap_051_traceback.txt,/home2/ihernand/Desktop/reach/results/26-07-10_i500/bootstrap_diagnostics_run_000/bootstrap_051_log.txt,/home2/ihernand/Desktop/reach/results/26-07-10_i500/bootstrap_diagnostics_run_000/visibility_plots/bootstrap_visibility_051_summary.csv,/home2/ihernand/Desktop/reach/results/26-07-10_i500/bootstrap_diagnostics_run_000/visibility_plots/bootstrap_visibility_051.pdf
52,351.762002,2026-07-12 10:17:22.964347,,,/home2/ihernand/Desktop/reach/results/26-07-10_i500/bootstrap_diagnostics_run_000/bootstrap_052_ldd_inputs.csv,1,84,16,1,87,87,0,22,87,2026-07-12 10:11:31.202345,OK,/home2/ihernand/Desktop/reach/results/26-07-10_i500/bootstrap_diagnostics_run_000/bootstrap_052_traceback.txt,/home2/ihernand/Desktop/reach/results/26-07-10_i500/bootstrap_diagnostics_run_000/bootstrap_052_log.txt,/home2/ihernand/Desktop/reach/results/26-07-10_i500/bootstrap_diagnostics_run_000/visibility_plots/bootstrap_visibility_052_summary.csv,/home2/ihernand/Desktop/reach/results/26-07-10_i500/bootstrap_diagnostics_run_000/visibility_plots/bootstrap_visibility_052.pdf
53,351.857109,2026-07-12 10:23:14.821657,,,/home2/ihernand/Desktop/reach/results/26-07-10_i500/bootstrap_diagnostics_run_000/bootstrap_053_ldd_inputs.csv,1,84,16,1,87,87,0,22,87,2026-07-12 10:17:22.964548,OK,/home2/ihernand/Desktop/reach/results/26-07-10_i500/bootstrap_diagnostics_run_000/bootstrap_053_traceback.txt,/home2/ihernand/Desktop/reach/results/26-07-10_i500/bootstrap_diagnostics_run_000/bootstrap_053_log.txt,/home2/ihernand/Desktop/reach/results/26-07-10_i500/bootstrap_diagnostics_run_000/visibility_plots/bootstrap_visibility_053_summary.csv,/home2/ihernand/Desktop/reach/results/26-07-10_i500/bootstrap_diagnostics_run_000/visibility_plots/bootstrap_visibility_053.pdf
54,351.799914,2026-07-12 10:29:06.621780,,,/home2/ihernand/Desktop/reach/results/26-07-10_i500/bootstrap_diagnostics_run_000/bootstrap_054_ldd_inputs.csv,1,84,16,1,87,87,0,22,87,2026-07-12 10:23:14.821866,OK,/home2/ihernand/Desktop/reach/results/26-07-10_i500/bootstrap_diagnostics_run_000/bootstrap_054_traceback.txt,/home2/ihernand/Desktop/reach/results/26-07-10_i500/bootstrap_diagnostics_run_000/bootstrap_054_log.txt,/home2/ihernand/Desktop/reach/results/26-07-10_i500/bootstrap_diagnostics_run_000/visibility_plots/bootstrap_visibility_054_summary.csv,/home2/ihernand/Desktop/reach/results/26-07-10_i500/bootstrap_diagnostics_run_000/visibility_plots/bootstrap_visibility_054.pdf
55,350.511277,2026-07-12 10:34:57.133273,,,/home2/ihernand/Desktop/reach/results/26-07-10_i500/bootstrap_diagnostics_run_000/bootstrap_055_ldd_inputs.csv,1,84,16,1,87,87,0,22,87,2026-07-12 10:29:06.621996,OK,/home2/ihernand/Desktop/reach/results/26-07-10_i500/bootstrap_diagnostics_run_000/bootstrap_055_traceback.txt,/home2/ihernand/Desktop/reach/results/26-07-10_i500/bootstrap_diagnostics_run_000/bootstrap_055_log.txt,/home2/ihernand/Desktop/reach/results/26-07-10_i500/bootstrap_diagnostics_run_000/visibility_plots/bootstrap_visibility_055_summary.csv,/home2/ihernand/Desktop/reach/results/26-07-10_i500/bootstrap_diagnostics_run_000/visibility_plots/bootstrap_visibility_055.pdf
56,351.430905,2026-07-12 10:40:48.564376,,,/home2/ihernand/Desktop/reach/results/26-07-10_i500/bootstrap_diagnostics_run_000/bootstrap_056_ldd_inputs.csv,1,84,16,1,87,87,0,22,87,2026-07-12 10:34:57.133471,OK,/home2/ihernand/Desktop/reach/results/26-07-10_i500/bootstrap_diagnostics_run_000/bootstrap_056_traceback.txt,/home2/ihernand/Desktop/reach/results/26-07-10_i500/bootstrap_diagnostics_run_000/bootstrap_056_log.txt,/home2/ihernand/Desktop/reach/results/26-07-10_i500/bootstrap_diagnostics_run_000/visibility_plots/bootstrap_visibility_056_summary.csv,/home2/ihernand/Desktop/reach/results/26-07-10_i500/bootstrap_diagnostics_run_000/visibility_plots/bootstrap_visibility_056.pdf
57,351.916058,2026-07-12 10:46:40.480650,,,/home2/ihernand/Desktop/reach/results/26-07-10_i500/bootstrap_diagnostics_run_000/bootstrap_057_ldd_inputs.csv,1,84,16,1,87,87,0,22,87,2026-07-12 10:40:48.564592,OK,/home2/ihernand/Desktop/reach/results/26-07-10_i500/bootstrap_diagnostics_run_000/bootstrap_057_traceback.txt,/home2/ihernand/Desktop/reach/results/26-07-10_i500/bootstrap_diagnostics_run_000/bootstrap_057_log.txt,/home2/ihernand/Desktop/reach/results/26-07-10_i500/bootstrap_diagnostics_run_000/visibility_plots/bootstrap_visibility_057_summary.csv,/home2/ihernand/Desktop/reach/results/26-07-10_i500/bootstrap_diagnostics_run_000/visibility_plots/bootstrap_visibility_057.pdf
58,350.911831,2026-07-12 10:52:31.392713,,,/home2/ihernand/Desktop/reach/results/26-07-10_i500/bootstrap_diagnostics_run_000/bootstrap_058_ldd_inputs.csv,1,84,16,1,87,87,0,22,87,2026-07-12 10:46:40.480882,OK,/home2/ihernand/Desktop/reach/results/26-07-10_i500/bootstrap_diagnostics_run_000/bootstrap_058_traceback.txt,/home2/ihernand/Desktop/reach/results/26-07-10_i500/bootstrap_diagnostics_run_000/bootstrap_058_log.txt,/home2/ihernand/Desktop/reach/results/26-07-10_i500/bootstrap_diagnostics_run_000/visibility_plots/bootstrap_visibility_058_summary.csv,/home2/ihernand/Desktop/reach/results/26-07-10_i500/bootstrap_diagnostics_run_000/visibility_plots/bootstrap_visibility_058.pdf
59,351.902055,2026-07-12 10:58:23.294953,,,/home2/ihernand/Desktop/reach/results/26-07-10_i500/bootstrap_diagnostics_run_000/bootstrap_059_ldd_inputs.csv,1,84,16,1,87,87,0,22,87,2026-07-12 10:52:31.392898,OK,/home2/ihernand/Desktop/reach/results/26-07-10_i500/bootstrap_diagnostics_run_000/bootstrap_059_traceback.txt,/home2/ihernand/Desktop/reach/results/26-07-10_i500/bootstrap_diagnostics_run_000/bootstrap_059_log.txt,/home2/ihernand/Desktop/reach/results/26-07-10_i500/bootstrap_diagnostics_run_000/visibility_plots/bootstrap_visibility_059_summary.csv,/home2/ihernand/Desktop/reach/results/26-07-10_i500/bootstrap_diagnostics_run_000/visibility_plots/bootstrap_visibility_059.pdf
60,350.25148,2026-07-12 11:04:13.546638,,,/home2/ihernand/Desktop/reach/results/26-07-10_i500/bootstrap_diagnostics_run_000/bootstrap_060_ldd_inputs.csv,1,84,16,1,87,87,0,22,87,2026-07-12 10:58:23.295158,OK,/home2/ihernand/Desktop/reach/results/26-07-10_i500/bootstrap_diagnostics_run_000/bootstrap_060_traceback.txt,/home2/ihernand/Desktop/reach/results/26-07-10_i500/bootstrap_diagnostics_run_000/bootstrap_060_log.txt,/home2/ihernand/Desktop/reach/results/26-07-10_i500/bootstrap_diagnostics_run_000/visibility_plots/bootstrap_visibility_060_summary.csv,/home2/ihernand/Desktop/reach/results/26-07-10_i500/bootstrap_diagnostics_run_000/visibility_plots/bootstrap_visibility_060.pdf
61,351.157005,2026-07-12 11:10:04.703876,,,/home2/ihernand/Desktop/reach/results/26-07-10_i500/bootstrap_diagnostics_run_000/bootstrap_061_ldd_inputs.csv,1,84,16,1,87,87,0,22,87,2026-07-12 11:04:13.546871,OK,/home2/ihernand/Desktop/reach/results/26-07-10_i500/bootstrap_diagnostics_run_000/bootstrap_061_traceback.txt,/home2/ihernand/Desktop/reach/results/26-07-10_i500/bootstrap_diagnostics_run_000/bootstrap_061_log.txt,/home2/ihernand/Desktop/reach/results/26-07-10_i500/bootstrap_diagnostics_run_000/visibility_plots/bootstrap_visibility_061_summary.csv,/home2/ihernand/Desktop/reach/results/26-07-10_i500/bootstrap_diagnostics_run_000/visibility_plots/bootstrap_visibility_061.pdf
62,350.385197,2026-07-12 11:15:55.089273,,,/home2/ihernand/Desktop/reach/results/26-07-10_i500/bootstrap_diagnostics_run_000/bootstrap_062_ldd_inputs.csv,1,84,16,1,87,87,0,22,87,2026-07-12 11:10:04.704076,OK,/home2/ihernand/Desktop/reach/results/26-07-10_i500/bootstrap_diagnostics_run_000/bootstrap_062_traceback.txt,/home2/ihernand/Desktop/reach/results/26-07-10_i500/bootstrap_diagnostics_run_000/bootstrap_062_log.txt,/home2/ihernand/Desktop/reach/results/26-07-10_i500/bootstrap_diagnostics_run_000/visibility_plots/bootstrap_visibility_062_summary.csv,/home2/ihernand/Desktop/reach/results/26-07-10_i500/bootstrap_diagnostics_run_000/visibility_plots/bootstrap_visibility_062.pdf
63,349.755201,2026-07-12 11:21:44.844692,,,/home2/ihernand/Desktop/reach/results/26-07-10_i500/bootstrap_diagnostics_run_000/bootstrap_063_ldd_inputs.csv,1,84,16,1,87,87,0,22,87,2026-07-12 11:15:55.089491,OK,/home2/ihernand/Desktop/reach/results/26-07-10_i500/bootstrap_diagnostics_run_000/bootstrap_063_traceback.txt,/home2/ihernand/Desktop/reach/results/26-07-10_i500/bootstrap_diagnostics_run_000/bootstrap_063_log.txt,/home2/ihernand/Desktop/reach/results/26-07-10_i500/bootstrap_diagnostics_run_000/visibility_plots/bootstrap_visibility_063_summary.csv,/home2/ihernand/Desktop/reach/results/26-07-10_i500/bootstrap_diagnostics_run_000/visibility_plots/bootstrap_visibility_063.pdf
64,350.972136,2026-07-12 11:27:35.817035,,,/home2/ihernand/Desktop/reach/results/26-07-10_i500/bootstrap_diagnostics_run_000/bootstrap_064_ldd_inputs.csv,1,84,16,1,87,87,0,22,87,2026-07-12 11:21:44.844899,OK,/home2/ihernand/Desktop/reach/results/26-07-10_i500/bootstrap_diagnostics_run_000/bootstrap_064_traceback.txt,/home2/ihernand/Desktop/reach/results/26-07-10_i500/bootstrap_diagnostics_run_000/bootstrap_064_log.txt,/home2/ihernand/Desktop/reach/results/26-07-10_i500/bootstrap_diagnostics_run_000/visibility_plots/bootstrap_visibility_064_summary.csv,/home2/ihernand/Desktop/reach/results/26-07-10_i500/bootstrap_diagnostics_run_000/visibility_plots/bootstrap_visibility_064.pdf
65,349.849601,2026-07-12 11:33:25.666837,,,/home2/ihernand/Desktop/reach/results/26-07-10_i500/bootstrap_diagnostics_run_000/bootstrap_065_ldd_inputs.csv,1,84,16,1,87,87,0,22,87,2026-07-12 11:27:35.817236,OK,/home2/ihernand/Desktop/reach/results/26-07-10_i500/bootstrap_diagnostics_run_000/bootstrap_065_traceback.txt,/home2/ihernand/Desktop/reach/results/26-07-10_i500/bootstrap_diagnostics_run_000/bootstrap_065_log.txt,/home2/ihernand/Desktop/reach/results/26-07-10_i500/bootstrap_diagnostics_run_000/visibility_plots/bootstrap_visibility_065_summary.csv,/home2/ihernand/Desktop/reach/results/26-07-10_i500/bootstrap_diagnostics_run_000/visibility_plots/bootstrap_visibility_065.pdf
66,350.292562,2026-07-12 11:39:15.959607,,,/home2/ihernand/Desktop/reach/results/26-07-10_i500/bootstrap_diagnostics_run_000/bootstrap_066_ldd_inputs.csv,1,84,16,1,87,87,0,22,87,2026-07-12 11:33:25.667045,OK,/home2/ihernand/Desktop/reach/results/26-07-10_i500/bootstrap_diagnostics_run_000/bootstrap_066_traceback.txt,/home2/ihernand/Desktop/reach/results/26-07-10_i500/bootstrap_diagnostics_run_000/bootstrap_066_log.txt,/home2/ihernand/Desktop/reach/results/26-07-10_i500/bootstrap_diagnostics_run_000/visibility_plots/bootstrap_visibility_066_summary.csv,/home2/ihernand/Desktop/reach/results/26-07-10_i500/bootstrap_diagnostics_run_000/visibility_plots/bootstrap_visibility_066.pdf
67,353.401809,2026-07-12 11:45:09.361626,,,/home2/ihernand/Desktop/reach/results/26-07-10_i500/bootstrap_diagnostics_run_000/bootstrap_067_ldd_inputs.csv,1,84,16,1,87,87,0,22,87,2026-07-12 11:39:15.959817,OK,/home2/ihernand/Desktop/reach/results/26-07-10_i500/bootstrap_diagnostics_run_000/bootstrap_067_traceback.txt,/home2/ihernand/Desktop/reach/results/26-07-10_i500/bootstrap_diagnostics_run_000/bootstrap_067_log.txt,/home2/ihernand/Desktop/reach/results/26-07-10_i500/bootstrap_diagnostics_run_000/visibility_plots/bootstrap_visibility_067_summary.csv,/home2/ihernand/Desktop/reach/results/26-07-10_i500/bootstrap_diagnostics_run_000/visibility_plots/bootstrap_visibility_067.pdf
68,561.21283,2026-07-12 11:54:30.574681,,,/home2/ihernand/Desktop/reach/results/26-07-10_i500/bootstrap_diagnostics_run_000/bootstrap_068_ldd_inputs.csv,1,84,16,1,87,87,0,22,87,2026-07-12 11:45:09.361851,OK,/home2/ihernand/Desktop/reach/results/26-07-10_i500/bootstrap_diagnostics_run_000/bootstrap_068_traceback.txt,/home2/ihernand/Desktop/reach/results/26-07-10_i500/bootstrap_diagnostics_run_000/bootstrap_068_log.txt,/home2/ihernand/Desktop/reach/results/26-07-10_i500/bootstrap_diagnostics_run_000/visibility_plots/bootstrap_visibility_068_summary.csv,/home2/ihernand/Desktop/reach/results/26-07-10_i500/bootstrap_diagnostics_run_000/visibility_plots/bootstrap_visibility_068.pdf
69,617.614499,2026-07-12 12:04:48.208053,,,/home2/ihernand/Desktop/reach/results/26-07-10_i500/bootstrap_diagnostics_run_000/bootstrap_069_ldd_inputs.csv,1,84,16,1,87,87,0,22,87,2026-07-12 11:54:30.593554,OK,/home2/ihernand/Desktop/reach/results/26-07-10_i500/bootstrap_diagnostics_run_000/bootstrap_069_traceback.txt,/home2/ihernand/Desktop/reach/results/26-07-10_i500/bootstrap_diagnostics_run_000/bootstrap_069_log.txt,/home2/ihernand/Desktop/reach/results/26-07-10_i500/bootstrap_diagnostics_run_000/visibility_plots/bootstrap_visibility_069_summary.csv,/home2/ihernand/Desktop/reach/results/26-07-10_i500/bootstrap_diagnostics_run_000/visibility_plots/bootstrap_visibility_069.pdf
70,441.70463,2026-07-12 12:12:09.913202,,,/home2/ihernand/Desktop/reach/results/26-07-10_i500/bootstrap_diagnostics_run_000/bootstrap_070_ldd_inputs.csv,1,84,16,1,87,87,0,22,87,2026-07-12 12:04:48.208572,OK,/home2/ihernand/Desktop/reach/results/26-07-10_i500/bootstrap_diagnostics_run_000/bootstrap_070_traceback.txt,/home2/ihernand/Desktop/reach/results/26-07-10_i500/bootstrap_diagnostics_run_000/bootstrap_070_log.txt,/home2/ihernand/Desktop/reach/results/26-07-10_i500/bootstrap_diagnostics_run_000/visibility_plots/bootstrap_visibility_070_summary.csv,/home2/ihernand/Desktop/reach/results/26-07-10_i500/bootstrap_diagnostics_run_000/visibility_plots/bootstrap_visibility_070.pdf
71,353.509732,2026-07-12 12:18:03.423165,,,/home2/ihernand/Desktop/reach/results/26-07-10_i500/bootstrap_diagnostics_run_000/bootstrap_071_ldd_inputs.csv,1,84,16,1,87,87,0,22,87,2026-07-12 12:12:09.913433,OK,/home2/ihernand/Desktop/reach/results/26-07-10_i500/bootstrap_diagnostics_run_000/bootstrap_071_traceback.txt,/home2/ihernand/Desktop/reach/results/26-07-10_i500/bootstrap_diagnostics_run_000/bootstrap_071_log.txt,/home2/ihernand/Desktop/reach/results/26-07-10_i500/bootstrap_diagnostics_run_000/visibility_plots/bootstrap_visibility_071_summary.csv,/home2/ihernand/Desktop/reach/results/26-07-10_i500/bootstrap_diagnostics_run_000/visibility_plots/bootstrap_visibility_071.pdf
72,352.301552,2026-07-12 12:23:55.724952,,,/home2/ihernand/Desktop/reach/results/26-07-10_i500/bootstrap_diagnostics_run_000/bootstrap_072_ldd_inputs.csv,1,84,16,1,87,87,0,22,87,2026-07-12 12:18:03.423400,OK,/home2/ihernand/Desktop/reach/results/26-07-10_i500/bootstrap_diagnostics_run_000/bootstrap_072_traceback.txt,/home2/ihernand/Desktop/reach/results/26-07-10_i500/bootstrap_diagnostics_run_000/bootstrap_072_log.txt,/home2/ihernand/Desktop/reach/results/26-07-10_i500/bootstrap_diagnostics_run_000/visibility_plots/bootstrap_visibility_072_summary.csv,/home2/ihernand/Desktop/reach/results/26-07-10_i500/bootstrap_diagnostics_run_000/visibility_plots/bootstrap_visibility_072.pdf
73,350.589796,2026-07-12 12:29:46.314942,,,/home2/ihernand/Desktop/reach/results/26-07-10_i500/bootstrap_diagnostics_run_000/bootstrap_073_ldd_inputs.csv,1,84,16,1,87,87,0,22,87,2026-07-12 12:23:55.725146,OK,/home2/ihernand/Desktop/reach/results/26-07-10_i500/bootstrap_diagnostics_run_000/bootstrap_073_traceback.txt,/home2/ihernand/Desktop/reach/results/26-07-10_i500/bootstrap_diagnostics_run_000/bootstrap_073_log.txt,/home2/ihernand/Desktop/reach/results/26-07-10_i500/bootstrap_diagnostics_run_000/visibility_plots/bootstrap_visibility_073_summary.csv,/home2/ihernand/Desktop/reach/results/26-07-10_i500/bootstrap_diagnostics_run_000/visibility_plots/bootstrap_visibility_073.pdf
74,351.85345,2026-07-12 12:35:38.168600,,,/home2/ihernand/Desktop/reach/results/26-07-10_i500/bootstrap_diagnostics_run_000/bootstrap_074_ldd_inputs.csv,1,84,16,1,87,87,0,22,87,2026-07-12 12:29:46.315150,OK,/home2/ihernand/Desktop/reach/results/26-07-10_i500/bootstrap_diagnostics_run_000/bootstrap_074_traceback.txt,/home2/ihernand/Desktop/reach/results/26-07-10_i500/bootstrap_diagnostics_run_000/bootstrap_074_log.txt,/home2/ihernand/Desktop/reach/results/26-07-10_i500/bootstrap_diagnostics_run_000/visibility_plots/bootstrap_visibility_074_summary.csv,/home2/ihernand/Desktop/reach/results/26-07-10_i500/bootstrap_diagnostics_run_000/visibility_plots/bootstrap_visibility_074.pdf
75,351.99358,2026-07-12 12:41:30.162405,,,/home2/ihernand/Desktop/reach/results/26-07-10_i500/bootstrap_diagnostics_run_000/bootstrap_075_ldd_inputs.csv,1,84,16,1,87,87,0,22,87,2026-07-12 12:35:38.168825,OK,/home2/ihernand/Desktop/reach/results/26-07-10_i500/bootstrap_diagnostics_run_000/bootstrap_075_traceback.txt,/home2/ihernand/Desktop/reach/results/26-07-10_i500/bootstrap_diagnostics_run_000/bootstrap_075_log.txt,/home2/ihernand/Desktop/reach/results/26-07-10_i500/bootstrap_diagnostics_run_000/visibility_plots/bootstrap_visibility_075_summary.csv,/home2/ihernand/Desktop/reach/results/26-07-10_i500/bootstrap_diagnostics_run_000/visibility_plots/bootstrap_visibility_075.pdf
76,352.142303,2026-07-12 12:47:22.304929,,,/home2/ihernand/Desktop/reach/results/26-07-10_i500/bootstrap_diagnostics_run_000/bootstrap_076_ldd_inputs.csv,1,84,16,1,87,87,0,22,87,2026-07-12 12:41:30.162626,OK,/home2/ihernand/Desktop/reach/results/26-07-10_i500/bootstrap_diagnostics_run_000/bootstrap_076_traceback.txt,/home2/ihernand/Desktop/reach/results/26-07-10_i500/bootstrap_diagnostics_run_000/bootstrap_076_log.txt,/home2/ihernand/Desktop/reach/results/26-07-10_i500/bootstrap_diagnostics_run_000/visibility_plots/bootstrap_visibility_076_summary.csv,/home2/ihernand/Desktop/reach/results/26-07-10_i500/bootstrap_diagnostics_run_000/visibility_plots/bootstrap_visibility_076.pdf
77,352.706249,2026-07-12 12:53:15.011374,,,/home2/ihernand/Desktop/reach/results/26-07-10_i500/bootstrap_diagnostics_run_000/bootstrap_077_ldd_inputs.csv,1,84,16,1,87,87,0,22,87,2026-07-12 12:47:22.305125,OK,/home2/ihernand/Desktop/reach/results/26-07-10_i500/bootstrap_diagnostics_run_000/bootstrap_077_traceback.txt,/home2/ihernand/Desktop/reach/results/26-07-10_i500/bootstrap_diagnostics_run_000/bootstrap_077_log.txt,/home2/ihernand/Desktop/reach/results/26-07-10_i500/bootstrap_diagnostics_run_000/visibility_plots/bootstrap_visibility_077_summary.csv,/home2/ihernand/Desktop/reach/results/26-07-10_i500/bootstrap_diagnostics_run_000/visibility_plots/bootstrap_visibility_077.pdf
78,351.229849,2026-07-12 12:59:06.241438,,,/home2/ihernand/Desktop/reach/results/26-07-10_i500/bootstrap_diagnostics_run_000/bootstrap_078_ldd_inputs.csv,1,84,16,1,87,87,0,22,87,2026-07-12 12:53:15.011589,OK,/home2/ihernand/Desktop/reach/results/26-07-10_i500/bootstrap_diagnostics_run_000/bootstrap_078_traceback.txt,/home2/ihernand/Desktop/reach/results/26-07-10_i500/bootstrap_diagnostics_run_000/bootstrap_078_log.txt,/home2/ihernand/Desktop/reach/results/26-07-10_i500/bootstrap_diagnostics_run_000/visibility_plots/bootstrap_visibility_078_summary.csv,/home2/ihernand/Desktop/reach/results/26-07-10_i500/bootstrap_diagnostics_run_000/visibility_plots/bootstrap_visibility_078.pdf
79,357.212823,2026-07-12 13:05:03.454480,,,/home2/ihernand/Desktop/reach/results/26-07-10_i500/bootstrap_diagnostics_run_000/bootstrap_079_ldd_inputs.csv,1,84,16,1,87,87,0,22,87,2026-07-12 12:59:06.241657,OK,/home2/ihernand/Desktop/reach/results/26-07-10_i500/bootstrap_diagnostics_run_000/bootstrap_079_traceback.txt,/home2/ihernand/Desktop/reach/results/26-07-10_i500/bootstrap_diagnostics_run_000/bootstrap_079_log.txt,/home2/ihernand/Desktop/reach/results/26-07-10_i500/bootstrap_diagnostics_run_000/visibility_plots/bootstrap_visibility_079_summary.csv,/home2/ihernand/Desktop/reach/results/26-07-10_i500/bootstrap_diagnostics_run_000/visibility_plots/bootstrap_visibility_079.pdf
80,353.467577,2026-07-12 13:10:56.922293,,,/home2/ihernand/Desktop/reach/results/26-07-10_i500/bootstrap_diagnostics_run_000/bootstrap_080_ldd_inputs.csv,1,84,16,1,87,87,0,22,87,2026-07-12 13:05:03.454716,OK,/home2/ihernand/Desktop/reach/results/26-07-10_i500/bootstrap_diagnostics_run_000/bootstrap_080_traceback.txt,/home2/ihernand/Desktop/reach/results/26-07-10_i500/bootstrap_diagnostics_run_000/bootstrap_080_log.txt,/home2/ihernand/Desktop/reach/results/26-07-10_i500/bootstrap_diagnostics_run_000/visibility_plots/bootstrap_visibility_080_summary.csv,/home2/ihernand/Desktop/reach/results/26-07-10_i500/bootstrap_diagnostics_run_000/visibility_plots/bootstrap_visibility_080.pdf
81,351.382374,2026-07-12 13:16:48.304904,,,/home2/ihernand/Desktop/reach/results/26-07-10_i500/bootstrap_diagnostics_run_000/bootstrap_081_ldd_inputs.csv,1,84,16,1,87,87,0,22,87,2026-07-12 13:10:56.922530,OK,/home2/ihernand/Desktop/reach/results/26-07-10_i500/bootstrap_diagnostics_run_000/bootstrap_081_traceback.txt,/home2/ihernand/Desktop/reach/results/26-07-10_i500/bootstrap_diagnostics_run_000/bootstrap_081_log.txt,/home2/ihernand/Desktop/reach/results/26-07-10_i500/bootstrap_diagnostics_run_000/visibility_plots/bootstrap_visibility_081_summary.csv,/home2/ihernand/Desktop/reach/results/26-07-10_i500/bootstrap_diagnostics_run_000/visibility_plots/bootstrap_visibility_081.pdf
82,350.829462,2026-07-12 13:22:39.134601,,,/home2/ihernand/Desktop/reach/results/26-07-10_i500/bootstrap_diagnostics_run_000/bootstrap_082_ldd_inputs.csv,1,84,16,1,87,87,0,22,87,2026-07-12 13:16:48.305139,OK,/home2/ihernand/Desktop/reach/results/26-07-10_i500/bootstrap_diagnostics_run_000/bootstrap_082_traceback.txt,/home2/ihernand/Desktop/reach/results/26-07-10_i500/bootstrap_diagnostics_run_000/bootstrap_082_log.txt,/home2/ihernand/Desktop/reach/results/26-07-10_i500/bootstrap_diagnostics_run_000/visibility_plots/bootstrap_visibility_082_summary.csv,/home2/ihernand/Desktop/reach/results/26-07-10_i500/bootstrap_diagnostics_run_000/visibility_plots/bootstrap_visibility_082.pdf
83,351.280382,2026-07-12 13:28:30.415173,,,/home2/ihernand/Desktop/reach/results/26-07-10_i500/bootstrap_diagnostics_run_000/bootstrap_083_ldd_inputs.csv,1,84,16,1,87,87,0,22,87,2026-07-12 13:22:39.134791,OK,/home2/ihernand/Desktop/reach/results/26-07-10_i500/bootstrap_diagnostics_run_000/bootstrap_083_traceback.txt,/home2/ihernand/Desktop/reach/results/26-07-10_i500/bootstrap_diagnostics_run_000/bootstrap_083_log.txt,/home2/ihernand/Desktop/reach/results/26-07-10_i500/bootstrap_diagnostics_run_000/visibility_plots/bootstrap_visibility_083_summary.csv,/home2/ihernand/Desktop/reach/results/26-07-10_i500/bootstrap_diagnostics_run_000/visibility_plots/bootstrap_visibility_083.pdf
84,351.614024,2026-07-12 13:34:22.029406,,,/home2/ihernand/Desktop/reach/results/26-07-10_i500/bootstrap_diagnostics_run_000/bootstrap_084_ldd_inputs.csv,1,84,16,1,87,87,0,22,87,2026-07-12 13:28:30.415382,OK,/home2/ihernand/Desktop/reach/results/26-07-10_i500/bootstrap_diagnostics_run_000/bootstrap_084_traceback.txt,/home2/ihernand/Desktop/reach/results/26-07-10_i500/bootstrap_diagnostics_run_000/bootstrap_084_log.txt,/home2/ihernand/Desktop/reach/results/26-07-10_i500/bootstrap_diagnostics_run_000/visibility_plots/bootstrap_visibility_084_summary.csv,/home2/ihernand/Desktop/reach/results/26-07-10_i500/bootstrap_diagnostics_run_000/visibility_plots/bootstrap_visibility_084.pdf
85,351.026556,2026-07-12 13:40:13.056174,,,/home2/ihernand/Desktop/reach/results/26-07-10_i500/bootstrap_diagnostics_run_000/bootstrap_085_ldd_inputs.csv,1,84,16,1,87,87,0,22,87,2026-07-12 13:34:22.029618,OK,/home2/ihernand/Desktop/reach/results/26-07-10_i500/bootstrap_diagnostics_run_000/bootstrap_085_traceback.txt,/home2/ihernand/Desktop/reach/results/26-07-10_i500/bootstrap_diagnostics_run_000/bootstrap_085_log.txt,/home2/ihernand/Desktop/reach/results/26-07-10_i500/bootstrap_diagnostics_run_000/visibility_plots/bootstrap_visibility_085_summary.csv,/home2/ihernand/Desktop/reach/results/26-07-10_i500/bootstrap_diagnostics_run_000/visibility_plots/bootstrap_visibility_085.pdf
86,351.259909,2026-07-12 13:46:04.316275,,,/home2/ihernand/Desktop/reach/results/26-07-10_i500/bootstrap_diagnostics_run_000/bootstrap_086_ldd_inputs.csv,1,84,16,1,87,87,0,22,87,2026-07-12 13:40:13.056366,OK,/home2/ihernand/Desktop/reach/results/26-07-10_i500/bootstrap_diagnostics_run_000/bootstrap_086_traceback.txt,/home2/ihernand/Desktop/reach/results/26-07-10_i500/bootstrap_diagnostics_run_000/bootstrap_086_log.txt,/home2/ihernand/Desktop/reach/results/26-07-10_i500/bootstrap_diagnostics_run_000/visibility_plots/bootstrap_visibility_086_summary.csv,/home2/ihernand/Desktop/reach/results/26-07-10_i500/bootstrap_diagnostics_run_000/visibility_plots/bootstrap_visibility_086.pdf
87,348.456916,2026-07-12 13:51:52.773427,,,/home2/ihernand/Desktop/reach/results/26-07-10_i500/bootstrap_diagnostics_run_000/bootstrap_087_ldd_inputs.csv,1,84,16,1,87,87,0,22,87,2026-07-12 13:46:04.316511,OK,/home2/ihernand/Desktop/reach/results/26-07-10_i500/bootstrap_diagnostics_run_000/bootstrap_087_traceback.txt,/home2/ihernand/Desktop/reach/results/26-07-10_i500/bootstrap_diagnostics_run_000/bootstrap_087_log.txt,/home2/ihernand/Desktop/reach/results/26-07-10_i500/bootstrap_diagnostics_run_000/visibility_plots/bootstrap_visibility_087_summary.csv,/home2/ihernand/Desktop/reach/results/26-07-10_i500/bootstrap_diagnostics_run_000/visibility_plots/bootstrap_visibility_087.pdf
88,351.544778,2026-07-12 13:57:44.318416,,,/home2/ihernand/Desktop/reach/results/26-07-10_i500/bootstrap_diagnostics_run_000/bootstrap_088_ldd_inputs.csv,1,84,16,1,87,87,0,22,87,2026-07-12 13:51:52.773638,OK,/home2/ihernand/Desktop/reach/results/26-07-10_i500/bootstrap_diagnostics_run_000/bootstrap_088_traceback.txt,/home2/ihernand/Desktop/reach/results/26-07-10_i500/bootstrap_diagnostics_run_000/bootstrap_088_log.txt,/home2/ihernand/Desktop/reach/results/26-07-10_i500/bootstrap_diagnostics_run_000/visibility_plots/bootstrap_visibility_088_summary.csv,/home2/ihernand/Desktop/reach/results/26-07-10_i500/bootstrap_diagnostics_run_000/visibility_plots/bootstrap_visibility_088.pdf
89,350.029339,2026-07-12 14:03:34.347961,,,/home2/ihernand/Desktop/reach/results/26-07-10_i500/bootstrap_diagnostics_run_000/bootstrap_089_ldd_inputs.csv,1,84,16,1,87,87,0,22,87,2026-07-12 13:57:44.318622,OK,/home2/ihernand/Desktop/reach/results/26-07-10_i500/bootstrap_diagnostics_run_000/bootstrap_089_traceback.txt,/home2/ihernand/Desktop/reach/results/26-07-10_i500/bootstrap_diagnostics_run_000/bootstrap_089_log.txt,/home2/ihernand/Desktop/reach/results/26-07-10_i500/bootstrap_diagnostics_run_000/visibility_plots/bootstrap_visibility_089_summary.csv,/home2/ihernand/Desktop/reach/results/26-07-10_i500/bootstrap_diagnostics_run_000/visibility_plots/bootstrap_visibility_089.pdf
90,352.473262,2026-07-12 14:09:26.821436,,,/home2/ihernand/Desktop/reach/results/26-07-10_i500/bootstrap_diagnostics_run_000/bootstrap_090_ldd_inputs.csv,1,84,16,1,87,87,0,22,87,2026-07-12 14:03:34.348174,OK,/home2/ihernand/Desktop/reach/results/26-07-10_i500/bootstrap_diagnostics_run_000/bootstrap_090_traceback.txt,/home2/ihernand/Desktop/reach/results/26-07-10_i500/bootstrap_diagnostics_run_000/bootstrap_090_log.txt,/home2/ihernand/Desktop/reach/results/26-07-10_i500/bootstrap_diagnostics_run_000/visibility_plots/bootstrap_visibility_090_summary.csv,/home2/ihernand/Desktop/reach/results/26-07-10_i500/bootstrap_diagnostics_run_000/visibility_plots/bootstrap_visibility_090.pdf
91,352.173677,2026-07-12 14:15:18.995303,,,/home2/ihernand/Desktop/reach/results/26-07-10_i500/bootstrap_diagnostics_run_000/bootstrap_091_ldd_inputs.csv,1,84,16,1,87,87,0,22,87,2026-07-12 14:09:26.821626,OK,/home2/ihernand/Desktop/reach/results/26-07-10_i500/bootstrap_diagnostics_run_000/bootstrap_091_traceback.txt,/home2/ihernand/Desktop/reach/results/26-07-10_i500/bootstrap_diagnostics_run_000/bootstrap_091_log.txt,/home2/ihernand/Desktop/reach/results/26-07-10_i500/bootstrap_diagnostics_run_000/visibility_plots/bootstrap_visibility_091_summary.csv,/home2/ihernand/Desktop/reach/results/26-07-10_i500/bootstrap_diagnostics_run_000/visibility_plots/bootstrap_visibility_091.pdf
92,352.891487,2026-07-12 14:21:11.886985,,,/home2/ihernand/Desktop/reach/results/26-07-10_i500/bootstrap_diagnostics_run_000/bootstrap_092_ldd_inputs.csv,1,84,16,1,87,87,0,22,87,2026-07-12 14:15:18.995498,OK,/home2/ihernand/Desktop/reach/results/26-07-10_i500/bootstrap_diagnostics_run_000/bootstrap_092_traceback.txt,/home2/ihernand/Desktop/reach/results/26-07-10_i500/bootstrap_diagnostics_run_000/bootstrap_092_log.txt,/home2/ihernand/Desktop/reach/results/26-07-10_i500/bootstrap_diagnostics_run_000/visibility_plots/bootstrap_visibility_092_summary.csv,/home2/ihernand/Desktop/reach/results/26-07-10_i500/bootstrap_diagnostics_run_000/visibility_plots/bootstrap_visibility_092.pdf
93,350.938618,2026-07-12 14:27:02.825834,,,/home2/ihernand/Desktop/reach/results/26-07-10_i500/bootstrap_diagnostics_run_000/bootstrap_093_ldd_inputs.csv,1,84,16,1,87,87,0,22,87,2026-07-12 14:21:11.887216,OK,/home2/ihernand/Desktop/reach/results/26-07-10_i500/bootstrap_diagnostics_run_000/bootstrap_093_traceback.txt,/home2/ihernand/Desktop/reach/results/26-07-10_i500/bootstrap_diagnostics_run_000/bootstrap_093_log.txt,/home2/ihernand/Desktop/reach/results/26-07-10_i500/bootstrap_diagnostics_run_000/visibility_plots/bootstrap_visibility_093_summary.csv,/home2/ihernand/Desktop/reach/results/26-07-10_i500/bootstrap_diagnostics_run_000/visibility_plots/bootstrap_visibility_093.pdf
94,352.421863,2026-07-12 14:32:55.247904,,,/home2/ihernand/Desktop/reach/results/26-07-10_i500/bootstrap_diagnostics_run_000/bootstrap_094_ldd_inputs.csv,1,84,16,1,87,87,0,22,87,2026-07-12 14:27:02.826041,OK,/home2/ihernand/Desktop/reach/results/26-07-10_i500/bootstrap_diagnostics_run_000/bootstrap_094_traceback.txt,/home2/ihernand/Desktop/reach/results/26-07-10_i500/bootstrap_diagnostics_run_000/bootstrap_094_log.txt,/home2/ihernand/Desktop/reach/results/26-07-10_i500/bootstrap_diagnostics_run_000/visibility_plots/bootstrap_visibility_094_summary.csv,/home2/ihernand/Desktop/reach/results/26-07-10_i500/bootstrap_diagnostics_run_000/visibility_plots/bootstrap_visibility_094.pdf
95,351.093087,2026-07-12 14:38:46.341183,,,/home2/ihernand/Desktop/reach/results/26-07-10_i500/bootstrap_diagnostics_run_000/bootstrap_095_ldd_inputs.csv,1,84,16,1,87,87,0,22,87,2026-07-12 14:32:55.248096,OK,/home2/ihernand/Desktop/reach/results/26-07-10_i500/bootstrap_diagnostics_run_000/bootstrap_095_traceback.txt,/home2/ihernand/Desktop/reach/results/26-07-10_i500/bootstrap_diagnostics_run_000/bootstrap_095_log.txt,/home2/ihernand/Desktop/reach/results/26-07-10_i500/bootstrap_diagnostics_run_000/visibility_plots/bootstrap_visibility_095_summary.csv,/home2/ihernand/Desktop/reach/results/26-07-10_i500/bootstrap_diagnostics_run_000/visibility_plots/bootstrap_visibility_095.pdf
96,352.003215,2026-07-12 14:44:38.344614,,,/home2/ihernand/Desktop/reach/results/26-07-10_i500/bootstrap_diagnostics_run_000/bootstrap_096_ldd_inputs.csv,1,84,16,1,87,87,0,22,87,2026-07-12 14:38:46.341399,OK,/home2/ihernand/Desktop/reach/results/26-07-10_i500/bootstrap_diagnostics_run_000/bootstrap_096_traceback.txt,/home2/ihernand/Desktop/reach/results/26-07-10_i500/bootstrap_diagnostics_run_000/bootstrap_096_log.txt,/home2/ihernand/Desktop/reach/results/26-07-10_i500/bootstrap_diagnostics_run_000/visibility_plots/bootstrap_visibility_096_summary.csv,/home2/ihernand/Desktop/reach/results/26-07-10_i500/bootstrap_diagnostics_run_000/visibility_plots/bootstrap_visibility_096.pdf
97,351.273593,2026-07-12 14:50:29.618414,,,/home2/ihernand/Desktop/reach/results/26-07-10_i500/bootstrap_diagnostics_run_000/bootstrap_097_ldd_inputs.csv,1,84,16,1,87,87,0,22,87,2026-07-12 14:44:38.344821,OK,/home2/ihernand/Desktop/reach/results/26-07-10_i500/bootstrap_diagnostics_run_000/bootstrap_097_traceback.txt,/home2/ihernand/Desktop/reach/results/26-07-10_i500/bootstrap_diagnostics_run_000/bootstrap_097_log.txt,/home2/ihernand/Desktop/reach/results/26-07-10_i500/bootstrap_diagnostics_run_000/visibility_plots/bootstrap_visibility_097_summary.csv,/home2/ihernand/Desktop/reach/results/26-07-10_i500/bootstrap_diagnostics_run_000/visibility_plots/bootstrap_visibility_097.pdf
98,270.972239,2026-07-12 14:55:00.590906,,,/home2/ihernand/Desktop/reach/results/26-07-10_i500/bootstrap_diagnostics_run_000/bootstrap_098_ldd_inputs.csv,1,84,16,1,87,87,0,22,87,2026-07-12 14:50:29.618667,OK,/home2/ihernand/Desktop/reach/results/26-07-10_i500/bootstrap_diagnostics_run_000/bootstrap_098_traceback.txt,/home2/ihernand/Desktop/reach/results/26-07-10_i500/bootstrap_diagnostics_run_000/bootstrap_098_log.txt,/home2/ihernand/Desktop/reach/results/26-07-10_i500/bootstrap_diagnostics_run_000/visibility_plots/bootstrap_visibility_098_summary.csv,/home2/ihernand/Desktop/reach/results/26-07-10_i500/bootstrap_diagnostics_run_000/visibility_plots/bootstrap_visibility_098.pdf
99,269.291718,2026-07-12 14:59:29.882864,,,/home2/ihernand/Desktop/reach/results/26-07-10_i500/bootstrap_diagnostics_run_000/bootstrap_099_ldd_inputs.csv,1,84,16,1,87,87,0,22,87,2026-07-12 14:55:00.591146,OK,/home2/ihernand/Desktop/reach/results/26-07-10_i500/bootstrap_diagnostics_run_000/bootstrap_099_traceback.txt,/home2/ihernand/Desktop/reach/results/26-07-10_i500/bootstrap_diagnostics_run_000/bootstrap_099_log.txt,/home2/ihernand/Desktop/reach/results/26-07-10_i500/bootstrap_diagnostics_run_000/visibility_plots/bootstrap_visibility_099_summary.csv,/home2/ihernand/Desktop/reach/results/26-07-10_i500/bootstrap_diagnostics_run_000/visibility_plots/bootstrap_visibility_099.pdf
100,269.405063,2026-07-12 15:03:59.288159,,,/home2/ihernand/Desktop/reach/results/26-07-10_i500/bootstrap_diagnostics_run_000/bootstrap_100_ldd_inputs.csv,1,84,16,1,87,87,0,22,87,2026-07-12 14:59:29.883096,OK,/home2/ihernand/Desktop/reach/results/26-07-10_i500/bootstrap_diagnostics_run_000/bootstrap_100_traceback.txt,/home2/ihernand/Desktop/reach/results/26-07-10_i500/bootstrap_diagnostics_run_000/bootstrap_100_log.txt,/home2/ihernand/Desktop/reach/results/26-07-10_i500/bootstrap_diagnostics_run_000/visibility_plots/bootstrap_visibility_100_summary.csv,/home2/ihernand/Desktop/reach/results/26-07-10_i500/bootstrap_diagnostics_run_000/visibility_plots/bootstrap_visibility_100.pdf
101,274.698849,2026-07-12 15:08:33.987247,,,/home2/ihernand/Desktop/reach/results/26-07-10_i500/bootstrap_diagnostics_run_000/bootstrap_101_ldd_inputs.csv,1,84,16,1,87,87,0,22,87,2026-07-12 15:03:59.288398,OK,/home2/ihernand/Desktop/reach/results/26-07-10_i500/bootstrap_diagnostics_run_000/bootstrap_101_traceback.txt,/home2/ihernand/Desktop/reach/results/26-07-10_i500/bootstrap_diagnostics_run_000/bootstrap_101_log.txt,/home2/ihernand/Desktop/reach/results/26-07-10_i500/bootstrap_diagnostics_run_000/visibility_plots/bootstrap_visibility_101_summary.csv,/home2/ihernand/Desktop/reach/results/26-07-10_i500/bootstrap_diagnostics_run_000/visibility_plots/bootstrap_visibility_101.pdf
102,275.23535,2026-07-12 15:13:09.222819,,,/home2/ihernand/Desktop/reach/results/26-07-10_i500/bootstrap_diagnostics_run_000/bootstrap_102_ldd_inputs.csv,1,84,16,1,87,87,0,22,87,2026-07-12 15:08:33.987469,OK,/home2/ihernand/Desktop/reach/results/26-07-10_i500/bootstrap_diagnostics_run_000/bootstrap_102_traceback.txt,/home2/ihernand/Desktop/reach/results/26-07-10_i500/bootstrap_diagnostics_run_000/bootstrap_102_log.txt,/home2/ihernand/Desktop/reach/results/26-07-10_i500/bootstrap_diagnostics_run_000/visibility_plots/bootstrap_visibility_102_summary.csv,/home2/ihernand/Desktop/reach/results/26-07-10_i500/bootstrap_diagnostics_run_000/visibility_plots/bootstrap_visibility_102.pdf
103,268.024782,2026-07-12 15:17:37.247830,,,/home2/ihernand/Desktop/reach/results/26-07-10_i500/bootstrap_diagnostics_run_000/bootstrap_103_ldd_inputs.csv,1,84,16,1,87,87,0,22,87,2026-07-12 15:13:09.223048,OK,/home2/ihernand/Desktop/reach/results/26-07-10_i500/bootstrap_diagnostics_run_000/bootstrap_103_traceback.txt,/home2/ihernand/Desktop/reach/results/26-07-10_i500/bootstrap_diagnostics_run_000/bootstrap_103_log.txt,/home2/ihernand/Desktop/reach/results/26-07-10_i500/bootstrap_diagnostics_run_000/visibility_plots/bootstrap_visibility_103_summary.csv,/home2/ihernand/Desktop/reach/results/26-07-10_i500/bootstrap_diagnostics_run_000/visibility_plots/bootstrap_visibility_103.pdf
104,268.821668,2026-07-12 15:22:06.069725,,,/home2/ihernand/Desktop/reach/results/26-07-10_i500/bootstrap_diagnostics_run_000/bootstrap_104_ldd_inputs.csv,1,84,16,1,87,87,0,22,87,2026-07-12 15:17:37.248057,OK,/home2/ihernand/Desktop/reach/results/26-07-10_i500/bootstrap_diagnostics_run_000/bootstrap_104_traceback.txt,/home2/ihernand/Desktop/reach/results/26-07-10_i500/bootstrap_diagnostics_run_000/bootstrap_104_log.txt,/home2/ihernand/Desktop/reach/results/26-07-10_i500/bootstrap_diagnostics_run_000/visibility_plots/bootstrap_visibility_104_summary.csv,/home2/ihernand/Desktop/reach/results/26-07-10_i500/bootstrap_diagnostics_run_000/visibility_plots/bootstrap_visibility_104.pdf
105,266.965108,2026-07-12 15:26:33.035077,,,/home2/ihernand/Desktop/reach/results/26-07-10_i500/bootstrap_diagnostics_run_000/bootstrap_105_ldd_inputs.csv,1,84,16,1,87,87,0,22,87,2026-07-12 15:22:06.069969,OK,/home2/ihernand/Desktop/reach/results/26-07-10_i500/bootstrap_diagnostics_run_000/bootstrap_105_traceback.txt,/home2/ihernand/Desktop/reach/results/26-07-10_i500/bootstrap_diagnostics_run_000/bootstrap_105_log.txt,/home2/ihernand/Desktop/reach/results/26-07-10_i500/bootstrap_diagnostics_run_000/visibility_plots/bootstrap_visibility_105_summary.csv,/home2/ihernand/Desktop/reach/results/26-07-10_i500/bootstrap_diagnostics_run_000/visibility_plots/bootstrap_visibility_105.pdf
106,334.512358,2026-07-12 15:32:07.547669,,,/home2/ihernand/Desktop/reach/results/26-07-10_i500/bootstrap_diagnostics_run_000/bootstrap_106_ldd_inputs.csv,1,84,16,1,87,87,0,22,87,2026-07-12 15:26:33.035311,OK,/home2/ihernand/Desktop/reach/results/26-07-10_i500/bootstrap_diagnostics_run_000/bootstrap_106_traceback.txt,/home2/ihernand/Desktop/reach/results/26-07-10_i500/bootstrap_diagnostics_run_000/bootstrap_106_log.txt,/home2/ihernand/Desktop/reach/results/26-07-10_i500/bootstrap_diagnostics_run_000/visibility_plots/bootstrap_visibility_106_summary.csv,/home2/ihernand/Desktop/reach/results/26-07-10_i500/bootstrap_diagnostics_run_000/visibility_plots/bootstrap_visibility_106.pdf
107,266.540415,2026-07-12 15:36:34.088318,,,/home2/ihernand/Desktop/reach/results/26-07-10_i500/bootstrap_diagnostics_run_000/bootstrap_107_ldd_inputs.csv,1,84,16,1,87,87,0,22,87,2026-07-12 15:32:07.547903,OK,/home2/ihernand/Desktop/reach/results/26-07-10_i500/bootstrap_diagnostics_run_000/bootstrap_107_traceback.txt,/home2/ihernand/Desktop/reach/results/26-07-10_i500/bootstrap_diagnostics_run_000/bootstrap_107_log.txt,/home2/ihernand/Desktop/reach/results/26-07-10_i500/bootstrap_diagnostics_run_000/visibility_plots/bootstrap_visibility_107_summary.csv,/home2/ihernand/Desktop/reach/results/26-07-10_i500/bootstrap_diagnostics_run_000/visibility_plots/bootstrap_visibility_107.pdf
108,268.457123,2026-07-12 15:41:02.545684,,,/home2/ihernand/Desktop/reach/results/26-07-10_i500/bootstrap_diagnostics_run_000/bootstrap_108_ldd_inputs.csv,1,84,16,1,87,87,0,22,87,2026-07-12 15:36:34.088561,OK,/home2/ihernand/Desktop/reach/results/26-07-10_i500/bootstrap_diagnostics_run_000/bootstrap_108_traceback.txt,/home2/ihernand/Desktop/reach/results/26-07-10_i500/bootstrap_diagnostics_run_000/bootstrap_108_log.txt,/home2/ihernand/Desktop/reach/results/26-07-10_i500/bootstrap_diagnostics_run_000/visibility_plots/bootstrap_visibility_108_summary.csv,/home2/ihernand/Desktop/reach/results/26-07-10_i500/bootstrap_diagnostics_run_000/visibility_plots/bootstrap_visibility_108.pdf
109,266.813055,2026-07-12 15:45:29.358972,,,/home2/ihernand/Desktop/reach/results/26-07-10_i500/bootstrap_diagnostics_run_000/bootstrap_109_ldd_inputs.csv,1,84,16,1,87,87,0,22,87,2026-07-12 15:41:02.545917,OK,/home2/ihernand/Desktop/reach/results/26-07-10_i500/bootstrap_diagnostics_run_000/bootstrap_109_traceback.txt,/home2/ihernand/Desktop/reach/results/26-07-10_i500/bootstrap_diagnostics_run_000/bootstrap_109_log.txt,/home2/ihernand/Desktop/reach/results/26-07-10_i500/bootstrap_diagnostics_run_000/visibility_plots/bootstrap_visibility_109_summary.csv,/home2/ihernand/Desktop/reach/results/26-07-10_i500/bootstrap_diagnostics_run_000/visibility_plots/bootstrap_visibility_109.pdf
110,265.976626,2026-07-12 15:49:55.335808,,,/home2/ihernand/Desktop/reach/results/26-07-10_i500/bootstrap_diagnostics_run_000/bootstrap_110_ldd_inputs.csv,1,84,16,1,87,87,0,22,87,2026-07-12 15:45:29.359182,OK,/home2/ihernand/Desktop/reach/results/26-07-10_i500/bootstrap_diagnostics_run_000/bootstrap_110_traceback.txt,/home2/ihernand/Desktop/reach/results/26-07-10_i500/bootstrap_diagnostics_run_000/bootstrap_110_log.txt,/home2/ihernand/Desktop/reach/results/26-07-10_i500/bootstrap_diagnostics_run_000/visibility_plots/bootstrap_visibility_110_summary.csv,/home2/ihernand/Desktop/reach/results/26-07-10_i500/bootstrap_diagnostics_run_000/visibility_plots/bootstrap_visibility_110.pdf
111,266.215859,2026-07-12 15:54:21.551953,,,/home2/ihernand/Desktop/reach/results/26-07-10_i500/bootstrap_diagnostics_run_000/bootstrap_111_ldd_inputs.csv,1,84,16,1,87,87,0,22,87,2026-07-12 15:49:55.336094,OK,/home2/ihernand/Desktop/reach/results/26-07-10_i500/bootstrap_diagnostics_run_000/bootstrap_111_traceback.txt,/home2/ihernand/Desktop/reach/results/26-07-10_i500/bootstrap_diagnostics_run_000/bootstrap_111_log.txt,/home2/ihernand/Desktop/reach/results/26-07-10_i500/bootstrap_diagnostics_run_000/visibility_plots/bootstrap_visibility_111_summary.csv,/home2/ihernand/Desktop/reach/results/26-07-10_i500/bootstrap_diagnostics_run_000/visibility_plots/bootstrap_visibility_111.pdf
112,350.816228,2026-07-12 16:00:12.368425,,,/home2/ihernand/Desktop/reach/results/26-07-10_i500/bootstrap_diagnostics_run_000/bootstrap_112_ldd_inputs.csv,1,84,16,1,87,87,0,22,87,2026-07-12 15:54:21.552197,OK,/home2/ihernand/Desktop/reach/results/26-07-10_i500/bootstrap_diagnostics_run_000/bootstrap_112_traceback.txt,/home2/ihernand/Desktop/reach/results/26-07-10_i500/bootstrap_diagnostics_run_000/bootstrap_112_log.txt,/home2/ihernand/Desktop/reach/results/26-07-10_i500/bootstrap_diagnostics_run_000/visibility_plots/bootstrap_visibility_112_summary.csv,/home2/ihernand/Desktop/reach/results/26-07-10_i500/bootstrap_diagnostics_run_000/visibility_plots/bootstrap_visibility_112.pdf
113,350.372244,2026-07-12 16:06:02.740897,,,/home2/ihernand/Desktop/reach/results/26-07-10_i500/bootstrap_diagnostics_run_000/bootstrap_113_ldd_inputs.csv,1,84,16,1,87,87,0,22,87,2026-07-12 16:00:12.368653,OK,/home2/ihernand/Desktop/reach/results/26-07-10_i500/bootstrap_diagnostics_run_000/bootstrap_113_traceback.txt,/home2/ihernand/Desktop/reach/results/26-07-10_i500/bootstrap_diagnostics_run_000/bootstrap_113_log.txt,/home2/ihernand/Desktop/reach/results/26-07-10_i500/bootstrap_diagnostics_run_000/visibility_plots/bootstrap_visibility_113_summary.csv,/home2/ihernand/Desktop/reach/results/26-07-10_i500/bootstrap_diagnostics_run_000/visibility_plots/bootstrap_visibility_113.pdf
114,351.42828,2026-07-12 16:11:54.169408,,,/home2/ihernand/Desktop/reach/results/26-07-10_i500/bootstrap_diagnostics_run_000/bootstrap_114_ldd_inputs.csv,1,84,16,1,87,87,0,22,87,2026-07-12 16:06:02.741128,OK,/home2/ihernand/Desktop/reach/results/26-07-10_i500/bootstrap_diagnostics_run_000/bootstrap_114_traceback.txt,/home2/ihernand/Desktop/reach/results/26-07-10_i500/bootstrap_diagnostics_run_000/bootstrap_114_log.txt,/home2/ihernand/Desktop/reach/results/26-07-10_i500/bootstrap_diagnostics_run_000/visibility_plots/bootstrap_visibility_114_summary.csv,/home2/ihernand/Desktop/reach/results/26-07-10_i500/bootstrap_diagnostics_run_000/visibility_plots/bootstrap_visibility_114.pdf
115,351.481978,2026-07-12 16:17:45.651577,,,/home2/ihernand/Desktop/reach/results/26-07-10_i500/bootstrap_diagnostics_run_000/bootstrap_115_ldd_inputs.csv,1,84,16,1,87,87,0,22,87,2026-07-12 16:11:54.169599,OK,/home2/ihernand/Desktop/reach/results/26-07-10_i500/bootstrap_diagnostics_run_000/bootstrap_115_traceback.txt,/home2/ihernand/Desktop/reach/results/26-07-10_i500/bootstrap_diagnostics_run_000/bootstrap_115_log.txt,/home2/ihernand/Desktop/reach/results/26-07-10_i500/bootstrap_diagnostics_run_000/visibility_plots/bootstrap_visibility_115_summary.csv,/home2/ihernand/Desktop/reach/results/26-07-10_i500/bootstrap_diagnostics_run_000/visibility_plots/bootstrap_visibility_115.pdf
116,351.399866,2026-07-12 16:23:37.051673,,,/home2/ihernand/Desktop/reach/results/26-07-10_i500/bootstrap_diagnostics_run_000/bootstrap_116_ldd_inputs.csv,1,84,16,1,87,87,0,22,87,2026-07-12 16:17:45.651807,OK,/home2/ihernand/Desktop/reach/results/26-07-10_i500/bootstrap_diagnostics_run_000/bootstrap_116_traceback.txt,/home2/ihernand/Desktop/reach/results/26-07-10_i500/bootstrap_diagnostics_run_000/bootstrap_116_log.txt,/home2/ihernand/Desktop/reach/results/26-07-10_i500/bootstrap_diagnostics_run_000/visibility_plots/bootstrap_visibility_116_summary.csv,/home2/ihernand/Desktop/reach/results/26-07-10_i500/bootstrap_diagnostics_run_000/visibility_plots/bootstrap_visibility_116.pdf
117,267.734514,2026-07-12 16:28:04.786423,,,/home2/ihernand/Desktop/reach/results/26-07-10_i500/bootstrap_diagnostics_run_000/bootstrap_117_ldd_inputs.csv,1,84,16,1,87,87,0,22,87,2026-07-12 16:23:37.051909,OK,/home2/ihernand/Desktop/reach/results/26-07-10_i500/bootstrap_diagnostics_run_000/bootstrap_117_traceback.txt,/home2/ihernand/Desktop/reach/results/26-07-10_i500/bootstrap_diagnostics_run_000/bootstrap_117_log.txt,/home2/ihernand/Desktop/reach/results/26-07-10_i500/bootstrap_diagnostics_run_000/visibility_plots/bootstrap_visibility_117_summary.csv,/home2/ihernand/Desktop/reach/results/26-07-10_i500/bootstrap_diagnostics_run_000/visibility_plots/bootstrap_visibility_117.pdf
118,265.785516,2026-07-12 16:32:30.572174,,,/home2/ihernand/Desktop/reach/results/26-07-10_i500/bootstrap_diagnostics_run_000/bootstrap_118_ldd_inputs.csv,1,84,16,1,87,87,0,22,87,2026-07-12 16:28:04.786658,OK,/home2/ihernand/Desktop/reach/results/26-07-10_i500/bootstrap_diagnostics_run_000/bootstrap_118_traceback.txt,/home2/ihernand/Desktop/reach/results/26-07-10_i500/bootstrap_diagnostics_run_000/bootstrap_118_log.txt,/home2/ihernand/Desktop/reach/results/26-07-10_i500/bootstrap_diagnostics_run_000/visibility_plots/bootstrap_visibility_118_summary.csv,/home2/ihernand/Desktop/reach/results/26-07-10_i500/bootstrap_diagnostics_run_000/visibility_plots/bootstrap_visibility_118.pdf
119,266.854127,2026-07-12 16:36:57.426548,,,/home2/ihernand/Desktop/reach/results/26-07-10_i500/bootstrap_diagnostics_run_000/bootstrap_119_ldd_inputs.csv,1,84,16,1,87,87,0,22,87,2026-07-12 16:32:30.572421,OK,/home2/ihernand/Desktop/reach/results/26-07-10_i500/bootstrap_diagnostics_run_000/bootstrap_119_traceback.txt,/home2/ihernand/Desktop/reach/results/26-07-10_i500/bootstrap_diagnostics_run_000/bootstrap_119_log.txt,/home2/ihernand/Desktop/reach/results/26-07-10_i500/bootstrap_diagnostics_run_000/visibility_plots/bootstrap_visibility_119_summary.csv,/home2/ihernand/Desktop/reach/results/26-07-10_i500/bootstrap_diagnostics_run_000/visibility_plots/bootstrap_visibility_119.pdf
120,267.325747,2026-07-12 16:41:24.752523,,,/home2/ihernand/Desktop/reach/results/26-07-10_i500/bootstrap_diagnostics_run_000/bootstrap_120_ldd_inputs.csv,1,84,16,1,87,87,0,22,87,2026-07-12 16:36:57.426776,OK,/home2/ihernand/Desktop/reach/results/26-07-10_i500/bootstrap_diagnostics_run_000/bootstrap_120_traceback.txt,/home2/ihernand/Desktop/reach/results/26-07-10_i500/bootstrap_diagnostics_run_000/bootstrap_120_log.txt,/home2/ihernand/Desktop/reach/results/26-07-10_i500/bootstrap_diagnostics_run_000/visibility_plots/bootstrap_visibility_120_summary.csv,/home2/ihernand/Desktop/reach/results/26-07-10_i500/bootstrap_diagnostics_run_000/visibility_plots/bootstrap_visibility_120.pdf
121,265.094113,2026-07-12 16:45:49.846859,,,/home2/ihernand/Desktop/reach/results/26-07-10_i500/bootstrap_diagnostics_run_000/bootstrap_121_ldd_inputs.csv,1,84,16,1,87,87,0,22,87,2026-07-12 16:41:24.752746,OK,/home2/ihernand/Desktop/reach/results/26-07-10_i500/bootstrap_diagnostics_run_000/bootstrap_121_traceback.txt,/home2/ihernand/Desktop/reach/results/26-07-10_i500/bootstrap_diagnostics_run_000/bootstrap_121_log.txt,/home2/ihernand/Desktop/reach/results/26-07-10_i500/bootstrap_diagnostics_run_000/visibility_plots/bootstrap_visibility_121_summary.csv,/home2/ihernand/Desktop/reach/results/26-07-10_i500/bootstrap_diagnostics_run_000/visibility_plots/bootstrap_visibility_121.pdf
122,266.343873,2026-07-12 16:50:16.190967,,,/home2/ihernand/Desktop/reach/results/26-07-10_i500/bootstrap_diagnostics_run_000/bootstrap_122_ldd_inputs.csv,1,84,16,1,87,87,0,22,87,2026-07-12 16:45:49.847094,OK,/home2/ihernand/Desktop/reach/results/26-07-10_i500/bootstrap_diagnostics_run_000/bootstrap_122_traceback.txt,/home2/ihernand/Desktop/reach/results/26-07-10_i500/bootstrap_diagnostics_run_000/bootstrap_122_log.txt,/home2/ihernand/Desktop/reach/results/26-07-10_i500/bootstrap_diagnostics_run_000/visibility_plots/bootstrap_visibility_122_summary.csv,/home2/ihernand/Desktop/reach/results/26-07-10_i500/bootstrap_diagnostics_run_000/visibility_plots/bootstrap_visibility_122.pdf
123,267.225535,2026-07-12 16:54:43.416719,,,/home2/ihernand/Desktop/reach/results/26-07-10_i500/bootstrap_diagnostics_run_000/bootstrap_123_ldd_inputs.csv,1,84,16,1,87,87,0,22,87,2026-07-12 16:50:16.191184,OK,/home2/ihernand/Desktop/reach/results/26-07-10_i500/bootstrap_diagnostics_run_000/bootstrap_123_traceback.txt,/home2/ihernand/Desktop/reach/results/26-07-10_i500/bootstrap_diagnostics_run_000/bootstrap_123_log.txt,/home2/ihernand/Desktop/reach/results/26-07-10_i500/bootstrap_diagnostics_run_000/visibility_plots/bootstrap_visibility_123_summary.csv,/home2/ihernand/Desktop/reach/results/26-07-10_i500/bootstrap_diagnostics_run_000/visibility_plots/bootstrap_visibility_123.pdf
124,266.444873,2026-07-12 16:59:09.861806,,,/home2/ihernand/Desktop/reach/results/26-07-10_i500/bootstrap_diagnostics_run_000/bootstrap_124_ldd_inputs.csv,1,84,16,1,87,87,0,22,87,2026-07-12 16:54:43.416933,OK,/home2/ihernand/Desktop/reach/results/26-07-10_i500/bootstrap_diagnostics_run_000/bootstrap_124_traceback.txt,/home2/ihernand/Desktop/reach/results/26-07-10_i500/bootstrap_diagnostics_run_000/bootstrap_124_log.txt,/home2/ihernand/Desktop/reach/results/26-07-10_i500/bootstrap_diagnostics_run_000/visibility_plots/bootstrap_visibility_124_summary.csv,/home2/ihernand/Desktop/reach/results/26-07-10_i500/bootstrap_diagnostics_run_000/visibility_plots/bootstrap_visibility_124.pdf
125,267.496081,2026-07-12 17:03:37.358131,,,/home2/ihernand/Desktop/reach/results/26-07-10_i500/bootstrap_diagnostics_run_000/bootstrap_125_ldd_inputs.csv,1,84,16,1,87,87,0,22,87,2026-07-12 16:59:09.862050,OK,/home2/ihernand/Desktop/reach/results/26-07-10_i500/bootstrap_diagnostics_run_000/bootstrap_125_traceback.txt,/home2/ihernand/Desktop/reach/results/26-07-10_i500/bootstrap_diagnostics_run_000/bootstrap_125_log.txt,/home2/ihernand/Desktop/reach/results/26-07-10_i500/bootstrap_diagnostics_run_000/visibility_plots/bootstrap_visibility_125_summary.csv,/home2/ihernand/Desktop/reach/results/26-07-10_i500/bootstrap_diagnostics_run_000/visibility_plots/bootstrap_visibility_125.pdf
126,266.175314,2026-07-12 17:08:03.533676,,,/home2/ihernand/Desktop/reach/results/26-07-10_i500/bootstrap_diagnostics_run_000/bootstrap_126_ldd_inputs.csv,1,84,16,1,87,87,0,22,87,2026-07-12 17:03:37.358362,OK,/home2/ihernand/Desktop/reach/results/26-07-10_i500/bootstrap_diagnostics_run_000/bootstrap_126_traceback.txt,/home2/ihernand/Desktop/reach/results/26-07-10_i500/bootstrap_diagnostics_run_000/bootstrap_126_log.txt,/home2/ihernand/Desktop/reach/results/26-07-10_i500/bootstrap_diagnostics_run_000/visibility_plots/bootstrap_visibility_126_summary.csv,/home2/ihernand/Desktop/reach/results/26-07-10_i500/bootstrap_diagnostics_run_000/visibility_plots/bootstrap_visibility_126.pdf
127,266.193762,2026-07-12 17:12:29.727673,,,/home2/ihernand/Desktop/reach/results/26-07-10_i500/bootstrap_diagnostics_run_000/bootstrap_127_ldd_inputs.csv,1,84,16,1,87,87,0,22,87,2026-07-12 17:08:03.533911,OK,/home2/ihernand/Desktop/reach/results/26-07-10_i500/bootstrap_diagnostics_run_000/bootstrap_127_traceback.txt,/home2/ihernand/Desktop/reach/results/26-07-10_i500/bootstrap_diagnostics_run_000/bootstrap_127_log.txt,/home2/ihernand/Desktop/reach/results/26-07-10_i500/bootstrap_diagnostics_run_000/visibility_plots/bootstrap_visibility_127_summary.csv,/home2/ihernand/Desktop/reach/results/26-07-10_i500/bootstrap_diagnostics_run_000/visibility_plots/bootstrap_visibility_127.pdf
128,448.081156,2026-07-12 17:19:57.809058,,,/home2/ihernand/Desktop/reach/results/26-07-10_i500/bootstrap_diagnostics_run_000/bootstrap_128_ldd_inputs.csv,1,84,16,1,87,87,0,22,87,2026-07-12 17:12:29.727902,OK,/home2/ihernand/Desktop/reach/results/26-07-10_i500/bootstrap_diagnostics_run_000/bootstrap_128_traceback.txt,/home2/ihernand/Desktop/reach/results/26-07-10_i500/bootstrap_diagnostics_run_000/bootstrap_128_log.txt,/home2/ihernand/Desktop/reach/results/26-07-10_i500/bootstrap_diagnostics_run_000/visibility_plots/bootstrap_visibility_128_summary.csv,/home2/ihernand/Desktop/reach/results/26-07-10_i500/bootstrap_diagnostics_run_000/visibility_plots/bootstrap_visibility_128.pdf
129,351.477042,2026-07-12 17:25:49.286308,,,/home2/ihernand/Desktop/reach/results/26-07-10_i500/bootstrap_diagnostics_run_000/bootstrap_129_ldd_inputs.csv,1,84,16,1,87,87,0,22,87,2026-07-12 17:19:57.809266,OK,/home2/ihernand/Desktop/reach/results/26-07-10_i500/bootstrap_diagnostics_run_000/bootstrap_129_traceback.txt,/home2/ihernand/Desktop/reach/results/26-07-10_i500/bootstrap_diagnostics_run_000/bootstrap_129_log.txt,/home2/ihernand/Desktop/reach/results/26-07-10_i500/bootstrap_diagnostics_run_000/visibility_plots/bootstrap_visibility_129_summary.csv,/home2/ihernand/Desktop/reach/results/26-07-10_i500/bootstrap_diagnostics_run_000/visibility_plots/bootstrap_visibility_129.pdf
130,351.650847,2026-07-12 17:31:40.937381,,,/home2/ihernand/Desktop/reach/results/26-07-10_i500/bootstrap_diagnostics_run_000/bootstrap_130_ldd_inputs.csv,1,84,16,1,87,87,0,22,87,2026-07-12 17:25:49.286534,OK,/home2/ihernand/Desktop/reach/results/26-07-10_i500/bootstrap_diagnostics_run_000/bootstrap_130_traceback.txt,/home2/ihernand/Desktop/reach/results/26-07-10_i500/bootstrap_diagnostics_run_000/bootstrap_130_log.txt,/home2/ihernand/Desktop/reach/results/26-07-10_i500/bootstrap_diagnostics_run_000/visibility_plots/bootstrap_visibility_130_summary.csv,/home2/ihernand/Desktop/reach/results/26-07-10_i500/bootstrap_diagnostics_run_000/visibility_plots/bootstrap_visibility_130.pdf
131,352.530054,2026-07-12 17:37:33.467671,,,/home2/ihernand/Desktop/reach/results/26-07-10_i500/bootstrap_diagnostics_run_000/bootstrap_131_ldd_inputs.csv,1,84,16,1,87,87,0,22,87,2026-07-12 17:31:40.937617,OK,/home2/ihernand/Desktop/reach/results/26-07-10_i500/bootstrap_diagnostics_run_000/bootstrap_131_traceback.txt,/home2/ihernand/Desktop/reach/results/26-07-10_i500/bootstrap_diagnostics_run_000/bootstrap_131_log.txt,/home2/ihernand/Desktop/reach/results/26-07-10_i500/bootstrap_diagnostics_run_000/visibility_plots/bootstrap_visibility_131_summary.csv,/home2/ihernand/Desktop/reach/results/26-07-10_i500/bootstrap_diagnostics_run_000/visibility_plots/bootstrap_visibility_131.pdf
132,353.030233,2026-07-12 17:43:26.498106,,,/home2/ihernand/Desktop/reach/results/26-07-10_i500/bootstrap_diagnostics_run_000/bootstrap_132_ldd_inputs.csv,1,84,16,1,87,87,0,22,87,2026-07-12 17:37:33.467873,OK,/home2/ihernand/Desktop/reach/results/26-07-10_i500/bootstrap_diagnostics_run_000/bootstrap_132_traceback.txt,/home2/ihernand/Desktop/reach/results/26-07-10_i500/bootstrap_diagnostics_run_000/bootstrap_132_log.txt,/home2/ihernand/Desktop/reach/results/26-07-10_i500/bootstrap_diagnostics_run_000/visibility_plots/bootstrap_visibility_132_summary.csv,/home2/ihernand/Desktop/reach/results/26-07-10_i500/bootstrap_diagnostics_run_000/visibility_plots/bootstrap_visibility_132.pdf
133,352.192702,2026-07-12 17:49:18.691032,,,/home2/ihernand/Desktop/reach/results/26-07-10_i500/bootstrap_diagnostics_run_000/bootstrap_133_ldd_inputs.csv,1,84,16,1,87,87,0,22,87,2026-07-12 17:43:26.498330,OK,/home2/ihernand/Desktop/reach/results/26-07-10_i500/bootstrap_diagnostics_run_000/bootstrap_133_traceback.txt,/home2/ihernand/Desktop/reach/results/26-07-10_i500/bootstrap_diagnostics_run_000/bootstrap_133_log.txt,/home2/ihernand/Desktop/reach/results/26-07-10_i500/bootstrap_diagnostics_run_000/visibility_plots/bootstrap_visibility_133_summary.csv,/home2/ihernand/Desktop/reach/results/26-07-10_i500/bootstrap_diagnostics_run_000/visibility_plots/bootstrap_visibility_133.pdf
134,352.966956,2026-07-12 17:55:11.658198,,,/home2/ihernand/Desktop/reach/results/26-07-10_i500/bootstrap_diagnostics_run_000/bootstrap_134_ldd_inputs.csv,1,84,16,1,87,87,0,22,87,2026-07-12 17:49:18.691242,OK,/home2/ihernand/Desktop/reach/results/26-07-10_i500/bootstrap_diagnostics_run_000/bootstrap_134_traceback.txt,/home2/ihernand/Desktop/reach/results/26-07-10_i500/bootstrap_diagnostics_run_000/bootstrap_134_log.txt,/home2/ihernand/Desktop/reach/results/26-07-10_i500/bootstrap_diagnostics_run_000/visibility_plots/bootstrap_visibility_134_summary.csv,/home2/ihernand/Desktop/reach/results/26-07-10_i500/bootstrap_diagnostics_run_000/visibility_plots/bootstrap_visibility_134.pdf
135,352.83734,2026-07-12 18:01:04.495770,,,/home2/ihernand/Desktop/reach/results/26-07-10_i500/bootstrap_diagnostics_run_000/bootstrap_135_ldd_inputs.csv,1,84,16,1,87,87,0,22,87,2026-07-12 17:55:11.658430,OK,/home2/ihernand/Desktop/reach/results/26-07-10_i500/bootstrap_diagnostics_run_000/bootstrap_135_traceback.txt,/home2/ihernand/Desktop/reach/results/26-07-10_i500/bootstrap_diagnostics_run_000/bootstrap_135_log.txt,/home2/ihernand/Desktop/reach/results/26-07-10_i500/bootstrap_diagnostics_run_000/visibility_plots/bootstrap_visibility_135_summary.csv,/home2/ihernand/Desktop/reach/results/26-07-10_i500/bootstrap_diagnostics_run_000/visibility_plots/bootstrap_visibility_135.pdf
136,350.43961,2026-07-12 18:06:54.935587,,,/home2/ihernand/Desktop/reach/results/26-07-10_i500/bootstrap_diagnostics_run_000/bootstrap_136_ldd_inputs.csv,1,84,16,1,87,87,0,22,87,2026-07-12 18:01:04.495977,OK,/home2/ihernand/Desktop/reach/results/26-07-10_i500/bootstrap_diagnostics_run_000/bootstrap_136_traceback.txt,/home2/ihernand/Desktop/reach/results/26-07-10_i500/bootstrap_diagnostics_run_000/bootstrap_136_log.txt,/home2/ihernand/Desktop/reach/results/26-07-10_i500/bootstrap_diagnostics_run_000/visibility_plots/bootstrap_visibility_136_summary.csv,/home2/ihernand/Desktop/reach/results/26-07-10_i500/bootstrap_diagnostics_run_000/visibility_plots/bootstrap_visibility_136.pdf
137,352.487819,2026-07-12 18:12:47.423603,,,/home2/ihernand/Desktop/reach/results/26-07-10_i500/bootstrap_diagnostics_run_000/bootstrap_137_ldd_inputs.csv,1,84,16,1,87,87,0,22,87,2026-07-12 18:06:54.935784,OK,/home2/ihernand/Desktop/reach/results/26-07-10_i500/bootstrap_diagnostics_run_000/bootstrap_137_traceback.txt,/home2/ihernand/Desktop/reach/results/26-07-10_i500/bootstrap_diagnostics_run_000/bootstrap_137_log.txt,/home2/ihernand/Desktop/reach/results/26-07-10_i500/bootstrap_diagnostics_run_000/visibility_plots/bootstrap_visibility_137_summary.csv,/home2/ihernand/Desktop/reach/results/26-07-10_i500/bootstrap_diagnostics_run_000/visibility_plots/bootstrap_visibility_137.pdf
138,351.487454,2026-07-12 18:18:38.911287,,,/home2/ihernand/Desktop/reach/results/26-07-10_i500/bootstrap_diagnostics_run_000/bootstrap_138_ldd_inputs.csv,1,84,16,1,87,87,0,22,87,2026-07-12 18:12:47.423833,OK,/home2/ihernand/Desktop/reach/results/26-07-10_i500/bootstrap_diagnostics_run_000/bootstrap_138_traceback.txt,/home2/ihernand/Desktop/reach/results/26-07-10_i500/bootstrap_diagnostics_run_000/bootstrap_138_log.txt,/home2/ihernand/Desktop/reach/results/26-07-10_i500/bootstrap_diagnostics_run_000/visibility_plots/bootstrap_visibility_138_summary.csv,/home2/ihernand/Desktop/reach/results/26-07-10_i500/bootstrap_diagnostics_run_000/visibility_plots/bootstrap_visibility_138.pdf
139,351.076089,2026-07-12 18:24:29.987631,,,/home2/ihernand/Desktop/reach/results/26-07-10_i500/bootstrap_diagnostics_run_000/bootstrap_139_ldd_inputs.csv,1,84,16,1,87,87,0,22,87,2026-07-12 18:18:38.911542,OK,/home2/ihernand/Desktop/reach/results/26-07-10_i500/bootstrap_diagnostics_run_000/bootstrap_139_traceback.txt,/home2/ihernand/Desktop/reach/results/26-07-10_i500/bootstrap_diagnostics_run_000/bootstrap_139_log.txt,/home2/ihernand/Desktop/reach/results/26-07-10_i500/bootstrap_diagnostics_run_000/visibility_plots/bootstrap_visibility_139_summary.csv,/home2/ihernand/Desktop/reach/results/26-07-10_i500/bootstrap_diagnostics_run_000/visibility_plots/bootstrap_visibility_139.pdf
140,351.634112,2026-07-12 18:30:21.621948,,,/home2/ihernand/Desktop/reach/results/26-07-10_i500/bootstrap_diagnostics_run_000/bootstrap_140_ldd_inputs.csv,1,84,16,1,87,87,0,22,87,2026-07-12 18:24:29.987836,OK,/home2/ihernand/Desktop/reach/results/26-07-10_i500/bootstrap_diagnostics_run_000/bootstrap_140_traceback.txt,/home2/ihernand/Desktop/reach/results/26-07-10_i500/bootstrap_diagnostics_run_000/bootstrap_140_log.txt,/home2/ihernand/Desktop/reach/results/26-07-10_i500/bootstrap_diagnostics_run_000/visibility_plots/bootstrap_visibility_140_summary.csv,/home2/ihernand/Desktop/reach/results/26-07-10_i500/bootstrap_diagnostics_run_000/visibility_plots/bootstrap_visibility_140.pdf
141,351.254736,2026-07-12 18:36:12.876915,,,/home2/ihernand/Desktop/reach/results/26-07-10_i500/bootstrap_diagnostics_run_000/bootstrap_141_ldd_inputs.csv,1,84,16,1,87,87,0,22,87,2026-07-12 18:30:21.622179,OK,/home2/ihernand/Desktop/reach/results/26-07-10_i500/bootstrap_diagnostics_run_000/bootstrap_141_traceback.txt,/home2/ihernand/Desktop/reach/results/26-07-10_i500/bootstrap_diagnostics_run_000/bootstrap_141_log.txt,/home2/ihernand/Desktop/reach/results/26-07-10_i500/bootstrap_diagnostics_run_000/visibility_plots/bootstrap_visibility_141_summary.csv,/home2/ihernand/Desktop/reach/results/26-07-10_i500/bootstrap_diagnostics_run_000/visibility_plots/bootstrap_visibility_141.pdf
142,353.012129,2026-07-12 18:42:05.889268,,,/home2/ihernand/Desktop/reach/results/26-07-10_i500/bootstrap_diagnostics_run_000/bootstrap_142_ldd_inputs.csv,1,84,16,1,87,87,0,22,87,2026-07-12 18:36:12.877139,OK,/home2/ihernand/Desktop/reach/results/26-07-10_i500/bootstrap_diagnostics_run_000/bootstrap_142_traceback.txt,/home2/ihernand/Desktop/reach/results/26-07-10_i500/bootstrap_diagnostics_run_000/bootstrap_142_log.txt,/home2/ihernand/Desktop/reach/results/26-07-10_i500/bootstrap_diagnostics_run_000/visibility_plots/bootstrap_visibility_142_summary.csv,/home2/ihernand/Desktop/reach/results/26-07-10_i500/bootstrap_diagnostics_run_000/visibility_plots/bootstrap_visibility_142.pdf
143,351.886015,2026-07-12 18:47:57.775519,,,/home2/ihernand/Desktop/reach/results/26-07-10_i500/bootstrap_diagnostics_run_000/bootstrap_143_ldd_inputs.csv,1,84,16,1,87,87,0,22,87,2026-07-12 18:42:05.889504,OK,/home2/ihernand/Desktop/reach/results/26-07-10_i500/bootstrap_diagnostics_run_000/bootstrap_143_traceback.txt,/home2/ihernand/Desktop/reach/results/26-07-10_i500/bootstrap_diagnostics_run_000/bootstrap_143_log.txt,/home2/ihernand/Desktop/reach/results/26-07-10_i500/bootstrap_diagnostics_run_000/visibility_plots/bootstrap_visibility_143_summary.csv,/home2/ihernand/Desktop/reach/results/26-07-10_i500/bootstrap_diagnostics_run_000/visibility_plots/bootstrap_visibility_143.pdf
144,351.824735,2026-07-12 18:53:49.600461,,,/home2/ihernand/Desktop/reach/results/26-07-10_i500/bootstrap_diagnostics_run_000/bootstrap_144_ldd_inputs.csv,1,84,16,1,87,87,0,22,87,2026-07-12 18:47:57.775726,OK,/home2/ihernand/Desktop/reach/results/26-07-10_i500/bootstrap_diagnostics_run_000/bootstrap_144_traceback.txt,/home2/ihernand/Desktop/reach/results/26-07-10_i500/bootstrap_diagnostics_run_000/bootstrap_144_log.txt,/home2/ihernand/Desktop/reach/results/26-07-10_i500/bootstrap_diagnostics_run_000/visibility_plots/bootstrap_visibility_144_summary.csv,/home2/ihernand/Desktop/reach/results/26-07-10_i500/bootstrap_diagnostics_run_000/visibility_plots/bootstrap_visibility_144.pdf
145,351.935829,2026-07-12 18:59:41.536499,,,/home2/ihernand/Desktop/reach/results/26-07-10_i500/bootstrap_diagnostics_run_000/bootstrap_145_ldd_inputs.csv,1,84,16,1,87,87,0,22,87,2026-07-12 18:53:49.600670,OK,/home2/ihernand/Desktop/reach/results/26-07-10_i500/bootstrap_diagnostics_run_000/bootstrap_145_traceback.txt,/home2/ihernand/Desktop/reach/results/26-07-10_i500/bootstrap_diagnostics_run_000/bootstrap_145_log.txt,/home2/ihernand/Desktop/reach/results/26-07-10_i500/bootstrap_diagnostics_run_000/visibility_plots/bootstrap_visibility_145_summary.csv,/home2/ihernand/Desktop/reach/results/26-07-10_i500/bootstrap_diagnostics_run_000/visibility_plots/bootstrap_visibility_145.pdf
146,351.851293,2026-07-12 19:05:33.388006,,,/home2/ihernand/Desktop/reach/results/26-07-10_i500/bootstrap_diagnostics_run_000/bootstrap_146_ldd_inputs.csv,1,84,16,1,87,87,0,22,87,2026-07-12 18:59:41.536713,OK,/home2/ihernand/Desktop/reach/results/26-07-10_i500/bootstrap_diagnostics_run_000/bootstrap_146_traceback.txt,/home2/ihernand/Desktop/reach/results/26-07-10_i500/bootstrap_diagnostics_run_000/bootstrap_146_log.txt,/home2/ihernand/Desktop/reach/results/26-07-10_i500/bootstrap_diagnostics_run_000/visibility_plots/bootstrap_visibility_146_summary.csv,/home2/ihernand/Desktop/reach/results/26-07-10_i500/bootstrap_diagnostics_run_000/visibility_plots/bootstrap_visibility_146.pdf
147,350.495861,2026-07-12 19:11:23.884088,,,/home2/ihernand/Desktop/reach/results/26-07-10_i500/bootstrap_diagnostics_run_000/bootstrap_147_ldd_inputs.csv,1,84,16,1,87,87,0,22,87,2026-07-12 19:05:33.388227,OK,/home2/ihernand/Desktop/reach/results/26-07-10_i500/bootstrap_diagnostics_run_000/bootstrap_147_traceback.txt,/home2/ihernand/Desktop/reach/results/26-07-10_i500/bootstrap_diagnostics_run_000/bootstrap_147_log.txt,/home2/ihernand/Desktop/reach/results/26-07-10_i500/bootstrap_diagnostics_run_000/visibility_plots/bootstrap_visibility_147_summary.csv,/home2/ihernand/Desktop/reach/results/26-07-10_i500/bootstrap_diagnostics_run_000/visibility_plots/bootstrap_visibility_147.pdf
148,350.491063,2026-07-12 19:17:14.375352,,,/home2/ihernand/Desktop/reach/results/26-07-10_i500/bootstrap_diagnostics_run_000/bootstrap_148_ldd_inputs.csv,1,84,16,1,87,87,0,22,87,2026-07-12 19:11:23.884289,OK,/home2/ihernand/Desktop/reach/results/26-07-10_i500/bootstrap_diagnostics_run_000/bootstrap_148_traceback.txt,/home2/ihernand/Desktop/reach/results/26-07-10_i500/bootstrap_diagnostics_run_000/bootstrap_148_log.txt,/home2/ihernand/Desktop/reach/results/26-07-10_i500/bootstrap_diagnostics_run_000/visibility_plots/bootstrap_visibility_148_summary.csv,/home2/ihernand/Desktop/reach/results/26-07-10_i500/bootstrap_diagnostics_run_000/visibility_plots/bootstrap_visibility_148.pdf
149,352.135956,2026-07-12 19:23:06.511557,,,/home2/ihernand/Desktop/reach/results/26-07-10_i500/bootstrap_diagnostics_run_000/bootstrap_149_ldd_inputs.csv,1,84,16,1,87,87,0,22,87,2026-07-12 19:17:14.375601,OK,/home2/ihernand/Desktop/reach/results/26-07-10_i500/bootstrap_diagnostics_run_000/bootstrap_149_traceback.txt,/home2/ihernand/Desktop/reach/results/26-07-10_i500/bootstrap_diagnostics_run_000/bootstrap_149_log.txt,/home2/ihernand/Desktop/reach/results/26-07-10_i500/bootstrap_diagnostics_run_000/visibility_plots/bootstrap_visibility_149_summary.csv,/home2/ihernand/Desktop/reach/results/26-07-10_i500/bootstrap_diagnostics_run_000/visibility_plots/bootstrap_visibility_149.pdf
150,364.902946,2026-07-12 19:29:11.414696,,,/home2/ihernand/Desktop/reach/results/26-07-10_i500/bootstrap_diagnostics_run_000/bootstrap_150_ldd_inputs.csv,1,84,16,1,87,87,0,22,87,2026-07-12 19:23:06.511750,OK,/home2/ihernand/Desktop/reach/results/26-07-10_i500/bootstrap_diagnostics_run_000/bootstrap_150_traceback.txt,/home2/ihernand/Desktop/reach/results/26-07-10_i500/bootstrap_diagnostics_run_000/bootstrap_150_log.txt,/home2/ihernand/Desktop/reach/results/26-07-10_i500/bootstrap_diagnostics_run_000/visibility_plots/bootstrap_visibility_150_summary.csv,/home2/ihernand/Desktop/reach/results/26-07-10_i500/bootstrap_diagnostics_run_000/visibility_plots/bootstrap_visibility_150.pdf
151,351.789679,2026-07-12 19:35:03.204586,,,/home2/ihernand/Desktop/reach/results/26-07-10_i500/bootstrap_diagnostics_run_000/bootstrap_151_ldd_inputs.csv,1,84,16,1,87,87,0,22,87,2026-07-12 19:29:11.414907,OK,/home2/ihernand/Desktop/reach/results/26-07-10_i500/bootstrap_diagnostics_run_000/bootstrap_151_traceback.txt,/home2/ihernand/Desktop/reach/results/26-07-10_i500/bootstrap_diagnostics_run_000/bootstrap_151_log.txt,/home2/ihernand/Desktop/reach/results/26-07-10_i500/bootstrap_diagnostics_run_000/visibility_plots/bootstrap_visibility_151_summary.csv,/home2/ihernand/Desktop/reach/results/26-07-10_i500/bootstrap_diagnostics_run_000/visibility_plots/bootstrap_visibility_151.pdf
152,352.544353,2026-07-12 19:40:55.749121,,,/home2/ihernand/Desktop/reach/results/26-07-10_i500/bootstrap_diagnostics_run_000/bootstrap_152_ldd_inputs.csv,1,84,16,1,87,87,0,22,87,2026-07-12 19:35:03.204768,OK,/home2/ihernand/Desktop/reach/results/26-07-10_i500/bootstrap_diagnostics_run_000/bootstrap_152_traceback.txt,/home2/ihernand/Desktop/reach/results/26-07-10_i500/bootstrap_diagnostics_run_000/bootstrap_152_log.txt,/home2/ihernand/Desktop/reach/results/26-07-10_i500/bootstrap_diagnostics_run_000/visibility_plots/bootstrap_visibility_152_summary.csv,/home2/ihernand/Desktop/reach/results/26-07-10_i500/bootstrap_diagnostics_run_000/visibility_plots/bootstrap_visibility_152.pdf
153,355.997745,2026-07-12 19:46:51.747099,,,/home2/ihernand/Desktop/reach/results/26-07-10_i500/bootstrap_diagnostics_run_000/bootstrap_153_ldd_inputs.csv,1,84,16,1,87,87,0,22,87,2026-07-12 19:40:55.749354,OK,/home2/ihernand/Desktop/reach/results/26-07-10_i500/bootstrap_diagnostics_run_000/bootstrap_153_traceback.txt,/home2/ihernand/Desktop/reach/results/26-07-10_i500/bootstrap_diagnostics_run_000/bootstrap_153_log.txt,/home2/ihernand/Desktop/reach/results/26-07-10_i500/bootstrap_diagnostics_run_000/visibility_plots/bootstrap_visibility_153_summary.csv,/home2/ihernand/Desktop/reach/results/26-07-10_i500/bootstrap_diagnostics_run_000/visibility_plots/bootstrap_visibility_153.pdf
154,366.176904,2026-07-12 19:52:57.924231,,,/home2/ihernand/Desktop/reach/results/26-07-10_i500/bootstrap_diagnostics_run_000/bootstrap_154_ldd_inputs.csv,1,84,16,1,87,87,0,22,87,2026-07-12 19:46:51.747327,OK,/home2/ihernand/Desktop/reach/results/26-07-10_i500/bootstrap_diagnostics_run_000/bootstrap_154_traceback.txt,/home2/ihernand/Desktop/reach/results/26-07-10_i500/bootstrap_diagnostics_run_000/bootstrap_154_log.txt,/home2/ihernand/Desktop/reach/results/26-07-10_i500/bootstrap_diagnostics_run_000/visibility_plots/bootstrap_visibility_154_summary.csv,/home2/ihernand/Desktop/reach/results/26-07-10_i500/bootstrap_diagnostics_run_000/visibility_plots/bootstrap_visibility_154.pdf
155,352.367945,2026-07-12 19:58:50.292412,,,/home2/ihernand/Desktop/reach/results/26-07-10_i500/bootstrap_diagnostics_run_000/bootstrap_155_ldd_inputs.csv,1,84,16,1,87,87,0,22,87,2026-07-12 19:52:57.924467,OK,/home2/ihernand/Desktop/reach/results/26-07-10_i500/bootstrap_diagnostics_run_000/bootstrap_155_traceback.txt,/home2/ihernand/Desktop/reach/results/26-07-10_i500/bootstrap_diagnostics_run_000/bootstrap_155_log.txt,/home2/ihernand/Desktop/reach/results/26-07-10_i500/bootstrap_diagnostics_run_000/visibility_plots/bootstrap_visibility_155_summary.csv,/home2/ihernand/Desktop/reach/results/26-07-10_i500/bootstrap_diagnostics_run_000/visibility_plots/bootstrap_visibility_155.pdf
156,423.750512,2026-07-12 20:05:54.043148,,,/home2/ihernand/Desktop/reach/results/26-07-10_i500/bootstrap_diagnostics_run_000/bootstrap_156_ldd_inputs.csv,1,84,16,1,87,87,0,22,87,2026-07-12 19:58:50.292636,OK,/home2/ihernand/Desktop/reach/results/26-07-10_i500/bootstrap_diagnostics_run_000/bootstrap_156_traceback.txt,/home2/ihernand/Desktop/reach/results/26-07-10_i500/bootstrap_diagnostics_run_000/bootstrap_156_log.txt,/home2/ihernand/Desktop/reach/results/26-07-10_i500/bootstrap_diagnostics_run_000/visibility_plots/bootstrap_visibility_156_summary.csv,/home2/ihernand/Desktop/reach/results/26-07-10_i500/bootstrap_diagnostics_run_000/visibility_plots/bootstrap_visibility_156.pdf
157,350.001229,2026-07-12 20:11:44.044604,,,/home2/ihernand/Desktop/reach/results/26-07-10_i500/bootstrap_diagnostics_run_000/bootstrap_157_ldd_inputs.csv,1,84,16,1,87,87,0,22,87,2026-07-12 20:05:54.043375,OK,/home2/ihernand/Desktop/reach/results/26-07-10_i500/bootstrap_diagnostics_run_000/bootstrap_157_traceback.txt,/home2/ihernand/Desktop/reach/results/26-07-10_i500/bootstrap_diagnostics_run_000/bootstrap_157_log.txt,/home2/ihernand/Desktop/reach/results/26-07-10_i500/bootstrap_diagnostics_run_000/visibility_plots/bootstrap_visibility_157_summary.csv,/home2/ihernand/Desktop/reach/results/26-07-10_i500/bootstrap_diagnostics_run_000/visibility_plots/bootstrap_visibility_157.pdf
158,350.703262,2026-07-12 20:17:34.748092,,,/home2/ihernand/Desktop/reach/results/26-07-10_i500/bootstrap_diagnostics_run_000/bootstrap_158_ldd_inputs.csv,1,84,16,1,87,87,0,22,87,2026-07-12 20:11:44.044830,OK,/home2/ihernand/Desktop/reach/results/26-07-10_i500/bootstrap_diagnostics_run_000/bootstrap_158_traceback.txt,/home2/ihernand/Desktop/reach/results/26-07-10_i500/bootstrap_diagnostics_run_000/bootstrap_158_log.txt,/home2/ihernand/Desktop/reach/results/26-07-10_i500/bootstrap_diagnostics_run_000/visibility_plots/bootstrap_visibility_158_summary.csv,/home2/ihernand/Desktop/reach/results/26-07-10_i500/bootstrap_diagnostics_run_000/visibility_plots/bootstrap_visibility_158.pdf
159,351.5516,2026-07-12 20:23:26.299906,,,/home2/ihernand/Desktop/reach/results/26-07-10_i500/bootstrap_diagnostics_run_000/bootstrap_159_ldd_inputs.csv,1,84,16,1,87,87,0,22,87,2026-07-12 20:17:34.748306,OK,/home2/ihernand/Desktop/reach/results/26-07-10_i500/bootstrap_diagnostics_run_000/bootstrap_159_traceback.txt,/home2/ihernand/Desktop/reach/results/26-07-10_i500/bootstrap_diagnostics_run_000/bootstrap_159_log.txt,/home2/ihernand/Desktop/reach/results/26-07-10_i500/bootstrap_diagnostics_run_000/visibility_plots/bootstrap_visibility_159_summary.csv,/home2/ihernand/Desktop/reach/results/26-07-10_i500/bootstrap_diagnostics_run_000/visibility_plots/bootstrap_visibility_159.pdf
160,381.006085,2026-07-12 20:29:47.306185,,,/home2/ihernand/Desktop/reach/results/26-07-10_i500/bootstrap_diagnostics_run_000/bootstrap_160_ldd_inputs.csv,1,84,16,1,87,87,0,22,87,2026-07-12 20:23:26.300100,OK,/home2/ihernand/Desktop/reach/results/26-07-10_i500/bootstrap_diagnostics_run_000/bootstrap_160_traceback.txt,/home2/ihernand/Desktop/reach/results/26-07-10_i500/bootstrap_diagnostics_run_000/bootstrap_160_log.txt,/home2/ihernand/Desktop/reach/results/26-07-10_i500/bootstrap_diagnostics_run_000/visibility_plots/bootstrap_visibility_160_summary.csv,/home2/ihernand/Desktop/reach/results/26-07-10_i500/bootstrap_diagnostics_run_000/visibility_plots/bootstrap_visibility_160.pdf
161,350.14866,2026-07-12 20:35:37.455067,,,/home2/ihernand/Desktop/reach/results/26-07-10_i500/bootstrap_diagnostics_run_000/bootstrap_161_ldd_inputs.csv,1,84,16,1,87,87,0,22,87,2026-07-12 20:29:47.306407,OK,/home2/ihernand/Desktop/reach/results/26-07-10_i500/bootstrap_diagnostics_run_000/bootstrap_161_traceback.txt,/home2/ihernand/Desktop/reach/results/26-07-10_i500/bootstrap_diagnostics_run_000/bootstrap_161_log.txt,/home2/ihernand/Desktop/reach/results/26-07-10_i500/bootstrap_diagnostics_run_000/visibility_plots/bootstrap_visibility_161_summary.csv,/home2/ihernand/Desktop/reach/results/26-07-10_i500/bootstrap_diagnostics_run_000/visibility_plots/bootstrap_visibility_161.pdf
162,350.966911,2026-07-12 20:41:28.422235,,,/home2/ihernand/Desktop/reach/results/26-07-10_i500/bootstrap_diagnostics_run_000/bootstrap_162_ldd_inputs.csv,1,84,16,1,87,87,0,22,87,2026-07-12 20:35:37.455324,OK,/home2/ihernand/Desktop/reach/results/26-07-10_i500/bootstrap_diagnostics_run_000/bootstrap_162_traceback.txt,/home2/ihernand/Desktop/reach/results/26-07-10_i500/bootstrap_diagnostics_run_000/bootstrap_162_log.txt,/home2/ihernand/Desktop/reach/results/26-07-10_i500/bootstrap_diagnostics_run_000/visibility_plots/bootstrap_visibility_162_summary.csv,/home2/ihernand/Desktop/reach/results/26-07-10_i500/bootstrap_diagnostics_run_000/visibility_plots/bootstrap_visibility_162.pdf
163,352.04428,2026-07-12 20:47:20.466729,,,/home2/ihernand/Desktop/reach/results/26-07-10_i500/bootstrap_diagnostics_run_000/bootstrap_163_ldd_inputs.csv,1,84,16,1,87,87,0,22,87,2026-07-12 20:41:28.422449,OK,/home2/ihernand/Desktop/reach/results/26-07-10_i500/bootstrap_diagnostics_run_000/bootstrap_163_traceback.txt,/home2/ihernand/Desktop/reach/results/26-07-10_i500/bootstrap_diagnostics_run_000/bootstrap_163_log.txt,/home2/ihernand/Desktop/reach/results/26-07-10_i500/bootstrap_diagnostics_run_000/visibility_plots/bootstrap_visibility_163_summary.csv,/home2/ihernand/Desktop/reach/results/26-07-10_i500/bootstrap_diagnostics_run_000/visibility_plots/bootstrap_visibility_163.pdf
164,351.617548,2026-07-12 20:53:12.084468,,,/home2/ihernand/Desktop/reach/results/26-07-10_i500/bootstrap_diagnostics_run_000/bootstrap_164_ldd_inputs.csv,1,84,16,1,87,87,0,22,87,2026-07-12 20:47:20.466920,OK,/home2/ihernand/Desktop/reach/results/26-07-10_i500/bootstrap_diagnostics_run_000/bootstrap_164_traceback.txt,/home2/ihernand/Desktop/reach/results/26-07-10_i500/bootstrap_diagnostics_run_000/bootstrap_164_log.txt,/home2/ihernand/Desktop/reach/results/26-07-10_i500/bootstrap_diagnostics_run_000/visibility_plots/bootstrap_visibility_164_summary.csv,/home2/ihernand/Desktop/reach/results/26-07-10_i500/bootstrap_diagnostics_run_000/visibility_plots/bootstrap_visibility_164.pdf
165,353.056734,2026-07-12 20:59:05.141436,,,/home2/ihernand/Desktop/reach/results/26-07-10_i500/bootstrap_diagnostics_run_000/bootstrap_165_ldd_inputs.csv,1,84,16,1,87,87,0,22,87,2026-07-12 20:53:12.084702,OK,/home2/ihernand/Desktop/reach/results/26-07-10_i500/bootstrap_diagnostics_run_000/bootstrap_165_traceback.txt,/home2/ihernand/Desktop/reach/results/26-07-10_i500/bootstrap_diagnostics_run_000/bootstrap_165_log.txt,/home2/ihernand/Desktop/reach/results/26-07-10_i500/bootstrap_diagnostics_run_000/visibility_plots/bootstrap_visibility_165_summary.csv,/home2/ihernand/Desktop/reach/results/26-07-10_i500/bootstrap_diagnostics_run_000/visibility_plots/bootstrap_visibility_165.pdf
166,352.845353,2026-07-12 21:04:57.987019,,,/home2/ihernand/Desktop/reach/results/26-07-10_i500/bootstrap_diagnostics_run_000/bootstrap_166_ldd_inputs.csv,1,84,16,1,87,87,0,22,87,2026-07-12 20:59:05.141666,OK,/home2/ihernand/Desktop/reach/results/26-07-10_i500/bootstrap_diagnostics_run_000/bootstrap_166_traceback.txt,/home2/ihernand/Desktop/reach/results/26-07-10_i500/bootstrap_diagnostics_run_000/bootstrap_166_log.txt,/home2/ihernand/Desktop/reach/results/26-07-10_i500/bootstrap_diagnostics_run_000/visibility_plots/bootstrap_visibility_166_summary.csv,/home2/ihernand/Desktop/reach/results/26-07-10_i500/bootstrap_diagnostics_run_000/visibility_plots/bootstrap_visibility_166.pdf
167,351.476666,2026-07-12 21:10:49.463905,,,/home2/ihernand/Desktop/reach/results/26-07-10_i500/bootstrap_diagnostics_run_000/bootstrap_167_ldd_inputs.csv,1,84,16,1,87,87,0,22,87,2026-07-12 21:04:57.987239,OK,/home2/ihernand/Desktop/reach/results/26-07-10_i500/bootstrap_diagnostics_run_000/bootstrap_167_traceback.txt,/home2/ihernand/Desktop/reach/results/26-07-10_i500/bootstrap_diagnostics_run_000/bootstrap_167_log.txt,/home2/ihernand/Desktop/reach/results/26-07-10_i500/bootstrap_diagnostics_run_000/visibility_plots/bootstrap_visibility_167_summary.csv,/home2/ihernand/Desktop/reach/results/26-07-10_i500/bootstrap_diagnostics_run_000/visibility_plots/bootstrap_visibility_167.pdf
168,352.480868,2026-07-12 21:16:41.944979,,,/home2/ihernand/Desktop/reach/results/26-07-10_i500/bootstrap_diagnostics_run_000/bootstrap_168_ldd_inputs.csv,1,84,16,1,87,87,0,22,87,2026-07-12 21:10:49.464111,OK,/home2/ihernand/Desktop/reach/results/26-07-10_i500/bootstrap_diagnostics_run_000/bootstrap_168_traceback.txt,/home2/ihernand/Desktop/reach/results/26-07-10_i500/bootstrap_diagnostics_run_000/bootstrap_168_log.txt,/home2/ihernand/Desktop/reach/results/26-07-10_i500/bootstrap_diagnostics_run_000/visibility_plots/bootstrap_visibility_168_summary.csv,/home2/ihernand/Desktop/reach/results/26-07-10_i500/bootstrap_diagnostics_run_000/visibility_plots/bootstrap_visibility_168.pdf
169,351.891659,2026-07-12 21:22:33.836826,,,/home2/ihernand/Desktop/reach/results/26-07-10_i500/bootstrap_diagnostics_run_000/bootstrap_169_ldd_inputs.csv,1,84,16,1,87,87,0,22,87,2026-07-12 21:16:41.945167,OK,/home2/ihernand/Desktop/reach/results/26-07-10_i500/bootstrap_diagnostics_run_000/bootstrap_169_traceback.txt,/home2/ihernand/Desktop/reach/results/26-07-10_i500/bootstrap_diagnostics_run_000/bootstrap_169_log.txt,/home2/ihernand/Desktop/reach/results/26-07-10_i500/bootstrap_diagnostics_run_000/visibility_plots/bootstrap_visibility_169_summary.csv,/home2/ihernand/Desktop/reach/results/26-07-10_i500/bootstrap_diagnostics_run_000/visibility_plots/bootstrap_visibility_169.pdf
170,352.315901,2026-07-12 21:28:26.152944,,,/home2/ihernand/Desktop/reach/results/26-07-10_i500/bootstrap_diagnostics_run_000/bootstrap_170_ldd_inputs.csv,1,84,16,1,87,87,0,22,87,2026-07-12 21:22:33.837043,OK,/home2/ihernand/Desktop/reach/results/26-07-10_i500/bootstrap_diagnostics_run_000/bootstrap_170_traceback.txt,/home2/ihernand/Desktop/reach/results/26-07-10_i500/bootstrap_diagnostics_run_000/bootstrap_170_log.txt,/home2/ihernand/Desktop/reach/results/26-07-10_i500/bootstrap_diagnostics_run_000/visibility_plots/bootstrap_visibility_170_summary.csv,/home2/ihernand/Desktop/reach/results/26-07-10_i500/bootstrap_diagnostics_run_000/visibility_plots/bootstrap_visibility_170.pdf
171,352.721798,2026-07-12 21:34:18.874982,,,/home2/ihernand/Desktop/reach/results/26-07-10_i500/bootstrap_diagnostics_run_000/bootstrap_171_ldd_inputs.csv,1,84,16,1,87,87,0,22,87,2026-07-12 21:28:26.153184,OK,/home2/ihernand/Desktop/reach/results/26-07-10_i500/bootstrap_diagnostics_run_000/bootstrap_171_traceback.txt,/home2/ihernand/Desktop/reach/results/26-07-10_i500/bootstrap_diagnostics_run_000/bootstrap_171_log.txt,/home2/ihernand/Desktop/reach/results/26-07-10_i500/bootstrap_diagnostics_run_000/visibility_plots/bootstrap_visibility_171_summary.csv,/home2/ihernand/Desktop/reach/results/26-07-10_i500/bootstrap_diagnostics_run_000/visibility_plots/bootstrap_visibility_171.pdf
172,351.658622,2026-07-12 21:40:10.533883,,,/home2/ihernand/Desktop/reach/results/26-07-10_i500/bootstrap_diagnostics_run_000/bootstrap_172_ldd_inputs.csv,1,84,16,1,87,87,0,22,87,2026-07-12 21:34:18.875261,OK,/home2/ihernand/Desktop/reach/results/26-07-10_i500/bootstrap_diagnostics_run_000/bootstrap_172_traceback.txt,/home2/ihernand/Desktop/reach/results/26-07-10_i500/bootstrap_diagnostics_run_000/bootstrap_172_log.txt,/home2/ihernand/Desktop/reach/results/26-07-10_i500/bootstrap_diagnostics_run_000/visibility_plots/bootstrap_visibility_172_summary.csv,/home2/ihernand/Desktop/reach/results/26-07-10_i500/bootstrap_diagnostics_run_000/visibility_plots/bootstrap_visibility_172.pdf
173,352.396111,2026-07-12 21:46:02.930216,,,/home2/ihernand/Desktop/reach/results/26-07-10_i500/bootstrap_diagnostics_run_000/bootstrap_173_ldd_inputs.csv,1,84,16,1,87,87,0,22,87,2026-07-12 21:40:10.534105,OK,/home2/ihernand/Desktop/reach/results/26-07-10_i500/bootstrap_diagnostics_run_000/bootstrap_173_traceback.txt,/home2/ihernand/Desktop/reach/results/26-07-10_i500/bootstrap_diagnostics_run_000/bootstrap_173_log.txt,/home2/ihernand/Desktop/reach/results/26-07-10_i500/bootstrap_diagnostics_run_000/visibility_plots/bootstrap_visibility_173_summary.csv,/home2/ihernand/Desktop/reach/results/26-07-10_i500/bootstrap_diagnostics_run_000/visibility_plots/bootstrap_visibility_173.pdf
174,362.7352,2026-07-12 21:52:05.665663,,,/home2/ihernand/Desktop/reach/results/26-07-10_i500/bootstrap_diagnostics_run_000/bootstrap_174_ldd_inputs.csv,1,84,16,1,87,87,0,22,87,2026-07-12 21:46:02.930463,OK,/home2/ihernand/Desktop/reach/results/26-07-10_i500/bootstrap_diagnostics_run_000/bootstrap_174_traceback.txt,/home2/ihernand/Desktop/reach/results/26-07-10_i500/bootstrap_diagnostics_run_000/bootstrap_174_log.txt,/home2/ihernand/Desktop/reach/results/26-07-10_i500/bootstrap_diagnostics_run_000/visibility_plots/bootstrap_visibility_174_summary.csv,/home2/ihernand/Desktop/reach/results/26-07-10_i500/bootstrap_diagnostics_run_000/visibility_plots/bootstrap_visibility_174.pdf
175,352.608036,2026-07-12 21:57:58.273889,,,/home2/ihernand/Desktop/reach/results/26-07-10_i500/bootstrap_diagnostics_run_000/bootstrap_175_ldd_inputs.csv,1,84,16,1,87,87,0,22,87,2026-07-12 21:52:05.665853,OK,/home2/ihernand/Desktop/reach/results/26-07-10_i500/bootstrap_diagnostics_run_000/bootstrap_175_traceback.txt,/home2/ihernand/Desktop/reach/results/26-07-10_i500/bootstrap_diagnostics_run_000/bootstrap_175_log.txt,/home2/ihernand/Desktop/reach/results/26-07-10_i500/bootstrap_diagnostics_run_000/visibility_plots/bootstrap_visibility_175_summary.csv,/home2/ihernand/Desktop/reach/results/26-07-10_i500/bootstrap_diagnostics_run_000/visibility_plots/bootstrap_visibility_175.pdf
176,351.860585,2026-07-12 22:03:50.134682,,,/home2/ihernand/Desktop/reach/results/26-07-10_i500/bootstrap_diagnostics_run_000/bootstrap_176_ldd_inputs.csv,1,84,16,1,87,87,0,22,87,2026-07-12 21:57:58.274097,OK,/home2/ihernand/Desktop/reach/results/26-07-10_i500/bootstrap_diagnostics_run_000/bootstrap_176_traceback.txt,/home2/ihernand/Desktop/reach/results/26-07-10_i500/bootstrap_diagnostics_run_000/bootstrap_176_log.txt,/home2/ihernand/Desktop/reach/results/26-07-10_i500/bootstrap_diagnostics_run_000/visibility_plots/bootstrap_visibility_176_summary.csv,/home2/ihernand/Desktop/reach/results/26-07-10_i500/bootstrap_diagnostics_run_000/visibility_plots/bootstrap_visibility_176.pdf
177,352.332833,2026-07-12 22:09:42.467744,,,/home2/ihernand/Desktop/reach/results/26-07-10_i500/bootstrap_diagnostics_run_000/bootstrap_177_ldd_inputs.csv,1,84,16,1,87,87,0,22,87,2026-07-12 22:03:50.134911,OK,/home2/ihernand/Desktop/reach/results/26-07-10_i500/bootstrap_diagnostics_run_000/bootstrap_177_traceback.txt,/home2/ihernand/Desktop/reach/results/26-07-10_i500/bootstrap_diagnostics_run_000/bootstrap_177_log.txt,/home2/ihernand/Desktop/reach/results/26-07-10_i500/bootstrap_diagnostics_run_000/visibility_plots/bootstrap_visibility_177_summary.csv,/home2/ihernand/Desktop/reach/results/26-07-10_i500/bootstrap_diagnostics_run_000/visibility_plots/bootstrap_visibility_177.pdf
178,351.987032,2026-07-12 22:15:34.454983,,,/home2/ihernand/Desktop/reach/results/26-07-10_i500/bootstrap_diagnostics_run_000/bootstrap_178_ldd_inputs.csv,1,84,16,1,87,87,0,22,87,2026-07-12 22:09:42.467951,OK,/home2/ihernand/Desktop/reach/results/26-07-10_i500/bootstrap_diagnostics_run_000/bootstrap_178_traceback.txt,/home2/ihernand/Desktop/reach/results/26-07-10_i500/bootstrap_diagnostics_run_000/bootstrap_178_log.txt,/home2/ihernand/Desktop/reach/results/26-07-10_i500/bootstrap_diagnostics_run_000/visibility_plots/bootstrap_visibility_178_summary.csv,/home2/ihernand/Desktop/reach/results/26-07-10_i500/bootstrap_diagnostics_run_000/visibility_plots/bootstrap_visibility_178.pdf
179,353.335089,2026-07-12 22:21:27.790263,,,/home2/ihernand/Desktop/reach/results/26-07-10_i500/bootstrap_diagnostics_run_000/bootstrap_179_ldd_inputs.csv,1,84,16,1,87,87,0,22,87,2026-07-12 22:15:34.455174,OK,/home2/ihernand/Desktop/reach/results/26-07-10_i500/bootstrap_diagnostics_run_000/bootstrap_179_traceback.txt,/home2/ihernand/Desktop/reach/results/26-07-10_i500/bootstrap_diagnostics_run_000/bootstrap_179_log.txt,/home2/ihernand/Desktop/reach/results/26-07-10_i500/bootstrap_diagnostics_run_000/visibility_plots/bootstrap_visibility_179_summary.csv,/home2/ihernand/Desktop/reach/results/26-07-10_i500/bootstrap_diagnostics_run_000/visibility_plots/bootstrap_visibility_179.pdf
180,349.883912,2026-07-12 22:27:17.674374,,,/home2/ihernand/Desktop/reach/results/26-07-10_i500/bootstrap_diagnostics_run_000/bootstrap_180_ldd_inputs.csv,1,84,16,1,87,87,0,22,87,2026-07-12 22:21:27.790462,OK,/home2/ihernand/Desktop/reach/results/26-07-10_i500/bootstrap_diagnostics_run_000/bootstrap_180_traceback.txt,/home2/ihernand/Desktop/reach/results/26-07-10_i500/bootstrap_diagnostics_run_000/bootstrap_180_log.txt,/home2/ihernand/Desktop/reach/results/26-07-10_i500/bootstrap_diagnostics_run_000/visibility_plots/bootstrap_visibility_180_summary.csv,/home2/ihernand/Desktop/reach/results/26-07-10_i500/bootstrap_diagnostics_run_000/visibility_plots/bootstrap_visibility_180.pdf
181,351.258317,2026-07-12 22:33:08.932921,,,/home2/ihernand/Desktop/reach/results/26-07-10_i500/bootstrap_diagnostics_run_000/bootstrap_181_ldd_inputs.csv,1,84,16,1,87,87,0,22,87,2026-07-12 22:27:17.674604,OK,/home2/ihernand/Desktop/reach/results/26-07-10_i500/bootstrap_diagnostics_run_000/bootstrap_181_traceback.txt,/home2/ihernand/Desktop/reach/results/26-07-10_i500/bootstrap_diagnostics_run_000/bootstrap_181_log.txt,/home2/ihernand/Desktop/reach/results/26-07-10_i500/bootstrap_diagnostics_run_000/visibility_plots/bootstrap_visibility_181_summary.csv,/home2/ihernand/Desktop/reach/results/26-07-10_i500/bootstrap_diagnostics_run_000/visibility_plots/bootstrap_visibility_181.pdf
182,353.19326,2026-07-12 22:39:02.126423,,,/home2/ihernand/Desktop/reach/results/26-07-10_i500/bootstrap_diagnostics_run_000/bootstrap_182_ldd_inputs.csv,1,84,16,1,87,87,0,22,87,2026-07-12 22:33:08.933163,OK,/home2/ihernand/Desktop/reach/results/26-07-10_i500/bootstrap_diagnostics_run_000/bootstrap_182_traceback.txt,/home2/ihernand/Desktop/reach/results/26-07-10_i500/bootstrap_diagnostics_run_000/bootstrap_182_log.txt,/home2/ihernand/Desktop/reach/results/26-07-10_i500/bootstrap_diagnostics_run_000/visibility_plots/bootstrap_visibility_182_summary.csv,/home2/ihernand/Desktop/reach/results/26-07-10_i500/bootstrap_diagnostics_run_000/visibility_plots/bootstrap_visibility_182.pdf
183,352.407656,2026-07-12 22:44:54.534274,,,/home2/ihernand/Desktop/reach/results/26-07-10_i500/bootstrap_diagnostics_run_000/bootstrap_183_ldd_inputs.csv,1,84,16,1,87,87,0,22,87,2026-07-12 22:39:02.126618,OK,/home2/ihernand/Desktop/reach/results/26-07-10_i500/bootstrap_diagnostics_run_000/bootstrap_183_traceback.txt,/home2/ihernand/Desktop/reach/results/26-07-10_i500/bootstrap_diagnostics_run_000/bootstrap_183_log.txt,/home2/ihernand/Desktop/reach/results/26-07-10_i500/bootstrap_diagnostics_run_000/visibility_plots/bootstrap_visibility_183_summary.csv,/home2/ihernand/Desktop/reach/results/26-07-10_i500/bootstrap_diagnostics_run_000/visibility_plots/bootstrap_visibility_183.pdf
184,350.079533,2026-07-12 22:50:44.614010,,,/home2/ihernand/Desktop/reach/results/26-07-10_i500/bootstrap_diagnostics_run_000/bootstrap_184_ldd_inputs.csv,1,84,16,1,87,87,0,22,87,2026-07-12 22:44:54.534477,OK,/home2/ihernand/Desktop/reach/results/26-07-10_i500/bootstrap_diagnostics_run_000/bootstrap_184_traceback.txt,/home2/ihernand/Desktop/reach/results/26-07-10_i500/bootstrap_diagnostics_run_000/bootstrap_184_log.txt,/home2/ihernand/Desktop/reach/results/26-07-10_i500/bootstrap_diagnostics_run_000/visibility_plots/bootstrap_visibility_184_summary.csv,/home2/ihernand/Desktop/reach/results/26-07-10_i500/bootstrap_diagnostics_run_000/visibility_plots/bootstrap_visibility_184.pdf
185,351.651947,2026-07-12 22:56:36.266151,,,/home2/ihernand/Desktop/reach/results/26-07-10_i500/bootstrap_diagnostics_run_000/bootstrap_185_ldd_inputs.csv,1,84,16,1,87,87,0,22,87,2026-07-12 22:50:44.614204,OK,/home2/ihernand/Desktop/reach/results/26-07-10_i500/bootstrap_diagnostics_run_000/bootstrap_185_traceback.txt,/home2/ihernand/Desktop/reach/results/26-07-10_i500/bootstrap_diagnostics_run_000/bootstrap_185_log.txt,/home2/ihernand/Desktop/reach/results/26-07-10_i500/bootstrap_diagnostics_run_000/visibility_plots/bootstrap_visibility_185_summary.csv,/home2/ihernand/Desktop/reach/results/26-07-10_i500/bootstrap_diagnostics_run_000/visibility_plots/bootstrap_visibility_185.pdf
186,352.449782,2026-07-12 23:02:28.716160,,,/home2/ihernand/Desktop/reach/results/26-07-10_i500/bootstrap_diagnostics_run_000/bootstrap_186_ldd_inputs.csv,1,84,16,1,87,87,0,22,87,2026-07-12 22:56:36.266378,OK,/home2/ihernand/Desktop/reach/results/26-07-10_i500/bootstrap_diagnostics_run_000/bootstrap_186_traceback.txt,/home2/ihernand/Desktop/reach/results/26-07-10_i500/bootstrap_diagnostics_run_000/bootstrap_186_log.txt,/home2/ihernand/Desktop/reach/results/26-07-10_i500/bootstrap_diagnostics_run_000/visibility_plots/bootstrap_visibility_186_summary.csv,/home2/ihernand/Desktop/reach/results/26-07-10_i500/bootstrap_diagnostics_run_000/visibility_plots/bootstrap_visibility_186.pdf
187,352.871618,2026-07-12 23:08:21.588033,,,/home2/ihernand/Desktop/reach/results/26-07-10_i500/bootstrap_diagnostics_run_000/bootstrap_187_ldd_inputs.csv,1,84,16,1,87,87,0,22,87,2026-07-12 23:02:28.716415,OK,/home2/ihernand/Desktop/reach/results/26-07-10_i500/bootstrap_diagnostics_run_000/bootstrap_187_traceback.txt,/home2/ihernand/Desktop/reach/results/26-07-10_i500/bootstrap_diagnostics_run_000/bootstrap_187_log.txt,/home2/ihernand/Desktop/reach/results/26-07-10_i500/bootstrap_diagnostics_run_000/visibility_plots/bootstrap_visibility_187_summary.csv,/home2/ihernand/Desktop/reach/results/26-07-10_i500/bootstrap_diagnostics_run_000/visibility_plots/bootstrap_visibility_187.pdf
188,350.153256,2026-07-12 23:14:11.741500,,,/home2/ihernand/Desktop/reach/results/26-07-10_i500/bootstrap_diagnostics_run_000/bootstrap_188_ldd_inputs.csv,1,84,16,1,87,87,0,22,87,2026-07-12 23:08:21.588244,OK,/home2/ihernand/Desktop/reach/results/26-07-10_i500/bootstrap_diagnostics_run_000/bootstrap_188_traceback.txt,/home2/ihernand/Desktop/reach/results/26-07-10_i500/bootstrap_diagnostics_run_000/bootstrap_188_log.txt,/home2/ihernand/Desktop/reach/results/26-07-10_i500/bootstrap_diagnostics_run_000/visibility_plots/bootstrap_visibility_188_summary.csv,/home2/ihernand/Desktop/reach/results/26-07-10_i500/bootstrap_diagnostics_run_000/visibility_plots/bootstrap_visibility_188.pdf
189,351.916552,2026-07-12 23:20:03.658282,,,/home2/ihernand/Desktop/reach/results/26-07-10_i500/bootstrap_diagnostics_run_000/bootstrap_189_ldd_inputs.csv,1,84,16,1,87,87,0,22,87,2026-07-12 23:14:11.741730,OK,/home2/ihernand/Desktop/reach/results/26-07-10_i500/bootstrap_diagnostics_run_000/bootstrap_189_traceback.txt,/home2/ihernand/Desktop/reach/results/26-07-10_i500/bootstrap_diagnostics_run_000/bootstrap_189_log.txt,/home2/ihernand/Desktop/reach/results/26-07-10_i500/bootstrap_diagnostics_run_000/visibility_plots/bootstrap_visibility_189_summary.csv,/home2/ihernand/Desktop/reach/results/26-07-10_i500/bootstrap_diagnostics_run_000/visibility_plots/bootstrap_visibility_189.pdf
190,353.003345,2026-07-12 23:25:56.661866,,,/home2/ihernand/Desktop/reach/results/26-07-10_i500/bootstrap_diagnostics_run_000/bootstrap_190_ldd_inputs.csv,1,84,16,1,87,87,0,22,87,2026-07-12 23:20:03.658521,OK,/home2/ihernand/Desktop/reach/results/26-07-10_i500/bootstrap_diagnostics_run_000/bootstrap_190_traceback.txt,/home2/ihernand/Desktop/reach/results/26-07-10_i500/bootstrap_diagnostics_run_000/bootstrap_190_log.txt,/home2/ihernand/Desktop/reach/results/26-07-10_i500/bootstrap_diagnostics_run_000/visibility_plots/bootstrap_visibility_190_summary.csv,/home2/ihernand/Desktop/reach/results/26-07-10_i500/bootstrap_diagnostics_run_000/visibility_plots/bootstrap_visibility_190.pdf
191,352.440121,2026-07-12 23:31:49.102227,,,/home2/ihernand/Desktop/reach/results/26-07-10_i500/bootstrap_diagnostics_run_000/bootstrap_191_ldd_inputs.csv,1,84,16,1,87,87,0,22,87,2026-07-12 23:25:56.662106,OK,/home2/ihernand/Desktop/reach/results/26-07-10_i500/bootstrap_diagnostics_run_000/bootstrap_191_traceback.txt,/home2/ihernand/Desktop/reach/results/26-07-10_i500/bootstrap_diagnostics_run_000/bootstrap_191_log.txt,/home2/ihernand/Desktop/reach/results/26-07-10_i500/bootstrap_diagnostics_run_000/visibility_plots/bootstrap_visibility_191_summary.csv,/home2/ihernand/Desktop/reach/results/26-07-10_i500/bootstrap_diagnostics_run_000/visibility_plots/bootstrap_visibility_191.pdf
192,351.646926,2026-07-12 23:37:40.749369,,,/home2/ihernand/Desktop/reach/results/26-07-10_i500/bootstrap_diagnostics_run_000/bootstrap_192_ldd_inputs.csv,1,84,16,1,87,87,0,22,87,2026-07-12 23:31:49.102443,OK,/home2/ihernand/Desktop/reach/results/26-07-10_i500/bootstrap_diagnostics_run_000/bootstrap_192_traceback.txt,/home2/ihernand/Desktop/reach/results/26-07-10_i500/bootstrap_diagnostics_run_000/bootstrap_192_log.txt,/home2/ihernand/Desktop/reach/results/26-07-10_i500/bootstrap_diagnostics_run_000/visibility_plots/bootstrap_visibility_192_summary.csv,/home2/ihernand/Desktop/reach/results/26-07-10_i500/bootstrap_diagnostics_run_000/visibility_plots/bootstrap_visibility_192.pdf
193,352.146715,2026-07-12 23:43:32.896298,,,/home2/ihernand/Desktop/reach/results/26-07-10_i500/bootstrap_diagnostics_run_000/bootstrap_193_ldd_inputs.csv,1,84,16,1,87,87,0,22,87,2026-07-12 23:37:40.749583,OK,/home2/ihernand/Desktop/reach/results/26-07-10_i500/bootstrap_diagnostics_run_000/bootstrap_193_traceback.txt,/home2/ihernand/Desktop/reach/results/26-07-10_i500/bootstrap_diagnostics_run_000/bootstrap_193_log.txt,/home2/ihernand/Desktop/reach/results/26-07-10_i500/bootstrap_diagnostics_run_000/visibility_plots/bootstrap_visibility_193_summary.csv,/home2/ihernand/Desktop/reach/results/26-07-10_i500/bootstrap_diagnostics_run_000/visibility_plots/bootstrap_visibility_193.pdf
194,352.947148,2026-07-12 23:49:25.843648,,,/home2/ihernand/Desktop/reach/results/26-07-10_i500/bootstrap_diagnostics_run_000/bootstrap_194_ldd_inputs.csv,1,84,16,1,87,87,0,22,87,2026-07-12 23:43:32.896500,OK,/home2/ihernand/Desktop/reach/results/26-07-10_i500/bootstrap_diagnostics_run_000/bootstrap_194_traceback.txt,/home2/ihernand/Desktop/reach/results/26-07-10_i500/bootstrap_diagnostics_run_000/bootstrap_194_log.txt,/home2/ihernand/Desktop/reach/results/26-07-10_i500/bootstrap_diagnostics_run_000/visibility_plots/bootstrap_visibility_194_summary.csv,/home2/ihernand/Desktop/reach/results/26-07-10_i500/bootstrap_diagnostics_run_000/visibility_plots/bootstrap_visibility_194.pdf
195,352.414637,2026-07-12 23:55:18.258515,,,/home2/ihernand/Desktop/reach/results/26-07-10_i500/bootstrap_diagnostics_run_000/bootstrap_195_ldd_inputs.csv,1,84,16,1,87,87,0,22,87,2026-07-12 23:49:25.843878,OK,/home2/ihernand/Desktop/reach/results/26-07-10_i500/bootstrap_diagnostics_run_000/bootstrap_195_traceback.txt,/home2/ihernand/Desktop/reach/results/26-07-10_i500/bootstrap_diagnostics_run_000/bootstrap_195_log.txt,/home2/ihernand/Desktop/reach/results/26-07-10_i500/bootstrap_diagnostics_run_000/visibility_plots/bootstrap_visibility_195_summary.csv,/home2/ihernand/Desktop/reach/results/26-07-10_i500/bootstrap_diagnostics_run_000/visibility_plots/bootstrap_visibility_195.pdf
196,352.206779,2026-07-13 00:01:10.465523,,,/home2/ihernand/Desktop/reach/results/26-07-10_i500/bootstrap_diagnostics_run_000/bootstrap_196_ldd_inputs.csv,1,84,16,1,87,87,0,22,87,2026-07-12 23:55:18.258744,OK,/home2/ihernand/Desktop/reach/results/26-07-10_i500/bootstrap_diagnostics_run_000/bootstrap_196_traceback.txt,/home2/ihernand/Desktop/reach/results/26-07-10_i500/bootstrap_diagnostics_run_000/bootstrap_196_log.txt,/home2/ihernand/Desktop/reach/results/26-07-10_i500/bootstrap_diagnostics_run_000/visibility_plots/bootstrap_visibility_196_summary.csv,/home2/ihernand/Desktop/reach/results/26-07-10_i500/bootstrap_diagnostics_run_000/visibility_plots/bootstrap_visibility_196.pdf
197,351.008637,2026-07-13 00:07:01.474396,,,/home2/ihernand/Desktop/reach/results/26-07-10_i500/bootstrap_diagnostics_run_000/bootstrap_197_ldd_inputs.csv,1,84,16,1,87,87,0,22,87,2026-07-13 00:01:10.465759,OK,/home2/ihernand/Desktop/reach/results/26-07-10_i500/bootstrap_diagnostics_run_000/bootstrap_197_traceback.txt,/home2/ihernand/Desktop/reach/results/26-07-10_i500/bootstrap_diagnostics_run_000/bootstrap_197_log.txt,/home2/ihernand/Desktop/reach/results/26-07-10_i500/bootstrap_diagnostics_run_000/visibility_plots/bootstrap_visibility_197_summary.csv,/home2/ihernand/Desktop/reach/results/26-07-10_i500/bootstrap_diagnostics_run_000/visibility_plots/bootstrap_visibility_197.pdf
198,352.747866,2026-07-13 00:12:54.222487,,,/home2/ihernand/Desktop/reach/results/26-07-10_i500/bootstrap_diagnostics_run_000/bootstrap_198_ldd_inputs.csv,1,84,16,1,87,87,0,22,87,2026-07-13 00:07:01.474621,OK,/home2/ihernand/Desktop/reach/results/26-07-10_i500/bootstrap_diagnostics_run_000/bootstrap_198_traceback.txt,/home2/ihernand/Desktop/reach/results/26-07-10_i500/bootstrap_diagnostics_run_000/bootstrap_198_log.txt,/home2/ihernand/Desktop/reach/results/26-07-10_i500/bootstrap_diagnostics_run_000/visibility_plots/bootstrap_visibility_198_summary.csv,/home2/ihernand/Desktop/reach/results/26-07-10_i500/bootstrap_diagnostics_run_000/visibility_plots/bootstrap_visibility_198.pdf
199,352.685653,2026-07-13 00:18:46.908353,,,/home2/ihernand/Desktop/reach/results/26-07-10_i500/bootstrap_diagnostics_run_000/bootstrap_199_ldd_inputs.csv,1,84,16,1,87,87,0,22,87,2026-07-13 00:12:54.222700,OK,/home2/ihernand/Desktop/reach/results/26-07-10_i500/bootstrap_diagnostics_run_000/bootstrap_199_traceback.txt,/home2/ihernand/Desktop/reach/results/26-07-10_i500/bootstrap_diagnostics_run_000/bootstrap_199_log.txt,/home2/ihernand/Desktop/reach/results/26-07-10_i500/bootstrap_diagnostics_run_000/visibility_plots/bootstrap_visibility_199_summary.csv,/home2/ihernand/Desktop/reach/results/26-07-10_i500/bootstrap_diagnostics_run_000/visibility_plots/bootstrap_visibility_199.pdf
200,352.98603,2026-07-13 00:24:39.894621,,,/home2/ihernand/Desktop/reach/results/26-07-10_i500/bootstrap_diagnostics_run_000/bootstrap_200_ldd_inputs.csv,1,84,16,1,87,87,0,22,87,2026-07-13 00:18:46.908591,OK,/home2/ihernand/Desktop/reach/results/26-07-10_i500/bootstrap_diagnostics_run_000/bootstrap_200_traceback.txt,/home2/ihernand/Desktop/reach/results/26-07-10_i500/bootstrap_diagnostics_run_000/bootstrap_200_log.txt,/home2/ihernand/Desktop/reach/results/26-07-10_i500/bootstrap_diagnostics_run_000/visibility_plots/bootstrap_visibility_200_summary.csv,/home2/ihernand/Desktop/reach/results/26-07-10_i500/bootstrap_diagnostics_run_000/visibility_plots/bootstrap_visibility_200.pdf
201,351.89129,2026-07-13 00:30:31.786113,,,/home2/ihernand/Desktop/reach/results/26-07-10_i500/bootstrap_diagnostics_run_000/bootstrap_201_ldd_inputs.csv,1,84,16,1,87,87,0,22,87,2026-07-13 00:24:39.894823,OK,/home2/ihernand/Desktop/reach/results/26-07-10_i500/bootstrap_diagnostics_run_000/bootstrap_201_traceback.txt,/home2/ihernand/Desktop/reach/results/26-07-10_i500/bootstrap_diagnostics_run_000/bootstrap_201_log.txt,/home2/ihernand/Desktop/reach/results/26-07-10_i500/bootstrap_diagnostics_run_000/visibility_plots/bootstrap_visibility_201_summary.csv,/home2/ihernand/Desktop/reach/results/26-07-10_i500/bootstrap_diagnostics_run_000/visibility_plots/bootstrap_visibility_201.pdf
202,352.528974,2026-07-13 00:36:24.315305,,,/home2/ihernand/Desktop/reach/results/26-07-10_i500/bootstrap_diagnostics_run_000/bootstrap_202_ldd_inputs.csv,1,84,16,1,87,87,0,22,87,2026-07-13 00:30:31.786331,OK,/home2/ihernand/Desktop/reach/results/26-07-10_i500/bootstrap_diagnostics_run_000/bootstrap_202_traceback.txt,/home2/ihernand/Desktop/reach/results/26-07-10_i500/bootstrap_diagnostics_run_000/bootstrap_202_log.txt,/home2/ihernand/Desktop/reach/results/26-07-10_i500/bootstrap_diagnostics_run_000/visibility_plots/bootstrap_visibility_202_summary.csv,/home2/ihernand/Desktop/reach/results/26-07-10_i500/bootstrap_diagnostics_run_000/visibility_plots/bootstrap_visibility_202.pdf
203,351.924084,2026-07-13 00:42:16.239630,,,/home2/ihernand/Desktop/reach/results/26-07-10_i500/bootstrap_diagnostics_run_000/bootstrap_203_ldd_inputs.csv,1,84,16,1,87,87,0,22,87,2026-07-13 00:36:24.315546,OK,/home2/ihernand/Desktop/reach/results/26-07-10_i500/bootstrap_diagnostics_run_000/bootstrap_203_traceback.txt,/home2/ihernand/Desktop/reach/results/26-07-10_i500/bootstrap_diagnostics_run_000/bootstrap_203_log.txt,/home2/ihernand/Desktop/reach/results/26-07-10_i500/bootstrap_diagnostics_run_000/visibility_plots/bootstrap_visibility_203_summary.csv,/home2/ihernand/Desktop/reach/results/26-07-10_i500/bootstrap_diagnostics_run_000/visibility_plots/bootstrap_visibility_203.pdf
204,353.137039,2026-07-13 00:48:09.376898,,,/home2/ihernand/Desktop/reach/results/26-07-10_i500/bootstrap_diagnostics_run_000/bootstrap_204_ldd_inputs.csv,1,84,16,1,87,87,0,22,87,2026-07-13 00:42:16.239859,OK,/home2/ihernand/Desktop/reach/results/26-07-10_i500/bootstrap_diagnostics_run_000/bootstrap_204_traceback.txt,/home2/ihernand/Desktop/reach/results/26-07-10_i500/bootstrap_diagnostics_run_000/bootstrap_204_log.txt,/home2/ihernand/Desktop/reach/results/26-07-10_i500/bootstrap_diagnostics_run_000/visibility_plots/bootstrap_visibility_204_summary.csv,/home2/ihernand/Desktop/reach/results/26-07-10_i500/bootstrap_diagnostics_run_000/visibility_plots/bootstrap_visibility_204.pdf
205,352.447081,2026-07-13 00:54:01.824219,,,/home2/ihernand/Desktop/reach/results/26-07-10_i500/bootstrap_diagnostics_run_000/bootstrap_205_ldd_inputs.csv,1,84,16,1,87,87,0,22,87,2026-07-13 00:48:09.377138,OK,/home2/ihernand/Desktop/reach/results/26-07-10_i500/bootstrap_diagnostics_run_000/bootstrap_205_traceback.txt,/home2/ihernand/Desktop/reach/results/26-07-10_i500/bootstrap_diagnostics_run_000/bootstrap_205_log.txt,/home2/ihernand/Desktop/reach/results/26-07-10_i500/bootstrap_diagnostics_run_000/visibility_plots/bootstrap_visibility_205_summary.csv,/home2/ihernand/Desktop/reach/results/26-07-10_i500/bootstrap_diagnostics_run_000/visibility_plots/bootstrap_visibility_205.pdf
206,351.808636,2026-07-13 00:59:53.633052,,,/home2/ihernand/Desktop/reach/results/26-07-10_i500/bootstrap_diagnostics_run_000/bootstrap_206_ldd_inputs.csv,1,84,16,1,87,87,0,22,87,2026-07-13 00:54:01.824416,OK,/home2/ihernand/Desktop/reach/results/26-07-10_i500/bootstrap_diagnostics_run_000/bootstrap_206_traceback.txt,/home2/ihernand/Desktop/reach/results/26-07-10_i500/bootstrap_diagnostics_run_000/bootstrap_206_log.txt,/home2/ihernand/Desktop/reach/results/26-07-10_i500/bootstrap_diagnostics_run_000/visibility_plots/bootstrap_visibility_206_summary.csv,/home2/ihernand/Desktop/reach/results/26-07-10_i500/bootstrap_diagnostics_run_000/visibility_plots/bootstrap_visibility_206.pdf
207,352.148594,2026-07-13 01:05:45.781873,,,/home2/ihernand/Desktop/reach/results/26-07-10_i500/bootstrap_diagnostics_run_000/bootstrap_207_ldd_inputs.csv,1,84,16,1,87,87,0,22,87,2026-07-13 00:59:53.633279,OK,/home2/ihernand/Desktop/reach/results/26-07-10_i500/bootstrap_diagnostics_run_000/bootstrap_207_traceback.txt,/home2/ihernand/Desktop/reach/results/26-07-10_i500/bootstrap_diagnostics_run_000/bootstrap_207_log.txt,/home2/ihernand/Desktop/reach/results/26-07-10_i500/bootstrap_diagnostics_run_000/visibility_plots/bootstrap_visibility_207_summary.csv,/home2/ihernand/Desktop/reach/results/26-07-10_i500/bootstrap_diagnostics_run_000/visibility_plots/bootstrap_visibility_207.pdf
208,352.651613,2026-07-13 01:11:38.433703,,,/home2/ihernand/Desktop/reach/results/26-07-10_i500/bootstrap_diagnostics_run_000/bootstrap_208_ldd_inputs.csv,1,84,16,1,87,87,0,22,87,2026-07-13 01:05:45.782090,OK,/home2/ihernand/Desktop/reach/results/26-07-10_i500/bootstrap_diagnostics_run_000/bootstrap_208_traceback.txt,/home2/ihernand/Desktop/reach/results/26-07-10_i500/bootstrap_diagnostics_run_000/bootstrap_208_log.txt,/home2/ihernand/Desktop/reach/results/26-07-10_i500/bootstrap_diagnostics_run_000/visibility_plots/bootstrap_visibility_208_summary.csv,/home2/ihernand/Desktop/reach/results/26-07-10_i500/bootstrap_diagnostics_run_000/visibility_plots/bootstrap_visibility_208.pdf
209,351.292656,2026-07-13 01:17:29.726552,,,/home2/ihernand/Desktop/reach/results/26-07-10_i500/bootstrap_diagnostics_run_000/bootstrap_209_ldd_inputs.csv,1,84,16,1,87,87,0,22,87,2026-07-13 01:11:38.433896,OK,/home2/ihernand/Desktop/reach/results/26-07-10_i500/bootstrap_diagnostics_run_000/bootstrap_209_traceback.txt,/home2/ihernand/Desktop/reach/results/26-07-10_i500/bootstrap_diagnostics_run_000/bootstrap_209_log.txt,/home2/ihernand/Desktop/reach/results/26-07-10_i500/bootstrap_diagnostics_run_000/visibility_plots/bootstrap_visibility_209_summary.csv,/home2/ihernand/Desktop/reach/results/26-07-10_i500/bootstrap_diagnostics_run_000/visibility_plots/bootstrap_visibility_209.pdf
210,352.511345,2026-07-13 01:23:22.238106,,,/home2/ihernand/Desktop/reach/results/26-07-10_i500/bootstrap_diagnostics_run_000/bootstrap_210_ldd_inputs.csv,1,84,16,1,87,87,0,22,87,2026-07-13 01:17:29.726761,OK,/home2/ihernand/Desktop/reach/results/26-07-10_i500/bootstrap_diagnostics_run_000/bootstrap_210_traceback.txt,/home2/ihernand/Desktop/reach/results/26-07-10_i500/bootstrap_diagnostics_run_000/bootstrap_210_log.txt,/home2/ihernand/Desktop/reach/results/26-07-10_i500/bootstrap_diagnostics_run_000/visibility_plots/bootstrap_visibility_210_summary.csv,/home2/ihernand/Desktop/reach/results/26-07-10_i500/bootstrap_diagnostics_run_000/visibility_plots/bootstrap_visibility_210.pdf
211,352.278204,2026-07-13 01:29:14.516540,,,/home2/ihernand/Desktop/reach/results/26-07-10_i500/bootstrap_diagnostics_run_000/bootstrap_211_ldd_inputs.csv,1,84,16,1,87,87,0,22,87,2026-07-13 01:23:22.238336,OK,/home2/ihernand/Desktop/reach/results/26-07-10_i500/bootstrap_diagnostics_run_000/bootstrap_211_traceback.txt,/home2/ihernand/Desktop/reach/results/26-07-10_i500/bootstrap_diagnostics_run_000/bootstrap_211_log.txt,/home2/ihernand/Desktop/reach/results/26-07-10_i500/bootstrap_diagnostics_run_000/visibility_plots/bootstrap_visibility_211_summary.csv,/home2/ihernand/Desktop/reach/results/26-07-10_i500/bootstrap_diagnostics_run_000/visibility_plots/bootstrap_visibility_211.pdf
212,351.51806,2026-07-13 01:35:06.034826,,,/home2/ihernand/Desktop/reach/results/26-07-10_i500/bootstrap_diagnostics_run_000/bootstrap_212_ldd_inputs.csv,1,84,16,1,87,87,0,22,87,2026-07-13 01:29:14.516766,OK,/home2/ihernand/Desktop/reach/results/26-07-10_i500/bootstrap_diagnostics_run_000/bootstrap_212_traceback.txt,/home2/ihernand/Desktop/reach/results/26-07-10_i500/bootstrap_diagnostics_run_000/bootstrap_212_log.txt,/home2/ihernand/Desktop/reach/results/26-07-10_i500/bootstrap_diagnostics_run_000/visibility_plots/bootstrap_visibility_212_summary.csv,/home2/ihernand/Desktop/reach/results/26-07-10_i500/bootstrap_diagnostics_run_000/visibility_plots/bootstrap_visibility_212.pdf
213,352.289904,2026-07-13 01:40:58.324970,,,/home2/ihernand/Desktop/reach/results/26-07-10_i500/bootstrap_diagnostics_run_000/bootstrap_213_ldd_inputs.csv,1,84,16,1,87,87,0,22,87,2026-07-13 01:35:06.035066,OK,/home2/ihernand/Desktop/reach/results/26-07-10_i500/bootstrap_diagnostics_run_000/bootstrap_213_traceback.txt,/home2/ihernand/Desktop/reach/results/26-07-10_i500/bootstrap_diagnostics_run_000/bootstrap_213_log.txt,/home2/ihernand/Desktop/reach/results/26-07-10_i500/bootstrap_diagnostics_run_000/visibility_plots/bootstrap_visibility_213_summary.csv,/home2/ihernand/Desktop/reach/results/26-07-10_i500/bootstrap_diagnostics_run_000/visibility_plots/bootstrap_visibility_213.pdf
214,350.890109,2026-07-13 01:46:49.215273,,,/home2/ihernand/Desktop/reach/results/26-07-10_i500/bootstrap_diagnostics_run_000/bootstrap_214_ldd_inputs.csv,1,84,16,1,87,87,0,22,87,2026-07-13 01:40:58.325164,OK,/home2/ihernand/Desktop/reach/results/26-07-10_i500/bootstrap_diagnostics_run_000/bootstrap_214_traceback.txt,/home2/ihernand/Desktop/reach/results/26-07-10_i500/bootstrap_diagnostics_run_000/bootstrap_214_log.txt,/home2/ihernand/Desktop/reach/results/26-07-10_i500/bootstrap_diagnostics_run_000/visibility_plots/bootstrap_visibility_214_summary.csv,/home2/ihernand/Desktop/reach/results/26-07-10_i500/bootstrap_diagnostics_run_000/visibility_plots/bootstrap_visibility_214.pdf
215,351.297544,2026-07-13 01:52:40.513064,,,/home2/ihernand/Desktop/reach/results/26-07-10_i500/bootstrap_diagnostics_run_000/bootstrap_215_ldd_inputs.csv,1,84,16,1,87,87,0,22,87,2026-07-13 01:46:49.215520,OK,/home2/ihernand/Desktop/reach/results/26-07-10_i500/bootstrap_diagnostics_run_000/bootstrap_215_traceback.txt,/home2/ihernand/Desktop/reach/results/26-07-10_i500/bootstrap_diagnostics_run_000/bootstrap_215_log.txt,/home2/ihernand/Desktop/reach/results/26-07-10_i500/bootstrap_diagnostics_run_000/visibility_plots/bootstrap_visibility_215_summary.csv,/home2/ihernand/Desktop/reach/results/26-07-10_i500/bootstrap_diagnostics_run_000/visibility_plots/bootstrap_visibility_215.pdf
216,352.374642,2026-07-13 01:58:32.887937,,,/home2/ihernand/Desktop/reach/results/26-07-10_i500/bootstrap_diagnostics_run_000/bootstrap_216_ldd_inputs.csv,1,84,16,1,87,87,0,22,87,2026-07-13 01:52:40.513295,OK,/home2/ihernand/Desktop/reach/results/26-07-10_i500/bootstrap_diagnostics_run_000/bootstrap_216_traceback.txt,/home2/ihernand/Desktop/reach/results/26-07-10_i500/bootstrap_diagnostics_run_000/bootstrap_216_log.txt,/home2/ihernand/Desktop/reach/results/26-07-10_i500/bootstrap_diagnostics_run_000/visibility_plots/bootstrap_visibility_216_summary.csv,/home2/ihernand/Desktop/reach/results/26-07-10_i500/bootstrap_diagnostics_run_000/visibility_plots/bootstrap_visibility_216.pdf
217,350.487735,2026-07-13 02:04:23.375882,,,/home2/ihernand/Desktop/reach/results/26-07-10_i500/bootstrap_diagnostics_run_000/bootstrap_217_ldd_inputs.csv,1,84,16,1,87,87,0,22,87,2026-07-13 01:58:32.888147,OK,/home2/ihernand/Desktop/reach/results/26-07-10_i500/bootstrap_diagnostics_run_000/bootstrap_217_traceback.txt,/home2/ihernand/Desktop/reach/results/26-07-10_i500/bootstrap_diagnostics_run_000/bootstrap_217_log.txt,/home2/ihernand/Desktop/reach/results/26-07-10_i500/bootstrap_diagnostics_run_000/visibility_plots/bootstrap_visibility_217_summary.csv,/home2/ihernand/Desktop/reach/results/26-07-10_i500/bootstrap_diagnostics_run_000/visibility_plots/bootstrap_visibility_217.pdf
218,350.918233,2026-07-13 02:10:14.294330,,,/home2/ihernand/Desktop/reach/results/26-07-10_i500/bootstrap_diagnostics_run_000/bootstrap_218_ldd_inputs.csv,1,84,16,1,87,87,0,22,87,2026-07-13 02:04:23.376097,OK,/home2/ihernand/Desktop/reach/results/26-07-10_i500/bootstrap_diagnostics_run_000/bootstrap_218_traceback.txt,/home2/ihernand/Desktop/reach/results/26-07-10_i500/bootstrap_diagnostics_run_000/bootstrap_218_log.txt,/home2/ihernand/Desktop/reach/results/26-07-10_i500/bootstrap_diagnostics_run_000/visibility_plots/bootstrap_visibility_218_summary.csv,/home2/ihernand/Desktop/reach/results/26-07-10_i500/bootstrap_diagnostics_run_000/visibility_plots/bootstrap_visibility_218.pdf
219,351.367387,2026-07-13 02:16:05.661964,,,/home2/ihernand/Desktop/reach/results/26-07-10_i500/bootstrap_diagnostics_run_000/bootstrap_219_ldd_inputs.csv,1,84,16,1,87,87,0,22,87,2026-07-13 02:10:14.294577,OK,/home2/ihernand/Desktop/reach/results/26-07-10_i500/bootstrap_diagnostics_run_000/bootstrap_219_traceback.txt,/home2/ihernand/Desktop/reach/results/26-07-10_i500/bootstrap_diagnostics_run_000/bootstrap_219_log.txt,/home2/ihernand/Desktop/reach/results/26-07-10_i500/bootstrap_diagnostics_run_000/visibility_plots/bootstrap_visibility_219_summary.csv,/home2/ihernand/Desktop/reach/results/26-07-10_i500/bootstrap_diagnostics_run_000/visibility_plots/bootstrap_visibility_219.pdf
220,350.345337,2026-07-13 02:21:56.007532,,,/home2/ihernand/Desktop/reach/results/26-07-10_i500/bootstrap_diagnostics_run_000/bootstrap_220_ldd_inputs.csv,1,84,16,1,87,87,0,22,87,2026-07-13 02:16:05.662195,OK,/home2/ihernand/Desktop/reach/results/26-07-10_i500/bootstrap_diagnostics_run_000/bootstrap_220_traceback.txt,/home2/ihernand/Desktop/reach/results/26-07-10_i500/bootstrap_diagnostics_run_000/bootstrap_220_log.txt,/home2/ihernand/Desktop/reach/results/26-07-10_i500/bootstrap_diagnostics_run_000/visibility_plots/bootstrap_visibility_220_summary.csv,/home2/ihernand/Desktop/reach/results/26-07-10_i500/bootstrap_diagnostics_run_000/visibility_plots/bootstrap_visibility_220.pdf
221,351.6195,2026-07-13 02:27:47.627252,,,/home2/ihernand/Desktop/reach/results/26-07-10_i500/bootstrap_diagnostics_run_000/bootstrap_221_ldd_inputs.csv,1,84,16,1,87,87,0,22,87,2026-07-13 02:21:56.007752,OK,/home2/ihernand/Desktop/reach/results/26-07-10_i500/bootstrap_diagnostics_run_000/bootstrap_221_traceback.txt,/home2/ihernand/Desktop/reach/results/26-07-10_i500/bootstrap_diagnostics_run_000/bootstrap_221_log.txt,/home2/ihernand/Desktop/reach/results/26-07-10_i500/bootstrap_diagnostics_run_000/visibility_plots/bootstrap_visibility_221_summary.csv,/home2/ihernand/Desktop/reach/results/26-07-10_i500/bootstrap_diagnostics_run_000/visibility_plots/bootstrap_visibility_221.pdf
222,350.91242,2026-07-13 02:33:38.539893,,,/home2/ihernand/Desktop/reach/results/26-07-10_i500/bootstrap_diagnostics_run_000/bootstrap_222_ldd_inputs.csv,1,84,16,1,87,87,0,22,87,2026-07-13 02:27:47.627473,OK,/home2/ihernand/Desktop/reach/results/26-07-10_i500/bootstrap_diagnostics_run_000/bootstrap_222_traceback.txt,/home2/ihernand/Desktop/reach/results/26-07-10_i500/bootstrap_diagnostics_run_000/bootstrap_222_log.txt,/home2/ihernand/Desktop/reach/results/26-07-10_i500/bootstrap_diagnostics_run_000/visibility_plots/bootstrap_visibility_222_summary.csv,/home2/ihernand/Desktop/reach/results/26-07-10_i500/bootstrap_diagnostics_run_000/visibility_plots/bootstrap_visibility_222.pdf
223,351.796008,2026-07-13 02:39:30.336095,,,/home2/ihernand/Desktop/reach/results/26-07-10_i500/bootstrap_diagnostics_run_000/bootstrap_223_ldd_inputs.csv,1,84,16,1,87,87,0,22,87,2026-07-13 02:33:38.540087,OK,/home2/ihernand/Desktop/reach/results/26-07-10_i500/bootstrap_diagnostics_run_000/bootstrap_223_traceback.txt,/home2/ihernand/Desktop/reach/results/26-07-10_i500/bootstrap_diagnostics_run_000/bootstrap_223_log.txt,/home2/ihernand/Desktop/reach/results/26-07-10_i500/bootstrap_diagnostics_run_000/visibility_plots/bootstrap_visibility_223_summary.csv,/home2/ihernand/Desktop/reach/results/26-07-10_i500/bootstrap_diagnostics_run_000/visibility_plots/bootstrap_visibility_223.pdf
224,352.515789,2026-07-13 02:45:22.852078,,,/home2/ihernand/Desktop/reach/results/26-07-10_i500/bootstrap_diagnostics_run_000/bootstrap_224_ldd_inputs.csv,1,84,16,1,87,87,0,22,87,2026-07-13 02:39:30.336289,OK,/home2/ihernand/Desktop/reach/results/26-07-10_i500/bootstrap_diagnostics_run_000/bootstrap_224_traceback.txt,/home2/ihernand/Desktop/reach/results/26-07-10_i500/bootstrap_diagnostics_run_000/bootstrap_224_log.txt,/home2/ihernand/Desktop/reach/results/26-07-10_i500/bootstrap_diagnostics_run_000/visibility_plots/bootstrap_visibility_224_summary.csv,/home2/ihernand/Desktop/reach/results/26-07-10_i500/bootstrap_diagnostics_run_000/visibility_plots/bootstrap_visibility_224.pdf
225,352.141031,2026-07-13 02:51:14.993353,,,/home2/ihernand/Desktop/reach/results/26-07-10_i500/bootstrap_diagnostics_run_000/bootstrap_225_ldd_inputs.csv,1,84,16,1,87,87,0,22,87,2026-07-13 02:45:22.852322,OK,/home2/ihernand/Desktop/reach/results/26-07-10_i500/bootstrap_diagnostics_run_000/bootstrap_225_traceback.txt,/home2/ihernand/Desktop/reach/results/26-07-10_i500/bootstrap_diagnostics_run_000/bootstrap_225_log.txt,/home2/ihernand/Desktop/reach/results/26-07-10_i500/bootstrap_diagnostics_run_000/visibility_plots/bootstrap_visibility_225_summary.csv,/home2/ihernand/Desktop/reach/results/26-07-10_i500/bootstrap_diagnostics_run_000/visibility_plots/bootstrap_visibility_225.pdf
226,350.447224,2026-07-13 02:57:05.440821,,,/home2/ihernand/Desktop/reach/results/26-07-10_i500/bootstrap_diagnostics_run_000/bootstrap_226_ldd_inputs.csv,1,84,16,1,87,87,0,22,87,2026-07-13 02:51:14.993597,OK,/home2/ihernand/Desktop/reach/results/26-07-10_i500/bootstrap_diagnostics_run_000/bootstrap_226_traceback.txt,/home2/ihernand/Desktop/reach/results/26-07-10_i500/bootstrap_diagnostics_run_000/bootstrap_226_log.txt,/home2/ihernand/Desktop/reach/results/26-07-10_i500/bootstrap_diagnostics_run_000/visibility_plots/bootstrap_visibility_226_summary.csv,/home2/ihernand/Desktop/reach/results/26-07-10_i500/bootstrap_diagnostics_run_000/visibility_plots/bootstrap_visibility_226.pdf
227,349.517929,2026-07-13 03:02:54.958968,,,/home2/ihernand/Desktop/reach/results/26-07-10_i500/bootstrap_diagnostics_run_000/bootstrap_227_ldd_inputs.csv,1,84,16,1,87,87,0,22,87,2026-07-13 02:57:05.441039,OK,/home2/ihernand/Desktop/reach/results/26-07-10_i500/bootstrap_diagnostics_run_000/bootstrap_227_traceback.txt,/home2/ihernand/Desktop/reach/results/26-07-10_i500/bootstrap_diagnostics_run_000/bootstrap_227_log.txt,/home2/ihernand/Desktop/reach/results/26-07-10_i500/bootstrap_diagnostics_run_000/visibility_plots/bootstrap_visibility_227_summary.csv,/home2/ihernand/Desktop/reach/results/26-07-10_i500/bootstrap_diagnostics_run_000/visibility_plots/bootstrap_visibility_227.pdf
228,351.271542,2026-07-13 03:08:46.230732,,,/home2/ihernand/Desktop/reach/results/26-07-10_i500/bootstrap_diagnostics_run_000/bootstrap_228_ldd_inputs.csv,1,84,16,1,87,87,0,22,87,2026-07-13 03:02:54.959190,OK,/home2/ihernand/Desktop/reach/results/26-07-10_i500/bootstrap_diagnostics_run_000/bootstrap_228_traceback.txt,/home2/ihernand/Desktop/reach/results/26-07-10_i500/bootstrap_diagnostics_run_000/bootstrap_228_log.txt,/home2/ihernand/Desktop/reach/results/26-07-10_i500/bootstrap_diagnostics_run_000/visibility_plots/bootstrap_visibility_228_summary.csv,/home2/ihernand/Desktop/reach/results/26-07-10_i500/bootstrap_diagnostics_run_000/visibility_plots/bootstrap_visibility_228.pdf
229,351.591567,2026-07-13 03:14:37.822493,,,/home2/ihernand/Desktop/reach/results/26-07-10_i500/bootstrap_diagnostics_run_000/bootstrap_229_ldd_inputs.csv,1,84,16,1,87,87,0,22,87,2026-07-13 03:08:46.230926,OK,/home2/ihernand/Desktop/reach/results/26-07-10_i500/bootstrap_diagnostics_run_000/bootstrap_229_traceback.txt,/home2/ihernand/Desktop/reach/results/26-07-10_i500/bootstrap_diagnostics_run_000/bootstrap_229_log.txt,/home2/ihernand/Desktop/reach/results/26-07-10_i500/bootstrap_diagnostics_run_000/visibility_plots/bootstrap_visibility_229_summary.csv,/home2/ihernand/Desktop/reach/results/26-07-10_i500/bootstrap_diagnostics_run_000/visibility_plots/bootstrap_visibility_229.pdf
230,352.252839,2026-07-13 03:20:30.075562,,,/home2/ihernand/Desktop/reach/results/26-07-10_i500/bootstrap_diagnostics_run_000/bootstrap_230_ldd_inputs.csv,1,84,16,1,87,87,0,22,87,2026-07-13 03:14:37.822723,OK,/home2/ihernand/Desktop/reach/results/26-07-10_i500/bootstrap_diagnostics_run_000/bootstrap_230_traceback.txt,/home2/ihernand/Desktop/reach/results/26-07-10_i500/bootstrap_diagnostics_run_000/bootstrap_230_log.txt,/home2/ihernand/Desktop/reach/results/26-07-10_i500/bootstrap_diagnostics_run_000/visibility_plots/bootstrap_visibility_230_summary.csv,/home2/ihernand/Desktop/reach/results/26-07-10_i500/bootstrap_diagnostics_run_000/visibility_plots/bootstrap_visibility_230.pdf
231,350.527851,2026-07-13 03:26:20.603610,,,/home2/ihernand/Desktop/reach/results/26-07-10_i500/bootstrap_diagnostics_run_000/bootstrap_231_ldd_inputs.csv,1,84,16,1,87,87,0,22,87,2026-07-13 03:20:30.075759,OK,/home2/ihernand/Desktop/reach/results/26-07-10_i500/bootstrap_diagnostics_run_000/bootstrap_231_traceback.txt,/home2/ihernand/Desktop/reach/results/26-07-10_i500/bootstrap_diagnostics_run_000/bootstrap_231_log.txt,/home2/ihernand/Desktop/reach/results/26-07-10_i500/bootstrap_diagnostics_run_000/visibility_plots/bootstrap_visibility_231_summary.csv,/home2/ihernand/Desktop/reach/results/26-07-10_i500/bootstrap_diagnostics_run_000/visibility_plots/bootstrap_visibility_231.pdf
232,350.526274,2026-07-13 03:32:11.130097,,,/home2/ihernand/Desktop/reach/results/26-07-10_i500/bootstrap_diagnostics_run_000/bootstrap_232_ldd_inputs.csv,1,84,16,1,87,87,0,22,87,2026-07-13 03:26:20.603823,OK,/home2/ihernand/Desktop/reach/results/26-07-10_i500/bootstrap_diagnostics_run_000/bootstrap_232_traceback.txt,/home2/ihernand/Desktop/reach/results/26-07-10_i500/bootstrap_diagnostics_run_000/bootstrap_232_log.txt,/home2/ihernand/Desktop/reach/results/26-07-10_i500/bootstrap_diagnostics_run_000/visibility_plots/bootstrap_visibility_232_summary.csv,/home2/ihernand/Desktop/reach/results/26-07-10_i500/bootstrap_diagnostics_run_000/visibility_plots/bootstrap_visibility_232.pdf
233,349.620448,2026-07-13 03:38:00.750775,,,/home2/ihernand/Desktop/reach/results/26-07-10_i500/bootstrap_diagnostics_run_000/bootstrap_233_ldd_inputs.csv,1,84,16,1,87,87,0,22,87,2026-07-13 03:32:11.130327,OK,/home2/ihernand/Desktop/reach/results/26-07-10_i500/bootstrap_diagnostics_run_000/bootstrap_233_traceback.txt,/home2/ihernand/Desktop/reach/results/26-07-10_i500/bootstrap_diagnostics_run_000/bootstrap_233_log.txt,/home2/ihernand/Desktop/reach/results/26-07-10_i500/bootstrap_diagnostics_run_000/visibility_plots/bootstrap_visibility_233_summary.csv,/home2/ihernand/Desktop/reach/results/26-07-10_i500/bootstrap_diagnostics_run_000/visibility_plots/bootstrap_visibility_233.pdf
234,351.531669,2026-07-13 03:43:52.282686,,,/home2/ihernand/Desktop/reach/results/26-07-10_i500/bootstrap_diagnostics_run_000/bootstrap_234_ldd_inputs.csv,1,84,16,1,87,87,0,22,87,2026-07-13 03:38:00.751017,OK,/home2/ihernand/Desktop/reach/results/26-07-10_i500/bootstrap_diagnostics_run_000/bootstrap_234_traceback.txt,/home2/ihernand/Desktop/reach/results/26-07-10_i500/bootstrap_diagnostics_run_000/bootstrap_234_log.txt,/home2/ihernand/Desktop/reach/results/26-07-10_i500/bootstrap_diagnostics_run_000/visibility_plots/bootstrap_visibility_234_summary.csv,/home2/ihernand/Desktop/reach/results/26-07-10_i500/bootstrap_diagnostics_run_000/visibility_plots/bootstrap_visibility_234.pdf
235,351.741596,2026-07-13 03:49:44.024491,,,/home2/ihernand/Desktop/reach/results/26-07-10_i500/bootstrap_diagnostics_run_000/bootstrap_235_ldd_inputs.csv,1,84,16,1,87,87,0,22,87,2026-07-13 03:43:52.282895,OK,/home2/ihernand/Desktop/reach/results/26-07-10_i500/bootstrap_diagnostics_run_000/bootstrap_235_traceback.txt,/home2/ihernand/Desktop/reach/results/26-07-10_i500/bootstrap_diagnostics_run_000/bootstrap_235_log.txt,/home2/ihernand/Desktop/reach/results/26-07-10_i500/bootstrap_diagnostics_run_000/visibility_plots/bootstrap_visibility_235_summary.csv,/home2/ihernand/Desktop/reach/results/26-07-10_i500/bootstrap_diagnostics_run_000/visibility_plots/bootstrap_visibility_235.pdf
236,350.129494,2026-07-13 03:55:34.154218,,,/home2/ihernand/Desktop/reach/results/26-07-10_i500/bootstrap_diagnostics_run_000/bootstrap_236_ldd_inputs.csv,1,84,16,1,87,87,0,22,87,2026-07-13 03:49:44.024724,OK,/home2/ihernand/Desktop/reach/results/26-07-10_i500/bootstrap_diagnostics_run_000/bootstrap_236_traceback.txt,/home2/ihernand/Desktop/reach/results/26-07-10_i500/bootstrap_diagnostics_run_000/bootstrap_236_log.txt,/home2/ihernand/Desktop/reach/results/26-07-10_i500/bootstrap_diagnostics_run_000/visibility_plots/bootstrap_visibility_236_summary.csv,/home2/ihernand/Desktop/reach/results/26-07-10_i500/bootstrap_diagnostics_run_000/visibility_plots/bootstrap_visibility_236.pdf
237,353.251686,2026-07-13 04:01:27.406124,,,/home2/ihernand/Desktop/reach/results/26-07-10_i500/bootstrap_diagnostics_run_000/bootstrap_237_ldd_inputs.csv,1,84,16,1,87,87,0,22,87,2026-07-13 03:55:34.154438,OK,/home2/ihernand/Desktop/reach/results/26-07-10_i500/bootstrap_diagnostics_run_000/bootstrap_237_traceback.txt,/home2/ihernand/Desktop/reach/results/26-07-10_i500/bootstrap_diagnostics_run_000/bootstrap_237_log.txt,/home2/ihernand/Desktop/reach/results/26-07-10_i500/bootstrap_diagnostics_run_000/visibility_plots/bootstrap_visibility_237_summary.csv,/home2/ihernand/Desktop/reach/results/26-07-10_i500/bootstrap_diagnostics_run_000/visibility_plots/bootstrap_visibility_237.pdf
238,351.608799,2026-07-13 04:07:19.015140,,,/home2/ihernand/Desktop/reach/results/26-07-10_i500/bootstrap_diagnostics_run_000/bootstrap_238_ldd_inputs.csv,1,84,16,1,87,87,0,22,87,2026-07-13 04:01:27.406341,OK,/home2/ihernand/Desktop/reach/results/26-07-10_i500/bootstrap_diagnostics_run_000/bootstrap_238_traceback.txt,/home2/ihernand/Desktop/reach/results/26-07-10_i500/bootstrap_diagnostics_run_000/bootstrap_238_log.txt,/home2/ihernand/Desktop/reach/results/26-07-10_i500/bootstrap_diagnostics_run_000/visibility_plots/bootstrap_visibility_238_summary.csv,/home2/ihernand/Desktop/reach/results/26-07-10_i500/bootstrap_diagnostics_run_000/visibility_plots/bootstrap_visibility_238.pdf
239,352.556201,2026-07-13 04:13:11.571537,,,/home2/ihernand/Desktop/reach/results/26-07-10_i500/bootstrap_diagnostics_run_000/bootstrap_239_ldd_inputs.csv,1,84,16,1,87,87,0,22,87,2026-07-13 04:07:19.015336,OK,/home2/ihernand/Desktop/reach/results/26-07-10_i500/bootstrap_diagnostics_run_000/bootstrap_239_traceback.txt,/home2/ihernand/Desktop/reach/results/26-07-10_i500/bootstrap_diagnostics_run_000/bootstrap_239_log.txt,/home2/ihernand/Desktop/reach/results/26-07-10_i500/bootstrap_diagnostics_run_000/visibility_plots/bootstrap_visibility_239_summary.csv,/home2/ihernand/Desktop/reach/results/26-07-10_i500/bootstrap_diagnostics_run_000/visibility_plots/bootstrap_visibility_239.pdf
240,350.517997,2026-07-13 04:19:02.089768,,,/home2/ihernand/Desktop/reach/results/26-07-10_i500/bootstrap_diagnostics_run_000/bootstrap_240_ldd_inputs.csv,1,84,16,1,87,87,0,22,87,2026-07-13 04:13:11.571771,OK,/home2/ihernand/Desktop/reach/results/26-07-10_i500/bootstrap_diagnostics_run_000/bootstrap_240_traceback.txt,/home2/ihernand/Desktop/reach/results/26-07-10_i500/bootstrap_diagnostics_run_000/bootstrap_240_log.txt,/home2/ihernand/Desktop/reach/results/26-07-10_i500/bootstrap_diagnostics_run_000/visibility_plots/bootstrap_visibility_240_summary.csv,/home2/ihernand/Desktop/reach/results/26-07-10_i500/bootstrap_diagnostics_run_000/visibility_plots/bootstrap_visibility_240.pdf
241,352.909545,2026-07-13 04:24:54.999500,,,/home2/ihernand/Desktop/reach/results/26-07-10_i500/bootstrap_diagnostics_run_000/bootstrap_241_ldd_inputs.csv,1,84,16,1,87,87,0,22,87,2026-07-13 04:19:02.089955,OK,/home2/ihernand/Desktop/reach/results/26-07-10_i500/bootstrap_diagnostics_run_000/bootstrap_241_traceback.txt,/home2/ihernand/Desktop/reach/results/26-07-10_i500/bootstrap_diagnostics_run_000/bootstrap_241_log.txt,/home2/ihernand/Desktop/reach/results/26-07-10_i500/bootstrap_diagnostics_run_000/visibility_plots/bootstrap_visibility_241_summary.csv,/home2/ihernand/Desktop/reach/results/26-07-10_i500/bootstrap_diagnostics_run_000/visibility_plots/bootstrap_visibility_241.pdf
242,353.100896,2026-07-13 04:30:48.100629,,,/home2/ihernand/Desktop/reach/results/26-07-10_i500/bootstrap_diagnostics_run_000/bootstrap_242_ldd_inputs.csv,1,84,16,1,87,87,0,22,87,2026-07-13 04:24:54.999733,OK,/home2/ihernand/Desktop/reach/results/26-07-10_i500/bootstrap_diagnostics_run_000/bootstrap_242_traceback.txt,/home2/ihernand/Desktop/reach/results/26-07-10_i500/bootstrap_diagnostics_run_000/bootstrap_242_log.txt,/home2/ihernand/Desktop/reach/results/26-07-10_i500/bootstrap_diagnostics_run_000/visibility_plots/bootstrap_visibility_242_summary.csv,/home2/ihernand/Desktop/reach/results/26-07-10_i500/bootstrap_diagnostics_run_000/visibility_plots/bootstrap_visibility_242.pdf
243,354.142019,2026-07-13 04:36:42.242881,,,/home2/ihernand/Desktop/reach/results/26-07-10_i500/bootstrap_diagnostics_run_000/bootstrap_243_ldd_inputs.csv,1,84,16,1,87,87,0,22,87,2026-07-13 04:30:48.100862,OK,/home2/ihernand/Desktop/reach/results/26-07-10_i500/bootstrap_diagnostics_run_000/bootstrap_243_traceback.txt,/home2/ihernand/Desktop/reach/results/26-07-10_i500/bootstrap_diagnostics_run_000/bootstrap_243_log.txt,/home2/ihernand/Desktop/reach/results/26-07-10_i500/bootstrap_diagnostics_run_000/visibility_plots/bootstrap_visibility_243_summary.csv,/home2/ihernand/Desktop/reach/results/26-07-10_i500/bootstrap_diagnostics_run_000/visibility_plots/bootstrap_visibility_243.pdf
244,352.145213,2026-07-13 04:42:34.388306,,,/home2/ihernand/Desktop/reach/results/26-07-10_i500/bootstrap_diagnostics_run_000/bootstrap_244_ldd_inputs.csv,1,84,16,1,87,87,0,22,87,2026-07-13 04:36:42.243093,OK,/home2/ihernand/Desktop/reach/results/26-07-10_i500/bootstrap_diagnostics_run_000/bootstrap_244_traceback.txt,/home2/ihernand/Desktop/reach/results/26-07-10_i500/bootstrap_diagnostics_run_000/bootstrap_244_log.txt,/home2/ihernand/Desktop/reach/results/26-07-10_i500/bootstrap_diagnostics_run_000/visibility_plots/bootstrap_visibility_244_summary.csv,/home2/ihernand/Desktop/reach/results/26-07-10_i500/bootstrap_diagnostics_run_000/visibility_plots/bootstrap_visibility_244.pdf
245,353.013299,2026-07-13 04:48:27.401818,,,/home2/ihernand/Desktop/reach/results/26-07-10_i500/bootstrap_diagnostics_run_000/bootstrap_245_ldd_inputs.csv,1,84,16,1,87,87,0,22,87,2026-07-13 04:42:34.388519,OK,/home2/ihernand/Desktop/reach/results/26-07-10_i500/bootstrap_diagnostics_run_000/bootstrap_245_traceback.txt,/home2/ihernand/Desktop/reach/results/26-07-10_i500/bootstrap_diagnostics_run_000/bootstrap_245_log.txt,/home2/ihernand/Desktop/reach/results/26-07-10_i500/bootstrap_diagnostics_run_000/visibility_plots/bootstrap_visibility_245_summary.csv,/home2/ihernand/Desktop/reach/results/26-07-10_i500/bootstrap_diagnostics_run_000/visibility_plots/bootstrap_visibility_245.pdf
246,352.762644,2026-07-13 04:54:20.164694,,,/home2/ihernand/Desktop/reach/results/26-07-10_i500/bootstrap_diagnostics_run_000/bootstrap_246_ldd_inputs.csv,1,84,16,1,87,87,0,22,87,2026-07-13 04:48:27.402050,OK,/home2/ihernand/Desktop/reach/results/26-07-10_i500/bootstrap_diagnostics_run_000/bootstrap_246_traceback.txt,/home2/ihernand/Desktop/reach/results/26-07-10_i500/bootstrap_diagnostics_run_000/bootstrap_246_log.txt,/home2/ihernand/Desktop/reach/results/26-07-10_i500/bootstrap_diagnostics_run_000/visibility_plots/bootstrap_visibility_246_summary.csv,/home2/ihernand/Desktop/reach/results/26-07-10_i500/bootstrap_diagnostics_run_000/visibility_plots/bootstrap_visibility_246.pdf
247,352.931216,2026-07-13 05:00:13.096144,,,/home2/ihernand/Desktop/reach/results/26-07-10_i500/bootstrap_diagnostics_run_000/bootstrap_247_ldd_inputs.csv,1,84,16,1,87,87,0,22,87,2026-07-13 04:54:20.164928,OK,/home2/ihernand/Desktop/reach/results/26-07-10_i500/bootstrap_diagnostics_run_000/bootstrap_247_traceback.txt,/home2/ihernand/Desktop/reach/results/26-07-10_i500/bootstrap_diagnostics_run_000/bootstrap_247_log.txt,/home2/ihernand/Desktop/reach/results/26-07-10_i500/bootstrap_diagnostics_run_000/visibility_plots/bootstrap_visibility_247_summary.csv,/home2/ihernand/Desktop/reach/results/26-07-10_i500/bootstrap_diagnostics_run_000/visibility_plots/bootstrap_visibility_247.pdf
248,352.712936,2026-07-13 05:06:05.809302,,,/home2/ihernand/Desktop/reach/results/26-07-10_i500/bootstrap_diagnostics_run_000/bootstrap_248_ldd_inputs.csv,1,84,16,1,87,87,0,22,87,2026-07-13 05:00:13.096366,OK,/home2/ihernand/Desktop/reach/results/26-07-10_i500/bootstrap_diagnostics_run_000/bootstrap_248_traceback.txt,/home2/ihernand/Desktop/reach/results/26-07-10_i500/bootstrap_diagnostics_run_000/bootstrap_248_log.txt,/home2/ihernand/Desktop/reach/results/26-07-10_i500/bootstrap_diagnostics_run_000/visibility_plots/bootstrap_visibility_248_summary.csv,/home2/ihernand/Desktop/reach/results/26-07-10_i500/bootstrap_diagnostics_run_000/visibility_plots/bootstrap_visibility_248.pdf
249,351.674919,2026-07-13 05:11:57.484428,,,/home2/ihernand/Desktop/reach/results/26-07-10_i500/bootstrap_diagnostics_run_000/bootstrap_249_ldd_inputs.csv,1,84,16,1,87,87,0,22,87,2026-07-13 05:06:05.809509,OK,/home2/ihernand/Desktop/reach/results/26-07-10_i500/bootstrap_diagnostics_run_000/bootstrap_249_traceback.txt,/home2/ihernand/Desktop/reach/results/26-07-10_i500/bootstrap_diagnostics_run_000/bootstrap_249_log.txt,/home2/ihernand/Desktop/reach/results/26-07-10_i500/bootstrap_diagnostics_run_000/visibility_plots/bootstrap_visibility_249_summary.csv,/home2/ihernand/Desktop/reach/results/26-07-10_i500/bootstrap_diagnostics_run_000/visibility_plots/bootstrap_visibility_249.pdf
250,351.221828,2026-07-13 05:17:48.706452,,,/home2/ihernand/Desktop/reach/results/26-07-10_i500/bootstrap_diagnostics_run_000/bootstrap_250_ldd_inputs.csv,1,84,16,1,87,87,0,22,87,2026-07-13 05:11:57.484624,OK,/home2/ihernand/Desktop/reach/results/26-07-10_i500/bootstrap_diagnostics_run_000/bootstrap_250_traceback.txt,/home2/ihernand/Desktop/reach/results/26-07-10_i500/bootstrap_diagnostics_run_000/bootstrap_250_log.txt,/home2/ihernand/Desktop/reach/results/26-07-10_i500/bootstrap_diagnostics_run_000/visibility_plots/bootstrap_visibility_250_summary.csv,/home2/ihernand/Desktop/reach/results/26-07-10_i500/bootstrap_diagnostics_run_000/visibility_plots/bootstrap_visibility_250.pdf
251,352.059728,2026-07-13 05:23:40.766414,,,/home2/ihernand/Desktop/reach/results/26-07-10_i500/bootstrap_diagnostics_run_000/bootstrap_251_ldd_inputs.csv,1,84,16,1,87,87,0,22,87,2026-07-13 05:17:48.706686,OK,/home2/ihernand/Desktop/reach/results/26-07-10_i500/bootstrap_diagnostics_run_000/bootstrap_251_traceback.txt,/home2/ihernand/Desktop/reach/results/26-07-10_i500/bootstrap_diagnostics_run_000/bootstrap_251_log.txt,/home2/ihernand/Desktop/reach/results/26-07-10_i500/bootstrap_diagnostics_run_000/visibility_plots/bootstrap_visibility_251_summary.csv,/home2/ihernand/Desktop/reach/results/26-07-10_i500/bootstrap_diagnostics_run_000/visibility_plots/bootstrap_visibility_251.pdf
252,351.294311,2026-07-13 05:29:32.061002,,,/home2/ihernand/Desktop/reach/results/26-07-10_i500/bootstrap_diagnostics_run_000/bootstrap_252_ldd_inputs.csv,1,84,16,1,87,87,0,22,87,2026-07-13 05:23:40.766691,OK,/home2/ihernand/Desktop/reach/results/26-07-10_i500/bootstrap_diagnostics_run_000/bootstrap_252_traceback.txt,/home2/ihernand/Desktop/reach/results/26-07-10_i500/bootstrap_diagnostics_run_000/bootstrap_252_log.txt,/home2/ihernand/Desktop/reach/results/26-07-10_i500/bootstrap_diagnostics_run_000/visibility_plots/bootstrap_visibility_252_summary.csv,/home2/ihernand/Desktop/reach/results/26-07-10_i500/bootstrap_diagnostics_run_000/visibility_plots/bootstrap_visibility_252.pdf
253,351.171052,2026-07-13 05:35:23.232264,,,/home2/ihernand/Desktop/reach/results/26-07-10_i500/bootstrap_diagnostics_run_000/bootstrap_253_ldd_inputs.csv,1,84,16,1,87,87,0,22,87,2026-07-13 05:29:32.061212,OK,/home2/ihernand/Desktop/reach/results/26-07-10_i500/bootstrap_diagnostics_run_000/bootstrap_253_traceback.txt,/home2/ihernand/Desktop/reach/results/26-07-10_i500/bootstrap_diagnostics_run_000/bootstrap_253_log.txt,/home2/ihernand/Desktop/reach/results/26-07-10_i500/bootstrap_diagnostics_run_000/visibility_plots/bootstrap_visibility_253_summary.csv,/home2/ihernand/Desktop/reach/results/26-07-10_i500/bootstrap_diagnostics_run_000/visibility_plots/bootstrap_visibility_253.pdf
254,351.676616,2026-07-13 05:41:14.909083,,,/home2/ihernand/Desktop/reach/results/26-07-10_i500/bootstrap_diagnostics_run_000/bootstrap_254_ldd_inputs.csv,1,84,16,1,87,87,0,22,87,2026-07-13 05:35:23.232467,OK,/home2/ihernand/Desktop/reach/results/26-07-10_i500/bootstrap_diagnostics_run_000/bootstrap_254_traceback.txt,/home2/ihernand/Desktop/reach/results/26-07-10_i500/bootstrap_diagnostics_run_000/bootstrap_254_log.txt,/home2/ihernand/Desktop/reach/results/26-07-10_i500/bootstrap_diagnostics_run_000/visibility_plots/bootstrap_visibility_254_summary.csv,/home2/ihernand/Desktop/reach/results/26-07-10_i500/bootstrap_diagnostics_run_000/visibility_plots/bootstrap_visibility_254.pdf
255,351.63483,2026-07-13 05:47:06.544146,,,/home2/ihernand/Desktop/reach/results/26-07-10_i500/bootstrap_diagnostics_run_000/bootstrap_255_ldd_inputs.csv,1,84,16,1,87,87,0,22,87,2026-07-13 05:41:14.909316,OK,/home2/ihernand/Desktop/reach/results/26-07-10_i500/bootstrap_diagnostics_run_000/bootstrap_255_traceback.txt,/home2/ihernand/Desktop/reach/results/26-07-10_i500/bootstrap_diagnostics_run_000/bootstrap_255_log.txt,/home2/ihernand/Desktop/reach/results/26-07-10_i500/bootstrap_diagnostics_run_000/visibility_plots/bootstrap_visibility_255_summary.csv,/home2/ihernand/Desktop/reach/results/26-07-10_i500/bootstrap_diagnostics_run_000/visibility_plots/bootstrap_visibility_255.pdf
256,351.248017,2026-07-13 05:52:57.792392,,,/home2/ihernand/Desktop/reach/results/26-07-10_i500/bootstrap_diagnostics_run_000/bootstrap_256_ldd_inputs.csv,1,84,16,1,87,87,0,22,87,2026-07-13 05:47:06.544375,OK,/home2/ihernand/Desktop/reach/results/26-07-10_i500/bootstrap_diagnostics_run_000/bootstrap_256_traceback.txt,/home2/ihernand/Desktop/reach/results/26-07-10_i500/bootstrap_diagnostics_run_000/bootstrap_256_log.txt,/home2/ihernand/Desktop/reach/results/26-07-10_i500/bootstrap_diagnostics_run_000/visibility_plots/bootstrap_visibility_256_summary.csv,/home2/ihernand/Desktop/reach/results/26-07-10_i500/bootstrap_diagnostics_run_000/visibility_plots/bootstrap_visibility_256.pdf
257,351.246756,2026-07-13 05:58:49.039343,,,/home2/ihernand/Desktop/reach/results/26-07-10_i500/bootstrap_diagnostics_run_000/bootstrap_257_ldd_inputs.csv,1,84,16,1,87,87,0,22,87,2026-07-13 05:52:57.792587,OK,/home2/ihernand/Desktop/reach/results/26-07-10_i500/bootstrap_diagnostics_run_000/bootstrap_257_traceback.txt,/home2/ihernand/Desktop/reach/results/26-07-10_i500/bootstrap_diagnostics_run_000/bootstrap_257_log.txt,/home2/ihernand/Desktop/reach/results/26-07-10_i500/bootstrap_diagnostics_run_000/visibility_plots/bootstrap_visibility_257_summary.csv,/home2/ihernand/Desktop/reach/results/26-07-10_i500/bootstrap_diagnostics_run_000/visibility_plots/bootstrap_visibility_257.pdf
258,350.855006,2026-07-13 06:04:39.894568,,,/home2/ihernand/Desktop/reach/results/26-07-10_i500/bootstrap_diagnostics_run_000/bootstrap_258_ldd_inputs.csv,1,84,16,1,87,87,0,22,87,2026-07-13 05:58:49.039562,OK,/home2/ihernand/Desktop/reach/results/26-07-10_i500/bootstrap_diagnostics_run_000/bootstrap_258_traceback.txt,/home2/ihernand/Desktop/reach/results/26-07-10_i500/bootstrap_diagnostics_run_000/bootstrap_258_log.txt,/home2/ihernand/Desktop/reach/results/26-07-10_i500/bootstrap_diagnostics_run_000/visibility_plots/bootstrap_visibility_258_summary.csv,/home2/ihernand/Desktop/reach/results/26-07-10_i500/bootstrap_diagnostics_run_000/visibility_plots/bootstrap_visibility_258.pdf
259,352.178956,2026-07-13 06:10:32.073755,,,/home2/ihernand/Desktop/reach/results/26-07-10_i500/bootstrap_diagnostics_run_000/bootstrap_259_ldd_inputs.csv,1,84,16,1,87,87,0,22,87,2026-07-13 06:04:39.894799,OK,/home2/ihernand/Desktop/reach/results/26-07-10_i500/bootstrap_diagnostics_run_000/bootstrap_259_traceback.txt,/home2/ihernand/Desktop/reach/results/26-07-10_i500/bootstrap_diagnostics_run_000/bootstrap_259_log.txt,/home2/ihernand/Desktop/reach/results/26-07-10_i500/bootstrap_diagnostics_run_000/visibility_plots/bootstrap_visibility_259_summary.csv,/home2/ihernand/Desktop/reach/results/26-07-10_i500/bootstrap_diagnostics_run_000/visibility_plots/bootstrap_visibility_259.pdf
260,351.337855,2026-07-13 06:16:23.411820,,,/home2/ihernand/Desktop/reach/results/26-07-10_i500/bootstrap_diagnostics_run_000/bootstrap_260_ldd_inputs.csv,1,84,16,1,87,87,0,22,87,2026-07-13 06:10:32.073965,OK,/home2/ihernand/Desktop/reach/results/26-07-10_i500/bootstrap_diagnostics_run_000/bootstrap_260_traceback.txt,/home2/ihernand/Desktop/reach/results/26-07-10_i500/bootstrap_diagnostics_run_000/bootstrap_260_log.txt,/home2/ihernand/Desktop/reach/results/26-07-10_i500/bootstrap_diagnostics_run_000/visibility_plots/bootstrap_visibility_260_summary.csv,/home2/ihernand/Desktop/reach/results/26-07-10_i500/bootstrap_diagnostics_run_000/visibility_plots/bootstrap_visibility_260.pdf
261,352.153664,2026-07-13 06:22:15.565731,,,/home2/ihernand/Desktop/reach/results/26-07-10_i500/bootstrap_diagnostics_run_000/bootstrap_261_ldd_inputs.csv,1,84,16,1,87,87,0,22,87,2026-07-13 06:16:23.412067,OK,/home2/ihernand/Desktop/reach/results/26-07-10_i500/bootstrap_diagnostics_run_000/bootstrap_261_traceback.txt,/home2/ihernand/Desktop/reach/results/26-07-10_i500/bootstrap_diagnostics_run_000/bootstrap_261_log.txt,/home2/ihernand/Desktop/reach/results/26-07-10_i500/bootstrap_diagnostics_run_000/visibility_plots/bootstrap_visibility_261_summary.csv,/home2/ihernand/Desktop/reach/results/26-07-10_i500/bootstrap_diagnostics_run_000/visibility_plots/bootstrap_visibility_261.pdf
262,352.703696,2026-07-13 06:28:08.269644,,,/home2/ihernand/Desktop/reach/results/26-07-10_i500/bootstrap_diagnostics_run_000/bootstrap_262_ldd_inputs.csv,1,84,16,1,87,87,0,22,87,2026-07-13 06:22:15.565948,OK,/home2/ihernand/Desktop/reach/results/26-07-10_i500/bootstrap_diagnostics_run_000/bootstrap_262_traceback.txt,/home2/ihernand/Desktop/reach/results/26-07-10_i500/bootstrap_diagnostics_run_000/bootstrap_262_log.txt,/home2/ihernand/Desktop/reach/results/26-07-10_i500/bootstrap_diagnostics_run_000/visibility_plots/bootstrap_visibility_262_summary.csv,/home2/ihernand/Desktop/reach/results/26-07-10_i500/bootstrap_diagnostics_run_000/visibility_plots/bootstrap_visibility_262.pdf
263,356.25185,2026-07-13 06:34:04.521724,,,/home2/ihernand/Desktop/reach/results/26-07-10_i500/bootstrap_diagnostics_run_000/bootstrap_263_ldd_inputs.csv,1,84,16,1,87,87,0,22,87,2026-07-13 06:28:08.269874,OK,/home2/ihernand/Desktop/reach/results/26-07-10_i500/bootstrap_diagnostics_run_000/bootstrap_263_traceback.txt,/home2/ihernand/Desktop/reach/results/26-07-10_i500/bootstrap_diagnostics_run_000/bootstrap_263_log.txt,/home2/ihernand/Desktop/reach/results/26-07-10_i500/bootstrap_diagnostics_run_000/visibility_plots/bootstrap_visibility_263_summary.csv,/home2/ihernand/Desktop/reach/results/26-07-10_i500/bootstrap_diagnostics_run_000/visibility_plots/bootstrap_visibility_263.pdf
264,353.422854,2026-07-13 06:39:57.944792,,,/home2/ihernand/Desktop/reach/results/26-07-10_i500/bootstrap_diagnostics_run_000/bootstrap_264_ldd_inputs.csv,1,84,16,1,87,87,0,22,87,2026-07-13 06:34:04.521938,OK,/home2/ihernand/Desktop/reach/results/26-07-10_i500/bootstrap_diagnostics_run_000/bootstrap_264_traceback.txt,/home2/ihernand/Desktop/reach/results/26-07-10_i500/bootstrap_diagnostics_run_000/bootstrap_264_log.txt,/home2/ihernand/Desktop/reach/results/26-07-10_i500/bootstrap_diagnostics_run_000/visibility_plots/bootstrap_visibility_264_summary.csv,/home2/ihernand/Desktop/reach/results/26-07-10_i500/bootstrap_diagnostics_run_000/visibility_plots/bootstrap_visibility_264.pdf
265,352.694952,2026-07-13 06:45:50.639941,,,/home2/ihernand/Desktop/reach/results/26-07-10_i500/bootstrap_diagnostics_run_000/bootstrap_265_ldd_inputs.csv,1,84,16,1,87,87,0,22,87,2026-07-13 06:39:57.944989,OK,/home2/ihernand/Desktop/reach/results/26-07-10_i500/bootstrap_diagnostics_run_000/bootstrap_265_traceback.txt,/home2/ihernand/Desktop/reach/results/26-07-10_i500/bootstrap_diagnostics_run_000/bootstrap_265_log.txt,/home2/ihernand/Desktop/reach/results/26-07-10_i500/bootstrap_diagnostics_run_000/visibility_plots/bootstrap_visibility_265_summary.csv,/home2/ihernand/Desktop/reach/results/26-07-10_i500/bootstrap_diagnostics_run_000/visibility_plots/bootstrap_visibility_265.pdf
266,353.44604,2026-07-13 06:51:44.086196,,,/home2/ihernand/Desktop/reach/results/26-07-10_i500/bootstrap_diagnostics_run_000/bootstrap_266_ldd_inputs.csv,1,84,16,1,87,87,0,22,87,2026-07-13 06:45:50.640156,OK,/home2/ihernand/Desktop/reach/results/26-07-10_i500/bootstrap_diagnostics_run_000/bootstrap_266_traceback.txt,/home2/ihernand/Desktop/reach/results/26-07-10_i500/bootstrap_diagnostics_run_000/bootstrap_266_log.txt,/home2/ihernand/Desktop/reach/results/26-07-10_i500/bootstrap_diagnostics_run_000/visibility_plots/bootstrap_visibility_266_summary.csv,/home2/ihernand/Desktop/reach/results/26-07-10_i500/bootstrap_diagnostics_run_000/visibility_plots/bootstrap_visibility_266.pdf
267,352.432599,2026-07-13 06:57:36.519016,,,/home2/ihernand/Desktop/reach/results/26-07-10_i500/bootstrap_diagnostics_run_000/bootstrap_267_ldd_inputs.csv,1,84,16,1,87,87,0,22,87,2026-07-13 06:51:44.086417,OK,/home2/ihernand/Desktop/reach/results/26-07-10_i500/bootstrap_diagnostics_run_000/bootstrap_267_traceback.txt,/home2/ihernand/Desktop/reach/results/26-07-10_i500/bootstrap_diagnostics_run_000/bootstrap_267_log.txt,/home2/ihernand/Desktop/reach/results/26-07-10_i500/bootstrap_diagnostics_run_000/visibility_plots/bootstrap_visibility_267_summary.csv,/home2/ihernand/Desktop/reach/results/26-07-10_i500/bootstrap_diagnostics_run_000/visibility_plots/bootstrap_visibility_267.pdf
268,351.785603,2026-07-13 07:03:28.304815,,,/home2/ihernand/Desktop/reach/results/26-07-10_i500/bootstrap_diagnostics_run_000/bootstrap_268_ldd_inputs.csv,1,84,16,1,87,87,0,22,87,2026-07-13 06:57:36.519212,OK,/home2/ihernand/Desktop/reach/results/26-07-10_i500/bootstrap_diagnostics_run_000/bootstrap_268_traceback.txt,/home2/ihernand/Desktop/reach/results/26-07-10_i500/bootstrap_diagnostics_run_000/bootstrap_268_log.txt,/home2/ihernand/Desktop/reach/results/26-07-10_i500/bootstrap_diagnostics_run_000/visibility_plots/bootstrap_visibility_268_summary.csv,/home2/ihernand/Desktop/reach/results/26-07-10_i500/bootstrap_diagnostics_run_000/visibility_plots/bootstrap_visibility_268.pdf
269,349.274179,2026-07-13 07:09:17.579205,,,/home2/ihernand/Desktop/reach/results/26-07-10_i500/bootstrap_diagnostics_run_000/bootstrap_269_ldd_inputs.csv,1,84,16,1,87,87,0,22,87,2026-07-13 07:03:28.305026,OK,/home2/ihernand/Desktop/reach/results/26-07-10_i500/bootstrap_diagnostics_run_000/bootstrap_269_traceback.txt,/home2/ihernand/Desktop/reach/results/26-07-10_i500/bootstrap_diagnostics_run_000/bootstrap_269_log.txt,/home2/ihernand/Desktop/reach/results/26-07-10_i500/bootstrap_diagnostics_run_000/visibility_plots/bootstrap_visibility_269_summary.csv,/home2/ihernand/Desktop/reach/results/26-07-10_i500/bootstrap_diagnostics_run_000/visibility_plots/bootstrap_visibility_269.pdf
270,351.249459,2026-07-13 07:15:08.828868,,,/home2/ihernand/Desktop/reach/results/26-07-10_i500/bootstrap_diagnostics_run_000/bootstrap_270_ldd_inputs.csv,1,84,16,1,87,87,0,22,87,2026-07-13 07:09:17.579409,OK,/home2/ihernand/Desktop/reach/results/26-07-10_i500/bootstrap_diagnostics_run_000/bootstrap_270_traceback.txt,/home2/ihernand/Desktop/reach/results/26-07-10_i500/bootstrap_diagnostics_run_000/bootstrap_270_log.txt,/home2/ihernand/Desktop/reach/results/26-07-10_i500/bootstrap_diagnostics_run_000/visibility_plots/bootstrap_visibility_270_summary.csv,/home2/ihernand/Desktop/reach/results/26-07-10_i500/bootstrap_diagnostics_run_000/visibility_plots/bootstrap_visibility_270.pdf
271,349.992781,2026-07-13 07:20:58.821861,,,/home2/ihernand/Desktop/reach/results/26-07-10_i500/bootstrap_diagnostics_run_000/bootstrap_271_ldd_inputs.csv,1,84,16,1,87,87,0,22,87,2026-07-13 07:15:08.829080,OK,/home2/ihernand/Desktop/reach/results/26-07-10_i500/bootstrap_diagnostics_run_000/bootstrap_271_traceback.txt,/home2/ihernand/Desktop/reach/results/26-07-10_i500/bootstrap_diagnostics_run_000/bootstrap_271_log.txt,/home2/ihernand/Desktop/reach/results/26-07-10_i500/bootstrap_diagnostics_run_000/visibility_plots/bootstrap_visibility_271_summary.csv,/home2/ihernand/Desktop/reach/results/26-07-10_i500/bootstrap_diagnostics_run_000/visibility_plots/bootstrap_visibility_271.pdf
272,350.905052,2026-07-13 07:26:49.727196,,,/home2/ihernand/Desktop/reach/results/26-07-10_i500/bootstrap_diagnostics_run_000/bootstrap_272_ldd_inputs.csv,1,84,16,1,87,87,0,22,87,2026-07-13 07:20:58.822144,OK,/home2/ihernand/Desktop/reach/results/26-07-10_i500/bootstrap_diagnostics_run_000/bootstrap_272_traceback.txt,/home2/ihernand/Desktop/reach/results/26-07-10_i500/bootstrap_diagnostics_run_000/bootstrap_272_log.txt,/home2/ihernand/Desktop/reach/results/26-07-10_i500/bootstrap_diagnostics_run_000/visibility_plots/bootstrap_visibility_272_summary.csv,/home2/ihernand/Desktop/reach/results/26-07-10_i500/bootstrap_diagnostics_run_000/visibility_plots/bootstrap_visibility_272.pdf
273,349.9774,2026-07-13 07:32:39.704797,,,/home2/ihernand/Desktop/reach/results/26-07-10_i500/bootstrap_diagnostics_run_000/bootstrap_273_ldd_inputs.csv,1,84,16,1,87,87,0,22,87,2026-07-13 07:26:49.727397,OK,/home2/ihernand/Desktop/reach/results/26-07-10_i500/bootstrap_diagnostics_run_000/bootstrap_273_traceback.txt,/home2/ihernand/Desktop/reach/results/26-07-10_i500/bootstrap_diagnostics_run_000/bootstrap_273_log.txt,/home2/ihernand/Desktop/reach/results/26-07-10_i500/bootstrap_diagnostics_run_000/visibility_plots/bootstrap_visibility_273_summary.csv,/home2/ihernand/Desktop/reach/results/26-07-10_i500/bootstrap_diagnostics_run_000/visibility_plots/bootstrap_visibility_273.pdf
274,351.542655,2026-07-13 07:38:31.247662,,,/home2/ihernand/Desktop/reach/results/26-07-10_i500/bootstrap_diagnostics_run_000/bootstrap_274_ldd_inputs.csv,1,84,16,1,87,87,0,22,87,2026-07-13 07:32:39.705007,OK,/home2/ihernand/Desktop/reach/results/26-07-10_i500/bootstrap_diagnostics_run_000/bootstrap_274_traceback.txt,/home2/ihernand/Desktop/reach/results/26-07-10_i500/bootstrap_diagnostics_run_000/bootstrap_274_log.txt,/home2/ihernand/Desktop/reach/results/26-07-10_i500/bootstrap_diagnostics_run_000/visibility_plots/bootstrap_visibility_274_summary.csv,/home2/ihernand/Desktop/reach/results/26-07-10_i500/bootstrap_diagnostics_run_000/visibility_plots/bootstrap_visibility_274.pdf
275,352.342765,2026-07-13 07:44:23.590635,,,/home2/ihernand/Desktop/reach/results/26-07-10_i500/bootstrap_diagnostics_run_000/bootstrap_275_ldd_inputs.csv,1,84,16,1,87,87,0,22,87,2026-07-13 07:38:31.247870,OK,/home2/ihernand/Desktop/reach/results/26-07-10_i500/bootstrap_diagnostics_run_000/bootstrap_275_traceback.txt,/home2/ihernand/Desktop/reach/results/26-07-10_i500/bootstrap_diagnostics_run_000/bootstrap_275_log.txt,/home2/ihernand/Desktop/reach/results/26-07-10_i500/bootstrap_diagnostics_run_000/visibility_plots/bootstrap_visibility_275_summary.csv,/home2/ihernand/Desktop/reach/results/26-07-10_i500/bootstrap_diagnostics_run_000/visibility_plots/bootstrap_visibility_275.pdf
276,351.630066,2026-07-13 07:50:15.220932,,,/home2/ihernand/Desktop/reach/results/26-07-10_i500/bootstrap_diagnostics_run_000/bootstrap_276_ldd_inputs.csv,1,84,16,1,87,87,0,22,87,2026-07-13 07:44:23.590866,OK,/home2/ihernand/Desktop/reach/results/26-07-10_i500/bootstrap_diagnostics_run_000/bootstrap_276_traceback.txt,/home2/ihernand/Desktop/reach/results/26-07-10_i500/bootstrap_diagnostics_run_000/bootstrap_276_log.txt,/home2/ihernand/Desktop/reach/results/26-07-10_i500/bootstrap_diagnostics_run_000/visibility_plots/bootstrap_visibility_276_summary.csv,/home2/ihernand/Desktop/reach/results/26-07-10_i500/bootstrap_diagnostics_run_000/visibility_plots/bootstrap_visibility_276.pdf
277,352.028519,2026-07-13 07:56:07.249685,,,/home2/ihernand/Desktop/reach/results/26-07-10_i500/bootstrap_diagnostics_run_000/bootstrap_277_ldd_inputs.csv,1,84,16,1,87,87,0,22,87,2026-07-13 07:50:15.221166,OK,/home2/ihernand/Desktop/reach/results/26-07-10_i500/bootstrap_diagnostics_run_000/bootstrap_277_traceback.txt,/home2/ihernand/Desktop/reach/results/26-07-10_i500/bootstrap_diagnostics_run_000/bootstrap_277_log.txt,/home2/ihernand/Desktop/reach/results/26-07-10_i500/bootstrap_diagnostics_run_000/visibility_plots/bootstrap_visibility_277_summary.csv,/home2/ihernand/Desktop/reach/results/26-07-10_i500/bootstrap_diagnostics_run_000/visibility_plots/bootstrap_visibility_277.pdf
278,351.520769,2026-07-13 08:01:58.770676,,,/home2/ihernand/Desktop/reach/results/26-07-10_i500/bootstrap_diagnostics_run_000/bootstrap_278_ldd_inputs.csv,1,84,16,1,87,87,0,22,87,2026-07-13 07:56:07.249907,OK,/home2/ihernand/Desktop/reach/results/26-07-10_i500/bootstrap_diagnostics_run_000/bootstrap_278_traceback.txt,/home2/ihernand/Desktop/reach/results/26-07-10_i500/bootstrap_diagnostics_run_000/bootstrap_278_log.txt,/home2/ihernand/Desktop/reach/results/26-07-10_i500/bootstrap_diagnostics_run_000/visibility_plots/bootstrap_visibility_278_summary.csv,/home2/ihernand/Desktop/reach/results/26-07-10_i500/bootstrap_diagnostics_run_000/visibility_plots/bootstrap_visibility_278.pdf
279,352.288386,2026-07-13 08:07:51.059255,,,/home2/ihernand/Desktop/reach/results/26-07-10_i500/bootstrap_diagnostics_run_000/bootstrap_279_ldd_inputs.csv,1,84,16,1,87,87,0,22,87,2026-07-13 08:01:58.770869,OK,/home2/ihernand/Desktop/reach/results/26-07-10_i500/bootstrap_diagnostics_run_000/bootstrap_279_traceback.txt,/home2/ihernand/Desktop/reach/results/26-07-10_i500/bootstrap_diagnostics_run_000/bootstrap_279_log.txt,/home2/ihernand/Desktop/reach/results/26-07-10_i500/bootstrap_diagnostics_run_000/visibility_plots/bootstrap_visibility_279_summary.csv,/home2/ihernand/Desktop/reach/results/26-07-10_i500/bootstrap_diagnostics_run_000/visibility_plots/bootstrap_visibility_279.pdf
280,351.248,2026-07-13 08:13:42.307499,,,/home2/ihernand/Desktop/reach/results/26-07-10_i500/bootstrap_diagnostics_run_000/bootstrap_280_ldd_inputs.csv,1,84,16,1,87,87,0,22,87,2026-07-13 08:07:51.059499,OK,/home2/ihernand/Desktop/reach/results/26-07-10_i500/bootstrap_diagnostics_run_000/bootstrap_280_traceback.txt,/home2/ihernand/Desktop/reach/results/26-07-10_i500/bootstrap_diagnostics_run_000/bootstrap_280_log.txt,/home2/ihernand/Desktop/reach/results/26-07-10_i500/bootstrap_diagnostics_run_000/visibility_plots/bootstrap_visibility_280_summary.csv,/home2/ihernand/Desktop/reach/results/26-07-10_i500/bootstrap_diagnostics_run_000/visibility_plots/bootstrap_visibility_280.pdf
281,352.237735,2026-07-13 08:19:34.545431,,,/home2/ihernand/Desktop/reach/results/26-07-10_i500/bootstrap_diagnostics_run_000/bootstrap_281_ldd_inputs.csv,1,84,16,1,87,87,0,22,87,2026-07-13 08:13:42.307696,OK,/home2/ihernand/Desktop/reach/results/26-07-10_i500/bootstrap_diagnostics_run_000/bootstrap_281_traceback.txt,/home2/ihernand/Desktop/reach/results/26-07-10_i500/bootstrap_diagnostics_run_000/bootstrap_281_log.txt,/home2/ihernand/Desktop/reach/results/26-07-10_i500/bootstrap_diagnostics_run_000/visibility_plots/bootstrap_visibility_281_summary.csv,/home2/ihernand/Desktop/reach/results/26-07-10_i500/bootstrap_diagnostics_run_000/visibility_plots/bootstrap_visibility_281.pdf
282,352.739949,2026-07-13 08:25:27.285596,,,/home2/ihernand/Desktop/reach/results/26-07-10_i500/bootstrap_diagnostics_run_000/bootstrap_282_ldd_inputs.csv,1,84,16,1,87,87,0,22,87,2026-07-13 08:19:34.545647,OK,/home2/ihernand/Desktop/reach/results/26-07-10_i500/bootstrap_diagnostics_run_000/bootstrap_282_traceback.txt,/home2/ihernand/Desktop/reach/results/26-07-10_i500/bootstrap_diagnostics_run_000/bootstrap_282_log.txt,/home2/ihernand/Desktop/reach/results/26-07-10_i500/bootstrap_diagnostics_run_000/visibility_plots/bootstrap_visibility_282_summary.csv,/home2/ihernand/Desktop/reach/results/26-07-10_i500/bootstrap_diagnostics_run_000/visibility_plots/bootstrap_visibility_282.pdf
283,350.360705,2026-07-13 08:31:17.646529,,,/home2/ihernand/Desktop/reach/results/26-07-10_i500/bootstrap_diagnostics_run_000/bootstrap_283_ldd_inputs.csv,1,84,16,1,87,87,0,22,87,2026-07-13 08:25:27.285824,OK,/home2/ihernand/Desktop/reach/results/26-07-10_i500/bootstrap_diagnostics_run_000/bootstrap_283_traceback.txt,/home2/ihernand/Desktop/reach/results/26-07-10_i500/bootstrap_diagnostics_run_000/bootstrap_283_log.txt,/home2/ihernand/Desktop/reach/results/26-07-10_i500/bootstrap_diagnostics_run_000/visibility_plots/bootstrap_visibility_283_summary.csv,/home2/ihernand/Desktop/reach/results/26-07-10_i500/bootstrap_diagnostics_run_000/visibility_plots/bootstrap_visibility_283.pdf
284,351.570089,2026-07-13 08:37:09.216841,,,/home2/ihernand/Desktop/reach/results/26-07-10_i500/bootstrap_diagnostics_run_000/bootstrap_284_ldd_inputs.csv,1,84,16,1,87,87,0,22,87,2026-07-13 08:31:17.646752,OK,/home2/ihernand/Desktop/reach/results/26-07-10_i500/bootstrap_diagnostics_run_000/bootstrap_284_traceback.txt,/home2/ihernand/Desktop/reach/results/26-07-10_i500/bootstrap_diagnostics_run_000/bootstrap_284_log.txt,/home2/ihernand/Desktop/reach/results/26-07-10_i500/bootstrap_diagnostics_run_000/visibility_plots/bootstrap_visibility_284_summary.csv,/home2/ihernand/Desktop/reach/results/26-07-10_i500/bootstrap_diagnostics_run_000/visibility_plots/bootstrap_visibility_284.pdf
285,350.683727,2026-07-13 08:42:59.900779,,,/home2/ihernand/Desktop/reach/results/26-07-10_i500/bootstrap_diagnostics_run_000/bootstrap_285_ldd_inputs.csv,1,84,16,1,87,87,0,22,87,2026-07-13 08:37:09.217052,OK,/home2/ihernand/Desktop/reach/results/26-07-10_i500/bootstrap_diagnostics_run_000/bootstrap_285_traceback.txt,/home2/ihernand/Desktop/reach/results/26-07-10_i500/bootstrap_diagnostics_run_000/bootstrap_285_log.txt,/home2/ihernand/Desktop/reach/results/26-07-10_i500/bootstrap_diagnostics_run_000/visibility_plots/bootstrap_visibility_285_summary.csv,/home2/ihernand/Desktop/reach/results/26-07-10_i500/bootstrap_diagnostics_run_000/visibility_plots/bootstrap_visibility_285.pdf
286,351.577998,2026-07-13 08:48:51.479009,,,/home2/ihernand/Desktop/reach/results/26-07-10_i500/bootstrap_diagnostics_run_000/bootstrap_286_ldd_inputs.csv,1,84,16,1,87,87,0,22,87,2026-07-13 08:42:59.901011,OK,/home2/ihernand/Desktop/reach/results/26-07-10_i500/bootstrap_diagnostics_run_000/bootstrap_286_traceback.txt,/home2/ihernand/Desktop/reach/results/26-07-10_i500/bootstrap_diagnostics_run_000/bootstrap_286_log.txt,/home2/ihernand/Desktop/reach/results/26-07-10_i500/bootstrap_diagnostics_run_000/visibility_plots/bootstrap_visibility_286_summary.csv,/home2/ihernand/Desktop/reach/results/26-07-10_i500/bootstrap_diagnostics_run_000/visibility_plots/bootstrap_visibility_286.pdf
287,351.214654,2026-07-13 08:54:42.693863,,,/home2/ihernand/Desktop/reach/results/26-07-10_i500/bootstrap_diagnostics_run_000/bootstrap_287_ldd_inputs.csv,1,84,16,1,87,87,0,22,87,2026-07-13 08:48:51.479209,OK,/home2/ihernand/Desktop/reach/results/26-07-10_i500/bootstrap_diagnostics_run_000/bootstrap_287_traceback.txt,/home2/ihernand/Desktop/reach/results/26-07-10_i500/bootstrap_diagnostics_run_000/bootstrap_287_log.txt,/home2/ihernand/Desktop/reach/results/26-07-10_i500/bootstrap_diagnostics_run_000/visibility_plots/bootstrap_visibility_287_summary.csv,/home2/ihernand/Desktop/reach/results/26-07-10_i500/bootstrap_diagnostics_run_000/visibility_plots/bootstrap_visibility_287.pdf
288,350.580804,2026-07-13 09:00:33.274863,,,/home2/ihernand/Desktop/reach/results/26-07-10_i500/bootstrap_diagnostics_run_000/bootstrap_288_ldd_inputs.csv,1,84,16,1,87,87,0,22,87,2026-07-13 08:54:42.694059,OK,/home2/ihernand/Desktop/reach/results/26-07-10_i500/bootstrap_diagnostics_run_000/bootstrap_288_traceback.txt,/home2/ihernand/Desktop/reach/results/26-07-10_i500/bootstrap_diagnostics_run_000/bootstrap_288_log.txt,/home2/ihernand/Desktop/reach/results/26-07-10_i500/bootstrap_diagnostics_run_000/visibility_plots/bootstrap_visibility_288_summary.csv,/home2/ihernand/Desktop/reach/results/26-07-10_i500/bootstrap_diagnostics_run_000/visibility_plots/bootstrap_visibility_288.pdf
289,353.1442,2026-07-13 09:06:26.419276,,,/home2/ihernand/Desktop/reach/results/26-07-10_i500/bootstrap_diagnostics_run_000/bootstrap_289_ldd_inputs.csv,1,84,16,1,87,87,0,22,87,2026-07-13 09:00:33.275076,OK,/home2/ihernand/Desktop/reach/results/26-07-10_i500/bootstrap_diagnostics_run_000/bootstrap_289_traceback.txt,/home2/ihernand/Desktop/reach/results/26-07-10_i500/bootstrap_diagnostics_run_000/bootstrap_289_log.txt,/home2/ihernand/Desktop/reach/results/26-07-10_i500/bootstrap_diagnostics_run_000/visibility_plots/bootstrap_visibility_289_summary.csv,/home2/ihernand/Desktop/reach/results/26-07-10_i500/bootstrap_diagnostics_run_000/visibility_plots/bootstrap_visibility_289.pdf
290,351.173142,2026-07-13 09:12:17.592613,,,/home2/ihernand/Desktop/reach/results/26-07-10_i500/bootstrap_diagnostics_run_000/bootstrap_290_ldd_inputs.csv,1,84,16,1,87,87,0,22,87,2026-07-13 09:06:26.419471,OK,/home2/ihernand/Desktop/reach/results/26-07-10_i500/bootstrap_diagnostics_run_000/bootstrap_290_traceback.txt,/home2/ihernand/Desktop/reach/results/26-07-10_i500/bootstrap_diagnostics_run_000/bootstrap_290_log.txt,/home2/ihernand/Desktop/reach/results/26-07-10_i500/bootstrap_diagnostics_run_000/visibility_plots/bootstrap_visibility_290_summary.csv,/home2/ihernand/Desktop/reach/results/26-07-10_i500/bootstrap_diagnostics_run_000/visibility_plots/bootstrap_visibility_290.pdf
291,350.169894,2026-07-13 09:18:07.762708,,,/home2/ihernand/Desktop/reach/results/26-07-10_i500/bootstrap_diagnostics_run_000/bootstrap_291_ldd_inputs.csv,1,84,16,1,87,87,0,22,87,2026-07-13 09:12:17.592814,OK,/home2/ihernand/Desktop/reach/results/26-07-10_i500/bootstrap_diagnostics_run_000/bootstrap_291_traceback.txt,/home2/ihernand/Desktop/reach/results/26-07-10_i500/bootstrap_diagnostics_run_000/bootstrap_291_log.txt,/home2/ihernand/Desktop/reach/results/26-07-10_i500/bootstrap_diagnostics_run_000/visibility_plots/bootstrap_visibility_291_summary.csv,/home2/ihernand/Desktop/reach/results/26-07-10_i500/bootstrap_diagnostics_run_000/visibility_plots/bootstrap_visibility_291.pdf
292,350.530934,2026-07-13 09:23:58.293840,,,/home2/ihernand/Desktop/reach/results/26-07-10_i500/bootstrap_diagnostics_run_000/bootstrap_292_ldd_inputs.csv,1,84,16,1,87,87,0,22,87,2026-07-13 09:18:07.762906,OK,/home2/ihernand/Desktop/reach/results/26-07-10_i500/bootstrap_diagnostics_run_000/bootstrap_292_traceback.txt,/home2/ihernand/Desktop/reach/results/26-07-10_i500/bootstrap_diagnostics_run_000/bootstrap_292_log.txt,/home2/ihernand/Desktop/reach/results/26-07-10_i500/bootstrap_diagnostics_run_000/visibility_plots/bootstrap_visibility_292_summary.csv,/home2/ihernand/Desktop/reach/results/26-07-10_i500/bootstrap_diagnostics_run_000/visibility_plots/bootstrap_visibility_292.pdf
293,350.978953,2026-07-13 09:29:49.273022,,,/home2/ihernand/Desktop/reach/results/26-07-10_i500/bootstrap_diagnostics_run_000/bootstrap_293_ldd_inputs.csv,1,84,16,1,87,87,0,22,87,2026-07-13 09:23:58.294069,OK,/home2/ihernand/Desktop/reach/results/26-07-10_i500/bootstrap_diagnostics_run_000/bootstrap_293_traceback.txt,/home2/ihernand/Desktop/reach/results/26-07-10_i500/bootstrap_diagnostics_run_000/bootstrap_293_log.txt,/home2/ihernand/Desktop/reach/results/26-07-10_i500/bootstrap_diagnostics_run_000/visibility_plots/bootstrap_visibility_293_summary.csv,/home2/ihernand/Desktop/reach/results/26-07-10_i500/bootstrap_diagnostics_run_000/visibility_plots/bootstrap_visibility_293.pdf
294,352.218006,2026-07-13 09:35:41.491300,,,/home2/ihernand/Desktop/reach/results/26-07-10_i500/bootstrap_diagnostics_run_000/bootstrap_294_ldd_inputs.csv,1,84,16,1,87,87,0,22,87,2026-07-13 09:29:49.273294,OK,/home2/ihernand/Desktop/reach/results/26-07-10_i500/bootstrap_diagnostics_run_000/bootstrap_294_traceback.txt,/home2/ihernand/Desktop/reach/results/26-07-10_i500/bootstrap_diagnostics_run_000/bootstrap_294_log.txt,/home2/ihernand/Desktop/reach/results/26-07-10_i500/bootstrap_diagnostics_run_000/visibility_plots/bootstrap_visibility_294_summary.csv,/home2/ihernand/Desktop/reach/results/26-07-10_i500/bootstrap_diagnostics_run_000/visibility_plots/bootstrap_visibility_294.pdf
295,351.805245,2026-07-13 09:41:33.296788,,,/home2/ihernand/Desktop/reach/results/26-07-10_i500/bootstrap_diagnostics_run_000/bootstrap_295_ldd_inputs.csv,1,84,16,1,87,87,0,22,87,2026-07-13 09:35:41.491543,OK,/home2/ihernand/Desktop/reach/results/26-07-10_i500/bootstrap_diagnostics_run_000/bootstrap_295_traceback.txt,/home2/ihernand/Desktop/reach/results/26-07-10_i500/bootstrap_diagnostics_run_000/bootstrap_295_log.txt,/home2/ihernand/Desktop/reach/results/26-07-10_i500/bootstrap_diagnostics_run_000/visibility_plots/bootstrap_visibility_295_summary.csv,/home2/ihernand/Desktop/reach/results/26-07-10_i500/bootstrap_diagnostics_run_000/visibility_plots/bootstrap_visibility_295.pdf
296,351.434232,2026-07-13 09:47:24.731250,,,/home2/ihernand/Desktop/reach/results/26-07-10_i500/bootstrap_diagnostics_run_000/bootstrap_296_ldd_inputs.csv,1,84,16,1,87,87,0,22,87,2026-07-13 09:41:33.297018,OK,/home2/ihernand/Desktop/reach/results/26-07-10_i500/bootstrap_diagnostics_run_000/bootstrap_296_traceback.txt,/home2/ihernand/Desktop/reach/results/26-07-10_i500/bootstrap_diagnostics_run_000/bootstrap_296_log.txt,/home2/ihernand/Desktop/reach/results/26-07-10_i500/bootstrap_diagnostics_run_000/visibility_plots/bootstrap_visibility_296_summary.csv,/home2/ihernand/Desktop/reach/results/26-07-10_i500/bootstrap_diagnostics_run_000/visibility_plots/bootstrap_visibility_296.pdf
297,351.538976,2026-07-13 09:53:16.270435,,,/home2/ihernand/Desktop/reach/results/26-07-10_i500/bootstrap_diagnostics_run_000/bootstrap_297_ldd_inputs.csv,1,84,16,1,87,87,0,22,87,2026-07-13 09:47:24.731459,OK,/home2/ihernand/Desktop/reach/results/26-07-10_i500/bootstrap_diagnostics_run_000/bootstrap_297_traceback.txt,/home2/ihernand/Desktop/reach/results/26-07-10_i500/bootstrap_diagnostics_run_000/bootstrap_297_log.txt,/home2/ihernand/Desktop/reach/results/26-07-10_i500/bootstrap_diagnostics_run_000/visibility_plots/bootstrap_visibility_297_summary.csv,/home2/ihernand/Desktop/reach/results/26-07-10_i500/bootstrap_diagnostics_run_000/visibility_plots/bootstrap_visibility_297.pdf
298,351.613356,2026-07-13 09:59:07.884002,,,/home2/ihernand/Desktop/reach/results/26-07-10_i500/bootstrap_diagnostics_run_000/bootstrap_298_ldd_inputs.csv,1,84,16,1,87,87,0,22,87,2026-07-13 09:53:16.270646,OK,/home2/ihernand/Desktop/reach/results/26-07-10_i500/bootstrap_diagnostics_run_000/bootstrap_298_traceback.txt,/home2/ihernand/Desktop/reach/results/26-07-10_i500/bootstrap_diagnostics_run_000/bootstrap_298_log.txt,/home2/ihernand/Desktop/reach/results/26-07-10_i500/bootstrap_diagnostics_run_000/visibility_plots/bootstrap_visibility_298_summary.csv,/home2/ihernand/Desktop/reach/results/26-07-10_i500/bootstrap_diagnostics_run_000/visibility_plots/bootstrap_visibility_298.pdf
299,351.733499,2026-07-13 10:04:59.617701,,,/home2/ihernand/Desktop/reach/results/26-07-10_i500/bootstrap_diagnostics_run_000/bootstrap_299_ldd_inputs.csv,1,84,16,1,87,87,0,22,87,2026-07-13 09:59:07.884202,OK,/home2/ihernand/Desktop/reach/results/26-07-10_i500/bootstrap_diagnostics_run_000/bootstrap_299_traceback.txt,/home2/ihernand/Desktop/reach/results/26-07-10_i500/bootstrap_diagnostics_run_000/bootstrap_299_log.txt,/home2/ihernand/Desktop/reach/results/26-07-10_i500/bootstrap_diagnostics_run_000/visibility_plots/bootstrap_visibility_299_summary.csv,/home2/ihernand/Desktop/reach/results/26-07-10_i500/bootstrap_diagnostics_run_000/visibility_plots/bootstrap_visibility_299.pdf
300,351.567735,2026-07-13 10:10:51.185662,,,/home2/ihernand/Desktop/reach/results/26-07-10_i500/bootstrap_diagnostics_run_000/bootstrap_300_ldd_inputs.csv,1,84,16,1,87,87,0,22,87,2026-07-13 10:04:59.617927,OK,/home2/ihernand/Desktop/reach/results/26-07-10_i500/bootstrap_diagnostics_run_000/bootstrap_300_traceback.txt,/home2/ihernand/Desktop/reach/results/26-07-10_i500/bootstrap_diagnostics_run_000/bootstrap_300_log.txt,/home2/ihernand/Desktop/reach/results/26-07-10_i500/bootstrap_diagnostics_run_000/visibility_plots/bootstrap_visibility_300_summary.csv,/home2/ihernand/Desktop/reach/results/26-07-10_i500/bootstrap_diagnostics_run_000/visibility_plots/bootstrap_visibility_300.pdf
301,351.560699,2026-07-13 10:16:42.746573,,,/home2/ihernand/Desktop/reach/results/26-07-10_i500/bootstrap_diagnostics_run_000/bootstrap_301_ldd_inputs.csv,1,84,16,1,87,87,0,22,87,2026-07-13 10:10:51.185874,OK,/home2/ihernand/Desktop/reach/results/26-07-10_i500/bootstrap_diagnostics_run_000/bootstrap_301_traceback.txt,/home2/ihernand/Desktop/reach/results/26-07-10_i500/bootstrap_diagnostics_run_000/bootstrap_301_log.txt,/home2/ihernand/Desktop/reach/results/26-07-10_i500/bootstrap_diagnostics_run_000/visibility_plots/bootstrap_visibility_301_summary.csv,/home2/ihernand/Desktop/reach/results/26-07-10_i500/bootstrap_diagnostics_run_000/visibility_plots/bootstrap_visibility_301.pdf
302,351.811265,2026-07-13 10:22:34.558054,,,/home2/ihernand/Desktop/reach/results/26-07-10_i500/bootstrap_diagnostics_run_000/bootstrap_302_ldd_inputs.csv,1,84,16,1,87,87,0,22,87,2026-07-13 10:16:42.746789,OK,/home2/ihernand/Desktop/reach/results/26-07-10_i500/bootstrap_diagnostics_run_000/bootstrap_302_traceback.txt,/home2/ihernand/Desktop/reach/results/26-07-10_i500/bootstrap_diagnostics_run_000/bootstrap_302_log.txt,/home2/ihernand/Desktop/reach/results/26-07-10_i500/bootstrap_diagnostics_run_000/visibility_plots/bootstrap_visibility_302_summary.csv,/home2/ihernand/Desktop/reach/results/26-07-10_i500/bootstrap_diagnostics_run_000/visibility_plots/bootstrap_visibility_302.pdf
303,351.830334,2026-07-13 10:28:26.388623,,,/home2/ihernand/Desktop/reach/results/26-07-10_i500/bootstrap_diagnostics_run_000/bootstrap_303_ldd_inputs.csv,1,84,16,1,87,87,0,22,87,2026-07-13 10:22:34.558289,OK,/home2/ihernand/Desktop/reach/results/26-07-10_i500/bootstrap_diagnostics_run_000/bootstrap_303_traceback.txt,/home2/ihernand/Desktop/reach/results/26-07-10_i500/bootstrap_diagnostics_run_000/bootstrap_303_log.txt,/home2/ihernand/Desktop/reach/results/26-07-10_i500/bootstrap_diagnostics_run_000/visibility_plots/bootstrap_visibility_303_summary.csv,/home2/ihernand/Desktop/reach/results/26-07-10_i500/bootstrap_diagnostics_run_000/visibility_plots/bootstrap_visibility_303.pdf
304,352.656172,2026-07-13 10:34:19.045028,,,/home2/ihernand/Desktop/reach/results/26-07-10_i500/bootstrap_diagnostics_run_000/bootstrap_304_ldd_inputs.csv,1,84,16,1,87,87,0,22,87,2026-07-13 10:28:26.388856,OK,/home2/ihernand/Desktop/reach/results/26-07-10_i500/bootstrap_diagnostics_run_000/bootstrap_304_traceback.txt,/home2/ihernand/Desktop/reach/results/26-07-10_i500/bootstrap_diagnostics_run_000/bootstrap_304_log.txt,/home2/ihernand/Desktop/reach/results/26-07-10_i500/bootstrap_diagnostics_run_000/visibility_plots/bootstrap_visibility_304_summary.csv,/home2/ihernand/Desktop/reach/results/26-07-10_i500/bootstrap_diagnostics_run_000/visibility_plots/bootstrap_visibility_304.pdf
305,351.793069,2026-07-13 10:40:10.838308,,,/home2/ihernand/Desktop/reach/results/26-07-10_i500/bootstrap_diagnostics_run_000/bootstrap_305_ldd_inputs.csv,1,84,16,1,87,87,0,22,87,2026-07-13 10:34:19.045239,OK,/home2/ihernand/Desktop/reach/results/26-07-10_i500/bootstrap_diagnostics_run_000/bootstrap_305_traceback.txt,/home2/ihernand/Desktop/reach/results/26-07-10_i500/bootstrap_diagnostics_run_000/bootstrap_305_log.txt,/home2/ihernand/Desktop/reach/results/26-07-10_i500/bootstrap_diagnostics_run_000/visibility_plots/bootstrap_visibility_305_summary.csv,/home2/ihernand/Desktop/reach/results/26-07-10_i500/bootstrap_diagnostics_run_000/visibility_plots/bootstrap_visibility_305.pdf
306,350.882701,2026-07-13 10:46:01.721243,,,/home2/ihernand/Desktop/reach/results/26-07-10_i500/bootstrap_diagnostics_run_000/bootstrap_306_ldd_inputs.csv,1,84,16,1,87,87,0,22,87,2026-07-13 10:40:10.838542,OK,/home2/ihernand/Desktop/reach/results/26-07-10_i500/bootstrap_diagnostics_run_000/bootstrap_306_traceback.txt,/home2/ihernand/Desktop/reach/results/26-07-10_i500/bootstrap_diagnostics_run_000/bootstrap_306_log.txt,/home2/ihernand/Desktop/reach/results/26-07-10_i500/bootstrap_diagnostics_run_000/visibility_plots/bootstrap_visibility_306_summary.csv,/home2/ihernand/Desktop/reach/results/26-07-10_i500/bootstrap_diagnostics_run_000/visibility_plots/bootstrap_visibility_306.pdf
307,351.878511,2026-07-13 10:51:53.599996,,,/home2/ihernand/Desktop/reach/results/26-07-10_i500/bootstrap_diagnostics_run_000/bootstrap_307_ldd_inputs.csv,1,84,16,1,87,87,0,22,87,2026-07-13 10:46:01.721485,OK,/home2/ihernand/Desktop/reach/results/26-07-10_i500/bootstrap_diagnostics_run_000/bootstrap_307_traceback.txt,/home2/ihernand/Desktop/reach/results/26-07-10_i500/bootstrap_diagnostics_run_000/bootstrap_307_log.txt,/home2/ihernand/Desktop/reach/results/26-07-10_i500/bootstrap_diagnostics_run_000/visibility_plots/bootstrap_visibility_307_summary.csv,/home2/ihernand/Desktop/reach/results/26-07-10_i500/bootstrap_diagnostics_run_000/visibility_plots/bootstrap_visibility_307.pdf
308,352.853502,2026-07-13 10:57:46.453703,,,/home2/ihernand/Desktop/reach/results/26-07-10_i500/bootstrap_diagnostics_run_000/bootstrap_308_ldd_inputs.csv,1,84,16,1,87,87,0,22,87,2026-07-13 10:51:53.600201,OK,/home2/ihernand/Desktop/reach/results/26-07-10_i500/bootstrap_diagnostics_run_000/bootstrap_308_traceback.txt,/home2/ihernand/Desktop/reach/results/26-07-10_i500/bootstrap_diagnostics_run_000/bootstrap_308_log.txt,/home2/ihernand/Desktop/reach/results/26-07-10_i500/bootstrap_diagnostics_run_000/visibility_plots/bootstrap_visibility_308_summary.csv,/home2/ihernand/Desktop/reach/results/26-07-10_i500/bootstrap_diagnostics_run_000/visibility_plots/bootstrap_visibility_308.pdf
309,352.528122,2026-07-13 11:03:38.982041,,,/home2/ihernand/Desktop/reach/results/26-07-10_i500/bootstrap_diagnostics_run_000/bootstrap_309_ldd_inputs.csv,1,84,16,1,87,87,0,22,87,2026-07-13 10:57:46.453919,OK,/home2/ihernand/Desktop/reach/results/26-07-10_i500/bootstrap_diagnostics_run_000/bootstrap_309_traceback.txt,/home2/ihernand/Desktop/reach/results/26-07-10_i500/bootstrap_diagnostics_run_000/bootstrap_309_log.txt,/home2/ihernand/Desktop/reach/results/26-07-10_i500/bootstrap_diagnostics_run_000/visibility_plots/bootstrap_visibility_309_summary.csv,/home2/ihernand/Desktop/reach/results/26-07-10_i500/bootstrap_diagnostics_run_000/visibility_plots/bootstrap_visibility_309.pdf
310,352.260186,2026-07-13 11:09:31.242439,,,/home2/ihernand/Desktop/reach/results/26-07-10_i500/bootstrap_diagnostics_run_000/bootstrap_310_ldd_inputs.csv,1,84,16,1,87,87,0,22,87,2026-07-13 11:03:38.982253,OK,/home2/ihernand/Desktop/reach/results/26-07-10_i500/bootstrap_diagnostics_run_000/bootstrap_310_traceback.txt,/home2/ihernand/Desktop/reach/results/26-07-10_i500/bootstrap_diagnostics_run_000/bootstrap_310_log.txt,/home2/ihernand/Desktop/reach/results/26-07-10_i500/bootstrap_diagnostics_run_000/visibility_plots/bootstrap_visibility_310_summary.csv,/home2/ihernand/Desktop/reach/results/26-07-10_i500/bootstrap_diagnostics_run_000/visibility_plots/bootstrap_visibility_310.pdf
311,350.98369,2026-07-13 11:15:22.226350,,,/home2/ihernand/Desktop/reach/results/26-07-10_i500/bootstrap_diagnostics_run_000/bootstrap_311_ldd_inputs.csv,1,84,16,1,87,87,0,22,87,2026-07-13 11:09:31.242660,OK,/home2/ihernand/Desktop/reach/results/26-07-10_i500/bootstrap_diagnostics_run_000/bootstrap_311_traceback.txt,/home2/ihernand/Desktop/reach/results/26-07-10_i500/bootstrap_diagnostics_run_000/bootstrap_311_log.txt,/home2/ihernand/Desktop/reach/results/26-07-10_i500/bootstrap_diagnostics_run_000/visibility_plots/bootstrap_visibility_311_summary.csv,/home2/ihernand/Desktop/reach/results/26-07-10_i500/bootstrap_diagnostics_run_000/visibility_plots/bootstrap_visibility_311.pdf
312,352.174275,2026-07-13 11:21:14.400880,,,/home2/ihernand/Desktop/reach/results/26-07-10_i500/bootstrap_diagnostics_run_000/bootstrap_312_ldd_inputs.csv,1,84,16,1,87,87,0,22,87,2026-07-13 11:15:22.226605,OK,/home2/ihernand/Desktop/reach/results/26-07-10_i500/bootstrap_diagnostics_run_000/bootstrap_312_traceback.txt,/home2/ihernand/Desktop/reach/results/26-07-10_i500/bootstrap_diagnostics_run_000/bootstrap_312_log.txt,/home2/ihernand/Desktop/reach/results/26-07-10_i500/bootstrap_diagnostics_run_000/visibility_plots/bootstrap_visibility_312_summary.csv,/home2/ihernand/Desktop/reach/results/26-07-10_i500/bootstrap_diagnostics_run_000/visibility_plots/bootstrap_visibility_312.pdf
313,351.074925,2026-07-13 11:27:05.476037,,,/home2/ihernand/Desktop/reach/results/26-07-10_i500/bootstrap_diagnostics_run_000/bootstrap_313_ldd_inputs.csv,1,84,16,1,87,87,0,22,87,2026-07-13 11:21:14.401112,OK,/home2/ihernand/Desktop/reach/results/26-07-10_i500/bootstrap_diagnostics_run_000/bootstrap_313_traceback.txt,/home2/ihernand/Desktop/reach/results/26-07-10_i500/bootstrap_diagnostics_run_000/bootstrap_313_log.txt,/home2/ihernand/Desktop/reach/results/26-07-10_i500/bootstrap_diagnostics_run_000/visibility_plots/bootstrap_visibility_313_summary.csv,/home2/ihernand/Desktop/reach/results/26-07-10_i500/bootstrap_diagnostics_run_000/visibility_plots/bootstrap_visibility_313.pdf
314,350.984989,2026-07-13 11:32:56.461221,,,/home2/ihernand/Desktop/reach/results/26-07-10_i500/bootstrap_diagnostics_run_000/bootstrap_314_ldd_inputs.csv,1,84,16,1,87,87,0,22,87,2026-07-13 11:27:05.476232,OK,/home2/ihernand/Desktop/reach/results/26-07-10_i500/bootstrap_diagnostics_run_000/bootstrap_314_traceback.txt,/home2/ihernand/Desktop/reach/results/26-07-10_i500/bootstrap_diagnostics_run_000/bootstrap_314_log.txt,/home2/ihernand/Desktop/reach/results/26-07-10_i500/bootstrap_diagnostics_run_000/visibility_plots/bootstrap_visibility_314_summary.csv,/home2/ihernand/Desktop/reach/results/26-07-10_i500/bootstrap_diagnostics_run_000/visibility_plots/bootstrap_visibility_314.pdf
315,349.993744,2026-07-13 11:38:46.455185,,,/home2/ihernand/Desktop/reach/results/26-07-10_i500/bootstrap_diagnostics_run_000/bootstrap_315_ldd_inputs.csv,1,84,16,1,87,87,0,22,87,2026-07-13 11:32:56.461441,OK,/home2/ihernand/Desktop/reach/results/26-07-10_i500/bootstrap_diagnostics_run_000/bootstrap_315_traceback.txt,/home2/ihernand/Desktop/reach/results/26-07-10_i500/bootstrap_diagnostics_run_000/bootstrap_315_log.txt,/home2/ihernand/Desktop/reach/results/26-07-10_i500/bootstrap_diagnostics_run_000/visibility_plots/bootstrap_visibility_315_summary.csv,/home2/ihernand/Desktop/reach/results/26-07-10_i500/bootstrap_diagnostics_run_000/visibility_plots/bootstrap_visibility_315.pdf
316,350.492275,2026-07-13 11:44:36.947719,,,/home2/ihernand/Desktop/reach/results/26-07-10_i500/bootstrap_diagnostics_run_000/bootstrap_316_ldd_inputs.csv,1,84,16,1,87,87,0,22,87,2026-07-13 11:38:46.455444,OK,/home2/ihernand/Desktop/reach/results/26-07-10_i500/bootstrap_diagnostics_run_000/bootstrap_316_traceback.txt,/home2/ihernand/Desktop/reach/results/26-07-10_i500/bootstrap_diagnostics_run_000/bootstrap_316_log.txt,/home2/ihernand/Desktop/reach/results/26-07-10_i500/bootstrap_diagnostics_run_000/visibility_plots/bootstrap_visibility_316_summary.csv,/home2/ihernand/Desktop/reach/results/26-07-10_i500/bootstrap_diagnostics_run_000/visibility_plots/bootstrap_visibility_316.pdf
317,352.452182,2026-07-13 11:50:29.400130,,,/home2/ihernand/Desktop/reach/results/26-07-10_i500/bootstrap_diagnostics_run_000/bootstrap_317_ldd_inputs.csv,1,84,16,1,87,87,0,22,87,2026-07-13 11:44:36.947948,OK,/home2/ihernand/Desktop/reach/results/26-07-10_i500/bootstrap_diagnostics_run_000/bootstrap_317_traceback.txt,/home2/ihernand/Desktop/reach/results/26-07-10_i500/bootstrap_diagnostics_run_000/bootstrap_317_log.txt,/home2/ihernand/Desktop/reach/results/26-07-10_i500/bootstrap_diagnostics_run_000/visibility_plots/bootstrap_visibility_317_summary.csv,/home2/ihernand/Desktop/reach/results/26-07-10_i500/bootstrap_diagnostics_run_000/visibility_plots/bootstrap_visibility_317.pdf
318,351.000719,2026-07-13 11:56:20.401046,,,/home2/ihernand/Desktop/reach/results/26-07-10_i500/bootstrap_diagnostics_run_000/bootstrap_318_ldd_inputs.csv,1,84,16,1,87,87,0,22,87,2026-07-13 11:50:29.400327,OK,/home2/ihernand/Desktop/reach/results/26-07-10_i500/bootstrap_diagnostics_run_000/bootstrap_318_traceback.txt,/home2/ihernand/Desktop/reach/results/26-07-10_i500/bootstrap_diagnostics_run_000/bootstrap_318_log.txt,/home2/ihernand/Desktop/reach/results/26-07-10_i500/bootstrap_diagnostics_run_000/visibility_plots/bootstrap_visibility_318_summary.csv,/home2/ihernand/Desktop/reach/results/26-07-10_i500/bootstrap_diagnostics_run_000/visibility_plots/bootstrap_visibility_318.pdf
319,351.216822,2026-07-13 12:02:11.618088,,,/home2/ihernand/Desktop/reach/results/26-07-10_i500/bootstrap_diagnostics_run_000/bootstrap_319_ldd_inputs.csv,1,84,16,1,87,87,0,22,87,2026-07-13 11:56:20.401266,OK,/home2/ihernand/Desktop/reach/results/26-07-10_i500/bootstrap_diagnostics_run_000/bootstrap_319_traceback.txt,/home2/ihernand/Desktop/reach/results/26-07-10_i500/bootstrap_diagnostics_run_000/bootstrap_319_log.txt,/home2/ihernand/Desktop/reach/results/26-07-10_i500/bootstrap_diagnostics_run_000/visibility_plots/bootstrap_visibility_319_summary.csv,/home2/ihernand/Desktop/reach/results/26-07-10_i500/bootstrap_diagnostics_run_000/visibility_plots/bootstrap_visibility_319.pdf
320,351.152577,2026-07-13 12:08:02.770901,,,/home2/ihernand/Desktop/reach/results/26-07-10_i500/bootstrap_diagnostics_run_000/bootstrap_320_ldd_inputs.csv,1,84,16,1,87,87,0,22,87,2026-07-13 12:02:11.618324,OK,/home2/ihernand/Desktop/reach/results/26-07-10_i500/bootstrap_diagnostics_run_000/bootstrap_320_traceback.txt,/home2/ihernand/Desktop/reach/results/26-07-10_i500/bootstrap_diagnostics_run_000/bootstrap_320_log.txt,/home2/ihernand/Desktop/reach/results/26-07-10_i500/bootstrap_diagnostics_run_000/visibility_plots/bootstrap_visibility_320_summary.csv,/home2/ihernand/Desktop/reach/results/26-07-10_i500/bootstrap_diagnostics_run_000/visibility_plots/bootstrap_visibility_320.pdf
321,351.753305,2026-07-13 12:13:54.524417,,,/home2/ihernand/Desktop/reach/results/26-07-10_i500/bootstrap_diagnostics_run_000/bootstrap_321_ldd_inputs.csv,1,84,16,1,87,87,0,22,87,2026-07-13 12:08:02.771112,OK,/home2/ihernand/Desktop/reach/results/26-07-10_i500/bootstrap_diagnostics_run_000/bootstrap_321_traceback.txt,/home2/ihernand/Desktop/reach/results/26-07-10_i500/bootstrap_diagnostics_run_000/bootstrap_321_log.txt,/home2/ihernand/Desktop/reach/results/26-07-10_i500/bootstrap_diagnostics_run_000/visibility_plots/bootstrap_visibility_321_summary.csv,/home2/ihernand/Desktop/reach/results/26-07-10_i500/bootstrap_diagnostics_run_000/visibility_plots/bootstrap_visibility_321.pdf
322,351.985669,2026-07-13 12:19:46.510319,,,/home2/ihernand/Desktop/reach/results/26-07-10_i500/bootstrap_diagnostics_run_000/bootstrap_322_ldd_inputs.csv,1,84,16,1,87,87,0,22,87,2026-07-13 12:13:54.524650,OK,/home2/ihernand/Desktop/reach/results/26-07-10_i500/bootstrap_diagnostics_run_000/bootstrap_322_traceback.txt,/home2/ihernand/Desktop/reach/results/26-07-10_i500/bootstrap_diagnostics_run_000/bootstrap_322_log.txt,/home2/ihernand/Desktop/reach/results/26-07-10_i500/bootstrap_diagnostics_run_000/visibility_plots/bootstrap_visibility_322_summary.csv,/home2/ihernand/Desktop/reach/results/26-07-10_i500/bootstrap_diagnostics_run_000/visibility_plots/bootstrap_visibility_322.pdf
323,348.773631,2026-07-13 12:25:35.284166,,,/home2/ihernand/Desktop/reach/results/26-07-10_i500/bootstrap_diagnostics_run_000/bootstrap_323_ldd_inputs.csv,1,84,16,1,87,87,0,22,87,2026-07-13 12:19:46.510535,OK,/home2/ihernand/Desktop/reach/results/26-07-10_i500/bootstrap_diagnostics_run_000/bootstrap_323_traceback.txt,/home2/ihernand/Desktop/reach/results/26-07-10_i500/bootstrap_diagnostics_run_000/bootstrap_323_log.txt,/home2/ihernand/Desktop/reach/results/26-07-10_i500/bootstrap_diagnostics_run_000/visibility_plots/bootstrap_visibility_323_summary.csv,/home2/ihernand/Desktop/reach/results/26-07-10_i500/bootstrap_diagnostics_run_000/visibility_plots/bootstrap_visibility_323.pdf
324,351.811111,2026-07-13 12:31:27.095473,,,/home2/ihernand/Desktop/reach/results/26-07-10_i500/bootstrap_diagnostics_run_000/bootstrap_324_ldd_inputs.csv,1,84,16,1,87,87,0,22,87,2026-07-13 12:25:35.284362,OK,/home2/ihernand/Desktop/reach/results/26-07-10_i500/bootstrap_diagnostics_run_000/bootstrap_324_traceback.txt,/home2/ihernand/Desktop/reach/results/26-07-10_i500/bootstrap_diagnostics_run_000/bootstrap_324_log.txt,/home2/ihernand/Desktop/reach/results/26-07-10_i500/bootstrap_diagnostics_run_000/visibility_plots/bootstrap_visibility_324_summary.csv,/home2/ihernand/Desktop/reach/results/26-07-10_i500/bootstrap_diagnostics_run_000/visibility_plots/bootstrap_visibility_324.pdf
325,352.336522,2026-07-13 12:37:19.432215,,,/home2/ihernand/Desktop/reach/results/26-07-10_i500/bootstrap_diagnostics_run_000/bootstrap_325_ldd_inputs.csv,1,84,16,1,87,87,0,22,87,2026-07-13 12:31:27.095693,OK,/home2/ihernand/Desktop/reach/results/26-07-10_i500/bootstrap_diagnostics_run_000/bootstrap_325_traceback.txt,/home2/ihernand/Desktop/reach/results/26-07-10_i500/bootstrap_diagnostics_run_000/bootstrap_325_log.txt,/home2/ihernand/Desktop/reach/results/26-07-10_i500/bootstrap_diagnostics_run_000/visibility_plots/bootstrap_visibility_325_summary.csv,/home2/ihernand/Desktop/reach/results/26-07-10_i500/bootstrap_diagnostics_run_000/visibility_plots/bootstrap_visibility_325.pdf
326,351.276647,2026-07-13 12:43:10.709061,,,/home2/ihernand/Desktop/reach/results/26-07-10_i500/bootstrap_diagnostics_run_000/bootstrap_326_ldd_inputs.csv,1,84,16,1,87,87,0,22,87,2026-07-13 12:37:19.432414,OK,/home2/ihernand/Desktop/reach/results/26-07-10_i500/bootstrap_diagnostics_run_000/bootstrap_326_traceback.txt,/home2/ihernand/Desktop/reach/results/26-07-10_i500/bootstrap_diagnostics_run_000/bootstrap_326_log.txt,/home2/ihernand/Desktop/reach/results/26-07-10_i500/bootstrap_diagnostics_run_000/visibility_plots/bootstrap_visibility_326_summary.csv,/home2/ihernand/Desktop/reach/results/26-07-10_i500/bootstrap_diagnostics_run_000/visibility_plots/bootstrap_visibility_326.pdf
327,351.421048,2026-07-13 12:49:02.130318,,,/home2/ihernand/Desktop/reach/results/26-07-10_i500/bootstrap_diagnostics_run_000/bootstrap_327_ldd_inputs.csv,1,84,16,1,87,87,0,22,87,2026-07-13 12:43:10.709270,OK,/home2/ihernand/Desktop/reach/results/26-07-10_i500/bootstrap_diagnostics_run_000/bootstrap_327_traceback.txt,/home2/ihernand/Desktop/reach/results/26-07-10_i500/bootstrap_diagnostics_run_000/bootstrap_327_log.txt,/home2/ihernand/Desktop/reach/results/26-07-10_i500/bootstrap_diagnostics_run_000/visibility_plots/bootstrap_visibility_327_summary.csv,/home2/ihernand/Desktop/reach/results/26-07-10_i500/bootstrap_diagnostics_run_000/visibility_plots/bootstrap_visibility_327.pdf
328,351.74812,2026-07-13 12:54:53.878667,,,/home2/ihernand/Desktop/reach/results/26-07-10_i500/bootstrap_diagnostics_run_000/bootstrap_328_ldd_inputs.csv,1,84,16,1,87,87,0,22,87,2026-07-13 12:49:02.130547,OK,/home2/ihernand/Desktop/reach/results/26-07-10_i500/bootstrap_diagnostics_run_000/bootstrap_328_traceback.txt,/home2/ihernand/Desktop/reach/results/26-07-10_i500/bootstrap_diagnostics_run_000/bootstrap_328_log.txt,/home2/ihernand/Desktop/reach/results/26-07-10_i500/bootstrap_diagnostics_run_000/visibility_plots/bootstrap_visibility_328_summary.csv,/home2/ihernand/Desktop/reach/results/26-07-10_i500/bootstrap_diagnostics_run_000/visibility_plots/bootstrap_visibility_328.pdf
329,351.87243,2026-07-13 13:00:45.751325,,,/home2/ihernand/Desktop/reach/results/26-07-10_i500/bootstrap_diagnostics_run_000/bootstrap_329_ldd_inputs.csv,1,84,16,1,87,87,0,22,87,2026-07-13 12:54:53.878895,OK,/home2/ihernand/Desktop/reach/results/26-07-10_i500/bootstrap_diagnostics_run_000/bootstrap_329_traceback.txt,/home2/ihernand/Desktop/reach/results/26-07-10_i500/bootstrap_diagnostics_run_000/bootstrap_329_log.txt,/home2/ihernand/Desktop/reach/results/26-07-10_i500/bootstrap_diagnostics_run_000/visibility_plots/bootstrap_visibility_329_summary.csv,/home2/ihernand/Desktop/reach/results/26-07-10_i500/bootstrap_diagnostics_run_000/visibility_plots/bootstrap_visibility_329.pdf
330,352.893332,2026-07-13 13:06:38.644858,,,/home2/ihernand/Desktop/reach/results/26-07-10_i500/bootstrap_diagnostics_run_000/bootstrap_330_ldd_inputs.csv,1,84,16,1,87,87,0,22,87,2026-07-13 13:00:45.751526,OK,/home2/ihernand/Desktop/reach/results/26-07-10_i500/bootstrap_diagnostics_run_000/bootstrap_330_traceback.txt,/home2/ihernand/Desktop/reach/results/26-07-10_i500/bootstrap_diagnostics_run_000/bootstrap_330_log.txt,/home2/ihernand/Desktop/reach/results/26-07-10_i500/bootstrap_diagnostics_run_000/visibility_plots/bootstrap_visibility_330_summary.csv,/home2/ihernand/Desktop/reach/results/26-07-10_i500/bootstrap_diagnostics_run_000/visibility_plots/bootstrap_visibility_330.pdf
331,353.010317,2026-07-13 13:12:31.655399,,,/home2/ihernand/Desktop/reach/results/26-07-10_i500/bootstrap_diagnostics_run_000/bootstrap_331_ldd_inputs.csv,1,84,16,1,87,87,0,22,87,2026-07-13 13:06:38.645082,OK,/home2/ihernand/Desktop/reach/results/26-07-10_i500/bootstrap_diagnostics_run_000/bootstrap_331_traceback.txt,/home2/ihernand/Desktop/reach/results/26-07-10_i500/bootstrap_diagnostics_run_000/bootstrap_331_log.txt,/home2/ihernand/Desktop/reach/results/26-07-10_i500/bootstrap_diagnostics_run_000/visibility_plots/bootstrap_visibility_331_summary.csv,/home2/ihernand/Desktop/reach/results/26-07-10_i500/bootstrap_diagnostics_run_000/visibility_plots/bootstrap_visibility_331.pdf
332,353.212671,2026-07-13 13:18:24.868300,,,/home2/ihernand/Desktop/reach/results/26-07-10_i500/bootstrap_diagnostics_run_000/bootstrap_332_ldd_inputs.csv,1,84,16,1,87,87,0,22,87,2026-07-13 13:12:31.655629,OK,/home2/ihernand/Desktop/reach/results/26-07-10_i500/bootstrap_diagnostics_run_000/bootstrap_332_traceback.txt,/home2/ihernand/Desktop/reach/results/26-07-10_i500/bootstrap_diagnostics_run_000/bootstrap_332_log.txt,/home2/ihernand/Desktop/reach/results/26-07-10_i500/bootstrap_diagnostics_run_000/visibility_plots/bootstrap_visibility_332_summary.csv,/home2/ihernand/Desktop/reach/results/26-07-10_i500/bootstrap_diagnostics_run_000/visibility_plots/bootstrap_visibility_332.pdf
333,355.558965,2026-07-13 13:24:20.427466,,,/home2/ihernand/Desktop/reach/results/26-07-10_i500/bootstrap_diagnostics_run_000/bootstrap_333_ldd_inputs.csv,1,84,16,1,87,87,0,22,87,2026-07-13 13:18:24.868501,OK,/home2/ihernand/Desktop/reach/results/26-07-10_i500/bootstrap_diagnostics_run_000/bootstrap_333_traceback.txt,/home2/ihernand/Desktop/reach/results/26-07-10_i500/bootstrap_diagnostics_run_000/bootstrap_333_log.txt,/home2/ihernand/Desktop/reach/results/26-07-10_i500/bootstrap_diagnostics_run_000/visibility_plots/bootstrap_visibility_333_summary.csv,/home2/ihernand/Desktop/reach/results/26-07-10_i500/bootstrap_diagnostics_run_000/visibility_plots/bootstrap_visibility_333.pdf
334,352.929609,2026-07-13 13:30:13.357307,,,/home2/ihernand/Desktop/reach/results/26-07-10_i500/bootstrap_diagnostics_run_000/bootstrap_334_ldd_inputs.csv,1,84,16,1,87,87,0,22,87,2026-07-13 13:24:20.427698,OK,/home2/ihernand/Desktop/reach/results/26-07-10_i500/bootstrap_diagnostics_run_000/bootstrap_334_traceback.txt,/home2/ihernand/Desktop/reach/results/26-07-10_i500/bootstrap_diagnostics_run_000/bootstrap_334_log.txt,/home2/ihernand/Desktop/reach/results/26-07-10_i500/bootstrap_diagnostics_run_000/visibility_plots/bootstrap_visibility_334_summary.csv,/home2/ihernand/Desktop/reach/results/26-07-10_i500/bootstrap_diagnostics_run_000/visibility_plots/bootstrap_visibility_334.pdf
335,353.282528,2026-07-13 13:36:06.640081,,,/home2/ihernand/Desktop/reach/results/26-07-10_i500/bootstrap_diagnostics_run_000/bootstrap_335_ldd_inputs.csv,1,84,16,1,87,87,0,22,87,2026-07-13 13:30:13.357553,OK,/home2/ihernand/Desktop/reach/results/26-07-10_i500/bootstrap_diagnostics_run_000/bootstrap_335_traceback.txt,/home2/ihernand/Desktop/reach/results/26-07-10_i500/bootstrap_diagnostics_run_000/bootstrap_335_log.txt,/home2/ihernand/Desktop/reach/results/26-07-10_i500/bootstrap_diagnostics_run_000/visibility_plots/bootstrap_visibility_335_summary.csv,/home2/ihernand/Desktop/reach/results/26-07-10_i500/bootstrap_diagnostics_run_000/visibility_plots/bootstrap_visibility_335.pdf
336,353.678881,2026-07-13 13:42:00.319153,,,/home2/ihernand/Desktop/reach/results/26-07-10_i500/bootstrap_diagnostics_run_000/bootstrap_336_ldd_inputs.csv,1,84,16,1,87,87,0,22,87,2026-07-13 13:36:06.640272,OK,/home2/ihernand/Desktop/reach/results/26-07-10_i500/bootstrap_diagnostics_run_000/bootstrap_336_traceback.txt,/home2/ihernand/Desktop/reach/results/26-07-10_i500/bootstrap_diagnostics_run_000/bootstrap_336_log.txt,/home2/ihernand/Desktop/reach/results/26-07-10_i500/bootstrap_diagnostics_run_000/visibility_plots/bootstrap_visibility_336_summary.csv,/home2/ihernand/Desktop/reach/results/26-07-10_i500/bootstrap_diagnostics_run_000/visibility_plots/bootstrap_visibility_336.pdf
337,352.83608,2026-07-13 13:47:53.155447,,,/home2/ihernand/Desktop/reach/results/26-07-10_i500/bootstrap_diagnostics_run_000/bootstrap_337_ldd_inputs.csv,1,84,16,1,87,87,0,22,87,2026-07-13 13:42:00.319367,OK,/home2/ihernand/Desktop/reach/results/26-07-10_i500/bootstrap_diagnostics_run_000/bootstrap_337_traceback.txt,/home2/ihernand/Desktop/reach/results/26-07-10_i500/bootstrap_diagnostics_run_000/bootstrap_337_log.txt,/home2/ihernand/Desktop/reach/results/26-07-10_i500/bootstrap_diagnostics_run_000/visibility_plots/bootstrap_visibility_337_summary.csv,/home2/ihernand/Desktop/reach/results/26-07-10_i500/bootstrap_diagnostics_run_000/visibility_plots/bootstrap_visibility_337.pdf
338,351.66563,2026-07-13 13:53:44.821312,,,/home2/ihernand/Desktop/reach/results/26-07-10_i500/bootstrap_diagnostics_run_000/bootstrap_338_ldd_inputs.csv,1,84,16,1,87,87,0,22,87,2026-07-13 13:47:53.155682,OK,/home2/ihernand/Desktop/reach/results/26-07-10_i500/bootstrap_diagnostics_run_000/bootstrap_338_traceback.txt,/home2/ihernand/Desktop/reach/results/26-07-10_i500/bootstrap_diagnostics_run_000/bootstrap_338_log.txt,/home2/ihernand/Desktop/reach/results/26-07-10_i500/bootstrap_diagnostics_run_000/visibility_plots/bootstrap_visibility_338_summary.csv,/home2/ihernand/Desktop/reach/results/26-07-10_i500/bootstrap_diagnostics_run_000/visibility_plots/bootstrap_visibility_338.pdf
339,351.686021,2026-07-13 13:59:36.507549,,,/home2/ihernand/Desktop/reach/results/26-07-10_i500/bootstrap_diagnostics_run_000/bootstrap_339_ldd_inputs.csv,1,84,16,1,87,87,0,22,87,2026-07-13 13:53:44.821528,OK,/home2/ihernand/Desktop/reach/results/26-07-10_i500/bootstrap_diagnostics_run_000/bootstrap_339_traceback.txt,/home2/ihernand/Desktop/reach/results/26-07-10_i500/bootstrap_diagnostics_run_000/bootstrap_339_log.txt,/home2/ihernand/Desktop/reach/results/26-07-10_i500/bootstrap_diagnostics_run_000/visibility_plots/bootstrap_visibility_339_summary.csv,/home2/ihernand/Desktop/reach/results/26-07-10_i500/bootstrap_diagnostics_run_000/visibility_plots/bootstrap_visibility_339.pdf
340,361.762794,2026-07-13 14:05:38.270557,,,/home2/ihernand/Desktop/reach/results/26-07-10_i500/bootstrap_diagnostics_run_000/bootstrap_340_ldd_inputs.csv,1,84,16,1,87,87,0,22,87,2026-07-13 13:59:36.507763,OK,/home2/ihernand/Desktop/reach/results/26-07-10_i500/bootstrap_diagnostics_run_000/bootstrap_340_traceback.txt,/home2/ihernand/Desktop/reach/results/26-07-10_i500/bootstrap_diagnostics_run_000/bootstrap_340_log.txt,/home2/ihernand/Desktop/reach/results/26-07-10_i500/bootstrap_diagnostics_run_000/visibility_plots/bootstrap_visibility_340_summary.csv,/home2/ihernand/Desktop/reach/results/26-07-10_i500/bootstrap_diagnostics_run_000/visibility_plots/bootstrap_visibility_340.pdf
341,362.4485,2026-07-13 14:11:40.719283,,,/home2/ihernand/Desktop/reach/results/26-07-10_i500/bootstrap_diagnostics_run_000/bootstrap_341_ldd_inputs.csv,1,84,16,1,87,87,0,22,87,2026-07-13 14:05:38.270783,OK,/home2/ihernand/Desktop/reach/results/26-07-10_i500/bootstrap_diagnostics_run_000/bootstrap_341_traceback.txt,/home2/ihernand/Desktop/reach/results/26-07-10_i500/bootstrap_diagnostics_run_000/bootstrap_341_log.txt,/home2/ihernand/Desktop/reach/results/26-07-10_i500/bootstrap_diagnostics_run_000/visibility_plots/bootstrap_visibility_341_summary.csv,/home2/ihernand/Desktop/reach/results/26-07-10_i500/bootstrap_diagnostics_run_000/visibility_plots/bootstrap_visibility_341.pdf
342,354.733741,2026-07-13 14:17:35.453232,,,/home2/ihernand/Desktop/reach/results/26-07-10_i500/bootstrap_diagnostics_run_000/bootstrap_342_ldd_inputs.csv,1,84,16,1,87,87,0,22,87,2026-07-13 14:11:40.719491,OK,/home2/ihernand/Desktop/reach/results/26-07-10_i500/bootstrap_diagnostics_run_000/bootstrap_342_traceback.txt,/home2/ihernand/Desktop/reach/results/26-07-10_i500/bootstrap_diagnostics_run_000/bootstrap_342_log.txt,/home2/ihernand/Desktop/reach/results/26-07-10_i500/bootstrap_diagnostics_run_000/visibility_plots/bootstrap_visibility_342_summary.csv,/home2/ihernand/Desktop/reach/results/26-07-10_i500/bootstrap_diagnostics_run_000/visibility_plots/bootstrap_visibility_342.pdf
343,349.691739,2026-07-13 14:23:25.145194,,,/home2/ihernand/Desktop/reach/results/26-07-10_i500/bootstrap_diagnostics_run_000/bootstrap_343_ldd_inputs.csv,1,84,16,1,87,87,0,22,87,2026-07-13 14:17:35.453455,OK,/home2/ihernand/Desktop/reach/results/26-07-10_i500/bootstrap_diagnostics_run_000/bootstrap_343_traceback.txt,/home2/ihernand/Desktop/reach/results/26-07-10_i500/bootstrap_diagnostics_run_000/bootstrap_343_log.txt,/home2/ihernand/Desktop/reach/results/26-07-10_i500/bootstrap_diagnostics_run_000/visibility_plots/bootstrap_visibility_343_summary.csv,/home2/ihernand/Desktop/reach/results/26-07-10_i500/bootstrap_diagnostics_run_000/visibility_plots/bootstrap_visibility_343.pdf
344,352.632782,2026-07-13 14:29:17.778207,,,/home2/ihernand/Desktop/reach/results/26-07-10_i500/bootstrap_diagnostics_run_000/bootstrap_344_ldd_inputs.csv,1,84,16,1,87,87,0,22,87,2026-07-13 14:23:25.145425,OK,/home2/ihernand/Desktop/reach/results/26-07-10_i500/bootstrap_diagnostics_run_000/bootstrap_344_traceback.txt,/home2/ihernand/Desktop/reach/results/26-07-10_i500/bootstrap_diagnostics_run_000/bootstrap_344_log.txt,/home2/ihernand/Desktop/reach/results/26-07-10_i500/bootstrap_diagnostics_run_000/visibility_plots/bootstrap_visibility_344_summary.csv,/home2/ihernand/Desktop/reach/results/26-07-10_i500/bootstrap_diagnostics_run_000/visibility_plots/bootstrap_visibility_344.pdf
345,354.927681,2026-07-13 14:35:12.706112,,,/home2/ihernand/Desktop/reach/results/26-07-10_i500/bootstrap_diagnostics_run_000/bootstrap_345_ldd_inputs.csv,1,84,16,1,87,87,0,22,87,2026-07-13 14:29:17.778431,OK,/home2/ihernand/Desktop/reach/results/26-07-10_i500/bootstrap_diagnostics_run_000/bootstrap_345_traceback.txt,/home2/ihernand/Desktop/reach/results/26-07-10_i500/bootstrap_diagnostics_run_000/bootstrap_345_log.txt,/home2/ihernand/Desktop/reach/results/26-07-10_i500/bootstrap_diagnostics_run_000/visibility_plots/bootstrap_visibility_345_summary.csv,/home2/ihernand/Desktop/reach/results/26-07-10_i500/bootstrap_diagnostics_run_000/visibility_plots/bootstrap_visibility_345.pdf
346,351.968691,2026-07-13 14:41:04.675011,,,/home2/ihernand/Desktop/reach/results/26-07-10_i500/bootstrap_diagnostics_run_000/bootstrap_346_ldd_inputs.csv,1,84,16,1,87,87,0,22,87,2026-07-13 14:35:12.706320,OK,/home2/ihernand/Desktop/reach/results/26-07-10_i500/bootstrap_diagnostics_run_000/bootstrap_346_traceback.txt,/home2/ihernand/Desktop/reach/results/26-07-10_i500/bootstrap_diagnostics_run_000/bootstrap_346_log.txt,/home2/ihernand/Desktop/reach/results/26-07-10_i500/bootstrap_diagnostics_run_000/visibility_plots/bootstrap_visibility_346_summary.csv,/home2/ihernand/Desktop/reach/results/26-07-10_i500/bootstrap_diagnostics_run_000/visibility_plots/bootstrap_visibility_346.pdf
347,351.918261,2026-07-13 14:46:56.593482,,,/home2/ihernand/Desktop/reach/results/26-07-10_i500/bootstrap_diagnostics_run_000/bootstrap_347_ldd_inputs.csv,1,84,16,1,87,87,0,22,87,2026-07-13 14:41:04.675221,OK,/home2/ihernand/Desktop/reach/results/26-07-10_i500/bootstrap_diagnostics_run_000/bootstrap_347_traceback.txt,/home2/ihernand/Desktop/reach/results/26-07-10_i500/bootstrap_diagnostics_run_000/bootstrap_347_log.txt,/home2/ihernand/Desktop/reach/results/26-07-10_i500/bootstrap_diagnostics_run_000/visibility_plots/bootstrap_visibility_347_summary.csv,/home2/ihernand/Desktop/reach/results/26-07-10_i500/bootstrap_diagnostics_run_000/visibility_plots/bootstrap_visibility_347.pdf
348,354.932382,2026-07-13 14:52:51.526104,,,/home2/ihernand/Desktop/reach/results/26-07-10_i500/bootstrap_diagnostics_run_000/bootstrap_348_ldd_inputs.csv,1,84,16,1,87,87,0,22,87,2026-07-13 14:46:56.593722,OK,/home2/ihernand/Desktop/reach/results/26-07-10_i500/bootstrap_diagnostics_run_000/bootstrap_348_traceback.txt,/home2/ihernand/Desktop/reach/results/26-07-10_i500/bootstrap_diagnostics_run_000/bootstrap_348_log.txt,/home2/ihernand/Desktop/reach/results/26-07-10_i500/bootstrap_diagnostics_run_000/visibility_plots/bootstrap_visibility_348_summary.csv,/home2/ihernand/Desktop/reach/results/26-07-10_i500/bootstrap_diagnostics_run_000/visibility_plots/bootstrap_visibility_348.pdf
349,351.592314,2026-07-13 14:58:43.118646,,,/home2/ihernand/Desktop/reach/results/26-07-10_i500/bootstrap_diagnostics_run_000/bootstrap_349_ldd_inputs.csv,1,84,16,1,87,87,0,22,87,2026-07-13 14:52:51.526332,OK,/home2/ihernand/Desktop/reach/results/26-07-10_i500/bootstrap_diagnostics_run_000/bootstrap_349_traceback.txt,/home2/ihernand/Desktop/reach/results/26-07-10_i500/bootstrap_diagnostics_run_000/bootstrap_349_log.txt,/home2/ihernand/Desktop/reach/results/26-07-10_i500/bootstrap_diagnostics_run_000/visibility_plots/bootstrap_visibility_349_summary.csv,/home2/ihernand/Desktop/reach/results/26-07-10_i500/bootstrap_diagnostics_run_000/visibility_plots/bootstrap_visibility_349.pdf
350,352.179958,2026-07-13 15:04:35.298843,,,/home2/ihernand/Desktop/reach/results/26-07-10_i500/bootstrap_diagnostics_run_000/bootstrap_350_ldd_inputs.csv,1,84,16,1,87,87,0,22,87,2026-07-13 14:58:43.118885,OK,/home2/ihernand/Desktop/reach/results/26-07-10_i500/bootstrap_diagnostics_run_000/bootstrap_350_traceback.txt,/home2/ihernand/Desktop/reach/results/26-07-10_i500/bootstrap_diagnostics_run_000/bootstrap_350_log.txt,/home2/ihernand/Desktop/reach/results/26-07-10_i500/bootstrap_diagnostics_run_000/visibility_plots/bootstrap_visibility_350_summary.csv,/home2/ihernand/Desktop/reach/results/26-07-10_i500/bootstrap_diagnostics_run_000/visibility_plots/bootstrap_visibility_350.pdf
351,350.514193,2026-07-13 15:10:25.813233,,,/home2/ihernand/Desktop/reach/results/26-07-10_i500/bootstrap_diagnostics_run_000/bootstrap_351_ldd_inputs.csv,1,84,16,1,87,87,0,22,87,2026-07-13 15:04:35.299040,OK,/home2/ihernand/Desktop/reach/results/26-07-10_i500/bootstrap_diagnostics_run_000/bootstrap_351_traceback.txt,/home2/ihernand/Desktop/reach/results/26-07-10_i500/bootstrap_diagnostics_run_000/bootstrap_351_log.txt,/home2/ihernand/Desktop/reach/results/26-07-10_i500/bootstrap_diagnostics_run_000/visibility_plots/bootstrap_visibility_351_summary.csv,/home2/ihernand/Desktop/reach/results/26-07-10_i500/bootstrap_diagnostics_run_000/visibility_plots/bootstrap_visibility_351.pdf
352,352.484364,2026-07-13 15:16:18.297818,,,/home2/ihernand/Desktop/reach/results/26-07-10_i500/bootstrap_diagnostics_run_000/bootstrap_352_ldd_inputs.csv,1,84,16,1,87,87,0,22,87,2026-07-13 15:10:25.813454,OK,/home2/ihernand/Desktop/reach/results/26-07-10_i500/bootstrap_diagnostics_run_000/bootstrap_352_traceback.txt,/home2/ihernand/Desktop/reach/results/26-07-10_i500/bootstrap_diagnostics_run_000/bootstrap_352_log.txt,/home2/ihernand/Desktop/reach/results/26-07-10_i500/bootstrap_diagnostics_run_000/visibility_plots/bootstrap_visibility_352_summary.csv,/home2/ihernand/Desktop/reach/results/26-07-10_i500/bootstrap_diagnostics_run_000/visibility_plots/bootstrap_visibility_352.pdf
353,352.470317,2026-07-13 15:22:10.768375,,,/home2/ihernand/Desktop/reach/results/26-07-10_i500/bootstrap_diagnostics_run_000/bootstrap_353_ldd_inputs.csv,1,84,16,1,87,87,0,22,87,2026-07-13 15:16:18.298058,OK,/home2/ihernand/Desktop/reach/results/26-07-10_i500/bootstrap_diagnostics_run_000/bootstrap_353_traceback.txt,/home2/ihernand/Desktop/reach/results/26-07-10_i500/bootstrap_diagnostics_run_000/bootstrap_353_log.txt,/home2/ihernand/Desktop/reach/results/26-07-10_i500/bootstrap_diagnostics_run_000/visibility_plots/bootstrap_visibility_353_summary.csv,/home2/ihernand/Desktop/reach/results/26-07-10_i500/bootstrap_diagnostics_run_000/visibility_plots/bootstrap_visibility_353.pdf
354,351.830178,2026-07-13 15:28:02.598754,,,/home2/ihernand/Desktop/reach/results/26-07-10_i500/bootstrap_diagnostics_run_000/bootstrap_354_ldd_inputs.csv,1,84,16,1,87,87,0,22,87,2026-07-13 15:22:10.768576,OK,/home2/ihernand/Desktop/reach/results/26-07-10_i500/bootstrap_diagnostics_run_000/bootstrap_354_traceback.txt,/home2/ihernand/Desktop/reach/results/26-07-10_i500/bootstrap_diagnostics_run_000/bootstrap_354_log.txt,/home2/ihernand/Desktop/reach/results/26-07-10_i500/bootstrap_diagnostics_run_000/visibility_plots/bootstrap_visibility_354_summary.csv,/home2/ihernand/Desktop/reach/results/26-07-10_i500/bootstrap_diagnostics_run_000/visibility_plots/bootstrap_visibility_354.pdf
355,355.260609,2026-07-13 15:33:57.859606,,,/home2/ihernand/Desktop/reach/results/26-07-10_i500/bootstrap_diagnostics_run_000/bootstrap_355_ldd_inputs.csv,1,84,16,1,87,87,0,22,87,2026-07-13 15:28:02.598997,OK,/home2/ihernand/Desktop/reach/results/26-07-10_i500/bootstrap_diagnostics_run_000/bootstrap_355_traceback.txt,/home2/ihernand/Desktop/reach/results/26-07-10_i500/bootstrap_diagnostics_run_000/bootstrap_355_log.txt,/home2/ihernand/Desktop/reach/results/26-07-10_i500/bootstrap_diagnostics_run_000/visibility_plots/bootstrap_visibility_355_summary.csv,/home2/ihernand/Desktop/reach/results/26-07-10_i500/bootstrap_diagnostics_run_000/visibility_plots/bootstrap_visibility_355.pdf
356,360.090681,2026-07-13 15:39:57.950521,,,/home2/ihernand/Desktop/reach/results/26-07-10_i500/bootstrap_diagnostics_run_000/bootstrap_356_ldd_inputs.csv,1,84,16,1,87,87,0,22,87,2026-07-13 15:33:57.859840,OK,/home2/ihernand/Desktop/reach/results/26-07-10_i500/bootstrap_diagnostics_run_000/bootstrap_356_traceback.txt,/home2/ihernand/Desktop/reach/results/26-07-10_i500/bootstrap_diagnostics_run_000/bootstrap_356_log.txt,/home2/ihernand/Desktop/reach/results/26-07-10_i500/bootstrap_diagnostics_run_000/visibility_plots/bootstrap_visibility_356_summary.csv,/home2/ihernand/Desktop/reach/results/26-07-10_i500/bootstrap_diagnostics_run_000/visibility_plots/bootstrap_visibility_356.pdf
357,437.021014,2026-07-13 15:47:14.971744,,,/home2/ihernand/Desktop/reach/results/26-07-10_i500/bootstrap_diagnostics_run_000/bootstrap_357_ldd_inputs.csv,1,84,16,1,87,87,0,22,87,2026-07-13 15:39:57.950730,OK,/home2/ihernand/Desktop/reach/results/26-07-10_i500/bootstrap_diagnostics_run_000/bootstrap_357_traceback.txt,/home2/ihernand/Desktop/reach/results/26-07-10_i500/bootstrap_diagnostics_run_000/bootstrap_357_log.txt,/home2/ihernand/Desktop/reach/results/26-07-10_i500/bootstrap_diagnostics_run_000/visibility_plots/bootstrap_visibility_357_summary.csv,/home2/ihernand/Desktop/reach/results/26-07-10_i500/bootstrap_diagnostics_run_000/visibility_plots/bootstrap_visibility_357.pdf
358,424.505964,2026-07-13 15:54:19.477939,,,/home2/ihernand/Desktop/reach/results/26-07-10_i500/bootstrap_diagnostics_run_000/bootstrap_358_ldd_inputs.csv,1,84,16,1,87,87,0,22,87,2026-07-13 15:47:14.971975,OK,/home2/ihernand/Desktop/reach/results/26-07-10_i500/bootstrap_diagnostics_run_000/bootstrap_358_traceback.txt,/home2/ihernand/Desktop/reach/results/26-07-10_i500/bootstrap_diagnostics_run_000/bootstrap_358_log.txt,/home2/ihernand/Desktop/reach/results/26-07-10_i500/bootstrap_diagnostics_run_000/visibility_plots/bootstrap_visibility_358_summary.csv,/home2/ihernand/Desktop/reach/results/26-07-10_i500/bootstrap_diagnostics_run_000/visibility_plots/bootstrap_visibility_358.pdf
359,421.111884,2026-07-13 16:01:20.590050,,,/home2/ihernand/Desktop/reach/results/26-07-10_i500/bootstrap_diagnostics_run_000/bootstrap_359_ldd_inputs.csv,1,84,16,1,87,87,0,22,87,2026-07-13 15:54:19.478166,OK,/home2/ihernand/Desktop/reach/results/26-07-10_i500/bootstrap_diagnostics_run_000/bootstrap_359_traceback.txt,/home2/ihernand/Desktop/reach/results/26-07-10_i500/bootstrap_diagnostics_run_000/bootstrap_359_log.txt,/home2/ihernand/Desktop/reach/results/26-07-10_i500/bootstrap_diagnostics_run_000/visibility_plots/bootstrap_visibility_359_summary.csv,/home2/ihernand/Desktop/reach/results/26-07-10_i500/bootstrap_diagnostics_run_000/visibility_plots/bootstrap_visibility_359.pdf
360,413.430006,2026-07-13 16:08:14.020474,,,/home2/ihernand/Desktop/reach/results/26-07-10_i500/bootstrap_diagnostics_run_000/bootstrap_360_ldd_inputs.csv,1,84,16,1,87,87,0,22,87,2026-07-13 16:01:20.590468,OK,/home2/ihernand/Desktop/reach/results/26-07-10_i500/bootstrap_diagnostics_run_000/bootstrap_360_traceback.txt,/home2/ihernand/Desktop/reach/results/26-07-10_i500/bootstrap_diagnostics_run_000/bootstrap_360_log.txt,/home2/ihernand/Desktop/reach/results/26-07-10_i500/bootstrap_diagnostics_run_000/visibility_plots/bootstrap_visibility_360_summary.csv,/home2/ihernand/Desktop/reach/results/26-07-10_i500/bootstrap_diagnostics_run_000/visibility_plots/bootstrap_visibility_360.pdf
361,496.174831,2026-07-13 16:16:30.195610,,,/home2/ihernand/Desktop/reach/results/26-07-10_i500/bootstrap_diagnostics_run_000/bootstrap_361_ldd_inputs.csv,1,84,16,1,87,87,0,22,87,2026-07-13 16:08:14.020779,OK,/home2/ihernand/Desktop/reach/results/26-07-10_i500/bootstrap_diagnostics_run_000/bootstrap_361_traceback.txt,/home2/ihernand/Desktop/reach/results/26-07-10_i500/bootstrap_diagnostics_run_000/bootstrap_361_log.txt,/home2/ihernand/Desktop/reach/results/26-07-10_i500/bootstrap_diagnostics_run_000/visibility_plots/bootstrap_visibility_361_summary.csv,/home2/ihernand/Desktop/reach/results/26-07-10_i500/bootstrap_diagnostics_run_000/visibility_plots/bootstrap_visibility_361.pdf
362,446.428453,2026-07-13 16:23:56.624477,,,/home2/ihernand/Desktop/reach/results/26-07-10_i500/bootstrap_diagnostics_run_000/bootstrap_362_ldd_inputs.csv,1,84,16,1,87,87,0,22,87,2026-07-13 16:16:30.196024,OK,/home2/ihernand/Desktop/reach/results/26-07-10_i500/bootstrap_diagnostics_run_000/bootstrap_362_traceback.txt,/home2/ihernand/Desktop/reach/results/26-07-10_i500/bootstrap_diagnostics_run_000/bootstrap_362_log.txt,/home2/ihernand/Desktop/reach/results/26-07-10_i500/bootstrap_diagnostics_run_000/visibility_plots/bootstrap_visibility_362_summary.csv,/home2/ihernand/Desktop/reach/results/26-07-10_i500/bootstrap_diagnostics_run_000/visibility_plots/bootstrap_visibility_362.pdf
363,442.028341,2026-07-13 16:31:18.653107,,,/home2/ihernand/Desktop/reach/results/26-07-10_i500/bootstrap_diagnostics_run_000/bootstrap_363_ldd_inputs.csv,1,84,16,1,87,87,0,22,87,2026-07-13 16:23:56.624766,OK,/home2/ihernand/Desktop/reach/results/26-07-10_i500/bootstrap_diagnostics_run_000/bootstrap_363_traceback.txt,/home2/ihernand/Desktop/reach/results/26-07-10_i500/bootstrap_diagnostics_run_000/bootstrap_363_log.txt,/home2/ihernand/Desktop/reach/results/26-07-10_i500/bootstrap_diagnostics_run_000/visibility_plots/bootstrap_visibility_363_summary.csv,/home2/ihernand/Desktop/reach/results/26-07-10_i500/bootstrap_diagnostics_run_000/visibility_plots/bootstrap_visibility_363.pdf
364,425.848144,2026-07-13 16:38:24.501577,,,/home2/ihernand/Desktop/reach/results/26-07-10_i500/bootstrap_diagnostics_run_000/bootstrap_364_ldd_inputs.csv,1,84,16,1,87,87,0,22,87,2026-07-13 16:31:18.653433,OK,/home2/ihernand/Desktop/reach/results/26-07-10_i500/bootstrap_diagnostics_run_000/bootstrap_364_traceback.txt,/home2/ihernand/Desktop/reach/results/26-07-10_i500/bootstrap_diagnostics_run_000/bootstrap_364_log.txt,/home2/ihernand/Desktop/reach/results/26-07-10_i500/bootstrap_diagnostics_run_000/visibility_plots/bootstrap_visibility_364_summary.csv,/home2/ihernand/Desktop/reach/results/26-07-10_i500/bootstrap_diagnostics_run_000/visibility_plots/bootstrap_visibility_364.pdf
365,431.966284,2026-07-13 16:45:36.468241,,,/home2/ihernand/Desktop/reach/results/26-07-10_i500/bootstrap_diagnostics_run_000/bootstrap_365_ldd_inputs.csv,1,84,16,1,87,87,0,22,87,2026-07-13 16:38:24.501957,OK,/home2/ihernand/Desktop/reach/results/26-07-10_i500/bootstrap_diagnostics_run_000/bootstrap_365_traceback.txt,/home2/ihernand/Desktop/reach/results/26-07-10_i500/bootstrap_diagnostics_run_000/bootstrap_365_log.txt,/home2/ihernand/Desktop/reach/results/26-07-10_i500/bootstrap_diagnostics_run_000/visibility_plots/bootstrap_visibility_365_summary.csv,/home2/ihernand/Desktop/reach/results/26-07-10_i500/bootstrap_diagnostics_run_000/visibility_plots/bootstrap_visibility_365.pdf
366,432.365276,2026-07-13 16:52:48.833846,,,/home2/ihernand/Desktop/reach/results/26-07-10_i500/bootstrap_diagnostics_run_000/bootstrap_366_ldd_inputs.csv,1,84,16,1,87,87,0,22,87,2026-07-13 16:45:36.468570,OK,/home2/ihernand/Desktop/reach/results/26-07-10_i500/bootstrap_diagnostics_run_000/bootstrap_366_traceback.txt,/home2/ihernand/Desktop/reach/results/26-07-10_i500/bootstrap_diagnostics_run_000/bootstrap_366_log.txt,/home2/ihernand/Desktop/reach/results/26-07-10_i500/bootstrap_diagnostics_run_000/visibility_plots/bootstrap_visibility_366_summary.csv,/home2/ihernand/Desktop/reach/results/26-07-10_i500/bootstrap_diagnostics_run_000/visibility_plots/bootstrap_visibility_366.pdf
367,446.399574,2026-07-13 17:00:15.233684,,,/home2/ihernand/Desktop/reach/results/26-07-10_i500/bootstrap_diagnostics_run_000/bootstrap_367_ldd_inputs.csv,1,84,16,1,87,87,0,22,87,2026-07-13 16:52:48.834110,OK,/home2/ihernand/Desktop/reach/results/26-07-10_i500/bootstrap_diagnostics_run_000/bootstrap_367_traceback.txt,/home2/ihernand/Desktop/reach/results/26-07-10_i500/bootstrap_diagnostics_run_000/bootstrap_367_log.txt,/home2/ihernand/Desktop/reach/results/26-07-10_i500/bootstrap_diagnostics_run_000/visibility_plots/bootstrap_visibility_367_summary.csv,/home2/ihernand/Desktop/reach/results/26-07-10_i500/bootstrap_diagnostics_run_000/visibility_plots/bootstrap_visibility_367.pdf
368,430.89381,2026-07-13 17:07:26.127911,,,/home2/ihernand/Desktop/reach/results/26-07-10_i500/bootstrap_diagnostics_run_000/bootstrap_368_ldd_inputs.csv,1,84,16,1,87,87,0,22,87,2026-07-13 17:00:15.234101,OK,/home2/ihernand/Desktop/reach/results/26-07-10_i500/bootstrap_diagnostics_run_000/bootstrap_368_traceback.txt,/home2/ihernand/Desktop/reach/results/26-07-10_i500/bootstrap_diagnostics_run_000/bootstrap_368_log.txt,/home2/ihernand/Desktop/reach/results/26-07-10_i500/bootstrap_diagnostics_run_000/visibility_plots/bootstrap_visibility_368_summary.csv,/home2/ihernand/Desktop/reach/results/26-07-10_i500/bootstrap_diagnostics_run_000/visibility_plots/bootstrap_visibility_368.pdf
369,429.702227,2026-07-13 17:14:35.830451,,,/home2/ihernand/Desktop/reach/results/26-07-10_i500/bootstrap_diagnostics_run_000/bootstrap_369_ldd_inputs.csv,1,84,16,1,87,87,0,22,87,2026-07-13 17:07:26.128224,OK,/home2/ihernand/Desktop/reach/results/26-07-10_i500/bootstrap_diagnostics_run_000/bootstrap_369_traceback.txt,/home2/ihernand/Desktop/reach/results/26-07-10_i500/bootstrap_diagnostics_run_000/bootstrap_369_log.txt,/home2/ihernand/Desktop/reach/results/26-07-10_i500/bootstrap_diagnostics_run_000/visibility_plots/bootstrap_visibility_369_summary.csv,/home2/ihernand/Desktop/reach/results/26-07-10_i500/bootstrap_diagnostics_run_000/visibility_plots/bootstrap_visibility_369.pdf
370,436.616592,2026-07-13 17:21:52.447349,,,/home2/ihernand/Desktop/reach/results/26-07-10_i500/bootstrap_diagnostics_run_000/bootstrap_370_ldd_inputs.csv,1,84,16,1,87,87,0,22,87,2026-07-13 17:14:35.830757,OK,/home2/ihernand/Desktop/reach/results/26-07-10_i500/bootstrap_diagnostics_run_000/bootstrap_370_traceback.txt,/home2/ihernand/Desktop/reach/results/26-07-10_i500/bootstrap_diagnostics_run_000/bootstrap_370_log.txt,/home2/ihernand/Desktop/reach/results/26-07-10_i500/bootstrap_diagnostics_run_000/visibility_plots/bootstrap_visibility_370_summary.csv,/home2/ihernand/Desktop/reach/results/26-07-10_i500/bootstrap_diagnostics_run_000/visibility_plots/bootstrap_visibility_370.pdf
371,418.810163,2026-07-13 17:28:51.257771,,,/home2/ihernand/Desktop/reach/results/26-07-10_i500/bootstrap_diagnostics_run_000/bootstrap_371_ldd_inputs.csv,1,84,16,1,87,87,0,22,87,2026-07-13 17:21:52.447608,OK,/home2/ihernand/Desktop/reach/results/26-07-10_i500/bootstrap_diagnostics_run_000/bootstrap_371_traceback.txt,/home2/ihernand/Desktop/reach/results/26-07-10_i500/bootstrap_diagnostics_run_000/bootstrap_371_log.txt,/home2/ihernand/Desktop/reach/results/26-07-10_i500/bootstrap_diagnostics_run_000/visibility_plots/bootstrap_visibility_371_summary.csv,/home2/ihernand/Desktop/reach/results/26-07-10_i500/bootstrap_diagnostics_run_000/visibility_plots/bootstrap_visibility_371.pdf
372,488.684387,2026-07-13 17:36:59.942378,,,/home2/ihernand/Desktop/reach/results/26-07-10_i500/bootstrap_diagnostics_run_000/bootstrap_372_ldd_inputs.csv,1,84,16,1,87,87,0,22,87,2026-07-13 17:28:51.257991,OK,/home2/ihernand/Desktop/reach/results/26-07-10_i500/bootstrap_diagnostics_run_000/bootstrap_372_traceback.txt,/home2/ihernand/Desktop/reach/results/26-07-10_i500/bootstrap_diagnostics_run_000/bootstrap_372_log.txt,/home2/ihernand/Desktop/reach/results/26-07-10_i500/bootstrap_diagnostics_run_000/visibility_plots/bootstrap_visibility_372_summary.csv,/home2/ihernand/Desktop/reach/results/26-07-10_i500/bootstrap_diagnostics_run_000/visibility_plots/bootstrap_visibility_372.pdf
373,503.917546,2026-07-13 17:45:23.860284,,,/home2/ihernand/Desktop/reach/results/26-07-10_i500/bootstrap_diagnostics_run_000/bootstrap_373_ldd_inputs.csv,1,84,16,1,87,87,0,22,87,2026-07-13 17:36:59.942738,OK,/home2/ihernand/Desktop/reach/results/26-07-10_i500/bootstrap_diagnostics_run_000/bootstrap_373_traceback.txt,/home2/ihernand/Desktop/reach/results/26-07-10_i500/bootstrap_diagnostics_run_000/bootstrap_373_log.txt,/home2/ihernand/Desktop/reach/results/26-07-10_i500/bootstrap_diagnostics_run_000/visibility_plots/bootstrap_visibility_373_summary.csv,/home2/ihernand/Desktop/reach/results/26-07-10_i500/bootstrap_diagnostics_run_000/visibility_plots/bootstrap_visibility_373.pdf
374,501.721326,2026-07-13 17:53:45.582039,,,/home2/ihernand/Desktop/reach/results/26-07-10_i500/bootstrap_diagnostics_run_000/bootstrap_374_ldd_inputs.csv,1,84,16,1,87,87,0,22,87,2026-07-13 17:45:23.860713,OK,/home2/ihernand/Desktop/reach/results/26-07-10_i500/bootstrap_diagnostics_run_000/bootstrap_374_traceback.txt,/home2/ihernand/Desktop/reach/results/26-07-10_i500/bootstrap_diagnostics_run_000/bootstrap_374_log.txt,/home2/ihernand/Desktop/reach/results/26-07-10_i500/bootstrap_diagnostics_run_000/visibility_plots/bootstrap_visibility_374_summary.csv,/home2/ihernand/Desktop/reach/results/26-07-10_i500/bootstrap_diagnostics_run_000/visibility_plots/bootstrap_visibility_374.pdf
375,595.567732,2026-07-13 18:03:41.150601,,,/home2/ihernand/Desktop/reach/results/26-07-10_i500/bootstrap_diagnostics_run_000/bootstrap_375_ldd_inputs.csv,1,84,16,1,87,87,0,22,87,2026-07-13 17:53:45.582869,OK,/home2/ihernand/Desktop/reach/results/26-07-10_i500/bootstrap_diagnostics_run_000/bootstrap_375_traceback.txt,/home2/ihernand/Desktop/reach/results/26-07-10_i500/bootstrap_diagnostics_run_000/bootstrap_375_log.txt,/home2/ihernand/Desktop/reach/results/26-07-10_i500/bootstrap_diagnostics_run_000/visibility_plots/bootstrap_visibility_375_summary.csv,/home2/ihernand/Desktop/reach/results/26-07-10_i500/bootstrap_diagnostics_run_000/visibility_plots/bootstrap_visibility_375.pdf
376,453.985416,2026-07-13 18:11:15.136305,,,/home2/ihernand/Desktop/reach/results/26-07-10_i500/bootstrap_diagnostics_run_000/bootstrap_376_ldd_inputs.csv,1,84,16,1,87,87,0,22,87,2026-07-13 18:03:41.150889,OK,/home2/ihernand/Desktop/reach/results/26-07-10_i500/bootstrap_diagnostics_run_000/bootstrap_376_traceback.txt,/home2/ihernand/Desktop/reach/results/26-07-10_i500/bootstrap_diagnostics_run_000/bootstrap_376_log.txt,/home2/ihernand/Desktop/reach/results/26-07-10_i500/bootstrap_diagnostics_run_000/visibility_plots/bootstrap_visibility_376_summary.csv,/home2/ihernand/Desktop/reach/results/26-07-10_i500/bootstrap_diagnostics_run_000/visibility_plots/bootstrap_visibility_376.pdf
377,455.376993,2026-07-13 18:18:50.513663,,,/home2/ihernand/Desktop/reach/results/26-07-10_i500/bootstrap_diagnostics_run_000/bootstrap_377_ldd_inputs.csv,1,84,16,1,87,87,0,22,87,2026-07-13 18:11:15.136670,OK,/home2/ihernand/Desktop/reach/results/26-07-10_i500/bootstrap_diagnostics_run_000/bootstrap_377_traceback.txt,/home2/ihernand/Desktop/reach/results/26-07-10_i500/bootstrap_diagnostics_run_000/bootstrap_377_log.txt,/home2/ihernand/Desktop/reach/results/26-07-10_i500/bootstrap_diagnostics_run_000/visibility_plots/bootstrap_visibility_377_summary.csv,/home2/ihernand/Desktop/reach/results/26-07-10_i500/bootstrap_diagnostics_run_000/visibility_plots/bootstrap_visibility_377.pdf
378,454.106252,2026-07-13 18:26:24.620328,,,/home2/ihernand/Desktop/reach/results/26-07-10_i500/bootstrap_diagnostics_run_000/bootstrap_378_ldd_inputs.csv,1,84,16,1,87,87,0,22,87,2026-07-13 18:18:50.514076,OK,/home2/ihernand/Desktop/reach/results/26-07-10_i500/bootstrap_diagnostics_run_000/bootstrap_378_traceback.txt,/home2/ihernand/Desktop/reach/results/26-07-10_i500/bootstrap_diagnostics_run_000/bootstrap_378_log.txt,/home2/ihernand/Desktop/reach/results/26-07-10_i500/bootstrap_diagnostics_run_000/visibility_plots/bootstrap_visibility_378_summary.csv,/home2/ihernand/Desktop/reach/results/26-07-10_i500/bootstrap_diagnostics_run_000/visibility_plots/bootstrap_visibility_378.pdf
379,530.384016,2026-07-13 18:35:15.004782,,,/home2/ihernand/Desktop/reach/results/26-07-10_i500/bootstrap_diagnostics_run_000/bootstrap_379_ldd_inputs.csv,1,84,16,1,87,87,0,22,87,2026-07-13 18:26:24.620766,OK,/home2/ihernand/Desktop/reach/results/26-07-10_i500/bootstrap_diagnostics_run_000/bootstrap_379_traceback.txt,/home2/ihernand/Desktop/reach/results/26-07-10_i500/bootstrap_diagnostics_run_000/bootstrap_379_log.txt,/home2/ihernand/Desktop/reach/results/26-07-10_i500/bootstrap_diagnostics_run_000/visibility_plots/bootstrap_visibility_379_summary.csv,/home2/ihernand/Desktop/reach/results/26-07-10_i500/bootstrap_diagnostics_run_000/visibility_plots/bootstrap_visibility_379.pdf
380,437.282403,2026-07-13 18:42:32.287551,,,/home2/ihernand/Desktop/reach/results/26-07-10_i500/bootstrap_diagnostics_run_000/bootstrap_380_ldd_inputs.csv,1,84,16,1,87,87,0,22,87,2026-07-13 18:35:15.005148,OK,/home2/ihernand/Desktop/reach/results/26-07-10_i500/bootstrap_diagnostics_run_000/bootstrap_380_traceback.txt,/home2/ihernand/Desktop/reach/results/26-07-10_i500/bootstrap_diagnostics_run_000/bootstrap_380_log.txt,/home2/ihernand/Desktop/reach/results/26-07-10_i500/bootstrap_diagnostics_run_000/visibility_plots/bootstrap_visibility_380_summary.csv,/home2/ihernand/Desktop/reach/results/26-07-10_i500/bootstrap_diagnostics_run_000/visibility_plots/bootstrap_visibility_380.pdf
381,446.817467,2026-07-13 18:49:59.105311,,,/home2/ihernand/Desktop/reach/results/26-07-10_i500/bootstrap_diagnostics_run_000/bootstrap_381_ldd_inputs.csv,1,84,16,1,87,87,0,22,87,2026-07-13 18:42:32.287844,OK,/home2/ihernand/Desktop/reach/results/26-07-10_i500/bootstrap_diagnostics_run_000/bootstrap_381_traceback.txt,/home2/ihernand/Desktop/reach/results/26-07-10_i500/bootstrap_diagnostics_run_000/bootstrap_381_log.txt,/home2/ihernand/Desktop/reach/results/26-07-10_i500/bootstrap_diagnostics_run_000/visibility_plots/bootstrap_visibility_381_summary.csv,/home2/ihernand/Desktop/reach/results/26-07-10_i500/bootstrap_diagnostics_run_000/visibility_plots/bootstrap_visibility_381.pdf
382,445.932206,2026-07-13 18:57:25.037905,,,/home2/ihernand/Desktop/reach/results/26-07-10_i500/bootstrap_diagnostics_run_000/bootstrap_382_ldd_inputs.csv,1,84,16,1,87,87,0,22,87,2026-07-13 18:49:59.105699,OK,/home2/ihernand/Desktop/reach/results/26-07-10_i500/bootstrap_diagnostics_run_000/bootstrap_382_traceback.txt,/home2/ihernand/Desktop/reach/results/26-07-10_i500/bootstrap_diagnostics_run_000/bootstrap_382_log.txt,/home2/ihernand/Desktop/reach/results/26-07-10_i500/bootstrap_diagnostics_run_000/visibility_plots/bootstrap_visibility_382_summary.csv,/home2/ihernand/Desktop/reach/results/26-07-10_i500/bootstrap_diagnostics_run_000/visibility_plots/bootstrap_visibility_382.pdf
383,439.236366,2026-07-13 19:04:44.274548,,,/home2/ihernand/Desktop/reach/results/26-07-10_i500/bootstrap_diagnostics_run_000/bootstrap_383_ldd_inputs.csv,1,84,16,1,87,87,0,22,87,2026-07-13 18:57:25.038182,OK,/home2/ihernand/Desktop/reach/results/26-07-10_i500/bootstrap_diagnostics_run_000/bootstrap_383_traceback.txt,/home2/ihernand/Desktop/reach/results/26-07-10_i500/bootstrap_diagnostics_run_000/bootstrap_383_log.txt,/home2/ihernand/Desktop/reach/results/26-07-10_i500/bootstrap_diagnostics_run_000/visibility_plots/bootstrap_visibility_383_summary.csv,/home2/ihernand/Desktop/reach/results/26-07-10_i500/bootstrap_diagnostics_run_000/visibility_plots/bootstrap_visibility_383.pdf
384,450.214112,2026-07-13 19:12:14.489185,,,/home2/ihernand/Desktop/reach/results/26-07-10_i500/bootstrap_diagnostics_run_000/bootstrap_384_ldd_inputs.csv,1,84,16,1,87,87,0,22,87,2026-07-13 19:04:44.275073,OK,/home2/ihernand/Desktop/reach/results/26-07-10_i500/bootstrap_diagnostics_run_000/bootstrap_384_traceback.txt,/home2/ihernand/Desktop/reach/results/26-07-10_i500/bootstrap_diagnostics_run_000/bootstrap_384_log.txt,/home2/ihernand/Desktop/reach/results/26-07-10_i500/bootstrap_diagnostics_run_000/visibility_plots/bootstrap_visibility_384_summary.csv,/home2/ihernand/Desktop/reach/results/26-07-10_i500/bootstrap_diagnostics_run_000/visibility_plots/bootstrap_visibility_384.pdf
385,471.081145,2026-07-13 19:20:05.570770,,,/home2/ihernand/Desktop/reach/results/26-07-10_i500/bootstrap_diagnostics_run_000/bootstrap_385_ldd_inputs.csv,1,84,16,1,87,87,0,22,87,2026-07-13 19:12:14.489625,OK,/home2/ihernand/Desktop/reach/results/26-07-10_i500/bootstrap_diagnostics_run_000/bootstrap_385_traceback.txt,/home2/ihernand/Desktop/reach/results/26-07-10_i500/bootstrap_diagnostics_run_000/bootstrap_385_log.txt,/home2/ihernand/Desktop/reach/results/26-07-10_i500/bootstrap_diagnostics_run_000/visibility_plots/bootstrap_visibility_385_summary.csv,/home2/ihernand/Desktop/reach/results/26-07-10_i500/bootstrap_diagnostics_run_000/visibility_plots/bootstrap_visibility_385.pdf
386,477.58683,2026-07-13 19:28:03.157939,,,/home2/ihernand/Desktop/reach/results/26-07-10_i500/bootstrap_diagnostics_run_000/bootstrap_386_ldd_inputs.csv,1,84,16,1,87,87,0,22,87,2026-07-13 19:20:05.571109,OK,/home2/ihernand/Desktop/reach/results/26-07-10_i500/bootstrap_diagnostics_run_000/bootstrap_386_traceback.txt,/home2/ihernand/Desktop/reach/results/26-07-10_i500/bootstrap_diagnostics_run_000/bootstrap_386_log.txt,/home2/ihernand/Desktop/reach/results/26-07-10_i500/bootstrap_diagnostics_run_000/visibility_plots/bootstrap_visibility_386_summary.csv,/home2/ihernand/Desktop/reach/results/26-07-10_i500/bootstrap_diagnostics_run_000/visibility_plots/bootstrap_visibility_386.pdf
387,477.158795,2026-07-13 19:36:00.317066,,,/home2/ihernand/Desktop/reach/results/26-07-10_i500/bootstrap_diagnostics_run_000/bootstrap_387_ldd_inputs.csv,1,84,16,1,87,87,0,22,87,2026-07-13 19:28:03.158271,OK,/home2/ihernand/Desktop/reach/results/26-07-10_i500/bootstrap_diagnostics_run_000/bootstrap_387_traceback.txt,/home2/ihernand/Desktop/reach/results/26-07-10_i500/bootstrap_diagnostics_run_000/bootstrap_387_log.txt,/home2/ihernand/Desktop/reach/results/26-07-10_i500/bootstrap_diagnostics_run_000/visibility_plots/bootstrap_visibility_387_summary.csv,/home2/ihernand/Desktop/reach/results/26-07-10_i500/bootstrap_diagnostics_run_000/visibility_plots/bootstrap_visibility_387.pdf
388,416.641119,2026-07-13 19:42:56.958695,,,/home2/ihernand/Desktop/reach/results/26-07-10_i500/bootstrap_diagnostics_run_000/bootstrap_388_ldd_inputs.csv,1,84,16,1,87,87,0,22,87,2026-07-13 19:36:00.317576,OK,/home2/ihernand/Desktop/reach/results/26-07-10_i500/bootstrap_diagnostics_run_000/bootstrap_388_traceback.txt,/home2/ihernand/Desktop/reach/results/26-07-10_i500/bootstrap_diagnostics_run_000/bootstrap_388_log.txt,/home2/ihernand/Desktop/reach/results/26-07-10_i500/bootstrap_diagnostics_run_000/visibility_plots/bootstrap_visibility_388_summary.csv,/home2/ihernand/Desktop/reach/results/26-07-10_i500/bootstrap_diagnostics_run_000/visibility_plots/bootstrap_visibility_388.pdf
389,472.839641,2026-07-13 19:50:49.798679,,,/home2/ihernand/Desktop/reach/results/26-07-10_i500/bootstrap_diagnostics_run_000/bootstrap_389_ldd_inputs.csv,1,84,16,1,87,87,0,22,87,2026-07-13 19:42:56.959038,OK,/home2/ihernand/Desktop/reach/results/26-07-10_i500/bootstrap_diagnostics_run_000/bootstrap_389_traceback.txt,/home2/ihernand/Desktop/reach/results/26-07-10_i500/bootstrap_diagnostics_run_000/bootstrap_389_log.txt,/home2/ihernand/Desktop/reach/results/26-07-10_i500/bootstrap_diagnostics_run_000/visibility_plots/bootstrap_visibility_389_summary.csv,/home2/ihernand/Desktop/reach/results/26-07-10_i500/bootstrap_diagnostics_run_000/visibility_plots/bootstrap_visibility_389.pdf
390,470.823195,2026-07-13 19:58:40.622137,,,/home2/ihernand/Desktop/reach/results/26-07-10_i500/bootstrap_diagnostics_run_000/bootstrap_390_ldd_inputs.csv,1,84,16,1,87,87,0,22,87,2026-07-13 19:50:49.798942,OK,/home2/ihernand/Desktop/reach/results/26-07-10_i500/bootstrap_diagnostics_run_000/bootstrap_390_traceback.txt,/home2/ihernand/Desktop/reach/results/26-07-10_i500/bootstrap_diagnostics_run_000/bootstrap_390_log.txt,/home2/ihernand/Desktop/reach/results/26-07-10_i500/bootstrap_diagnostics_run_000/visibility_plots/bootstrap_visibility_390_summary.csv,/home2/ihernand/Desktop/reach/results/26-07-10_i500/bootstrap_diagnostics_run_000/visibility_plots/bootstrap_visibility_390.pdf
391,472.050265,2026-07-13 20:06:32.673302,,,/home2/ihernand/Desktop/reach/results/26-07-10_i500/bootstrap_diagnostics_run_000/bootstrap_391_ldd_inputs.csv,1,84,16,1,87,87,0,22,87,2026-07-13 19:58:40.623037,OK,/home2/ihernand/Desktop/reach/results/26-07-10_i500/bootstrap_diagnostics_run_000/bootstrap_391_traceback.txt,/home2/ihernand/Desktop/reach/results/26-07-10_i500/bootstrap_diagnostics_run_000/bootstrap_391_log.txt,/home2/ihernand/Desktop/reach/results/26-07-10_i500/bootstrap_diagnostics_run_000/visibility_plots/bootstrap_visibility_391_summary.csv,/home2/ihernand/Desktop/reach/results/26-07-10_i500/bootstrap_diagnostics_run_000/visibility_plots/bootstrap_visibility_391.pdf
392,457.954341,2026-07-13 20:14:10.628171,,,/home2/ihernand/Desktop/reach/results/26-07-10_i500/bootstrap_diagnostics_run_000/bootstrap_392_ldd_inputs.csv,1,84,16,1,87,87,0,22,87,2026-07-13 20:06:32.673830,OK,/home2/ihernand/Desktop/reach/results/26-07-10_i500/bootstrap_diagnostics_run_000/bootstrap_392_traceback.txt,/home2/ihernand/Desktop/reach/results/26-07-10_i500/bootstrap_diagnostics_run_000/bootstrap_392_log.txt,/home2/ihernand/Desktop/reach/results/26-07-10_i500/bootstrap_diagnostics_run_000/visibility_plots/bootstrap_visibility_392_summary.csv,/home2/ihernand/Desktop/reach/results/26-07-10_i500/bootstrap_diagnostics_run_000/visibility_plots/bootstrap_visibility_392.pdf
393,453.967651,2026-07-13 20:21:44.596209,,,/home2/ihernand/Desktop/reach/results/26-07-10_i500/bootstrap_diagnostics_run_000/bootstrap_393_ldd_inputs.csv,1,84,16,1,87,87,0,22,87,2026-07-13 20:14:10.628558,OK,/home2/ihernand/Desktop/reach/results/26-07-10_i500/bootstrap_diagnostics_run_000/bootstrap_393_traceback.txt,/home2/ihernand/Desktop/reach/results/26-07-10_i500/bootstrap_diagnostics_run_000/bootstrap_393_log.txt,/home2/ihernand/Desktop/reach/results/26-07-10_i500/bootstrap_diagnostics_run_000/visibility_plots/bootstrap_visibility_393_summary.csv,/home2/ihernand/Desktop/reach/results/26-07-10_i500/bootstrap_diagnostics_run_000/visibility_plots/bootstrap_visibility_393.pdf
394,457.238466,2026-07-13 20:29:21.835080,,,/home2/ihernand/Desktop/reach/results/26-07-10_i500/bootstrap_diagnostics_run_000/bootstrap_394_ldd_inputs.csv,1,84,16,1,87,87,0,22,87,2026-07-13 20:21:44.596614,OK,/home2/ihernand/Desktop/reach/results/26-07-10_i500/bootstrap_diagnostics_run_000/bootstrap_394_traceback.txt,/home2/ihernand/Desktop/reach/results/26-07-10_i500/bootstrap_diagnostics_run_000/bootstrap_394_log.txt,/home2/ihernand/Desktop/reach/results/26-07-10_i500/bootstrap_diagnostics_run_000/visibility_plots/bootstrap_visibility_394_summary.csv,/home2/ihernand/Desktop/reach/results/26-07-10_i500/bootstrap_diagnostics_run_000/visibility_plots/bootstrap_visibility_394.pdf
395,437.804359,2026-07-13 20:36:39.639783,,,/home2/ihernand/Desktop/reach/results/26-07-10_i500/bootstrap_diagnostics_run_000/bootstrap_395_ldd_inputs.csv,1,84,16,1,87,87,0,22,87,2026-07-13 20:29:21.835424,OK,/home2/ihernand/Desktop/reach/results/26-07-10_i500/bootstrap_diagnostics_run_000/bootstrap_395_traceback.txt,/home2/ihernand/Desktop/reach/results/26-07-10_i500/bootstrap_diagnostics_run_000/bootstrap_395_log.txt,/home2/ihernand/Desktop/reach/results/26-07-10_i500/bootstrap_diagnostics_run_000/visibility_plots/bootstrap_visibility_395_summary.csv,/home2/ihernand/Desktop/reach/results/26-07-10_i500/bootstrap_diagnostics_run_000/visibility_plots/bootstrap_visibility_395.pdf
396,436.86315,2026-07-13 20:43:56.503215,,,/home2/ihernand/Desktop/reach/results/26-07-10_i500/bootstrap_diagnostics_run_000/bootstrap_396_ldd_inputs.csv,1,84,16,1,87,87,0,22,87,2026-07-13 20:36:39.640065,OK,/home2/ihernand/Desktop/reach/results/26-07-10_i500/bootstrap_diagnostics_run_000/bootstrap_396_traceback.txt,/home2/ihernand/Desktop/reach/results/26-07-10_i500/bootstrap_diagnostics_run_000/bootstrap_396_log.txt,/home2/ihernand/Desktop/reach/results/26-07-10_i500/bootstrap_diagnostics_run_000/visibility_plots/bootstrap_visibility_396_summary.csv,/home2/ihernand/Desktop/reach/results/26-07-10_i500/bootstrap_diagnostics_run_000/visibility_plots/bootstrap_visibility_396.pdf
397,444.337996,2026-07-13 20:51:20.841521,,,/home2/ihernand/Desktop/reach/results/26-07-10_i500/bootstrap_diagnostics_run_000/bootstrap_397_ldd_inputs.csv,1,84,16,1,87,87,0,22,87,2026-07-13 20:43:56.503525,OK,/home2/ihernand/Desktop/reach/results/26-07-10_i500/bootstrap_diagnostics_run_000/bootstrap_397_traceback.txt,/home2/ihernand/Desktop/reach/results/26-07-10_i500/bootstrap_diagnostics_run_000/bootstrap_397_log.txt,/home2/ihernand/Desktop/reach/results/26-07-10_i500/bootstrap_diagnostics_run_000/visibility_plots/bootstrap_visibility_397_summary.csv,/home2/ihernand/Desktop/reach/results/26-07-10_i500/bootstrap_diagnostics_run_000/visibility_plots/bootstrap_visibility_397.pdf
398,437.87631,2026-07-13 20:58:38.718258,,,/home2/ihernand/Desktop/reach/results/26-07-10_i500/bootstrap_diagnostics_run_000/bootstrap_398_ldd_inputs.csv,1,84,16,1,87,87,0,22,87,2026-07-13 20:51:20.841948,OK,/home2/ihernand/Desktop/reach/results/26-07-10_i500/bootstrap_diagnostics_run_000/bootstrap_398_traceback.txt,/home2/ihernand/Desktop/reach/results/26-07-10_i500/bootstrap_diagnostics_run_000/bootstrap_398_log.txt,/home2/ihernand/Desktop/reach/results/26-07-10_i500/bootstrap_diagnostics_run_000/visibility_plots/bootstrap_visibility_398_summary.csv,/home2/ihernand/Desktop/reach/results/26-07-10_i500/bootstrap_diagnostics_run_000/visibility_plots/bootstrap_visibility_398.pdf
399,436.387175,2026-07-13 21:05:55.105905,,,/home2/ihernand/Desktop/reach/results/26-07-10_i500/bootstrap_diagnostics_run_000/bootstrap_399_ldd_inputs.csv,1,84,16,1,87,87,0,22,87,2026-07-13 20:58:38.718730,OK,/home2/ihernand/Desktop/reach/results/26-07-10_i500/bootstrap_diagnostics_run_000/bootstrap_399_traceback.txt,/home2/ihernand/Desktop/reach/results/26-07-10_i500/bootstrap_diagnostics_run_000/bootstrap_399_log.txt,/home2/ihernand/Desktop/reach/results/26-07-10_i500/bootstrap_diagnostics_run_000/visibility_plots/bootstrap_visibility_399_summary.csv,/home2/ihernand/Desktop/reach/results/26-07-10_i500/bootstrap_diagnostics_run_000/visibility_plots/bootstrap_visibility_399.pdf
400,438.0538,2026-07-13 21:13:13.159984,,,/home2/ihernand/Desktop/reach/results/26-07-10_i500/bootstrap_diagnostics_run_000/bootstrap_400_ldd_inputs.csv,1,84,16,1,87,87,0,22,87,2026-07-13 21:05:55.106184,OK,/home2/ihernand/Desktop/reach/results/26-07-10_i500/bootstrap_diagnostics_run_000/bootstrap_400_traceback.txt,/home2/ihernand/Desktop/reach/results/26-07-10_i500/bootstrap_diagnostics_run_000/bootstrap_400_log.txt,/home2/ihernand/Desktop/reach/results/26-07-10_i500/bootstrap_diagnostics_run_000/visibility_plots/bootstrap_visibility_400_summary.csv,/home2/ihernand/Desktop/reach/results/26-07-10_i500/bootstrap_diagnostics_run_000/visibility_plots/bootstrap_visibility_400.pdf
401,436.31668,2026-07-13 21:20:29.477050,,,/home2/ihernand/Desktop/reach/results/26-07-10_i500/bootstrap_diagnostics_run_000/bootstrap_401_ldd_inputs.csv,1,84,16,1,87,87,0,22,87,2026-07-13 21:13:13.160370,OK,/home2/ihernand/Desktop/reach/results/26-07-10_i500/bootstrap_diagnostics_run_000/bootstrap_401_traceback.txt,/home2/ihernand/Desktop/reach/results/26-07-10_i500/bootstrap_diagnostics_run_000/bootstrap_401_log.txt,/home2/ihernand/Desktop/reach/results/26-07-10_i500/bootstrap_diagnostics_run_000/visibility_plots/bootstrap_visibility_401_summary.csv,/home2/ihernand/Desktop/reach/results/26-07-10_i500/bootstrap_diagnostics_run_000/visibility_plots/bootstrap_visibility_401.pdf
402,437.37354,2026-07-13 21:27:46.850837,,,/home2/ihernand/Desktop/reach/results/26-07-10_i500/bootstrap_diagnostics_run_000/bootstrap_402_ldd_inputs.csv,1,84,16,1,87,87,0,22,87,2026-07-13 21:20:29.477297,OK,/home2/ihernand/Desktop/reach/results/26-07-10_i500/bootstrap_diagnostics_run_000/bootstrap_402_traceback.txt,/home2/ihernand/Desktop/reach/results/26-07-10_i500/bootstrap_diagnostics_run_000/bootstrap_402_log.txt,/home2/ihernand/Desktop/reach/results/26-07-10_i500/bootstrap_diagnostics_run_000/visibility_plots/bootstrap_visibility_402_summary.csv,/home2/ihernand/Desktop/reach/results/26-07-10_i500/bootstrap_diagnostics_run_000/visibility_plots/bootstrap_visibility_402.pdf
403,437.9732,2026-07-13 21:35:04.824289,,,/home2/ihernand/Desktop/reach/results/26-07-10_i500/bootstrap_diagnostics_run_000/bootstrap_403_ldd_inputs.csv,1,84,16,1,87,87,0,22,87,2026-07-13 21:27:46.851089,OK,/home2/ihernand/Desktop/reach/results/26-07-10_i500/bootstrap_diagnostics_run_000/bootstrap_403_traceback.txt,/home2/ihernand/Desktop/reach/results/26-07-10_i500/bootstrap_diagnostics_run_000/bootstrap_403_log.txt,/home2/ihernand/Desktop/reach/results/26-07-10_i500/bootstrap_diagnostics_run_000/visibility_plots/bootstrap_visibility_403_summary.csv,/home2/ihernand/Desktop/reach/results/26-07-10_i500/bootstrap_diagnostics_run_000/visibility_plots/bootstrap_visibility_403.pdf
404,441.5183,2026-07-13 21:42:26.343015,,,/home2/ihernand/Desktop/reach/results/26-07-10_i500/bootstrap_diagnostics_run_000/bootstrap_404_ldd_inputs.csv,1,84,16,1,87,87,0,22,87,2026-07-13 21:35:04.824715,OK,/home2/ihernand/Desktop/reach/results/26-07-10_i500/bootstrap_diagnostics_run_000/bootstrap_404_traceback.txt,/home2/ihernand/Desktop/reach/results/26-07-10_i500/bootstrap_diagnostics_run_000/bootstrap_404_log.txt,/home2/ihernand/Desktop/reach/results/26-07-10_i500/bootstrap_diagnostics_run_000/visibility_plots/bootstrap_visibility_404_summary.csv,/home2/ihernand/Desktop/reach/results/26-07-10_i500/bootstrap_diagnostics_run_000/visibility_plots/bootstrap_visibility_404.pdf
405,444.978777,2026-07-13 21:49:51.322048,,,/home2/ihernand/Desktop/reach/results/26-07-10_i500/bootstrap_diagnostics_run_000/bootstrap_405_ldd_inputs.csv,1,84,16,1,87,87,0,22,87,2026-07-13 21:42:26.343271,OK,/home2/ihernand/Desktop/reach/results/26-07-10_i500/bootstrap_diagnostics_run_000/bootstrap_405_traceback.txt,/home2/ihernand/Desktop/reach/results/26-07-10_i500/bootstrap_diagnostics_run_000/bootstrap_405_log.txt,/home2/ihernand/Desktop/reach/results/26-07-10_i500/bootstrap_diagnostics_run_000/visibility_plots/bootstrap_visibility_405_summary.csv,/home2/ihernand/Desktop/reach/results/26-07-10_i500/bootstrap_diagnostics_run_000/visibility_plots/bootstrap_visibility_405.pdf
406,383.698298,2026-07-13 21:56:15.020651,,,/home2/ihernand/Desktop/reach/results/26-07-10_i500/bootstrap_diagnostics_run_000/bootstrap_406_ldd_inputs.csv,1,84,16,1,87,87,0,22,87,2026-07-13 21:49:51.322353,OK,/home2/ihernand/Desktop/reach/results/26-07-10_i500/bootstrap_diagnostics_run_000/bootstrap_406_traceback.txt,/home2/ihernand/Desktop/reach/results/26-07-10_i500/bootstrap_diagnostics_run_000/bootstrap_406_log.txt,/home2/ihernand/Desktop/reach/results/26-07-10_i500/bootstrap_diagnostics_run_000/visibility_plots/bootstrap_visibility_406_summary.csv,/home2/ihernand/Desktop/reach/results/26-07-10_i500/bootstrap_diagnostics_run_000/visibility_plots/bootstrap_visibility_406.pdf
407,452.059867,2026-07-13 22:03:47.080732,,,/home2/ihernand/Desktop/reach/results/26-07-10_i500/bootstrap_diagnostics_run_000/bootstrap_407_ldd_inputs.csv,1,84,16,1,87,87,0,22,87,2026-07-13 21:56:15.020865,OK,/home2/ihernand/Desktop/reach/results/26-07-10_i500/bootstrap_diagnostics_run_000/bootstrap_407_traceback.txt,/home2/ihernand/Desktop/reach/results/26-07-10_i500/bootstrap_diagnostics_run_000/bootstrap_407_log.txt,/home2/ihernand/Desktop/reach/results/26-07-10_i500/bootstrap_diagnostics_run_000/visibility_plots/bootstrap_visibility_407_summary.csv,/home2/ihernand/Desktop/reach/results/26-07-10_i500/bootstrap_diagnostics_run_000/visibility_plots/bootstrap_visibility_407.pdf
408,488.481937,2026-07-13 22:11:55.563228,,,/home2/ihernand/Desktop/reach/results/26-07-10_i500/bootstrap_diagnostics_run_000/bootstrap_408_ldd_inputs.csv,1,84,16,1,87,87,0,22,87,2026-07-13 22:03:47.081291,OK,/home2/ihernand/Desktop/reach/results/26-07-10_i500/bootstrap_diagnostics_run_000/bootstrap_408_traceback.txt,/home2/ihernand/Desktop/reach/results/26-07-10_i500/bootstrap_diagnostics_run_000/bootstrap_408_log.txt,/home2/ihernand/Desktop/reach/results/26-07-10_i500/bootstrap_diagnostics_run_000/visibility_plots/bootstrap_visibility_408_summary.csv,/home2/ihernand/Desktop/reach/results/26-07-10_i500/bootstrap_diagnostics_run_000/visibility_plots/bootstrap_visibility_408.pdf
409,493.933089,2026-07-13 22:20:09.496989,,,/home2/ihernand/Desktop/reach/results/26-07-10_i500/bootstrap_diagnostics_run_000/bootstrap_409_ldd_inputs.csv,1,84,16,1,87,87,0,22,87,2026-07-13 22:11:55.563900,OK,/home2/ihernand/Desktop/reach/results/26-07-10_i500/bootstrap_diagnostics_run_000/bootstrap_409_traceback.txt,/home2/ihernand/Desktop/reach/results/26-07-10_i500/bootstrap_diagnostics_run_000/bootstrap_409_log.txt,/home2/ihernand/Desktop/reach/results/26-07-10_i500/bootstrap_diagnostics_run_000/visibility_plots/bootstrap_visibility_409_summary.csv,/home2/ihernand/Desktop/reach/results/26-07-10_i500/bootstrap_diagnostics_run_000/visibility_plots/bootstrap_visibility_409.pdf
410,495.18439,2026-07-13 22:28:24.681971,,,/home2/ihernand/Desktop/reach/results/26-07-10_i500/bootstrap_diagnostics_run_000/bootstrap_410_ldd_inputs.csv,1,84,16,1,87,87,0,22,87,2026-07-13 22:20:09.497581,OK,/home2/ihernand/Desktop/reach/results/26-07-10_i500/bootstrap_diagnostics_run_000/bootstrap_410_traceback.txt,/home2/ihernand/Desktop/reach/results/26-07-10_i500/bootstrap_diagnostics_run_000/bootstrap_410_log.txt,/home2/ihernand/Desktop/reach/results/26-07-10_i500/bootstrap_diagnostics_run_000/visibility_plots/bootstrap_visibility_410_summary.csv,/home2/ihernand/Desktop/reach/results/26-07-10_i500/bootstrap_diagnostics_run_000/visibility_plots/bootstrap_visibility_410.pdf
411,494.366293,2026-07-13 22:36:39.048783,,,/home2/ihernand/Desktop/reach/results/26-07-10_i500/bootstrap_diagnostics_run_000/bootstrap_411_ldd_inputs.csv,1,84,16,1,87,87,0,22,87,2026-07-13 22:28:24.682490,OK,/home2/ihernand/Desktop/reach/results/26-07-10_i500/bootstrap_diagnostics_run_000/bootstrap_411_traceback.txt,/home2/ihernand/Desktop/reach/results/26-07-10_i500/bootstrap_diagnostics_run_000/bootstrap_411_log.txt,/home2/ihernand/Desktop/reach/results/26-07-10_i500/bootstrap_diagnostics_run_000/visibility_plots/bootstrap_visibility_411_summary.csv,/home2/ihernand/Desktop/reach/results/26-07-10_i500/bootstrap_diagnostics_run_000/visibility_plots/bootstrap_visibility_411.pdf
412,556.649437,2026-07-13 22:45:55.698640,,,/home2/ihernand/Desktop/reach/results/26-07-10_i500/bootstrap_diagnostics_run_000/bootstrap_412_ldd_inputs.csv,1,84,16,1,87,87,0,22,87,2026-07-13 22:36:39.049203,OK,/home2/ihernand/Desktop/reach/results/26-07-10_i500/bootstrap_diagnostics_run_000/bootstrap_412_traceback.txt,/home2/ihernand/Desktop/reach/results/26-07-10_i500/bootstrap_diagnostics_run_000/bootstrap_412_log.txt,/home2/ihernand/Desktop/reach/results/26-07-10_i500/bootstrap_diagnostics_run_000/visibility_plots/bootstrap_visibility_412_summary.csv,/home2/ihernand/Desktop/reach/results/26-07-10_i500/bootstrap_diagnostics_run_000/visibility_plots/bootstrap_visibility_412.pdf
413,500.648231,2026-07-13 22:54:16.347458,,,/home2/ihernand/Desktop/reach/results/26-07-10_i500/bootstrap_diagnostics_run_000/bootstrap_413_ldd_inputs.csv,1,84,16,1,87,87,0,22,87,2026-07-13 22:45:55.699227,OK,/home2/ihernand/Desktop/reach/results/26-07-10_i500/bootstrap_diagnostics_run_000/bootstrap_413_traceback.txt,/home2/ihernand/Desktop/reach/results/26-07-10_i500/bootstrap_diagnostics_run_000/bootstrap_413_log.txt,/home2/ihernand/Desktop/reach/results/26-07-10_i500/bootstrap_diagnostics_run_000/visibility_plots/bootstrap_visibility_413_summary.csv,/home2/ihernand/Desktop/reach/results/26-07-10_i500/bootstrap_diagnostics_run_000/visibility_plots/bootstrap_visibility_413.pdf
414,493.38649,2026-07-13 23:02:29.734261,,,/home2/ihernand/Desktop/reach/results/26-07-10_i500/bootstrap_diagnostics_run_000/bootstrap_414_ldd_inputs.csv,1,84,16,1,87,87,0,22,87,2026-07-13 22:54:16.347771,OK,/home2/ihernand/Desktop/reach/results/26-07-10_i500/bootstrap_diagnostics_run_000/bootstrap_414_traceback.txt,/home2/ihernand/Desktop/reach/results/26-07-10_i500/bootstrap_diagnostics_run_000/bootstrap_414_log.txt,/home2/ihernand/Desktop/reach/results/26-07-10_i500/bootstrap_diagnostics_run_000/visibility_plots/bootstrap_visibility_414_summary.csv,/home2/ihernand/Desktop/reach/results/26-07-10_i500/bootstrap_diagnostics_run_000/visibility_plots/bootstrap_visibility_414.pdf
415,494.671636,2026-07-13 23:10:44.406733,,,/home2/ihernand/Desktop/reach/results/26-07-10_i500/bootstrap_diagnostics_run_000/bootstrap_415_ldd_inputs.csv,1,84,16,1,87,87,0,22,87,2026-07-13 23:02:29.735097,OK,/home2/ihernand/Desktop/reach/results/26-07-10_i500/bootstrap_diagnostics_run_000/bootstrap_415_traceback.txt,/home2/ihernand/Desktop/reach/results/26-07-10_i500/bootstrap_diagnostics_run_000/bootstrap_415_log.txt,/home2/ihernand/Desktop/reach/results/26-07-10_i500/bootstrap_diagnostics_run_000/visibility_plots/bootstrap_visibility_415_summary.csv,/home2/ihernand/Desktop/reach/results/26-07-10_i500/bootstrap_diagnostics_run_000/visibility_plots/bootstrap_visibility_415.pdf
416,496.501453,2026-07-13 23:19:00.908947,,,/home2/ihernand/Desktop/reach/results/26-07-10_i500/bootstrap_diagnostics_run_000/bootstrap_416_ldd_inputs.csv,1,84,16,1,87,87,0,22,87,2026-07-13 23:10:44.407494,OK,/home2/ihernand/Desktop/reach/results/26-07-10_i500/bootstrap_diagnostics_run_000/bootstrap_416_traceback.txt,/home2/ihernand/Desktop/reach/results/26-07-10_i500/bootstrap_diagnostics_run_000/bootstrap_416_log.txt,/home2/ihernand/Desktop/reach/results/26-07-10_i500/bootstrap_diagnostics_run_000/visibility_plots/bootstrap_visibility_416_summary.csv,/home2/ihernand/Desktop/reach/results/26-07-10_i500/bootstrap_diagnostics_run_000/visibility_plots/bootstrap_visibility_416.pdf
417,495.156131,2026-07-13 23:27:16.065396,,,/home2/ihernand/Desktop/reach/results/26-07-10_i500/bootstrap_diagnostics_run_000/bootstrap_417_ldd_inputs.csv,1,84,16,1,87,87,0,22,87,2026-07-13 23:19:00.909265,OK,/home2/ihernand/Desktop/reach/results/26-07-10_i500/bootstrap_diagnostics_run_000/bootstrap_417_traceback.txt,/home2/ihernand/Desktop/reach/results/26-07-10_i500/bootstrap_diagnostics_run_000/bootstrap_417_log.txt,/home2/ihernand/Desktop/reach/results/26-07-10_i500/bootstrap_diagnostics_run_000/visibility_plots/bootstrap_visibility_417_summary.csv,/home2/ihernand/Desktop/reach/results/26-07-10_i500/bootstrap_diagnostics_run_000/visibility_plots/bootstrap_visibility_417.pdf
418,493.894242,2026-07-13 23:35:29.960625,,,/home2/ihernand/Desktop/reach/results/26-07-10_i500/bootstrap_diagnostics_run_000/bootstrap_418_ldd_inputs.csv,1,84,16,1,87,87,0,22,87,2026-07-13 23:27:16.066383,OK,/home2/ihernand/Desktop/reach/results/26-07-10_i500/bootstrap_diagnostics_run_000/bootstrap_418_traceback.txt,/home2/ihernand/Desktop/reach/results/26-07-10_i500/bootstrap_diagnostics_run_000/bootstrap_418_log.txt,/home2/ihernand/Desktop/reach/results/26-07-10_i500/bootstrap_diagnostics_run_000/visibility_plots/bootstrap_visibility_418_summary.csv,/home2/ihernand/Desktop/reach/results/26-07-10_i500/bootstrap_diagnostics_run_000/visibility_plots/bootstrap_visibility_418.pdf
419,494.083714,2026-07-13 23:43:44.044968,,,/home2/ihernand/Desktop/reach/results/26-07-10_i500/bootstrap_diagnostics_run_000/bootstrap_419_ldd_inputs.csv,1,84,16,1,87,87,0,22,87,2026-07-13 23:35:29.961254,OK,/home2/ihernand/Desktop/reach/results/26-07-10_i500/bootstrap_diagnostics_run_000/bootstrap_419_traceback.txt,/home2/ihernand/Desktop/reach/results/26-07-10_i500/bootstrap_diagnostics_run_000/bootstrap_419_log.txt,/home2/ihernand/Desktop/reach/results/26-07-10_i500/bootstrap_diagnostics_run_000/visibility_plots/bootstrap_visibility_419_summary.csv,/home2/ihernand/Desktop/reach/results/26-07-10_i500/bootstrap_diagnostics_run_000/visibility_plots/bootstrap_visibility_419.pdf
420,494.322414,2026-07-13 23:51:58.367712,,,/home2/ihernand/Desktop/reach/results/26-07-10_i500/bootstrap_diagnostics_run_000/bootstrap_420_ldd_inputs.csv,1,84,16,1,87,87,0,22,87,2026-07-13 23:43:44.045298,OK,/home2/ihernand/Desktop/reach/results/26-07-10_i500/bootstrap_diagnostics_run_000/bootstrap_420_traceback.txt,/home2/ihernand/Desktop/reach/results/26-07-10_i500/bootstrap_diagnostics_run_000/bootstrap_420_log.txt,/home2/ihernand/Desktop/reach/results/26-07-10_i500/bootstrap_diagnostics_run_000/visibility_plots/bootstrap_visibility_420_summary.csv,/home2/ihernand/Desktop/reach/results/26-07-10_i500/bootstrap_diagnostics_run_000/visibility_plots/bootstrap_visibility_420.pdf
421,497.69375,2026-07-14 00:00:16.061785,,,/home2/ihernand/Desktop/reach/results/26-07-10_i500/bootstrap_diagnostics_run_000/bootstrap_421_ldd_inputs.csv,1,84,16,1,87,87,0,22,87,2026-07-13 23:51:58.368035,OK,/home2/ihernand/Desktop/reach/results/26-07-10_i500/bootstrap_diagnostics_run_000/bootstrap_421_traceback.txt,/home2/ihernand/Desktop/reach/results/26-07-10_i500/bootstrap_diagnostics_run_000/bootstrap_421_log.txt,/home2/ihernand/Desktop/reach/results/26-07-10_i500/bootstrap_diagnostics_run_000/visibility_plots/bootstrap_visibility_421_summary.csv,/home2/ihernand/Desktop/reach/results/26-07-10_i500/bootstrap_diagnostics_run_000/visibility_plots/bootstrap_visibility_421.pdf
422,443.044126,2026-07-14 00:07:39.106730,,,/home2/ihernand/Desktop/reach/results/26-07-10_i500/bootstrap_diagnostics_run_000/bootstrap_422_ldd_inputs.csv,1,84,16,1,87,87,0,22,87,2026-07-14 00:00:16.062604,OK,/home2/ihernand/Desktop/reach/results/26-07-10_i500/bootstrap_diagnostics_run_000/bootstrap_422_traceback.txt,/home2/ihernand/Desktop/reach/results/26-07-10_i500/bootstrap_diagnostics_run_000/bootstrap_422_log.txt,/home2/ihernand/Desktop/reach/results/26-07-10_i500/bootstrap_diagnostics_run_000/visibility_plots/bootstrap_visibility_422_summary.csv,/home2/ihernand/Desktop/reach/results/26-07-10_i500/bootstrap_diagnostics_run_000/visibility_plots/bootstrap_visibility_422.pdf
423,370.076776,2026-07-14 00:13:49.183721,,,/home2/ihernand/Desktop/reach/results/26-07-10_i500/bootstrap_diagnostics_run_000/bootstrap_423_ldd_inputs.csv,1,84,16,1,87,87,0,22,87,2026-07-14 00:07:39.106945,OK,/home2/ihernand/Desktop/reach/results/26-07-10_i500/bootstrap_diagnostics_run_000/bootstrap_423_traceback.txt,/home2/ihernand/Desktop/reach/results/26-07-10_i500/bootstrap_diagnostics_run_000/bootstrap_423_log.txt,/home2/ihernand/Desktop/reach/results/26-07-10_i500/bootstrap_diagnostics_run_000/visibility_plots/bootstrap_visibility_423_summary.csv,/home2/ihernand/Desktop/reach/results/26-07-10_i500/bootstrap_diagnostics_run_000/visibility_plots/bootstrap_visibility_423.pdf
424,350.182868,2026-07-14 00:19:39.366801,,,/home2/ihernand/Desktop/reach/results/26-07-10_i500/bootstrap_diagnostics_run_000/bootstrap_424_ldd_inputs.csv,1,84,16,1,87,87,0,22,87,2026-07-14 00:13:49.183933,OK,/home2/ihernand/Desktop/reach/results/26-07-10_i500/bootstrap_diagnostics_run_000/bootstrap_424_traceback.txt,/home2/ihernand/Desktop/reach/results/26-07-10_i500/bootstrap_diagnostics_run_000/bootstrap_424_log.txt,/home2/ihernand/Desktop/reach/results/26-07-10_i500/bootstrap_diagnostics_run_000/visibility_plots/bootstrap_visibility_424_summary.csv,/home2/ihernand/Desktop/reach/results/26-07-10_i500/bootstrap_diagnostics_run_000/visibility_plots/bootstrap_visibility_424.pdf
425,349.315096,2026-07-14 00:25:28.682121,,,/home2/ihernand/Desktop/reach/results/26-07-10_i500/bootstrap_diagnostics_run_000/bootstrap_425_ldd_inputs.csv,1,84,16,1,87,87,0,22,87,2026-07-14 00:19:39.367025,OK,/home2/ihernand/Desktop/reach/results/26-07-10_i500/bootstrap_diagnostics_run_000/bootstrap_425_traceback.txt,/home2/ihernand/Desktop/reach/results/26-07-10_i500/bootstrap_diagnostics_run_000/bootstrap_425_log.txt,/home2/ihernand/Desktop/reach/results/26-07-10_i500/bootstrap_diagnostics_run_000/visibility_plots/bootstrap_visibility_425_summary.csv,/home2/ihernand/Desktop/reach/results/26-07-10_i500/bootstrap_diagnostics_run_000/visibility_plots/bootstrap_visibility_425.pdf
426,351.882267,2026-07-14 00:31:20.564620,,,/home2/ihernand/Desktop/reach/results/26-07-10_i500/bootstrap_diagnostics_run_000/bootstrap_426_ldd_inputs.csv,1,84,16,1,87,87,0,22,87,2026-07-14 00:25:28.682353,OK,/home2/ihernand/Desktop/reach/results/26-07-10_i500/bootstrap_diagnostics_run_000/bootstrap_426_traceback.txt,/home2/ihernand/Desktop/reach/results/26-07-10_i500/bootstrap_diagnostics_run_000/bootstrap_426_log.txt,/home2/ihernand/Desktop/reach/results/26-07-10_i500/bootstrap_diagnostics_run_000/visibility_plots/bootstrap_visibility_426_summary.csv,/home2/ihernand/Desktop/reach/results/26-07-10_i500/bootstrap_diagnostics_run_000/visibility_plots/bootstrap_visibility_426.pdf
427,352.087478,2026-07-14 00:37:12.652335,,,/home2/ihernand/Desktop/reach/results/26-07-10_i500/bootstrap_diagnostics_run_000/bootstrap_427_ldd_inputs.csv,1,84,16,1,87,87,0,22,87,2026-07-14 00:31:20.564857,OK,/home2/ihernand/Desktop/reach/results/26-07-10_i500/bootstrap_diagnostics_run_000/bootstrap_427_traceback.txt,/home2/ihernand/Desktop/reach/results/26-07-10_i500/bootstrap_diagnostics_run_000/bootstrap_427_log.txt,/home2/ihernand/Desktop/reach/results/26-07-10_i500/bootstrap_diagnostics_run_000/visibility_plots/bootstrap_visibility_427_summary.csv,/home2/ihernand/Desktop/reach/results/26-07-10_i500/bootstrap_diagnostics_run_000/visibility_plots/bootstrap_visibility_427.pdf
428,351.428238,2026-07-14 00:43:04.080786,,,/home2/ihernand/Desktop/reach/results/26-07-10_i500/bootstrap_diagnostics_run_000/bootstrap_428_ldd_inputs.csv,1,84,16,1,87,87,0,22,87,2026-07-14 00:37:12.652548,OK,/home2/ihernand/Desktop/reach/results/26-07-10_i500/bootstrap_diagnostics_run_000/bootstrap_428_traceback.txt,/home2/ihernand/Desktop/reach/results/26-07-10_i500/bootstrap_diagnostics_run_000/bootstrap_428_log.txt,/home2/ihernand/Desktop/reach/results/26-07-10_i500/bootstrap_diagnostics_run_000/visibility_plots/bootstrap_visibility_428_summary.csv,/home2/ihernand/Desktop/reach/results/26-07-10_i500/bootstrap_diagnostics_run_000/visibility_plots/bootstrap_visibility_428.pdf
429,352.437065,2026-07-14 00:48:56.518052,,,/home2/ihernand/Desktop/reach/results/26-07-10_i500/bootstrap_diagnostics_run_000/bootstrap_429_ldd_inputs.csv,1,84,16,1,87,87,0,22,87,2026-07-14 00:43:04.080987,OK,/home2/ihernand/Desktop/reach/results/26-07-10_i500/bootstrap_diagnostics_run_000/bootstrap_429_traceback.txt,/home2/ihernand/Desktop/reach/results/26-07-10_i500/bootstrap_diagnostics_run_000/bootstrap_429_log.txt,/home2/ihernand/Desktop/reach/results/26-07-10_i500/bootstrap_diagnostics_run_000/visibility_plots/bootstrap_visibility_429_summary.csv,/home2/ihernand/Desktop/reach/results/26-07-10_i500/bootstrap_diagnostics_run_000/visibility_plots/bootstrap_visibility_429.pdf
430,351.749471,2026-07-14 00:54:48.267710,,,/home2/ihernand/Desktop/reach/results/26-07-10_i500/bootstrap_diagnostics_run_000/bootstrap_430_ldd_inputs.csv,1,84,16,1,87,87,0,22,87,2026-07-14 00:48:56.518239,OK,/home2/ihernand/Desktop/reach/results/26-07-10_i500/bootstrap_diagnostics_run_000/bootstrap_430_traceback.txt,/home2/ihernand/Desktop/reach/results/26-07-10_i500/bootstrap_diagnostics_run_000/bootstrap_430_log.txt,/home2/ihernand/Desktop/reach/results/26-07-10_i500/bootstrap_diagnostics_run_000/visibility_plots/bootstrap_visibility_430_summary.csv,/home2/ihernand/Desktop/reach/results/26-07-10_i500/bootstrap_diagnostics_run_000/visibility_plots/bootstrap_visibility_430.pdf
431,352.546168,2026-07-14 01:00:40.814116,,,/home2/ihernand/Desktop/reach/results/26-07-10_i500/bootstrap_diagnostics_run_000/bootstrap_431_ldd_inputs.csv,1,84,16,1,87,87,0,22,87,2026-07-14 00:54:48.267948,OK,/home2/ihernand/Desktop/reach/results/26-07-10_i500/bootstrap_diagnostics_run_000/bootstrap_431_traceback.txt,/home2/ihernand/Desktop/reach/results/26-07-10_i500/bootstrap_diagnostics_run_000/bootstrap_431_log.txt,/home2/ihernand/Desktop/reach/results/26-07-10_i500/bootstrap_diagnostics_run_000/visibility_plots/bootstrap_visibility_431_summary.csv,/home2/ihernand/Desktop/reach/results/26-07-10_i500/bootstrap_diagnostics_run_000/visibility_plots/bootstrap_visibility_431.pdf
432,352.254698,2026-07-14 01:06:33.069025,,,/home2/ihernand/Desktop/reach/results/26-07-10_i500/bootstrap_diagnostics_run_000/bootstrap_432_ldd_inputs.csv,1,84,16,1,87,87,0,22,87,2026-07-14 01:00:40.814327,OK,/home2/ihernand/Desktop/reach/results/26-07-10_i500/bootstrap_diagnostics_run_000/bootstrap_432_traceback.txt,/home2/ihernand/Desktop/reach/results/26-07-10_i500/bootstrap_diagnostics_run_000/bootstrap_432_log.txt,/home2/ihernand/Desktop/reach/results/26-07-10_i500/bootstrap_diagnostics_run_000/visibility_plots/bootstrap_visibility_432_summary.csv,/home2/ihernand/Desktop/reach/results/26-07-10_i500/bootstrap_diagnostics_run_000/visibility_plots/bootstrap_visibility_432.pdf
433,351.759509,2026-07-14 01:12:24.828767,,,/home2/ihernand/Desktop/reach/results/26-07-10_i500/bootstrap_diagnostics_run_000/bootstrap_433_ldd_inputs.csv,1,84,16,1,87,87,0,22,87,2026-07-14 01:06:33.069258,OK,/home2/ihernand/Desktop/reach/results/26-07-10_i500/bootstrap_diagnostics_run_000/bootstrap_433_traceback.txt,/home2/ihernand/Desktop/reach/results/26-07-10_i500/bootstrap_diagnostics_run_000/bootstrap_433_log.txt,/home2/ihernand/Desktop/reach/results/26-07-10_i500/bootstrap_diagnostics_run_000/visibility_plots/bootstrap_visibility_433_summary.csv,/home2/ihernand/Desktop/reach/results/26-07-10_i500/bootstrap_diagnostics_run_000/visibility_plots/bootstrap_visibility_433.pdf
434,352.333782,2026-07-14 01:18:17.162785,,,/home2/ihernand/Desktop/reach/results/26-07-10_i500/bootstrap_diagnostics_run_000/bootstrap_434_ldd_inputs.csv,1,84,16,1,87,87,0,22,87,2026-07-14 01:12:24.829003,OK,/home2/ihernand/Desktop/reach/results/26-07-10_i500/bootstrap_diagnostics_run_000/bootstrap_434_traceback.txt,/home2/ihernand/Desktop/reach/results/26-07-10_i500/bootstrap_diagnostics_run_000/bootstrap_434_log.txt,/home2/ihernand/Desktop/reach/results/26-07-10_i500/bootstrap_diagnostics_run_000/visibility_plots/bootstrap_visibility_434_summary.csv,/home2/ihernand/Desktop/reach/results/26-07-10_i500/bootstrap_diagnostics_run_000/visibility_plots/bootstrap_visibility_434.pdf
435,351.526396,2026-07-14 01:24:08.689376,,,/home2/ihernand/Desktop/reach/results/26-07-10_i500/bootstrap_diagnostics_run_000/bootstrap_435_ldd_inputs.csv,1,84,16,1,87,87,0,22,87,2026-07-14 01:18:17.162980,OK,/home2/ihernand/Desktop/reach/results/26-07-10_i500/bootstrap_diagnostics_run_000/bootstrap_435_traceback.txt,/home2/ihernand/Desktop/reach/results/26-07-10_i500/bootstrap_diagnostics_run_000/bootstrap_435_log.txt,/home2/ihernand/Desktop/reach/results/26-07-10_i500/bootstrap_diagnostics_run_000/visibility_plots/bootstrap_visibility_435_summary.csv,/home2/ihernand/Desktop/reach/results/26-07-10_i500/bootstrap_diagnostics_run_000/visibility_plots/bootstrap_visibility_435.pdf
436,352.021147,2026-07-14 01:30:00.710810,,,/home2/ihernand/Desktop/reach/results/26-07-10_i500/bootstrap_diagnostics_run_000/bootstrap_436_ldd_inputs.csv,1,84,16,1,87,87,0,22,87,2026-07-14 01:24:08.689663,OK,/home2/ihernand/Desktop/reach/results/26-07-10_i500/bootstrap_diagnostics_run_000/bootstrap_436_traceback.txt,/home2/ihernand/Desktop/reach/results/26-07-10_i500/bootstrap_diagnostics_run_000/bootstrap_436_log.txt,/home2/ihernand/Desktop/reach/results/26-07-10_i500/bootstrap_diagnostics_run_000/visibility_plots/bootstrap_visibility_436_summary.csv,/home2/ihernand/Desktop/reach/results/26-07-10_i500/bootstrap_diagnostics_run_000/visibility_plots/bootstrap_visibility_436.pdf
437,351.96574,2026-07-14 01:35:52.676743,,,/home2/ihernand/Desktop/reach/results/26-07-10_i500/bootstrap_diagnostics_run_000/bootstrap_437_ldd_inputs.csv,1,84,16,1,87,87,0,22,87,2026-07-14 01:30:00.711003,OK,/home2/ihernand/Desktop/reach/results/26-07-10_i500/bootstrap_diagnostics_run_000/bootstrap_437_traceback.txt,/home2/ihernand/Desktop/reach/results/26-07-10_i500/bootstrap_diagnostics_run_000/bootstrap_437_log.txt,/home2/ihernand/Desktop/reach/results/26-07-10_i500/bootstrap_diagnostics_run_000/visibility_plots/bootstrap_visibility_437_summary.csv,/home2/ihernand/Desktop/reach/results/26-07-10_i500/bootstrap_diagnostics_run_000/visibility_plots/bootstrap_visibility_437.pdf
438,351.303701,2026-07-14 01:41:43.980655,,,/home2/ihernand/Desktop/reach/results/26-07-10_i500/bootstrap_diagnostics_run_000/bootstrap_438_ldd_inputs.csv,1,84,16,1,87,87,0,22,87,2026-07-14 01:35:52.676954,OK,/home2/ihernand/Desktop/reach/results/26-07-10_i500/bootstrap_diagnostics_run_000/bootstrap_438_traceback.txt,/home2/ihernand/Desktop/reach/results/26-07-10_i500/bootstrap_diagnostics_run_000/bootstrap_438_log.txt,/home2/ihernand/Desktop/reach/results/26-07-10_i500/bootstrap_diagnostics_run_000/visibility_plots/bootstrap_visibility_438_summary.csv,/home2/ihernand/Desktop/reach/results/26-07-10_i500/bootstrap_diagnostics_run_000/visibility_plots/bootstrap_visibility_438.pdf
439,351.344392,2026-07-14 01:47:35.325243,,,/home2/ihernand/Desktop/reach/results/26-07-10_i500/bootstrap_diagnostics_run_000/bootstrap_439_ldd_inputs.csv,1,84,16,1,87,87,0,22,87,2026-07-14 01:41:43.980851,OK,/home2/ihernand/Desktop/reach/results/26-07-10_i500/bootstrap_diagnostics_run_000/bootstrap_439_traceback.txt,/home2/ihernand/Desktop/reach/results/26-07-10_i500/bootstrap_diagnostics_run_000/bootstrap_439_log.txt,/home2/ihernand/Desktop/reach/results/26-07-10_i500/bootstrap_diagnostics_run_000/visibility_plots/bootstrap_visibility_439_summary.csv,/home2/ihernand/Desktop/reach/results/26-07-10_i500/bootstrap_diagnostics_run_000/visibility_plots/bootstrap_visibility_439.pdf
440,351.329052,2026-07-14 01:53:26.654502,,,/home2/ihernand/Desktop/reach/results/26-07-10_i500/bootstrap_diagnostics_run_000/bootstrap_440_ldd_inputs.csv,1,84,16,1,87,87,0,22,87,2026-07-14 01:47:35.325450,OK,/home2/ihernand/Desktop/reach/results/26-07-10_i500/bootstrap_diagnostics_run_000/bootstrap_440_traceback.txt,/home2/ihernand/Desktop/reach/results/26-07-10_i500/bootstrap_diagnostics_run_000/bootstrap_440_log.txt,/home2/ihernand/Desktop/reach/results/26-07-10_i500/bootstrap_diagnostics_run_000/visibility_plots/bootstrap_visibility_440_summary.csv,/home2/ihernand/Desktop/reach/results/26-07-10_i500/bootstrap_diagnostics_run_000/visibility_plots/bootstrap_visibility_440.pdf
441,351.472569,2026-07-14 01:59:18.127266,,,/home2/ihernand/Desktop/reach/results/26-07-10_i500/bootstrap_diagnostics_run_000/bootstrap_441_ldd_inputs.csv,1,84,16,1,87,87,0,22,87,2026-07-14 01:53:26.654697,OK,/home2/ihernand/Desktop/reach/results/26-07-10_i500/bootstrap_diagnostics_run_000/bootstrap_441_traceback.txt,/home2/ihernand/Desktop/reach/results/26-07-10_i500/bootstrap_diagnostics_run_000/bootstrap_441_log.txt,/home2/ihernand/Desktop/reach/results/26-07-10_i500/bootstrap_diagnostics_run_000/visibility_plots/bootstrap_visibility_441_summary.csv,/home2/ihernand/Desktop/reach/results/26-07-10_i500/bootstrap_diagnostics_run_000/visibility_plots/bootstrap_visibility_441.pdf
442,349.957655,2026-07-14 02:05:08.085129,,,/home2/ihernand/Desktop/reach/results/26-07-10_i500/bootstrap_diagnostics_run_000/bootstrap_442_ldd_inputs.csv,1,84,16,1,87,87,0,22,87,2026-07-14 01:59:18.127474,OK,/home2/ihernand/Desktop/reach/results/26-07-10_i500/bootstrap_diagnostics_run_000/bootstrap_442_traceback.txt,/home2/ihernand/Desktop/reach/results/26-07-10_i500/bootstrap_diagnostics_run_000/bootstrap_442_log.txt,/home2/ihernand/Desktop/reach/results/26-07-10_i500/bootstrap_diagnostics_run_000/visibility_plots/bootstrap_visibility_442_summary.csv,/home2/ihernand/Desktop/reach/results/26-07-10_i500/bootstrap_diagnostics_run_000/visibility_plots/bootstrap_visibility_442.pdf
443,352.676915,2026-07-14 02:11:00.762276,,,/home2/ihernand/Desktop/reach/results/26-07-10_i500/bootstrap_diagnostics_run_000/bootstrap_443_ldd_inputs.csv,1,84,16,1,87,87,0,22,87,2026-07-14 02:05:08.085361,OK,/home2/ihernand/Desktop/reach/results/26-07-10_i500/bootstrap_diagnostics_run_000/bootstrap_443_traceback.txt,/home2/ihernand/Desktop/reach/results/26-07-10_i500/bootstrap_diagnostics_run_000/bootstrap_443_log.txt,/home2/ihernand/Desktop/reach/results/26-07-10_i500/bootstrap_diagnostics_run_000/visibility_plots/bootstrap_visibility_443_summary.csv,/home2/ihernand/Desktop/reach/results/26-07-10_i500/bootstrap_diagnostics_run_000/visibility_plots/bootstrap_visibility_443.pdf
444,352.281106,2026-07-14 02:16:53.043623,,,/home2/ihernand/Desktop/reach/results/26-07-10_i500/bootstrap_diagnostics_run_000/bootstrap_444_ldd_inputs.csv,1,84,16,1,87,87,0,22,87,2026-07-14 02:11:00.762517,OK,/home2/ihernand/Desktop/reach/results/26-07-10_i500/bootstrap_diagnostics_run_000/bootstrap_444_traceback.txt,/home2/ihernand/Desktop/reach/results/26-07-10_i500/bootstrap_diagnostics_run_000/bootstrap_444_log.txt,/home2/ihernand/Desktop/reach/results/26-07-10_i500/bootstrap_diagnostics_run_000/visibility_plots/bootstrap_visibility_444_summary.csv,/home2/ihernand/Desktop/reach/results/26-07-10_i500/bootstrap_diagnostics_run_000/visibility_plots/bootstrap_visibility_444.pdf
445,350.959793,2026-07-14 02:22:44.003723,,,/home2/ihernand/Desktop/reach/results/26-07-10_i500/bootstrap_diagnostics_run_000/bootstrap_445_ldd_inputs.csv,1,84,16,1,87,87,0,22,87,2026-07-14 02:16:53.043930,OK,/home2/ihernand/Desktop/reach/results/26-07-10_i500/bootstrap_diagnostics_run_000/bootstrap_445_traceback.txt,/home2/ihernand/Desktop/reach/results/26-07-10_i500/bootstrap_diagnostics_run_000/bootstrap_445_log.txt,/home2/ihernand/Desktop/reach/results/26-07-10_i500/bootstrap_diagnostics_run_000/visibility_plots/bootstrap_visibility_445_summary.csv,/home2/ihernand/Desktop/reach/results/26-07-10_i500/bootstrap_diagnostics_run_000/visibility_plots/bootstrap_visibility_445.pdf
446,352.430049,2026-07-14 02:28:36.433988,,,/home2/ihernand/Desktop/reach/results/26-07-10_i500/bootstrap_diagnostics_run_000/bootstrap_446_ldd_inputs.csv,1,84,16,1,87,87,0,22,87,2026-07-14 02:22:44.003939,OK,/home2/ihernand/Desktop/reach/results/26-07-10_i500/bootstrap_diagnostics_run_000/bootstrap_446_traceback.txt,/home2/ihernand/Desktop/reach/results/26-07-10_i500/bootstrap_diagnostics_run_000/bootstrap_446_log.txt,/home2/ihernand/Desktop/reach/results/26-07-10_i500/bootstrap_diagnostics_run_000/visibility_plots/bootstrap_visibility_446_summary.csv,/home2/ihernand/Desktop/reach/results/26-07-10_i500/bootstrap_diagnostics_run_000/visibility_plots/bootstrap_visibility_446.pdf
447,351.815137,2026-07-14 02:34:28.249342,,,/home2/ihernand/Desktop/reach/results/26-07-10_i500/bootstrap_diagnostics_run_000/bootstrap_447_ldd_inputs.csv,1,84,16,1,87,87,0,22,87,2026-07-14 02:28:36.434205,OK,/home2/ihernand/Desktop/reach/results/26-07-10_i500/bootstrap_diagnostics_run_000/bootstrap_447_traceback.txt,/home2/ihernand/Desktop/reach/results/26-07-10_i500/bootstrap_diagnostics_run_000/bootstrap_447_log.txt,/home2/ihernand/Desktop/reach/results/26-07-10_i500/bootstrap_diagnostics_run_000/visibility_plots/bootstrap_visibility_447_summary.csv,/home2/ihernand/Desktop/reach/results/26-07-10_i500/bootstrap_diagnostics_run_000/visibility_plots/bootstrap_visibility_447.pdf
448,349.989919,2026-07-14 02:40:18.239459,,,/home2/ihernand/Desktop/reach/results/26-07-10_i500/bootstrap_diagnostics_run_000/bootstrap_448_ldd_inputs.csv,1,84,16,1,87,87,0,22,87,2026-07-14 02:34:28.249540,OK,/home2/ihernand/Desktop/reach/results/26-07-10_i500/bootstrap_diagnostics_run_000/bootstrap_448_traceback.txt,/home2/ihernand/Desktop/reach/results/26-07-10_i500/bootstrap_diagnostics_run_000/bootstrap_448_log.txt,/home2/ihernand/Desktop/reach/results/26-07-10_i500/bootstrap_diagnostics_run_000/visibility_plots/bootstrap_visibility_448_summary.csv,/home2/ihernand/Desktop/reach/results/26-07-10_i500/bootstrap_diagnostics_run_000/visibility_plots/bootstrap_visibility_448.pdf
449,351.803371,2026-07-14 02:46:10.043048,,,/home2/ihernand/Desktop/reach/results/26-07-10_i500/bootstrap_diagnostics_run_000/bootstrap_449_ldd_inputs.csv,1,84,16,1,87,87,0,22,87,2026-07-14 02:40:18.239677,OK,/home2/ihernand/Desktop/reach/results/26-07-10_i500/bootstrap_diagnostics_run_000/bootstrap_449_traceback.txt,/home2/ihernand/Desktop/reach/results/26-07-10_i500/bootstrap_diagnostics_run_000/bootstrap_449_log.txt,/home2/ihernand/Desktop/reach/results/26-07-10_i500/bootstrap_diagnostics_run_000/visibility_plots/bootstrap_visibility_449_summary.csv,/home2/ihernand/Desktop/reach/results/26-07-10_i500/bootstrap_diagnostics_run_000/visibility_plots/bootstrap_visibility_449.pdf
450,352.221888,2026-07-14 02:52:02.265139,,,/home2/ihernand/Desktop/reach/results/26-07-10_i500/bootstrap_diagnostics_run_000/bootstrap_450_ldd_inputs.csv,1,84,16,1,87,87,0,22,87,2026-07-14 02:46:10.043251,OK,/home2/ihernand/Desktop/reach/results/26-07-10_i500/bootstrap_diagnostics_run_000/bootstrap_450_traceback.txt,/home2/ihernand/Desktop/reach/results/26-07-10_i500/bootstrap_diagnostics_run_000/bootstrap_450_log.txt,/home2/ihernand/Desktop/reach/results/26-07-10_i500/bootstrap_diagnostics_run_000/visibility_plots/bootstrap_visibility_450_summary.csv,/home2/ihernand/Desktop/reach/results/26-07-10_i500/bootstrap_diagnostics_run_000/visibility_plots/bootstrap_visibility_450.pdf
451,350.017691,2026-07-14 02:57:52.283019,,,/home2/ihernand/Desktop/reach/results/26-07-10_i500/bootstrap_diagnostics_run_000/bootstrap_451_ldd_inputs.csv,1,84,16,1,87,87,0,22,87,2026-07-14 02:52:02.265328,OK,/home2/ihernand/Desktop/reach/results/26-07-10_i500/bootstrap_diagnostics_run_000/bootstrap_451_traceback.txt,/home2/ihernand/Desktop/reach/results/26-07-10_i500/bootstrap_diagnostics_run_000/bootstrap_451_log.txt,/home2/ihernand/Desktop/reach/results/26-07-10_i500/bootstrap_diagnostics_run_000/visibility_plots/bootstrap_visibility_451_summary.csv,/home2/ihernand/Desktop/reach/results/26-07-10_i500/bootstrap_diagnostics_run_000/visibility_plots/bootstrap_visibility_451.pdf
452,352.004006,2026-07-14 03:03:44.287255,,,/home2/ihernand/Desktop/reach/results/26-07-10_i500/bootstrap_diagnostics_run_000/bootstrap_452_ldd_inputs.csv,1,84,16,1,87,87,0,22,87,2026-07-14 02:57:52.283249,OK,/home2/ihernand/Desktop/reach/results/26-07-10_i500/bootstrap_diagnostics_run_000/bootstrap_452_traceback.txt,/home2/ihernand/Desktop/reach/results/26-07-10_i500/bootstrap_diagnostics_run_000/bootstrap_452_log.txt,/home2/ihernand/Desktop/reach/results/26-07-10_i500/bootstrap_diagnostics_run_000/visibility_plots/bootstrap_visibility_452_summary.csv,/home2/ihernand/Desktop/reach/results/26-07-10_i500/bootstrap_diagnostics_run_000/visibility_plots/bootstrap_visibility_452.pdf
453,352.646778,2026-07-14 03:09:36.934245,,,/home2/ihernand/Desktop/reach/results/26-07-10_i500/bootstrap_diagnostics_run_000/bootstrap_453_ldd_inputs.csv,1,84,16,1,87,87,0,22,87,2026-07-14 03:03:44.287467,OK,/home2/ihernand/Desktop/reach/results/26-07-10_i500/bootstrap_diagnostics_run_000/bootstrap_453_traceback.txt,/home2/ihernand/Desktop/reach/results/26-07-10_i500/bootstrap_diagnostics_run_000/bootstrap_453_log.txt,/home2/ihernand/Desktop/reach/results/26-07-10_i500/bootstrap_diagnostics_run_000/visibility_plots/bootstrap_visibility_453_summary.csv,/home2/ihernand/Desktop/reach/results/26-07-10_i500/bootstrap_diagnostics_run_000/visibility_plots/bootstrap_visibility_453.pdf
454,352.613342,2026-07-14 03:15:29.547804,,,/home2/ihernand/Desktop/reach/results/26-07-10_i500/bootstrap_diagnostics_run_000/bootstrap_454_ldd_inputs.csv,1,84,16,1,87,87,0,22,87,2026-07-14 03:09:36.934462,OK,/home2/ihernand/Desktop/reach/results/26-07-10_i500/bootstrap_diagnostics_run_000/bootstrap_454_traceback.txt,/home2/ihernand/Desktop/reach/results/26-07-10_i500/bootstrap_diagnostics_run_000/bootstrap_454_log.txt,/home2/ihernand/Desktop/reach/results/26-07-10_i500/bootstrap_diagnostics_run_000/visibility_plots/bootstrap_visibility_454_summary.csv,/home2/ihernand/Desktop/reach/results/26-07-10_i500/bootstrap_diagnostics_run_000/visibility_plots/bootstrap_visibility_454.pdf
455,353.095322,2026-07-14 03:21:22.643317,,,/home2/ihernand/Desktop/reach/results/26-07-10_i500/bootstrap_diagnostics_run_000/bootstrap_455_ldd_inputs.csv,1,84,16,1,87,87,0,22,87,2026-07-14 03:15:29.547995,OK,/home2/ihernand/Desktop/reach/results/26-07-10_i500/bootstrap_diagnostics_run_000/bootstrap_455_traceback.txt,/home2/ihernand/Desktop/reach/results/26-07-10_i500/bootstrap_diagnostics_run_000/bootstrap_455_log.txt,/home2/ihernand/Desktop/reach/results/26-07-10_i500/bootstrap_diagnostics_run_000/visibility_plots/bootstrap_visibility_455_summary.csv,/home2/ihernand/Desktop/reach/results/26-07-10_i500/bootstrap_diagnostics_run_000/visibility_plots/bootstrap_visibility_455.pdf
456,351.276678,2026-07-14 03:27:13.920205,,,/home2/ihernand/Desktop/reach/results/26-07-10_i500/bootstrap_diagnostics_run_000/bootstrap_456_ldd_inputs.csv,1,84,16,1,87,87,0,22,87,2026-07-14 03:21:22.643527,OK,/home2/ihernand/Desktop/reach/results/26-07-10_i500/bootstrap_diagnostics_run_000/bootstrap_456_traceback.txt,/home2/ihernand/Desktop/reach/results/26-07-10_i500/bootstrap_diagnostics_run_000/bootstrap_456_log.txt,/home2/ihernand/Desktop/reach/results/26-07-10_i500/bootstrap_diagnostics_run_000/visibility_plots/bootstrap_visibility_456_summary.csv,/home2/ihernand/Desktop/reach/results/26-07-10_i500/bootstrap_diagnostics_run_000/visibility_plots/bootstrap_visibility_456.pdf
457,352.4845,2026-07-14 03:33:06.404929,,,/home2/ihernand/Desktop/reach/results/26-07-10_i500/bootstrap_diagnostics_run_000/bootstrap_457_ldd_inputs.csv,1,84,16,1,87,87,0,22,87,2026-07-14 03:27:13.920429,OK,/home2/ihernand/Desktop/reach/results/26-07-10_i500/bootstrap_diagnostics_run_000/bootstrap_457_traceback.txt,/home2/ihernand/Desktop/reach/results/26-07-10_i500/bootstrap_diagnostics_run_000/bootstrap_457_log.txt,/home2/ihernand/Desktop/reach/results/26-07-10_i500/bootstrap_diagnostics_run_000/visibility_plots/bootstrap_visibility_457_summary.csv,/home2/ihernand/Desktop/reach/results/26-07-10_i500/bootstrap_diagnostics_run_000/visibility_plots/bootstrap_visibility_457.pdf
458,351.455978,2026-07-14 03:38:57.861118,,,/home2/ihernand/Desktop/reach/results/26-07-10_i500/bootstrap_diagnostics_run_000/bootstrap_458_ldd_inputs.csv,1,84,16,1,87,87,0,22,87,2026-07-14 03:33:06.405140,OK,/home2/ihernand/Desktop/reach/results/26-07-10_i500/bootstrap_diagnostics_run_000/bootstrap_458_traceback.txt,/home2/ihernand/Desktop/reach/results/26-07-10_i500/bootstrap_diagnostics_run_000/bootstrap_458_log.txt,/home2/ihernand/Desktop/reach/results/26-07-10_i500/bootstrap_diagnostics_run_000/visibility_plots/bootstrap_visibility_458_summary.csv,/home2/ihernand/Desktop/reach/results/26-07-10_i500/bootstrap_diagnostics_run_000/visibility_plots/bootstrap_visibility_458.pdf
459,352.478491,2026-07-14 03:44:50.339804,,,/home2/ihernand/Desktop/reach/results/26-07-10_i500/bootstrap_diagnostics_run_000/bootstrap_459_ldd_inputs.csv,1,84,16,1,87,87,0,22,87,2026-07-14 03:38:57.861313,OK,/home2/ihernand/Desktop/reach/results/26-07-10_i500/bootstrap_diagnostics_run_000/bootstrap_459_traceback.txt,/home2/ihernand/Desktop/reach/results/26-07-10_i500/bootstrap_diagnostics_run_000/bootstrap_459_log.txt,/home2/ihernand/Desktop/reach/results/26-07-10_i500/bootstrap_diagnostics_run_000/visibility_plots/bootstrap_visibility_459_summary.csv,/home2/ihernand/Desktop/reach/results/26-07-10_i500/bootstrap_diagnostics_run_000/visibility_plots/bootstrap_visibility_459.pdf
460,350.876989,2026-07-14 03:50:41.217020,,,/home2/ihernand/Desktop/reach/results/26-07-10_i500/bootstrap_diagnostics_run_000/bootstrap_460_ldd_inputs.csv,1,84,16,1,87,87,0,22,87,2026-07-14 03:44:50.340031,OK,/home2/ihernand/Desktop/reach/results/26-07-10_i500/bootstrap_diagnostics_run_000/bootstrap_460_traceback.txt,/home2/ihernand/Desktop/reach/results/26-07-10_i500/bootstrap_diagnostics_run_000/bootstrap_460_log.txt,/home2/ihernand/Desktop/reach/results/26-07-10_i500/bootstrap_diagnostics_run_000/visibility_plots/bootstrap_visibility_460_summary.csv,/home2/ihernand/Desktop/reach/results/26-07-10_i500/bootstrap_diagnostics_run_000/visibility_plots/bootstrap_visibility_460.pdf
461,351.503741,2026-07-14 03:56:32.720954,,,/home2/ihernand/Desktop/reach/results/26-07-10_i500/bootstrap_diagnostics_run_000/bootstrap_461_ldd_inputs.csv,1,84,16,1,87,87,0,22,87,2026-07-14 03:50:41.217213,OK,/home2/ihernand/Desktop/reach/results/26-07-10_i500/bootstrap_diagnostics_run_000/bootstrap_461_traceback.txt,/home2/ihernand/Desktop/reach/results/26-07-10_i500/bootstrap_diagnostics_run_000/bootstrap_461_log.txt,/home2/ihernand/Desktop/reach/results/26-07-10_i500/bootstrap_diagnostics_run_000/visibility_plots/bootstrap_visibility_461_summary.csv,/home2/ihernand/Desktop/reach/results/26-07-10_i500/bootstrap_diagnostics_run_000/visibility_plots/bootstrap_visibility_461.pdf
462,352.096349,2026-07-14 04:02:24.817512,,,/home2/ihernand/Desktop/reach/results/26-07-10_i500/bootstrap_diagnostics_run_000/bootstrap_462_ldd_inputs.csv,1,84,16,1,87,87,0,22,87,2026-07-14 03:56:32.721163,OK,/home2/ihernand/Desktop/reach/results/26-07-10_i500/bootstrap_diagnostics_run_000/bootstrap_462_traceback.txt,/home2/ihernand/Desktop/reach/results/26-07-10_i500/bootstrap_diagnostics_run_000/bootstrap_462_log.txt,/home2/ihernand/Desktop/reach/results/26-07-10_i500/bootstrap_diagnostics_run_000/visibility_plots/bootstrap_visibility_462_summary.csv,/home2/ihernand/Desktop/reach/results/26-07-10_i500/bootstrap_diagnostics_run_000/visibility_plots/bootstrap_visibility_462.pdf
463,352.215502,2026-07-14 04:08:17.033253,,,/home2/ihernand/Desktop/reach/results/26-07-10_i500/bootstrap_diagnostics_run_000/bootstrap_463_ldd_inputs.csv,1,84,16,1,87,87,0,22,87,2026-07-14 04:02:24.817751,OK,/home2/ihernand/Desktop/reach/results/26-07-10_i500/bootstrap_diagnostics_run_000/bootstrap_463_traceback.txt,/home2/ihernand/Desktop/reach/results/26-07-10_i500/bootstrap_diagnostics_run_000/bootstrap_463_log.txt,/home2/ihernand/Desktop/reach/results/26-07-10_i500/bootstrap_diagnostics_run_000/visibility_plots/bootstrap_visibility_463_summary.csv,/home2/ihernand/Desktop/reach/results/26-07-10_i500/bootstrap_diagnostics_run_000/visibility_plots/bootstrap_visibility_463.pdf
464,350.532373,2026-07-14 04:14:07.565842,,,/home2/ihernand/Desktop/reach/results/26-07-10_i500/bootstrap_diagnostics_run_000/bootstrap_464_ldd_inputs.csv,1,84,16,1,87,87,0,22,87,2026-07-14 04:08:17.033469,OK,/home2/ihernand/Desktop/reach/results/26-07-10_i500/bootstrap_diagnostics_run_000/bootstrap_464_traceback.txt,/home2/ihernand/Desktop/reach/results/26-07-10_i500/bootstrap_diagnostics_run_000/bootstrap_464_log.txt,/home2/ihernand/Desktop/reach/results/26-07-10_i500/bootstrap_diagnostics_run_000/visibility_plots/bootstrap_visibility_464_summary.csv,/home2/ihernand/Desktop/reach/results/26-07-10_i500/bootstrap_diagnostics_run_000/visibility_plots/bootstrap_visibility_464.pdf
465,351.99108,2026-07-14 04:19:59.557153,,,/home2/ihernand/Desktop/reach/results/26-07-10_i500/bootstrap_diagnostics_run_000/bootstrap_465_ldd_inputs.csv,1,84,16,1,87,87,0,22,87,2026-07-14 04:14:07.566073,OK,/home2/ihernand/Desktop/reach/results/26-07-10_i500/bootstrap_diagnostics_run_000/bootstrap_465_traceback.txt,/home2/ihernand/Desktop/reach/results/26-07-10_i500/bootstrap_diagnostics_run_000/bootstrap_465_log.txt,/home2/ihernand/Desktop/reach/results/26-07-10_i500/bootstrap_diagnostics_run_000/visibility_plots/bootstrap_visibility_465_summary.csv,/home2/ihernand/Desktop/reach/results/26-07-10_i500/bootstrap_diagnostics_run_000/visibility_plots/bootstrap_visibility_465.pdf
466,352.620348,2026-07-14 04:25:52.177750,,,/home2/ihernand/Desktop/reach/results/26-07-10_i500/bootstrap_diagnostics_run_000/bootstrap_466_ldd_inputs.csv,1,84,16,1,87,87,0,22,87,2026-07-14 04:19:59.557402,OK,/home2/ihernand/Desktop/reach/results/26-07-10_i500/bootstrap_diagnostics_run_000/bootstrap_466_traceback.txt,/home2/ihernand/Desktop/reach/results/26-07-10_i500/bootstrap_diagnostics_run_000/bootstrap_466_log.txt,/home2/ihernand/Desktop/reach/results/26-07-10_i500/bootstrap_diagnostics_run_000/visibility_plots/bootstrap_visibility_466_summary.csv,/home2/ihernand/Desktop/reach/results/26-07-10_i500/bootstrap_diagnostics_run_000/visibility_plots/bootstrap_visibility_466.pdf
467,352.562867,2026-07-14 04:31:44.740828,,,/home2/ihernand/Desktop/reach/results/26-07-10_i500/bootstrap_diagnostics_run_000/bootstrap_467_ldd_inputs.csv,1,84,16,1,87,87,0,22,87,2026-07-14 04:25:52.177961,OK,/home2/ihernand/Desktop/reach/results/26-07-10_i500/bootstrap_diagnostics_run_000/bootstrap_467_traceback.txt,/home2/ihernand/Desktop/reach/results/26-07-10_i500/bootstrap_diagnostics_run_000/bootstrap_467_log.txt,/home2/ihernand/Desktop/reach/results/26-07-10_i500/bootstrap_diagnostics_run_000/visibility_plots/bootstrap_visibility_467_summary.csv,/home2/ihernand/Desktop/reach/results/26-07-10_i500/bootstrap_diagnostics_run_000/visibility_plots/bootstrap_visibility_467.pdf
468,353.343213,2026-07-14 04:37:38.084267,,,/home2/ihernand/Desktop/reach/results/26-07-10_i500/bootstrap_diagnostics_run_000/bootstrap_468_ldd_inputs.csv,1,84,16,1,87,87,0,22,87,2026-07-14 04:31:44.741054,OK,/home2/ihernand/Desktop/reach/results/26-07-10_i500/bootstrap_diagnostics_run_000/bootstrap_468_traceback.txt,/home2/ihernand/Desktop/reach/results/26-07-10_i500/bootstrap_diagnostics_run_000/bootstrap_468_log.txt,/home2/ihernand/Desktop/reach/results/26-07-10_i500/bootstrap_diagnostics_run_000/visibility_plots/bootstrap_visibility_468_summary.csv,/home2/ihernand/Desktop/reach/results/26-07-10_i500/bootstrap_diagnostics_run_000/visibility_plots/bootstrap_visibility_468.pdf
469,352.353552,2026-07-14 04:43:30.438043,,,/home2/ihernand/Desktop/reach/results/26-07-10_i500/bootstrap_diagnostics_run_000/bootstrap_469_ldd_inputs.csv,1,84,16,1,87,87,0,22,87,2026-07-14 04:37:38.084491,OK,/home2/ihernand/Desktop/reach/results/26-07-10_i500/bootstrap_diagnostics_run_000/bootstrap_469_traceback.txt,/home2/ihernand/Desktop/reach/results/26-07-10_i500/bootstrap_diagnostics_run_000/bootstrap_469_log.txt,/home2/ihernand/Desktop/reach/results/26-07-10_i500/bootstrap_diagnostics_run_000/visibility_plots/bootstrap_visibility_469_summary.csv,/home2/ihernand/Desktop/reach/results/26-07-10_i500/bootstrap_diagnostics_run_000/visibility_plots/bootstrap_visibility_469.pdf
470,352.18852,2026-07-14 04:49:22.626775,,,/home2/ihernand/Desktop/reach/results/26-07-10_i500/bootstrap_diagnostics_run_000/bootstrap_470_ldd_inputs.csv,1,84,16,1,87,87,0,22,87,2026-07-14 04:43:30.438255,OK,/home2/ihernand/Desktop/reach/results/26-07-10_i500/bootstrap_diagnostics_run_000/bootstrap_470_traceback.txt,/home2/ihernand/Desktop/reach/results/26-07-10_i500/bootstrap_diagnostics_run_000/bootstrap_470_log.txt,/home2/ihernand/Desktop/reach/results/26-07-10_i500/bootstrap_diagnostics_run_000/visibility_plots/bootstrap_visibility_470_summary.csv,/home2/ihernand/Desktop/reach/results/26-07-10_i500/bootstrap_diagnostics_run_000/visibility_plots/bootstrap_visibility_470.pdf
471,353.146351,2026-07-14 04:55:15.773320,,,/home2/ihernand/Desktop/reach/results/26-07-10_i500/bootstrap_diagnostics_run_000/bootstrap_471_ldd_inputs.csv,1,84,16,1,87,87,0,22,87,2026-07-14 04:49:22.626969,OK,/home2/ihernand/Desktop/reach/results/26-07-10_i500/bootstrap_diagnostics_run_000/bootstrap_471_traceback.txt,/home2/ihernand/Desktop/reach/results/26-07-10_i500/bootstrap_diagnostics_run_000/bootstrap_471_log.txt,/home2/ihernand/Desktop/reach/results/26-07-10_i500/bootstrap_diagnostics_run_000/visibility_plots/bootstrap_visibility_471_summary.csv,/home2/ihernand/Desktop/reach/results/26-07-10_i500/bootstrap_diagnostics_run_000/visibility_plots/bootstrap_visibility_471.pdf
472,352.431895,2026-07-14 05:01:08.205432,,,/home2/ihernand/Desktop/reach/results/26-07-10_i500/bootstrap_diagnostics_run_000/bootstrap_472_ldd_inputs.csv,1,84,16,1,87,87,0,22,87,2026-07-14 04:55:15.773537,OK,/home2/ihernand/Desktop/reach/results/26-07-10_i500/bootstrap_diagnostics_run_000/bootstrap_472_traceback.txt,/home2/ihernand/Desktop/reach/results/26-07-10_i500/bootstrap_diagnostics_run_000/bootstrap_472_log.txt,/home2/ihernand/Desktop/reach/results/26-07-10_i500/bootstrap_diagnostics_run_000/visibility_plots/bootstrap_visibility_472_summary.csv,/home2/ihernand/Desktop/reach/results/26-07-10_i500/bootstrap_diagnostics_run_000/visibility_plots/bootstrap_visibility_472.pdf
473,350.6086,2026-07-14 05:06:58.814240,,,/home2/ihernand/Desktop/reach/results/26-07-10_i500/bootstrap_diagnostics_run_000/bootstrap_473_ldd_inputs.csv,1,84,16,1,87,87,0,22,87,2026-07-14 05:01:08.205640,OK,/home2/ihernand/Desktop/reach/results/26-07-10_i500/bootstrap_diagnostics_run_000/bootstrap_473_traceback.txt,/home2/ihernand/Desktop/reach/results/26-07-10_i500/bootstrap_diagnostics_run_000/bootstrap_473_log.txt,/home2/ihernand/Desktop/reach/results/26-07-10_i500/bootstrap_diagnostics_run_000/visibility_plots/bootstrap_visibility_473_summary.csv,/home2/ihernand/Desktop/reach/results/26-07-10_i500/bootstrap_diagnostics_run_000/visibility_plots/bootstrap_visibility_473.pdf
474,352.432619,2026-07-14 05:12:51.247058,,,/home2/ihernand/Desktop/reach/results/26-07-10_i500/bootstrap_diagnostics_run_000/bootstrap_474_ldd_inputs.csv,1,84,16,1,87,87,0,22,87,2026-07-14 05:06:58.814439,OK,/home2/ihernand/Desktop/reach/results/26-07-10_i500/bootstrap_diagnostics_run_000/bootstrap_474_traceback.txt,/home2/ihernand/Desktop/reach/results/26-07-10_i500/bootstrap_diagnostics_run_000/bootstrap_474_log.txt,/home2/ihernand/Desktop/reach/results/26-07-10_i500/bootstrap_diagnostics_run_000/visibility_plots/bootstrap_visibility_474_summary.csv,/home2/ihernand/Desktop/reach/results/26-07-10_i500/bootstrap_diagnostics_run_000/visibility_plots/bootstrap_visibility_474.pdf
475,351.65485,2026-07-14 05:18:42.902117,,,/home2/ihernand/Desktop/reach/results/26-07-10_i500/bootstrap_diagnostics_run_000/bootstrap_475_ldd_inputs.csv,1,84,16,1,87,87,0,22,87,2026-07-14 05:12:51.247267,OK,/home2/ihernand/Desktop/reach/results/26-07-10_i500/bootstrap_diagnostics_run_000/bootstrap_475_traceback.txt,/home2/ihernand/Desktop/reach/results/26-07-10_i500/bootstrap_diagnostics_run_000/bootstrap_475_log.txt,/home2/ihernand/Desktop/reach/results/26-07-10_i500/bootstrap_diagnostics_run_000/visibility_plots/bootstrap_visibility_475_summary.csv,/home2/ihernand/Desktop/reach/results/26-07-10_i500/bootstrap_diagnostics_run_000/visibility_plots/bootstrap_visibility_475.pdf
476,350.05027,2026-07-14 05:24:32.952595,,,/home2/ihernand/Desktop/reach/results/26-07-10_i500/bootstrap_diagnostics_run_000/bootstrap_476_ldd_inputs.csv,1,84,16,1,87,87,0,22,87,2026-07-14 05:18:42.902325,OK,/home2/ihernand/Desktop/reach/results/26-07-10_i500/bootstrap_diagnostics_run_000/bootstrap_476_traceback.txt,/home2/ihernand/Desktop/reach/results/26-07-10_i500/bootstrap_diagnostics_run_000/bootstrap_476_log.txt,/home2/ihernand/Desktop/reach/results/26-07-10_i500/bootstrap_diagnostics_run_000/visibility_plots/bootstrap_visibility_476_summary.csv,/home2/ihernand/Desktop/reach/results/26-07-10_i500/bootstrap_diagnostics_run_000/visibility_plots/bootstrap_visibility_476.pdf
477,352.251495,2026-07-14 05:30:25.204308,,,/home2/ihernand/Desktop/reach/results/26-07-10_i500/bootstrap_diagnostics_run_000/bootstrap_477_ldd_inputs.csv,1,84,16,1,87,87,0,22,87,2026-07-14 05:24:32.952813,OK,/home2/ihernand/Desktop/reach/results/26-07-10_i500/bootstrap_diagnostics_run_000/bootstrap_477_traceback.txt,/home2/ihernand/Desktop/reach/results/26-07-10_i500/bootstrap_diagnostics_run_000/bootstrap_477_log.txt,/home2/ihernand/Desktop/reach/results/26-07-10_i500/bootstrap_diagnostics_run_000/visibility_plots/bootstrap_visibility_477_summary.csv,/home2/ihernand/Desktop/reach/results/26-07-10_i500/bootstrap_diagnostics_run_000/visibility_plots/bootstrap_visibility_477.pdf
478,351.665028,2026-07-14 05:36:16.869605,,,/home2/ihernand/Desktop/reach/results/26-07-10_i500/bootstrap_diagnostics_run_000/bootstrap_478_ldd_inputs.csv,1,84,16,1,87,87,0,22,87,2026-07-14 05:30:25.204577,OK,/home2/ihernand/Desktop/reach/results/26-07-10_i500/bootstrap_diagnostics_run_000/bootstrap_478_traceback.txt,/home2/ihernand/Desktop/reach/results/26-07-10_i500/bootstrap_diagnostics_run_000/bootstrap_478_log.txt,/home2/ihernand/Desktop/reach/results/26-07-10_i500/bootstrap_diagnostics_run_000/visibility_plots/bootstrap_visibility_478_summary.csv,/home2/ihernand/Desktop/reach/results/26-07-10_i500/bootstrap_diagnostics_run_000/visibility_plots/bootstrap_visibility_478.pdf
479,351.982715,2026-07-14 05:42:08.852545,,,/home2/ihernand/Desktop/reach/results/26-07-10_i500/bootstrap_diagnostics_run_000/bootstrap_479_ldd_inputs.csv,1,84,16,1,87,87,0,22,87,2026-07-14 05:36:16.869830,OK,/home2/ihernand/Desktop/reach/results/26-07-10_i500/bootstrap_diagnostics_run_000/bootstrap_479_traceback.txt,/home2/ihernand/Desktop/reach/results/26-07-10_i500/bootstrap_diagnostics_run_000/bootstrap_479_log.txt,/home2/ihernand/Desktop/reach/results/26-07-10_i500/bootstrap_diagnostics_run_000/visibility_plots/bootstrap_visibility_479_summary.csv,/home2/ihernand/Desktop/reach/results/26-07-10_i500/bootstrap_diagnostics_run_000/visibility_plots/bootstrap_visibility_479.pdf
480,351.909312,2026-07-14 05:48:00.762064,,,/home2/ihernand/Desktop/reach/results/26-07-10_i500/bootstrap_diagnostics_run_000/bootstrap_480_ldd_inputs.csv,1,84,16,1,87,87,0,22,87,2026-07-14 05:42:08.852752,OK,/home2/ihernand/Desktop/reach/results/26-07-10_i500/bootstrap_diagnostics_run_000/bootstrap_480_traceback.txt,/home2/ihernand/Desktop/reach/results/26-07-10_i500/bootstrap_diagnostics_run_000/bootstrap_480_log.txt,/home2/ihernand/Desktop/reach/results/26-07-10_i500/bootstrap_diagnostics_run_000/visibility_plots/bootstrap_visibility_480_summary.csv,/home2/ihernand/Desktop/reach/results/26-07-10_i500/bootstrap_diagnostics_run_000/visibility_plots/bootstrap_visibility_480.pdf
481,352.569433,2026-07-14 05:53:53.331690,,,/home2/ihernand/Desktop/reach/results/26-07-10_i500/bootstrap_diagnostics_run_000/bootstrap_481_ldd_inputs.csv,1,84,16,1,87,87,0,22,87,2026-07-14 05:48:00.762257,OK,/home2/ihernand/Desktop/reach/results/26-07-10_i500/bootstrap_diagnostics_run_000/bootstrap_481_traceback.txt,/home2/ihernand/Desktop/reach/results/26-07-10_i500/bootstrap_diagnostics_run_000/bootstrap_481_log.txt,/home2/ihernand/Desktop/reach/results/26-07-10_i500/bootstrap_diagnostics_run_000/visibility_plots/bootstrap_visibility_481_summary.csv,/home2/ihernand/Desktop/reach/results/26-07-10_i500/bootstrap_diagnostics_run_000/visibility_plots/bootstrap_visibility_481.pdf
482,352.199211,2026-07-14 05:59:45.531096,,,/home2/ihernand/Desktop/reach/results/26-07-10_i500/bootstrap_diagnostics_run_000/bootstrap_482_ldd_inputs.csv,1,84,16,1,87,87,0,22,87,2026-07-14 05:53:53.331885,OK,/home2/ihernand/Desktop/reach/results/26-07-10_i500/bootstrap_diagnostics_run_000/bootstrap_482_traceback.txt,/home2/ihernand/Desktop/reach/results/26-07-10_i500/bootstrap_diagnostics_run_000/bootstrap_482_log.txt,/home2/ihernand/Desktop/reach/results/26-07-10_i500/bootstrap_diagnostics_run_000/visibility_plots/bootstrap_visibility_482_summary.csv,/home2/ihernand/Desktop/reach/results/26-07-10_i500/bootstrap_diagnostics_run_000/visibility_plots/bootstrap_visibility_482.pdf
483,351.828521,2026-07-14 06:05:37.359811,,,/home2/ihernand/Desktop/reach/results/26-07-10_i500/bootstrap_diagnostics_run_000/bootstrap_483_ldd_inputs.csv,1,84,16,1,87,87,0,22,87,2026-07-14 05:59:45.531290,OK,/home2/ihernand/Desktop/reach/results/26-07-10_i500/bootstrap_diagnostics_run_000/bootstrap_483_traceback.txt,/home2/ihernand/Desktop/reach/results/26-07-10_i500/bootstrap_diagnostics_run_000/bootstrap_483_log.txt,/home2/ihernand/Desktop/reach/results/26-07-10_i500/bootstrap_diagnostics_run_000/visibility_plots/bootstrap_visibility_483_summary.csv,/home2/ihernand/Desktop/reach/results/26-07-10_i500/bootstrap_diagnostics_run_000/visibility_plots/bootstrap_visibility_483.pdf
484,352.165185,2026-07-14 06:11:29.525235,,,/home2/ihernand/Desktop/reach/results/26-07-10_i500/bootstrap_diagnostics_run_000/bootstrap_484_ldd_inputs.csv,1,84,16,1,87,87,0,22,87,2026-07-14 06:05:37.360050,OK,/home2/ihernand/Desktop/reach/results/26-07-10_i500/bootstrap_diagnostics_run_000/bootstrap_484_traceback.txt,/home2/ihernand/Desktop/reach/results/26-07-10_i500/bootstrap_diagnostics_run_000/bootstrap_484_log.txt,/home2/ihernand/Desktop/reach/results/26-07-10_i500/bootstrap_diagnostics_run_000/visibility_plots/bootstrap_visibility_484_summary.csv,/home2/ihernand/Desktop/reach/results/26-07-10_i500/bootstrap_diagnostics_run_000/visibility_plots/bootstrap_visibility_484.pdf
485,352.21532,2026-07-14 06:17:21.740751,,,/home2/ihernand/Desktop/reach/results/26-07-10_i500/bootstrap_diagnostics_run_000/bootstrap_485_ldd_inputs.csv,1,84,16,1,87,87,0,22,87,2026-07-14 06:11:29.525431,OK,/home2/ihernand/Desktop/reach/results/26-07-10_i500/bootstrap_diagnostics_run_000/bootstrap_485_traceback.txt,/home2/ihernand/Desktop/reach/results/26-07-10_i500/bootstrap_diagnostics_run_000/bootstrap_485_log.txt,/home2/ihernand/Desktop/reach/results/26-07-10_i500/bootstrap_diagnostics_run_000/visibility_plots/bootstrap_visibility_485_summary.csv,/home2/ihernand/Desktop/reach/results/26-07-10_i500/bootstrap_diagnostics_run_000/visibility_plots/bootstrap_visibility_485.pdf
486,351.155264,2026-07-14 06:23:12.896205,,,/home2/ihernand/Desktop/reach/results/26-07-10_i500/bootstrap_diagnostics_run_000/bootstrap_486_ldd_inputs.csv,1,84,16,1,87,87,0,22,87,2026-07-14 06:17:21.740941,OK,/home2/ihernand/Desktop/reach/results/26-07-10_i500/bootstrap_diagnostics_run_000/bootstrap_486_traceback.txt,/home2/ihernand/Desktop/reach/results/26-07-10_i500/bootstrap_diagnostics_run_000/bootstrap_486_log.txt,/home2/ihernand/Desktop/reach/results/26-07-10_i500/bootstrap_diagnostics_run_000/visibility_plots/bootstrap_visibility_486_summary.csv,/home2/ihernand/Desktop/reach/results/26-07-10_i500/bootstrap_diagnostics_run_000/visibility_plots/bootstrap_visibility_486.pdf
487,352.481992,2026-07-14 06:29:05.378415,,,/home2/ihernand/Desktop/reach/results/26-07-10_i500/bootstrap_diagnostics_run_000/bootstrap_487_ldd_inputs.csv,1,84,16,1,87,87,0,22,87,2026-07-14 06:23:12.896423,OK,/home2/ihernand/Desktop/reach/results/26-07-10_i500/bootstrap_diagnostics_run_000/bootstrap_487_traceback.txt,/home2/ihernand/Desktop/reach/results/26-07-10_i500/bootstrap_diagnostics_run_000/bootstrap_487_log.txt,/home2/ihernand/Desktop/reach/results/26-07-10_i500/bootstrap_diagnostics_run_000/visibility_plots/bootstrap_visibility_487_summary.csv,/home2/ihernand/Desktop/reach/results/26-07-10_i500/bootstrap_diagnostics_run_000/visibility_plots/bootstrap_visibility_487.pdf
488,352.643387,2026-07-14 06:34:58.022033,,,/home2/ihernand/Desktop/reach/results/26-07-10_i500/bootstrap_diagnostics_run_000/bootstrap_488_ldd_inputs.csv,1,84,16,1,87,87,0,22,87,2026-07-14 06:29:05.378646,OK,/home2/ihernand/Desktop/reach/results/26-07-10_i500/bootstrap_diagnostics_run_000/bootstrap_488_traceback.txt,/home2/ihernand/Desktop/reach/results/26-07-10_i500/bootstrap_diagnostics_run_000/bootstrap_488_log.txt,/home2/ihernand/Desktop/reach/results/26-07-10_i500/bootstrap_diagnostics_run_000/visibility_plots/bootstrap_visibility_488_summary.csv,/home2/ihernand/Desktop/reach/results/26-07-10_i500/bootstrap_diagnostics_run_000/visibility_plots/bootstrap_visibility_488.pdf
489,351.434761,2026-07-14 06:40:49.457029,,,/home2/ihernand/Desktop/reach/results/26-07-10_i500/bootstrap_diagnostics_run_000/bootstrap_489_ldd_inputs.csv,1,84,16,1,87,87,0,22,87,2026-07-14 06:34:58.022268,OK,/home2/ihernand/Desktop/reach/results/26-07-10_i500/bootstrap_diagnostics_run_000/bootstrap_489_traceback.txt,/home2/ihernand/Desktop/reach/results/26-07-10_i500/bootstrap_diagnostics_run_000/bootstrap_489_log.txt,/home2/ihernand/Desktop/reach/results/26-07-10_i500/bootstrap_diagnostics_run_000/visibility_plots/bootstrap_visibility_489_summary.csv,/home2/ihernand/Desktop/reach/results/26-07-10_i500/bootstrap_diagnostics_run_000/visibility_plots/bootstrap_visibility_489.pdf
490,351.496968,2026-07-14 06:46:40.954228,,,/home2/ihernand/Desktop/reach/results/26-07-10_i500/bootstrap_diagnostics_run_000/bootstrap_490_ldd_inputs.csv,1,84,16,1,87,87,0,22,87,2026-07-14 06:40:49.457260,OK,/home2/ihernand/Desktop/reach/results/26-07-10_i500/bootstrap_diagnostics_run_000/bootstrap_490_traceback.txt,/home2/ihernand/Desktop/reach/results/26-07-10_i500/bootstrap_diagnostics_run_000/bootstrap_490_log.txt,/home2/ihernand/Desktop/reach/results/26-07-10_i500/bootstrap_diagnostics_run_000/visibility_plots/bootstrap_visibility_490_summary.csv,/home2/ihernand/Desktop/reach/results/26-07-10_i500/bootstrap_diagnostics_run_000/visibility_plots/bootstrap_visibility_490.pdf
491,351.229202,2026-07-14 06:52:32.183634,,,/home2/ihernand/Desktop/reach/results/26-07-10_i500/bootstrap_diagnostics_run_000/bootstrap_491_ldd_inputs.csv,1,84,16,1,87,87,0,22,87,2026-07-14 06:46:40.954432,OK,/home2/ihernand/Desktop/reach/results/26-07-10_i500/bootstrap_diagnostics_run_000/bootstrap_491_traceback.txt,/home2/ihernand/Desktop/reach/results/26-07-10_i500/bootstrap_diagnostics_run_000/bootstrap_491_log.txt,/home2/ihernand/Desktop/reach/results/26-07-10_i500/bootstrap_diagnostics_run_000/visibility_plots/bootstrap_visibility_491_summary.csv,/home2/ihernand/Desktop/reach/results/26-07-10_i500/bootstrap_diagnostics_run_000/visibility_plots/bootstrap_visibility_491.pdf
492,369.543489,2026-07-14 06:58:41.727355,,,/home2/ihernand/Desktop/reach/results/26-07-10_i500/bootstrap_diagnostics_run_000/bootstrap_492_ldd_inputs.csv,1,84,16,1,87,87,0,22,87,2026-07-14 06:52:32.183866,OK,/home2/ihernand/Desktop/reach/results/26-07-10_i500/bootstrap_diagnostics_run_000/bootstrap_492_traceback.txt,/home2/ihernand/Desktop/reach/results/26-07-10_i500/bootstrap_diagnostics_run_000/bootstrap_492_log.txt,/home2/ihernand/Desktop/reach/results/26-07-10_i500/bootstrap_diagnostics_run_000/visibility_plots/bootstrap_visibility_492_summary.csv,/home2/ihernand/Desktop/reach/results/26-07-10_i500/bootstrap_diagnostics_run_000/visibility_plots/bootstrap_visibility_492.pdf
493,351.031525,2026-07-14 07:04:32.759139,,,/home2/ihernand/Desktop/reach/results/26-07-10_i500/bootstrap_diagnostics_run_000/bootstrap_493_ldd_inputs.csv,1,84,16,1,87,87,0,22,87,2026-07-14 06:58:41.727614,OK,/home2/ihernand/Desktop/reach/results/26-07-10_i500/bootstrap_diagnostics_run_000/bootstrap_493_traceback.txt,/home2/ihernand/Desktop/reach/results/26-07-10_i500/bootstrap_diagnostics_run_000/bootstrap_493_log.txt,/home2/ihernand/Desktop/reach/results/26-07-10_i500/bootstrap_diagnostics_run_000/visibility_plots/bootstrap_visibility_493_summary.csv,/home2/ihernand/Desktop/reach/results/26-07-10_i500/bootstrap_diagnostics_run_000/visibility_plots/bootstrap_visibility_493.pdf
494,351.502589,2026-07-14 07:10:24.261973,,,/home2/ihernand/Desktop/reach/results/26-07-10_i500/bootstrap_diagnostics_run_000/bootstrap_494_ldd_inputs.csv,1,84,16,1,87,87,0,22,87,2026-07-14 07:04:32.759384,OK,/home2/ihernand/Desktop/reach/results/26-07-10_i500/bootstrap_diagnostics_run_000/bootstrap_494_traceback.txt,/home2/ihernand/Desktop/reach/results/26-07-10_i500/bootstrap_diagnostics_run_000/bootstrap_494_log.txt,/home2/ihernand/Desktop/reach/results/26-07-10_i500/bootstrap_diagnostics_run_000/visibility_plots/bootstrap_visibility_494_summary.csv,/home2/ihernand/Desktop/reach/results/26-07-10_i500/bootstrap_diagnostics_run_000/visibility_plots/bootstrap_visibility_494.pdf
495,351.02612,2026-07-14 07:16:15.288323,,,/home2/ihernand/Desktop/reach/results/26-07-10_i500/bootstrap_diagnostics_run_000/bootstrap_495_ldd_inputs.csv,1,84,16,1,87,87,0,22,87,2026-07-14 07:10:24.262203,OK,/home2/ihernand/Desktop/reach/results/26-07-10_i500/bootstrap_diagnostics_run_000/bootstrap_495_traceback.txt,/home2/ihernand/Desktop/reach/results/26-07-10_i500/bootstrap_diagnostics_run_000/bootstrap_495_log.txt,/home2/ihernand/Desktop/reach/results/26-07-10_i500/bootstrap_diagnostics_run_000/visibility_plots/bootstrap_visibility_495_summary.csv,/home2/ihernand/Desktop/reach/results/26-07-10_i500/bootstrap_diagnostics_run_000/visibility_plots/bootstrap_visibility_495.pdf
496,351.285405,2026-07-14 07:22:06.573959,,,/home2/ihernand/Desktop/reach/results/26-07-10_i500/bootstrap_diagnostics_run_000/bootstrap_496_ldd_inputs.csv,1,84,16,1,87,87,0,22,87,2026-07-14 07:16:15.288554,OK,/home2/ihernand/Desktop/reach/results/26-07-10_i500/bootstrap_diagnostics_run_000/bootstrap_496_traceback.txt,/home2/ihernand/Desktop/reach/results/26-07-10_i500/bootstrap_diagnostics_run_000/bootstrap_496_log.txt,/home2/ihernand/Desktop/reach/results/26-07-10_i500/bootstrap_diagnostics_run_000/visibility_plots/bootstrap_visibility_496_summary.csv,/home2/ihernand/Desktop/reach/results/26-07-10_i500/bootstrap_diagnostics_run_000/visibility_plots/bootstrap_visibility_496.pdf
497,351.702599,2026-07-14 07:27:58.276791,,,/home2/ihernand/Desktop/reach/results/26-07-10_i500/bootstrap_diagnostics_run_000/bootstrap_497_ldd_inputs.csv,1,84,16,1,87,87,0,22,87,2026-07-14 07:22:06.574192,OK,/home2/ihernand/Desktop/reach/results/26-07-10_i500/bootstrap_diagnostics_run_000/bootstrap_497_traceback.txt,/home2/ihernand/Desktop/reach/results/26-07-10_i500/bootstrap_diagnostics_run_000/bootstrap_497_log.txt,/home2/ihernand/Desktop/reach/results/26-07-10_i500/bootstrap_diagnostics_run_000/visibility_plots/bootstrap_visibility_497_summary.csv,/home2/ihernand/Desktop/reach/results/26-07-10_i500/bootstrap_diagnostics_run_000/visibility_plots/bootstrap_visibility_497.pdf
498,352.105026,2026-07-14 07:33:50.382029,,,/home2/ihernand/Desktop/reach/results/26-07-10_i500/bootstrap_diagnostics_run_000/bootstrap_498_ldd_inputs.csv,1,84,16,1,87,87,0,22,87,2026-07-14 07:27:58.277003,OK,/home2/ihernand/Desktop/reach/results/26-07-10_i500/bootstrap_diagnostics_run_000/bootstrap_498_traceback.txt,/home2/ihernand/Desktop/reach/results/26-07-10_i500/bootstrap_diagnostics_run_000/bootstrap_498_log.txt,/home2/ihernand/Desktop/reach/results/26-07-10_i500/bootstrap_diagnostics_run_000/visibility_plots/bootstrap_visibility_498_summary.csv,/home2/ihernand/Desktop/reach/results/26-07-10_i500/bootstrap_diagnostics_run_000/visibility_plots/bootstrap_visibility_498.pdf
499,352.33693,2026-07-14 07:39:42.719188,,,/home2/ihernand/Desktop/reach/results/26-07-10_i500/bootstrap_diagnostics_run_000/bootstrap_499_ldd_inputs.csv,1,84,16,1,87,87,0,22,87,2026-07-14 07:33:50.382258,OK,/home2/ihernand/Desktop/reach/results/26-07-10_i500/bootstrap_diagnostics_run_000/bootstrap_499_traceback.txt,/home2/ihernand/Desktop/reach/results/26-07-10_i500/bootstrap_diagnostics_run_000/bootstrap_499_log.txt,/home2/ihernand/Desktop/reach/results/26-07-10_i500/bootstrap_diagnostics_run_000/visibility_plots/bootstrap_visibility_499_summary.csv,/home2/ihernand/Desktop/reach/results/26-07-10_i500/bootstrap_diagnostics_run_000/visibility_plots/bootstrap_visibility_499.pdf
